run_id,build,seed,sample,round,phase,position,part,label,dataset,n,calls,elapsed_ns,cpu_before,cpu_after,result,expected,output_ok
36,clang-scalar,20260917,0,0,warmup,0,small,sum_one,uniform,12,87381,386007,11,11,18208879310165819389,18208879310165819389,1
36,clang-scalar,20260917,1,0,warmup,1,branch,sum_if,p1000,65536,1,21315,11,11,4485739283943968327,4485739283943968327,1
36,clang-scalar,20260917,2,0,warmup,2,branch,filter_copy_mask,p750,65536,1,31916,11,11,49152,49152,1
36,clang-scalar,20260917,3,0,warmup,3,dependency,sum_four,uniform,65536,64,1151869,11,11,1190735372877940864,1190735372877940864,1
36,clang-scalar,20260917,4,0,warmup,4,branch,filter_copy,p100,65536,1,110783,11,11,6554,6554,1
36,clang-scalar,20260917,5,0,warmup,5,small,sum_one,uniform,128,8192,245146,11,11,17503531059042279424,17503531059042279424,1
36,clang-scalar,20260917,6,0,warmup,6,small,sum_one,uniform,96,10922,222766,11,11,1966801938065649448,1966801938065649448,1
36,clang-scalar,20260917,7,0,warmup,7,branch,sum_if,p000,65536,1,21040,11,11,0,0,1
36,clang-scalar,20260917,8,0,warmup,8,branch,filter_copy,p500_sorted,65536,1,23859,11,11,32768,32768,1
36,clang-scalar,20260917,9,0,warmup,9,dependency,sum_one,uniform,65536,64,1764982,11,11,1190735372877940864,1190735372877940864,1
36,clang-scalar,20260917,10,0,warmup,10,small,sum_one,uniform,16,65536,283362,11,11,1403062601089810432,1403062601089810432,1
36,clang-scalar,20260917,11,0,warmup,11,branch,filter_copy_mask,p1000,65536,1,34836,11,11,65536,65536,1
36,clang-scalar,20260917,12,0,warmup,12,branch,sum_if,p250,65536,1,20304,11,11,75766260937212688,75766260937212688,1
36,clang-scalar,20260917,13,0,warmup,13,dependency,split_xor_mul,uniform,65536,64,1732739,11,11,8310383708453772032,8310383708453772032,1
36,clang-scalar,20260917,14,0,warmup,14,small,sum_one,uniform,384,2730,373693,11,11,5767785928059657782,5767785928059657782,1
36,clang-scalar,20260917,15,0,warmup,15,small,sum_one,uniform,1,1048576,2197620,11,11,8452580083670974464,8452580083670974464,1
36,clang-scalar,20260917,16,0,warmup,16,small,sum_one,uniform,4,262144,1103877,11,11,6027757896494481408,6027757896494481408,1
36,clang-scalar,20260917,17,0,warmup,17,small,sum_one,uniform,8,131072,383260,11,11,11724155215337095168,11724155215337095168,1
36,clang-scalar,20260917,18,0,warmup,18,branch,sum_if,p750,65536,1,21062,11,11,14586442889165806448,14586442889165806448,1
36,clang-scalar,20260917,19,0,warmup,19,branch,filter_copy_mask,p100,65536,1,29301,11,11,6554,6554,1
36,clang-scalar,20260917,20,0,warmup,20,branch,filter_copy,p750,65536,1,193985,11,11,49152,49152,1
36,clang-scalar,20260917,21,0,warmup,21,dependency,chain_xor_mul,uniform,65536,64,7074092,11,11,5299772668389481216,5299772668389481216,1
36,clang-scalar,20260917,22,0,warmup,22,branch,filter_copy,p1000,65536,1,25058,11,11,65536,65536,1
36,clang-scalar,20260917,23,0,warmup,23,branch,filter_copy_mask,p000,65536,1,27062,11,11,0,0,1
36,clang-scalar,20260917,24,0,warmup,24,branch,sum_if,p900,65536,1,21080,11,11,1957202038211152021,1957202038211152021,1
36,clang-scalar,20260917,25,0,warmup,25,small,sum_one,uniform,512,2048,414184,11,11,6127788314265579520,6127788314265579520,1
36,clang-scalar,20260917,26,0,warmup,26,small,sum_one,uniform,2,524288,1518562,11,11,14489530702789345280,14489530702789345280,1
36,clang-scalar,20260917,27,0,warmup,27,branch,filter_copy,p500,65536,1,341726,11,11,32768,32768,1
36,clang-scalar,20260917,28,0,warmup,28,branch,sum_if,p500_sorted,65536,1,24769,11,11,2213941836433581612,2213941836433581612,1
36,clang-scalar,20260917,29,0,warmup,29,branch,filter_copy_mask,p500_sorted,65536,1,36019,11,11,32768,32768,1
36,clang-scalar,20260917,30,0,warmup,30,branch,filter_copy,p250,65536,1,219970,11,11,16384,16384,1
36,clang-scalar,20260917,31,0,warmup,31,branch,filter_copy_mask,p500,65536,1,29002,11,11,32768,32768,1
36,clang-scalar,20260917,32,0,warmup,32,branch,filter_copy,p000,65536,1,20739,11,11,0,0,1
36,clang-scalar,20260917,33,0,warmup,33,small,sum_one,uniform,32,32768,220856,11,11,4730905112462327808,4730905112462327808,1
36,clang-scalar,20260917,34,0,warmup,34,branch,filter_copy_mask,p900,65536,1,27941,11,11,58982,58982,1
36,clang-scalar,20260917,35,0,warmup,35,small,sum_one,uniform,64,16384,201799,11,11,14815439244071927808,14815439244071927808,1
36,clang-scalar,20260917,36,0,warmup,36,dependency,sum_twice,uniform,65536,64,3609899,11,11,2381470745755881728,2381470745755881728,1
36,clang-scalar,20260917,37,0,warmup,37,small,sum_one,uniform,192,5461,469029,11,11,17901819518249685373,17901819518249685373,1
36,clang-scalar,20260917,38,0,warmup,38,small,sum_one,uniform,1024,1024,414294,11,11,6113767114656410624,6113767114656410624,1
36,clang-scalar,20260917,39,0,warmup,39,branch,sum_if,p500_alternating,65536,1,22050,11,11,4196774058536912234,4196774058536912234,1
36,clang-scalar,20260917,40,0,warmup,40,small,sum_one,uniform,48,21845,207627,11,11,18173204259618227916,18173204259618227916,1
36,clang-scalar,20260917,41,0,warmup,41,small,sum_one,uniform,768,1365,405780,11,11,6760326044614544011,6760326044614544011,1
36,clang-scalar,20260917,42,0,warmup,42,branch,sum_if,p500,65536,1,21193,11,11,261284744287062128,261284744287062128,1
36,clang-scalar,20260917,43,0,warmup,43,small,sum_one,uniform,6,174762,994224,11,11,4529353940760067638,4529353940760067638,1
36,clang-scalar,20260917,44,0,warmup,44,small,sum_one,uniform,24,43690,252297,11,11,5019437447312423050,5019437447312423050,1
36,clang-scalar,20260917,45,0,warmup,45,branch,filter_copy,p900,65536,1,99883,11,11,58982,58982,1
36,clang-scalar,20260917,46,0,warmup,46,branch,filter_copy_mask,p250,65536,1,32154,11,11,16384,16384,1
36,clang-scalar,20260917,47,0,warmup,47,branch,filter_copy_mask,p500_alternating,65536,1,28144,11,11,32768,32768,1
36,clang-scalar,20260917,48,0,warmup,48,small,sum_one,uniform,3,349525,1548410,11,11,9690214761957071044,9690214761957071044,1
36,clang-scalar,20260917,49,0,warmup,49,small,sum_one,uniform,256,4096,326294,11,11,12471836693395644416,12471836693395644416,1
36,clang-scalar,20260917,50,0,warmup,50,branch,filter_copy,p500_alternating,65536,1,20952,11,11,32768,32768,1
36,clang-scalar,20260917,51,0,warmup,51,branch,sum_if,p100,65536,1,21104,11,11,3083979731501324985,3083979731501324985,1
36,clang-scalar,20260917,52,0,warmup,52,dependency,sum_one_bis,uniform,65536,64,1757722,11,11,1190735372877940864,1190735372877940864,1
36,clang-scalar,20260917,53,1,measure,0,branch,sum_if,p1000,65536,1,20291,11,11,4485739283943968327,4485739283943968327,1
36,clang-scalar,20260917,54,1,measure,1,dependency,sum_twice,uniform,65536,64,3492153,11,11,2381470745755881728,2381470745755881728,1
36,clang-scalar,20260917,55,1,measure,2,small,sum_one,uniform,24,43690,241746,11,11,5019437447312423050,5019437447312423050,1
36,clang-scalar,20260917,56,1,measure,3,small,sum_one,uniform,64,16384,198542,11,11,14815439244071927808,14815439244071927808,1
36,clang-scalar,20260917,57,1,measure,4,branch,filter_copy,p900,65536,1,93998,11,11,58982,58982,1
36,clang-scalar,20260917,58,1,measure,5,dependency,sum_one,uniform,65536,64,1753151,11,11,1190735372877940864,1190735372877940864,1
36,clang-scalar,20260917,59,1,measure,6,branch,sum_if,p500_sorted,65536,1,21182,11,11,2213941836433581612,2213941836433581612,1
36,clang-scalar,20260917,60,1,measure,7,branch,filter_copy_mask,p250,65536,1,29127,11,11,16384,16384,1
36,clang-scalar,20260917,61,1,measure,8,small,sum_one,uniform,192,5461,285525,11,11,17901819518249685373,17901819518249685373,1
36,clang-scalar,20260917,62,1,measure,9,branch,filter_copy_mask,p900,65536,1,28074,11,11,58982,58982,1
36,clang-scalar,20260917,63,1,measure,10,branch,filter_copy,p500_sorted,65536,1,23058,11,11,32768,32768,1
36,clang-scalar,20260917,64,1,measure,11,small,sum_one,uniform,16,65536,279831,11,11,1403062601089810432,1403062601089810432,1
36,clang-scalar,20260917,65,1,measure,12,branch,filter_copy_mask,p1000,65536,1,29363,11,11,65536,65536,1
36,clang-scalar,20260917,66,1,measure,13,branch,filter_copy,p1000,65536,1,25218,11,11,65536,65536,1
36,clang-scalar,20260917,67,1,measure,14,branch,filter_copy,p250,65536,1,212302,11,11,16384,16384,1
36,clang-scalar,20260917,68,1,measure,15,small,sum_one,uniform,8,131072,386459,11,11,11724155215337095168,11724155215337095168,1
36,clang-scalar,20260917,69,1,measure,16,small,sum_one,uniform,6,174762,982529,11,11,4529353940760067638,4529353940760067638,1
36,clang-scalar,20260917,70,1,measure,17,dependency,sum_four,uniform,65536,64,1153787,11,11,1190735372877940864,1190735372877940864,1
36,clang-scalar,20260917,71,1,measure,18,small,sum_one,uniform,384,2730,374586,11,11,5767785928059657782,5767785928059657782,1
36,clang-scalar,20260917,72,1,measure,19,branch,sum_if,p250,65536,1,21152,11,11,75766260937212688,75766260937212688,1
36,clang-scalar,20260917,73,1,measure,20,small,sum_one,uniform,4,262144,1095943,11,11,6027757896494481408,6027757896494481408,1
36,clang-scalar,20260917,74,1,measure,21,small,sum_one,uniform,32,32768,219789,11,11,4730905112462327808,4730905112462327808,1
36,clang-scalar,20260917,75,1,measure,22,branch,sum_if,p500_alternating,65536,1,21190,11,11,4196774058536912234,4196774058536912234,1
36,clang-scalar,20260917,76,1,measure,23,small,sum_one,uniform,2,524288,1316519,11,11,14489530702789345280,14489530702789345280,1
36,clang-scalar,20260917,77,1,measure,24,small,sum_one,uniform,12,87381,395239,11,11,18208879310165819389,18208879310165819389,1
36,clang-scalar,20260917,78,1,measure,25,branch,sum_if,p900,65536,1,21220,11,11,1957202038211152021,1957202038211152021,1
36,clang-scalar,20260917,79,1,measure,26,branch,filter_copy_mask,p500_sorted,65536,1,28437,11,11,32768,32768,1
36,clang-scalar,20260917,80,1,measure,27,branch,filter_copy_mask,p750,65536,1,28867,11,11,49152,49152,1
36,clang-scalar,20260917,81,1,measure,28,branch,filter_copy_mask,p500,65536,1,28171,11,11,32768,32768,1
36,clang-scalar,20260917,82,1,measure,29,dependency,chain_xor_mul,uniform,65536,64,6918743,11,11,5299772668389481216,5299772668389481216,1
36,clang-scalar,20260917,83,1,measure,30,small,sum_one,uniform,1,1048576,2968560,11,11,8452580083670974464,8452580083670974464,1
36,clang-scalar,20260917,84,1,measure,31,small,sum_one,uniform,128,8192,231429,11,11,17503531059042279424,17503531059042279424,1
36,clang-scalar,20260917,85,1,measure,32,small,sum_one,uniform,1024,1024,397778,11,11,6113767114656410624,6113767114656410624,1
36,clang-scalar,20260917,86,1,measure,33,branch,filter_copy_mask,p000,65536,1,27073,11,11,0,0,1
36,clang-scalar,20260917,87,1,measure,34,small,sum_one,uniform,96,10922,214028,11,11,1966801938065649448,1966801938065649448,1
36,clang-scalar,20260917,88,1,measure,35,branch,filter_copy,p500_alternating,65536,1,20162,11,11,32768,32768,1
36,clang-scalar,20260917,89,1,measure,36,small,sum_one,uniform,48,21845,193712,11,11,18173204259618227916,18173204259618227916,1
36,clang-scalar,20260917,90,1,measure,37,dependency,sum_one_bis,uniform,65536,64,1688088,11,11,1190735372877940864,1190735372877940864,1
36,clang-scalar,20260917,91,1,measure,38,small,sum_one,uniform,256,4096,308398,11,11,12471836693395644416,12471836693395644416,1
36,clang-scalar,20260917,92,1,measure,39,branch,filter_copy,p500,65536,1,328409,11,11,32768,32768,1
36,clang-scalar,20260917,93,1,measure,40,branch,filter_copy,p100,65536,1,109388,11,11,6554,6554,1
36,clang-scalar,20260917,94,1,measure,41,branch,filter_copy_mask,p100,65536,1,28095,11,11,6554,6554,1
36,clang-scalar,20260917,95,1,measure,42,branch,filter_copy,p000,65536,1,19816,11,11,0,0,1
36,clang-scalar,20260917,96,1,measure,43,branch,filter_copy_mask,p500_alternating,65536,1,27316,11,11,32768,32768,1
36,clang-scalar,20260917,97,1,measure,44,branch,filter_copy,p750,65536,1,186092,11,11,49152,49152,1
36,clang-scalar,20260917,98,1,measure,45,branch,sum_if,p750,65536,1,20350,11,11,14586442889165806448,14586442889165806448,1
36,clang-scalar,20260917,99,1,measure,46,small,sum_one,uniform,768,1365,389912,11,11,6760326044614544011,6760326044614544011,1
36,clang-scalar,20260917,100,1,measure,47,small,sum_one,uniform,3,349525,1123873,11,11,9690214761957071044,9690214761957071044,1
36,clang-scalar,20260917,101,1,measure,48,branch,sum_if,p000,65536,1,20219,11,11,0,0,1
36,clang-scalar,20260917,102,1,measure,49,small,sum_one,uniform,512,2048,375994,11,11,6127788314265579520,6127788314265579520,1
36,clang-scalar,20260917,103,1,measure,50,branch,sum_if,p500,65536,1,20252,11,11,261284744287062128,261284744287062128,1
36,clang-scalar,20260917,104,1,measure,51,dependency,split_xor_mul,uniform,65536,64,1700786,11,11,8310383708453772032,8310383708453772032,1
36,clang-scalar,20260917,105,1,measure,52,branch,sum_if,p100,65536,1,20337,11,11,3083979731501324985,3083979731501324985,1
36,clang-scalar,20260917,106,2,measure,0,small,sum_one,uniform,12,87381,367822,11,11,18208879310165819389,18208879310165819389,1
36,clang-scalar,20260917,107,2,measure,1,branch,filter_copy_mask,p000,65536,1,27059,11,11,0,0,1
36,clang-scalar,20260917,108,2,measure,2,small,sum_one,uniform,192,5461,285761,11,11,17901819518249685373,17901819518249685373,1
36,clang-scalar,20260917,109,2,measure,3,branch,filter_copy_mask,p900,65536,1,31886,11,11,58982,58982,1
36,clang-scalar,20260917,110,2,measure,4,branch,sum_if,p100,65536,1,21217,11,11,3083979731501324985,3083979731501324985,1
36,clang-scalar,20260917,111,2,measure,5,small,sum_one,uniform,96,10922,222708,11,11,1966801938065649448,1966801938065649448,1
36,clang-scalar,20260917,112,2,measure,6,branch,filter_copy_mask,p1000,65536,1,29818,11,11,65536,65536,1
36,clang-scalar,20260917,113,2,measure,7,branch,sum_if,p500,65536,1,21190,11,11,261284744287062128,261284744287062128,1
36,clang-scalar,20260917,114,2,measure,8,small,sum_one,uniform,512,2048,391864,11,11,6127788314265579520,6127788314265579520,1
36,clang-scalar,20260917,115,2,measure,9,dependency,sum_twice,uniform,65536,64,3376726,11,11,2381470745755881728,2381470745755881728,1
36,clang-scalar,20260917,116,2,measure,10,small,sum_one,uniform,2,524288,1263402,11,11,14489530702789345280,14489530702789345280,1
36,clang-scalar,20260917,117,2,measure,11,dependency,chain_xor_mul,uniform,65536,64,6748229,11,11,5299772668389481216,5299772668389481216,1
36,clang-scalar,20260917,118,2,measure,12,branch,sum_if,p750,65536,1,20298,11,11,14586442889165806448,14586442889165806448,1
36,clang-scalar,20260917,119,2,measure,13,small,sum_one,uniform,64,16384,190579,11,11,14815439244071927808,14815439244071927808,1
36,clang-scalar,20260917,120,2,measure,14,small,sum_one,uniform,16,65536,265994,11,11,1403062601089810432,1403062601089810432,1
36,clang-scalar,20260917,121,2,measure,15,branch,filter_copy_mask,p500_alternating,65536,1,27093,11,11,32768,32768,1
36,clang-scalar,20260917,122,2,measure,16,dependency,sum_one_bis,uniform,65536,64,1684412,11,11,1190735372877940864,1190735372877940864,1
36,clang-scalar,20260917,123,2,measure,17,branch,sum_if,p000,65536,1,20222,11,11,0,0,1
36,clang-scalar,20260917,124,2,measure,18,branch,filter_copy,p500_alternating,65536,1,20220,11,11,32768,32768,1
36,clang-scalar,20260917,125,2,measure,19,small,sum_one,uniform,384,2730,359414,11,11,5767785928059657782,5767785928059657782,1
36,clang-scalar,20260917,126,2,measure,20,branch,filter_copy_mask,p750,65536,1,26499,11,11,49152,49152,1
36,clang-scalar,20260917,127,2,measure,21,branch,sum_if,p500_alternating,65536,1,20293,11,11,4196774058536912234,4196774058536912234,1
36,clang-scalar,20260917,128,2,measure,22,branch,filter_copy,p750,65536,1,191048,11,11,49152,49152,1
36,clang-scalar,20260917,129,2,measure,23,branch,filter_copy,p250,65536,1,199457,11,11,16384,16384,1
36,clang-scalar,20260917,130,2,measure,24,branch,filter_copy,p500_sorted,65536,1,22148,11,11,32768,32768,1
36,clang-scalar,20260917,131,2,measure,25,branch,filter_copy_mask,p250,65536,1,27893,11,11,16384,16384,1
36,clang-scalar,20260917,132,2,measure,26,small,sum_one,uniform,48,21845,192495,11,11,18173204259618227916,18173204259618227916,1
36,clang-scalar,20260917,133,2,measure,27,branch,filter_copy,p900,65536,1,96846,11,11,58982,58982,1
36,clang-scalar,20260917,134,2,measure,28,small,sum_one,uniform,32,32768,208952,11,11,4730905112462327808,4730905112462327808,1
36,clang-scalar,20260917,135,2,measure,29,branch,filter_copy,p1000,65536,1,24449,11,11,65536,65536,1
36,clang-scalar,20260917,136,2,measure,30,small,sum_one,uniform,24,43690,244362,11,11,5019437447312423050,5019437447312423050,1
36,clang-scalar,20260917,137,2,measure,31,dependency,split_xor_mul,uniform,65536,64,1686800,11,11,8310383708453772032,8310383708453772032,1
36,clang-scalar,20260917,138,2,measure,32,branch,filter_copy_mask,p100,65536,1,28303,11,11,6554,6554,1
36,clang-scalar,20260917,139,2,measure,33,small,sum_one,uniform,4,262144,1033159,11,11,6027757896494481408,6027757896494481408,1
36,clang-scalar,20260917,140,2,measure,34,small,sum_one,uniform,1,1048576,2291514,11,11,8452580083670974464,8452580083670974464,1
36,clang-scalar,20260917,141,2,measure,35,small,sum_one,uniform,128,8192,231387,11,11,17503531059042279424,17503531059042279424,1
36,clang-scalar,20260917,142,2,measure,36,small,sum_one,uniform,3,349525,1325346,11,11,9690214761957071044,9690214761957071044,1
36,clang-scalar,20260917,143,2,measure,37,branch,filter_copy,p500,65536,1,326589,11,11,32768,32768,1
36,clang-scalar,20260917,144,2,measure,38,dependency,sum_four,uniform,65536,64,1111732,11,11,1190735372877940864,1190735372877940864,1
36,clang-scalar,20260917,145,2,measure,39,branch,sum_if,p500_sorted,65536,1,20405,11,11,2213941836433581612,2213941836433581612,1
36,clang-scalar,20260917,146,2,measure,40,small,sum_one,uniform,8,131072,367844,11,11,11724155215337095168,11724155215337095168,1
36,clang-scalar,20260917,147,2,measure,41,branch,sum_if,p900,65536,1,20332,11,11,1957202038211152021,1957202038211152021,1
36,clang-scalar,20260917,148,2,measure,42,small,sum_one,uniform,256,4096,308630,11,11,12471836693395644416,12471836693395644416,1
36,clang-scalar,20260917,149,2,measure,43,branch,filter_copy,p100,65536,1,108970,11,11,6554,6554,1
36,clang-scalar,20260917,150,2,measure,44,branch,sum_if,p1000,65536,1,20319,11,11,4485739283943968327,4485739283943968327,1
36,clang-scalar,20260917,151,2,measure,45,dependency,sum_one,uniform,65536,64,1686222,11,11,1190735372877940864,1190735372877940864,1
36,clang-scalar,20260917,152,2,measure,46,branch,sum_if,p250,65536,1,20292,11,11,75766260937212688,75766260937212688,1
36,clang-scalar,20260917,153,2,measure,47,branch,filter_copy_mask,p500,65536,1,28183,11,11,32768,32768,1
36,clang-scalar,20260917,154,2,measure,48,small,sum_one,uniform,6,174762,810711,11,11,4529353940760067638,4529353940760067638,1
36,clang-scalar,20260917,155,2,measure,49,small,sum_one,uniform,768,1365,391972,11,11,6760326044614544011,6760326044614544011,1
36,clang-scalar,20260917,156,2,measure,50,branch,filter_copy,p000,65536,1,19810,11,11,0,0,1
36,clang-scalar,20260917,157,2,measure,51,branch,filter_copy_mask,p500_sorted,65536,1,26911,11,11,32768,32768,1
36,clang-scalar,20260917,158,2,measure,52,small,sum_one,uniform,1024,1024,400708,11,11,6113767114656410624,6113767114656410624,1
36,clang-scalar,20260917,159,3,measure,0,dependency,sum_one_bis,uniform,65536,64,1692806,11,11,1190735372877940864,1190735372877940864,1
36,clang-scalar,20260917,160,3,measure,1,branch,filter_copy_mask,p000,65536,1,27029,11,11,0,0,1
36,clang-scalar,20260917,161,3,measure,2,branch,filter_copy,p000,65536,1,19790,11,11,0,0,1
36,clang-scalar,20260917,162,3,measure,3,dependency,chain_xor_mul,uniform,65536,64,6779678,11,11,5299772668389481216,5299772668389481216,1
36,clang-scalar,20260917,163,3,measure,4,dependency,sum_one,uniform,65536,64,1685290,11,11,1190735372877940864,1190735372877940864,1
36,clang-scalar,20260917,164,3,measure,5,small,sum_one,uniform,512,2048,375376,11,11,6127788314265579520,6127788314265579520,1
36,clang-scalar,20260917,165,3,measure,6,branch,sum_if,p900,65536,1,20317,11,11,1957202038211152021,1957202038211152021,1
36,clang-scalar,20260917,166,3,measure,7,small,sum_one,uniform,192,5461,278579,11,11,17901819518249685373,17901819518249685373,1
36,clang-scalar,20260917,167,3,measure,8,small,sum_one,uniform,2,524288,1488825,11,11,14489530702789345280,14489530702789345280,1
36,clang-scalar,20260917,168,3,measure,9,branch,filter_copy_mask,p500_alternating,65536,1,27230,11,11,32768,32768,1
36,clang-scalar,20260917,169,3,measure,10,small,sum_one,uniform,768,1365,392449,11,11,6760326044614544011,6760326044614544011,1
36,clang-scalar,20260917,170,3,measure,11,small,sum_one,uniform,8,131072,367827,11,11,11724155215337095168,11724155215337095168,1
36,clang-scalar,20260917,171,3,measure,12,small,sum_one,uniform,32,32768,212038,11,11,4730905112462327808,4730905112462327808,1
36,clang-scalar,20260917,172,3,measure,13,branch,filter_copy_mask,p500_sorted,65536,1,26612,11,11,32768,32768,1
36,clang-scalar,20260917,173,3,measure,14,small,sum_one,uniform,4,262144,1037249,11,11,6027757896494481408,6027757896494481408,1
36,clang-scalar,20260917,174,3,measure,15,branch,filter_copy_mask,p100,65536,1,27947,11,11,6554,6554,1
36,clang-scalar,20260917,175,3,measure,16,branch,filter_copy,p250,65536,1,199583,11,11,16384,16384,1
36,clang-scalar,20260917,176,3,measure,17,small,sum_one,uniform,96,10922,215073,11,11,1966801938065649448,1966801938065649448,1
36,clang-scalar,20260917,177,3,measure,18,branch,sum_if,p100,65536,1,20342,11,11,3083979731501324985,3083979731501324985,1
36,clang-scalar,20260917,178,3,measure,19,small,sum_one,uniform,1024,1024,397672,11,11,6113767114656410624,6113767114656410624,1
36,clang-scalar,20260917,179,3,measure,20,branch,filter_copy,p500,65536,1,327922,11,11,32768,32768,1
36,clang-scalar,20260917,180,3,measure,21,branch,sum_if,p000,65536,1,20332,11,11,0,0,1
36,clang-scalar,20260917,181,3,measure,22,branch,filter_copy_mask,p500,65536,1,27086,11,11,32768,32768,1
36,clang-scalar,20260917,182,3,measure,23,branch,sum_if,p1000,65536,1,20285,11,11,4485739283943968327,4485739283943968327,1
36,clang-scalar,20260917,183,3,measure,24,branch,filter_copy_mask,p1000,65536,1,27423,11,11,65536,65536,1
36,clang-scalar,20260917,184,3,measure,25,branch,sum_if,p500,65536,1,20295,11,11,261284744287062128,261284744287062128,1
36,clang-scalar,20260917,185,3,measure,26,small,sum_one,uniform,48,21845,198046,11,11,18173204259618227916,18173204259618227916,1
36,clang-scalar,20260917,186,3,measure,27,dependency,split_xor_mul,uniform,65536,64,1689721,11,11,8310383708453772032,8310383708453772032,1
36,clang-scalar,20260917,187,3,measure,28,branch,filter_copy,p750,65536,1,193157,11,11,49152,49152,1
36,clang-scalar,20260917,188,3,measure,29,branch,sum_if,p500_sorted,65536,1,20387,11,11,2213941836433581612,2213941836433581612,1
36,clang-scalar,20260917,189,3,measure,30,small,sum_one,uniform,384,2730,359693,11,11,5767785928059657782,5767785928059657782,1
36,clang-scalar,20260917,190,3,measure,31,branch,filter_copy,p500_alternating,65536,1,20032,11,11,32768,32768,1
36,clang-scalar,20260917,191,3,measure,32,branch,filter_copy,p900,65536,1,94175,11,11,58982,58982,1
36,clang-scalar,20260917,192,3,measure,33,small,sum_one,uniform,1,1048576,2246958,11,11,8452580083670974464,8452580083670974464,1
36,clang-scalar,20260917,193,3,measure,34,branch,filter_copy,p500_sorted,65536,1,22114,11,11,32768,32768,1
36,clang-scalar,20260917,194,3,measure,35,small,sum_one,uniform,256,4096,332162,11,11,12471836693395644416,12471836693395644416,1
36,clang-scalar,20260917,195,3,measure,36,small,sum_one,uniform,128,8192,237171,11,11,17503531059042279424,17503531059042279424,1
36,clang-scalar,20260917,196,3,measure,37,branch,sum_if,p250,65536,1,20423,11,11,75766260937212688,75766260937212688,1
36,clang-scalar,20260917,197,3,measure,38,small,sum_one,uniform,12,87381,461733,11,11,18208879310165819389,18208879310165819389,1
36,clang-scalar,20260917,198,3,measure,39,small,sum_one,uniform,64,16384,200155,11,11,14815439244071927808,14815439244071927808,1
36,clang-scalar,20260917,199,3,measure,40,small,sum_one,uniform,3,349525,1123019,11,11,9690214761957071044,9690214761957071044,1
36,clang-scalar,20260917,200,3,measure,41,small,sum_one,uniform,16,65536,257741,11,11,1403062601089810432,1403062601089810432,1
36,clang-scalar,20260917,201,3,measure,42,branch,filter_copy,p100,65536,1,108694,11,11,6554,6554,1
36,clang-scalar,20260917,202,3,measure,43,branch,filter_copy_mask,p750,65536,1,27091,11,11,49152,49152,1
36,clang-scalar,20260917,203,3,measure,44,branch,sum_if,p500_alternating,65536,1,20340,11,11,4196774058536912234,4196774058536912234,1
36,clang-scalar,20260917,204,3,measure,45,dependency,sum_four,uniform,65536,64,1112193,11,11,1190735372877940864,1190735372877940864,1
36,clang-scalar,20260917,205,3,measure,46,branch,filter_copy_mask,p250,65536,1,27919,11,11,16384,16384,1
36,clang-scalar,20260917,206,3,measure,47,branch,filter_copy,p1000,65536,1,24963,11,11,65536,65536,1
36,clang-scalar,20260917,207,3,measure,48,branch,sum_if,p750,65536,1,20229,11,11,14586442889165806448,14586442889165806448,1
36,clang-scalar,20260917,208,3,measure,49,small,sum_one,uniform,6,174762,927936,11,11,4529353940760067638,4529353940760067638,1
36,clang-scalar,20260917,209,3,measure,50,small,sum_one,uniform,24,43690,232369,11,11,5019437447312423050,5019437447312423050,1
36,clang-scalar,20260917,210,3,measure,51,branch,filter_copy_mask,p900,65536,1,26700,11,11,58982,58982,1
36,clang-scalar,20260917,211,3,measure,52,dependency,sum_twice,uniform,65536,64,3369106,11,11,2381470745755881728,2381470745755881728,1
36,clang-scalar,20260917,212,4,measure,0,branch,filter_copy,p900,65536,1,94993,11,11,58982,58982,1
36,clang-scalar,20260917,213,4,measure,1,branch,sum_if,p900,65536,1,20221,11,11,1957202038211152021,1957202038211152021,1
36,clang-scalar,20260917,214,4,measure,2,branch,filter_copy,p000,65536,1,19843,11,11,0,0,1
36,clang-scalar,20260917,215,4,measure,3,branch,filter_copy,p1000,65536,1,24595,11,11,65536,65536,1
36,clang-scalar,20260917,216,4,measure,4,small,sum_one,uniform,64,16384,261305,11,11,14815439244071927808,14815439244071927808,1
36,clang-scalar,20260917,217,4,measure,5,dependency,sum_one_bis,uniform,65536,64,1709568,11,11,1190735372877940864,1190735372877940864,1
36,clang-scalar,20260917,218,4,measure,6,small,sum_one,uniform,6,174762,864993,11,11,4529353940760067638,4529353940760067638,1
36,clang-scalar,20260917,219,4,measure,7,branch,sum_if,p250,65536,1,20245,11,11,75766260937212688,75766260937212688,1
36,clang-scalar,20260917,220,4,measure,8,branch,sum_if,p1000,65536,1,74028,11,11,4485739283943968327,4485739283943968327,1
36,clang-scalar,20260917,221,4,measure,9,branch,filter_copy,p750,65536,1,200163,11,11,49152,49152,1
36,clang-scalar,20260917,222,4,measure,10,small,sum_one,uniform,2,524288,1476453,11,11,14489530702789345280,14489530702789345280,1
36,clang-scalar,20260917,223,4,measure,11,branch,filter_copy,p500_sorted,65536,1,22124,11,11,32768,32768,1
36,clang-scalar,20260917,224,4,measure,12,small,sum_one,uniform,256,4096,319549,11,11,12471836693395644416,12471836693395644416,1
36,clang-scalar,20260917,225,4,measure,13,branch,filter_copy,p100,65536,1,108858,11,11,6554,6554,1
36,clang-scalar,20260917,226,4,measure,14,small,sum_one,uniform,512,2048,380724,11,11,6127788314265579520,6127788314265579520,1
36,clang-scalar,20260917,227,4,measure,15,branch,sum_if,p750,65536,1,20281,11,11,14586442889165806448,14586442889165806448,1
36,clang-scalar,20260917,228,4,measure,16,branch,filter_copy_mask,p100,65536,1,27853,11,11,6554,6554,1
36,clang-scalar,20260917,229,4,measure,17,dependency,sum_one,uniform,65536,64,1687917,11,11,1190735372877940864,1190735372877940864,1
36,clang-scalar,20260917,230,4,measure,18,dependency,sum_four,uniform,65536,64,1113596,11,11,1190735372877940864,1190735372877940864,1
36,clang-scalar,20260917,231,4,measure,19,branch,sum_if,p500,65536,1,20179,11,11,261284744287062128,261284744287062128,1
36,clang-scalar,20260917,232,4,measure,20,small,sum_one,uniform,96,10922,213896,11,11,1966801938065649448,1966801938065649448,1
36,clang-scalar,20260917,233,4,measure,21,branch,filter_copy_mask,p500,65536,1,26976,11,11,32768,32768,1
36,clang-scalar,20260917,234,4,measure,22,branch,filter_copy_mask,p1000,65536,1,27034,11,11,65536,65536,1
36,clang-scalar,20260917,235,4,measure,23,small,sum_one,uniform,3,349525,1167418,11,11,9690214761957071044,9690214761957071044,1
36,clang-scalar,20260917,236,4,measure,24,small,sum_one,uniform,12,87381,369980,11,11,18208879310165819389,18208879310165819389,1
36,clang-scalar,20260917,237,4,measure,25,small,sum_one,uniform,32,32768,209497,11,11,4730905112462327808,4730905112462327808,1
36,clang-scalar,20260917,238,4,measure,26,dependency,split_xor_mul,uniform,65536,64,1691828,11,11,8310383708453772032,8310383708453772032,1
36,clang-scalar,20260917,239,4,measure,27,small,sum_one,uniform,192,5461,270114,11,11,17901819518249685373,17901819518249685373,1
36,clang-scalar,20260917,240,4,measure,28,branch,sum_if,p000,65536,1,20262,11,11,0,0,1
36,clang-scalar,20260917,241,4,measure,29,small,sum_one,uniform,1,1048576,2110358,11,11,8452580083670974464,8452580083670974464,1
36,clang-scalar,20260917,242,4,measure,30,small,sum_one,uniform,24,43690,234082,11,11,5019437447312423050,5019437447312423050,1
36,clang-scalar,20260917,243,4,measure,31,branch,filter_copy_mask,p250,65536,1,27647,11,11,16384,16384,1
36,clang-scalar,20260917,244,4,measure,32,small,sum_one,uniform,1024,1024,404507,11,11,6113767114656410624,6113767114656410624,1
36,clang-scalar,20260917,245,4,measure,33,branch,filter_copy_mask,p000,65536,1,27165,11,11,0,0,1
36,clang-scalar,20260917,246,4,measure,34,branch,filter_copy,p500_alternating,65536,1,20070,11,11,32768,32768,1
36,clang-scalar,20260917,247,4,measure,35,branch,filter_copy,p250,65536,1,198157,11,11,16384,16384,1
36,clang-scalar,20260917,248,4,measure,36,branch,sum_if,p500_alternating,65536,1,20343,11,11,4196774058536912234,4196774058536912234,1
36,clang-scalar,20260917,249,4,measure,37,small,sum_one,uniform,16,65536,264814,11,11,1403062601089810432,1403062601089810432,1
36,clang-scalar,20260917,250,4,measure,38,branch,filter_copy_mask,p900,65536,1,26980,11,11,58982,58982,1
36,clang-scalar,20260917,251,4,measure,39,branch,filter_copy_mask,p500_alternating,65536,1,27043,11,11,32768,32768,1
36,clang-scalar,20260917,252,4,measure,40,small,sum_one,uniform,8,131072,420355,11,11,11724155215337095168,11724155215337095168,1
36,clang-scalar,20260917,253,4,measure,41,branch,filter_copy,p500,65536,1,329143,11,11,32768,32768,1
36,clang-scalar,20260917,254,4,measure,42,small,sum_one,uniform,384,2730,370021,11,11,5767785928059657782,5767785928059657782,1
36,clang-scalar,20260917,255,4,measure,43,small,sum_one,uniform,768,1365,411576,11,11,6760326044614544011,6760326044614544011,1
36,clang-scalar,20260917,256,4,measure,44,branch,sum_if,p100,65536,1,20376,11,11,3083979731501324985,3083979731501324985,1
36,clang-scalar,20260917,257,4,measure,45,dependency,chain_xor_mul,uniform,65536,64,6768491,11,11,5299772668389481216,5299772668389481216,1
36,clang-scalar,20260917,258,4,measure,46,dependency,sum_twice,uniform,65536,64,3369025,11,11,2381470745755881728,2381470745755881728,1
36,clang-scalar,20260917,259,4,measure,47,branch,filter_copy_mask,p750,65536,1,27236,11,11,49152,49152,1
36,clang-scalar,20260917,260,4,measure,48,small,sum_one,uniform,48,21845,195318,11,11,18173204259618227916,18173204259618227916,1
36,clang-scalar,20260917,261,4,measure,49,branch,filter_copy_mask,p500_sorted,65536,1,26618,11,11,32768,32768,1
36,clang-scalar,20260917,262,4,measure,50,small,sum_one,uniform,4,262144,1005460,11,11,6027757896494481408,6027757896494481408,1
36,clang-scalar,20260917,263,4,measure,51,small,sum_one,uniform,128,8192,231363,11,11,17503531059042279424,17503531059042279424,1
36,clang-scalar,20260917,264,4,measure,52,branch,sum_if,p500_sorted,65536,1,20347,11,11,2213941836433581612,2213941836433581612,1
36,clang-scalar,20260917,265,5,measure,0,dependency,sum_twice,uniform,65536,64,3381001,11,11,2381470745755881728,2381470745755881728,1
36,clang-scalar,20260917,266,5,measure,1,branch,filter_copy,p500_alternating,65536,1,20103,11,11,32768,32768,1
36,clang-scalar,20260917,267,5,measure,2,branch,filter_copy,p750,65536,1,183348,11,11,49152,49152,1
36,clang-scalar,20260917,268,5,measure,3,dependency,split_xor_mul,uniform,65536,64,1695289,11,11,8310383708453772032,8310383708453772032,1
36,clang-scalar,20260917,269,5,measure,4,branch,filter_copy,p100,65536,1,111529,11,11,6554,6554,1
36,clang-scalar,20260917,270,5,measure,5,small,sum_one,uniform,1,1048576,2144125,11,11,8452580083670974464,8452580083670974464,1
36,clang-scalar,20260917,271,5,measure,6,branch,filter_copy,p500_sorted,65536,1,22641,11,11,32768,32768,1
36,clang-scalar,20260917,272,5,measure,7,branch,filter_copy,p1000,65536,1,25197,11,11,65536,65536,1
36,clang-scalar,20260917,273,5,measure,8,dependency,chain_xor_mul,uniform,65536,64,6741068,11,11,5299772668389481216,5299772668389481216,1
36,clang-scalar,20260917,274,5,measure,9,small,sum_one,uniform,48,21845,195260,11,11,18173204259618227916,18173204259618227916,1
36,clang-scalar,20260917,275,5,measure,10,small,sum_one,uniform,96,10922,213861,11,11,1966801938065649448,1966801938065649448,1
36,clang-scalar,20260917,276,5,measure,11,dependency,sum_one,uniform,65536,64,1693287,11,11,1190735372877940864,1190735372877940864,1
36,clang-scalar,20260917,277,5,measure,12,branch,filter_copy_mask,p1000,65536,1,26703,11,11,65536,65536,1
36,clang-scalar,20260917,278,5,measure,13,small,sum_one,uniform,768,1365,389386,11,11,6760326044614544011,6760326044614544011,1
36,clang-scalar,20260917,279,5,measure,14,small,sum_one,uniform,4,262144,1270500,11,11,6027757896494481408,6027757896494481408,1
36,clang-scalar,20260917,280,5,measure,15,small,sum_one,uniform,256,4096,307313,11,11,12471836693395644416,12471836693395644416,1
36,clang-scalar,20260917,281,5,measure,16,small,sum_one,uniform,3,349525,1410448,11,11,9690214761957071044,9690214761957071044,1
36,clang-scalar,20260917,282,5,measure,17,branch,filter_copy,p250,65536,1,205457,11,11,16384,16384,1
36,clang-scalar,20260917,283,5,measure,18,branch,sum_if,p500_sorted,65536,1,20653,11,11,2213941836433581612,2213941836433581612,1
36,clang-scalar,20260917,284,5,measure,19,branch,filter_copy_mask,p500,65536,1,27307,11,11,32768,32768,1
36,clang-scalar,20260917,285,5,measure,20,branch,filter_copy,p900,65536,1,95200,11,11,58982,58982,1
36,clang-scalar,20260917,286,5,measure,21,branch,filter_copy_mask,p250,65536,1,27873,11,11,16384,16384,1
36,clang-scalar,20260917,287,5,measure,22,branch,filter_copy,p000,65536,1,19836,11,11,0,0,1
36,clang-scalar,20260917,288,5,measure,23,branch,filter_copy,p500,65536,1,324142,11,11,32768,32768,1
36,clang-scalar,20260917,289,5,measure,24,branch,sum_if,p250,65536,1,20314,11,11,75766260937212688,75766260937212688,1
36,clang-scalar,20260917,290,5,measure,25,dependency,sum_four,uniform,65536,64,1104762,11,11,1190735372877940864,1190735372877940864,1
36,clang-scalar,20260917,291,5,measure,26,branch,sum_if,p500_alternating,65536,1,20379,11,11,4196774058536912234,4196774058536912234,1
36,clang-scalar,20260917,292,5,measure,27,branch,filter_copy_mask,p750,65536,1,26785,11,11,49152,49152,1
36,clang-scalar,20260917,293,5,measure,28,branch,filter_copy_mask,p100,65536,1,27985,11,11,6554,6554,1
36,clang-scalar,20260917,294,5,measure,29,branch,sum_if,p500,65536,1,20333,11,11,261284744287062128,261284744287062128,1
36,clang-scalar,20260917,295,5,measure,30,small,sum_one,uniform,64,16384,190542,11,11,14815439244071927808,14815439244071927808,1
36,clang-scalar,20260917,296,5,measure,31,branch,sum_if,p1000,65536,1,20348,11,11,4485739283943968327,4485739283943968327,1
36,clang-scalar,20260917,297,5,measure,32,branch,sum_if,p750,65536,1,25256,11,11,14586442889165806448,14586442889165806448,1
36,clang-scalar,20260917,298,5,measure,33,small,sum_one,uniform,1024,1024,398140,11,11,6113767114656410624,6113767114656410624,1
36,clang-scalar,20260917,299,5,measure,34,small,sum_one,uniform,6,174762,810396,11,11,4529353940760067638,4529353940760067638,1
36,clang-scalar,20260917,300,5,measure,35,branch,sum_if,p100,65536,1,20264,11,11,3083979731501324985,3083979731501324985,1
36,clang-scalar,20260917,301,5,measure,36,small,sum_one,uniform,384,2730,359955,11,11,5767785928059657782,5767785928059657782,1
36,clang-scalar,20260917,302,5,measure,37,small,sum_one,uniform,24,43690,245238,11,11,5019437447312423050,5019437447312423050,1
36,clang-scalar,20260917,303,5,measure,38,branch,sum_if,p000,65536,1,20292,11,11,0,0,1
36,clang-scalar,20260917,304,5,measure,39,branch,filter_copy_mask,p500_sorted,65536,1,30194,11,11,32768,32768,1
36,clang-scalar,20260917,305,5,measure,40,dependency,sum_one_bis,uniform,65536,64,1686993,11,11,1190735372877940864,1190735372877940864,1
36,clang-scalar,20260917,306,5,measure,41,small,sum_one,uniform,128,8192,231326,11,11,17503531059042279424,17503531059042279424,1
36,clang-scalar,20260917,307,5,measure,42,small,sum_one,uniform,16,65536,266044,11,11,1403062601089810432,1403062601089810432,1
36,clang-scalar,20260917,308,5,measure,43,branch,filter_copy_mask,p000,65536,1,27026,11,11,0,0,1
36,clang-scalar,20260917,309,5,measure,44,small,sum_one,uniform,8,131072,373182,11,11,11724155215337095168,11724155215337095168,1
36,clang-scalar,20260917,310,5,measure,45,small,sum_one,uniform,12,87381,370407,11,11,18208879310165819389,18208879310165819389,1
36,clang-scalar,20260917,311,5,measure,46,small,sum_one,uniform,192,5461,271590,11,11,17901819518249685373,17901819518249685373,1
36,clang-scalar,20260917,312,5,measure,47,branch,filter_copy_mask,p900,65536,1,27118,11,11,58982,58982,1
36,clang-scalar,20260917,313,5,measure,48,small,sum_one,uniform,32,32768,213018,11,11,4730905112462327808,4730905112462327808,1
36,clang-scalar,20260917,314,5,measure,49,branch,sum_if,p900,65536,1,20185,11,11,1957202038211152021,1957202038211152021,1
36,clang-scalar,20260917,315,5,measure,50,small,sum_one,uniform,2,524288,1321019,11,11,14489530702789345280,14489530702789345280,1
36,clang-scalar,20260917,316,5,measure,51,small,sum_one,uniform,512,2048,377091,11,11,6127788314265579520,6127788314265579520,1
36,clang-scalar,20260917,317,5,measure,52,branch,filter_copy_mask,p500_alternating,65536,1,27033,11,11,32768,32768,1
36,clang-scalar,20260917,318,6,measure,0,branch,filter_copy,p1000,65536,1,24666,11,11,65536,65536,1
36,clang-scalar,20260917,319,6,measure,1,small,sum_one,uniform,3,349525,1272030,11,11,9690214761957071044,9690214761957071044,1
36,clang-scalar,20260917,320,6,measure,2,branch,filter_copy,p500_alternating,65536,1,20061,11,11,32768,32768,1
36,clang-scalar,20260917,321,6,measure,3,small,sum_one,uniform,192,5461,270096,11,11,17901819518249685373,17901819518249685373,1
36,clang-scalar,20260917,322,6,measure,4,small,sum_one,uniform,12,87381,455364,11,11,18208879310165819389,18208879310165819389,1
36,clang-scalar,20260917,323,6,measure,5,dependency,sum_one,uniform,65536,64,1690051,11,11,1190735372877940864,1190735372877940864,1
36,clang-scalar,20260917,324,6,measure,6,branch,filter_copy_mask,p500_sorted,65536,1,26973,11,11,32768,32768,1
36,clang-scalar,20260917,325,6,measure,7,branch,filter_copy,p500_sorted,65536,1,22126,11,11,32768,32768,1
36,clang-scalar,20260917,326,6,measure,8,branch,sum_if,p100,65536,1,20310,11,11,3083979731501324985,3083979731501324985,1
36,clang-scalar,20260917,327,6,measure,9,branch,filter_copy,p900,65536,1,94643,11,11,58982,58982,1
36,clang-scalar,20260917,328,6,measure,10,small,sum_one,uniform,24,43690,232066,11,11,5019437447312423050,5019437447312423050,1
36,clang-scalar,20260917,329,6,measure,11,branch,sum_if,p750,65536,1,20477,11,11,14586442889165806448,14586442889165806448,1
36,clang-scalar,20260917,330,6,measure,12,branch,filter_copy_mask,p500_alternating,65536,1,27183,11,11,32768,32768,1
36,clang-scalar,20260917,331,6,measure,13,small,sum_one,uniform,384,2730,360513,11,11,5767785928059657782,5767785928059657782,1
36,clang-scalar,20260917,332,6,measure,14,small,sum_one,uniform,1024,1024,398395,11,11,6113767114656410624,6113767114656410624,1
36,clang-scalar,20260917,333,6,measure,15,branch,sum_if,p500_alternating,65536,1,20340,11,11,4196774058536912234,4196774058536912234,1
36,clang-scalar,20260917,334,6,measure,16,branch,filter_copy_mask,p750,65536,1,27634,11,11,49152,49152,1
36,clang-scalar,20260917,335,6,measure,17,small,sum_one,uniform,16,65536,288974,11,11,1403062601089810432,1403062601089810432,1
36,clang-scalar,20260917,336,6,measure,18,branch,filter_copy_mask,p250,65536,1,27894,11,11,16384,16384,1
36,clang-scalar,20260917,337,6,measure,19,small,sum_one,uniform,128,8192,231509,11,11,17503531059042279424,17503531059042279424,1
36,clang-scalar,20260917,338,6,measure,20,branch,filter_copy_mask,p100,65536,1,28090,11,11,6554,6554,1
36,clang-scalar,20260917,339,6,measure,21,branch,filter_copy_mask,p1000,65536,1,27199,11,11,65536,65536,1
36,clang-scalar,20260917,340,6,measure,22,small,sum_one,uniform,4,262144,1005502,11,11,6027757896494481408,6027757896494481408,1
36,clang-scalar,20260917,341,6,measure,23,small,sum_one,uniform,48,21845,192463,11,11,18173204259618227916,18173204259618227916,1
36,clang-scalar,20260917,342,6,measure,24,branch,sum_if,p500_sorted,65536,1,20417,11,11,2213941836433581612,2213941836433581612,1
36,clang-scalar,20260917,343,6,measure,25,small,sum_one,uniform,6,174762,812926,11,11,4529353940760067638,4529353940760067638,1
36,clang-scalar,20260917,344,6,measure,26,dependency,sum_twice,uniform,65536,64,3375085,11,11,2381470745755881728,2381470745755881728,1
36,clang-scalar,20260917,345,6,measure,27,small,sum_one,uniform,1,1048576,2111662,11,11,8452580083670974464,8452580083670974464,1
36,clang-scalar,20260917,346,6,measure,28,dependency,sum_four,uniform,65536,64,1112140,11,11,1190735372877940864,1190735372877940864,1
36,clang-scalar,20260917,347,6,measure,29,dependency,chain_xor_mul,uniform,65536,64,6737091,11,11,5299772668389481216,5299772668389481216,1
36,clang-scalar,20260917,348,6,measure,30,small,sum_one,uniform,512,2048,374534,11,11,6127788314265579520,6127788314265579520,1
36,clang-scalar,20260917,349,6,measure,31,dependency,split_xor_mul,uniform,65536,64,1696089,11,11,8310383708453772032,8310383708453772032,1
36,clang-scalar,20260917,350,6,measure,32,small,sum_one,uniform,768,1365,389908,11,11,6760326044614544011,6760326044614544011,1
36,clang-scalar,20260917,351,6,measure,33,branch,sum_if,p250,65536,1,20279,11,11,75766260937212688,75766260937212688,1
36,clang-scalar,20260917,352,6,measure,34,branch,filter_copy_mask,p000,65536,1,26929,11,11,0,0,1
36,clang-scalar,20260917,353,6,measure,35,small,sum_one,uniform,96,10922,213720,11,11,1966801938065649448,1966801938065649448,1
36,clang-scalar,20260917,354,6,measure,36,branch,filter_copy,p000,65536,1,19792,11,11,0,0,1
36,clang-scalar,20260917,355,6,measure,37,branch,sum_if,p900,65536,1,20362,11,11,1957202038211152021,1957202038211152021,1
36,clang-scalar,20260917,356,6,measure,38,branch,filter_copy,p750,65536,1,188139,11,11,49152,49152,1
36,clang-scalar,20260917,357,6,measure,39,small,sum_one,uniform,8,131072,370586,11,11,11724155215337095168,11724155215337095168,1
36,clang-scalar,20260917,358,6,measure,40,branch,filter_copy,p500,65536,1,326110,11,11,32768,32768,1
36,clang-scalar,20260917,359,6,measure,41,branch,sum_if,p000,65536,1,20375,11,11,0,0,1
36,clang-scalar,20260917,360,6,measure,42,branch,sum_if,p1000,65536,1,20364,11,11,4485739283943968327,4485739283943968327,1
36,clang-scalar,20260917,361,6,measure,43,branch,filter_copy,p100,65536,1,107980,11,11,6554,6554,1
36,clang-scalar,20260917,362,6,measure,44,branch,filter_copy_mask,p900,65536,1,27045,11,11,58982,58982,1
36,clang-scalar,20260917,363,6,measure,45,small,sum_one,uniform,32,32768,213961,11,11,4730905112462327808,4730905112462327808,1
36,clang-scalar,20260917,364,6,measure,46,small,sum_one,uniform,64,16384,190461,11,11,14815439244071927808,14815439244071927808,1
36,clang-scalar,20260917,365,6,measure,47,dependency,sum_one_bis,uniform,65536,64,1685242,11,11,1190735372877940864,1190735372877940864,1
36,clang-scalar,20260917,366,6,measure,48,branch,filter_copy_mask,p500,65536,1,27583,11,11,32768,32768,1
36,clang-scalar,20260917,367,6,measure,49,small,sum_one,uniform,256,4096,307713,11,11,12471836693395644416,12471836693395644416,1
36,clang-scalar,20260917,368,6,measure,50,branch,sum_if,p500,65536,1,20360,11,11,261284744287062128,261284744287062128,1
36,clang-scalar,20260917,369,6,measure,51,small,sum_one,uniform,2,524288,1684044,11,11,14489530702789345280,14489530702789345280,1
36,clang-scalar,20260917,370,6,measure,52,branch,filter_copy,p250,65536,1,199440,11,11,16384,16384,1
36,clang-scalar,20260917,371,7,measure,0,small,sum_one,uniform,3,349525,1436894,11,11,9690214761957071044,9690214761957071044,1
36,clang-scalar,20260917,372,7,measure,1,branch,filter_copy_mask,p250,65536,1,29149,11,11,16384,16384,1
36,clang-scalar,20260917,373,7,measure,2,small,sum_one,uniform,512,2048,392733,11,11,6127788314265579520,6127788314265579520,1
36,clang-scalar,20260917,374,7,measure,3,branch,sum_if,p250,65536,1,20220,11,11,75766260937212688,75766260937212688,1
36,clang-scalar,20260917,375,7,measure,4,dependency,sum_twice,uniform,65536,64,3367769,11,11,2381470745755881728,2381470745755881728,1
36,clang-scalar,20260917,376,7,measure,5,small,sum_one,uniform,96,10922,216516,11,11,1966801938065649448,1966801938065649448,1
36,clang-scalar,20260917,377,7,measure,6,branch,sum_if,p500,65536,1,20367,11,11,261284744287062128,261284744287062128,1
36,clang-scalar,20260917,378,7,measure,7,branch,filter_copy_mask,p1000,65536,1,27213,11,11,65536,65536,1
36,clang-scalar,20260917,379,7,measure,8,branch,filter_copy,p750,65536,1,194241,11,11,49152,49152,1
36,clang-scalar,20260917,380,7,measure,9,small,sum_one,uniform,256,4096,307453,11,11,12471836693395644416,12471836693395644416,1
36,clang-scalar,20260917,381,7,measure,10,small,sum_one,uniform,768,1365,392466,11,11,6760326044614544011,6760326044614544011,1
36,clang-scalar,20260917,382,7,measure,11,branch,sum_if,p000,65536,1,20358,11,11,0,0,1
36,clang-scalar,20260917,383,7,measure,12,branch,filter_copy_mask,p000,65536,1,27004,11,11,0,0,1
36,clang-scalar,20260917,384,7,measure,13,small,sum_one,uniform,24,43690,247260,11,11,5019437447312423050,5019437447312423050,1
36,clang-scalar,20260917,385,7,measure,14,small,sum_one,uniform,192,5461,270110,11,11,17901819518249685373,17901819518249685373,1
36,clang-scalar,20260917,386,7,measure,15,small,sum_one,uniform,384,2730,359897,11,11,5767785928059657782,5767785928059657782,1
36,clang-scalar,20260917,387,7,measure,16,branch,filter_copy_mask,p500_sorted,65536,1,26838,11,11,32768,32768,1
36,clang-scalar,20260917,388,7,measure,17,branch,filter_copy,p500,65536,1,324662,11,11,32768,32768,1
36,clang-scalar,20260917,389,7,measure,18,branch,sum_if,p500_sorted,65536,1,20398,11,11,2213941836433581612,2213941836433581612,1
36,clang-scalar,20260917,390,7,measure,19,small,sum_one,uniform,4,262144,1260452,11,11,6027757896494481408,6027757896494481408,1
36,clang-scalar,20260917,391,7,measure,20,branch,sum_if,p500_alternating,65536,1,20449,11,11,4196774058536912234,4196774058536912234,1
36,clang-scalar,20260917,392,7,measure,21,branch,sum_if,p750,65536,1,20306,11,11,14586442889165806448,14586442889165806448,1
36,clang-scalar,20260917,393,7,measure,22,small,sum_one,uniform,128,8192,231406,11,11,17503531059042279424,17503531059042279424,1
36,clang-scalar,20260917,394,7,measure,23,small,sum_one,uniform,8,131072,375348,11,11,11724155215337095168,11724155215337095168,1
36,clang-scalar,20260917,395,7,measure,24,dependency,split_xor_mul,uniform,65536,64,1684017,11,11,8310383708453772032,8310383708453772032,1
36,clang-scalar,20260917,396,7,measure,25,branch,sum_if,p900,65536,1,20277,11,11,1957202038211152021,1957202038211152021,1
36,clang-scalar,20260917,397,7,measure,26,branch,filter_copy,p1000,65536,1,25700,11,11,65536,65536,1
36,clang-scalar,20260917,398,7,measure,27,small,sum_one,uniform,2,524288,1695982,11,11,14489530702789345280,14489530702789345280,1
36,clang-scalar,20260917,399,7,measure,28,branch,filter_copy_mask,p900,65536,1,27323,11,11,58982,58982,1
36,clang-scalar,20260917,400,7,measure,29,small,sum_one,uniform,64,16384,190564,11,11,14815439244071927808,14815439244071927808,1
36,clang-scalar,20260917,401,7,measure,30,dependency,chain_xor_mul,uniform,65536,64,6738705,11,11,5299772668389481216,5299772668389481216,1
36,clang-scalar,20260917,402,7,measure,31,dependency,sum_four,uniform,65536,64,1137234,11,11,1190735372877940864,1190735372877940864,1
36,clang-scalar,20260917,403,7,measure,32,branch,filter_copy_mask,p500_alternating,65536,1,29010,11,11,32768,32768,1
36,clang-scalar,20260917,404,7,measure,33,small,sum_one,uniform,6,174762,1128903,11,11,4529353940760067638,4529353940760067638,1
36,clang-scalar,20260917,405,7,measure,34,dependency,sum_one,uniform,65536,64,1682851,11,11,1190735372877940864,1190735372877940864,1
36,clang-scalar,20260917,406,7,measure,35,branch,filter_copy,p500_alternating,65536,1,51455,11,11,32768,32768,1
36,clang-scalar,20260917,407,7,measure,36,small,sum_one,uniform,32,32768,211747,11,11,4730905112462327808,4730905112462327808,1
36,clang-scalar,20260917,408,7,measure,37,branch,sum_if,p100,65536,1,20340,11,11,3083979731501324985,3083979731501324985,1
36,clang-scalar,20260917,409,7,measure,38,branch,filter_copy,p000,65536,1,19796,11,11,0,0,1
36,clang-scalar,20260917,410,7,measure,39,branch,sum_if,p1000,65536,1,20254,11,11,4485739283943968327,4485739283943968327,1
36,clang-scalar,20260917,411,7,measure,40,small,sum_one,uniform,1024,1024,496583,11,11,6113767114656410624,6113767114656410624,1
36,clang-scalar,20260917,412,7,measure,41,small,sum_one,uniform,1,1048576,2874834,11,11,8452580083670974464,8452580083670974464,1
36,clang-scalar,20260917,413,7,measure,42,branch,filter_copy,p900,65536,1,101793,11,11,58982,58982,1
36,clang-scalar,20260917,414,7,measure,43,branch,filter_copy,p250,65536,1,201663,11,11,16384,16384,1
36,clang-scalar,20260917,415,7,measure,44,small,sum_one,uniform,12,87381,497540,11,11,18208879310165819389,18208879310165819389,1
36,clang-scalar,20260917,416,7,measure,45,dependency,sum_one_bis,uniform,65536,64,2167995,11,11,1190735372877940864,1190735372877940864,1
36,clang-scalar,20260917,417,7,measure,46,branch,filter_copy_mask,p750,65536,1,28263,11,11,49152,49152,1
36,clang-scalar,20260917,418,7,measure,47,small,sum_one,uniform,48,21845,195327,11,11,18173204259618227916,18173204259618227916,1
36,clang-scalar,20260917,419,7,measure,48,small,sum_one,uniform,16,65536,257328,11,11,1403062601089810432,1403062601089810432,1
36,clang-scalar,20260917,420,7,measure,49,branch,filter_copy_mask,p100,65536,1,28279,11,11,6554,6554,1
36,clang-scalar,20260917,421,7,measure,50,branch,filter_copy_mask,p500,65536,1,27158,11,11,32768,32768,1
36,clang-scalar,20260917,422,7,measure,51,branch,filter_copy,p500_sorted,65536,1,22139,11,11,32768,32768,1
36,clang-scalar,20260917,423,7,measure,52,branch,filter_copy,p100,65536,1,106179,11,11,6554,6554,1
36,clang-scalar,20260917,424,8,measure,0,small,sum_one,uniform,64,16384,194153,11,11,14815439244071927808,14815439244071927808,1
36,clang-scalar,20260917,425,8,measure,1,small,sum_one,uniform,12,87381,437923,11,11,18208879310165819389,18208879310165819389,1
36,clang-scalar,20260917,426,8,measure,2,branch,filter_copy_mask,p100,65536,1,29378,11,11,6554,6554,1
36,clang-scalar,20260917,427,8,measure,3,small,sum_one,uniform,128,8192,241616,11,11,17503531059042279424,17503531059042279424,1
36,clang-scalar,20260917,428,8,measure,4,branch,filter_copy,p000,65536,1,20619,11,11,0,0,1
36,clang-scalar,20260917,429,8,measure,5,branch,sum_if,p500,65536,1,21218,11,11,261284744287062128,261284744287062128,1
36,clang-scalar,20260917,430,8,measure,6,branch,filter_copy_mask,p250,65536,1,29425,11,11,16384,16384,1
36,clang-scalar,20260917,431,8,measure,7,small,sum_one,uniform,96,10922,226782,11,11,1966801938065649448,1966801938065649448,1
36,clang-scalar,20260917,432,8,measure,8,branch,filter_copy,p750,65536,1,193318,11,11,49152,49152,1
36,clang-scalar,20260917,433,8,measure,9,small,sum_one,uniform,2,524288,1333029,11,11,14489530702789345280,14489530702789345280,1
36,clang-scalar,20260917,434,8,measure,10,branch,filter_copy,p500,65536,1,341659,11,11,32768,32768,1
36,clang-scalar,20260917,435,8,measure,11,branch,sum_if,p1000,65536,1,21142,11,11,4485739283943968327,4485739283943968327,1
36,clang-scalar,20260917,436,8,measure,12,branch,filter_copy,p900,65536,1,102362,11,11,58982,58982,1
36,clang-scalar,20260917,437,8,measure,13,branch,filter_copy,p1000,65536,1,29490,11,11,65536,65536,1
36,clang-scalar,20260917,438,8,measure,14,small,sum_one,uniform,1024,1024,418394,11,11,6113767114656410624,6113767114656410624,1
36,clang-scalar,20260917,439,8,measure,15,branch,sum_if,p000,65536,1,21169,11,11,0,0,1
36,clang-scalar,20260917,440,8,measure,16,small,sum_one,uniform,192,5461,281137,11,11,17901819518249685373,17901819518249685373,1
36,clang-scalar,20260917,441,8,measure,17,small,sum_one,uniform,32,32768,208745,11,11,4730905112462327808,4730905112462327808,1
36,clang-scalar,20260917,442,8,measure,18,dependency,sum_twice,uniform,65536,64,3372011,11,11,2381470745755881728,2381470745755881728,1
36,clang-scalar,20260917,443,8,measure,19,small,sum_one,uniform,48,21845,195519,11,11,18173204259618227916,18173204259618227916,1
36,clang-scalar,20260917,444,8,measure,20,small,sum_one,uniform,24,43690,245247,11,11,5019437447312423050,5019437447312423050,1
36,clang-scalar,20260917,445,8,measure,21,branch,filter_copy_mask,p500,65536,1,27784,11,11,32768,32768,1
36,clang-scalar,20260917,446,8,measure,22,branch,filter_copy_mask,p500_sorted,65536,1,26837,11,11,32768,32768,1
36,clang-scalar,20260917,447,8,measure,23,branch,filter_copy,p500_alternating,65536,1,20988,11,11,32768,32768,1
36,clang-scalar,20260917,448,8,measure,24,dependency,sum_four,uniform,65536,64,1110072,11,11,1190735372877940864,1190735372877940864,1
36,clang-scalar,20260917,449,8,measure,25,dependency,chain_xor_mul,uniform,65536,64,6736416,11,11,5299772668389481216,5299772668389481216,1
36,clang-scalar,20260917,450,8,measure,26,dependency,sum_one_bis,uniform,65536,64,1685806,11,11,1190735372877940864,1190735372877940864,1
36,clang-scalar,20260917,451,8,measure,27,small,sum_one,uniform,512,2048,375437,11,11,6127788314265579520,6127788314265579520,1
36,clang-scalar,20260917,452,8,measure,28,small,sum_one,uniform,8,131072,370332,11,11,11724155215337095168,11724155215337095168,1
36,clang-scalar,20260917,453,8,measure,29,small,sum_one,uniform,256,4096,312127,11,11,12471836693395644416,12471836693395644416,1
36,clang-scalar,20260917,454,8,measure,30,small,sum_one,uniform,384,2730,359156,11,11,5767785928059657782,5767785928059657782,1
36,clang-scalar,20260917,455,8,measure,31,branch,filter_copy_mask,p500_alternating,65536,1,29821,11,11,32768,32768,1
36,clang-scalar,20260917,456,8,measure,32,branch,filter_copy,p500_sorted,65536,1,22068,11,11,32768,32768,1
36,clang-scalar,20260917,457,8,measure,33,branch,filter_copy,p100,65536,1,107947,11,11,6554,6554,1
36,clang-scalar,20260917,458,8,measure,34,branch,filter_copy_mask,p1000,65536,1,27114,11,11,65536,65536,1
36,clang-scalar,20260917,459,8,measure,35,small,sum_one,uniform,4,262144,1003520,11,11,6027757896494481408,6027757896494481408,1
36,clang-scalar,20260917,460,8,measure,36,branch,filter_copy_mask,p900,65536,1,26589,11,11,58982,58982,1
36,clang-scalar,20260917,461,8,measure,37,dependency,sum_one,uniform,65536,64,1686840,11,11,1190735372877940864,1190735372877940864,1
36,clang-scalar,20260917,462,8,measure,38,branch,sum_if,p100,65536,1,20307,11,11,3083979731501324985,3083979731501324985,1
36,clang-scalar,20260917,463,8,measure,39,small,sum_one,uniform,768,1365,391951,11,11,6760326044614544011,6760326044614544011,1
36,clang-scalar,20260917,464,8,measure,40,branch,filter_copy_mask,p750,65536,1,27591,11,11,49152,49152,1
36,clang-scalar,20260917,465,8,measure,41,branch,sum_if,p250,65536,1,20117,11,11,75766260937212688,75766260937212688,1
36,clang-scalar,20260917,466,8,measure,42,branch,sum_if,p750,65536,1,20278,11,11,14586442889165806448,14586442889165806448,1
36,clang-scalar,20260917,467,8,measure,43,branch,filter_copy_mask,p000,65536,1,27146,11,11,0,0,1
36,clang-scalar,20260917,468,8,measure,44,small,sum_one,uniform,1,1048576,2113056,11,11,8452580083670974464,8452580083670974464,1
36,clang-scalar,20260917,469,8,measure,45,small,sum_one,uniform,3,349525,1134547,11,11,9690214761957071044,9690214761957071044,1
36,clang-scalar,20260917,470,8,measure,46,small,sum_one,uniform,6,174762,824293,11,11,4529353940760067638,4529353940760067638,1
36,clang-scalar,20260917,471,8,measure,47,branch,sum_if,p500_alternating,65536,1,20363,11,11,4196774058536912234,4196774058536912234,1
36,clang-scalar,20260917,472,8,measure,48,small,sum_one,uniform,16,65536,266046,11,11,1403062601089810432,1403062601089810432,1
36,clang-scalar,20260917,473,8,measure,49,branch,sum_if,p900,65536,1,20267,11,11,1957202038211152021,1957202038211152021,1
36,clang-scalar,20260917,474,8,measure,50,dependency,split_xor_mul,uniform,65536,64,1715800,11,11,8310383708453772032,8310383708453772032,1
36,clang-scalar,20260917,475,8,measure,51,branch,filter_copy,p250,65536,1,201983,11,11,16384,16384,1
36,clang-scalar,20260917,476,8,measure,52,branch,sum_if,p500_sorted,65536,1,21353,11,11,2213941836433581612,2213941836433581612,1
36,clang-scalar,20260917,477,9,measure,0,branch,filter_copy_mask,p500,65536,1,28086,11,11,32768,32768,1
36,clang-scalar,20260917,478,9,measure,1,small,sum_one,uniform,4,262144,1001062,11,11,6027757896494481408,6027757896494481408,1
36,clang-scalar,20260917,479,9,measure,2,dependency,chain_xor_mul,uniform,65536,64,6744618,11,11,5299772668389481216,5299772668389481216,1
36,clang-scalar,20260917,480,9,measure,3,small,sum_one,uniform,128,8192,231498,11,11,17503531059042279424,17503531059042279424,1
36,clang-scalar,20260917,481,9,measure,4,branch,filter_copy_mask,p250,65536,1,28007,11,11,16384,16384,1
36,clang-scalar,20260917,482,9,measure,5,small,sum_one,uniform,1024,1024,397463,11,11,6113767114656410624,6113767114656410624,1
36,clang-scalar,20260917,483,9,measure,6,branch,filter_copy,p500_alternating,65536,1,20181,11,11,32768,32768,1
36,clang-scalar,20260917,484,9,measure,7,branch,sum_if,p000,65536,1,20326,11,11,0,0,1
36,clang-scalar,20260917,485,9,measure,8,branch,sum_if,p900,65536,1,20276,11,11,1957202038211152021,1957202038211152021,1
36,clang-scalar,20260917,486,9,measure,9,branch,filter_copy_mask,p100,65536,1,32230,11,11,6554,6554,1
36,clang-scalar,20260917,487,9,measure,10,small,sum_one,uniform,48,21845,192681,11,11,18173204259618227916,18173204259618227916,1
36,clang-scalar,20260917,488,9,measure,11,dependency,sum_four,uniform,65536,64,1107476,11,11,1190735372877940864,1190735372877940864,1
36,clang-scalar,20260917,489,9,measure,12,small,sum_one,uniform,8,131072,367833,11,11,11724155215337095168,11724155215337095168,1
36,clang-scalar,20260917,490,9,measure,13,branch,filter_copy,p500,65536,1,327134,11,11,32768,32768,1
36,clang-scalar,20260917,491,9,measure,14,small,sum_one,uniform,2,524288,1357903,11,11,14489530702789345280,14489530702789345280,1
36,clang-scalar,20260917,492,9,measure,15,branch,filter_copy,p1000,65536,1,27913,11,11,65536,65536,1
36,clang-scalar,20260917,493,9,measure,16,branch,filter_copy_mask,p000,65536,1,26984,11,11,0,0,1
36,clang-scalar,20260917,494,9,measure,17,small,sum_one,uniform,768,1365,390158,11,11,6760326044614544011,6760326044614544011,1
36,clang-scalar,20260917,495,9,measure,18,branch,sum_if,p750,65536,1,20135,11,11,14586442889165806448,14586442889165806448,1
36,clang-scalar,20260917,496,9,measure,19,branch,filter_copy_mask,p500_sorted,65536,1,26894,11,11,32768,32768,1
36,clang-scalar,20260917,497,9,measure,20,small,sum_one,uniform,6,174762,818516,11,11,4529353940760067638,4529353940760067638,1
36,clang-scalar,20260917,498,9,measure,21,dependency,sum_twice,uniform,65536,64,3380441,11,11,2381470745755881728,2381470745755881728,1
36,clang-scalar,20260917,499,9,measure,22,branch,filter_copy_mask,p750,65536,1,26550,11,11,49152,49152,1
36,clang-scalar,20260917,500,9,measure,23,small,sum_one,uniform,1,1048576,2111004,11,11,8452580083670974464,8452580083670974464,1
36,clang-scalar,20260917,501,9,measure,24,dependency,sum_one,uniform,65536,64,1692367,11,11,1190735372877940864,1190735372877940864,1
36,clang-scalar,20260917,502,9,measure,25,small,sum_one,uniform,3,349525,1410011,11,11,9690214761957071044,9690214761957071044,1
36,clang-scalar,20260917,503,9,measure,26,branch,filter_copy,p250,65536,1,202999,11,11,16384,16384,1
36,clang-scalar,20260917,504,9,measure,27,small,sum_one,uniform,32,32768,211854,11,11,4730905112462327808,4730905112462327808,1
36,clang-scalar,20260917,505,9,measure,28,small,sum_one,uniform,64,16384,193184,11,11,14815439244071927808,14815439244071927808,1
36,clang-scalar,20260917,506,9,measure,29,branch,sum_if,p250,65536,1,20468,11,11,75766260937212688,75766260937212688,1
36,clang-scalar,20260917,507,9,measure,30,branch,filter_copy_mask,p1000,65536,1,26803,11,11,65536,65536,1
36,clang-scalar,20260917,508,9,measure,31,branch,filter_copy,p000,65536,1,19891,11,11,0,0,1
36,clang-scalar,20260917,509,9,measure,32,dependency,sum_one_bis,uniform,65536,64,1682808,11,11,1190735372877940864,1190735372877940864,1
36,clang-scalar,20260917,510,9,measure,33,small,sum_one,uniform,24,43690,247792,11,11,5019437447312423050,5019437447312423050,1
36,clang-scalar,20260917,511,9,measure,34,branch,sum_if,p500_sorted,65536,1,20336,11,11,2213941836433581612,2213941836433581612,1
36,clang-scalar,20260917,512,9,measure,35,dependency,split_xor_mul,uniform,65536,64,1684063,11,11,8310383708453772032,8310383708453772032,1
36,clang-scalar,20260917,513,9,measure,36,branch,filter_copy_mask,p900,65536,1,27368,11,11,58982,58982,1
36,clang-scalar,20260917,514,9,measure,37,small,sum_one,uniform,256,4096,318996,11,11,12471836693395644416,12471836693395644416,1
36,clang-scalar,20260917,515,9,measure,38,branch,filter_copy,p500_sorted,65536,1,22065,11,11,32768,32768,1
36,clang-scalar,20260917,516,9,measure,39,small,sum_one,uniform,12,87381,370452,11,11,18208879310165819389,18208879310165819389,1
36,clang-scalar,20260917,517,9,measure,40,small,sum_one,uniform,512,2048,375059,11,11,6127788314265579520,6127788314265579520,1
36,clang-scalar,20260917,518,9,measure,41,small,sum_one,uniform,96,10922,213837,11,11,1966801938065649448,1966801938065649448,1
36,clang-scalar,20260917,519,9,measure,42,branch,filter_copy,p900,65536,1,95758,11,11,58982,58982,1
36,clang-scalar,20260917,520,9,measure,43,branch,sum_if,p1000,65536,1,20290,11,11,4485739283943968327,4485739283943968327,1
36,clang-scalar,20260917,521,9,measure,44,branch,filter_copy_mask,p500_alternating,65536,1,27122,11,11,32768,32768,1
36,clang-scalar,20260917,522,9,measure,45,small,sum_one,uniform,16,65536,264929,11,11,1403062601089810432,1403062601089810432,1
36,clang-scalar,20260917,523,9,measure,46,branch,filter_copy,p750,65536,1,190923,11,11,49152,49152,1
36,clang-scalar,20260917,524,9,measure,47,branch,sum_if,p500_alternating,65536,1,20344,11,11,4196774058536912234,4196774058536912234,1
36,clang-scalar,20260917,525,9,measure,48,small,sum_one,uniform,192,5461,270060,11,11,17901819518249685373,17901819518249685373,1
36,clang-scalar,20260917,526,9,measure,49,small,sum_one,uniform,384,2730,361705,11,11,5767785928059657782,5767785928059657782,1
36,clang-scalar,20260917,527,9,measure,50,branch,sum_if,p500,65536,1,20212,11,11,261284744287062128,261284744287062128,1
36,clang-scalar,20260917,528,9,measure,51,branch,sum_if,p100,65536,1,20386,11,11,3083979731501324985,3083979731501324985,1
36,clang-scalar,20260917,529,9,measure,52,branch,filter_copy,p100,65536,1,108787,11,11,6554,6554,1
36,clang-scalar,20260917,530,10,measure,0,branch,filter_copy,p500_sorted,65536,1,22465,11,11,32768,32768,1
36,clang-scalar,20260917,531,10,measure,1,branch,sum_if,p500,65536,1,20322,11,11,261284744287062128,261284744287062128,1
36,clang-scalar,20260917,532,10,measure,2,branch,filter_copy_mask,p1000,65536,1,26928,11,11,65536,65536,1
36,clang-scalar,20260917,533,10,measure,3,small,sum_one,uniform,16,65536,288980,11,11,1403062601089810432,1403062601089810432,1
36,clang-scalar,20260917,534,10,measure,4,small,sum_one,uniform,32,32768,208705,11,11,4730905112462327808,4730905112462327808,1
36,clang-scalar,20260917,535,10,measure,5,small,sum_one,uniform,512,2048,377835,11,11,6127788314265579520,6127788314265579520,1
36,clang-scalar,20260917,536,10,measure,6,branch,sum_if,p900,65536,1,20269,11,11,1957202038211152021,1957202038211152021,1
36,clang-scalar,20260917,537,10,measure,7,branch,filter_copy,p1000,65536,1,24567,11,11,65536,65536,1
36,clang-scalar,20260917,538,10,measure,8,small,sum_one,uniform,12,87381,403528,11,11,18208879310165819389,18208879310165819389,1
36,clang-scalar,20260917,539,10,measure,9,branch,filter_copy_mask,p000,65536,1,28164,11,11,0,0,1
36,clang-scalar,20260917,540,10,measure,10,small,sum_one,uniform,1024,1024,416935,11,11,6113767114656410624,6113767114656410624,1
36,clang-scalar,20260917,541,10,measure,11,branch,sum_if,p500_alternating,65536,1,21131,11,11,4196774058536912234,4196774058536912234,1
36,clang-scalar,20260917,542,10,measure,12,branch,filter_copy_mask,p500,65536,1,28073,11,11,32768,32768,1
36,clang-scalar,20260917,543,10,measure,13,branch,filter_copy_mask,p900,65536,1,27028,11,11,58982,58982,1
36,clang-scalar,20260917,544,10,measure,14,branch,filter_copy_mask,p250,65536,1,27896,11,11,16384,16384,1
36,clang-scalar,20260917,545,10,measure,15,branch,filter_copy,p900,65536,1,97994,11,11,58982,58982,1
36,clang-scalar,20260917,546,10,measure,16,dependency,chain_xor_mul,uniform,65536,64,6772384,11,11,5299772668389481216,5299772668389481216,1
36,clang-scalar,20260917,547,10,measure,17,branch,sum_if,p100,65536,1,20226,11,11,3083979731501324985,3083979731501324985,1
36,clang-scalar,20260917,548,10,measure,18,branch,filter_copy_mask,p500_sorted,65536,1,27251,11,11,32768,32768,1
36,clang-scalar,20260917,549,10,measure,19,branch,filter_copy_mask,p500_alternating,65536,1,27008,11,11,32768,32768,1
36,clang-scalar,20260917,550,10,measure,20,small,sum_one,uniform,64,16384,201764,11,11,14815439244071927808,14815439244071927808,1
36,clang-scalar,20260917,551,10,measure,21,branch,filter_copy,p500_alternating,65536,1,20125,11,11,32768,32768,1
36,clang-scalar,20260917,552,10,measure,22,small,sum_one,uniform,6,174762,806052,11,11,4529353940760067638,4529353940760067638,1
36,clang-scalar,20260917,553,10,measure,23,dependency,sum_four,uniform,65536,64,1120755,11,11,1190735372877940864,1190735372877940864,1
36,clang-scalar,20260917,554,10,measure,24,small,sum_one,uniform,128,8192,231414,11,11,17503531059042279424,17503531059042279424,1
36,clang-scalar,20260917,555,10,measure,25,dependency,sum_one,uniform,65536,64,1686070,11,11,1190735372877940864,1190735372877940864,1
36,clang-scalar,20260917,556,10,measure,26,small,sum_one,uniform,1,1048576,2111725,11,11,8452580083670974464,8452580083670974464,1
36,clang-scalar,20260917,557,10,measure,27,dependency,sum_one_bis,uniform,65536,64,1687552,11,11,1190735372877940864,1190735372877940864,1
36,clang-scalar,20260917,558,10,measure,28,branch,filter_copy_mask,p100,65536,1,28102,11,11,6554,6554,1
36,clang-scalar,20260917,559,10,measure,29,branch,filter_copy,p100,65536,1,107981,11,11,6554,6554,1
36,clang-scalar,20260917,560,10,measure,30,small,sum_one,uniform,2,524288,1291422,11,11,14489530702789345280,14489530702789345280,1
36,clang-scalar,20260917,561,10,measure,31,branch,sum_if,p750,65536,1,20273,11,11,14586442889165806448,14586442889165806448,1
36,clang-scalar,20260917,562,10,measure,32,branch,sum_if,p1000,65536,1,20222,11,11,4485739283943968327,4485739283943968327,1
36,clang-scalar,20260917,563,10,measure,33,small,sum_one,uniform,192,5461,274636,11,11,17901819518249685373,17901819518249685373,1
36,clang-scalar,20260917,564,10,measure,34,branch,filter_copy,p500,65536,1,327309,11,11,32768,32768,1
36,clang-scalar,20260917,565,10,measure,35,dependency,sum_twice,uniform,65536,64,3421045,11,11,2381470745755881728,2381470745755881728,1
36,clang-scalar,20260917,566,10,measure,36,small,sum_one,uniform,24,43690,231951,11,11,5019437447312423050,5019437447312423050,1
36,clang-scalar,20260917,567,10,measure,37,branch,filter_copy,p250,65536,1,205752,11,11,16384,16384,1
36,clang-scalar,20260917,568,10,measure,38,small,sum_one,uniform,3,349525,1123391,11,11,9690214761957071044,9690214761957071044,1
36,clang-scalar,20260917,569,10,measure,39,small,sum_one,uniform,96,10922,213911,11,11,1966801938065649448,1966801938065649448,1
36,clang-scalar,20260917,570,10,measure,40,small,sum_one,uniform,384,2730,361864,11,11,5767785928059657782,5767785928059657782,1
36,clang-scalar,20260917,571,10,measure,41,branch,sum_if,p000,65536,1,20310,11,11,0,0,1
36,clang-scalar,20260917,572,10,measure,42,branch,sum_if,p500_sorted,65536,1,20285,11,11,2213941836433581612,2213941836433581612,1
36,clang-scalar,20260917,573,10,measure,43,small,sum_one,uniform,4,262144,1001237,11,11,6027757896494481408,6027757896494481408,1
36,clang-scalar,20260917,574,10,measure,44,dependency,split_xor_mul,uniform,65536,64,1691437,11,11,8310383708453772032,8310383708453772032,1
36,clang-scalar,20260917,575,10,measure,45,small,sum_one,uniform,256,4096,307559,11,11,12471836693395644416,12471836693395644416,1
36,clang-scalar,20260917,576,10,measure,46,branch,filter_copy,p000,65536,1,19838,11,11,0,0,1
36,clang-scalar,20260917,577,10,measure,47,small,sum_one,uniform,48,21845,195359,11,11,18173204259618227916,18173204259618227916,1
36,clang-scalar,20260917,578,10,measure,48,small,sum_one,uniform,768,1365,394463,11,11,6760326044614544011,6760326044614544011,1
36,clang-scalar,20260917,579,10,measure,49,branch,filter_copy_mask,p750,65536,1,27725,11,11,49152,49152,1
36,clang-scalar,20260917,580,10,measure,50,branch,sum_if,p250,65536,1,20350,11,11,75766260937212688,75766260937212688,1
36,clang-scalar,20260917,581,10,measure,51,small,sum_one,uniform,8,131072,367830,11,11,11724155215337095168,11724155215337095168,1
36,clang-scalar,20260917,582,10,measure,52,branch,filter_copy,p750,65536,1,186744,11,11,49152,49152,1
36,clang-scalar,20260917,583,11,measure,0,small,sum_one,uniform,256,4096,314672,11,11,12471836693395644416,12471836693395644416,1
36,clang-scalar,20260917,584,11,measure,1,small,sum_one,uniform,48,21845,208824,11,11,18173204259618227916,18173204259618227916,1
36,clang-scalar,20260917,585,11,measure,2,dependency,sum_four,uniform,65536,64,1105754,11,11,1190735372877940864,1190735372877940864,1
36,clang-scalar,20260917,586,11,measure,3,branch,sum_if,p000,65536,1,20319,11,11,0,0,1
36,clang-scalar,20260917,587,11,measure,4,small,sum_one,uniform,8,131072,367825,11,11,11724155215337095168,11724155215337095168,1
36,clang-scalar,20260917,588,11,measure,5,small,sum_one,uniform,3,349525,1154548,11,11,9690214761957071044,9690214761957071044,1
36,clang-scalar,20260917,589,11,measure,6,branch,filter_copy,p900,65536,1,95143,11,11,58982,58982,1
36,clang-scalar,20260917,590,11,measure,7,branch,filter_copy,p500_sorted,65536,1,22097,11,11,32768,32768,1
36,clang-scalar,20260917,591,11,measure,8,dependency,sum_twice,uniform,65536,64,3374458,11,11,2381470745755881728,2381470745755881728,1
36,clang-scalar,20260917,592,11,measure,9,branch,filter_copy,p250,65536,1,203027,11,11,16384,16384,1
36,clang-scalar,20260917,593,11,measure,10,branch,sum_if,p500_alternating,65536,1,20438,11,11,4196774058536912234,4196774058536912234,1
36,clang-scalar,20260917,594,11,measure,11,small,sum_one,uniform,2,524288,1379475,11,11,14489530702789345280,14489530702789345280,1
36,clang-scalar,20260917,595,11,measure,12,small,sum_one,uniform,512,2048,374519,11,11,6127788314265579520,6127788314265579520,1
36,clang-scalar,20260917,596,11,measure,13,small,sum_one,uniform,12,87381,422559,11,11,18208879310165819389,18208879310165819389,1
36,clang-scalar,20260917,597,11,measure,14,small,sum_one,uniform,24,43690,245250,11,11,5019437447312423050,5019437447312423050,1
36,clang-scalar,20260917,598,11,measure,15,branch,filter_copy_mask,p500_sorted,65536,1,26719,11,11,32768,32768,1
36,clang-scalar,20260917,599,11,measure,16,small,sum_one,uniform,96,10922,213782,11,11,1966801938065649448,1966801938065649448,1
36,clang-scalar,20260917,600,11,measure,17,small,sum_one,uniform,192,5461,278444,11,11,17901819518249685373,17901819518249685373,1
36,clang-scalar,20260917,601,11,measure,18,small,sum_one,uniform,768,1365,389344,11,11,6760326044614544011,6760326044614544011,1
36,clang-scalar,20260917,602,11,measure,19,branch,filter_copy,p100,65536,1,107043,11,11,6554,6554,1
36,clang-scalar,20260917,603,11,measure,20,branch,filter_copy,p500,65536,1,326923,11,11,32768,32768,1
36,clang-scalar,20260917,604,11,measure,21,dependency,chain_xor_mul,uniform,65536,64,6736905,11,11,5299772668389481216,5299772668389481216,1
36,clang-scalar,20260917,605,11,measure,22,dependency,sum_one_bis,uniform,65536,64,1685851,11,11,1190735372877940864,1190735372877940864,1
36,clang-scalar,20260917,606,11,measure,23,branch,sum_if,p900,65536,1,20310,11,11,1957202038211152021,1957202038211152021,1
36,clang-scalar,20260917,607,11,measure,24,branch,filter_copy_mask,p750,65536,1,27714,11,11,49152,49152,1
36,clang-scalar,20260917,608,11,measure,25,dependency,sum_one,uniform,65536,64,1714890,11,11,1190735372877940864,1190735372877940864,1
36,clang-scalar,20260917,609,11,measure,26,branch,filter_copy_mask,p900,65536,1,28452,11,11,58982,58982,1
36,clang-scalar,20260917,610,11,measure,27,small,sum_one,uniform,16,65536,301156,11,11,1403062601089810432,1403062601089810432,1
36,clang-scalar,20260917,611,11,measure,28,branch,sum_if,p750,65536,1,20314,11,11,14586442889165806448,14586442889165806448,1
36,clang-scalar,20260917,612,11,measure,29,branch,filter_copy_mask,p250,65536,1,28051,11,11,16384,16384,1
36,clang-scalar,20260917,613,11,measure,30,small,sum_one,uniform,64,16384,198366,11,11,14815439244071927808,14815439244071927808,1
36,clang-scalar,20260917,614,11,measure,31,branch,filter_copy,p000,65536,1,20665,11,11,0,0,1
36,clang-scalar,20260917,615,11,measure,32,branch,sum_if,p1000,65536,1,20271,11,11,4485739283943968327,4485739283943968327,1
36,clang-scalar,20260917,616,11,measure,33,branch,sum_if,p250,65536,1,20330,11,11,75766260937212688,75766260937212688,1
36,clang-scalar,20260917,617,11,measure,34,branch,sum_if,p500_sorted,65536,1,24561,11,11,2213941836433581612,2213941836433581612,1
36,clang-scalar,20260917,618,11,measure,35,small,sum_one,uniform,4,262144,1151585,11,11,6027757896494481408,6027757896494481408,1
36,clang-scalar,20260917,619,11,measure,36,small,sum_one,uniform,1,1048576,2199914,11,11,8452580083670974464,8452580083670974464,1
36,clang-scalar,20260917,620,11,measure,37,branch,filter_copy_mask,p500_alternating,65536,1,28233,11,11,32768,32768,1
36,clang-scalar,20260917,621,11,measure,38,small,sum_one,uniform,1024,1024,414748,11,11,6113767114656410624,6113767114656410624,1
36,clang-scalar,20260917,622,11,measure,39,small,sum_one,uniform,384,2730,377125,11,11,5767785928059657782,5767785928059657782,1
36,clang-scalar,20260917,623,11,measure,40,branch,filter_copy,p1000,65536,1,26679,11,11,65536,65536,1
36,clang-scalar,20260917,624,11,measure,41,branch,filter_copy_mask,p1000,65536,1,27569,11,11,65536,65536,1
36,clang-scalar,20260917,625,11,measure,42,dependency,split_xor_mul,uniform,65536,64,1761077,11,11,8310383708453772032,8310383708453772032,1
36,clang-scalar,20260917,626,11,measure,43,small,sum_one,uniform,6,174762,841719,11,11,4529353940760067638,4529353940760067638,1
36,clang-scalar,20260917,627,11,measure,44,branch,filter_copy_mask,p000,65536,1,30347,11,11,0,0,1
36,clang-scalar,20260917,628,11,measure,45,branch,sum_if,p500,65536,1,21255,11,11,261284744287062128,261284744287062128,1
36,clang-scalar,20260917,629,11,measure,46,branch,filter_copy_mask,p100,65536,1,29315,11,11,6554,6554,1
36,clang-scalar,20260917,630,11,measure,47,branch,filter_copy_mask,p500,65536,1,28225,11,11,32768,32768,1
36,clang-scalar,20260917,631,11,measure,48,branch,sum_if,p100,65536,1,21133,11,11,3083979731501324985,3083979731501324985,1
36,clang-scalar,20260917,632,11,measure,49,small,sum_one,uniform,128,8192,243776,11,11,17503531059042279424,17503531059042279424,1
36,clang-scalar,20260917,633,11,measure,50,small,sum_one,uniform,32,32768,220685,11,11,4730905112462327808,4730905112462327808,1
36,clang-scalar,20260917,634,11,measure,51,branch,filter_copy,p750,65536,1,203948,11,11,49152,49152,1
36,clang-scalar,20260917,635,11,measure,52,branch,filter_copy,p500_alternating,65536,1,20896,11,11,32768,32768,1
36,clang-scalar,20260917,636,12,measure,0,branch,sum_if,p100,65536,1,20230,11,11,3083979731501324985,3083979731501324985,1
36,clang-scalar,20260917,637,12,measure,1,branch,sum_if,p1000,65536,1,20262,11,11,4485739283943968327,4485739283943968327,1
36,clang-scalar,20260917,638,12,measure,2,branch,filter_copy,p100,65536,1,111131,11,11,6554,6554,1
36,clang-scalar,20260917,639,12,measure,3,small,sum_one,uniform,16,65536,275552,11,11,1403062601089810432,1403062601089810432,1
36,clang-scalar,20260917,640,12,measure,4,branch,filter_copy_mask,p1000,65536,1,27964,11,11,65536,65536,1
36,clang-scalar,20260917,641,12,measure,5,small,sum_one,uniform,512,2048,391882,11,11,6127788314265579520,6127788314265579520,1
36,clang-scalar,20260917,642,12,measure,6,branch,sum_if,p250,65536,1,21082,11,11,75766260937212688,75766260937212688,1
36,clang-scalar,20260917,643,12,measure,7,small,sum_one,uniform,384,2730,376866,11,11,5767785928059657782,5767785928059657782,1
36,clang-scalar,20260917,644,12,measure,8,branch,filter_copy_mask,p000,65536,1,28145,11,11,0,0,1
36,clang-scalar,20260917,645,12,measure,9,small,sum_one,uniform,96,10922,222891,11,11,1966801938065649448,1966801938065649448,1
36,clang-scalar,20260917,646,12,measure,10,branch,filter_copy,p500_alternating,65536,1,21118,11,11,32768,32768,1
36,clang-scalar,20260917,647,12,measure,11,dependency,split_xor_mul,uniform,65536,64,1763702,11,11,8310383708453772032,8310383708453772032,1
36,clang-scalar,20260917,648,12,measure,12,branch,sum_if,p900,65536,1,24122,11,11,1957202038211152021,1957202038211152021,1
36,clang-scalar,20260917,649,12,measure,13,small,sum_one,uniform,6,174762,839324,11,11,4529353940760067638,4529353940760067638,1
36,clang-scalar,20260917,650,12,measure,14,branch,filter_copy,p250,65536,1,209941,11,11,16384,16384,1
36,clang-scalar,20260917,651,12,measure,15,small,sum_one,uniform,128,8192,241149,11,11,17503531059042279424,17503531059042279424,1
36,clang-scalar,20260917,652,12,measure,16,small,sum_one,uniform,48,21845,210695,11,11,18173204259618227916,18173204259618227916,1
36,clang-scalar,20260917,653,12,measure,17,dependency,chain_xor_mul,uniform,65536,64,6841652,11,11,5299772668389481216,5299772668389481216,1
36,clang-scalar,20260917,654,12,measure,18,branch,filter_copy,p900,65536,1,94931,11,11,58982,58982,1
36,clang-scalar,20260917,655,12,measure,19,branch,filter_copy_mask,p500,65536,1,27367,11,11,32768,32768,1
36,clang-scalar,20260917,656,12,measure,20,branch,filter_copy_mask,p500_sorted,65536,1,26702,11,11,32768,32768,1
36,clang-scalar,20260917,657,12,measure,21,small,sum_one,uniform,256,4096,307488,11,11,12471836693395644416,12471836693395644416,1
36,clang-scalar,20260917,658,12,measure,22,branch,sum_if,p500_sorted,65536,1,20271,11,11,2213941836433581612,2213941836433581612,1
36,clang-scalar,20260917,659,12,measure,23,branch,sum_if,p750,65536,1,20273,11,11,14586442889165806448,14586442889165806448,1
36,clang-scalar,20260917,660,12,measure,24,small,sum_one,uniform,64,16384,193730,11,11,14815439244071927808,14815439244071927808,1
36,clang-scalar,20260917,661,12,measure,25,dependency,sum_one_bis,uniform,65536,64,1685192,11,11,1190735372877940864,1190735372877940864,1
36,clang-scalar,20260917,662,12,measure,26,branch,filter_copy_mask,p750,65536,1,26650,11,11,49152,49152,1
36,clang-scalar,20260917,663,12,measure,27,small,sum_one,uniform,8,131072,367829,11,11,11724155215337095168,11724155215337095168,1
36,clang-scalar,20260917,664,12,measure,28,small,sum_one,uniform,3,349525,1128487,11,11,9690214761957071044,9690214761957071044,1
36,clang-scalar,20260917,665,12,measure,29,branch,sum_if,p000,65536,1,20229,11,11,0,0,1
36,clang-scalar,20260917,666,12,measure,30,branch,filter_copy_mask,p900,65536,1,27086,11,11,58982,58982,1
36,clang-scalar,20260917,667,12,measure,31,branch,filter_copy,p000,65536,1,19862,11,11,0,0,1
36,clang-scalar,20260917,668,12,measure,32,dependency,sum_twice,uniform,65536,64,3373236,11,11,2381470745755881728,2381470745755881728,1
36,clang-scalar,20260917,669,12,measure,33,branch,filter_copy_mask,p500_alternating,65536,1,27047,11,11,32768,32768,1
36,clang-scalar,20260917,670,12,measure,34,branch,filter_copy,p500_sorted,65536,1,22036,11,11,32768,32768,1
36,clang-scalar,20260917,671,12,measure,35,small,sum_one,uniform,12,87381,458555,11,11,18208879310165819389,18208879310165819389,1
36,clang-scalar,20260917,672,12,measure,36,branch,sum_if,p500_alternating,65536,1,20341,11,11,4196774058536912234,4196774058536912234,1
36,clang-scalar,20260917,673,12,measure,37,small,sum_one,uniform,768,1365,394467,11,11,6760326044614544011,6760326044614544011,1
36,clang-scalar,20260917,674,12,measure,38,small,sum_one,uniform,2,524288,1421573,11,11,14489530702789345280,14489530702789345280,1
36,clang-scalar,20260917,675,12,measure,39,branch,filter_copy,p750,65536,1,192378,11,11,49152,49152,1
36,clang-scalar,20260917,676,12,measure,40,small,sum_one,uniform,24,43690,231778,11,11,5019437447312423050,5019437447312423050,1
36,clang-scalar,20260917,677,12,measure,41,small,sum_one,uniform,1,1048576,2112774,11,11,8452580083670974464,8452580083670974464,1
36,clang-scalar,20260917,678,12,measure,42,small,sum_one,uniform,4,262144,1052387,11,11,6027757896494481408,6027757896494481408,1
36,clang-scalar,20260917,679,12,measure,43,branch,filter_copy_mask,p250,65536,1,28072,11,11,16384,16384,1
36,clang-scalar,20260917,680,12,measure,44,branch,filter_copy_mask,p100,65536,1,28117,11,11,6554,6554,1
36,clang-scalar,20260917,681,12,measure,45,branch,filter_copy,p500,65536,1,327711,11,11,32768,32768,1
36,clang-scalar,20260917,682,12,measure,46,small,sum_one,uniform,192,5461,270824,11,11,17901819518249685373,17901819518249685373,1
36,clang-scalar,20260917,683,12,measure,47,dependency,sum_four,uniform,65536,64,1110752,11,11,1190735372877940864,1190735372877940864,1
36,clang-scalar,20260917,684,12,measure,48,dependency,sum_one,uniform,65536,64,1685357,11,11,1190735372877940864,1190735372877940864,1
36,clang-scalar,20260917,685,12,measure,49,branch,filter_copy,p1000,65536,1,25535,11,11,65536,65536,1
36,clang-scalar,20260917,686,12,measure,50,small,sum_one,uniform,1024,1024,400372,11,11,6113767114656410624,6113767114656410624,1
36,clang-scalar,20260917,687,12,measure,51,branch,sum_if,p500,65536,1,20290,11,11,261284744287062128,261284744287062128,1
36,clang-scalar,20260917,688,12,measure,52,small,sum_one,uniform,32,32768,211964,11,11,4730905112462327808,4730905112462327808,1
36,clang-scalar,20260917,689,13,measure,0,small,sum_one,uniform,256,4096,333268,11,11,12471836693395644416,12471836693395644416,1
36,clang-scalar,20260917,690,13,measure,1,branch,sum_if,p900,65536,1,20240,11,11,1957202038211152021,1957202038211152021,1
36,clang-scalar,20260917,691,13,measure,2,branch,filter_copy,p1000,65536,1,25567,11,11,65536,65536,1
36,clang-scalar,20260917,692,13,measure,3,branch,sum_if,p500_alternating,65536,1,20304,11,11,4196774058536912234,4196774058536912234,1
36,clang-scalar,20260917,693,13,measure,4,branch,filter_copy,p500_alternating,65536,1,20206,11,11,32768,32768,1
36,clang-scalar,20260917,694,13,measure,5,small,sum_one,uniform,4,262144,1059070,11,11,6027757896494481408,6027757896494481408,1
36,clang-scalar,20260917,695,13,measure,6,branch,sum_if,p000,65536,1,20231,11,11,0,0,1
36,clang-scalar,20260917,696,13,measure,7,branch,filter_copy_mask,p500_alternating,65536,1,27163,11,11,32768,32768,1
36,clang-scalar,20260917,697,13,measure,8,branch,filter_copy,p900,65536,1,94557,11,11,58982,58982,1
36,clang-scalar,20260917,698,13,measure,9,small,sum_one,uniform,2,524288,1497809,11,11,14489530702789345280,14489530702789345280,1
36,clang-scalar,20260917,699,13,measure,10,small,sum_one,uniform,192,5461,271453,11,11,17901819518249685373,17901819518249685373,1
36,clang-scalar,20260917,700,13,measure,11,branch,filter_copy,p500_sorted,65536,1,22116,11,11,32768,32768,1
36,clang-scalar,20260917,701,13,measure,12,small,sum_one,uniform,6,174762,986046,11,11,4529353940760067638,4529353940760067638,1
36,clang-scalar,20260917,702,13,measure,13,branch,sum_if,p1000,65536,1,20335,11,11,4485739283943968327,4485739283943968327,1
36,clang-scalar,20260917,703,13,measure,14,branch,filter_copy,p750,65536,1,191781,11,11,49152,49152,1
36,clang-scalar,20260917,704,13,measure,15,branch,filter_copy_mask,p500_sorted,65536,1,26590,11,11,32768,32768,1
36,clang-scalar,20260917,705,13,measure,16,branch,filter_copy,p250,65536,1,201677,11,11,16384,16384,1
36,clang-scalar,20260917,706,13,measure,17,small,sum_one,uniform,32,32768,215794,11,11,4730905112462327808,4730905112462327808,1
36,clang-scalar,20260917,707,13,measure,18,branch,filter_copy_mask,p500,65536,1,26575,11,11,32768,32768,1
36,clang-scalar,20260917,708,13,measure,19,small,sum_one,uniform,1,1048576,2105735,11,11,8452580083670974464,8452580083670974464,1
36,clang-scalar,20260917,709,13,measure,20,small,sum_one,uniform,64,16384,190538,11,11,14815439244071927808,14815439244071927808,1
36,clang-scalar,20260917,710,13,measure,21,branch,sum_if,p750,65536,1,23040,11,11,14586442889165806448,14586442889165806448,1
36,clang-scalar,20260917,711,13,measure,22,small,sum_one,uniform,8,131072,373188,11,11,11724155215337095168,11724155215337095168,1
36,clang-scalar,20260917,712,13,measure,23,branch,filter_copy_mask,p1000,65536,1,27107,11,11,65536,65536,1
36,clang-scalar,20260917,713,13,measure,24,small,sum_one,uniform,12,87381,381795,11,11,18208879310165819389,18208879310165819389,1
36,clang-scalar,20260917,714,13,measure,25,small,sum_one,uniform,3,349525,1124125,11,11,9690214761957071044,9690214761957071044,1
36,clang-scalar,20260917,715,13,measure,26,branch,sum_if,p500_sorted,65536,1,20430,11,11,2213941836433581612,2213941836433581612,1
36,clang-scalar,20260917,716,13,measure,27,small,sum_one,uniform,512,2048,375280,11,11,6127788314265579520,6127788314265579520,1
36,clang-scalar,20260917,717,13,measure,28,dependency,sum_one,uniform,65536,64,1690934,11,11,1190735372877940864,1190735372877940864,1
36,clang-scalar,20260917,718,13,measure,29,branch,filter_copy_mask,p750,65536,1,27526,11,11,49152,49152,1
36,clang-scalar,20260917,719,13,measure,30,branch,filter_copy_mask,p900,65536,1,27098,11,11,58982,58982,1
36,clang-scalar,20260917,720,13,measure,31,small,sum_one,uniform,768,1365,389845,11,11,6760326044614544011,6760326044614544011,1
36,clang-scalar,20260917,721,13,measure,32,dependency,sum_four,uniform,65536,64,1105745,11,11,1190735372877940864,1190735372877940864,1
36,clang-scalar,20260917,722,13,measure,33,branch,sum_if,p250,65536,1,20323,11,11,75766260937212688,75766260937212688,1
36,clang-scalar,20260917,723,13,measure,34,branch,sum_if,p500,65536,1,20342,11,11,261284744287062128,261284744287062128,1
36,clang-scalar,20260917,724,13,measure,35,branch,filter_copy,p100,65536,1,106611,11,11,6554,6554,1
36,clang-scalar,20260917,725,13,measure,36,branch,filter_copy,p000,65536,1,19834,11,11,0,0,1
36,clang-scalar,20260917,726,13,measure,37,small,sum_one,uniform,16,65536,289078,11,11,1403062601089810432,1403062601089810432,1
36,clang-scalar,20260917,727,13,measure,38,small,sum_one,uniform,24,43690,246803,11,11,5019437447312423050,5019437447312423050,1
36,clang-scalar,20260917,728,13,measure,39,small,sum_one,uniform,1024,1024,398013,11,11,6113767114656410624,6113767114656410624,1
36,clang-scalar,20260917,729,13,measure,40,branch,filter_copy,p500,65536,1,327990,11,11,32768,32768,1
36,clang-scalar,20260917,730,13,measure,41,small,sum_one,uniform,48,21845,201431,11,11,18173204259618227916,18173204259618227916,1
36,clang-scalar,20260917,731,13,measure,42,dependency,chain_xor_mul,uniform,65536,64,6749543,11,11,5299772668389481216,5299772668389481216,1
36,clang-scalar,20260917,732,13,measure,43,small,sum_one,uniform,384,2730,359318,11,11,5767785928059657782,5767785928059657782,1
36,clang-scalar,20260917,733,13,measure,44,dependency,sum_twice,uniform,65536,64,3371215,11,11,2381470745755881728,2381470745755881728,1
36,clang-scalar,20260917,734,13,measure,45,branch,filter_copy_mask,p000,65536,1,27171,11,11,0,0,1
36,clang-scalar,20260917,735,13,measure,46,small,sum_one,uniform,96,10922,213897,11,11,1966801938065649448,1966801938065649448,1
36,clang-scalar,20260917,736,13,measure,47,branch,sum_if,p100,65536,1,20251,11,11,3083979731501324985,3083979731501324985,1
36,clang-scalar,20260917,737,13,measure,48,branch,filter_copy_mask,p100,65536,1,27926,11,11,6554,6554,1
36,clang-scalar,20260917,738,13,measure,49,dependency,sum_one_bis,uniform,65536,64,1691759,11,11,1190735372877940864,1190735372877940864,1
36,clang-scalar,20260917,739,13,measure,50,branch,filter_copy_mask,p250,65536,1,27890,11,11,16384,16384,1
36,clang-scalar,20260917,740,13,measure,51,dependency,split_xor_mul,uniform,65536,64,1697814,11,11,8310383708453772032,8310383708453772032,1
36,clang-scalar,20260917,741,13,measure,52,small,sum_one,uniform,128,8192,231344,11,11,17503531059042279424,17503531059042279424,1
36,clang-scalar,20260917,742,14,measure,0,small,sum_one,uniform,1024,1024,404429,11,11,6113767114656410624,6113767114656410624,1
36,clang-scalar,20260917,743,14,measure,1,branch,filter_copy_mask,p500_alternating,65536,1,27009,11,11,32768,32768,1
36,clang-scalar,20260917,744,14,measure,2,small,sum_one,uniform,1,1048576,2294065,11,11,8452580083670974464,8452580083670974464,1
36,clang-scalar,20260917,745,14,measure,3,small,sum_one,uniform,4,262144,1041945,11,11,6027757896494481408,6027757896494481408,1
36,clang-scalar,20260917,746,14,measure,4,small,sum_one,uniform,8,131072,395287,11,11,11724155215337095168,11724155215337095168,1
36,clang-scalar,20260917,747,14,measure,5,small,sum_one,uniform,12,87381,544155,11,11,18208879310165819389,18208879310165819389,1
36,clang-scalar,20260917,748,14,measure,6,branch,sum_if,p250,65536,1,24704,11,11,75766260937212688,75766260937212688,1
36,clang-scalar,20260917,749,14,measure,7,branch,filter_copy,p500_alternating,65536,1,51257,11,11,32768,32768,1
36,clang-scalar,20260917,750,14,measure,8,dependency,sum_four,uniform,65536,64,1218360,11,11,1190735372877940864,1190735372877940864,1
36,clang-scalar,20260917,751,14,measure,9,small,sum_one,uniform,24,43690,255402,11,11,5019437447312423050,5019437447312423050,1
36,clang-scalar,20260917,752,14,measure,10,branch,filter_copy_mask,p750,65536,1,30515,11,11,49152,49152,1
36,clang-scalar,20260917,753,14,measure,11,branch,filter_copy_mask,p500,65536,1,28434,11,11,32768,32768,1
36,clang-scalar,20260917,754,14,measure,12,branch,filter_copy,p500,65536,1,341339,11,11,32768,32768,1
36,clang-scalar,20260917,755,14,measure,13,small,sum_one,uniform,2,524288,1327144,11,11,14489530702789345280,14489530702789345280,1
36,clang-scalar,20260917,756,14,measure,14,small,sum_one,uniform,32,32768,217794,11,11,4730905112462327808,4730905112462327808,1
36,clang-scalar,20260917,757,14,measure,15,small,sum_one,uniform,64,16384,198600,11,11,14815439244071927808,14815439244071927808,1
36,clang-scalar,20260917,758,14,measure,16,branch,filter_copy,p250,65536,1,210973,11,11,16384,16384,1
36,clang-scalar,20260917,759,14,measure,17,small,sum_one,uniform,3,349525,1171030,11,11,9690214761957071044,9690214761957071044,1
36,clang-scalar,20260917,760,14,measure,18,branch,sum_if,p500,65536,1,21069,11,11,261284744287062128,261284744287062128,1
36,clang-scalar,20260917,761,14,measure,19,small,sum_one,uniform,128,8192,241154,11,11,17503531059042279424,17503531059042279424,1
36,clang-scalar,20260917,762,14,measure,20,branch,sum_if,p100,65536,1,21047,11,11,3083979731501324985,3083979731501324985,1
36,clang-scalar,20260917,763,14,measure,21,dependency,split_xor_mul,uniform,65536,64,1770123,11,11,8310383708453772032,8310383708453772032,1
36,clang-scalar,20260917,764,14,measure,22,dependency,sum_one,uniform,65536,64,1850247,11,11,1190735372877940864,1190735372877940864,1
36,clang-scalar,20260917,765,14,measure,23,branch,filter_copy,p750,65536,1,198803,11,11,49152,49152,1
36,clang-scalar,20260917,766,14,measure,24,small,sum_one,uniform,16,65536,290499,11,11,1403062601089810432,1403062601089810432,1
36,clang-scalar,20260917,767,14,measure,25,small,sum_one,uniform,512,2048,395405,11,11,6127788314265579520,6127788314265579520,1
36,clang-scalar,20260917,768,14,measure,26,branch,filter_copy_mask,p500_sorted,65536,1,27820,11,11,32768,32768,1
36,clang-scalar,20260917,769,14,measure,27,small,sum_one,uniform,256,4096,315335,11,11,12471836693395644416,12471836693395644416,1
36,clang-scalar,20260917,770,14,measure,28,small,sum_one,uniform,48,21845,195247,11,11,18173204259618227916,18173204259618227916,1
36,clang-scalar,20260917,771,14,measure,29,branch,sum_if,p000,65536,1,20268,11,11,0,0,1
36,clang-scalar,20260917,772,14,measure,30,branch,sum_if,p900,65536,1,20259,11,11,1957202038211152021,1957202038211152021,1
36,clang-scalar,20260917,773,14,measure,31,branch,sum_if,p750,65536,1,20325,11,11,14586442889165806448,14586442889165806448,1
36,clang-scalar,20260917,774,14,measure,32,branch,filter_copy_mask,p1000,65536,1,27218,11,11,65536,65536,1
36,clang-scalar,20260917,775,14,measure,33,dependency,chain_xor_mul,uniform,65536,64,6734383,11,11,5299772668389481216,5299772668389481216,1
36,clang-scalar,20260917,776,14,measure,34,branch,filter_copy_mask,p250,65536,1,27770,11,11,16384,16384,1
36,clang-scalar,20260917,777,14,measure,35,branch,sum_if,p500_alternating,65536,1,20413,11,11,4196774058536912234,4196774058536912234,1
36,clang-scalar,20260917,778,14,measure,36,branch,sum_if,p500_sorted,65536,1,20298,11,11,2213941836433581612,2213941836433581612,1
36,clang-scalar,20260917,779,14,measure,37,small,sum_one,uniform,6,174762,882763,11,11,4529353940760067638,4529353940760067638,1
36,clang-scalar,20260917,780,14,measure,38,small,sum_one,uniform,384,2730,358708,11,11,5767785928059657782,5767785928059657782,1
36,clang-scalar,20260917,781,14,measure,39,branch,sum_if,p1000,65536,1,20296,11,11,4485739283943968327,4485739283943968327,1
36,clang-scalar,20260917,782,14,measure,40,branch,filter_copy,p900,65536,1,92307,11,11,58982,58982,1
36,clang-scalar,20260917,783,14,measure,41,branch,filter_copy_mask,p900,65536,1,27154,11,11,58982,58982,1
36,clang-scalar,20260917,784,14,measure,42,branch,filter_copy,p500_sorted,65536,1,22137,11,11,32768,32768,1
36,clang-scalar,20260917,785,14,measure,43,small,sum_one,uniform,768,1365,389979,11,11,6760326044614544011,6760326044614544011,1
36,clang-scalar,20260917,786,14,measure,44,branch,filter_copy,p1000,65536,1,24412,11,11,65536,65536,1
36,clang-scalar,20260917,787,14,measure,45,small,sum_one,uniform,96,10922,227467,11,11,1966801938065649448,1966801938065649448,1
36,clang-scalar,20260917,788,14,measure,46,branch,filter_copy,p000,65536,1,19849,11,11,0,0,1
36,clang-scalar,20260917,789,14,measure,47,branch,filter_copy_mask,p000,65536,1,26905,11,11,0,0,1
36,clang-scalar,20260917,790,14,measure,48,branch,filter_copy_mask,p100,65536,1,27976,11,11,6554,6554,1
36,clang-scalar,20260917,791,14,measure,49,branch,filter_copy,p100,65536,1,108210,11,11,6554,6554,1
36,clang-scalar,20260917,792,14,measure,50,dependency,sum_one_bis,uniform,65536,64,1685151,11,11,1190735372877940864,1190735372877940864,1
36,clang-scalar,20260917,793,14,measure,51,dependency,sum_twice,uniform,65536,64,3367541,11,11,2381470745755881728,2381470745755881728,1
36,clang-scalar,20260917,794,14,measure,52,small,sum_one,uniform,192,5461,272421,11,11,17901819518249685373,17901819518249685373,1
36,clang-scalar,20260917,795,15,measure,0,small,sum_one,uniform,384,2730,359452,11,11,5767785928059657782,5767785928059657782,1
36,clang-scalar,20260917,796,15,measure,1,small,sum_one,uniform,768,1365,393569,11,11,6760326044614544011,6760326044614544011,1
36,clang-scalar,20260917,797,15,measure,2,dependency,sum_four,uniform,65536,64,1181102,11,11,1190735372877940864,1190735372877940864,1
36,clang-scalar,20260917,798,15,measure,3,branch,sum_if,p500,65536,1,21114,11,11,261284744287062128,261284744287062128,1
36,clang-scalar,20260917,799,15,measure,4,branch,filter_copy,p250,65536,1,207443,11,11,16384,16384,1
36,clang-scalar,20260917,800,15,measure,5,branch,filter_copy_mask,p250,65536,1,29273,11,11,16384,16384,1
36,clang-scalar,20260917,801,15,measure,6,small,sum_one,uniform,1024,1024,417446,11,11,6113767114656410624,6113767114656410624,1
36,clang-scalar,20260917,802,15,measure,7,branch,sum_if,p750,65536,1,21151,11,11,14586442889165806448,14586442889165806448,1
36,clang-scalar,20260917,803,15,measure,8,branch,filter_copy_mask,p500_alternating,65536,1,28151,11,11,32768,32768,1
36,clang-scalar,20260917,804,15,measure,9,small,sum_one,uniform,96,10922,222702,11,11,1966801938065649448,1966801938065649448,1
36,clang-scalar,20260917,805,15,measure,10,branch,filter_copy,p100,65536,1,110928,11,11,6554,6554,1
36,clang-scalar,20260917,806,15,measure,11,branch,filter_copy,p500_sorted,65536,1,23008,11,11,32768,32768,1
36,clang-scalar,20260917,807,15,measure,12,branch,sum_if,p500_alternating,65536,1,21103,11,11,4196774058536912234,4196774058536912234,1
36,clang-scalar,20260917,808,15,measure,13,small,sum_one,uniform,2,524288,1456796,11,11,14489530702789345280,14489530702789345280,1
36,clang-scalar,20260917,809,15,measure,14,small,sum_one,uniform,128,8192,241113,11,11,17503531059042279424,17503531059042279424,1
36,clang-scalar,20260917,810,15,measure,15,dependency,split_xor_mul,uniform,65536,64,1761366,11,11,8310383708453772032,8310383708453772032,1
36,clang-scalar,20260917,811,15,measure,16,branch,filter_copy_mask,p750,65536,1,28702,11,11,49152,49152,1
36,clang-scalar,20260917,812,15,measure,17,small,sum_one,uniform,16,65536,301143,11,11,1403062601089810432,1403062601089810432,1
36,clang-scalar,20260917,813,15,measure,18,small,sum_one,uniform,192,5461,284071,11,11,17901819518249685373,17901819518249685373,1
36,clang-scalar,20260917,814,15,measure,19,branch,filter_copy,p900,65536,1,99866,11,11,58982,58982,1
36,clang-scalar,20260917,815,15,measure,20,small,sum_one,uniform,4,262144,1116563,11,11,6027757896494481408,6027757896494481408,1
36,clang-scalar,20260917,816,15,measure,21,small,sum_one,uniform,64,16384,200905,11,11,14815439244071927808,14815439244071927808,1
36,clang-scalar,20260917,817,15,measure,22,small,sum_one,uniform,24,43690,242051,11,11,5019437447312423050,5019437447312423050,1
36,clang-scalar,20260917,818,15,measure,23,branch,filter_copy_mask,p500,65536,1,28590,11,11,32768,32768,1
36,clang-scalar,20260917,819,15,measure,24,branch,sum_if,p000,65536,1,21127,11,11,0,0,1
36,clang-scalar,20260917,820,15,measure,25,branch,filter_copy,p750,65536,1,201845,11,11,49152,49152,1
36,clang-scalar,20260917,821,15,measure,26,branch,sum_if,p100,65536,1,21084,11,11,3083979731501324985,3083979731501324985,1
36,clang-scalar,20260917,822,15,measure,27,small,sum_one,uniform,48,21845,203466,11,11,18173204259618227916,18173204259618227916,1
36,clang-scalar,20260917,823,15,measure,28,branch,sum_if,p500_sorted,65536,1,21226,11,11,2213941836433581612,2213941836433581612,1
36,clang-scalar,20260917,824,15,measure,29,branch,filter_copy_mask,p000,65536,1,28244,11,11,0,0,1
36,clang-scalar,20260917,825,15,measure,30,branch,filter_copy_mask,p900,65536,1,28297,11,11,58982,58982,1
36,clang-scalar,20260917,826,15,measure,31,dependency,sum_one_bis,uniform,65536,64,1988494,11,11,1190735372877940864,1190735372877940864,1
36,clang-scalar,20260917,827,15,measure,32,branch,filter_copy,p000,65536,1,20798,11,11,0,0,1
36,clang-scalar,20260917,828,15,measure,33,branch,filter_copy_mask,p100,65536,1,29364,11,11,6554,6554,1
36,clang-scalar,20260917,829,15,measure,34,branch,filter_copy_mask,p1000,65536,1,28199,11,11,65536,65536,1
36,clang-scalar,20260917,830,15,measure,35,dependency,chain_xor_mul,uniform,65536,64,6883074,11,11,5299772668389481216,5299772668389481216,1
36,clang-scalar,20260917,831,15,measure,36,small,sum_one,uniform,3,349525,1141543,11,11,9690214761957071044,9690214761957071044,1
36,clang-scalar,20260917,832,15,measure,37,small,sum_one,uniform,8,131072,373275,11,11,11724155215337095168,11724155215337095168,1
36,clang-scalar,20260917,833,15,measure,38,small,sum_one,uniform,512,2048,374461,11,11,6127788314265579520,6127788314265579520,1
36,clang-scalar,20260917,834,15,measure,39,branch,filter_copy_mask,p500_sorted,65536,1,26682,11,11,32768,32768,1
36,clang-scalar,20260917,835,15,measure,40,branch,sum_if,p1000,65536,1,20314,11,11,4485739283943968327,4485739283943968327,1
36,clang-scalar,20260917,836,15,measure,41,small,sum_one,uniform,12,87381,367819,11,11,18208879310165819389,18208879310165819389,1
36,clang-scalar,20260917,837,15,measure,42,branch,sum_if,p250,65536,1,20291,11,11,75766260937212688,75766260937212688,1
36,clang-scalar,20260917,838,15,measure,43,branch,filter_copy,p500_alternating,65536,1,20022,11,11,32768,32768,1
36,clang-scalar,20260917,839,15,measure,44,branch,filter_copy,p1000,65536,1,24787,11,11,65536,65536,1
36,clang-scalar,20260917,840,15,measure,45,small,sum_one,uniform,6,174762,951806,11,11,4529353940760067638,4529353940760067638,1
36,clang-scalar,20260917,841,15,measure,46,small,sum_one,uniform,1,1048576,2110111,11,11,8452580083670974464,8452580083670974464,1
36,clang-scalar,20260917,842,15,measure,47,small,sum_one,uniform,256,4096,307720,11,11,12471836693395644416,12471836693395644416,1
36,clang-scalar,20260917,843,15,measure,48,branch,sum_if,p900,65536,1,20280,11,11,1957202038211152021,1957202038211152021,1
36,clang-scalar,20260917,844,15,measure,49,small,sum_one,uniform,32,32768,223172,11,11,4730905112462327808,4730905112462327808,1
36,clang-scalar,20260917,845,15,measure,50,dependency,sum_twice,uniform,65536,64,3372612,11,11,2381470745755881728,2381470745755881728,1
36,clang-scalar,20260917,846,15,measure,51,branch,filter_copy,p500,65536,1,326689,11,11,32768,32768,1
36,clang-scalar,20260917,847,15,measure,52,dependency,sum_one,uniform,65536,64,1688625,11,11,1190735372877940864,1190735372877940864,1
36,clang-scalar,20260917,848,16,measure,0,small,sum_one,uniform,2,524288,1765934,11,11,14489530702789345280,14489530702789345280,1
36,clang-scalar,20260917,849,16,measure,1,small,sum_one,uniform,1024,1024,397605,11,11,6113767114656410624,6113767114656410624,1
36,clang-scalar,20260917,850,16,measure,2,small,sum_one,uniform,1,1048576,2141534,11,11,8452580083670974464,8452580083670974464,1
36,clang-scalar,20260917,851,16,measure,3,small,sum_one,uniform,32,32768,211596,11,11,4730905112462327808,4730905112462327808,1
36,clang-scalar,20260917,852,16,measure,4,branch,filter_copy_mask,p000,65536,1,27033,11,11,0,0,1
36,clang-scalar,20260917,853,16,measure,5,dependency,sum_twice,uniform,65536,64,3372737,11,11,2381470745755881728,2381470745755881728,1
36,clang-scalar,20260917,854,16,measure,6,branch,sum_if,p500,65536,1,20289,11,11,261284744287062128,261284744287062128,1
36,clang-scalar,20260917,855,16,measure,7,branch,filter_copy,p1000,65536,1,25888,11,11,65536,65536,1
36,clang-scalar,20260917,856,16,measure,8,small,sum_one,uniform,24,43690,233405,11,11,5019437447312423050,5019437447312423050,1
36,clang-scalar,20260917,857,16,measure,9,small,sum_one,uniform,768,1365,392207,11,11,6760326044614544011,6760326044614544011,1
36,clang-scalar,20260917,858,16,measure,10,branch,filter_copy_mask,p1000,65536,1,26478,11,11,65536,65536,1
36,clang-scalar,20260917,859,16,measure,11,branch,filter_copy_mask,p900,65536,1,26681,11,11,58982,58982,1
36,clang-scalar,20260917,860,16,measure,12,branch,filter_copy,p500_sorted,65536,1,22187,11,11,32768,32768,1
36,clang-scalar,20260917,861,16,measure,13,small,sum_one,uniform,384,2730,363061,11,11,5767785928059657782,5767785928059657782,1
36,clang-scalar,20260917,862,16,measure,14,branch,filter_copy,p500,65536,1,327351,11,11,32768,32768,1
36,clang-scalar,20260917,863,16,measure,15,small,sum_one,uniform,6,174762,885752,11,11,4529353940760067638,4529353940760067638,1
36,clang-scalar,20260917,864,16,measure,16,branch,filter_copy_mask,p750,65536,1,27466,11,11,49152,49152,1
36,clang-scalar,20260917,865,16,measure,17,branch,filter_copy,p100,65536,1,107634,11,11,6554,6554,1
36,clang-scalar,20260917,866,16,measure,18,dependency,split_xor_mul,uniform,65536,64,1690875,11,11,8310383708453772032,8310383708453772032,1
36,clang-scalar,20260917,867,16,measure,19,dependency,sum_four,uniform,65536,64,1111284,11,11,1190735372877940864,1190735372877940864,1
36,clang-scalar,20260917,868,16,measure,20,dependency,sum_one,uniform,65536,64,1682842,11,11,1190735372877940864,1190735372877940864,1
36,clang-scalar,20260917,869,16,measure,21,branch,filter_copy_mask,p100,65536,1,28111,11,11,6554,6554,1
36,clang-scalar,20260917,870,16,measure,22,small,sum_one,uniform,12,87381,455362,11,11,18208879310165819389,18208879310165819389,1
36,clang-scalar,20260917,871,16,measure,23,branch,filter_copy_mask,p500_alternating,65536,1,27063,11,11,32768,32768,1
36,clang-scalar,20260917,872,16,measure,24,branch,sum_if,p250,65536,1,20359,11,11,75766260937212688,75766260937212688,1
36,clang-scalar,20260917,873,16,measure,25,branch,sum_if,p500_sorted,65536,1,20342,11,11,2213941836433581612,2213941836433581612,1
36,clang-scalar,20260917,874,16,measure,26,small,sum_one,uniform,3,349525,1207566,11,11,9690214761957071044,9690214761957071044,1
36,clang-scalar,20260917,875,16,measure,27,small,sum_one,uniform,64,16384,190534,11,11,14815439244071927808,14815439244071927808,1
36,clang-scalar,20260917,876,16,measure,28,small,sum_one,uniform,16,65536,257360,11,11,1403062601089810432,1403062601089810432,1
36,clang-scalar,20260917,877,16,measure,29,small,sum_one,uniform,4,262144,1000327,11,11,6027757896494481408,6027757896494481408,1
36,clang-scalar,20260917,878,16,measure,30,branch,sum_if,p000,65536,1,20319,11,11,0,0,1
36,clang-scalar,20260917,879,16,measure,31,branch,sum_if,p100,65536,1,20326,11,11,3083979731501324985,3083979731501324985,1
36,clang-scalar,20260917,880,16,measure,32,branch,filter_copy_mask,p250,65536,1,28052,11,11,16384,16384,1
36,clang-scalar,20260917,881,16,measure,33,branch,sum_if,p1000,65536,1,20281,11,11,4485739283943968327,4485739283943968327,1
36,clang-scalar,20260917,882,16,measure,34,branch,filter_copy,p900,65536,1,95610,11,11,58982,58982,1
36,clang-scalar,20260917,883,16,measure,35,small,sum_one,uniform,96,10922,216345,11,11,1966801938065649448,1966801938065649448,1
36,clang-scalar,20260917,884,16,measure,36,dependency,sum_one_bis,uniform,65536,64,1682785,11,11,1190735372877940864,1190735372877940864,1
36,clang-scalar,20260917,885,16,measure,37,branch,sum_if,p750,65536,1,20273,11,11,14586442889165806448,14586442889165806448,1
36,clang-scalar,20260917,886,16,measure,38,branch,filter_copy,p500_alternating,65536,1,20059,11,11,32768,32768,1
36,clang-scalar,20260917,887,16,measure,39,small,sum_one,uniform,512,2048,375150,11,11,6127788314265579520,6127788314265579520,1
36,clang-scalar,20260917,888,16,measure,40,branch,filter_copy,p250,65536,1,204092,11,11,16384,16384,1
36,clang-scalar,20260917,889,16,measure,41,branch,sum_if,p900,65536,1,20369,11,11,1957202038211152021,1957202038211152021,1
36,clang-scalar,20260917,890,16,measure,42,dependency,chain_xor_mul,uniform,65536,64,6744696,11,11,5299772668389481216,5299772668389481216,1
36,clang-scalar,20260917,891,16,measure,43,branch,filter_copy_mask,p500_sorted,65536,1,26790,11,11,32768,32768,1
36,clang-scalar,20260917,892,16,measure,44,small,sum_one,uniform,256,4096,311154,11,11,12471836693395644416,12471836693395644416,1
36,clang-scalar,20260917,893,16,measure,45,small,sum_one,uniform,48,21845,195278,11,11,18173204259618227916,18173204259618227916,1
36,clang-scalar,20260917,894,16,measure,46,small,sum_one,uniform,128,8192,231360,11,11,17503531059042279424,17503531059042279424,1
36,clang-scalar,20260917,895,16,measure,47,branch,filter_copy_mask,p500,65536,1,31699,11,11,32768,32768,1
36,clang-scalar,20260917,896,16,measure,48,branch,sum_if,p500_alternating,65536,1,20251,11,11,4196774058536912234,4196774058536912234,1
36,clang-scalar,20260917,897,16,measure,49,branch,filter_copy,p000,65536,1,19815,11,11,0,0,1
36,clang-scalar,20260917,898,16,measure,50,small,sum_one,uniform,8,131072,373224,11,11,11724155215337095168,11724155215337095168,1
36,clang-scalar,20260917,899,16,measure,51,small,sum_one,uniform,192,5461,274150,11,11,17901819518249685373,17901819518249685373,1
36,clang-scalar,20260917,900,16,measure,52,branch,filter_copy,p750,65536,1,192783,11,11,49152,49152,1
36,clang-scalar,20260917,901,17,measure,0,branch,sum_if,p100,65536,1,20181,11,11,3083979731501324985,3083979731501324985,1
36,clang-scalar,20260917,902,17,measure,1,small,sum_one,uniform,192,5461,269928,11,11,17901819518249685373,17901819518249685373,1
36,clang-scalar,20260917,903,17,measure,2,branch,sum_if,p900,65536,1,20253,11,11,1957202038211152021,1957202038211152021,1
36,clang-scalar,20260917,904,17,measure,3,branch,sum_if,p500_sorted,65536,1,20286,11,11,2213941836433581612,2213941836433581612,1
36,clang-scalar,20260917,905,17,measure,4,small,sum_one,uniform,768,1365,396756,11,11,6760326044614544011,6760326044614544011,1
36,clang-scalar,20260917,906,17,measure,5,branch,filter_copy,p1000,65536,1,25850,11,11,65536,65536,1
36,clang-scalar,20260917,907,17,measure,6,branch,filter_copy,p250,65536,1,205374,11,11,16384,16384,1
36,clang-scalar,20260917,908,17,measure,7,branch,filter_copy_mask,p100,65536,1,28130,11,11,6554,6554,1
36,clang-scalar,20260917,909,17,measure,8,small,sum_one,uniform,12,87381,400769,11,11,18208879310165819389,18208879310165819389,1
36,clang-scalar,20260917,910,17,measure,9,branch,filter_copy_mask,p500,65536,1,27057,11,11,32768,32768,1
36,clang-scalar,20260917,911,17,measure,10,small,sum_one,uniform,1024,1024,399999,11,11,6113767114656410624,6113767114656410624,1
36,clang-scalar,20260917,912,17,measure,11,branch,sum_if,p750,65536,1,20381,11,11,14586442889165806448,14586442889165806448,1
36,clang-scalar,20260917,913,17,measure,12,branch,filter_copy_mask,p900,65536,1,27129,11,11,58982,58982,1
36,clang-scalar,20260917,914,17,measure,13,small,sum_one,uniform,24,43690,248758,11,11,5019437447312423050,5019437447312423050,1
36,clang-scalar,20260917,915,17,measure,14,branch,filter_copy_mask,p500_alternating,65536,1,27030,11,11,32768,32768,1
36,clang-scalar,20260917,916,17,measure,15,small,sum_one,uniform,8,131072,367795,11,11,11724155215337095168,11724155215337095168,1
36,clang-scalar,20260917,917,17,measure,16,branch,filter_copy_mask,p750,65536,1,27095,11,11,49152,49152,1
36,clang-scalar,20260917,918,17,measure,17,dependency,sum_four,uniform,65536,64,1176376,11,11,1190735372877940864,1190735372877940864,1
36,clang-scalar,20260917,919,17,measure,18,branch,filter_copy,p500_alternating,65536,1,20038,11,11,32768,32768,1
36,clang-scalar,20260917,920,17,measure,19,dependency,sum_twice,uniform,65536,64,3375169,11,11,2381470745755881728,2381470745755881728,1
36,clang-scalar,20260917,921,17,measure,20,small,sum_one,uniform,1,1048576,2111023,11,11,8452580083670974464,8452580083670974464,1
36,clang-scalar,20260917,922,17,measure,21,branch,filter_copy_mask,p250,65536,1,28211,11,11,16384,16384,1
36,clang-scalar,20260917,923,17,measure,22,small,sum_one,uniform,256,4096,320556,11,11,12471836693395644416,12471836693395644416,1
36,clang-scalar,20260917,924,17,measure,23,branch,filter_copy,p750,65536,1,194997,11,11,49152,49152,1
36,clang-scalar,20260917,925,17,measure,24,dependency,chain_xor_mul,uniform,65536,64,6763286,11,11,5299772668389481216,5299772668389481216,1
36,clang-scalar,20260917,926,17,measure,25,dependency,sum_one_bis,uniform,65536,64,1685233,11,11,1190735372877940864,1190735372877940864,1
36,clang-scalar,20260917,927,17,measure,26,small,sum_one,uniform,2,524288,1339579,11,11,14489530702789345280,14489530702789345280,1
36,clang-scalar,20260917,928,17,measure,27,small,sum_one,uniform,6,174762,839701,11,11,4529353940760067638,4529353940760067638,1
36,clang-scalar,20260917,929,17,measure,28,small,sum_one,uniform,96,10922,213666,11,11,1966801938065649448,1966801938065649448,1
36,clang-scalar,20260917,930,17,measure,29,small,sum_one,uniform,64,16384,192369,11,11,14815439244071927808,14815439244071927808,1
36,clang-scalar,20260917,931,17,measure,30,small,sum_one,uniform,384,2730,358123,11,11,5767785928059657782,5767785928059657782,1
36,clang-scalar,20260917,932,17,measure,31,small,sum_one,uniform,48,21845,195383,11,11,18173204259618227916,18173204259618227916,1
36,clang-scalar,20260917,933,17,measure,32,branch,filter_copy,p500,65536,1,504212,11,11,32768,32768,1
36,clang-scalar,20260917,934,17,measure,33,branch,filter_copy,p500_sorted,65536,1,22157,11,11,32768,32768,1
36,clang-scalar,20260917,935,17,measure,34,dependency,split_xor_mul,uniform,65536,64,1687159,11,11,8310383708453772032,8310383708453772032,1
36,clang-scalar,20260917,936,17,measure,35,branch,sum_if,p1000,65536,1,25847,11,11,4485739283943968327,4485739283943968327,1
36,clang-scalar,20260917,937,17,measure,36,small,sum_one,uniform,16,65536,259437,11,11,1403062601089810432,1403062601089810432,1
36,clang-scalar,20260917,938,17,measure,37,small,sum_one,uniform,128,8192,231454,11,11,17503531059042279424,17503531059042279424,1
36,clang-scalar,20260917,939,17,measure,38,branch,filter_copy,p100,65536,1,108604,11,11,6554,6554,1
36,clang-scalar,20260917,940,17,measure,39,dependency,sum_one,uniform,65536,64,1689477,11,11,1190735372877940864,1190735372877940864,1
36,clang-scalar,20260917,941,17,measure,40,branch,sum_if,p500,65536,1,20230,11,11,261284744287062128,261284744287062128,1
36,clang-scalar,20260917,942,17,measure,41,branch,filter_copy_mask,p1000,65536,1,27173,11,11,65536,65536,1
36,clang-scalar,20260917,943,17,measure,42,small,sum_one,uniform,3,349525,1266873,11,11,9690214761957071044,9690214761957071044,1
36,clang-scalar,20260917,944,17,measure,43,small,sum_one,uniform,4,262144,1032704,11,11,6027757896494481408,6027757896494481408,1
36,clang-scalar,20260917,945,17,measure,44,branch,filter_copy_mask,p500_sorted,65536,1,26635,11,11,32768,32768,1
36,clang-scalar,20260917,946,17,measure,45,branch,filter_copy_mask,p000,65536,1,27038,11,11,0,0,1
36,clang-scalar,20260917,947,17,measure,46,branch,filter_copy,p900,65536,1,95933,11,11,58982,58982,1
36,clang-scalar,20260917,948,17,measure,47,branch,sum_if,p500_alternating,65536,1,20311,11,11,4196774058536912234,4196774058536912234,1
36,clang-scalar,20260917,949,17,measure,48,branch,filter_copy,p000,65536,1,19862,11,11,0,0,1
36,clang-scalar,20260917,950,17,measure,49,branch,sum_if,p250,65536,1,20396,11,11,75766260937212688,75766260937212688,1
36,clang-scalar,20260917,951,17,measure,50,branch,sum_if,p000,65536,1,20290,11,11,0,0,1
36,clang-scalar,20260917,952,17,measure,51,small,sum_one,uniform,32,32768,214150,11,11,4730905112462327808,4730905112462327808,1
36,clang-scalar,20260917,953,17,measure,52,small,sum_one,uniform,512,2048,382255,11,11,6127788314265579520,6127788314265579520,1
36,clang-scalar,20260917,954,18,measure,0,branch,filter_copy,p500_sorted,65536,1,22814,11,11,32768,32768,1
36,clang-scalar,20260917,955,18,measure,1,branch,filter_copy,p100,65536,1,116103,11,11,6554,6554,1
36,clang-scalar,20260917,956,18,measure,2,branch,filter_copy_mask,p500_alternating,65536,1,27651,11,11,32768,32768,1
36,clang-scalar,20260917,957,18,measure,3,branch,sum_if,p250,65536,1,20259,11,11,75766260937212688,75766260937212688,1
36,clang-scalar,20260917,958,18,measure,4,small,sum_one,uniform,1,1048576,2192270,11,11,8452580083670974464,8452580083670974464,1
36,clang-scalar,20260917,959,18,measure,5,branch,filter_copy_mask,p900,65536,1,28286,11,11,58982,58982,1
36,clang-scalar,20260917,960,18,measure,6,branch,sum_if,p100,65536,1,21180,11,11,3083979731501324985,3083979731501324985,1
36,clang-scalar,20260917,961,18,measure,7,small,sum_one,uniform,512,2048,391972,11,11,6127788314265579520,6127788314265579520,1
36,clang-scalar,20260917,962,18,measure,8,branch,sum_if,p500_sorted,65536,1,21164,11,11,2213941836433581612,2213941836433581612,1
36,clang-scalar,20260917,963,18,measure,9,small,sum_one,uniform,32,32768,223446,11,11,4730905112462327808,4730905112462327808,1
36,clang-scalar,20260917,964,18,measure,10,dependency,split_xor_mul,uniform,65536,64,1764229,11,11,8310383708453772032,8310383708453772032,1
36,clang-scalar,20260917,965,18,measure,11,branch,filter_copy_mask,p500_sorted,65536,1,28403,11,11,32768,32768,1
36,clang-scalar,20260917,966,18,measure,12,branch,filter_copy,p750,65536,1,200505,11,11,49152,49152,1
36,clang-scalar,20260917,967,18,measure,13,branch,sum_if,p500,65536,1,21131,11,11,261284744287062128,261284744287062128,1
36,clang-scalar,20260917,968,18,measure,14,small,sum_one,uniform,16,65536,301145,11,11,1403062601089810432,1403062601089810432,1
36,clang-scalar,20260917,969,18,measure,15,small,sum_one,uniform,96,10922,229035,11,11,1966801938065649448,1966801938065649448,1
36,clang-scalar,20260917,970,18,measure,16,branch,sum_if,p750,65536,1,21146,11,11,14586442889165806448,14586442889165806448,1
36,clang-scalar,20260917,971,18,measure,17,dependency,sum_one_bis,uniform,65536,64,1702663,11,11,1190735372877940864,1190735372877940864,1
36,clang-scalar,20260917,972,18,measure,18,branch,filter_copy_mask,p100,65536,1,29523,11,11,6554,6554,1
36,clang-scalar,20260917,973,18,measure,19,small,sum_one,uniform,256,4096,307391,11,11,12471836693395644416,12471836693395644416,1
36,clang-scalar,20260917,974,18,measure,20,branch,filter_copy,p500,65536,1,330265,11,11,32768,32768,1
36,clang-scalar,20260917,975,18,measure,21,branch,filter_copy,p900,65536,1,95264,11,11,58982,58982,1
36,clang-scalar,20260917,976,18,measure,22,small,sum_one,uniform,64,16384,193240,11,11,14815439244071927808,14815439244071927808,1
36,clang-scalar,20260917,977,18,measure,23,branch,sum_if,p000,65536,1,20308,11,11,0,0,1
36,clang-scalar,20260917,978,18,measure,24,dependency,sum_twice,uniform,65536,64,3368935,11,11,2381470745755881728,2381470745755881728,1
36,clang-scalar,20260917,979,18,measure,25,dependency,sum_four,uniform,65536,64,1107795,11,11,1190735372877940864,1190735372877940864,1
36,clang-scalar,20260917,980,18,measure,26,small,sum_one,uniform,768,1365,389640,11,11,6760326044614544011,6760326044614544011,1
36,clang-scalar,20260917,981,18,measure,27,small,sum_one,uniform,48,21845,195431,11,11,18173204259618227916,18173204259618227916,1
36,clang-scalar,20260917,982,18,measure,28,branch,sum_if,p900,65536,1,20351,11,11,1957202038211152021,1957202038211152021,1
36,clang-scalar,20260917,983,18,measure,29,branch,filter_copy_mask,p750,65536,1,27673,11,11,49152,49152,1
36,clang-scalar,20260917,984,18,measure,30,small,sum_one,uniform,8,131072,367854,11,11,11724155215337095168,11724155215337095168,1
36,clang-scalar,20260917,985,18,measure,31,branch,filter_copy,p250,65536,1,204023,11,11,16384,16384,1
36,clang-scalar,20260917,986,18,measure,32,small,sum_one,uniform,2,524288,1295958,11,11,14489530702789345280,14489530702789345280,1
36,clang-scalar,20260917,987,18,measure,33,small,sum_one,uniform,1024,1024,399690,11,11,6113767114656410624,6113767114656410624,1
36,clang-scalar,20260917,988,18,measure,34,branch,filter_copy_mask,p250,65536,1,27589,11,11,16384,16384,1
36,clang-scalar,20260917,989,18,measure,35,branch,filter_copy,p000,65536,1,19807,11,11,0,0,1
36,clang-scalar,20260917,990,18,measure,36,small,sum_one,uniform,12,87381,367835,11,11,18208879310165819389,18208879310165819389,1
36,clang-scalar,20260917,991,18,measure,37,small,sum_one,uniform,128,8192,231520,11,11,17503531059042279424,17503531059042279424,1
36,clang-scalar,20260917,992,18,measure,38,small,sum_one,uniform,6,174762,812163,11,11,4529353940760067638,4529353940760067638,1
36,clang-scalar,20260917,993,18,measure,39,branch,sum_if,p500_alternating,65536,1,20337,11,11,4196774058536912234,4196774058536912234,1
36,clang-scalar,20260917,994,18,measure,40,branch,filter_copy,p500_alternating,65536,1,20134,11,11,32768,32768,1
36,clang-scalar,20260917,995,18,measure,41,branch,filter_copy_mask,p1000,65536,1,26884,11,11,65536,65536,1
36,clang-scalar,20260917,996,18,measure,42,branch,filter_copy_mask,p000,65536,1,27145,11,11,0,0,1
36,clang-scalar,20260917,997,18,measure,43,branch,filter_copy,p1000,65536,1,24431,11,11,65536,65536,1
36,clang-scalar,20260917,998,18,measure,44,dependency,chain_xor_mul,uniform,65536,64,6738325,11,11,5299772668389481216,5299772668389481216,1
36,clang-scalar,20260917,999,18,measure,45,small,sum_one,uniform,384,2730,361870,11,11,5767785928059657782,5767785928059657782,1
36,clang-scalar,20260917,1000,18,measure,46,small,sum_one,uniform,24,43690,245201,11,11,5019437447312423050,5019437447312423050,1
36,clang-scalar,20260917,1001,18,measure,47,small,sum_one,uniform,192,5461,270118,11,11,17901819518249685373,17901819518249685373,1
36,clang-scalar,20260917,1002,18,measure,48,small,sum_one,uniform,3,349525,1127300,11,11,9690214761957071044,9690214761957071044,1
36,clang-scalar,20260917,1003,18,measure,49,branch,filter_copy_mask,p500,65536,1,29510,11,11,32768,32768,1
36,clang-scalar,20260917,1004,18,measure,50,dependency,sum_one,uniform,65536,64,1697841,11,11,1190735372877940864,1190735372877940864,1
36,clang-scalar,20260917,1005,18,measure,51,branch,sum_if,p1000,65536,1,20346,11,11,4485739283943968327,4485739283943968327,1
36,clang-scalar,20260917,1006,18,measure,52,small,sum_one,uniform,4,262144,1000711,11,11,6027757896494481408,6027757896494481408,1
36,clang-scalar,20260917,1007,19,measure,0,dependency,chain_xor_mul,uniform,65536,64,6772592,11,11,5299772668389481216,5299772668389481216,1
36,clang-scalar,20260917,1008,19,measure,1,dependency,sum_one_bis,uniform,65536,64,1684221,11,11,1190735372877940864,1190735372877940864,1
36,clang-scalar,20260917,1009,19,measure,2,branch,sum_if,p500_sorted,65536,1,20398,11,11,2213941836433581612,2213941836433581612,1
36,clang-scalar,20260917,1010,19,measure,3,branch,filter_copy,p000,65536,1,19766,11,11,0,0,1
36,clang-scalar,20260917,1011,19,measure,4,branch,filter_copy,p250,65536,1,199763,11,11,16384,16384,1
36,clang-scalar,20260917,1012,19,measure,5,small,sum_one,uniform,256,4096,307458,11,11,12471836693395644416,12471836693395644416,1
36,clang-scalar,20260917,1013,19,measure,6,branch,sum_if,p250,65536,1,20233,11,11,75766260937212688,75766260937212688,1
36,clang-scalar,20260917,1014,19,measure,7,branch,filter_copy,p750,65536,1,197173,11,11,49152,49152,1
36,clang-scalar,20260917,1015,19,measure,8,small,sum_one,uniform,24,43690,232594,11,11,5019437447312423050,5019437447312423050,1
36,clang-scalar,20260917,1016,19,measure,9,branch,filter_copy_mask,p1000,65536,1,26709,11,11,65536,65536,1
36,clang-scalar,20260917,1017,19,measure,10,small,sum_one,uniform,48,21845,192330,11,11,18173204259618227916,18173204259618227916,1
36,clang-scalar,20260917,1018,19,measure,11,branch,sum_if,p900,65536,1,20324,11,11,1957202038211152021,1957202038211152021,1
36,clang-scalar,20260917,1019,19,measure,12,small,sum_one,uniform,96,10922,219940,11,11,1966801938065649448,1966801938065649448,1
36,clang-scalar,20260917,1020,19,measure,13,branch,sum_if,p1000,65536,1,20292,11,11,4485739283943968327,4485739283943968327,1
36,clang-scalar,20260917,1021,19,measure,14,branch,filter_copy,p500_sorted,65536,1,22486,11,11,32768,32768,1
36,clang-scalar,20260917,1022,19,measure,15,small,sum_one,uniform,1,1048576,2113798,11,11,8452580083670974464,8452580083670974464,1
36,clang-scalar,20260917,1023,19,measure,16,branch,filter_copy_mask,p500_sorted,65536,1,26634,11,11,32768,32768,1
36,clang-scalar,20260917,1024,19,measure,17,branch,filter_copy_mask,p900,65536,1,27327,11,11,58982,58982,1
36,clang-scalar,20260917,1025,19,measure,18,dependency,sum_one,uniform,65536,64,1747343,11,11,1190735372877940864,1190735372877940864,1
36,clang-scalar,20260917,1026,19,measure,19,small,sum_one,uniform,16,65536,295713,11,11,1403062601089810432,1403062601089810432,1
36,clang-scalar,20260917,1027,19,measure,20,branch,filter_copy,p500_alternating,65536,1,22506,11,11,32768,32768,1
36,clang-scalar,20260917,1028,19,measure,21,branch,sum_if,p000,65536,1,20387,11,11,0,0,1
36,clang-scalar,20260917,1029,19,measure,22,branch,sum_if,p500,65536,1,20375,11,11,261284744287062128,261284744287062128,1
36,clang-scalar,20260917,1030,19,measure,23,small,sum_one,uniform,12,87381,370514,11,11,18208879310165819389,18208879310165819389,1
36,clang-scalar,20260917,1031,19,measure,24,branch,sum_if,p500_alternating,65536,1,20322,11,11,4196774058536912234,4196774058536912234,1
36,clang-scalar,20260917,1032,19,measure,25,branch,filter_copy,p100,65536,1,107680,11,11,6554,6554,1
36,clang-scalar,20260917,1033,19,measure,26,branch,sum_if,p100,65536,1,20273,11,11,3083979731501324985,3083979731501324985,1
36,clang-scalar,20260917,1034,19,measure,27,small,sum_one,uniform,768,1365,391067,11,11,6760326044614544011,6760326044614544011,1
36,clang-scalar,20260917,1035,19,measure,28,dependency,split_xor_mul,uniform,65536,64,1695665,11,11,8310383708453772032,8310383708453772032,1
36,clang-scalar,20260917,1036,19,measure,29,branch,filter_copy_mask,p750,65536,1,26881,11,11,49152,49152,1
36,clang-scalar,20260917,1037,19,measure,30,small,sum_one,uniform,384,2730,361578,11,11,5767785928059657782,5767785928059657782,1
36,clang-scalar,20260917,1038,19,measure,31,small,sum_one,uniform,3,349525,1127202,11,11,9690214761957071044,9690214761957071044,1
36,clang-scalar,20260917,1039,19,measure,32,small,sum_one,uniform,2,524288,1325696,11,11,14489530702789345280,14489530702789345280,1
36,clang-scalar,20260917,1040,19,measure,33,branch,filter_copy_mask,p500_alternating,65536,1,27075,11,11,32768,32768,1
36,clang-scalar,20260917,1041,19,measure,34,dependency,sum_four,uniform,65536,64,1105929,11,11,1190735372877940864,1190735372877940864,1
36,clang-scalar,20260917,1042,19,measure,35,small,sum_one,uniform,512,2048,382704,11,11,6127788314265579520,6127788314265579520,1
36,clang-scalar,20260917,1043,19,measure,36,small,sum_one,uniform,192,5461,271394,11,11,17901819518249685373,17901819518249685373,1
36,clang-scalar,20260917,1044,19,measure,37,branch,filter_copy,p1000,65536,1,24733,11,11,65536,65536,1
36,clang-scalar,20260917,1045,19,measure,38,small,sum_one,uniform,4,262144,1025339,11,11,6027757896494481408,6027757896494481408,1
36,clang-scalar,20260917,1046,19,measure,39,small,sum_one,uniform,6,174762,873430,11,11,4529353940760067638,4529353940760067638,1
36,clang-scalar,20260917,1047,19,measure,40,small,sum_one,uniform,8,131072,370174,11,11,11724155215337095168,11724155215337095168,1
36,clang-scalar,20260917,1048,19,measure,41,branch,filter_copy,p500,65536,1,327687,11,11,32768,32768,1
36,clang-scalar,20260917,1049,19,measure,42,small,sum_one,uniform,128,8192,237429,11,11,17503531059042279424,17503531059042279424,1
36,clang-scalar,20260917,1050,19,measure,43,branch,filter_copy_mask,p000,65536,1,27022,11,11,0,0,1
36,clang-scalar,20260917,1051,19,measure,44,branch,filter_copy_mask,p500,65536,1,27192,11,11,32768,32768,1
36,clang-scalar,20260917,1052,19,measure,45,branch,filter_copy,p900,65536,1,95005,11,11,58982,58982,1
36,clang-scalar,20260917,1053,19,measure,46,small,sum_one,uniform,1024,1024,400899,11,11,6113767114656410624,6113767114656410624,1
36,clang-scalar,20260917,1054,19,measure,47,branch,filter_copy_mask,p250,65536,1,28117,11,11,16384,16384,1
36,clang-scalar,20260917,1055,19,measure,48,branch,sum_if,p750,65536,1,20363,11,11,14586442889165806448,14586442889165806448,1
36,clang-scalar,20260917,1056,19,measure,49,small,sum_one,uniform,64,16384,190533,11,11,14815439244071927808,14815439244071927808,1
36,clang-scalar,20260917,1057,19,measure,50,dependency,sum_twice,uniform,65536,64,3372567,11,11,2381470745755881728,2381470745755881728,1
36,clang-scalar,20260917,1058,19,measure,51,branch,filter_copy_mask,p100,65536,1,28249,11,11,6554,6554,1
36,clang-scalar,20260917,1059,19,measure,52,small,sum_one,uniform,32,32768,223143,11,11,4730905112462327808,4730905112462327808,1
36,clang-scalar,20260917,1060,20,measure,0,branch,sum_if,p500_sorted,65536,1,21146,11,11,2213941836433581612,2213941836433581612,1
36,clang-scalar,20260917,1061,20,measure,1,branch,filter_copy,p250,65536,1,204842,11,11,16384,16384,1
36,clang-scalar,20260917,1062,20,measure,2,branch,filter_copy,p000,65536,1,19790,11,11,0,0,1
36,clang-scalar,20260917,1063,20,measure,3,small,sum_one,uniform,512,2048,381474,11,11,6127788314265579520,6127788314265579520,1
36,clang-scalar,20260917,1064,20,measure,4,branch,sum_if,p1000,65536,1,20260,11,11,4485739283943968327,4485739283943968327,1
36,clang-scalar,20260917,1065,20,measure,5,small,sum_one,uniform,768,1365,389392,11,11,6760326044614544011,6760326044614544011,1
36,clang-scalar,20260917,1066,20,measure,6,dependency,sum_twice,uniform,65536,64,3375480,11,11,2381470745755881728,2381470745755881728,1
36,clang-scalar,20260917,1067,20,measure,7,small,sum_one,uniform,48,21845,195386,11,11,18173204259618227916,18173204259618227916,1
36,clang-scalar,20260917,1068,20,measure,8,branch,filter_copy,p750,65536,1,192805,11,11,49152,49152,1
36,clang-scalar,20260917,1069,20,measure,9,branch,filter_copy_mask,p500,65536,1,26999,11,11,32768,32768,1
36,clang-scalar,20260917,1070,20,measure,10,small,sum_one,uniform,16,65536,291019,11,11,1403062601089810432,1403062601089810432,1
36,clang-scalar,20260917,1071,20,measure,11,dependency,chain_xor_mul,uniform,65536,64,6740661,11,11,5299772668389481216,5299772668389481216,1
36,clang-scalar,20260917,1072,20,measure,12,branch,filter_copy_mask,p500_alternating,65536,1,29482,11,11,32768,32768,1
36,clang-scalar,20260917,1073,20,measure,13,branch,filter_copy,p1000,65536,1,24846,11,11,65536,65536,1
36,clang-scalar,20260917,1074,20,measure,14,dependency,sum_one,uniform,65536,64,1686703,11,11,1190735372877940864,1190735372877940864,1
36,clang-scalar,20260917,1075,20,measure,15,branch,sum_if,p500,65536,1,20343,11,11,261284744287062128,261284744287062128,1
36,clang-scalar,20260917,1076,20,measure,16,branch,filter_copy_mask,p750,65536,1,27547,11,11,49152,49152,1
36,clang-scalar,20260917,1077,20,measure,17,branch,filter_copy_mask,p1000,65536,1,26570,11,11,65536,65536,1
36,clang-scalar,20260917,1078,20,measure,18,branch,filter_copy,p500,65536,1,329788,11,11,32768,32768,1
36,clang-scalar,20260917,1079,20,measure,19,small,sum_one,uniform,12,87381,367791,11,11,18208879310165819389,18208879310165819389,1
36,clang-scalar,20260917,1080,20,measure,20,branch,sum_if,p750,65536,1,20321,11,11,14586442889165806448,14586442889165806448,1
36,clang-scalar,20260917,1081,20,measure,21,branch,filter_copy_mask,p100,65536,1,27855,11,11,6554,6554,1
36,clang-scalar,20260917,1082,20,measure,22,small,sum_one,uniform,2,524288,1262956,11,11,14489530702789345280,14489530702789345280,1
36,clang-scalar,20260917,1083,20,measure,23,small,sum_one,uniform,96,10922,213754,11,11,1966801938065649448,1966801938065649448,1
36,clang-scalar,20260917,1084,20,measure,24,branch,sum_if,p000,65536,1,20305,11,11,0,0,1
36,clang-scalar,20260917,1085,20,measure,25,small,sum_one,uniform,8,131072,367824,11,11,11724155215337095168,11724155215337095168,1
36,clang-scalar,20260917,1086,20,measure,26,branch,filter_copy_mask,p900,65536,1,27255,11,11,58982,58982,1
36,clang-scalar,20260917,1087,20,measure,27,branch,filter_copy_mask,p500_sorted,65536,1,26622,11,11,32768,32768,1
36,clang-scalar,20260917,1088,20,measure,28,small,sum_one,uniform,6,174762,808403,11,11,4529353940760067638,4529353940760067638,1
36,clang-scalar,20260917,1089,20,measure,29,dependency,sum_four,uniform,65536,64,1113044,11,11,1190735372877940864,1190735372877940864,1
36,clang-scalar,20260917,1090,20,measure,30,branch,filter_copy,p500_alternating,65536,1,19997,11,11,32768,32768,1
36,clang-scalar,20260917,1091,20,measure,31,branch,filter_copy_mask,p000,65536,1,27140,11,11,0,0,1
36,clang-scalar,20260917,1092,20,measure,32,branch,filter_copy,p100,65536,1,106536,11,11,6554,6554,1
36,clang-scalar,20260917,1093,20,measure,33,branch,sum_if,p250,65536,1,20345,11,11,75766260937212688,75766260937212688,1
36,clang-scalar,20260917,1094,20,measure,34,small,sum_one,uniform,24,43690,234210,11,11,5019437447312423050,5019437447312423050,1
36,clang-scalar,20260917,1095,20,measure,35,small,sum_one,uniform,128,8192,231394,11,11,17503531059042279424,17503531059042279424,1
36,clang-scalar,20260917,1096,20,measure,36,small,sum_one,uniform,3,349525,1130064,11,11,9690214761957071044,9690214761957071044,1
36,clang-scalar,20260917,1097,20,measure,37,small,sum_one,uniform,32,32768,209273,11,11,4730905112462327808,4730905112462327808,1
36,clang-scalar,20260917,1098,20,measure,38,branch,sum_if,p500_alternating,65536,1,20355,11,11,4196774058536912234,4196774058536912234,1
36,clang-scalar,20260917,1099,20,measure,39,small,sum_one,uniform,192,5461,271595,11,11,17901819518249685373,17901819518249685373,1
36,clang-scalar,20260917,1100,20,measure,40,small,sum_one,uniform,64,16384,190461,11,11,14815439244071927808,14815439244071927808,1
36,clang-scalar,20260917,1101,20,measure,41,dependency,sum_one_bis,uniform,65536,64,1696831,11,11,1190735372877940864,1190735372877940864,1
36,clang-scalar,20260917,1102,20,measure,42,small,sum_one,uniform,1,1048576,2203619,11,11,8452580083670974464,8452580083670974464,1
36,clang-scalar,20260917,1103,20,measure,43,branch,filter_copy,p500_sorted,65536,1,24093,11,11,32768,32768,1
36,clang-scalar,20260917,1104,20,measure,44,small,sum_one,uniform,4,262144,1000683,11,11,6027757896494481408,6027757896494481408,1
36,clang-scalar,20260917,1105,20,measure,45,branch,sum_if,p900,65536,1,20366,11,11,1957202038211152021,1957202038211152021,1
36,clang-scalar,20260917,1106,20,measure,46,small,sum_one,uniform,256,4096,307517,11,11,12471836693395644416,12471836693395644416,1
36,clang-scalar,20260917,1107,20,measure,47,small,sum_one,uniform,384,2730,360048,11,11,5767785928059657782,5767785928059657782,1
36,clang-scalar,20260917,1108,20,measure,48,branch,sum_if,p100,65536,1,20213,11,11,3083979731501324985,3083979731501324985,1
36,clang-scalar,20260917,1109,20,measure,49,small,sum_one,uniform,1024,1024,397879,11,11,6113767114656410624,6113767114656410624,1
36,clang-scalar,20260917,1110,20,measure,50,dependency,split_xor_mul,uniform,65536,64,1691484,11,11,8310383708453772032,8310383708453772032,1
36,clang-scalar,20260917,1111,20,measure,51,branch,filter_copy_mask,p250,65536,1,27796,11,11,16384,16384,1
36,clang-scalar,20260917,1112,20,measure,52,branch,filter_copy,p900,65536,1,95678,11,11,58982,58982,1
