run_id,build,seed,sample,round,phase,position,part,label,dataset,n,calls,elapsed_ns,cpu_before,cpu_after,result,expected,output_ok
4,gcc-scalar,20260917,0,0,warmup,0,dependency,sum_one,uniform,65536,64,1916343,11,11,1190735372877940864,1190735372877940864,1
4,gcc-scalar,20260917,1,0,warmup,1,small,sum_one,uniform,384,2730,552242,11,11,5767785928059657782,5767785928059657782,1
4,gcc-scalar,20260917,2,0,warmup,2,branch,filter_copy_mask,p1000,65536,1,78412,11,11,65536,65536,1
4,gcc-scalar,20260917,3,0,warmup,3,branch,filter_copy,p100,65536,1,151229,11,11,6554,6554,1
4,gcc-scalar,20260917,4,0,warmup,4,small,sum_one,uniform,256,4096,452432,11,11,12471836693395644416,12471836693395644416,1
4,gcc-scalar,20260917,5,0,warmup,5,small,sum_one,uniform,128,8192,627666,11,11,17503531059042279424,17503531059042279424,1
4,gcc-scalar,20260917,6,0,warmup,6,small,sum_one,uniform,768,1365,513106,11,11,6760326044614544011,6760326044614544011,1
4,gcc-scalar,20260917,7,0,warmup,7,branch,filter_copy_mask,p500,65536,1,42577,11,11,32768,32768,1
4,gcc-scalar,20260917,8,0,warmup,8,branch,filter_copy,p000,65536,1,52638,11,11,0,0,1
4,gcc-scalar,20260917,9,0,warmup,9,dependency,sum_one_bis,uniform,65536,64,1705638,11,11,1190735372877940864,1190735372877940864,1
4,gcc-scalar,20260917,10,0,warmup,10,small,sum_one,uniform,3,349525,990201,11,11,9690214761957071044,9690214761957071044,1
4,gcc-scalar,20260917,11,0,warmup,11,branch,filter_copy,p900,65536,1,137883,11,11,58982,58982,1
4,gcc-scalar,20260917,12,0,warmup,12,branch,sum_if,p250,65536,1,260423,11,11,75766260937212688,75766260937212688,1
4,gcc-scalar,20260917,13,0,warmup,13,branch,filter_copy,p500_sorted,65536,1,30291,11,11,32768,32768,1
4,gcc-scalar,20260917,14,0,warmup,14,branch,filter_copy,p500_alternating,65536,1,26451,11,11,32768,32768,1
4,gcc-scalar,20260917,15,0,warmup,15,dependency,sum_four,uniform,65536,64,1132028,11,11,1190735372877940864,1190735372877940864,1
4,gcc-scalar,20260917,16,0,warmup,16,branch,filter_copy,p750,65536,1,255509,11,11,49152,49152,1
4,gcc-scalar,20260917,17,0,warmup,17,small,sum_one,uniform,16,65536,557257,11,11,1403062601089810432,1403062601089810432,1
4,gcc-scalar,20260917,18,0,warmup,18,small,sum_one,uniform,8,131072,688264,11,11,11724155215337095168,11724155215337095168,1
4,gcc-scalar,20260917,19,0,warmup,19,dependency,split_xor_mul,uniform,65536,64,2249664,11,11,8310383708453772032,8310383708453772032,1
4,gcc-scalar,20260917,20,0,warmup,20,small,sum_one,uniform,96,10922,475981,11,11,1966801938065649448,1966801938065649448,1
4,gcc-scalar,20260917,21,0,warmup,21,branch,filter_copy_mask,p250,65536,1,29936,11,11,16384,16384,1
4,gcc-scalar,20260917,22,0,warmup,22,small,sum_one,uniform,4,262144,896313,11,11,6027757896494481408,6027757896494481408,1
4,gcc-scalar,20260917,23,0,warmup,23,small,sum_one,uniform,512,2048,415816,11,11,6127788314265579520,6127788314265579520,1
4,gcc-scalar,20260917,24,0,warmup,24,branch,filter_copy_mask,p500_alternating,65536,1,33629,11,11,32768,32768,1
4,gcc-scalar,20260917,25,0,warmup,25,branch,sum_if,p1000,65536,1,26454,11,11,4485739283943968327,4485739283943968327,1
4,gcc-scalar,20260917,26,0,warmup,26,branch,sum_if,p000,65536,1,26402,11,11,0,0,1
4,gcc-scalar,20260917,27,0,warmup,27,branch,sum_if,p900,65536,1,136816,11,11,1957202038211152021,1957202038211152021,1
4,gcc-scalar,20260917,28,0,warmup,28,branch,filter_copy_mask,p100,65536,1,26911,11,11,6554,6554,1
4,gcc-scalar,20260917,29,0,warmup,29,small,sum_one,uniform,192,5461,407873,11,11,17901819518249685373,17901819518249685373,1
4,gcc-scalar,20260917,30,0,warmup,30,small,sum_one,uniform,64,16384,613587,11,11,14815439244071927808,14815439244071927808,1
4,gcc-scalar,20260917,31,0,warmup,31,small,sum_one,uniform,32,32768,486278,11,11,4730905112462327808,4730905112462327808,1
4,gcc-scalar,20260917,32,0,warmup,32,branch,filter_copy_mask,p000,65536,1,27261,11,11,0,0,1
4,gcc-scalar,20260917,33,0,warmup,33,branch,filter_copy,p500,65536,1,367646,11,11,32768,32768,1
4,gcc-scalar,20260917,34,0,warmup,34,branch,sum_if,p500_alternating,65536,1,26406,11,11,4196774058536912234,4196774058536912234,1
4,gcc-scalar,20260917,35,0,warmup,35,branch,sum_if,p500,65536,1,355947,11,11,261284744287062128,261284744287062128,1
4,gcc-scalar,20260917,36,0,warmup,36,small,sum_one,uniform,6,174762,735504,11,11,4529353940760067638,4529353940760067638,1
4,gcc-scalar,20260917,37,0,warmup,37,small,sum_one,uniform,1024,1024,425395,11,11,6113767114656410624,6113767114656410624,1
4,gcc-scalar,20260917,38,0,warmup,38,branch,filter_copy,p250,65536,1,262827,11,11,16384,16384,1
4,gcc-scalar,20260917,39,0,warmup,39,branch,filter_copy_mask,p500_sorted,65536,1,32699,11,11,32768,32768,1
4,gcc-scalar,20260917,40,0,warmup,40,small,sum_one,uniform,48,21845,657238,11,11,18173204259618227916,18173204259618227916,1
4,gcc-scalar,20260917,41,0,warmup,41,branch,sum_if,p500_sorted,65536,1,26467,11,11,2213941836433581612,2213941836433581612,1
4,gcc-scalar,20260917,42,0,warmup,42,dependency,sum_twice,uniform,65536,64,3376119,11,11,2381470745755881728,2381470745755881728,1
4,gcc-scalar,20260917,43,0,warmup,43,branch,filter_copy_mask,p900,65536,1,48996,11,11,58982,58982,1
4,gcc-scalar,20260917,44,0,warmup,44,dependency,chain_xor_mul,uniform,65536,64,6748265,11,11,5299772668389481216,5299772668389481216,1
4,gcc-scalar,20260917,45,0,warmup,45,branch,filter_copy,p1000,65536,1,36673,11,11,65536,65536,1
4,gcc-scalar,20260917,46,0,warmup,46,small,sum_one,uniform,1,1048576,1687073,11,11,8452580083670974464,8452580083670974464,1
4,gcc-scalar,20260917,47,0,warmup,47,branch,sum_if,p100,65536,1,151121,11,11,3083979731501324985,3083979731501324985,1
4,gcc-scalar,20260917,48,0,warmup,48,small,sum_one,uniform,12,87381,665599,11,11,18208879310165819389,18208879310165819389,1
4,gcc-scalar,20260917,49,0,warmup,49,small,sum_one,uniform,2,524288,1054891,11,11,14489530702789345280,14489530702789345280,1
4,gcc-scalar,20260917,50,0,warmup,50,small,sum_one,uniform,24,43690,515678,11,11,5019437447312423050,5019437447312423050,1
4,gcc-scalar,20260917,51,0,warmup,51,branch,sum_if,p750,65536,1,254541,11,11,14586442889165806448,14586442889165806448,1
4,gcc-scalar,20260917,52,0,warmup,52,branch,filter_copy_mask,p750,65536,1,35281,11,11,49152,49152,1
4,gcc-scalar,20260917,53,1,measure,0,branch,filter_copy_mask,p000,65536,1,27073,11,11,0,0,1
4,gcc-scalar,20260917,54,1,measure,1,small,sum_one,uniform,24,43690,507977,11,11,5019437447312423050,5019437447312423050,1
4,gcc-scalar,20260917,55,1,measure,2,branch,filter_copy_mask,p500_alternating,65536,1,29204,11,11,32768,32768,1
4,gcc-scalar,20260917,56,1,measure,3,dependency,sum_one,uniform,65536,64,1692727,11,11,1190735372877940864,1190735372877940864,1
4,gcc-scalar,20260917,57,1,measure,4,dependency,sum_four,uniform,65536,64,1124520,11,11,1190735372877940864,1190735372877940864,1
4,gcc-scalar,20260917,58,1,measure,5,small,sum_one,uniform,3,349525,986839,11,11,9690214761957071044,9690214761957071044,1
4,gcc-scalar,20260917,59,1,measure,6,small,sum_one,uniform,6,174762,738390,11,11,4529353940760067638,4529353940760067638,1
4,gcc-scalar,20260917,60,1,measure,7,branch,filter_copy_mask,p750,65536,1,71554,11,11,49152,49152,1
4,gcc-scalar,20260917,61,1,measure,8,small,sum_one,uniform,1024,1024,419068,11,11,6113767114656410624,6113767114656410624,1
4,gcc-scalar,20260917,62,1,measure,9,branch,filter_copy,p750,65536,1,255428,11,11,49152,49152,1
4,gcc-scalar,20260917,63,1,measure,10,dependency,chain_xor_mul,uniform,65536,64,6743360,11,11,5299772668389481216,5299772668389481216,1
4,gcc-scalar,20260917,64,1,measure,11,branch,filter_copy,p250,65536,1,261447,11,11,16384,16384,1
4,gcc-scalar,20260917,65,1,measure,12,branch,filter_copy_mask,p900,65536,1,40994,11,11,58982,58982,1
4,gcc-scalar,20260917,66,1,measure,13,dependency,sum_twice,uniform,65536,64,3374497,11,11,2381470745755881728,2381470745755881728,1
4,gcc-scalar,20260917,67,1,measure,14,branch,filter_copy,p500,65536,1,365816,11,11,32768,32768,1
4,gcc-scalar,20260917,68,1,measure,15,small,sum_one,uniform,64,16384,587573,11,11,14815439244071927808,14815439244071927808,1
4,gcc-scalar,20260917,69,1,measure,16,branch,sum_if,p900,65536,1,135739,11,11,1957202038211152021,1957202038211152021,1
4,gcc-scalar,20260917,70,1,measure,17,branch,sum_if,p000,65536,1,26414,11,11,0,0,1
4,gcc-scalar,20260917,71,1,measure,18,branch,sum_if,p500_sorted,65536,1,26961,11,11,2213941836433581612,2213941836433581612,1
4,gcc-scalar,20260917,72,1,measure,19,branch,filter_copy_mask,p500_sorted,65536,1,28848,11,11,32768,32768,1
4,gcc-scalar,20260917,73,1,measure,20,branch,filter_copy,p1000,65536,1,43952,11,11,65536,65536,1
4,gcc-scalar,20260917,74,1,measure,21,small,sum_one,uniform,16,65536,553298,11,11,1403062601089810432,1403062601089810432,1
4,gcc-scalar,20260917,75,1,measure,22,branch,filter_copy_mask,p1000,65536,1,27419,11,11,65536,65536,1
4,gcc-scalar,20260917,76,1,measure,23,branch,filter_copy_mask,p100,65536,1,26915,11,11,6554,6554,1
4,gcc-scalar,20260917,77,1,measure,24,branch,sum_if,p1000,65536,1,26623,11,11,4485739283943968327,4485739283943968327,1
4,gcc-scalar,20260917,78,1,measure,25,small,sum_one,uniform,32,32768,489666,11,11,4730905112462327808,4730905112462327808,1
4,gcc-scalar,20260917,79,1,measure,26,small,sum_one,uniform,512,2048,421428,11,11,6127788314265579520,6127788314265579520,1
4,gcc-scalar,20260917,80,1,measure,27,branch,filter_copy_mask,p500,65536,1,29866,11,11,32768,32768,1
4,gcc-scalar,20260917,81,1,measure,28,small,sum_one,uniform,384,2730,424150,11,11,5767785928059657782,5767785928059657782,1
4,gcc-scalar,20260917,82,1,measure,29,branch,sum_if,p500_alternating,65536,1,26392,11,11,4196774058536912234,4196774058536912234,1
4,gcc-scalar,20260917,83,1,measure,30,small,sum_one,uniform,1,1048576,1684749,11,11,8452580083670974464,8452580083670974464,1
4,gcc-scalar,20260917,84,1,measure,31,small,sum_one,uniform,8,131072,686218,11,11,11724155215337095168,11724155215337095168,1
4,gcc-scalar,20260917,85,1,measure,32,small,sum_one,uniform,256,4096,407387,11,11,12471836693395644416,12471836693395644416,1
4,gcc-scalar,20260917,86,1,measure,33,small,sum_one,uniform,4,262144,896090,11,11,6027757896494481408,6027757896494481408,1
4,gcc-scalar,20260917,87,1,measure,34,small,sum_one,uniform,2,524288,1054216,11,11,14489530702789345280,14489530702789345280,1
4,gcc-scalar,20260917,88,1,measure,35,small,sum_one,uniform,12,87381,668959,11,11,18208879310165819389,18208879310165819389,1
4,gcc-scalar,20260917,89,1,measure,36,branch,filter_copy,p500_sorted,65536,1,27553,11,11,32768,32768,1
4,gcc-scalar,20260917,90,1,measure,37,small,sum_one,uniform,48,21845,700765,11,11,18173204259618227916,18173204259618227916,1
4,gcc-scalar,20260917,91,1,measure,38,dependency,split_xor_mul,uniform,65536,64,2201626,11,11,8310383708453772032,8310383708453772032,1
4,gcc-scalar,20260917,92,1,measure,39,small,sum_one,uniform,128,8192,444147,11,11,17503531059042279424,17503531059042279424,1
4,gcc-scalar,20260917,93,1,measure,40,dependency,sum_one_bis,uniform,65536,64,1686124,11,11,1190735372877940864,1190735372877940864,1
4,gcc-scalar,20260917,94,1,measure,41,small,sum_one,uniform,192,5461,421946,11,11,17901819518249685373,17901819518249685373,1
4,gcc-scalar,20260917,95,1,measure,42,branch,sum_if,p250,65536,1,264028,11,11,75766260937212688,75766260937212688,1
4,gcc-scalar,20260917,96,1,measure,43,small,sum_one,uniform,96,10922,475968,11,11,1966801938065649448,1966801938065649448,1
4,gcc-scalar,20260917,97,1,measure,44,small,sum_one,uniform,768,1365,417332,11,11,6760326044614544011,6760326044614544011,1
4,gcc-scalar,20260917,98,1,measure,45,branch,sum_if,p500,65536,1,363808,11,11,261284744287062128,261284744287062128,1
4,gcc-scalar,20260917,99,1,measure,46,branch,filter_copy_mask,p250,65536,1,28416,11,11,16384,16384,1
4,gcc-scalar,20260917,100,1,measure,47,branch,filter_copy,p900,65536,1,136819,11,11,58982,58982,1
4,gcc-scalar,20260917,101,1,measure,48,branch,sum_if,p100,65536,1,145450,11,11,3083979731501324985,3083979731501324985,1
4,gcc-scalar,20260917,102,1,measure,49,branch,filter_copy,p100,65536,1,144258,11,11,6554,6554,1
4,gcc-scalar,20260917,103,1,measure,50,branch,filter_copy,p000,65536,1,26368,11,11,0,0,1
4,gcc-scalar,20260917,104,1,measure,51,branch,sum_if,p750,65536,1,257125,11,11,14586442889165806448,14586442889165806448,1
4,gcc-scalar,20260917,105,1,measure,52,branch,filter_copy,p500_alternating,65536,1,26823,11,11,32768,32768,1
4,gcc-scalar,20260917,106,2,measure,0,branch,filter_copy_mask,p500,65536,1,28600,11,11,32768,32768,1
4,gcc-scalar,20260917,107,2,measure,1,branch,filter_copy_mask,p1000,65536,1,47061,11,11,65536,65536,1
4,gcc-scalar,20260917,108,2,measure,2,small,sum_one,uniform,16,65536,560800,11,11,1403062601089810432,1403062601089810432,1
4,gcc-scalar,20260917,109,2,measure,3,small,sum_one,uniform,8,131072,812660,11,11,11724155215337095168,11724155215337095168,1
4,gcc-scalar,20260917,110,2,measure,4,dependency,sum_twice,uniform,65536,64,3409650,11,11,2381470745755881728,2381470745755881728,1
4,gcc-scalar,20260917,111,2,measure,5,small,sum_one,uniform,384,2730,411909,11,11,5767785928059657782,5767785928059657782,1
4,gcc-scalar,20260917,112,2,measure,6,small,sum_one,uniform,1024,1024,418164,11,11,6113767114656410624,6113767114656410624,1
4,gcc-scalar,20260917,113,2,measure,7,branch,sum_if,p500_alternating,65536,1,27027,11,11,4196774058536912234,4196774058536912234,1
4,gcc-scalar,20260917,114,2,measure,8,branch,sum_if,p750,65536,1,261349,11,11,14586442889165806448,14586442889165806448,1
4,gcc-scalar,20260917,115,2,measure,9,branch,sum_if,p500,65536,1,367012,11,11,261284744287062128,261284744287062128,1
4,gcc-scalar,20260917,116,2,measure,10,small,sum_one,uniform,768,1365,420991,11,11,6760326044614544011,6760326044614544011,1
4,gcc-scalar,20260917,117,2,measure,11,branch,filter_copy,p500_alternating,65536,1,28327,11,11,32768,32768,1
4,gcc-scalar,20260917,118,2,measure,12,small,sum_one,uniform,3,349525,1066979,11,11,9690214761957071044,9690214761957071044,1
4,gcc-scalar,20260917,119,2,measure,13,branch,sum_if,p1000,65536,1,26430,11,11,4485739283943968327,4485739283943968327,1
4,gcc-scalar,20260917,120,2,measure,14,branch,filter_copy_mask,p900,65536,1,41787,11,11,58982,58982,1
4,gcc-scalar,20260917,121,2,measure,15,dependency,chain_xor_mul,uniform,65536,64,6765110,11,11,5299772668389481216,5299772668389481216,1
4,gcc-scalar,20260917,122,2,measure,16,branch,filter_copy,p250,65536,1,263470,11,11,16384,16384,1
4,gcc-scalar,20260917,123,2,measure,17,branch,filter_copy_mask,p000,65536,1,27273,11,11,0,0,1
4,gcc-scalar,20260917,124,2,measure,18,small,sum_one,uniform,4,262144,946858,11,11,6027757896494481408,6027757896494481408,1
4,gcc-scalar,20260917,125,2,measure,19,small,sum_one,uniform,32,32768,489901,11,11,4730905112462327808,4730905112462327808,1
4,gcc-scalar,20260917,126,2,measure,20,branch,filter_copy_mask,p250,65536,1,28903,11,11,16384,16384,1
4,gcc-scalar,20260917,127,2,measure,21,dependency,sum_one_bis,uniform,65536,64,1695950,11,11,1190735372877940864,1190735372877940864,1
4,gcc-scalar,20260917,128,2,measure,22,branch,filter_copy_mask,p750,65536,1,36362,11,11,49152,49152,1
4,gcc-scalar,20260917,129,2,measure,23,small,sum_one,uniform,256,4096,408951,11,11,12471836693395644416,12471836693395644416,1
4,gcc-scalar,20260917,130,2,measure,24,small,sum_one,uniform,24,43690,518345,11,11,5019437447312423050,5019437447312423050,1
4,gcc-scalar,20260917,131,2,measure,25,branch,filter_copy,p100,65536,1,145920,11,11,6554,6554,1
4,gcc-scalar,20260917,132,2,measure,26,branch,filter_copy,p000,65536,1,26622,11,11,0,0,1
4,gcc-scalar,20260917,133,2,measure,27,branch,filter_copy,p750,65536,1,270225,11,11,49152,49152,1
4,gcc-scalar,20260917,134,2,measure,28,branch,sum_if,p000,65536,1,26429,11,11,0,0,1
4,gcc-scalar,20260917,135,2,measure,29,branch,filter_copy_mask,p100,65536,1,27077,11,11,6554,6554,1
4,gcc-scalar,20260917,136,2,measure,30,small,sum_one,uniform,128,8192,459650,11,11,17503531059042279424,17503531059042279424,1
4,gcc-scalar,20260917,137,2,measure,31,branch,filter_copy_mask,p500_alternating,65536,1,28683,11,11,32768,32768,1
4,gcc-scalar,20260917,138,2,measure,32,branch,sum_if,p250,65536,1,280815,11,11,75766260937212688,75766260937212688,1
4,gcc-scalar,20260917,139,2,measure,33,branch,sum_if,p900,65536,1,152972,11,11,1957202038211152021,1957202038211152021,1
4,gcc-scalar,20260917,140,2,measure,34,small,sum_one,uniform,96,10922,512366,11,11,1966801938065649448,1966801938065649448,1
4,gcc-scalar,20260917,141,2,measure,35,small,sum_one,uniform,192,5461,429109,11,11,17901819518249685373,17901819518249685373,1
4,gcc-scalar,20260917,142,2,measure,36,branch,filter_copy,p500_sorted,65536,1,27141,11,11,32768,32768,1
4,gcc-scalar,20260917,143,2,measure,37,branch,sum_if,p500_sorted,65536,1,26497,11,11,2213941836433581612,2213941836433581612,1
4,gcc-scalar,20260917,144,2,measure,38,branch,filter_copy,p900,65536,1,142900,11,11,58982,58982,1
4,gcc-scalar,20260917,145,2,measure,39,branch,filter_copy,p1000,65536,1,32315,11,11,65536,65536,1
4,gcc-scalar,20260917,146,2,measure,40,dependency,sum_four,uniform,65536,64,1317603,11,11,1190735372877940864,1190735372877940864,1
4,gcc-scalar,20260917,147,2,measure,41,branch,filter_copy_mask,p500_sorted,65536,1,30521,11,11,32768,32768,1
4,gcc-scalar,20260917,148,2,measure,42,small,sum_one,uniform,2,524288,1113826,11,11,14489530702789345280,14489530702789345280,1
4,gcc-scalar,20260917,149,2,measure,43,small,sum_one,uniform,6,174762,771002,11,11,4529353940760067638,4529353940760067638,1
4,gcc-scalar,20260917,150,2,measure,44,small,sum_one,uniform,12,87381,703234,11,11,18208879310165819389,18208879310165819389,1
4,gcc-scalar,20260917,151,2,measure,45,dependency,split_xor_mul,uniform,65536,64,2291243,11,11,8310383708453772032,8310383708453772032,1
4,gcc-scalar,20260917,152,2,measure,46,small,sum_one,uniform,512,2048,443765,11,11,6127788314265579520,6127788314265579520,1
4,gcc-scalar,20260917,153,2,measure,47,small,sum_one,uniform,1,1048576,1795625,11,11,8452580083670974464,8452580083670974464,1
4,gcc-scalar,20260917,154,2,measure,48,branch,filter_copy,p500,65536,1,380152,11,11,32768,32768,1
4,gcc-scalar,20260917,155,2,measure,49,small,sum_one,uniform,64,16384,603479,11,11,14815439244071927808,14815439244071927808,1
4,gcc-scalar,20260917,156,2,measure,50,dependency,sum_one,uniform,65536,64,1694722,11,11,1190735372877940864,1190735372877940864,1
4,gcc-scalar,20260917,157,2,measure,51,branch,sum_if,p100,65536,1,150349,11,11,3083979731501324985,3083979731501324985,1
4,gcc-scalar,20260917,158,2,measure,52,small,sum_one,uniform,48,21845,633343,11,11,18173204259618227916,18173204259618227916,1
4,gcc-scalar,20260917,159,3,measure,0,small,sum_one,uniform,16,65536,553177,11,11,1403062601089810432,1403062601089810432,1
4,gcc-scalar,20260917,160,3,measure,1,branch,filter_copy,p500_sorted,65536,1,27101,11,11,32768,32768,1
4,gcc-scalar,20260917,161,3,measure,2,branch,filter_copy_mask,p500_alternating,65536,1,30246,11,11,32768,32768,1
4,gcc-scalar,20260917,162,3,measure,3,branch,filter_copy_mask,p500,65536,1,29091,11,11,32768,32768,1
4,gcc-scalar,20260917,163,3,measure,4,small,sum_one,uniform,96,10922,509509,11,11,1966801938065649448,1966801938065649448,1
4,gcc-scalar,20260917,164,3,measure,5,small,sum_one,uniform,1024,1024,423129,11,11,6113767114656410624,6113767114656410624,1
4,gcc-scalar,20260917,165,3,measure,6,small,sum_one,uniform,24,43690,533423,11,11,5019437447312423050,5019437447312423050,1
4,gcc-scalar,20260917,166,3,measure,7,branch,sum_if,p500_sorted,65536,1,28003,11,11,2213941836433581612,2213941836433581612,1
4,gcc-scalar,20260917,167,3,measure,8,branch,filter_copy_mask,p100,65536,1,28027,11,11,6554,6554,1
4,gcc-scalar,20260917,168,3,measure,9,branch,filter_copy,p900,65536,1,151880,11,11,58982,58982,1
4,gcc-scalar,20260917,169,3,measure,10,branch,filter_copy,p500_alternating,65536,1,26775,11,11,32768,32768,1
4,gcc-scalar,20260917,170,3,measure,11,branch,filter_copy,p500,65536,1,379813,11,11,32768,32768,1
4,gcc-scalar,20260917,171,3,measure,12,branch,filter_copy_mask,p750,65536,1,28971,11,11,49152,49152,1
4,gcc-scalar,20260917,172,3,measure,13,dependency,sum_four,uniform,65536,64,1125433,11,11,1190735372877940864,1190735372877940864,1
4,gcc-scalar,20260917,173,3,measure,14,branch,filter_copy,p1000,65536,1,29187,11,11,65536,65536,1
4,gcc-scalar,20260917,174,3,measure,15,small,sum_one,uniform,128,8192,458380,11,11,17503531059042279424,17503531059042279424,1
4,gcc-scalar,20260917,175,3,measure,16,small,sum_one,uniform,2,524288,1093077,11,11,14489530702789345280,14489530702789345280,1
4,gcc-scalar,20260917,176,3,measure,17,dependency,sum_one_bis,uniform,65536,64,1721759,11,11,1190735372877940864,1190735372877940864,1
4,gcc-scalar,20260917,177,3,measure,18,dependency,sum_one,uniform,65536,64,1735820,11,11,1190735372877940864,1190735372877940864,1
4,gcc-scalar,20260917,178,3,measure,19,branch,filter_copy_mask,p900,65536,1,28395,11,11,58982,58982,1
4,gcc-scalar,20260917,179,3,measure,20,branch,filter_copy_mask,p1000,65536,1,27394,11,11,65536,65536,1
4,gcc-scalar,20260917,180,3,measure,21,branch,filter_copy_mask,p500_sorted,65536,1,27557,11,11,32768,32768,1
4,gcc-scalar,20260917,181,3,measure,22,branch,sum_if,p250,65536,1,268538,11,11,75766260937212688,75766260937212688,1
4,gcc-scalar,20260917,182,3,measure,23,small,sum_one,uniform,12,87381,668823,11,11,18208879310165819389,18208879310165819389,1
4,gcc-scalar,20260917,183,3,measure,24,small,sum_one,uniform,8,131072,687962,11,11,11724155215337095168,11724155215337095168,1
4,gcc-scalar,20260917,184,3,measure,25,dependency,sum_twice,uniform,65536,64,3384913,11,11,2381470745755881728,2381470745755881728,1
4,gcc-scalar,20260917,185,3,measure,26,small,sum_one,uniform,192,5461,406526,11,11,17901819518249685373,17901819518249685373,1
4,gcc-scalar,20260917,186,3,measure,27,small,sum_one,uniform,48,21845,624853,11,11,18173204259618227916,18173204259618227916,1
4,gcc-scalar,20260917,187,3,measure,28,small,sum_one,uniform,3,349525,983239,11,11,9690214761957071044,9690214761957071044,1
4,gcc-scalar,20260917,188,3,measure,29,branch,sum_if,p500,65536,1,371378,11,11,261284744287062128,261284744287062128,1
4,gcc-scalar,20260917,189,3,measure,30,dependency,split_xor_mul,uniform,65536,64,2325762,11,11,8310383708453772032,8310383708453772032,1
4,gcc-scalar,20260917,190,3,measure,31,branch,sum_if,p000,65536,1,26464,11,11,0,0,1
4,gcc-scalar,20260917,191,3,measure,32,branch,sum_if,p1000,65536,1,26417,11,11,4485739283943968327,4485739283943968327,1
4,gcc-scalar,20260917,192,3,measure,33,branch,filter_copy,p750,65536,1,266668,11,11,49152,49152,1
4,gcc-scalar,20260917,193,3,measure,34,branch,filter_copy_mask,p000,65536,1,27208,11,11,0,0,1
4,gcc-scalar,20260917,194,3,measure,35,small,sum_one,uniform,512,2048,425121,11,11,6127788314265579520,6127788314265579520,1
4,gcc-scalar,20260917,195,3,measure,36,branch,sum_if,p900,65536,1,159709,11,11,1957202038211152021,1957202038211152021,1
4,gcc-scalar,20260917,196,3,measure,37,small,sum_one,uniform,6,174762,736635,11,11,4529353940760067638,4529353940760067638,1
4,gcc-scalar,20260917,197,3,measure,38,small,sum_one,uniform,4,262144,896500,11,11,6027757896494481408,6027757896494481408,1
4,gcc-scalar,20260917,198,3,measure,39,small,sum_one,uniform,256,4096,412468,11,11,12471836693395644416,12471836693395644416,1
4,gcc-scalar,20260917,199,3,measure,40,small,sum_one,uniform,64,16384,623693,11,11,14815439244071927808,14815439244071927808,1
4,gcc-scalar,20260917,200,3,measure,41,branch,filter_copy_mask,p250,65536,1,28843,11,11,16384,16384,1
4,gcc-scalar,20260917,201,3,measure,42,dependency,chain_xor_mul,uniform,65536,64,6743787,11,11,5299772668389481216,5299772668389481216,1
4,gcc-scalar,20260917,202,3,measure,43,small,sum_one,uniform,768,1365,417198,11,11,6760326044614544011,6760326044614544011,1
4,gcc-scalar,20260917,203,3,measure,44,branch,sum_if,p500_alternating,65536,1,27085,11,11,4196774058536912234,4196774058536912234,1
4,gcc-scalar,20260917,204,3,measure,45,branch,sum_if,p100,65536,1,152702,11,11,3083979731501324985,3083979731501324985,1
4,gcc-scalar,20260917,205,3,measure,46,small,sum_one,uniform,384,2730,412380,11,11,5767785928059657782,5767785928059657782,1
4,gcc-scalar,20260917,206,3,measure,47,branch,filter_copy,p100,65536,1,147368,11,11,6554,6554,1
4,gcc-scalar,20260917,207,3,measure,48,small,sum_one,uniform,32,32768,488845,11,11,4730905112462327808,4730905112462327808,1
4,gcc-scalar,20260917,208,3,measure,49,branch,filter_copy,p250,65536,1,263863,11,11,16384,16384,1
4,gcc-scalar,20260917,209,3,measure,50,small,sum_one,uniform,1,1048576,1687105,11,11,8452580083670974464,8452580083670974464,1
4,gcc-scalar,20260917,210,3,measure,51,branch,sum_if,p750,65536,1,267849,11,11,14586442889165806448,14586442889165806448,1
4,gcc-scalar,20260917,211,3,measure,52,branch,filter_copy,p000,65536,1,26436,11,11,0,0,1
4,gcc-scalar,20260917,212,4,measure,0,branch,filter_copy_mask,p500_sorted,65536,1,35727,11,11,32768,32768,1
4,gcc-scalar,20260917,213,4,measure,1,branch,filter_copy_mask,p900,65536,1,41827,11,11,58982,58982,1
4,gcc-scalar,20260917,214,4,measure,2,branch,sum_if,p100,65536,1,153702,11,11,3083979731501324985,3083979731501324985,1
4,gcc-scalar,20260917,215,4,measure,3,small,sum_one,uniform,4,262144,911127,11,11,6027757896494481408,6027757896494481408,1
4,gcc-scalar,20260917,216,4,measure,4,branch,filter_copy,p500,65536,1,387166,11,11,32768,32768,1
4,gcc-scalar,20260917,217,4,measure,5,small,sum_one,uniform,12,87381,668891,11,11,18208879310165819389,18208879310165819389,1
4,gcc-scalar,20260917,218,4,measure,6,small,sum_one,uniform,512,2048,421236,11,11,6127788314265579520,6127788314265579520,1
4,gcc-scalar,20260917,219,4,measure,7,branch,sum_if,p500_alternating,65536,1,26456,11,11,4196774058536912234,4196774058536912234,1
4,gcc-scalar,20260917,220,4,measure,8,small,sum_one,uniform,1,1048576,1683959,11,11,8452580083670974464,8452580083670974464,1
4,gcc-scalar,20260917,221,4,measure,9,small,sum_one,uniform,6,174762,739030,11,11,4529353940760067638,4529353940760067638,1
4,gcc-scalar,20260917,222,4,measure,10,branch,filter_copy,p250,65536,1,266733,11,11,16384,16384,1
4,gcc-scalar,20260917,223,4,measure,11,dependency,sum_one_bis,uniform,65536,64,1689186,11,11,1190735372877940864,1190735372877940864,1
4,gcc-scalar,20260917,224,4,measure,12,branch,filter_copy_mask,p750,65536,1,28357,11,11,49152,49152,1
4,gcc-scalar,20260917,225,4,measure,13,branch,filter_copy,p750,65536,1,268003,11,11,49152,49152,1
4,gcc-scalar,20260917,226,4,measure,14,small,sum_one,uniform,192,5461,412127,11,11,17901819518249685373,17901819518249685373,1
4,gcc-scalar,20260917,227,4,measure,15,small,sum_one,uniform,16,65536,552607,11,11,1403062601089810432,1403062601089810432,1
4,gcc-scalar,20260917,228,4,measure,16,branch,sum_if,p000,65536,1,26619,11,11,0,0,1
4,gcc-scalar,20260917,229,4,measure,17,branch,filter_copy_mask,p1000,65536,1,36278,11,11,65536,65536,1
4,gcc-scalar,20260917,230,4,measure,18,branch,filter_copy_mask,p000,65536,1,27284,11,11,0,0,1
4,gcc-scalar,20260917,231,4,measure,19,dependency,split_xor_mul,uniform,65536,64,2238608,11,11,8310383708453772032,8310383708453772032,1
4,gcc-scalar,20260917,232,4,measure,20,branch,filter_copy,p100,65536,1,147837,11,11,6554,6554,1
4,gcc-scalar,20260917,233,4,measure,21,small,sum_one,uniform,8,131072,686620,11,11,11724155215337095168,11724155215337095168,1
4,gcc-scalar,20260917,234,4,measure,22,branch,sum_if,p250,65536,1,278965,11,11,75766260937212688,75766260937212688,1
4,gcc-scalar,20260917,235,4,measure,23,small,sum_one,uniform,1024,1024,419077,11,11,6113767114656410624,6113767114656410624,1
4,gcc-scalar,20260917,236,4,measure,24,branch,filter_copy_mask,p100,65536,1,66271,11,11,6554,6554,1
4,gcc-scalar,20260917,237,4,measure,25,small,sum_one,uniform,128,8192,783237,11,11,17503531059042279424,17503531059042279424,1
4,gcc-scalar,20260917,238,4,measure,26,small,sum_one,uniform,3,349525,1082285,11,11,9690214761957071044,9690214761957071044,1
4,gcc-scalar,20260917,239,4,measure,27,dependency,chain_xor_mul,uniform,65536,64,6749263,11,11,5299772668389481216,5299772668389481216,1
4,gcc-scalar,20260917,240,4,measure,28,branch,filter_copy_mask,p250,65536,1,29835,11,11,16384,16384,1
4,gcc-scalar,20260917,241,4,measure,29,dependency,sum_one,uniform,65536,64,1697056,11,11,1190735372877940864,1190735372877940864,1
4,gcc-scalar,20260917,242,4,measure,30,branch,filter_copy_mask,p500_alternating,65536,1,34431,11,11,32768,32768,1
4,gcc-scalar,20260917,243,4,measure,31,branch,sum_if,p750,65536,1,266663,11,11,14586442889165806448,14586442889165806448,1
4,gcc-scalar,20260917,244,4,measure,32,small,sum_one,uniform,24,43690,509200,11,11,5019437447312423050,5019437447312423050,1
4,gcc-scalar,20260917,245,4,measure,33,branch,sum_if,p1000,65536,1,26397,11,11,4485739283943968327,4485739283943968327,1
4,gcc-scalar,20260917,246,4,measure,34,branch,filter_copy,p000,65536,1,26406,11,11,0,0,1
4,gcc-scalar,20260917,247,4,measure,35,branch,sum_if,p900,65536,1,151363,11,11,1957202038211152021,1957202038211152021,1
4,gcc-scalar,20260917,248,4,measure,36,small,sum_one,uniform,768,1365,417303,11,11,6760326044614544011,6760326044614544011,1
4,gcc-scalar,20260917,249,4,measure,37,branch,sum_if,p500_sorted,65536,1,26523,11,11,2213941836433581612,2213941836433581612,1
4,gcc-scalar,20260917,250,4,measure,38,branch,filter_copy,p900,65536,1,141847,11,11,58982,58982,1
4,gcc-scalar,20260917,251,4,measure,39,small,sum_one,uniform,48,21845,715723,11,11,18173204259618227916,18173204259618227916,1
4,gcc-scalar,20260917,252,4,measure,40,dependency,sum_four,uniform,65536,64,1124202,11,11,1190735372877940864,1190735372877940864,1
4,gcc-scalar,20260917,253,4,measure,41,branch,sum_if,p500,65536,1,373102,11,11,261284744287062128,261284744287062128,1
4,gcc-scalar,20260917,254,4,measure,42,branch,filter_copy,p500_sorted,65536,1,27815,11,11,32768,32768,1
4,gcc-scalar,20260917,255,4,measure,43,branch,filter_copy,p1000,65536,1,31985,11,11,65536,65536,1
4,gcc-scalar,20260917,256,4,measure,44,branch,filter_copy,p500_alternating,65536,1,26639,11,11,32768,32768,1
4,gcc-scalar,20260917,257,4,measure,45,branch,filter_copy_mask,p500,65536,1,28362,11,11,32768,32768,1
4,gcc-scalar,20260917,258,4,measure,46,small,sum_one,uniform,64,16384,593159,11,11,14815439244071927808,14815439244071927808,1
4,gcc-scalar,20260917,259,4,measure,47,small,sum_one,uniform,32,32768,492515,11,11,4730905112462327808,4730905112462327808,1
4,gcc-scalar,20260917,260,4,measure,48,dependency,sum_twice,uniform,65536,64,3509861,11,11,2381470745755881728,2381470745755881728,1
4,gcc-scalar,20260917,261,4,measure,49,small,sum_one,uniform,256,4096,418889,11,11,12471836693395644416,12471836693395644416,1
4,gcc-scalar,20260917,262,4,measure,50,small,sum_one,uniform,384,2730,433399,11,11,5767785928059657782,5767785928059657782,1
4,gcc-scalar,20260917,263,4,measure,51,small,sum_one,uniform,96,10922,505857,11,11,1966801938065649448,1966801938065649448,1
4,gcc-scalar,20260917,264,4,measure,52,small,sum_one,uniform,2,524288,1134440,11,11,14489530702789345280,14489530702789345280,1
4,gcc-scalar,20260917,265,5,measure,0,branch,filter_copy_mask,p250,65536,1,30074,11,11,16384,16384,1
4,gcc-scalar,20260917,266,5,measure,1,dependency,sum_one,uniform,65536,64,1740615,11,11,1190735372877940864,1190735372877940864,1
4,gcc-scalar,20260917,267,5,measure,2,small,sum_one,uniform,48,21845,735476,11,11,18173204259618227916,18173204259618227916,1
4,gcc-scalar,20260917,268,5,measure,3,small,sum_one,uniform,16,65536,556498,11,11,1403062601089810432,1403062601089810432,1
4,gcc-scalar,20260917,269,5,measure,4,branch,filter_copy_mask,p100,65536,1,30154,11,11,6554,6554,1
4,gcc-scalar,20260917,270,5,measure,5,small,sum_one,uniform,64,16384,584361,11,11,14815439244071927808,14815439244071927808,1
4,gcc-scalar,20260917,271,5,measure,6,branch,filter_copy,p750,65536,1,265449,11,11,49152,49152,1
4,gcc-scalar,20260917,272,5,measure,7,dependency,sum_four,uniform,65536,64,1152440,11,11,1190735372877940864,1190735372877940864,1
4,gcc-scalar,20260917,273,5,measure,8,small,sum_one,uniform,192,5461,419480,11,11,17901819518249685373,17901819518249685373,1
4,gcc-scalar,20260917,274,5,measure,9,branch,filter_copy_mask,p900,65536,1,34024,11,11,58982,58982,1
4,gcc-scalar,20260917,275,5,measure,10,branch,filter_copy_mask,p750,65536,1,29074,11,11,49152,49152,1
4,gcc-scalar,20260917,276,5,measure,11,small,sum_one,uniform,2,524288,1053337,11,11,14489530702789345280,14489530702789345280,1
4,gcc-scalar,20260917,277,5,measure,12,branch,filter_copy,p000,65536,1,26518,11,11,0,0,1
4,gcc-scalar,20260917,278,5,measure,13,branch,sum_if,p500_alternating,65536,1,26564,11,11,4196774058536912234,4196774058536912234,1
4,gcc-scalar,20260917,279,5,measure,14,small,sum_one,uniform,4,262144,960425,11,11,6027757896494481408,6027757896494481408,1
4,gcc-scalar,20260917,280,5,measure,15,small,sum_one,uniform,1,1048576,1689978,11,11,8452580083670974464,8452580083670974464,1
4,gcc-scalar,20260917,281,5,measure,16,branch,filter_copy_mask,p000,65536,1,27251,11,11,0,0,1
4,gcc-scalar,20260917,282,5,measure,17,small,sum_one,uniform,12,87381,681183,11,11,18208879310165819389,18208879310165819389,1
4,gcc-scalar,20260917,283,5,measure,18,small,sum_one,uniform,8,131072,686011,11,11,11724155215337095168,11724155215337095168,1
4,gcc-scalar,20260917,284,5,measure,19,small,sum_one,uniform,24,43690,514453,11,11,5019437447312423050,5019437447312423050,1
4,gcc-scalar,20260917,285,5,measure,20,branch,filter_copy_mask,p500_sorted,65536,1,28092,11,11,32768,32768,1
4,gcc-scalar,20260917,286,5,measure,21,small,sum_one,uniform,1024,1024,418123,11,11,6113767114656410624,6113767114656410624,1
4,gcc-scalar,20260917,287,5,measure,22,branch,sum_if,p000,65536,1,26417,11,11,0,0,1
4,gcc-scalar,20260917,288,5,measure,23,branch,filter_copy,p250,65536,1,271618,11,11,16384,16384,1
4,gcc-scalar,20260917,289,5,measure,24,branch,filter_copy,p500,65536,1,370240,11,11,32768,32768,1
4,gcc-scalar,20260917,290,5,measure,25,dependency,split_xor_mul,uniform,65536,64,2200572,11,11,8310383708453772032,8310383708453772032,1
4,gcc-scalar,20260917,291,5,measure,26,branch,filter_copy_mask,p500_alternating,65536,1,28425,11,11,32768,32768,1
4,gcc-scalar,20260917,292,5,measure,27,branch,filter_copy,p500_sorted,65536,1,27040,11,11,32768,32768,1
4,gcc-scalar,20260917,293,5,measure,28,small,sum_one,uniform,6,174762,747942,11,11,4529353940760067638,4529353940760067638,1
4,gcc-scalar,20260917,294,5,measure,29,small,sum_one,uniform,512,2048,416851,11,11,6127788314265579520,6127788314265579520,1
4,gcc-scalar,20260917,295,5,measure,30,branch,sum_if,p500,65536,1,376865,11,11,261284744287062128,261284744287062128,1
4,gcc-scalar,20260917,296,5,measure,31,branch,sum_if,p250,65536,1,287234,11,11,75766260937212688,75766260937212688,1
4,gcc-scalar,20260917,297,5,measure,32,dependency,sum_twice,uniform,65536,64,3392070,11,11,2381470745755881728,2381470745755881728,1
4,gcc-scalar,20260917,298,5,measure,33,branch,filter_copy,p100,65536,1,157194,11,11,6554,6554,1
4,gcc-scalar,20260917,299,5,measure,34,branch,filter_copy_mask,p500,65536,1,27997,11,11,32768,32768,1
4,gcc-scalar,20260917,300,5,measure,35,branch,filter_copy,p900,65536,1,203082,11,11,58982,58982,1
4,gcc-scalar,20260917,301,5,measure,36,small,sum_one,uniform,3,349525,1082385,11,11,9690214761957071044,9690214761957071044,1
4,gcc-scalar,20260917,302,5,measure,37,small,sum_one,uniform,96,10922,540453,11,11,1966801938065649448,1966801938065649448,1
4,gcc-scalar,20260917,303,5,measure,38,small,sum_one,uniform,256,4096,496224,11,11,12471836693395644416,12471836693395644416,1
4,gcc-scalar,20260917,304,5,measure,39,small,sum_one,uniform,128,8192,462112,11,11,17503531059042279424,17503531059042279424,1
4,gcc-scalar,20260917,305,5,measure,40,branch,sum_if,p750,65536,1,268693,11,11,14586442889165806448,14586442889165806448,1
4,gcc-scalar,20260917,306,5,measure,41,branch,sum_if,p500_sorted,65536,1,26693,11,11,2213941836433581612,2213941836433581612,1
4,gcc-scalar,20260917,307,5,measure,42,dependency,chain_xor_mul,uniform,65536,64,6835584,11,11,5299772668389481216,5299772668389481216,1
4,gcc-scalar,20260917,308,5,measure,43,dependency,sum_one_bis,uniform,65536,64,1687139,11,11,1190735372877940864,1190735372877940864,1
4,gcc-scalar,20260917,309,5,measure,44,branch,sum_if,p1000,65536,1,26740,11,11,4485739283943968327,4485739283943968327,1
4,gcc-scalar,20260917,310,5,measure,45,branch,filter_copy,p1000,65536,1,34430,11,11,65536,65536,1
4,gcc-scalar,20260917,311,5,measure,46,branch,filter_copy,p500_alternating,65536,1,26444,11,11,32768,32768,1
4,gcc-scalar,20260917,312,5,measure,47,small,sum_one,uniform,768,1365,425867,11,11,6760326044614544011,6760326044614544011,1
4,gcc-scalar,20260917,313,5,measure,48,small,sum_one,uniform,32,32768,499312,11,11,4730905112462327808,4730905112462327808,1
4,gcc-scalar,20260917,314,5,measure,49,small,sum_one,uniform,384,2730,422532,11,11,5767785928059657782,5767785928059657782,1
4,gcc-scalar,20260917,315,5,measure,50,branch,filter_copy_mask,p1000,65536,1,27638,11,11,65536,65536,1
4,gcc-scalar,20260917,316,5,measure,51,branch,sum_if,p100,65536,1,152966,11,11,3083979731501324985,3083979731501324985,1
4,gcc-scalar,20260917,317,5,measure,52,branch,sum_if,p900,65536,1,153827,11,11,1957202038211152021,1957202038211152021,1
4,gcc-scalar,20260917,318,6,measure,0,branch,sum_if,p250,65536,1,259278,11,11,75766260937212688,75766260937212688,1
4,gcc-scalar,20260917,319,6,measure,1,small,sum_one,uniform,3,349525,1073724,11,11,9690214761957071044,9690214761957071044,1
4,gcc-scalar,20260917,320,6,measure,2,branch,sum_if,p500,65536,1,370701,11,11,261284744287062128,261284744287062128,1
4,gcc-scalar,20260917,321,6,measure,3,dependency,split_xor_mul,uniform,65536,64,2277704,11,11,8310383708453772032,8310383708453772032,1
4,gcc-scalar,20260917,322,6,measure,4,small,sum_one,uniform,48,21845,634219,11,11,18173204259618227916,18173204259618227916,1
4,gcc-scalar,20260917,323,6,measure,5,branch,filter_copy,p500_alternating,65536,1,26494,11,11,32768,32768,1
4,gcc-scalar,20260917,324,6,measure,6,branch,sum_if,p500_alternating,65536,1,26490,11,11,4196774058536912234,4196774058536912234,1
4,gcc-scalar,20260917,325,6,measure,7,branch,sum_if,p100,65536,1,146720,11,11,3083979731501324985,3083979731501324985,1
4,gcc-scalar,20260917,326,6,measure,8,branch,filter_copy_mask,p750,65536,1,28947,11,11,49152,49152,1
4,gcc-scalar,20260917,327,6,measure,9,dependency,sum_twice,uniform,65536,64,3378035,11,11,2381470745755881728,2381470745755881728,1
4,gcc-scalar,20260917,328,6,measure,10,small,sum_one,uniform,64,16384,600632,11,11,14815439244071927808,14815439244071927808,1
4,gcc-scalar,20260917,329,6,measure,11,small,sum_one,uniform,384,2730,419627,11,11,5767785928059657782,5767785928059657782,1
4,gcc-scalar,20260917,330,6,measure,12,branch,filter_copy_mask,p250,65536,1,28576,11,11,16384,16384,1
4,gcc-scalar,20260917,331,6,measure,13,branch,filter_copy,p500_sorted,65536,1,26917,11,11,32768,32768,1
4,gcc-scalar,20260917,332,6,measure,14,small,sum_one,uniform,12,87381,673762,11,11,18208879310165819389,18208879310165819389,1
4,gcc-scalar,20260917,333,6,measure,15,small,sum_one,uniform,8,131072,683080,11,11,11724155215337095168,11724155215337095168,1
4,gcc-scalar,20260917,334,6,measure,16,branch,filter_copy_mask,p500_sorted,65536,1,27069,11,11,32768,32768,1
4,gcc-scalar,20260917,335,6,measure,17,branch,filter_copy,p750,65536,1,267926,11,11,49152,49152,1
4,gcc-scalar,20260917,336,6,measure,18,branch,filter_copy,p1000,65536,1,29938,11,11,65536,65536,1
4,gcc-scalar,20260917,337,6,measure,19,small,sum_one,uniform,4,262144,895891,11,11,6027757896494481408,6027757896494481408,1
4,gcc-scalar,20260917,338,6,measure,20,branch,filter_copy_mask,p900,65536,1,29036,11,11,58982,58982,1
4,gcc-scalar,20260917,339,6,measure,21,small,sum_one,uniform,16,65536,559932,11,11,1403062601089810432,1403062601089810432,1
4,gcc-scalar,20260917,340,6,measure,22,small,sum_one,uniform,192,5461,406376,11,11,17901819518249685373,17901819518249685373,1
4,gcc-scalar,20260917,341,6,measure,23,branch,sum_if,p1000,65536,1,26726,11,11,4485739283943968327,4485739283943968327,1
4,gcc-scalar,20260917,342,6,measure,24,small,sum_one,uniform,128,8192,428906,11,11,17503531059042279424,17503531059042279424,1
4,gcc-scalar,20260917,343,6,measure,25,small,sum_one,uniform,24,43690,511360,11,11,5019437447312423050,5019437447312423050,1
4,gcc-scalar,20260917,344,6,measure,26,small,sum_one,uniform,512,2048,421006,11,11,6127788314265579520,6127788314265579520,1
4,gcc-scalar,20260917,345,6,measure,27,branch,sum_if,p750,65536,1,264001,11,11,14586442889165806448,14586442889165806448,1
4,gcc-scalar,20260917,346,6,measure,28,dependency,chain_xor_mul,uniform,65536,64,6750875,11,11,5299772668389481216,5299772668389481216,1
4,gcc-scalar,20260917,347,6,measure,29,branch,filter_copy,p100,65536,1,145565,11,11,6554,6554,1
4,gcc-scalar,20260917,348,6,measure,30,small,sum_one,uniform,6,174762,739184,11,11,4529353940760067638,4529353940760067638,1
4,gcc-scalar,20260917,349,6,measure,31,branch,filter_copy,p900,65536,1,144313,11,11,58982,58982,1
4,gcc-scalar,20260917,350,6,measure,32,branch,filter_copy_mask,p100,65536,1,26860,11,11,6554,6554,1
4,gcc-scalar,20260917,351,6,measure,33,small,sum_one,uniform,2,524288,1054520,11,11,14489530702789345280,14489530702789345280,1
4,gcc-scalar,20260917,352,6,measure,34,branch,sum_if,p900,65536,1,136279,11,11,1957202038211152021,1957202038211152021,1
4,gcc-scalar,20260917,353,6,measure,35,branch,filter_copy_mask,p500_alternating,65536,1,28224,11,11,32768,32768,1
4,gcc-scalar,20260917,354,6,measure,36,small,sum_one,uniform,1,1048576,1684823,11,11,8452580083670974464,8452580083670974464,1
4,gcc-scalar,20260917,355,6,measure,37,branch,filter_copy_mask,p1000,65536,1,30794,11,11,65536,65536,1
4,gcc-scalar,20260917,356,6,measure,38,small,sum_one,uniform,32,32768,486047,11,11,4730905112462327808,4730905112462327808,1
4,gcc-scalar,20260917,357,6,measure,39,branch,filter_copy,p000,65536,1,26420,11,11,0,0,1
4,gcc-scalar,20260917,358,6,measure,40,branch,filter_copy_mask,p000,65536,1,27132,11,11,0,0,1
4,gcc-scalar,20260917,359,6,measure,41,branch,sum_if,p000,65536,1,30437,11,11,0,0,1
4,gcc-scalar,20260917,360,6,measure,42,small,sum_one,uniform,768,1365,417472,11,11,6760326044614544011,6760326044614544011,1
4,gcc-scalar,20260917,361,6,measure,43,branch,filter_copy_mask,p500,65536,1,28316,11,11,32768,32768,1
4,gcc-scalar,20260917,362,6,measure,44,dependency,sum_one_bis,uniform,65536,64,1697846,11,11,1190735372877940864,1190735372877940864,1
4,gcc-scalar,20260917,363,6,measure,45,dependency,sum_four,uniform,65536,64,1122934,11,11,1190735372877940864,1190735372877940864,1
4,gcc-scalar,20260917,364,6,measure,46,branch,sum_if,p500_sorted,65536,1,26396,11,11,2213941836433581612,2213941836433581612,1
4,gcc-scalar,20260917,365,6,measure,47,small,sum_one,uniform,1024,1024,418314,11,11,6113767114656410624,6113767114656410624,1
4,gcc-scalar,20260917,366,6,measure,48,small,sum_one,uniform,256,4096,414294,11,11,12471836693395644416,12471836693395644416,1
4,gcc-scalar,20260917,367,6,measure,49,branch,filter_copy,p250,65536,1,267121,11,11,16384,16384,1
4,gcc-scalar,20260917,368,6,measure,50,branch,filter_copy,p500,65536,1,378529,11,11,32768,32768,1
4,gcc-scalar,20260917,369,6,measure,51,dependency,sum_one,uniform,65536,64,1686077,11,11,1190735372877940864,1190735372877940864,1
4,gcc-scalar,20260917,370,6,measure,52,small,sum_one,uniform,96,10922,532667,11,11,1966801938065649448,1966801938065649448,1
4,gcc-scalar,20260917,371,7,measure,0,branch,filter_copy,p1000,65536,1,30970,11,11,65536,65536,1
4,gcc-scalar,20260917,372,7,measure,1,branch,sum_if,p1000,65536,1,26642,11,11,4485739283943968327,4485739283943968327,1
4,gcc-scalar,20260917,373,7,measure,2,small,sum_one,uniform,32,32768,488733,11,11,4730905112462327808,4730905112462327808,1
4,gcc-scalar,20260917,374,7,measure,3,small,sum_one,uniform,3,349525,995893,11,11,9690214761957071044,9690214761957071044,1
4,gcc-scalar,20260917,375,7,measure,4,small,sum_one,uniform,512,2048,428096,11,11,6127788314265579520,6127788314265579520,1
4,gcc-scalar,20260917,376,7,measure,5,small,sum_one,uniform,8,131072,683008,11,11,11724155215337095168,11724155215337095168,1
4,gcc-scalar,20260917,377,7,measure,6,branch,filter_copy,p500,65536,1,373877,11,11,32768,32768,1
4,gcc-scalar,20260917,378,7,measure,7,branch,filter_copy_mask,p900,65536,1,27583,11,11,58982,58982,1
4,gcc-scalar,20260917,379,7,measure,8,small,sum_one,uniform,4,262144,930342,11,11,6027757896494481408,6027757896494481408,1
4,gcc-scalar,20260917,380,7,measure,9,small,sum_one,uniform,1,1048576,1687250,11,11,8452580083670974464,8452580083670974464,1
4,gcc-scalar,20260917,381,7,measure,10,branch,sum_if,p250,65536,1,280299,11,11,75766260937212688,75766260937212688,1
4,gcc-scalar,20260917,382,7,measure,11,small,sum_one,uniform,768,1365,421348,11,11,6760326044614544011,6760326044614544011,1
4,gcc-scalar,20260917,383,7,measure,12,branch,filter_copy_mask,p500,65536,1,28413,11,11,32768,32768,1
4,gcc-scalar,20260917,384,7,measure,13,small,sum_one,uniform,256,4096,412457,11,11,12471836693395644416,12471836693395644416,1
4,gcc-scalar,20260917,385,7,measure,14,dependency,split_xor_mul,uniform,65536,64,2246636,11,11,8310383708453772032,8310383708453772032,1
4,gcc-scalar,20260917,386,7,measure,15,branch,filter_copy_mask,p000,65536,1,27179,11,11,0,0,1
4,gcc-scalar,20260917,387,7,measure,16,branch,filter_copy,p100,65536,1,146770,11,11,6554,6554,1
4,gcc-scalar,20260917,388,7,measure,17,branch,sum_if,p900,65536,1,137112,11,11,1957202038211152021,1957202038211152021,1
4,gcc-scalar,20260917,389,7,measure,18,small,sum_one,uniform,384,2730,420427,11,11,5767785928059657782,5767785928059657782,1
4,gcc-scalar,20260917,390,7,measure,19,small,sum_one,uniform,12,87381,670234,11,11,18208879310165819389,18208879310165819389,1
4,gcc-scalar,20260917,391,7,measure,20,branch,filter_copy_mask,p750,65536,1,32779,11,11,49152,49152,1
4,gcc-scalar,20260917,392,7,measure,21,branch,filter_copy_mask,p500_sorted,65536,1,28707,11,11,32768,32768,1
4,gcc-scalar,20260917,393,7,measure,22,branch,filter_copy,p750,65536,1,259911,11,11,49152,49152,1
4,gcc-scalar,20260917,394,7,measure,23,small,sum_one,uniform,128,8192,458688,11,11,17503531059042279424,17503531059042279424,1
4,gcc-scalar,20260917,395,7,measure,24,dependency,sum_one_bis,uniform,65536,64,1699382,11,11,1190735372877940864,1190735372877940864,1
4,gcc-scalar,20260917,396,7,measure,25,dependency,sum_one,uniform,65536,64,1701150,11,11,1190735372877940864,1190735372877940864,1
4,gcc-scalar,20260917,397,7,measure,26,branch,sum_if,p000,65536,1,26379,11,11,0,0,1
4,gcc-scalar,20260917,398,7,measure,27,branch,filter_copy_mask,p500_alternating,65536,1,29838,11,11,32768,32768,1
4,gcc-scalar,20260917,399,7,measure,28,branch,sum_if,p100,65536,1,147399,11,11,3083979731501324985,3083979731501324985,1
4,gcc-scalar,20260917,400,7,measure,29,small,sum_one,uniform,16,65536,553517,11,11,1403062601089810432,1403062601089810432,1
4,gcc-scalar,20260917,401,7,measure,30,branch,filter_copy,p500_sorted,65536,1,27298,11,11,32768,32768,1
4,gcc-scalar,20260917,402,7,measure,31,branch,filter_copy_mask,p250,65536,1,28519,11,11,16384,16384,1
4,gcc-scalar,20260917,403,7,measure,32,dependency,chain_xor_mul,uniform,65536,64,6778690,11,11,5299772668389481216,5299772668389481216,1
4,gcc-scalar,20260917,404,7,measure,33,branch,filter_copy_mask,p100,65536,1,27456,11,11,6554,6554,1
4,gcc-scalar,20260917,405,7,measure,34,small,sum_one,uniform,24,43690,512572,11,11,5019437447312423050,5019437447312423050,1
4,gcc-scalar,20260917,406,7,measure,35,small,sum_one,uniform,192,5461,424754,11,11,17901819518249685373,17901819518249685373,1
4,gcc-scalar,20260917,407,7,measure,36,branch,sum_if,p500_sorted,65536,1,26661,11,11,2213941836433581612,2213941836433581612,1
4,gcc-scalar,20260917,408,7,measure,37,branch,sum_if,p500,65536,1,375856,11,11,261284744287062128,261284744287062128,1
4,gcc-scalar,20260917,409,7,measure,38,small,sum_one,uniform,2,524288,1061739,11,11,14489530702789345280,14489530702789345280,1
4,gcc-scalar,20260917,410,7,measure,39,dependency,sum_twice,uniform,65536,64,3401794,11,11,2381470745755881728,2381470745755881728,1
4,gcc-scalar,20260917,411,7,measure,40,branch,filter_copy,p500_alternating,65536,1,33076,11,11,32768,32768,1
4,gcc-scalar,20260917,412,7,measure,41,small,sum_one,uniform,64,16384,577881,11,11,14815439244071927808,14815439244071927808,1
4,gcc-scalar,20260917,413,7,measure,42,dependency,sum_four,uniform,65536,64,1123263,11,11,1190735372877940864,1190735372877940864,1
4,gcc-scalar,20260917,414,7,measure,43,branch,sum_if,p750,65536,1,263261,11,11,14586442889165806448,14586442889165806448,1
4,gcc-scalar,20260917,415,7,measure,44,small,sum_one,uniform,96,10922,476513,11,11,1966801938065649448,1966801938065649448,1
4,gcc-scalar,20260917,416,7,measure,45,branch,sum_if,p500_alternating,65536,1,27191,11,11,4196774058536912234,4196774058536912234,1
4,gcc-scalar,20260917,417,7,measure,46,branch,filter_copy_mask,p1000,65536,1,57163,11,11,65536,65536,1
4,gcc-scalar,20260917,418,7,measure,47,branch,filter_copy,p000,65536,1,26658,11,11,0,0,1
4,gcc-scalar,20260917,419,7,measure,48,small,sum_one,uniform,6,174762,745062,11,11,4529353940760067638,4529353940760067638,1
4,gcc-scalar,20260917,420,7,measure,49,small,sum_one,uniform,48,21845,627770,11,11,18173204259618227916,18173204259618227916,1
4,gcc-scalar,20260917,421,7,measure,50,branch,filter_copy,p250,65536,1,266662,11,11,16384,16384,1
4,gcc-scalar,20260917,422,7,measure,51,small,sum_one,uniform,1024,1024,422478,11,11,6113767114656410624,6113767114656410624,1
4,gcc-scalar,20260917,423,7,measure,52,branch,filter_copy,p900,65536,1,142502,11,11,58982,58982,1
4,gcc-scalar,20260917,424,8,measure,0,branch,filter_copy_mask,p100,65536,1,27149,11,11,6554,6554,1
4,gcc-scalar,20260917,425,8,measure,1,branch,sum_if,p250,65536,1,272375,11,11,75766260937212688,75766260937212688,1
4,gcc-scalar,20260917,426,8,measure,2,small,sum_one,uniform,384,2730,427966,11,11,5767785928059657782,5767785928059657782,1
4,gcc-scalar,20260917,427,8,measure,3,dependency,sum_one,uniform,65536,64,1701213,11,11,1190735372877940864,1190735372877940864,1
4,gcc-scalar,20260917,428,8,measure,4,branch,filter_copy_mask,p1000,65536,1,33391,11,11,65536,65536,1
4,gcc-scalar,20260917,429,8,measure,5,small,sum_one,uniform,256,4096,418506,11,11,12471836693395644416,12471836693395644416,1
4,gcc-scalar,20260917,430,8,measure,6,small,sum_one,uniform,6,174762,742482,11,11,4529353940760067638,4529353940760067638,1
4,gcc-scalar,20260917,431,8,measure,7,small,sum_one,uniform,4,262144,901718,11,11,6027757896494481408,6027757896494481408,1
4,gcc-scalar,20260917,432,8,measure,8,branch,filter_copy_mask,p500,65536,1,28455,11,11,32768,32768,1
4,gcc-scalar,20260917,433,8,measure,9,branch,filter_copy,p1000,65536,1,26975,11,11,65536,65536,1
4,gcc-scalar,20260917,434,8,measure,10,branch,filter_copy,p500_sorted,65536,1,27462,11,11,32768,32768,1
4,gcc-scalar,20260917,435,8,measure,11,branch,sum_if,p500_sorted,65536,1,26490,11,11,2213941836433581612,2213941836433581612,1
4,gcc-scalar,20260917,436,8,measure,12,small,sum_one,uniform,3,349525,989096,11,11,9690214761957071044,9690214761957071044,1
4,gcc-scalar,20260917,437,8,measure,13,dependency,sum_one_bis,uniform,65536,64,1689197,11,11,1190735372877940864,1190735372877940864,1
4,gcc-scalar,20260917,438,8,measure,14,branch,sum_if,p1000,65536,1,26401,11,11,4485739283943968327,4485739283943968327,1
4,gcc-scalar,20260917,439,8,measure,15,branch,filter_copy_mask,p500_alternating,65536,1,29380,11,11,32768,32768,1
4,gcc-scalar,20260917,440,8,measure,16,small,sum_one,uniform,1024,1024,418487,11,11,6113767114656410624,6113767114656410624,1
4,gcc-scalar,20260917,441,8,measure,17,small,sum_one,uniform,24,43690,516926,11,11,5019437447312423050,5019437447312423050,1
4,gcc-scalar,20260917,442,8,measure,18,branch,filter_copy,p000,65536,1,26386,11,11,0,0,1
4,gcc-scalar,20260917,443,8,measure,19,small,sum_one,uniform,48,21845,742346,11,11,18173204259618227916,18173204259618227916,1
4,gcc-scalar,20260917,444,8,measure,20,branch,sum_if,p000,65536,1,26398,11,11,0,0,1
4,gcc-scalar,20260917,445,8,measure,21,small,sum_one,uniform,64,16384,629740,11,11,14815439244071927808,14815439244071927808,1
4,gcc-scalar,20260917,446,8,measure,22,branch,filter_copy_mask,p000,65536,1,27533,11,11,0,0,1
4,gcc-scalar,20260917,447,8,measure,23,branch,sum_if,p500,65536,1,371218,11,11,261284744287062128,261284744287062128,1
4,gcc-scalar,20260917,448,8,measure,24,small,sum_one,uniform,8,131072,686196,11,11,11724155215337095168,11724155215337095168,1
4,gcc-scalar,20260917,449,8,measure,25,branch,filter_copy_mask,p250,65536,1,28634,11,11,16384,16384,1
4,gcc-scalar,20260917,450,8,measure,26,branch,sum_if,p500_alternating,65536,1,27545,11,11,4196774058536912234,4196774058536912234,1
4,gcc-scalar,20260917,451,8,measure,27,branch,filter_copy,p750,65536,1,266632,11,11,49152,49152,1
4,gcc-scalar,20260917,452,8,measure,28,small,sum_one,uniform,1,1048576,1684662,11,11,8452580083670974464,8452580083670974464,1
4,gcc-scalar,20260917,453,8,measure,29,small,sum_one,uniform,128,8192,445519,11,11,17503531059042279424,17503531059042279424,1
4,gcc-scalar,20260917,454,8,measure,30,small,sum_one,uniform,12,87381,676809,11,11,18208879310165819389,18208879310165819389,1
4,gcc-scalar,20260917,455,8,measure,31,small,sum_one,uniform,512,2048,423059,11,11,6127788314265579520,6127788314265579520,1
4,gcc-scalar,20260917,456,8,measure,32,dependency,sum_twice,uniform,65536,64,3503981,11,11,2381470745755881728,2381470745755881728,1
4,gcc-scalar,20260917,457,8,measure,33,dependency,split_xor_mul,uniform,65536,64,2398430,11,11,8310383708453772032,8310383708453772032,1
4,gcc-scalar,20260917,458,8,measure,34,branch,filter_copy,p900,65536,1,127522,11,11,58982,58982,1
4,gcc-scalar,20260917,459,8,measure,35,branch,sum_if,p750,65536,1,260696,11,11,14586442889165806448,14586442889165806448,1
4,gcc-scalar,20260917,460,8,measure,36,branch,filter_copy,p500_alternating,65536,1,26539,11,11,32768,32768,1
4,gcc-scalar,20260917,461,8,measure,37,small,sum_one,uniform,96,10922,545120,11,11,1966801938065649448,1966801938065649448,1
4,gcc-scalar,20260917,462,8,measure,38,small,sum_one,uniform,192,5461,519888,11,11,17901819518249685373,17901819518249685373,1
4,gcc-scalar,20260917,463,8,measure,39,small,sum_one,uniform,16,65536,791593,11,11,1403062601089810432,1403062601089810432,1
4,gcc-scalar,20260917,464,8,measure,40,branch,filter_copy_mask,p500_sorted,65536,1,27969,11,11,32768,32768,1
4,gcc-scalar,20260917,465,8,measure,41,branch,sum_if,p100,65536,1,152007,11,11,3083979731501324985,3083979731501324985,1
4,gcc-scalar,20260917,466,8,measure,42,small,sum_one,uniform,768,1365,425918,11,11,6760326044614544011,6760326044614544011,1
4,gcc-scalar,20260917,467,8,measure,43,small,sum_one,uniform,32,32768,548703,11,11,4730905112462327808,4730905112462327808,1
4,gcc-scalar,20260917,468,8,measure,44,branch,filter_copy_mask,p900,65536,1,30946,11,11,58982,58982,1
4,gcc-scalar,20260917,469,8,measure,45,dependency,sum_four,uniform,65536,64,1179411,11,11,1190735372877940864,1190735372877940864,1
4,gcc-scalar,20260917,470,8,measure,46,branch,sum_if,p900,65536,1,158433,11,11,1957202038211152021,1957202038211152021,1
4,gcc-scalar,20260917,471,8,measure,47,branch,filter_copy,p100,65536,1,146764,11,11,6554,6554,1
4,gcc-scalar,20260917,472,8,measure,48,dependency,chain_xor_mul,uniform,65536,64,6740846,11,11,5299772668389481216,5299772668389481216,1
4,gcc-scalar,20260917,473,8,measure,49,branch,filter_copy_mask,p750,65536,1,28944,11,11,49152,49152,1
4,gcc-scalar,20260917,474,8,measure,50,small,sum_one,uniform,2,524288,1053629,11,11,14489530702789345280,14489530702789345280,1
4,gcc-scalar,20260917,475,8,measure,51,branch,filter_copy,p250,65536,1,269190,11,11,16384,16384,1
4,gcc-scalar,20260917,476,8,measure,52,branch,filter_copy,p500,65536,1,369926,11,11,32768,32768,1
4,gcc-scalar,20260917,477,9,measure,0,branch,filter_copy,p1000,65536,1,32173,11,11,65536,65536,1
4,gcc-scalar,20260917,478,9,measure,1,dependency,sum_one_bis,uniform,65536,64,1690796,11,11,1190735372877940864,1190735372877940864,1
4,gcc-scalar,20260917,479,9,measure,2,small,sum_one,uniform,192,5461,423480,11,11,17901819518249685373,17901819518249685373,1
4,gcc-scalar,20260917,480,9,measure,3,small,sum_one,uniform,3,349525,984239,11,11,9690214761957071044,9690214761957071044,1
4,gcc-scalar,20260917,481,9,measure,4,small,sum_one,uniform,384,2730,427640,11,11,5767785928059657782,5767785928059657782,1
4,gcc-scalar,20260917,482,9,measure,5,branch,sum_if,p500,65536,1,367288,11,11,261284744287062128,261284744287062128,1
4,gcc-scalar,20260917,483,9,measure,6,branch,filter_copy_mask,p500_alternating,65536,1,67705,11,11,32768,32768,1
4,gcc-scalar,20260917,484,9,measure,7,small,sum_one,uniform,256,4096,428785,11,11,12471836693395644416,12471836693395644416,1
4,gcc-scalar,20260917,485,9,measure,8,branch,filter_copy,p100,65536,1,150597,11,11,6554,6554,1
4,gcc-scalar,20260917,486,9,measure,9,dependency,sum_twice,uniform,65536,64,3431532,11,11,2381470745755881728,2381470745755881728,1
4,gcc-scalar,20260917,487,9,measure,10,branch,sum_if,p900,65536,1,164187,11,11,1957202038211152021,1957202038211152021,1
4,gcc-scalar,20260917,488,9,measure,11,branch,filter_copy_mask,p750,65536,1,30569,11,11,49152,49152,1
4,gcc-scalar,20260917,489,9,measure,12,small,sum_one,uniform,64,16384,599336,11,11,14815439244071927808,14815439244071927808,1
4,gcc-scalar,20260917,490,9,measure,13,small,sum_one,uniform,12,87381,670043,11,11,18208879310165819389,18208879310165819389,1
4,gcc-scalar,20260917,491,9,measure,14,branch,sum_if,p000,65536,1,26387,11,11,0,0,1
4,gcc-scalar,20260917,492,9,measure,15,dependency,sum_four,uniform,65536,64,1126766,11,11,1190735372877940864,1190735372877940864,1
4,gcc-scalar,20260917,493,9,measure,16,small,sum_one,uniform,768,1365,424940,11,11,6760326044614544011,6760326044614544011,1
4,gcc-scalar,20260917,494,9,measure,17,branch,filter_copy,p500_alternating,65536,1,69115,11,11,32768,32768,1
4,gcc-scalar,20260917,495,9,measure,18,branch,filter_copy_mask,p100,65536,1,26876,11,11,6554,6554,1
4,gcc-scalar,20260917,496,9,measure,19,small,sum_one,uniform,16,65536,607916,11,11,1403062601089810432,1403062601089810432,1
4,gcc-scalar,20260917,497,9,measure,20,branch,sum_if,p750,65536,1,273444,11,11,14586442889165806448,14586442889165806448,1
4,gcc-scalar,20260917,498,9,measure,21,branch,filter_copy,p750,65536,1,265347,11,11,49152,49152,1
4,gcc-scalar,20260917,499,9,measure,22,branch,filter_copy_mask,p000,65536,1,27132,11,11,0,0,1
4,gcc-scalar,20260917,500,9,measure,23,branch,filter_copy_mask,p1000,65536,1,28605,11,11,65536,65536,1
4,gcc-scalar,20260917,501,9,measure,24,branch,sum_if,p1000,65536,1,26646,11,11,4485739283943968327,4485739283943968327,1
4,gcc-scalar,20260917,502,9,measure,25,small,sum_one,uniform,1024,1024,419242,11,11,6113767114656410624,6113767114656410624,1
4,gcc-scalar,20260917,503,9,measure,26,small,sum_one,uniform,6,174762,738669,11,11,4529353940760067638,4529353940760067638,1
4,gcc-scalar,20260917,504,9,measure,27,dependency,split_xor_mul,uniform,65536,64,2181283,11,11,8310383708453772032,8310383708453772032,1
4,gcc-scalar,20260917,505,9,measure,28,small,sum_one,uniform,32,32768,514319,11,11,4730905112462327808,4730905112462327808,1
4,gcc-scalar,20260917,506,9,measure,29,branch,filter_copy_mask,p500,65536,1,28368,11,11,32768,32768,1
4,gcc-scalar,20260917,507,9,measure,30,small,sum_one,uniform,96,10922,520969,11,11,1966801938065649448,1966801938065649448,1
4,gcc-scalar,20260917,508,9,measure,31,branch,sum_if,p100,65536,1,147075,11,11,3083979731501324985,3083979731501324985,1
4,gcc-scalar,20260917,509,9,measure,32,branch,filter_copy,p900,65536,1,145395,11,11,58982,58982,1
4,gcc-scalar,20260917,510,9,measure,33,branch,filter_copy,p000,65536,1,26426,11,11,0,0,1
4,gcc-scalar,20260917,511,9,measure,34,branch,filter_copy_mask,p900,65536,1,27336,11,11,58982,58982,1
4,gcc-scalar,20260917,512,9,measure,35,small,sum_one,uniform,128,8192,432805,11,11,17503531059042279424,17503531059042279424,1
4,gcc-scalar,20260917,513,9,measure,36,small,sum_one,uniform,8,131072,792150,11,11,11724155215337095168,11724155215337095168,1
4,gcc-scalar,20260917,514,9,measure,37,small,sum_one,uniform,24,43690,543052,11,11,5019437447312423050,5019437447312423050,1
4,gcc-scalar,20260917,515,9,measure,38,dependency,chain_xor_mul,uniform,65536,64,6815287,11,11,5299772668389481216,5299772668389481216,1
4,gcc-scalar,20260917,516,9,measure,39,small,sum_one,uniform,4,262144,941713,11,11,6027757896494481408,6027757896494481408,1
4,gcc-scalar,20260917,517,9,measure,40,branch,filter_copy,p500,65536,1,372249,11,11,32768,32768,1
4,gcc-scalar,20260917,518,9,measure,41,branch,sum_if,p250,65536,1,259607,11,11,75766260937212688,75766260937212688,1
4,gcc-scalar,20260917,519,9,measure,42,branch,filter_copy,p250,65536,1,271359,11,11,16384,16384,1
4,gcc-scalar,20260917,520,9,measure,43,dependency,sum_one,uniform,65536,64,1748540,11,11,1190735372877940864,1190735372877940864,1
4,gcc-scalar,20260917,521,9,measure,44,small,sum_one,uniform,2,524288,1181028,11,11,14489530702789345280,14489530702789345280,1
4,gcc-scalar,20260917,522,9,measure,45,branch,sum_if,p500_alternating,65536,1,26607,11,11,4196774058536912234,4196774058536912234,1
4,gcc-scalar,20260917,523,9,measure,46,small,sum_one,uniform,48,21845,672094,11,11,18173204259618227916,18173204259618227916,1
4,gcc-scalar,20260917,524,9,measure,47,branch,filter_copy_mask,p250,65536,1,28652,11,11,16384,16384,1
4,gcc-scalar,20260917,525,9,measure,48,small,sum_one,uniform,1,1048576,1689228,11,11,8452580083670974464,8452580083670974464,1
4,gcc-scalar,20260917,526,9,measure,49,small,sum_one,uniform,512,2048,417479,11,11,6127788314265579520,6127788314265579520,1
4,gcc-scalar,20260917,527,9,measure,50,branch,sum_if,p500_sorted,65536,1,26589,11,11,2213941836433581612,2213941836433581612,1
4,gcc-scalar,20260917,528,9,measure,51,branch,filter_copy_mask,p500_sorted,65536,1,37973,11,11,32768,32768,1
4,gcc-scalar,20260917,529,9,measure,52,branch,filter_copy,p500_sorted,65536,1,27926,11,11,32768,32768,1
4,gcc-scalar,20260917,530,10,measure,0,dependency,sum_four,uniform,65536,64,1151233,11,11,1190735372877940864,1190735372877940864,1
4,gcc-scalar,20260917,531,10,measure,1,small,sum_one,uniform,1,1048576,1722714,11,11,8452580083670974464,8452580083670974464,1
4,gcc-scalar,20260917,532,10,measure,2,branch,sum_if,p750,65536,1,269068,11,11,14586442889165806448,14586442889165806448,1
4,gcc-scalar,20260917,533,10,measure,3,branch,filter_copy_mask,p100,65536,1,27088,11,11,6554,6554,1
4,gcc-scalar,20260917,534,10,measure,4,small,sum_one,uniform,128,8192,460100,11,11,17503531059042279424,17503531059042279424,1
4,gcc-scalar,20260917,535,10,measure,5,branch,filter_copy_mask,p500_alternating,65536,1,28686,11,11,32768,32768,1
4,gcc-scalar,20260917,536,10,measure,6,branch,sum_if,p1000,65536,1,26417,11,11,4485739283943968327,4485739283943968327,1
4,gcc-scalar,20260917,537,10,measure,7,branch,filter_copy,p750,65536,1,283664,11,11,49152,49152,1
4,gcc-scalar,20260917,538,10,measure,8,small,sum_one,uniform,12,87381,697070,11,11,18208879310165819389,18208879310165819389,1
4,gcc-scalar,20260917,539,10,measure,9,dependency,sum_twice,uniform,65536,64,3409716,11,11,2381470745755881728,2381470745755881728,1
4,gcc-scalar,20260917,540,10,measure,10,branch,sum_if,p250,65536,1,301503,11,11,75766260937212688,75766260937212688,1
4,gcc-scalar,20260917,541,10,measure,11,branch,filter_copy,p500,65536,1,405873,11,11,32768,32768,1
4,gcc-scalar,20260917,542,10,measure,12,branch,sum_if,p500_sorted,65536,1,26810,11,11,2213941836433581612,2213941836433581612,1
4,gcc-scalar,20260917,543,10,measure,13,branch,filter_copy,p250,65536,1,287706,11,11,16384,16384,1
4,gcc-scalar,20260917,544,10,measure,14,dependency,sum_one_bis,uniform,65536,64,1736300,11,11,1190735372877940864,1190735372877940864,1
4,gcc-scalar,20260917,545,10,measure,15,small,sum_one,uniform,4,262144,897224,11,11,6027757896494481408,6027757896494481408,1
4,gcc-scalar,20260917,546,10,measure,16,branch,filter_copy,p500_sorted,65536,1,30675,11,11,32768,32768,1
4,gcc-scalar,20260917,547,10,measure,17,branch,sum_if,p100,65536,1,157360,11,11,3083979731501324985,3083979731501324985,1
4,gcc-scalar,20260917,548,10,measure,18,branch,filter_copy_mask,p000,65536,1,28453,11,11,0,0,1
4,gcc-scalar,20260917,549,10,measure,19,branch,filter_copy_mask,p1000,65536,1,53259,11,11,65536,65536,1
4,gcc-scalar,20260917,550,10,measure,20,dependency,chain_xor_mul,uniform,65536,64,6756682,11,11,5299772668389481216,5299772668389481216,1
4,gcc-scalar,20260917,551,10,measure,21,small,sum_one,uniform,96,10922,510954,11,11,1966801938065649448,1966801938065649448,1
4,gcc-scalar,20260917,552,10,measure,22,branch,filter_copy_mask,p750,65536,1,29638,11,11,49152,49152,1
4,gcc-scalar,20260917,553,10,measure,23,branch,filter_copy,p000,65536,1,26411,11,11,0,0,1
4,gcc-scalar,20260917,554,10,measure,24,small,sum_one,uniform,384,2730,426171,11,11,5767785928059657782,5767785928059657782,1
4,gcc-scalar,20260917,555,10,measure,25,small,sum_one,uniform,256,4096,418190,11,11,12471836693395644416,12471836693395644416,1
4,gcc-scalar,20260917,556,10,measure,26,branch,sum_if,p900,65536,1,145839,11,11,1957202038211152021,1957202038211152021,1
4,gcc-scalar,20260917,557,10,measure,27,small,sum_one,uniform,768,1365,417654,11,11,6760326044614544011,6760326044614544011,1
4,gcc-scalar,20260917,558,10,measure,28,branch,sum_if,p500_alternating,65536,1,26438,11,11,4196774058536912234,4196774058536912234,1
4,gcc-scalar,20260917,559,10,measure,29,branch,filter_copy,p1000,65536,1,35558,11,11,65536,65536,1
4,gcc-scalar,20260917,560,10,measure,30,small,sum_one,uniform,192,5461,401969,11,11,17901819518249685373,17901819518249685373,1
4,gcc-scalar,20260917,561,10,measure,31,branch,filter_copy_mask,p500_sorted,65536,1,27193,11,11,32768,32768,1
4,gcc-scalar,20260917,562,10,measure,32,small,sum_one,uniform,2,524288,1058666,11,11,14489530702789345280,14489530702789345280,1
4,gcc-scalar,20260917,563,10,measure,33,branch,filter_copy_mask,p500,65536,1,28092,11,11,32768,32768,1
4,gcc-scalar,20260917,564,10,measure,34,branch,sum_if,p000,65536,1,26961,11,11,0,0,1
4,gcc-scalar,20260917,565,10,measure,35,small,sum_one,uniform,32,32768,488568,11,11,4730905112462327808,4730905112462327808,1
4,gcc-scalar,20260917,566,10,measure,36,small,sum_one,uniform,1024,1024,424424,11,11,6113767114656410624,6113767114656410624,1
4,gcc-scalar,20260917,567,10,measure,37,branch,filter_copy_mask,p900,65536,1,28777,11,11,58982,58982,1
4,gcc-scalar,20260917,568,10,measure,38,small,sum_one,uniform,48,21845,730770,11,11,18173204259618227916,18173204259618227916,1
4,gcc-scalar,20260917,569,10,measure,39,branch,filter_copy,p900,65536,1,145025,11,11,58982,58982,1
4,gcc-scalar,20260917,570,10,measure,40,small,sum_one,uniform,16,65536,551793,11,11,1403062601089810432,1403062601089810432,1
4,gcc-scalar,20260917,571,10,measure,41,dependency,split_xor_mul,uniform,65536,64,2206812,11,11,8310383708453772032,8310383708453772032,1
4,gcc-scalar,20260917,572,10,measure,42,branch,filter_copy,p100,65536,1,148558,11,11,6554,6554,1
4,gcc-scalar,20260917,573,10,measure,43,branch,filter_copy,p500_alternating,65536,1,26500,11,11,32768,32768,1
4,gcc-scalar,20260917,574,10,measure,44,small,sum_one,uniform,512,2048,422458,11,11,6127788314265579520,6127788314265579520,1
4,gcc-scalar,20260917,575,10,measure,45,branch,filter_copy_mask,p250,65536,1,28569,11,11,16384,16384,1
4,gcc-scalar,20260917,576,10,measure,46,small,sum_one,uniform,24,43690,512489,11,11,5019437447312423050,5019437447312423050,1
4,gcc-scalar,20260917,577,10,measure,47,small,sum_one,uniform,6,174762,739635,11,11,4529353940760067638,4529353940760067638,1
4,gcc-scalar,20260917,578,10,measure,48,branch,sum_if,p500,65536,1,375840,11,11,261284744287062128,261284744287062128,1
4,gcc-scalar,20260917,579,10,measure,49,small,sum_one,uniform,3,349525,981142,11,11,9690214761957071044,9690214761957071044,1
4,gcc-scalar,20260917,580,10,measure,50,small,sum_one,uniform,64,16384,601653,11,11,14815439244071927808,14815439244071927808,1
4,gcc-scalar,20260917,581,10,measure,51,dependency,sum_one,uniform,65536,64,1689109,11,11,1190735372877940864,1190735372877940864,1
4,gcc-scalar,20260917,582,10,measure,52,small,sum_one,uniform,8,131072,790923,11,11,11724155215337095168,11724155215337095168,1
4,gcc-scalar,20260917,583,11,measure,0,branch,filter_copy,p100,65536,1,154116,11,11,6554,6554,1
4,gcc-scalar,20260917,584,11,measure,1,small,sum_one,uniform,384,2730,423510,11,11,5767785928059657782,5767785928059657782,1
4,gcc-scalar,20260917,585,11,measure,2,small,sum_one,uniform,24,43690,510399,11,11,5019437447312423050,5019437447312423050,1
4,gcc-scalar,20260917,586,11,measure,3,branch,filter_copy_mask,p100,65536,1,26871,11,11,6554,6554,1
4,gcc-scalar,20260917,587,11,measure,4,small,sum_one,uniform,4,262144,897294,11,11,6027757896494481408,6027757896494481408,1
4,gcc-scalar,20260917,588,11,measure,5,small,sum_one,uniform,64,16384,620610,11,11,14815439244071927808,14815439244071927808,1
4,gcc-scalar,20260917,589,11,measure,6,small,sum_one,uniform,3,349525,986842,11,11,9690214761957071044,9690214761957071044,1
4,gcc-scalar,20260917,590,11,measure,7,branch,filter_copy,p750,65536,1,264305,11,11,49152,49152,1
4,gcc-scalar,20260917,591,11,measure,8,small,sum_one,uniform,32,32768,489248,11,11,4730905112462327808,4730905112462327808,1
4,gcc-scalar,20260917,592,11,measure,9,dependency,sum_one_bis,uniform,65536,64,1687194,11,11,1190735372877940864,1190735372877940864,1
4,gcc-scalar,20260917,593,11,measure,10,branch,sum_if,p500,65536,1,373700,11,11,261284744287062128,261284744287062128,1
4,gcc-scalar,20260917,594,11,measure,11,dependency,split_xor_mul,uniform,65536,64,2227876,11,11,8310383708453772032,8310383708453772032,1
4,gcc-scalar,20260917,595,11,measure,12,small,sum_one,uniform,192,5461,422258,11,11,17901819518249685373,17901819518249685373,1
4,gcc-scalar,20260917,596,11,measure,13,small,sum_one,uniform,48,21845,738628,11,11,18173204259618227916,18173204259618227916,1
4,gcc-scalar,20260917,597,11,measure,14,branch,sum_if,p250,65536,1,275856,11,11,75766260937212688,75766260937212688,1
4,gcc-scalar,20260917,598,11,measure,15,small,sum_one,uniform,16,65536,561356,11,11,1403062601089810432,1403062601089810432,1
4,gcc-scalar,20260917,599,11,measure,16,branch,filter_copy_mask,p000,65536,1,27243,11,11,0,0,1
4,gcc-scalar,20260917,600,11,measure,17,dependency,sum_twice,uniform,65536,64,3384937,11,11,2381470745755881728,2381470745755881728,1
4,gcc-scalar,20260917,601,11,measure,18,small,sum_one,uniform,8,131072,790847,11,11,11724155215337095168,11724155215337095168,1
4,gcc-scalar,20260917,602,11,measure,19,branch,sum_if,p000,65536,1,26393,11,11,0,0,1
4,gcc-scalar,20260917,603,11,measure,20,small,sum_one,uniform,512,2048,421810,11,11,6127788314265579520,6127788314265579520,1
4,gcc-scalar,20260917,604,11,measure,21,branch,filter_copy_mask,p250,65536,1,28751,11,11,16384,16384,1
4,gcc-scalar,20260917,605,11,measure,22,small,sum_one,uniform,256,4096,408963,11,11,12471836693395644416,12471836693395644416,1
4,gcc-scalar,20260917,606,11,measure,23,dependency,sum_one,uniform,65536,64,1695996,11,11,1190735372877940864,1190735372877940864,1
4,gcc-scalar,20260917,607,11,measure,24,branch,filter_copy_mask,p500_alternating,65536,1,31526,11,11,32768,32768,1
4,gcc-scalar,20260917,608,11,measure,25,branch,filter_copy_mask,p500,65536,1,28142,11,11,32768,32768,1
4,gcc-scalar,20260917,609,11,measure,26,small,sum_one,uniform,1,1048576,1766922,11,11,8452580083670974464,8452580083670974464,1
4,gcc-scalar,20260917,610,11,measure,27,branch,sum_if,p500_sorted,65536,1,27001,11,11,2213941836433581612,2213941836433581612,1
4,gcc-scalar,20260917,611,11,measure,28,branch,filter_copy,p500_sorted,65536,1,26510,11,11,32768,32768,1
4,gcc-scalar,20260917,612,11,measure,29,branch,sum_if,p900,65536,1,169353,11,11,1957202038211152021,1957202038211152021,1
4,gcc-scalar,20260917,613,11,measure,30,branch,filter_copy_mask,p900,65536,1,43763,11,11,58982,58982,1
4,gcc-scalar,20260917,614,11,measure,31,branch,sum_if,p100,65536,1,148366,11,11,3083979731501324985,3083979731501324985,1
4,gcc-scalar,20260917,615,11,measure,32,branch,filter_copy,p500_alternating,65536,1,26592,11,11,32768,32768,1
4,gcc-scalar,20260917,616,11,measure,33,small,sum_one,uniform,96,10922,487127,11,11,1966801938065649448,1966801938065649448,1
4,gcc-scalar,20260917,617,11,measure,34,small,sum_one,uniform,128,8192,449148,11,11,17503531059042279424,17503531059042279424,1
4,gcc-scalar,20260917,618,11,measure,35,branch,filter_copy_mask,p500_sorted,65536,1,27314,11,11,32768,32768,1
4,gcc-scalar,20260917,619,11,measure,36,small,sum_one,uniform,768,1365,421863,11,11,6760326044614544011,6760326044614544011,1
4,gcc-scalar,20260917,620,11,measure,37,small,sum_one,uniform,1024,1024,425279,11,11,6113767114656410624,6113767114656410624,1
4,gcc-scalar,20260917,621,11,measure,38,small,sum_one,uniform,6,174762,735965,11,11,4529353940760067638,4529353940760067638,1
4,gcc-scalar,20260917,622,11,measure,39,branch,sum_if,p750,65536,1,261734,11,11,14586442889165806448,14586442889165806448,1
4,gcc-scalar,20260917,623,11,measure,40,small,sum_one,uniform,12,87381,607779,11,11,18208879310165819389,18208879310165819389,1
4,gcc-scalar,20260917,624,11,measure,41,branch,filter_copy,p250,65536,1,258530,11,11,16384,16384,1
4,gcc-scalar,20260917,625,11,measure,42,branch,sum_if,p1000,65536,1,26422,11,11,4485739283943968327,4485739283943968327,1
4,gcc-scalar,20260917,626,11,measure,43,dependency,sum_four,uniform,65536,64,1124391,11,11,1190735372877940864,1190735372877940864,1
4,gcc-scalar,20260917,627,11,measure,44,branch,sum_if,p500_alternating,65536,1,29700,11,11,4196774058536912234,4196774058536912234,1
4,gcc-scalar,20260917,628,11,measure,45,dependency,chain_xor_mul,uniform,65536,64,6753920,11,11,5299772668389481216,5299772668389481216,1
4,gcc-scalar,20260917,629,11,measure,46,branch,filter_copy,p900,65536,1,146631,11,11,58982,58982,1
4,gcc-scalar,20260917,630,11,measure,47,branch,filter_copy_mask,p1000,65536,1,36372,11,11,65536,65536,1
4,gcc-scalar,20260917,631,11,measure,48,small,sum_one,uniform,2,524288,1065070,11,11,14489530702789345280,14489530702789345280,1
4,gcc-scalar,20260917,632,11,measure,49,branch,filter_copy,p500,65536,1,371500,11,11,32768,32768,1
4,gcc-scalar,20260917,633,11,measure,50,branch,filter_copy,p1000,65536,1,29040,11,11,65536,65536,1
4,gcc-scalar,20260917,634,11,measure,51,branch,filter_copy_mask,p750,65536,1,30119,11,11,49152,49152,1
4,gcc-scalar,20260917,635,11,measure,52,branch,filter_copy,p000,65536,1,26380,11,11,0,0,1
4,gcc-scalar,20260917,636,12,measure,0,branch,filter_copy,p100,65536,1,145445,11,11,6554,6554,1
4,gcc-scalar,20260917,637,12,measure,1,branch,filter_copy,p900,65536,1,141866,11,11,58982,58982,1
4,gcc-scalar,20260917,638,12,measure,2,branch,sum_if,p750,65536,1,255263,11,11,14586442889165806448,14586442889165806448,1
4,gcc-scalar,20260917,639,12,measure,3,small,sum_one,uniform,3,349525,986367,11,11,9690214761957071044,9690214761957071044,1
4,gcc-scalar,20260917,640,12,measure,4,branch,sum_if,p500,65536,1,363042,11,11,261284744287062128,261284744287062128,1
4,gcc-scalar,20260917,641,12,measure,5,small,sum_one,uniform,128,8192,439896,11,11,17503531059042279424,17503531059042279424,1
4,gcc-scalar,20260917,642,12,measure,6,branch,sum_if,p000,65536,1,26457,11,11,0,0,1
4,gcc-scalar,20260917,643,12,measure,7,branch,sum_if,p250,65536,1,262378,11,11,75766260937212688,75766260937212688,1
4,gcc-scalar,20260917,644,12,measure,8,branch,filter_copy_mask,p1000,65536,1,31339,11,11,65536,65536,1
4,gcc-scalar,20260917,645,12,measure,9,small,sum_one,uniform,8,131072,791197,11,11,11724155215337095168,11724155215337095168,1
4,gcc-scalar,20260917,646,12,measure,10,branch,filter_copy,p500_sorted,65536,1,26862,11,11,32768,32768,1
4,gcc-scalar,20260917,647,12,measure,11,small,sum_one,uniform,96,10922,512694,11,11,1966801938065649448,1966801938065649448,1
4,gcc-scalar,20260917,648,12,measure,12,small,sum_one,uniform,192,5461,419310,11,11,17901819518249685373,17901819518249685373,1
4,gcc-scalar,20260917,649,12,measure,13,small,sum_one,uniform,6,174762,740549,11,11,4529353940760067638,4529353940760067638,1
4,gcc-scalar,20260917,650,12,measure,14,branch,filter_copy_mask,p500,65536,1,28631,11,11,32768,32768,1
4,gcc-scalar,20260917,651,12,measure,15,small,sum_one,uniform,512,2048,424074,11,11,6127788314265579520,6127788314265579520,1
4,gcc-scalar,20260917,652,12,measure,16,branch,filter_copy,p250,65536,1,266577,11,11,16384,16384,1
4,gcc-scalar,20260917,653,12,measure,17,branch,filter_copy_mask,p250,65536,1,28643,11,11,16384,16384,1
4,gcc-scalar,20260917,654,12,measure,18,branch,filter_copy_mask,p100,65536,1,27020,11,11,6554,6554,1
4,gcc-scalar,20260917,655,12,measure,19,branch,sum_if,p500_sorted,65536,1,29464,11,11,2213941836433581612,2213941836433581612,1
4,gcc-scalar,20260917,656,12,measure,20,branch,sum_if,p1000,65536,1,26338,11,11,4485739283943968327,4485739283943968327,1
4,gcc-scalar,20260917,657,12,measure,21,small,sum_one,uniform,384,2730,422166,11,11,5767785928059657782,5767785928059657782,1
4,gcc-scalar,20260917,658,12,measure,22,branch,filter_copy_mask,p500_sorted,65536,1,29522,11,11,32768,32768,1
4,gcc-scalar,20260917,659,12,measure,23,branch,filter_copy_mask,p000,65536,1,27103,11,11,0,0,1
4,gcc-scalar,20260917,660,12,measure,24,small,sum_one,uniform,1,1048576,1689400,11,11,8452580083670974464,8452580083670974464,1
4,gcc-scalar,20260917,661,12,measure,25,branch,filter_copy_mask,p500_alternating,65536,1,28265,11,11,32768,32768,1
4,gcc-scalar,20260917,662,12,measure,26,branch,filter_copy,p500,65536,1,370926,11,11,32768,32768,1
4,gcc-scalar,20260917,663,12,measure,27,branch,sum_if,p500_alternating,65536,1,35090,11,11,4196774058536912234,4196774058536912234,1
4,gcc-scalar,20260917,664,12,measure,28,dependency,sum_twice,uniform,65536,64,3669991,11,11,2381470745755881728,2381470745755881728,1
4,gcc-scalar,20260917,665,12,measure,29,small,sum_one,uniform,4,262144,896437,11,11,6027757896494481408,6027757896494481408,1
4,gcc-scalar,20260917,666,12,measure,30,branch,filter_copy,p750,65536,1,268156,11,11,49152,49152,1
4,gcc-scalar,20260917,667,12,measure,31,small,sum_one,uniform,24,43690,514343,11,11,5019437447312423050,5019437447312423050,1
4,gcc-scalar,20260917,668,12,measure,32,branch,filter_copy_mask,p900,65536,1,33689,11,11,58982,58982,1
4,gcc-scalar,20260917,669,12,measure,33,branch,filter_copy,p1000,65536,1,31619,11,11,65536,65536,1
4,gcc-scalar,20260917,670,12,measure,34,branch,sum_if,p100,65536,1,146256,11,11,3083979731501324985,3083979731501324985,1
4,gcc-scalar,20260917,671,12,measure,35,small,sum_one,uniform,48,21845,735779,11,11,18173204259618227916,18173204259618227916,1
4,gcc-scalar,20260917,672,12,measure,36,small,sum_one,uniform,12,87381,599397,11,11,18208879310165819389,18208879310165819389,1
4,gcc-scalar,20260917,673,12,measure,37,small,sum_one,uniform,256,4096,417721,11,11,12471836693395644416,12471836693395644416,1
4,gcc-scalar,20260917,674,12,measure,38,branch,filter_copy,p500_alternating,65536,1,31375,11,11,32768,32768,1
4,gcc-scalar,20260917,675,12,measure,39,small,sum_one,uniform,16,65536,554870,11,11,1403062601089810432,1403062601089810432,1
4,gcc-scalar,20260917,676,12,measure,40,branch,filter_copy,p000,65536,1,27626,11,11,0,0,1
4,gcc-scalar,20260917,677,12,measure,41,dependency,sum_one_bis,uniform,65536,64,1690781,11,11,1190735372877940864,1190735372877940864,1
4,gcc-scalar,20260917,678,12,measure,42,dependency,split_xor_mul,uniform,65536,64,2250867,11,11,8310383708453772032,8310383708453772032,1
4,gcc-scalar,20260917,679,12,measure,43,small,sum_one,uniform,2,524288,1054511,11,11,14489530702789345280,14489530702789345280,1
4,gcc-scalar,20260917,680,12,measure,44,small,sum_one,uniform,768,1365,416818,11,11,6760326044614544011,6760326044614544011,1
4,gcc-scalar,20260917,681,12,measure,45,small,sum_one,uniform,64,16384,594871,11,11,14815439244071927808,14815439244071927808,1
4,gcc-scalar,20260917,682,12,measure,46,dependency,sum_one,uniform,65536,64,1693107,11,11,1190735372877940864,1190735372877940864,1
4,gcc-scalar,20260917,683,12,measure,47,branch,sum_if,p900,65536,1,136302,11,11,1957202038211152021,1957202038211152021,1
4,gcc-scalar,20260917,684,12,measure,48,dependency,sum_four,uniform,65536,64,1176997,11,11,1190735372877940864,1190735372877940864,1
4,gcc-scalar,20260917,685,12,measure,49,small,sum_one,uniform,32,32768,531923,11,11,4730905112462327808,4730905112462327808,1
4,gcc-scalar,20260917,686,12,measure,50,small,sum_one,uniform,1024,1024,441031,11,11,6113767114656410624,6113767114656410624,1
4,gcc-scalar,20260917,687,12,measure,51,branch,filter_copy_mask,p750,65536,1,69655,11,11,49152,49152,1
4,gcc-scalar,20260917,688,12,measure,52,dependency,chain_xor_mul,uniform,65536,64,6745778,11,11,5299772668389481216,5299772668389481216,1
4,gcc-scalar,20260917,689,13,measure,0,small,sum_one,uniform,3,349525,989391,11,11,9690214761957071044,9690214761957071044,1
4,gcc-scalar,20260917,690,13,measure,1,small,sum_one,uniform,8,131072,815162,11,11,11724155215337095168,11724155215337095168,1
4,gcc-scalar,20260917,691,13,measure,2,branch,sum_if,p1000,65536,1,27495,11,11,4485739283943968327,4485739283943968327,1
4,gcc-scalar,20260917,692,13,measure,3,small,sum_one,uniform,128,8192,455958,11,11,17503531059042279424,17503531059042279424,1
4,gcc-scalar,20260917,693,13,measure,4,dependency,sum_one_bis,uniform,65536,64,1760063,11,11,1190735372877940864,1190735372877940864,1
4,gcc-scalar,20260917,694,13,measure,5,branch,filter_copy_mask,p500_alternating,65536,1,30756,11,11,32768,32768,1
4,gcc-scalar,20260917,695,13,measure,6,dependency,chain_xor_mul,uniform,65536,64,6798991,11,11,5299772668389481216,5299772668389481216,1
4,gcc-scalar,20260917,696,13,measure,7,branch,sum_if,p250,65536,1,265224,11,11,75766260937212688,75766260937212688,1
4,gcc-scalar,20260917,697,13,measure,8,dependency,sum_one,uniform,65536,64,1759519,11,11,1190735372877940864,1190735372877940864,1
4,gcc-scalar,20260917,698,13,measure,9,small,sum_one,uniform,256,4096,435338,11,11,12471836693395644416,12471836693395644416,1
4,gcc-scalar,20260917,699,13,measure,10,branch,filter_copy,p900,65536,1,152054,11,11,58982,58982,1
4,gcc-scalar,20260917,700,13,measure,11,branch,filter_copy,p250,65536,1,290562,11,11,16384,16384,1
4,gcc-scalar,20260917,701,13,measure,12,small,sum_one,uniform,6,174762,770117,11,11,4529353940760067638,4529353940760067638,1
4,gcc-scalar,20260917,702,13,measure,13,branch,filter_copy_mask,p1000,65536,1,33644,11,11,65536,65536,1
4,gcc-scalar,20260917,703,13,measure,14,branch,filter_copy,p100,65536,1,153360,11,11,6554,6554,1
4,gcc-scalar,20260917,704,13,measure,15,small,sum_one,uniform,4,262144,934295,11,11,6027757896494481408,6027757896494481408,1
4,gcc-scalar,20260917,705,13,measure,16,branch,sum_if,p750,65536,1,268948,11,11,14586442889165806448,14586442889165806448,1
4,gcc-scalar,20260917,706,13,measure,17,branch,filter_copy,p000,65536,1,27472,11,11,0,0,1
4,gcc-scalar,20260917,707,13,measure,18,small,sum_one,uniform,2,524288,1098509,11,11,14489530702789345280,14489530702789345280,1
4,gcc-scalar,20260917,708,13,measure,19,small,sum_one,uniform,12,87381,627796,11,11,18208879310165819389,18208879310165819389,1
4,gcc-scalar,20260917,709,13,measure,20,small,sum_one,uniform,48,21845,658653,11,11,18173204259618227916,18173204259618227916,1
4,gcc-scalar,20260917,710,13,measure,21,small,sum_one,uniform,512,2048,439745,11,11,6127788314265579520,6127788314265579520,1
4,gcc-scalar,20260917,711,13,measure,22,small,sum_one,uniform,768,1365,439506,11,11,6760326044614544011,6760326044614544011,1
4,gcc-scalar,20260917,712,13,measure,23,branch,filter_copy_mask,p250,65536,1,29596,11,11,16384,16384,1
4,gcc-scalar,20260917,713,13,measure,24,small,sum_one,uniform,1024,1024,443777,11,11,6113767114656410624,6113767114656410624,1
4,gcc-scalar,20260917,714,13,measure,25,dependency,sum_four,uniform,65536,64,1168626,11,11,1190735372877940864,1190735372877940864,1
4,gcc-scalar,20260917,715,13,measure,26,branch,sum_if,p900,65536,1,142520,11,11,1957202038211152021,1957202038211152021,1
4,gcc-scalar,20260917,716,13,measure,27,branch,sum_if,p500_alternating,65536,1,27610,11,11,4196774058536912234,4196774058536912234,1
4,gcc-scalar,20260917,717,13,measure,28,small,sum_one,uniform,96,10922,539754,11,11,1966801938065649448,1966801938065649448,1
4,gcc-scalar,20260917,718,13,measure,29,branch,filter_copy_mask,p900,65536,1,30818,11,11,58982,58982,1
4,gcc-scalar,20260917,719,13,measure,30,branch,sum_if,p000,65536,1,33531,11,11,0,0,1
4,gcc-scalar,20260917,720,13,measure,31,small,sum_one,uniform,32,32768,509135,11,11,4730905112462327808,4730905112462327808,1
4,gcc-scalar,20260917,721,13,measure,32,branch,sum_if,p500,65536,1,385416,11,11,261284744287062128,261284744287062128,1
4,gcc-scalar,20260917,722,13,measure,33,branch,filter_copy,p500_alternating,65536,1,27731,11,11,32768,32768,1
4,gcc-scalar,20260917,723,13,measure,34,branch,filter_copy_mask,p100,65536,1,27871,11,11,6554,6554,1
4,gcc-scalar,20260917,724,13,measure,35,dependency,sum_twice,uniform,65536,64,3543910,11,11,2381470745755881728,2381470745755881728,1
4,gcc-scalar,20260917,725,13,measure,36,small,sum_one,uniform,1,1048576,1754421,11,11,8452580083670974464,8452580083670974464,1
4,gcc-scalar,20260917,726,13,measure,37,branch,filter_copy_mask,p000,65536,1,28206,11,11,0,0,1
4,gcc-scalar,20260917,727,13,measure,38,branch,filter_copy_mask,p750,65536,1,29469,11,11,49152,49152,1
4,gcc-scalar,20260917,728,13,measure,39,branch,filter_copy_mask,p500,65536,1,29842,11,11,32768,32768,1
4,gcc-scalar,20260917,729,13,measure,40,dependency,split_xor_mul,uniform,65536,64,2295306,11,11,8310383708453772032,8310383708453772032,1
4,gcc-scalar,20260917,730,13,measure,41,branch,filter_copy,p500,65536,1,388320,11,11,32768,32768,1
4,gcc-scalar,20260917,731,13,measure,42,branch,filter_copy_mask,p500_sorted,65536,1,29349,11,11,32768,32768,1
4,gcc-scalar,20260917,732,13,measure,43,small,sum_one,uniform,192,5461,423600,11,11,17901819518249685373,17901819518249685373,1
4,gcc-scalar,20260917,733,13,measure,44,branch,filter_copy,p1000,65536,1,32381,11,11,65536,65536,1
4,gcc-scalar,20260917,734,13,measure,45,small,sum_one,uniform,16,65536,580005,11,11,1403062601089810432,1403062601089810432,1
4,gcc-scalar,20260917,735,13,measure,46,small,sum_one,uniform,24,43690,534160,11,11,5019437447312423050,5019437447312423050,1
4,gcc-scalar,20260917,736,13,measure,47,branch,sum_if,p500_sorted,65536,1,27890,11,11,2213941836433581612,2213941836433581612,1
4,gcc-scalar,20260917,737,13,measure,48,branch,filter_copy,p500_sorted,65536,1,27648,11,11,32768,32768,1
4,gcc-scalar,20260917,738,13,measure,49,small,sum_one,uniform,384,2730,438481,11,11,5767785928059657782,5767785928059657782,1
4,gcc-scalar,20260917,739,13,measure,50,small,sum_one,uniform,64,16384,628504,11,11,14815439244071927808,14815439244071927808,1
4,gcc-scalar,20260917,740,13,measure,51,branch,sum_if,p100,65536,1,155848,11,11,3083979731501324985,3083979731501324985,1
4,gcc-scalar,20260917,741,13,measure,52,branch,filter_copy,p750,65536,1,284988,11,11,49152,49152,1
4,gcc-scalar,20260917,742,14,measure,0,branch,filter_copy,p750,65536,1,270187,11,11,49152,49152,1
4,gcc-scalar,20260917,743,14,measure,1,branch,filter_copy,p000,65536,1,27512,11,11,0,0,1
4,gcc-scalar,20260917,744,14,measure,2,small,sum_one,uniform,32,32768,508497,11,11,4730905112462327808,4730905112462327808,1
4,gcc-scalar,20260917,745,14,measure,3,small,sum_one,uniform,8,131072,824701,11,11,11724155215337095168,11724155215337095168,1
4,gcc-scalar,20260917,746,14,measure,4,small,sum_one,uniform,4,262144,935396,11,11,6027757896494481408,6027757896494481408,1
4,gcc-scalar,20260917,747,14,measure,5,branch,filter_copy_mask,p750,65536,1,30239,11,11,49152,49152,1
4,gcc-scalar,20260917,748,14,measure,6,branch,sum_if,p500_alternating,65536,1,27648,11,11,4196774058536912234,4196774058536912234,1
4,gcc-scalar,20260917,749,14,measure,7,small,sum_one,uniform,96,10922,495851,11,11,1966801938065649448,1966801938065649448,1
4,gcc-scalar,20260917,750,14,measure,8,small,sum_one,uniform,16,65536,579377,11,11,1403062601089810432,1403062601089810432,1
4,gcc-scalar,20260917,751,14,measure,9,small,sum_one,uniform,1024,1024,436358,11,11,6113767114656410624,6113767114656410624,1
4,gcc-scalar,20260917,752,14,measure,10,branch,filter_copy,p500_alternating,65536,1,27728,11,11,32768,32768,1
4,gcc-scalar,20260917,753,14,measure,11,branch,sum_if,p500_sorted,65536,1,27767,11,11,2213941836433581612,2213941836433581612,1
4,gcc-scalar,20260917,754,14,measure,12,small,sum_one,uniform,384,2730,436928,11,11,5767785928059657782,5767785928059657782,1
4,gcc-scalar,20260917,755,14,measure,13,branch,filter_copy,p1000,65536,1,28281,11,11,65536,65536,1
4,gcc-scalar,20260917,756,14,measure,14,branch,sum_if,p750,65536,1,264870,11,11,14586442889165806448,14586442889165806448,1
4,gcc-scalar,20260917,757,14,measure,15,small,sum_one,uniform,1,1048576,1823459,11,11,8452580083670974464,8452580083670974464,1
4,gcc-scalar,20260917,758,14,measure,16,small,sum_one,uniform,128,8192,444769,11,11,17503531059042279424,17503531059042279424,1
4,gcc-scalar,20260917,759,14,measure,17,branch,sum_if,p1000,65536,1,27509,11,11,4485739283943968327,4485739283943968327,1
4,gcc-scalar,20260917,760,14,measure,18,dependency,chain_xor_mul,uniform,65536,64,7029344,11,11,5299772668389481216,5299772668389481216,1
4,gcc-scalar,20260917,761,14,measure,19,branch,sum_if,p900,65536,1,147701,11,11,1957202038211152021,1957202038211152021,1
4,gcc-scalar,20260917,762,14,measure,20,dependency,split_xor_mul,uniform,65536,64,2320620,11,11,8310383708453772032,8310383708453772032,1
4,gcc-scalar,20260917,763,14,measure,21,branch,filter_copy,p250,65536,1,275051,11,11,16384,16384,1
4,gcc-scalar,20260917,764,14,measure,22,dependency,sum_one_bis,uniform,65536,64,1757488,11,11,1190735372877940864,1190735372877940864,1
4,gcc-scalar,20260917,765,14,measure,23,branch,filter_copy_mask,p1000,65536,1,30644,11,11,65536,65536,1
4,gcc-scalar,20260917,766,14,measure,24,branch,sum_if,p000,65536,1,27546,11,11,0,0,1
4,gcc-scalar,20260917,767,14,measure,25,branch,filter_copy_mask,p900,65536,1,28741,11,11,58982,58982,1
4,gcc-scalar,20260917,768,14,measure,26,small,sum_one,uniform,12,87381,622986,11,11,18208879310165819389,18208879310165819389,1
4,gcc-scalar,20260917,769,14,measure,27,dependency,sum_twice,uniform,65536,64,3542343,11,11,2381470745755881728,2381470745755881728,1
4,gcc-scalar,20260917,770,14,measure,28,branch,sum_if,p100,65536,1,157339,11,11,3083979731501324985,3083979731501324985,1
4,gcc-scalar,20260917,771,14,measure,29,small,sum_one,uniform,192,5461,425351,11,11,17901819518249685373,17901819518249685373,1
4,gcc-scalar,20260917,772,14,measure,30,branch,sum_if,p500,65536,1,383789,11,11,261284744287062128,261284744287062128,1
4,gcc-scalar,20260917,773,14,measure,31,small,sum_one,uniform,256,4096,435363,11,11,12471836693395644416,12471836693395644416,1
4,gcc-scalar,20260917,774,14,measure,32,small,sum_one,uniform,2,524288,1132798,11,11,14489530702789345280,14489530702789345280,1
4,gcc-scalar,20260917,775,14,measure,33,branch,filter_copy_mask,p500_sorted,65536,1,31982,11,11,32768,32768,1
4,gcc-scalar,20260917,776,14,measure,34,branch,filter_copy,p900,65536,1,147887,11,11,58982,58982,1
4,gcc-scalar,20260917,777,14,measure,35,branch,filter_copy,p100,65536,1,155340,11,11,6554,6554,1
4,gcc-scalar,20260917,778,14,measure,36,small,sum_one,uniform,512,2048,433646,11,11,6127788314265579520,6127788314265579520,1
4,gcc-scalar,20260917,779,14,measure,37,branch,filter_copy_mask,p500_alternating,65536,1,29805,11,11,32768,32768,1
4,gcc-scalar,20260917,780,14,measure,38,branch,filter_copy_mask,p000,65536,1,28352,11,11,0,0,1
4,gcc-scalar,20260917,781,14,measure,39,branch,filter_copy_mask,p500,65536,1,29722,11,11,32768,32768,1
4,gcc-scalar,20260917,782,14,measure,40,small,sum_one,uniform,48,21845,766335,11,11,18173204259618227916,18173204259618227916,1
4,gcc-scalar,20260917,783,14,measure,41,small,sum_one,uniform,24,43690,533369,11,11,5019437447312423050,5019437447312423050,1
4,gcc-scalar,20260917,784,14,measure,42,branch,filter_copy_mask,p250,65536,1,29979,11,11,16384,16384,1
4,gcc-scalar,20260917,785,14,measure,43,small,sum_one,uniform,3,349525,1059278,11,11,9690214761957071044,9690214761957071044,1
4,gcc-scalar,20260917,786,14,measure,44,branch,filter_copy,p500,65536,1,392041,11,11,32768,32768,1
4,gcc-scalar,20260917,787,14,measure,45,branch,filter_copy_mask,p100,65536,1,28008,11,11,6554,6554,1
4,gcc-scalar,20260917,788,14,measure,46,small,sum_one,uniform,768,1365,444244,11,11,6760326044614544011,6760326044614544011,1
4,gcc-scalar,20260917,789,14,measure,47,small,sum_one,uniform,6,174762,766474,11,11,4529353940760067638,4529353940760067638,1
4,gcc-scalar,20260917,790,14,measure,48,branch,sum_if,p250,65536,1,272247,11,11,75766260937212688,75766260937212688,1
4,gcc-scalar,20260917,791,14,measure,49,branch,filter_copy,p500_sorted,65536,1,28018,11,11,32768,32768,1
4,gcc-scalar,20260917,792,14,measure,50,dependency,sum_one,uniform,65536,64,1760283,11,11,1190735372877940864,1190735372877940864,1
4,gcc-scalar,20260917,793,14,measure,51,small,sum_one,uniform,64,16384,624809,11,11,14815439244071927808,14815439244071927808,1
4,gcc-scalar,20260917,794,14,measure,52,dependency,sum_four,uniform,65536,64,1169183,11,11,1190735372877940864,1190735372877940864,1
4,gcc-scalar,20260917,795,15,measure,0,branch,sum_if,p000,65536,1,26405,11,11,0,0,1
4,gcc-scalar,20260917,796,15,measure,1,small,sum_one,uniform,384,2730,425551,11,11,5767785928059657782,5767785928059657782,1
4,gcc-scalar,20260917,797,15,measure,2,branch,filter_copy_mask,p500,65536,1,29231,11,11,32768,32768,1
4,gcc-scalar,20260917,798,15,measure,3,small,sum_one,uniform,24,43690,534864,11,11,5019437447312423050,5019437447312423050,1
4,gcc-scalar,20260917,799,15,measure,4,small,sum_one,uniform,4,262144,933683,11,11,6027757896494481408,6027757896494481408,1
4,gcc-scalar,20260917,800,15,measure,5,branch,filter_copy_mask,p750,65536,1,30749,11,11,49152,49152,1
4,gcc-scalar,20260917,801,15,measure,6,branch,filter_copy,p500_sorted,65536,1,27589,11,11,32768,32768,1
4,gcc-scalar,20260917,802,15,measure,7,branch,sum_if,p500_alternating,65536,1,27580,11,11,4196774058536912234,4196774058536912234,1
4,gcc-scalar,20260917,803,15,measure,8,small,sum_one,uniform,512,2048,433812,11,11,6127788314265579520,6127788314265579520,1
4,gcc-scalar,20260917,804,15,measure,9,branch,sum_if,p100,65536,1,152314,11,11,3083979731501324985,3083979731501324985,1
4,gcc-scalar,20260917,805,15,measure,10,branch,filter_copy_mask,p500_sorted,65536,1,28481,11,11,32768,32768,1
4,gcc-scalar,20260917,806,15,measure,11,branch,filter_copy,p500_alternating,65536,1,27588,11,11,32768,32768,1
4,gcc-scalar,20260917,807,15,measure,12,small,sum_one,uniform,3,349525,1024996,11,11,9690214761957071044,9690214761957071044,1
4,gcc-scalar,20260917,808,15,measure,13,dependency,sum_twice,uniform,65536,64,3629078,11,11,2381470745755881728,2381470745755881728,1
4,gcc-scalar,20260917,809,15,measure,14,branch,filter_copy,p750,65536,1,274395,11,11,49152,49152,1
4,gcc-scalar,20260917,810,15,measure,15,branch,filter_copy,p000,65536,1,27502,11,11,0,0,1
4,gcc-scalar,20260917,811,15,measure,16,small,sum_one,uniform,96,10922,541645,11,11,1966801938065649448,1966801938065649448,1
4,gcc-scalar,20260917,812,15,measure,17,small,sum_one,uniform,192,5461,440932,11,11,17901819518249685373,17901819518249685373,1
4,gcc-scalar,20260917,813,15,measure,18,branch,filter_copy_mask,p250,65536,1,29444,11,11,16384,16384,1
4,gcc-scalar,20260917,814,15,measure,19,branch,filter_copy,p100,65536,1,149408,11,11,6554,6554,1
4,gcc-scalar,20260917,815,15,measure,20,branch,filter_copy,p250,65536,1,269067,11,11,16384,16384,1
4,gcc-scalar,20260917,816,15,measure,21,small,sum_one,uniform,128,8192,473404,11,11,17503531059042279424,17503531059042279424,1
4,gcc-scalar,20260917,817,15,measure,22,small,sum_one,uniform,256,4096,438167,11,11,12471836693395644416,12471836693395644416,1
4,gcc-scalar,20260917,818,15,measure,23,small,sum_one,uniform,768,1365,442660,11,11,6760326044614544011,6760326044614544011,1
4,gcc-scalar,20260917,819,15,measure,24,branch,filter_copy_mask,p500_alternating,65536,1,29538,11,11,32768,32768,1
4,gcc-scalar,20260917,820,15,measure,25,small,sum_one,uniform,32,32768,533863,11,11,4730905112462327808,4730905112462327808,1
4,gcc-scalar,20260917,821,15,measure,26,small,sum_one,uniform,1024,1024,443441,11,11,6113767114656410624,6113767114656410624,1
4,gcc-scalar,20260917,822,15,measure,27,branch,filter_copy_mask,p100,65536,1,28195,11,11,6554,6554,1
4,gcc-scalar,20260917,823,15,measure,28,small,sum_one,uniform,8,131072,828458,11,11,11724155215337095168,11724155215337095168,1
4,gcc-scalar,20260917,824,15,measure,29,branch,filter_copy_mask,p900,65536,1,33841,11,11,58982,58982,1
4,gcc-scalar,20260917,825,15,measure,30,small,sum_one,uniform,1,1048576,1759149,11,11,8452580083670974464,8452580083670974464,1
4,gcc-scalar,20260917,826,15,measure,31,branch,sum_if,p500,65536,1,397309,11,11,261284744287062128,261284744287062128,1
4,gcc-scalar,20260917,827,15,measure,32,small,sum_one,uniform,64,16384,639231,11,11,14815439244071927808,14815439244071927808,1
4,gcc-scalar,20260917,828,15,measure,33,branch,sum_if,p750,65536,1,286295,11,11,14586442889165806448,14586442889165806448,1
4,gcc-scalar,20260917,829,15,measure,34,branch,filter_copy_mask,p000,65536,1,28311,11,11,0,0,1
4,gcc-scalar,20260917,830,15,measure,35,small,sum_one,uniform,2,524288,1098404,11,11,14489530702789345280,14489530702789345280,1
4,gcc-scalar,20260917,831,15,measure,36,dependency,split_xor_mul,uniform,65536,64,2354957,11,11,8310383708453772032,8310383708453772032,1
4,gcc-scalar,20260917,832,15,measure,37,small,sum_one,uniform,12,87381,704137,11,11,18208879310165819389,18208879310165819389,1
4,gcc-scalar,20260917,833,15,measure,38,branch,filter_copy,p1000,65536,1,34069,11,11,65536,65536,1
4,gcc-scalar,20260917,834,15,measure,39,small,sum_one,uniform,6,174762,769300,11,11,4529353940760067638,4529353940760067638,1
4,gcc-scalar,20260917,835,15,measure,40,dependency,sum_one_bis,uniform,65536,64,1758018,11,11,1190735372877940864,1190735372877940864,1
4,gcc-scalar,20260917,836,15,measure,41,small,sum_one,uniform,16,65536,635108,11,11,1403062601089810432,1403062601089810432,1
4,gcc-scalar,20260917,837,15,measure,42,branch,sum_if,p900,65536,1,192980,11,11,1957202038211152021,1957202038211152021,1
4,gcc-scalar,20260917,838,15,measure,43,branch,filter_copy,p500,65536,1,385373,11,11,32768,32768,1
4,gcc-scalar,20260917,839,15,measure,44,branch,filter_copy_mask,p1000,65536,1,28363,11,11,65536,65536,1
4,gcc-scalar,20260917,840,15,measure,45,branch,sum_if,p1000,65536,1,27470,11,11,4485739283943968327,4485739283943968327,1
4,gcc-scalar,20260917,841,15,measure,46,small,sum_one,uniform,48,21845,793763,11,11,18173204259618227916,18173204259618227916,1
4,gcc-scalar,20260917,842,15,measure,47,branch,filter_copy,p900,65536,1,147683,11,11,58982,58982,1
4,gcc-scalar,20260917,843,15,measure,48,dependency,sum_four,uniform,65536,64,1168837,11,11,1190735372877940864,1190735372877940864,1
4,gcc-scalar,20260917,844,15,measure,49,dependency,sum_one,uniform,65536,64,1759619,11,11,1190735372877940864,1190735372877940864,1
4,gcc-scalar,20260917,845,15,measure,50,branch,sum_if,p500_sorted,65536,1,27998,11,11,2213941836433581612,2213941836433581612,1
4,gcc-scalar,20260917,846,15,measure,51,branch,sum_if,p250,65536,1,275893,11,11,75766260937212688,75766260937212688,1
4,gcc-scalar,20260917,847,15,measure,52,dependency,chain_xor_mul,uniform,65536,64,6978491,11,11,5299772668389481216,5299772668389481216,1
4,gcc-scalar,20260917,848,16,measure,0,branch,filter_copy_mask,p000,65536,1,27124,11,11,0,0,1
4,gcc-scalar,20260917,849,16,measure,1,branch,filter_copy,p1000,65536,1,29774,11,11,65536,65536,1
4,gcc-scalar,20260917,850,16,measure,2,branch,filter_copy,p100,65536,1,150429,11,11,6554,6554,1
4,gcc-scalar,20260917,851,16,measure,3,small,sum_one,uniform,128,8192,465651,11,11,17503531059042279424,17503531059042279424,1
4,gcc-scalar,20260917,852,16,measure,4,branch,filter_copy,p500_alternating,65536,1,26563,11,11,32768,32768,1
4,gcc-scalar,20260917,853,16,measure,5,branch,filter_copy_mask,p250,65536,1,29729,11,11,16384,16384,1
4,gcc-scalar,20260917,854,16,measure,6,small,sum_one,uniform,8,131072,821064,11,11,11724155215337095168,11724155215337095168,1
4,gcc-scalar,20260917,855,16,measure,7,branch,sum_if,p1000,65536,1,27505,11,11,4485739283943968327,4485739283943968327,1
4,gcc-scalar,20260917,856,16,measure,8,small,sum_one,uniform,256,4096,429109,11,11,12471836693395644416,12471836693395644416,1
4,gcc-scalar,20260917,857,16,measure,9,branch,sum_if,p500_alternating,65536,1,27544,11,11,4196774058536912234,4196774058536912234,1
4,gcc-scalar,20260917,858,16,measure,10,branch,sum_if,p750,65536,1,277927,11,11,14586442889165806448,14586442889165806448,1
4,gcc-scalar,20260917,859,16,measure,11,branch,filter_copy_mask,p750,65536,1,29006,11,11,49152,49152,1
4,gcc-scalar,20260917,860,16,measure,12,dependency,sum_four,uniform,65536,64,1175195,11,11,1190735372877940864,1190735372877940864,1
4,gcc-scalar,20260917,861,16,measure,13,branch,filter_copy_mask,p100,65536,1,28215,11,11,6554,6554,1
4,gcc-scalar,20260917,862,16,measure,14,dependency,sum_one_bis,uniform,65536,64,1760018,11,11,1190735372877940864,1190735372877940864,1
4,gcc-scalar,20260917,863,16,measure,15,branch,filter_copy,p500_sorted,65536,1,27867,11,11,32768,32768,1
4,gcc-scalar,20260917,864,16,measure,16,dependency,sum_twice,uniform,65536,64,3529607,11,11,2381470745755881728,2381470745755881728,1
4,gcc-scalar,20260917,865,16,measure,17,small,sum_one,uniform,4,262144,1207332,11,11,6027757896494481408,6027757896494481408,1
4,gcc-scalar,20260917,866,16,measure,18,small,sum_one,uniform,2,524288,1316398,11,11,14489530702789345280,14489530702789345280,1
4,gcc-scalar,20260917,867,16,measure,19,small,sum_one,uniform,6,174762,769313,11,11,4529353940760067638,4529353940760067638,1
4,gcc-scalar,20260917,868,16,measure,20,small,sum_one,uniform,3,349525,1024637,11,11,9690214761957071044,9690214761957071044,1
4,gcc-scalar,20260917,869,16,measure,21,dependency,sum_one,uniform,65536,64,1780296,11,11,1190735372877940864,1190735372877940864,1
4,gcc-scalar,20260917,870,16,measure,22,small,sum_one,uniform,1,1048576,1756966,11,11,8452580083670974464,8452580083670974464,1
4,gcc-scalar,20260917,871,16,measure,23,small,sum_one,uniform,1024,1024,436452,11,11,6113767114656410624,6113767114656410624,1
4,gcc-scalar,20260917,872,16,measure,24,small,sum_one,uniform,16,65536,631788,11,11,1403062601089810432,1403062601089810432,1
4,gcc-scalar,20260917,873,16,measure,25,branch,sum_if,p500,65536,1,383761,11,11,261284744287062128,261284744287062128,1
4,gcc-scalar,20260917,874,16,measure,26,branch,filter_copy,p900,65536,1,148652,11,11,58982,58982,1
4,gcc-scalar,20260917,875,16,measure,27,small,sum_one,uniform,192,5461,440037,11,11,17901819518249685373,17901819518249685373,1
4,gcc-scalar,20260917,876,16,measure,28,dependency,chain_xor_mul,uniform,65536,64,6989126,11,11,5299772668389481216,5299772668389481216,1
4,gcc-scalar,20260917,877,16,measure,29,branch,sum_if,p100,65536,1,149068,11,11,3083979731501324985,3083979731501324985,1
4,gcc-scalar,20260917,878,16,measure,30,small,sum_one,uniform,768,1365,425594,11,11,6760326044614544011,6760326044614544011,1
4,gcc-scalar,20260917,879,16,measure,31,branch,sum_if,p250,65536,1,267177,11,11,75766260937212688,75766260937212688,1
4,gcc-scalar,20260917,880,16,measure,32,branch,filter_copy_mask,p500_alternating,65536,1,28687,11,11,32768,32768,1
4,gcc-scalar,20260917,881,16,measure,33,small,sum_one,uniform,48,21845,635637,11,11,18173204259618227916,18173204259618227916,1
4,gcc-scalar,20260917,882,16,measure,34,branch,filter_copy_mask,p500_sorted,65536,1,27297,11,11,32768,32768,1
4,gcc-scalar,20260917,883,16,measure,35,small,sum_one,uniform,512,2048,466320,11,11,6127788314265579520,6127788314265579520,1
4,gcc-scalar,20260917,884,16,measure,36,branch,filter_copy,p000,65536,1,26442,11,11,0,0,1
4,gcc-scalar,20260917,885,16,measure,37,branch,filter_copy_mask,p1000,65536,1,30752,11,11,65536,65536,1
4,gcc-scalar,20260917,886,16,measure,38,small,sum_one,uniform,384,2730,416927,11,11,5767785928059657782,5767785928059657782,1
4,gcc-scalar,20260917,887,16,measure,39,branch,filter_copy,p500,65536,1,379775,11,11,32768,32768,1
4,gcc-scalar,20260917,888,16,measure,40,small,sum_one,uniform,12,87381,668457,11,11,18208879310165819389,18208879310165819389,1
4,gcc-scalar,20260917,889,16,measure,41,small,sum_one,uniform,32,32768,516239,11,11,4730905112462327808,4730905112462327808,1
4,gcc-scalar,20260917,890,16,measure,42,branch,sum_if,p500_sorted,65536,1,26531,11,11,2213941836433581612,2213941836433581612,1
4,gcc-scalar,20260917,891,16,measure,43,small,sum_one,uniform,24,43690,547454,11,11,5019437447312423050,5019437447312423050,1
4,gcc-scalar,20260917,892,16,measure,44,branch,filter_copy_mask,p500,65536,1,28957,11,11,32768,32768,1
4,gcc-scalar,20260917,893,16,measure,45,branch,filter_copy,p750,65536,1,265286,11,11,49152,49152,1
4,gcc-scalar,20260917,894,16,measure,46,branch,filter_copy,p250,65536,1,263957,11,11,16384,16384,1
4,gcc-scalar,20260917,895,16,measure,47,small,sum_one,uniform,96,10922,517321,11,11,1966801938065649448,1966801938065649448,1
4,gcc-scalar,20260917,896,16,measure,48,branch,sum_if,p000,65536,1,27276,11,11,0,0,1
4,gcc-scalar,20260917,897,16,measure,49,dependency,split_xor_mul,uniform,65536,64,2226478,11,11,8310383708453772032,8310383708453772032,1
4,gcc-scalar,20260917,898,16,measure,50,small,sum_one,uniform,64,16384,582379,11,11,14815439244071927808,14815439244071927808,1
4,gcc-scalar,20260917,899,16,measure,51,branch,sum_if,p900,65536,1,134751,11,11,1957202038211152021,1957202038211152021,1
4,gcc-scalar,20260917,900,16,measure,52,branch,filter_copy_mask,p900,65536,1,28454,11,11,58982,58982,1
4,gcc-scalar,20260917,901,17,measure,0,small,sum_one,uniform,768,1365,430607,11,11,6760326044614544011,6760326044614544011,1
4,gcc-scalar,20260917,902,17,measure,1,branch,filter_copy,p500_sorted,65536,1,26523,11,11,32768,32768,1
4,gcc-scalar,20260917,903,17,measure,2,branch,filter_copy_mask,p500,65536,1,28272,11,11,32768,32768,1
4,gcc-scalar,20260917,904,17,measure,3,branch,filter_copy,p500_alternating,65536,1,26416,11,11,32768,32768,1
4,gcc-scalar,20260917,905,17,measure,4,dependency,sum_four,uniform,65536,64,1123051,11,11,1190735372877940864,1190735372877940864,1
4,gcc-scalar,20260917,906,17,measure,5,branch,sum_if,p1000,65536,1,26336,11,11,4485739283943968327,4485739283943968327,1
4,gcc-scalar,20260917,907,17,measure,6,small,sum_one,uniform,512,2048,424040,11,11,6127788314265579520,6127788314265579520,1
4,gcc-scalar,20260917,908,17,measure,7,branch,filter_copy_mask,p900,65536,1,27643,11,11,58982,58982,1
4,gcc-scalar,20260917,909,17,measure,8,branch,filter_copy,p000,65536,1,26366,11,11,0,0,1
4,gcc-scalar,20260917,910,17,measure,9,small,sum_one,uniform,24,43690,542945,11,11,5019437447312423050,5019437447312423050,1
4,gcc-scalar,20260917,911,17,measure,10,small,sum_one,uniform,1,1048576,1686392,11,11,8452580083670974464,8452580083670974464,1
4,gcc-scalar,20260917,912,17,measure,11,branch,sum_if,p500_sorted,65536,1,26433,11,11,2213941836433581612,2213941836433581612,1
4,gcc-scalar,20260917,913,17,measure,12,branch,sum_if,p250,65536,1,262777,11,11,75766260937212688,75766260937212688,1
4,gcc-scalar,20260917,914,17,measure,13,branch,sum_if,p500,65536,1,366266,11,11,261284744287062128,261284744287062128,1
4,gcc-scalar,20260917,915,17,measure,14,small,sum_one,uniform,6,174762,739167,11,11,4529353940760067638,4529353940760067638,1
4,gcc-scalar,20260917,916,17,measure,15,branch,sum_if,p500_alternating,65536,1,26516,11,11,4196774058536912234,4196774058536912234,1
4,gcc-scalar,20260917,917,17,measure,16,dependency,sum_one,uniform,65536,64,1695719,11,11,1190735372877940864,1190735372877940864,1
4,gcc-scalar,20260917,918,17,measure,17,branch,sum_if,p750,65536,1,253465,11,11,14586442889165806448,14586442889165806448,1
4,gcc-scalar,20260917,919,17,measure,18,small,sum_one,uniform,192,5461,424078,11,11,17901819518249685373,17901819518249685373,1
4,gcc-scalar,20260917,920,17,measure,19,branch,filter_copy,p900,65536,1,135159,11,11,58982,58982,1
4,gcc-scalar,20260917,921,17,measure,20,small,sum_one,uniform,8,131072,788199,11,11,11724155215337095168,11724155215337095168,1
4,gcc-scalar,20260917,922,17,measure,21,branch,sum_if,p900,65536,1,133180,11,11,1957202038211152021,1957202038211152021,1
4,gcc-scalar,20260917,923,17,measure,22,small,sum_one,uniform,64,16384,555089,11,11,14815439244071927808,14815439244071927808,1
4,gcc-scalar,20260917,924,17,measure,23,small,sum_one,uniform,16,65536,607083,11,11,1403062601089810432,1403062601089810432,1
4,gcc-scalar,20260917,925,17,measure,24,branch,filter_copy,p100,65536,1,152553,11,11,6554,6554,1
4,gcc-scalar,20260917,926,17,measure,25,small,sum_one,uniform,96,10922,476172,11,11,1966801938065649448,1966801938065649448,1
4,gcc-scalar,20260917,927,17,measure,26,branch,filter_copy_mask,p250,65536,1,28696,11,11,16384,16384,1
4,gcc-scalar,20260917,928,17,measure,27,branch,filter_copy_mask,p500_sorted,65536,1,27191,11,11,32768,32768,1
4,gcc-scalar,20260917,929,17,measure,28,branch,filter_copy,p250,65536,1,271035,11,11,16384,16384,1
4,gcc-scalar,20260917,930,17,measure,29,branch,filter_copy_mask,p100,65536,1,26923,11,11,6554,6554,1
4,gcc-scalar,20260917,931,17,measure,30,small,sum_one,uniform,128,8192,459466,11,11,17503531059042279424,17503531059042279424,1
4,gcc-scalar,20260917,932,17,measure,31,small,sum_one,uniform,3,349525,1026108,11,11,9690214761957071044,9690214761957071044,1
4,gcc-scalar,20260917,933,17,measure,32,small,sum_one,uniform,48,21845,658973,11,11,18173204259618227916,18173204259618227916,1
4,gcc-scalar,20260917,934,17,measure,33,dependency,sum_one_bis,uniform,65536,64,1690691,11,11,1190735372877940864,1190735372877940864,1
4,gcc-scalar,20260917,935,17,measure,34,branch,filter_copy_mask,p750,65536,1,28940,11,11,49152,49152,1
4,gcc-scalar,20260917,936,17,measure,35,dependency,sum_twice,uniform,65536,64,3390031,11,11,2381470745755881728,2381470745755881728,1
4,gcc-scalar,20260917,937,17,measure,36,small,sum_one,uniform,12,87381,673638,11,11,18208879310165819389,18208879310165819389,1
4,gcc-scalar,20260917,938,17,measure,37,branch,sum_if,p000,65536,1,26424,11,11,0,0,1
4,gcc-scalar,20260917,939,17,measure,38,dependency,split_xor_mul,uniform,65536,64,2230087,11,11,8310383708453772032,8310383708453772032,1
4,gcc-scalar,20260917,940,17,measure,39,small,sum_one,uniform,1024,1024,418871,11,11,6113767114656410624,6113767114656410624,1
4,gcc-scalar,20260917,941,17,measure,40,branch,filter_copy,p750,65536,1,272502,11,11,49152,49152,1
4,gcc-scalar,20260917,942,17,measure,41,small,sum_one,uniform,256,4096,415834,11,11,12471836693395644416,12471836693395644416,1
4,gcc-scalar,20260917,943,17,measure,42,branch,filter_copy,p500,65536,1,371540,11,11,32768,32768,1
4,gcc-scalar,20260917,944,17,measure,43,branch,filter_copy_mask,p500_alternating,65536,1,28569,11,11,32768,32768,1
4,gcc-scalar,20260917,945,17,measure,44,small,sum_one,uniform,32,32768,515729,11,11,4730905112462327808,4730905112462327808,1
4,gcc-scalar,20260917,946,17,measure,45,small,sum_one,uniform,2,524288,1141808,11,11,14489530702789345280,14489530702789345280,1
4,gcc-scalar,20260917,947,17,measure,46,branch,sum_if,p100,65536,1,148824,11,11,3083979731501324985,3083979731501324985,1
4,gcc-scalar,20260917,948,17,measure,47,small,sum_one,uniform,384,2730,423064,11,11,5767785928059657782,5767785928059657782,1
4,gcc-scalar,20260917,949,17,measure,48,dependency,chain_xor_mul,uniform,65536,64,6766165,11,11,5299772668389481216,5299772668389481216,1
4,gcc-scalar,20260917,950,17,measure,49,branch,filter_copy_mask,p1000,65536,1,35564,11,11,65536,65536,1
4,gcc-scalar,20260917,951,17,measure,50,branch,filter_copy,p1000,65536,1,26531,11,11,65536,65536,1
4,gcc-scalar,20260917,952,17,measure,51,small,sum_one,uniform,4,262144,1056090,11,11,6027757896494481408,6027757896494481408,1
4,gcc-scalar,20260917,953,17,measure,52,branch,filter_copy_mask,p000,65536,1,27240,11,11,0,0,1
4,gcc-scalar,20260917,954,18,measure,0,branch,sum_if,p500,65536,1,366682,11,11,261284744287062128,261284744287062128,1
4,gcc-scalar,20260917,955,18,measure,1,dependency,sum_one,uniform,65536,64,1703755,11,11,1190735372877940864,1190735372877940864,1
4,gcc-scalar,20260917,956,18,measure,2,branch,sum_if,p500_sorted,65536,1,26454,11,11,2213941836433581612,2213941836433581612,1
4,gcc-scalar,20260917,957,18,measure,3,branch,sum_if,p750,65536,1,259091,11,11,14586442889165806448,14586442889165806448,1
4,gcc-scalar,20260917,958,18,measure,4,branch,filter_copy_mask,p500,65536,1,28345,11,11,32768,32768,1
4,gcc-scalar,20260917,959,18,measure,5,small,sum_one,uniform,16,65536,607398,11,11,1403062601089810432,1403062601089810432,1
4,gcc-scalar,20260917,960,18,measure,6,small,sum_one,uniform,1,1048576,1685201,11,11,8452580083670974464,8452580083670974464,1
4,gcc-scalar,20260917,961,18,measure,7,small,sum_one,uniform,8,131072,710582,11,11,11724155215337095168,11724155215337095168,1
4,gcc-scalar,20260917,962,18,measure,8,branch,filter_copy_mask,p1000,65536,1,28712,11,11,65536,65536,1
4,gcc-scalar,20260917,963,18,measure,9,branch,filter_copy_mask,p000,65536,1,27110,11,11,0,0,1
4,gcc-scalar,20260917,964,18,measure,10,branch,filter_copy_mask,p500_alternating,65536,1,28561,11,11,32768,32768,1
4,gcc-scalar,20260917,965,18,measure,11,dependency,sum_one_bis,uniform,65536,64,1689956,11,11,1190735372877940864,1190735372877940864,1
4,gcc-scalar,20260917,966,18,measure,12,branch,sum_if,p250,65536,1,259877,11,11,75766260937212688,75766260937212688,1
4,gcc-scalar,20260917,967,18,measure,13,branch,sum_if,p900,65536,1,138853,11,11,1957202038211152021,1957202038211152021,1
4,gcc-scalar,20260917,968,18,measure,14,branch,filter_copy_mask,p500_sorted,65536,1,27386,11,11,32768,32768,1
4,gcc-scalar,20260917,969,18,measure,15,small,sum_one,uniform,12,87381,688564,11,11,18208879310165819389,18208879310165819389,1
4,gcc-scalar,20260917,970,18,measure,16,small,sum_one,uniform,6,174762,738187,11,11,4529353940760067638,4529353940760067638,1
4,gcc-scalar,20260917,971,18,measure,17,branch,filter_copy,p500,65536,1,370345,11,11,32768,32768,1
4,gcc-scalar,20260917,972,18,measure,18,small,sum_one,uniform,48,21845,645781,11,11,18173204259618227916,18173204259618227916,1
4,gcc-scalar,20260917,973,18,measure,19,dependency,sum_four,uniform,65536,64,1126764,11,11,1190735372877940864,1190735372877940864,1
4,gcc-scalar,20260917,974,18,measure,20,small,sum_one,uniform,768,1365,426843,11,11,6760326044614544011,6760326044614544011,1
4,gcc-scalar,20260917,975,18,measure,21,branch,filter_copy,p000,65536,1,26430,11,11,0,0,1
4,gcc-scalar,20260917,976,18,measure,22,branch,sum_if,p500_alternating,65536,1,26454,11,11,4196774058536912234,4196774058536912234,1
4,gcc-scalar,20260917,977,18,measure,23,branch,filter_copy_mask,p750,65536,1,29123,11,11,49152,49152,1
4,gcc-scalar,20260917,978,18,measure,24,branch,sum_if,p000,65536,1,26395,11,11,0,0,1
4,gcc-scalar,20260917,979,18,measure,25,dependency,chain_xor_mul,uniform,65536,64,6776672,11,11,5299772668389481216,5299772668389481216,1
4,gcc-scalar,20260917,980,18,measure,26,branch,filter_copy_mask,p900,65536,1,30973,11,11,58982,58982,1
4,gcc-scalar,20260917,981,18,measure,27,branch,filter_copy,p500_alternating,65536,1,26634,11,11,32768,32768,1
4,gcc-scalar,20260917,982,18,measure,28,branch,filter_copy,p1000,65536,1,27150,11,11,65536,65536,1
4,gcc-scalar,20260917,983,18,measure,29,branch,filter_copy_mask,p250,65536,1,28554,11,11,16384,16384,1
4,gcc-scalar,20260917,984,18,measure,30,branch,filter_copy,p900,65536,1,150221,11,11,58982,58982,1
4,gcc-scalar,20260917,985,18,measure,31,small,sum_one,uniform,24,43690,547702,11,11,5019437447312423050,5019437447312423050,1
4,gcc-scalar,20260917,986,18,measure,32,small,sum_one,uniform,256,4096,420919,11,11,12471836693395644416,12471836693395644416,1
4,gcc-scalar,20260917,987,18,measure,33,branch,sum_if,p100,65536,1,146689,11,11,3083979731501324985,3083979731501324985,1
4,gcc-scalar,20260917,988,18,measure,34,small,sum_one,uniform,3,349525,983306,11,11,9690214761957071044,9690214761957071044,1
4,gcc-scalar,20260917,989,18,measure,35,branch,filter_copy,p500_sorted,65536,1,27106,11,11,32768,32768,1
4,gcc-scalar,20260917,990,18,measure,36,small,sum_one,uniform,2,524288,1054037,11,11,14489530702789345280,14489530702789345280,1
4,gcc-scalar,20260917,991,18,measure,37,dependency,split_xor_mul,uniform,65536,64,2195752,11,11,8310383708453772032,8310383708453772032,1
4,gcc-scalar,20260917,992,18,measure,38,small,sum_one,uniform,128,8192,463253,11,11,17503531059042279424,17503531059042279424,1
4,gcc-scalar,20260917,993,18,measure,39,dependency,sum_twice,uniform,65536,64,3381222,11,11,2381470745755881728,2381470745755881728,1
4,gcc-scalar,20260917,994,18,measure,40,small,sum_one,uniform,384,2730,429619,11,11,5767785928059657782,5767785928059657782,1
4,gcc-scalar,20260917,995,18,measure,41,branch,filter_copy_mask,p100,65536,1,27080,11,11,6554,6554,1
4,gcc-scalar,20260917,996,18,measure,42,branch,filter_copy,p250,65536,1,274932,11,11,16384,16384,1
4,gcc-scalar,20260917,997,18,measure,43,small,sum_one,uniform,1024,1024,419547,11,11,6113767114656410624,6113767114656410624,1
4,gcc-scalar,20260917,998,18,measure,44,small,sum_one,uniform,32,32768,515634,11,11,4730905112462327808,4730905112462327808,1
4,gcc-scalar,20260917,999,18,measure,45,branch,sum_if,p1000,65536,1,26425,11,11,4485739283943968327,4485739283943968327,1
4,gcc-scalar,20260917,1000,18,measure,46,small,sum_one,uniform,512,2048,425800,11,11,6127788314265579520,6127788314265579520,1
4,gcc-scalar,20260917,1001,18,measure,47,branch,filter_copy,p100,65536,1,144511,11,11,6554,6554,1
4,gcc-scalar,20260917,1002,18,measure,48,small,sum_one,uniform,192,5461,427748,11,11,17901819518249685373,17901819518249685373,1
4,gcc-scalar,20260917,1003,18,measure,49,small,sum_one,uniform,4,262144,1083157,11,11,6027757896494481408,6027757896494481408,1
4,gcc-scalar,20260917,1004,18,measure,50,small,sum_one,uniform,64,16384,603768,11,11,14815439244071927808,14815439244071927808,1
4,gcc-scalar,20260917,1005,18,measure,51,small,sum_one,uniform,96,10922,515292,11,11,1966801938065649448,1966801938065649448,1
4,gcc-scalar,20260917,1006,18,measure,52,branch,filter_copy,p750,65536,1,272320,11,11,49152,49152,1
4,gcc-scalar,20260917,1007,19,measure,0,dependency,sum_one,uniform,65536,64,1696599,11,11,1190735372877940864,1190735372877940864,1
4,gcc-scalar,20260917,1008,19,measure,1,branch,filter_copy_mask,p500_sorted,65536,1,27362,11,11,32768,32768,1
4,gcc-scalar,20260917,1009,19,measure,2,branch,sum_if,p1000,65536,1,26392,11,11,4485739283943968327,4485739283943968327,1
4,gcc-scalar,20260917,1010,19,measure,3,branch,filter_copy_mask,p1000,65536,1,30323,11,11,65536,65536,1
4,gcc-scalar,20260917,1011,19,measure,4,branch,sum_if,p900,65536,1,142972,11,11,1957202038211152021,1957202038211152021,1
4,gcc-scalar,20260917,1012,19,measure,5,branch,filter_copy_mask,p900,65536,1,27889,11,11,58982,58982,1
4,gcc-scalar,20260917,1013,19,measure,6,small,sum_one,uniform,3,349525,1112947,11,11,9690214761957071044,9690214761957071044,1
4,gcc-scalar,20260917,1014,19,measure,7,dependency,split_xor_mul,uniform,65536,64,2250783,11,11,8310383708453772032,8310383708453772032,1
4,gcc-scalar,20260917,1015,19,measure,8,branch,sum_if,p000,65536,1,26406,11,11,0,0,1
4,gcc-scalar,20260917,1016,19,measure,9,dependency,sum_four,uniform,65536,64,1123577,11,11,1190735372877940864,1190735372877940864,1
4,gcc-scalar,20260917,1017,19,measure,10,branch,sum_if,p100,65536,1,152261,11,11,3083979731501324985,3083979731501324985,1
4,gcc-scalar,20260917,1018,19,measure,11,branch,sum_if,p500,65536,1,372217,11,11,261284744287062128,261284744287062128,1
4,gcc-scalar,20260917,1019,19,measure,12,branch,filter_copy_mask,p750,65536,1,29126,11,11,49152,49152,1
4,gcc-scalar,20260917,1020,19,measure,13,small,sum_one,uniform,256,4096,414107,11,11,12471836693395644416,12471836693395644416,1
4,gcc-scalar,20260917,1021,19,measure,14,small,sum_one,uniform,1,1048576,1689324,11,11,8452580083670974464,8452580083670974464,1
4,gcc-scalar,20260917,1022,19,measure,15,branch,filter_copy,p900,65536,1,145085,11,11,58982,58982,1
4,gcc-scalar,20260917,1023,19,measure,16,branch,filter_copy,p1000,65536,1,28721,11,11,65536,65536,1
4,gcc-scalar,20260917,1024,19,measure,17,branch,filter_copy,p100,65536,1,147529,11,11,6554,6554,1
4,gcc-scalar,20260917,1025,19,measure,18,small,sum_one,uniform,32,32768,515718,11,11,4730905112462327808,4730905112462327808,1
4,gcc-scalar,20260917,1026,19,measure,19,small,sum_one,uniform,12,87381,665510,11,11,18208879310165819389,18208879310165819389,1
4,gcc-scalar,20260917,1027,19,measure,20,branch,sum_if,p500_alternating,65536,1,27324,11,11,4196774058536912234,4196774058536912234,1
4,gcc-scalar,20260917,1028,19,measure,21,small,sum_one,uniform,4,262144,932458,11,11,6027757896494481408,6027757896494481408,1
4,gcc-scalar,20260917,1029,19,measure,22,small,sum_one,uniform,48,21845,737364,11,11,18173204259618227916,18173204259618227916,1
4,gcc-scalar,20260917,1030,19,measure,23,small,sum_one,uniform,64,16384,667954,11,11,14815439244071927808,14815439244071927808,1
4,gcc-scalar,20260917,1031,19,measure,24,branch,filter_copy,p500,65536,1,372732,11,11,32768,32768,1
4,gcc-scalar,20260917,1032,19,measure,25,small,sum_one,uniform,1024,1024,419769,11,11,6113767114656410624,6113767114656410624,1
4,gcc-scalar,20260917,1033,19,measure,26,branch,filter_copy,p000,65536,1,26390,11,11,0,0,1
4,gcc-scalar,20260917,1034,19,measure,27,branch,filter_copy,p750,65536,1,269805,11,11,49152,49152,1
4,gcc-scalar,20260917,1035,19,measure,28,branch,filter_copy_mask,p500_alternating,65536,1,28359,11,11,32768,32768,1
4,gcc-scalar,20260917,1036,19,measure,29,small,sum_one,uniform,24,43690,545849,11,11,5019437447312423050,5019437447312423050,1
4,gcc-scalar,20260917,1037,19,measure,30,small,sum_one,uniform,128,8192,464466,11,11,17503531059042279424,17503531059042279424,1
4,gcc-scalar,20260917,1038,19,measure,31,small,sum_one,uniform,512,2048,423246,11,11,6127788314265579520,6127788314265579520,1
4,gcc-scalar,20260917,1039,19,measure,32,branch,filter_copy_mask,p250,65536,1,28620,11,11,16384,16384,1
4,gcc-scalar,20260917,1040,19,measure,33,branch,filter_copy,p250,65536,1,275744,11,11,16384,16384,1
4,gcc-scalar,20260917,1041,19,measure,34,branch,sum_if,p500_sorted,65536,1,27906,11,11,2213941836433581612,2213941836433581612,1
4,gcc-scalar,20260917,1042,19,measure,35,dependency,chain_xor_mul,uniform,65536,64,6775400,11,11,5299772668389481216,5299772668389481216,1
4,gcc-scalar,20260917,1043,19,measure,36,small,sum_one,uniform,768,1365,422409,11,11,6760326044614544011,6760326044614544011,1
4,gcc-scalar,20260917,1044,19,measure,37,small,sum_one,uniform,2,524288,1053524,11,11,14489530702789345280,14489530702789345280,1
4,gcc-scalar,20260917,1045,19,measure,38,branch,filter_copy,p500_sorted,65536,1,29259,11,11,32768,32768,1
4,gcc-scalar,20260917,1046,19,measure,39,small,sum_one,uniform,384,2730,425510,11,11,5767785928059657782,5767785928059657782,1
4,gcc-scalar,20260917,1047,19,measure,40,small,sum_one,uniform,192,5461,423418,11,11,17901819518249685373,17901819518249685373,1
4,gcc-scalar,20260917,1048,19,measure,41,small,sum_one,uniform,8,131072,791035,11,11,11724155215337095168,11724155215337095168,1
4,gcc-scalar,20260917,1049,19,measure,42,branch,filter_copy_mask,p100,65536,1,26960,11,11,6554,6554,1
4,gcc-scalar,20260917,1050,19,measure,43,branch,sum_if,p750,65536,1,264226,11,11,14586442889165806448,14586442889165806448,1
4,gcc-scalar,20260917,1051,19,measure,44,dependency,sum_one_bis,uniform,65536,64,1693564,11,11,1190735372877940864,1190735372877940864,1
4,gcc-scalar,20260917,1052,19,measure,45,small,sum_one,uniform,96,10922,512291,11,11,1966801938065649448,1966801938065649448,1
4,gcc-scalar,20260917,1053,19,measure,46,branch,filter_copy_mask,p500,65536,1,28609,11,11,32768,32768,1
4,gcc-scalar,20260917,1054,19,measure,47,small,sum_one,uniform,6,174762,738021,11,11,4529353940760067638,4529353940760067638,1
4,gcc-scalar,20260917,1055,19,measure,48,branch,sum_if,p250,65536,1,284130,11,11,75766260937212688,75766260937212688,1
4,gcc-scalar,20260917,1056,19,measure,49,branch,filter_copy_mask,p000,65536,1,27126,11,11,0,0,1
4,gcc-scalar,20260917,1057,19,measure,50,branch,filter_copy,p500_alternating,65536,1,26484,11,11,32768,32768,1
4,gcc-scalar,20260917,1058,19,measure,51,dependency,sum_twice,uniform,65536,64,3387766,11,11,2381470745755881728,2381470745755881728,1
4,gcc-scalar,20260917,1059,19,measure,52,small,sum_one,uniform,16,65536,607190,11,11,1403062601089810432,1403062601089810432,1
4,gcc-scalar,20260917,1060,20,measure,0,branch,filter_copy_mask,p900,65536,1,32060,11,11,58982,58982,1
4,gcc-scalar,20260917,1061,20,measure,1,dependency,sum_one,uniform,65536,64,1713064,11,11,1190735372877940864,1190735372877940864,1
4,gcc-scalar,20260917,1062,20,measure,2,small,sum_one,uniform,128,8192,463009,11,11,17503531059042279424,17503531059042279424,1
4,gcc-scalar,20260917,1063,20,measure,3,small,sum_one,uniform,192,5461,423536,11,11,17901819518249685373,17901819518249685373,1
4,gcc-scalar,20260917,1064,20,measure,4,small,sum_one,uniform,384,2730,424715,11,11,5767785928059657782,5767785928059657782,1
4,gcc-scalar,20260917,1065,20,measure,5,small,sum_one,uniform,1024,1024,422585,11,11,6113767114656410624,6113767114656410624,1
4,gcc-scalar,20260917,1066,20,measure,6,branch,filter_copy_mask,p500,65536,1,28046,11,11,32768,32768,1
4,gcc-scalar,20260917,1067,20,measure,7,small,sum_one,uniform,48,21845,761190,11,11,18173204259618227916,18173204259618227916,1
4,gcc-scalar,20260917,1068,20,measure,8,dependency,sum_one_bis,uniform,65536,64,1700897,11,11,1190735372877940864,1190735372877940864,1
4,gcc-scalar,20260917,1069,20,measure,9,branch,filter_copy,p000,65536,1,26360,11,11,0,0,1
4,gcc-scalar,20260917,1070,20,measure,10,branch,sum_if,p750,65536,1,263654,11,11,14586442889165806448,14586442889165806448,1
4,gcc-scalar,20260917,1071,20,measure,11,dependency,sum_twice,uniform,65536,64,3467891,11,11,2381470745755881728,2381470745755881728,1
4,gcc-scalar,20260917,1072,20,measure,12,small,sum_one,uniform,6,174762,738178,11,11,4529353940760067638,4529353940760067638,1
4,gcc-scalar,20260917,1073,20,measure,13,branch,sum_if,p000,65536,1,26719,11,11,0,0,1
4,gcc-scalar,20260917,1074,20,measure,14,small,sum_one,uniform,3,349525,988486,11,11,9690214761957071044,9690214761957071044,1
4,gcc-scalar,20260917,1075,20,measure,15,small,sum_one,uniform,768,1365,417785,11,11,6760326044614544011,6760326044614544011,1
4,gcc-scalar,20260917,1076,20,measure,16,branch,filter_copy_mask,p750,65536,1,29490,11,11,49152,49152,1
4,gcc-scalar,20260917,1077,20,measure,17,small,sum_one,uniform,2,524288,1144153,11,11,14489530702789345280,14489530702789345280,1
4,gcc-scalar,20260917,1078,20,measure,18,branch,filter_copy,p500_alternating,65536,1,26578,11,11,32768,32768,1
4,gcc-scalar,20260917,1079,20,measure,19,dependency,chain_xor_mul,uniform,65536,64,6796904,11,11,5299772668389481216,5299772668389481216,1
4,gcc-scalar,20260917,1080,20,measure,20,branch,sum_if,p500,65536,1,369204,11,11,261284744287062128,261284744287062128,1
4,gcc-scalar,20260917,1081,20,measure,21,branch,filter_copy_mask,p100,65536,1,27251,11,11,6554,6554,1
4,gcc-scalar,20260917,1082,20,measure,22,small,sum_one,uniform,8,131072,790840,11,11,11724155215337095168,11724155215337095168,1
4,gcc-scalar,20260917,1083,20,measure,23,small,sum_one,uniform,32,32768,515433,11,11,4730905112462327808,4730905112462327808,1
4,gcc-scalar,20260917,1084,20,measure,24,branch,filter_copy,p500,65536,1,369655,11,11,32768,32768,1
4,gcc-scalar,20260917,1085,20,measure,25,branch,filter_copy,p500_sorted,65536,1,26658,11,11,32768,32768,1
4,gcc-scalar,20260917,1086,20,measure,26,branch,filter_copy,p900,65536,1,144540,11,11,58982,58982,1
4,gcc-scalar,20260917,1087,20,measure,27,small,sum_one,uniform,512,2048,423504,11,11,6127788314265579520,6127788314265579520,1
4,gcc-scalar,20260917,1088,20,measure,28,dependency,split_xor_mul,uniform,65536,64,2284310,11,11,8310383708453772032,8310383708453772032,1
4,gcc-scalar,20260917,1089,20,measure,29,branch,sum_if,p250,65536,1,266416,11,11,75766260937212688,75766260937212688,1
4,gcc-scalar,20260917,1090,20,measure,30,branch,filter_copy_mask,p000,65536,1,27150,11,11,0,0,1
4,gcc-scalar,20260917,1091,20,measure,31,dependency,sum_four,uniform,65536,64,1128269,11,11,1190735372877940864,1190735372877940864,1
4,gcc-scalar,20260917,1092,20,measure,32,small,sum_one,uniform,1,1048576,1686762,11,11,8452580083670974464,8452580083670974464,1
4,gcc-scalar,20260917,1093,20,measure,33,branch,filter_copy_mask,p500_sorted,65536,1,28412,11,11,32768,32768,1
4,gcc-scalar,20260917,1094,20,measure,34,small,sum_one,uniform,24,43690,547631,11,11,5019437447312423050,5019437447312423050,1
4,gcc-scalar,20260917,1095,20,measure,35,branch,filter_copy_mask,p1000,65536,1,32308,11,11,65536,65536,1
4,gcc-scalar,20260917,1096,20,measure,36,branch,filter_copy_mask,p250,65536,1,28572,11,11,16384,16384,1
4,gcc-scalar,20260917,1097,20,measure,37,branch,filter_copy,p1000,65536,1,26626,11,11,65536,65536,1
4,gcc-scalar,20260917,1098,20,measure,38,small,sum_one,uniform,16,65536,608688,11,11,1403062601089810432,1403062601089810432,1
4,gcc-scalar,20260917,1099,20,measure,39,branch,sum_if,p900,65536,1,146429,11,11,1957202038211152021,1957202038211152021,1
4,gcc-scalar,20260917,1100,20,measure,40,branch,sum_if,p500_sorted,65536,1,26824,11,11,2213941836433581612,2213941836433581612,1
4,gcc-scalar,20260917,1101,20,measure,41,branch,filter_copy,p750,65536,1,265644,11,11,49152,49152,1
4,gcc-scalar,20260917,1102,20,measure,42,branch,sum_if,p1000,65536,1,26397,11,11,4485739283943968327,4485739283943968327,1
4,gcc-scalar,20260917,1103,20,measure,43,branch,sum_if,p500_alternating,65536,1,26433,11,11,4196774058536912234,4196774058536912234,1
4,gcc-scalar,20260917,1104,20,measure,44,branch,filter_copy,p100,65536,1,150723,11,11,6554,6554,1
4,gcc-scalar,20260917,1105,20,measure,45,small,sum_one,uniform,64,16384,610269,11,11,14815439244071927808,14815439244071927808,1
4,gcc-scalar,20260917,1106,20,measure,46,branch,filter_copy_mask,p500_alternating,65536,1,28568,11,11,32768,32768,1
4,gcc-scalar,20260917,1107,20,measure,47,branch,sum_if,p100,65536,1,150599,11,11,3083979731501324985,3083979731501324985,1
4,gcc-scalar,20260917,1108,20,measure,48,small,sum_one,uniform,256,4096,410303,11,11,12471836693395644416,12471836693395644416,1
4,gcc-scalar,20260917,1109,20,measure,49,small,sum_one,uniform,12,87381,671734,11,11,18208879310165819389,18208879310165819389,1
4,gcc-scalar,20260917,1110,20,measure,50,small,sum_one,uniform,4,262144,896019,11,11,6027757896494481408,6027757896494481408,1
4,gcc-scalar,20260917,1111,20,measure,51,branch,filter_copy,p250,65536,1,265015,11,11,16384,16384,1
4,gcc-scalar,20260917,1112,20,measure,52,small,sum_one,uniform,96,10922,468964,11,11,1966801938065649448,1966801938065649448,1
