run_id,build,seed,sample,round,phase,position,part,label,dataset,n,calls,elapsed_ns,cpu_before,cpu_after,result,expected,output_ok
13,gcc-O3-v3,20260917,0,0,warmup,0,branch,filter_copy_mask,p250,65536,1,28308,11,11,16384,16384,1
13,gcc-O3-v3,20260917,1,0,warmup,1,branch,sum_if,p000,65536,1,15556,11,11,0,0,1
13,gcc-O3-v3,20260917,2,0,warmup,2,branch,filter_copy_mask,p500_alternating,65536,1,27848,11,11,32768,32768,1
13,gcc-O3-v3,20260917,3,0,warmup,3,branch,sum_if,p500_alternating,65536,1,13103,11,11,4196774058536912234,4196774058536912234,1
13,gcc-O3-v3,20260917,4,0,warmup,4,small,sum_one,uniform,2,524288,1788208,11,11,14489530702789345280,14489530702789345280,1
13,gcc-O3-v3,20260917,5,0,warmup,5,branch,sum_if,p250,65536,1,15441,11,11,75766260937212688,75766260937212688,1
13,gcc-O3-v3,20260917,6,0,warmup,6,small,sum_one,uniform,128,8192,129167,11,11,17503531059042279424,17503531059042279424,1
13,gcc-O3-v3,20260917,7,0,warmup,7,small,sum_one,uniform,384,2730,123274,11,11,5767785928059657782,5767785928059657782,1
13,gcc-O3-v3,20260917,8,0,warmup,8,small,sum_one,uniform,32,32768,197063,11,11,4730905112462327808,4730905112462327808,1
13,gcc-O3-v3,20260917,9,0,warmup,9,branch,filter_copy_mask,p100,65536,1,27316,11,11,6554,6554,1
13,gcc-O3-v3,20260917,10,0,warmup,10,branch,filter_copy_mask,p750,65536,1,30407,11,11,49152,49152,1
13,gcc-O3-v3,20260917,11,0,warmup,11,dependency,sum_one,uniform,65536,64,504957,11,11,1190735372877940864,1190735372877940864,1
13,gcc-O3-v3,20260917,12,0,warmup,12,branch,filter_copy,p500_alternating,65536,1,26540,11,11,32768,32768,1
13,gcc-O3-v3,20260917,13,0,warmup,13,small,sum_one,uniform,16,65536,275866,11,11,1403062601089810432,1403062601089810432,1
13,gcc-O3-v3,20260917,14,0,warmup,14,branch,sum_if,p900,65536,1,13110,11,11,1957202038211152021,1957202038211152021,1
13,gcc-O3-v3,20260917,15,0,warmup,15,small,sum_one,uniform,3,349525,1002445,11,11,9690214761957071044,9690214761957071044,1
13,gcc-O3-v3,20260917,16,0,warmup,16,dependency,sum_twice,uniform,65536,64,1005026,11,11,2381470745755881728,2381470745755881728,1
13,gcc-O3-v3,20260917,17,0,warmup,17,small,sum_one,uniform,96,10922,135860,11,11,1966801938065649448,1966801938065649448,1
13,gcc-O3-v3,20260917,18,0,warmup,18,branch,filter_copy_mask,p500_sorted,65536,1,27249,11,11,32768,32768,1
13,gcc-O3-v3,20260917,19,0,warmup,19,branch,filter_copy,p100,65536,1,148184,11,11,6554,6554,1
13,gcc-O3-v3,20260917,20,0,warmup,20,branch,sum_if,p500_sorted,65536,1,15558,11,11,2213941836433581612,2213941836433581612,1
13,gcc-O3-v3,20260917,21,0,warmup,21,small,sum_one,uniform,256,4096,138772,11,11,12471836693395644416,12471836693395644416,1
13,gcc-O3-v3,20260917,22,0,warmup,22,branch,sum_if,p1000,65536,1,13089,11,11,4485739283943968327,4485739283943968327,1
13,gcc-O3-v3,20260917,23,0,warmup,23,small,sum_one,uniform,64,16384,151565,11,11,14815439244071927808,14815439244071927808,1
13,gcc-O3-v3,20260917,24,0,warmup,24,small,sum_one,uniform,24,43690,221610,11,11,5019437447312423050,5019437447312423050,1
13,gcc-O3-v3,20260917,25,0,warmup,25,branch,sum_if,p750,65536,1,13091,11,11,14586442889165806448,14586442889165806448,1
13,gcc-O3-v3,20260917,26,0,warmup,26,branch,filter_copy_mask,p000,65536,1,27144,11,11,0,0,1
13,gcc-O3-v3,20260917,27,0,warmup,27,small,sum_one,uniform,1,1048576,3583372,11,11,8452580083670974464,8452580083670974464,1
13,gcc-O3-v3,20260917,28,0,warmup,28,branch,filter_copy_mask,p900,65536,1,29754,11,11,58982,58982,1
13,gcc-O3-v3,20260917,29,0,warmup,29,branch,filter_copy_mask,p500,65536,1,29689,11,11,32768,32768,1
13,gcc-O3-v3,20260917,30,0,warmup,30,small,sum_one,uniform,8,131072,373770,11,11,11724155215337095168,11724155215337095168,1
13,gcc-O3-v3,20260917,31,0,warmup,31,branch,filter_copy,p500,65536,1,361382,11,11,32768,32768,1
13,gcc-O3-v3,20260917,32,0,warmup,32,branch,filter_copy,p900,65536,1,137217,11,11,58982,58982,1
13,gcc-O3-v3,20260917,33,0,warmup,33,dependency,sum_four,uniform,65536,64,643928,11,11,1190735372877940864,1190735372877940864,1
13,gcc-O3-v3,20260917,34,0,warmup,34,branch,filter_copy,p000,65536,1,26496,11,11,0,0,1
13,gcc-O3-v3,20260917,35,0,warmup,35,branch,sum_if,p500,65536,1,13074,11,11,261284744287062128,261284744287062128,1
13,gcc-O3-v3,20260917,36,0,warmup,36,small,sum_one,uniform,768,1365,114526,11,11,6760326044614544011,6760326044614544011,1
13,gcc-O3-v3,20260917,37,0,warmup,37,branch,filter_copy_mask,p1000,65536,1,28508,11,11,65536,65536,1
13,gcc-O3-v3,20260917,38,0,warmup,38,small,sum_one,uniform,12,87381,325893,11,11,18208879310165819389,18208879310165819389,1
13,gcc-O3-v3,20260917,39,0,warmup,39,small,sum_one,uniform,512,2048,122248,11,11,6127788314265579520,6127788314265579520,1
13,gcc-O3-v3,20260917,40,0,warmup,40,dependency,sum_one_bis,uniform,65536,64,498568,11,11,1190735372877940864,1190735372877940864,1
13,gcc-O3-v3,20260917,41,0,warmup,41,dependency,split_xor_mul,uniform,65536,64,1291944,11,11,8310383708453772032,8310383708453772032,1
13,gcc-O3-v3,20260917,42,0,warmup,42,small,sum_one,uniform,48,21845,216646,11,11,18173204259618227916,18173204259618227916,1
13,gcc-O3-v3,20260917,43,0,warmup,43,dependency,chain_xor_mul,uniform,65536,64,6753056,11,11,5299772668389481216,5299772668389481216,1
13,gcc-O3-v3,20260917,44,0,warmup,44,branch,filter_copy,p750,65536,1,266235,11,11,49152,49152,1
13,gcc-O3-v3,20260917,45,0,warmup,45,small,sum_one,uniform,4,262144,642379,11,11,6027757896494481408,6027757896494481408,1
13,gcc-O3-v3,20260917,46,0,warmup,46,small,sum_one,uniform,1024,1024,109463,11,11,6113767114656410624,6113767114656410624,1
13,gcc-O3-v3,20260917,47,0,warmup,47,branch,filter_copy,p1000,65536,1,26621,11,11,65536,65536,1
13,gcc-O3-v3,20260917,48,0,warmup,48,branch,filter_copy,p250,65536,1,283104,11,11,16384,16384,1
13,gcc-O3-v3,20260917,49,0,warmup,49,branch,filter_copy,p500_sorted,65536,1,27682,11,11,32768,32768,1
13,gcc-O3-v3,20260917,50,0,warmup,50,small,sum_one,uniform,192,5461,199555,11,11,17901819518249685373,17901819518249685373,1
13,gcc-O3-v3,20260917,51,0,warmup,51,small,sum_one,uniform,6,174762,490506,11,11,4529353940760067638,4529353940760067638,1
13,gcc-O3-v3,20260917,52,0,warmup,52,branch,sum_if,p100,65536,1,13135,11,11,3083979731501324985,3083979731501324985,1
13,gcc-O3-v3,20260917,53,1,measure,0,branch,filter_copy,p250,65536,1,270729,11,11,16384,16384,1
13,gcc-O3-v3,20260917,54,1,measure,1,branch,filter_copy,p000,65536,1,26335,11,11,0,0,1
13,gcc-O3-v3,20260917,55,1,measure,2,small,sum_one,uniform,12,87381,315352,11,11,18208879310165819389,18208879310165819389,1
13,gcc-O3-v3,20260917,56,1,measure,3,small,sum_one,uniform,768,1365,111371,11,11,6760326044614544011,6760326044614544011,1
13,gcc-O3-v3,20260917,57,1,measure,4,branch,sum_if,p000,65536,1,13100,11,11,0,0,1
13,gcc-O3-v3,20260917,58,1,measure,5,branch,filter_copy,p500_sorted,65536,1,26724,11,11,32768,32768,1
13,gcc-O3-v3,20260917,59,1,measure,6,branch,filter_copy_mask,p250,65536,1,28041,11,11,16384,16384,1
13,gcc-O3-v3,20260917,60,1,measure,7,small,sum_one,uniform,8,131072,372829,11,11,11724155215337095168,11724155215337095168,1
13,gcc-O3-v3,20260917,61,1,measure,8,small,sum_one,uniform,128,8192,128520,11,11,17503531059042279424,17503531059042279424,1
13,gcc-O3-v3,20260917,62,1,measure,9,small,sum_one,uniform,6,174762,495995,11,11,4529353940760067638,4529353940760067638,1
13,gcc-O3-v3,20260917,63,1,measure,10,branch,sum_if,p1000,65536,1,13041,11,11,4485739283943968327,4485739283943968327,1
13,gcc-O3-v3,20260917,64,1,measure,11,dependency,chain_xor_mul,uniform,65536,64,6961316,11,11,5299772668389481216,5299772668389481216,1
13,gcc-O3-v3,20260917,65,1,measure,12,branch,sum_if,p250,65536,1,13209,11,11,75766260937212688,75766260937212688,1
13,gcc-O3-v3,20260917,66,1,measure,13,small,sum_one,uniform,3,349525,1043998,11,11,9690214761957071044,9690214761957071044,1
13,gcc-O3-v3,20260917,67,1,measure,14,dependency,sum_twice,uniform,65536,64,1147782,11,11,2381470745755881728,2381470745755881728,1
13,gcc-O3-v3,20260917,68,1,measure,15,dependency,sum_one_bis,uniform,65536,64,512802,11,11,1190735372877940864,1190735372877940864,1
13,gcc-O3-v3,20260917,69,1,measure,16,small,sum_one,uniform,512,2048,118594,11,11,6127788314265579520,6127788314265579520,1
13,gcc-O3-v3,20260917,70,1,measure,17,small,sum_one,uniform,16,65536,275928,11,11,1403062601089810432,1403062601089810432,1
13,gcc-O3-v3,20260917,71,1,measure,18,branch,filter_copy_mask,p100,65536,1,27269,11,11,6554,6554,1
13,gcc-O3-v3,20260917,72,1,measure,19,branch,sum_if,p500,65536,1,15583,11,11,261284744287062128,261284744287062128,1
13,gcc-O3-v3,20260917,73,1,measure,20,branch,filter_copy_mask,p000,65536,1,27316,11,11,0,0,1
13,gcc-O3-v3,20260917,74,1,measure,21,branch,sum_if,p500_alternating,65536,1,13083,11,11,4196774058536912234,4196774058536912234,1
13,gcc-O3-v3,20260917,75,1,measure,22,branch,sum_if,p750,65536,1,13217,11,11,14586442889165806448,14586442889165806448,1
13,gcc-O3-v3,20260917,76,1,measure,23,branch,sum_if,p900,65536,1,13121,11,11,1957202038211152021,1957202038211152021,1
13,gcc-O3-v3,20260917,77,1,measure,24,small,sum_one,uniform,32,32768,308763,11,11,4730905112462327808,4730905112462327808,1
13,gcc-O3-v3,20260917,78,1,measure,25,branch,filter_copy_mask,p500_alternating,65536,1,35082,11,11,32768,32768,1
13,gcc-O3-v3,20260917,79,1,measure,26,branch,filter_copy,p100,65536,1,174610,11,11,6554,6554,1
13,gcc-O3-v3,20260917,80,1,measure,27,branch,filter_copy_mask,p1000,65536,1,29118,11,11,65536,65536,1
13,gcc-O3-v3,20260917,81,1,measure,28,branch,filter_copy_mask,p500,65536,1,32958,11,11,32768,32768,1
13,gcc-O3-v3,20260917,82,1,measure,29,branch,filter_copy_mask,p500_sorted,65536,1,34820,11,11,32768,32768,1
13,gcc-O3-v3,20260917,83,1,measure,30,small,sum_one,uniform,192,5461,195630,11,11,17901819518249685373,17901819518249685373,1
13,gcc-O3-v3,20260917,84,1,measure,31,small,sum_one,uniform,48,21845,212901,11,11,18173204259618227916,18173204259618227916,1
13,gcc-O3-v3,20260917,85,1,measure,32,branch,filter_copy_mask,p750,65536,1,28957,11,11,49152,49152,1
13,gcc-O3-v3,20260917,86,1,measure,33,small,sum_one,uniform,24,43690,218948,11,11,5019437447312423050,5019437447312423050,1
13,gcc-O3-v3,20260917,87,1,measure,34,small,sum_one,uniform,2,524288,1938452,11,11,14489530702789345280,14489530702789345280,1
13,gcc-O3-v3,20260917,88,1,measure,35,branch,filter_copy,p900,65536,1,147278,11,11,58982,58982,1
13,gcc-O3-v3,20260917,89,1,measure,36,small,sum_one,uniform,96,10922,138199,11,11,1966801938065649448,1966801938065649448,1
13,gcc-O3-v3,20260917,90,1,measure,37,branch,filter_copy_mask,p900,65536,1,30383,11,11,58982,58982,1
13,gcc-O3-v3,20260917,91,1,measure,38,branch,filter_copy,p500,65536,1,383941,11,11,32768,32768,1
13,gcc-O3-v3,20260917,92,1,measure,39,dependency,sum_four,uniform,65536,64,634665,11,11,1190735372877940864,1190735372877940864,1
13,gcc-O3-v3,20260917,93,1,measure,40,dependency,split_xor_mul,uniform,65536,64,1298468,11,11,8310383708453772032,8310383708453772032,1
13,gcc-O3-v3,20260917,94,1,measure,41,small,sum_one,uniform,1,1048576,3939881,11,11,8452580083670974464,8452580083670974464,1
13,gcc-O3-v3,20260917,95,1,measure,42,small,sum_one,uniform,4,262144,635750,11,11,6027757896494481408,6027757896494481408,1
13,gcc-O3-v3,20260917,96,1,measure,43,branch,sum_if,p100,65536,1,13437,11,11,3083979731501324985,3083979731501324985,1
13,gcc-O3-v3,20260917,97,1,measure,44,branch,filter_copy,p500_alternating,65536,1,26747,11,11,32768,32768,1
13,gcc-O3-v3,20260917,98,1,measure,45,branch,filter_copy,p1000,65536,1,26901,11,11,65536,65536,1
13,gcc-O3-v3,20260917,99,1,measure,46,branch,sum_if,p500_sorted,65536,1,13173,11,11,2213941836433581612,2213941836433581612,1
13,gcc-O3-v3,20260917,100,1,measure,47,branch,filter_copy,p750,65536,1,275089,11,11,49152,49152,1
13,gcc-O3-v3,20260917,101,1,measure,48,small,sum_one,uniform,1024,1024,109625,11,11,6113767114656410624,6113767114656410624,1
13,gcc-O3-v3,20260917,102,1,measure,49,dependency,sum_one,uniform,65536,64,501266,11,11,1190735372877940864,1190735372877940864,1
13,gcc-O3-v3,20260917,103,1,measure,50,small,sum_one,uniform,256,4096,158921,11,11,12471836693395644416,12471836693395644416,1
13,gcc-O3-v3,20260917,104,1,measure,51,small,sum_one,uniform,64,16384,152445,11,11,14815439244071927808,14815439244071927808,1
13,gcc-O3-v3,20260917,105,1,measure,52,small,sum_one,uniform,384,2730,127421,11,11,5767785928059657782,5767785928059657782,1
13,gcc-O3-v3,20260917,106,2,measure,0,small,sum_one,uniform,1,1048576,3411512,11,11,8452580083670974464,8452580083670974464,1
13,gcc-O3-v3,20260917,107,2,measure,1,branch,sum_if,p500_alternating,65536,1,13109,11,11,4196774058536912234,4196774058536912234,1
13,gcc-O3-v3,20260917,108,2,measure,2,branch,sum_if,p1000,65536,1,13086,11,11,4485739283943968327,4485739283943968327,1
13,gcc-O3-v3,20260917,109,2,measure,3,small,sum_one,uniform,48,21845,214537,11,11,18173204259618227916,18173204259618227916,1
13,gcc-O3-v3,20260917,110,2,measure,4,dependency,sum_one_bis,uniform,65536,64,501381,11,11,1190735372877940864,1190735372877940864,1
13,gcc-O3-v3,20260917,111,2,measure,5,branch,sum_if,p500_sorted,65536,1,13234,11,11,2213941836433581612,2213941836433581612,1
13,gcc-O3-v3,20260917,112,2,measure,6,small,sum_one,uniform,96,10922,135908,11,11,1966801938065649448,1966801938065649448,1
13,gcc-O3-v3,20260917,113,2,measure,7,branch,filter_copy,p750,65536,1,270200,11,11,49152,49152,1
13,gcc-O3-v3,20260917,114,2,measure,8,dependency,sum_twice,uniform,65536,64,1007021,11,11,2381470745755881728,2381470745755881728,1
13,gcc-O3-v3,20260917,115,2,measure,9,small,sum_one,uniform,384,2730,127451,11,11,5767785928059657782,5767785928059657782,1
13,gcc-O3-v3,20260917,116,2,measure,10,branch,filter_copy,p900,65536,1,149251,11,11,58982,58982,1
13,gcc-O3-v3,20260917,117,2,measure,11,small,sum_one,uniform,192,5461,196978,11,11,17901819518249685373,17901819518249685373,1
13,gcc-O3-v3,20260917,118,2,measure,12,branch,filter_copy_mask,p750,65536,1,27865,11,11,49152,49152,1
13,gcc-O3-v3,20260917,119,2,measure,13,branch,filter_copy,p500,65536,1,374367,11,11,32768,32768,1
13,gcc-O3-v3,20260917,120,2,measure,14,branch,sum_if,p100,65536,1,13110,11,11,3083979731501324985,3083979731501324985,1
13,gcc-O3-v3,20260917,121,2,measure,15,small,sum_one,uniform,8,131072,372480,11,11,11724155215337095168,11724155215337095168,1
13,gcc-O3-v3,20260917,122,2,measure,16,branch,filter_copy,p1000,65536,1,27103,11,11,65536,65536,1
13,gcc-O3-v3,20260917,123,2,measure,17,small,sum_one,uniform,24,43690,218947,11,11,5019437447312423050,5019437447312423050,1
13,gcc-O3-v3,20260917,124,2,measure,18,branch,filter_copy_mask,p1000,65536,1,27325,11,11,65536,65536,1
13,gcc-O3-v3,20260917,125,2,measure,19,small,sum_one,uniform,128,8192,128548,11,11,17503531059042279424,17503531059042279424,1
13,gcc-O3-v3,20260917,126,2,measure,20,small,sum_one,uniform,2,524288,1941112,11,11,14489530702789345280,14489530702789345280,1
13,gcc-O3-v3,20260917,127,2,measure,21,branch,filter_copy_mask,p000,65536,1,28622,11,11,0,0,1
13,gcc-O3-v3,20260917,128,2,measure,22,branch,filter_copy,p500_sorted,65536,1,28141,11,11,32768,32768,1
13,gcc-O3-v3,20260917,129,2,measure,23,small,sum_one,uniform,4,262144,636382,11,11,6027757896494481408,6027757896494481408,1
13,gcc-O3-v3,20260917,130,2,measure,24,branch,filter_copy_mask,p100,65536,1,27759,11,11,6554,6554,1
13,gcc-O3-v3,20260917,131,2,measure,25,small,sum_one,uniform,3,349525,1436255,11,11,9690214761957071044,9690214761957071044,1
13,gcc-O3-v3,20260917,132,2,measure,26,branch,sum_if,p250,65536,1,15677,11,11,75766260937212688,75766260937212688,1
13,gcc-O3-v3,20260917,133,2,measure,27,small,sum_one,uniform,12,87381,319603,11,11,18208879310165819389,18208879310165819389,1
13,gcc-O3-v3,20260917,134,2,measure,28,branch,filter_copy,p250,65536,1,270601,11,11,16384,16384,1
13,gcc-O3-v3,20260917,135,2,measure,29,small,sum_one,uniform,64,16384,160673,11,11,14815439244071927808,14815439244071927808,1
13,gcc-O3-v3,20260917,136,2,measure,30,branch,filter_copy_mask,p500_alternating,65536,1,27987,11,11,32768,32768,1
13,gcc-O3-v3,20260917,137,2,measure,31,branch,filter_copy_mask,p500_sorted,65536,1,27085,11,11,32768,32768,1
13,gcc-O3-v3,20260917,138,2,measure,32,branch,filter_copy,p500_alternating,65536,1,26381,11,11,32768,32768,1
13,gcc-O3-v3,20260917,139,2,measure,33,branch,sum_if,p750,65536,1,13253,11,11,14586442889165806448,14586442889165806448,1
13,gcc-O3-v3,20260917,140,2,measure,34,small,sum_one,uniform,6,174762,636576,11,11,4529353940760067638,4529353940760067638,1
13,gcc-O3-v3,20260917,141,2,measure,35,small,sum_one,uniform,16,65536,275899,11,11,1403062601089810432,1403062601089810432,1
13,gcc-O3-v3,20260917,142,2,measure,36,small,sum_one,uniform,768,1365,111505,11,11,6760326044614544011,6760326044614544011,1
13,gcc-O3-v3,20260917,143,2,measure,37,dependency,chain_xor_mul,uniform,65536,64,6760674,11,11,5299772668389481216,5299772668389481216,1
13,gcc-O3-v3,20260917,144,2,measure,38,branch,filter_copy_mask,p900,65536,1,29794,11,11,58982,58982,1
13,gcc-O3-v3,20260917,145,2,measure,39,branch,sum_if,p500,65536,1,13215,11,11,261284744287062128,261284744287062128,1
13,gcc-O3-v3,20260917,146,2,measure,40,small,sum_one,uniform,256,4096,159451,11,11,12471836693395644416,12471836693395644416,1
13,gcc-O3-v3,20260917,147,2,measure,41,dependency,sum_one,uniform,65536,64,504347,11,11,1190735372877940864,1190735372877940864,1
13,gcc-O3-v3,20260917,148,2,measure,42,branch,filter_copy_mask,p250,65536,1,27524,11,11,16384,16384,1
13,gcc-O3-v3,20260917,149,2,measure,43,branch,filter_copy,p100,65536,1,151975,11,11,6554,6554,1
13,gcc-O3-v3,20260917,150,2,measure,44,small,sum_one,uniform,512,2048,118734,11,11,6127788314265579520,6127788314265579520,1
13,gcc-O3-v3,20260917,151,2,measure,45,small,sum_one,uniform,32,32768,197084,11,11,4730905112462327808,4730905112462327808,1
13,gcc-O3-v3,20260917,152,2,measure,46,dependency,split_xor_mul,uniform,65536,64,1297851,11,11,8310383708453772032,8310383708453772032,1
13,gcc-O3-v3,20260917,153,2,measure,47,branch,sum_if,p000,65536,1,11141,11,11,0,0,1
13,gcc-O3-v3,20260917,154,2,measure,48,branch,filter_copy,p000,65536,1,26414,11,11,0,0,1
13,gcc-O3-v3,20260917,155,2,measure,49,small,sum_one,uniform,1024,1024,111340,11,11,6113767114656410624,6113767114656410624,1
13,gcc-O3-v3,20260917,156,2,measure,50,branch,filter_copy_mask,p500,65536,1,28693,11,11,32768,32768,1
13,gcc-O3-v3,20260917,157,2,measure,51,dependency,sum_four,uniform,65536,64,635289,11,11,1190735372877940864,1190735372877940864,1
13,gcc-O3-v3,20260917,158,2,measure,52,branch,sum_if,p900,65536,1,12997,11,11,1957202038211152021,1957202038211152021,1
13,gcc-O3-v3,20260917,159,3,measure,0,branch,filter_copy,p500_alternating,65536,1,26599,11,11,32768,32768,1
13,gcc-O3-v3,20260917,160,3,measure,1,small,sum_one,uniform,128,8192,128157,11,11,17503531059042279424,17503531059042279424,1
13,gcc-O3-v3,20260917,161,3,measure,2,branch,filter_copy_mask,p900,65536,1,28108,11,11,58982,58982,1
13,gcc-O3-v3,20260917,162,3,measure,3,branch,filter_copy_mask,p100,65536,1,28508,11,11,6554,6554,1
13,gcc-O3-v3,20260917,163,3,measure,4,branch,filter_copy,p750,65536,1,265825,11,11,49152,49152,1
13,gcc-O3-v3,20260917,164,3,measure,5,branch,filter_copy_mask,p750,65536,1,28346,11,11,49152,49152,1
13,gcc-O3-v3,20260917,165,3,measure,6,small,sum_one,uniform,768,1365,115429,11,11,6760326044614544011,6760326044614544011,1
13,gcc-O3-v3,20260917,166,3,measure,7,branch,sum_if,p500_alternating,65536,1,13161,11,11,4196774058536912234,4196774058536912234,1
13,gcc-O3-v3,20260917,167,3,measure,8,small,sum_one,uniform,48,21845,210256,11,11,18173204259618227916,18173204259618227916,1
13,gcc-O3-v3,20260917,168,3,measure,9,small,sum_one,uniform,1024,1024,111598,11,11,6113767114656410624,6113767114656410624,1
13,gcc-O3-v3,20260917,169,3,measure,10,branch,sum_if,p900,65536,1,13084,11,11,1957202038211152021,1957202038211152021,1
13,gcc-O3-v3,20260917,170,3,measure,11,branch,filter_copy,p000,65536,1,26445,11,11,0,0,1
13,gcc-O3-v3,20260917,171,3,measure,12,small,sum_one,uniform,12,87381,316480,11,11,18208879310165819389,18208879310165819389,1
13,gcc-O3-v3,20260917,172,3,measure,13,branch,sum_if,p500,65536,1,17152,11,11,261284744287062128,261284744287062128,1
13,gcc-O3-v3,20260917,173,3,measure,14,small,sum_one,uniform,64,16384,151589,11,11,14815439244071927808,14815439244071927808,1
13,gcc-O3-v3,20260917,174,3,measure,15,small,sum_one,uniform,512,2048,118719,11,11,6127788314265579520,6127788314265579520,1
13,gcc-O3-v3,20260917,175,3,measure,16,dependency,sum_one_bis,uniform,65536,64,504602,11,11,1190735372877940864,1190735372877940864,1
13,gcc-O3-v3,20260917,176,3,measure,17,branch,sum_if,p100,65536,1,13060,11,11,3083979731501324985,3083979731501324985,1
13,gcc-O3-v3,20260917,177,3,measure,18,branch,filter_copy_mask,p1000,65536,1,29106,11,11,65536,65536,1
13,gcc-O3-v3,20260917,178,3,measure,19,small,sum_one,uniform,3,349525,1123867,11,11,9690214761957071044,9690214761957071044,1
13,gcc-O3-v3,20260917,179,3,measure,20,branch,filter_copy,p250,65536,1,269165,11,11,16384,16384,1
13,gcc-O3-v3,20260917,180,3,measure,21,small,sum_one,uniform,32,32768,197164,11,11,4730905112462327808,4730905112462327808,1
13,gcc-O3-v3,20260917,181,3,measure,22,dependency,sum_twice,uniform,65536,64,1000126,11,11,2381470745755881728,2381470745755881728,1
13,gcc-O3-v3,20260917,182,3,measure,23,dependency,sum_four,uniform,65536,64,648562,11,11,1190735372877940864,1190735372877940864,1
13,gcc-O3-v3,20260917,183,3,measure,24,branch,sum_if,p250,65536,1,13140,11,11,75766260937212688,75766260937212688,1
13,gcc-O3-v3,20260917,184,3,measure,25,small,sum_one,uniform,6,174762,637835,11,11,4529353940760067638,4529353940760067638,1
13,gcc-O3-v3,20260917,185,3,measure,26,small,sum_one,uniform,1,1048576,3531355,11,11,8452580083670974464,8452580083670974464,1
13,gcc-O3-v3,20260917,186,3,measure,27,small,sum_one,uniform,384,2730,128184,11,11,5767785928059657782,5767785928059657782,1
13,gcc-O3-v3,20260917,187,3,measure,28,small,sum_one,uniform,8,131072,367791,11,11,11724155215337095168,11724155215337095168,1
13,gcc-O3-v3,20260917,188,3,measure,29,branch,filter_copy_mask,p000,65536,1,27358,11,11,0,0,1
13,gcc-O3-v3,20260917,189,3,measure,30,small,sum_one,uniform,24,43690,218954,11,11,5019437447312423050,5019437447312423050,1
13,gcc-O3-v3,20260917,190,3,measure,31,dependency,split_xor_mul,uniform,65536,64,1302628,11,11,8310383708453772032,8310383708453772032,1
13,gcc-O3-v3,20260917,191,3,measure,32,small,sum_one,uniform,4,262144,630494,11,11,6027757896494481408,6027757896494481408,1
13,gcc-O3-v3,20260917,192,3,measure,33,small,sum_one,uniform,16,65536,278368,11,11,1403062601089810432,1403062601089810432,1
13,gcc-O3-v3,20260917,193,3,measure,34,small,sum_one,uniform,96,10922,135825,11,11,1966801938065649448,1966801938065649448,1
13,gcc-O3-v3,20260917,194,3,measure,35,branch,filter_copy_mask,p250,65536,1,28808,11,11,16384,16384,1
13,gcc-O3-v3,20260917,195,3,measure,36,branch,sum_if,p000,65536,1,13631,11,11,0,0,1
13,gcc-O3-v3,20260917,196,3,measure,37,small,sum_one,uniform,192,5461,163116,11,11,17901819518249685373,17901819518249685373,1
13,gcc-O3-v3,20260917,197,3,measure,38,branch,filter_copy,p500_sorted,65536,1,26756,11,11,32768,32768,1
13,gcc-O3-v3,20260917,198,3,measure,39,branch,filter_copy_mask,p500,65536,1,28474,11,11,32768,32768,1
13,gcc-O3-v3,20260917,199,3,measure,40,branch,filter_copy,p500,65536,1,373631,11,11,32768,32768,1
13,gcc-O3-v3,20260917,200,3,measure,41,dependency,sum_one,uniform,65536,64,499178,11,11,1190735372877940864,1190735372877940864,1
13,gcc-O3-v3,20260917,201,3,measure,42,branch,sum_if,p1000,65536,1,13001,11,11,4485739283943968327,4485739283943968327,1
13,gcc-O3-v3,20260917,202,3,measure,43,branch,sum_if,p750,65536,1,13127,11,11,14586442889165806448,14586442889165806448,1
13,gcc-O3-v3,20260917,203,3,measure,44,dependency,chain_xor_mul,uniform,65536,64,6739428,11,11,5299772668389481216,5299772668389481216,1
13,gcc-O3-v3,20260917,204,3,measure,45,small,sum_one,uniform,2,524288,1923576,11,11,14489530702789345280,14489530702789345280,1
13,gcc-O3-v3,20260917,205,3,measure,46,branch,filter_copy,p900,65536,1,150287,11,11,58982,58982,1
13,gcc-O3-v3,20260917,206,3,measure,47,branch,filter_copy,p100,65536,1,152490,11,11,6554,6554,1
13,gcc-O3-v3,20260917,207,3,measure,48,branch,filter_copy,p1000,65536,1,28480,11,11,65536,65536,1
13,gcc-O3-v3,20260917,208,3,measure,49,branch,filter_copy_mask,p500_alternating,65536,1,27879,11,11,32768,32768,1
13,gcc-O3-v3,20260917,209,3,measure,50,branch,filter_copy_mask,p500_sorted,65536,1,27013,11,11,32768,32768,1
13,gcc-O3-v3,20260917,210,3,measure,51,small,sum_one,uniform,256,4096,174617,11,11,12471836693395644416,12471836693395644416,1
13,gcc-O3-v3,20260917,211,3,measure,52,branch,sum_if,p500_sorted,65536,1,13266,11,11,2213941836433581612,2213941836433581612,1
13,gcc-O3-v3,20260917,212,4,measure,0,dependency,chain_xor_mul,uniform,65536,64,6800892,11,11,5299772668389481216,5299772668389481216,1
13,gcc-O3-v3,20260917,213,4,measure,1,branch,filter_copy,p1000,65536,1,27217,11,11,65536,65536,1
13,gcc-O3-v3,20260917,214,4,measure,2,small,sum_one,uniform,8,131072,374928,11,11,11724155215337095168,11724155215337095168,1
13,gcc-O3-v3,20260917,215,4,measure,3,small,sum_one,uniform,128,8192,128504,11,11,17503531059042279424,17503531059042279424,1
13,gcc-O3-v3,20260917,216,4,measure,4,small,sum_one,uniform,3,349525,1292488,11,11,9690214761957071044,9690214761957071044,1
13,gcc-O3-v3,20260917,217,4,measure,5,branch,sum_if,p750,65536,1,15657,11,11,14586442889165806448,14586442889165806448,1
13,gcc-O3-v3,20260917,218,4,measure,6,branch,filter_copy_mask,p750,65536,1,28527,11,11,49152,49152,1
13,gcc-O3-v3,20260917,219,4,measure,7,branch,filter_copy,p250,65536,1,278305,11,11,16384,16384,1
13,gcc-O3-v3,20260917,220,4,measure,8,branch,sum_if,p100,65536,1,15484,11,11,3083979731501324985,3083979731501324985,1
13,gcc-O3-v3,20260917,221,4,measure,9,branch,filter_copy_mask,p900,65536,1,27646,11,11,58982,58982,1
13,gcc-O3-v3,20260917,222,4,measure,10,branch,sum_if,p1000,65536,1,15638,11,11,4485739283943968327,4485739283943968327,1
13,gcc-O3-v3,20260917,223,4,measure,11,branch,filter_copy_mask,p500_sorted,65536,1,27343,11,11,32768,32768,1
13,gcc-O3-v3,20260917,224,4,measure,12,branch,sum_if,p500,65536,1,13122,11,11,261284744287062128,261284744287062128,1
13,gcc-O3-v3,20260917,225,4,measure,13,small,sum_one,uniform,384,2730,122992,11,11,5767785928059657782,5767785928059657782,1
13,gcc-O3-v3,20260917,226,4,measure,14,branch,filter_copy,p500_sorted,65536,1,26837,11,11,32768,32768,1
13,gcc-O3-v3,20260917,227,4,measure,15,dependency,sum_twice,uniform,65536,64,1000563,11,11,2381470745755881728,2381470745755881728,1
13,gcc-O3-v3,20260917,228,4,measure,16,small,sum_one,uniform,32,32768,197096,11,11,4730905112462327808,4730905112462327808,1
13,gcc-O3-v3,20260917,229,4,measure,17,branch,filter_copy,p500_alternating,65536,1,26497,11,11,32768,32768,1
13,gcc-O3-v3,20260917,230,4,measure,18,branch,filter_copy_mask,p100,65536,1,27567,11,11,6554,6554,1
13,gcc-O3-v3,20260917,231,4,measure,19,dependency,sum_one_bis,uniform,65536,64,500876,11,11,1190735372877940864,1190735372877940864,1
13,gcc-O3-v3,20260917,232,4,measure,20,branch,sum_if,p250,65536,1,13214,11,11,75766260937212688,75766260937212688,1
13,gcc-O3-v3,20260917,233,4,measure,21,small,sum_one,uniform,64,16384,151584,11,11,14815439244071927808,14815439244071927808,1
13,gcc-O3-v3,20260917,234,4,measure,22,small,sum_one,uniform,16,65536,276908,11,11,1403062601089810432,1403062601089810432,1
13,gcc-O3-v3,20260917,235,4,measure,23,small,sum_one,uniform,96,10922,135837,11,11,1966801938065649448,1966801938065649448,1
13,gcc-O3-v3,20260917,236,4,measure,24,branch,filter_copy_mask,p000,65536,1,27308,11,11,0,0,1
13,gcc-O3-v3,20260917,237,4,measure,25,small,sum_one,uniform,12,87381,315480,11,11,18208879310165819389,18208879310165819389,1
13,gcc-O3-v3,20260917,238,4,measure,26,small,sum_one,uniform,4,262144,633219,11,11,6027757896494481408,6027757896494481408,1
13,gcc-O3-v3,20260917,239,4,measure,27,branch,filter_copy_mask,p250,65536,1,27996,11,11,16384,16384,1
13,gcc-O3-v3,20260917,240,4,measure,28,branch,filter_copy_mask,p1000,65536,1,29413,11,11,65536,65536,1
13,gcc-O3-v3,20260917,241,4,measure,29,small,sum_one,uniform,2,524288,1866370,11,11,14489530702789345280,14489530702789345280,1
13,gcc-O3-v3,20260917,242,4,measure,30,small,sum_one,uniform,6,174762,632912,11,11,4529353940760067638,4529353940760067638,1
13,gcc-O3-v3,20260917,243,4,measure,31,small,sum_one,uniform,768,1365,111528,11,11,6760326044614544011,6760326044614544011,1
13,gcc-O3-v3,20260917,244,4,measure,32,branch,filter_copy_mask,p500,65536,1,28376,11,11,32768,32768,1
13,gcc-O3-v3,20260917,245,4,measure,33,small,sum_one,uniform,192,5461,168572,11,11,17901819518249685373,17901819518249685373,1
13,gcc-O3-v3,20260917,246,4,measure,34,small,sum_one,uniform,1,1048576,3440820,11,11,8452580083670974464,8452580083670974464,1
13,gcc-O3-v3,20260917,247,4,measure,35,branch,sum_if,p900,65536,1,15620,11,11,1957202038211152021,1957202038211152021,1
13,gcc-O3-v3,20260917,248,4,measure,36,branch,filter_copy,p900,65536,1,146414,11,11,58982,58982,1
13,gcc-O3-v3,20260917,249,4,measure,37,branch,filter_copy_mask,p500_alternating,65536,1,27966,11,11,32768,32768,1
13,gcc-O3-v3,20260917,250,4,measure,38,branch,sum_if,p000,65536,1,15574,11,11,0,0,1
13,gcc-O3-v3,20260917,251,4,measure,39,dependency,sum_one,uniform,65536,64,503097,11,11,1190735372877940864,1190735372877940864,1
13,gcc-O3-v3,20260917,252,4,measure,40,dependency,split_xor_mul,uniform,65536,64,1305944,11,11,8310383708453772032,8310383708453772032,1
13,gcc-O3-v3,20260917,253,4,measure,41,small,sum_one,uniform,48,21845,210199,11,11,18173204259618227916,18173204259618227916,1
13,gcc-O3-v3,20260917,254,4,measure,42,branch,filter_copy,p100,65536,1,147938,11,11,6554,6554,1
13,gcc-O3-v3,20260917,255,4,measure,43,branch,filter_copy,p750,65536,1,266147,11,11,49152,49152,1
13,gcc-O3-v3,20260917,256,4,measure,44,branch,filter_copy,p500,65536,1,374456,11,11,32768,32768,1
13,gcc-O3-v3,20260917,257,4,measure,45,branch,sum_if,p500_sorted,65536,1,13242,11,11,2213941836433581612,2213941836433581612,1
13,gcc-O3-v3,20260917,258,4,measure,46,small,sum_one,uniform,512,2048,122751,11,11,6127788314265579520,6127788314265579520,1
13,gcc-O3-v3,20260917,259,4,measure,47,branch,sum_if,p500_alternating,65536,1,13217,11,11,4196774058536912234,4196774058536912234,1
13,gcc-O3-v3,20260917,260,4,measure,48,small,sum_one,uniform,256,4096,158900,11,11,12471836693395644416,12471836693395644416,1
13,gcc-O3-v3,20260917,261,4,measure,49,branch,filter_copy,p000,65536,1,26417,11,11,0,0,1
13,gcc-O3-v3,20260917,262,4,measure,50,dependency,sum_four,uniform,65536,64,675639,11,11,1190735372877940864,1190735372877940864,1
13,gcc-O3-v3,20260917,263,4,measure,51,small,sum_one,uniform,24,43690,219042,11,11,5019437447312423050,5019437447312423050,1
13,gcc-O3-v3,20260917,264,4,measure,52,small,sum_one,uniform,1024,1024,109475,11,11,6113767114656410624,6113767114656410624,1
13,gcc-O3-v3,20260917,265,5,measure,0,branch,sum_if,p500_alternating,65536,1,13279,11,11,4196774058536912234,4196774058536912234,1
13,gcc-O3-v3,20260917,266,5,measure,1,branch,filter_copy,p750,65536,1,267709,11,11,49152,49152,1
13,gcc-O3-v3,20260917,267,5,measure,2,small,sum_one,uniform,768,1365,117054,11,11,6760326044614544011,6760326044614544011,1
13,gcc-O3-v3,20260917,268,5,measure,3,branch,sum_if,p900,65536,1,13130,11,11,1957202038211152021,1957202038211152021,1
13,gcc-O3-v3,20260917,269,5,measure,4,branch,sum_if,p500,65536,1,13025,11,11,261284744287062128,261284744287062128,1
13,gcc-O3-v3,20260917,270,5,measure,5,small,sum_one,uniform,8,131072,515131,11,11,11724155215337095168,11724155215337095168,1
13,gcc-O3-v3,20260917,271,5,measure,6,small,sum_one,uniform,1024,1024,109545,11,11,6113767114656410624,6113767114656410624,1
13,gcc-O3-v3,20260917,272,5,measure,7,small,sum_one,uniform,32,32768,197107,11,11,4730905112462327808,4730905112462327808,1
13,gcc-O3-v3,20260917,273,5,measure,8,small,sum_one,uniform,16,65536,275869,11,11,1403062601089810432,1403062601089810432,1
13,gcc-O3-v3,20260917,274,5,measure,9,branch,filter_copy,p1000,65536,1,27499,11,11,65536,65536,1
13,gcc-O3-v3,20260917,275,5,measure,10,branch,filter_copy_mask,p750,65536,1,28462,11,11,49152,49152,1
13,gcc-O3-v3,20260917,276,5,measure,11,dependency,sum_twice,uniform,65536,64,1007288,11,11,2381470745755881728,2381470745755881728,1
13,gcc-O3-v3,20260917,277,5,measure,12,dependency,sum_one_bis,uniform,65536,64,509671,11,11,1190735372877940864,1190735372877940864,1
13,gcc-O3-v3,20260917,278,5,measure,13,dependency,sum_four,uniform,65536,64,632359,11,11,1190735372877940864,1190735372877940864,1
13,gcc-O3-v3,20260917,279,5,measure,14,small,sum_one,uniform,24,43690,228387,11,11,5019437447312423050,5019437447312423050,1
13,gcc-O3-v3,20260917,280,5,measure,15,branch,filter_copy,p500,65536,1,373368,11,11,32768,32768,1
13,gcc-O3-v3,20260917,281,5,measure,16,small,sum_one,uniform,512,2048,122624,11,11,6127788314265579520,6127788314265579520,1
13,gcc-O3-v3,20260917,282,5,measure,17,small,sum_one,uniform,3,349525,1434011,11,11,9690214761957071044,9690214761957071044,1
13,gcc-O3-v3,20260917,283,5,measure,18,branch,filter_copy_mask,p500,65536,1,29613,11,11,32768,32768,1
13,gcc-O3-v3,20260917,284,5,measure,19,small,sum_one,uniform,64,16384,153991,11,11,14815439244071927808,14815439244071927808,1
13,gcc-O3-v3,20260917,285,5,measure,20,small,sum_one,uniform,384,2730,122743,11,11,5767785928059657782,5767785928059657782,1
13,gcc-O3-v3,20260917,286,5,measure,21,branch,filter_copy,p900,65536,1,145850,11,11,58982,58982,1
13,gcc-O3-v3,20260917,287,5,measure,22,branch,filter_copy_mask,p900,65536,1,27740,11,11,58982,58982,1
13,gcc-O3-v3,20260917,288,5,measure,23,small,sum_one,uniform,192,5461,165992,11,11,17901819518249685373,17901819518249685373,1
13,gcc-O3-v3,20260917,289,5,measure,24,branch,filter_copy,p500_alternating,65536,1,26482,11,11,32768,32768,1
13,gcc-O3-v3,20260917,290,5,measure,25,branch,filter_copy_mask,p000,65536,1,27122,11,11,0,0,1
13,gcc-O3-v3,20260917,291,5,measure,26,small,sum_one,uniform,2,524288,1982502,11,11,14489530702789345280,14489530702789345280,1
13,gcc-O3-v3,20260917,292,5,measure,27,branch,sum_if,p750,65536,1,13192,11,11,14586442889165806448,14586442889165806448,1
13,gcc-O3-v3,20260917,293,5,measure,28,branch,filter_copy_mask,p100,65536,1,27432,11,11,6554,6554,1
13,gcc-O3-v3,20260917,294,5,measure,29,small,sum_one,uniform,128,8192,164846,11,11,17503531059042279424,17503531059042279424,1
13,gcc-O3-v3,20260917,295,5,measure,30,branch,sum_if,p1000,65536,1,13108,11,11,4485739283943968327,4485739283943968327,1
13,gcc-O3-v3,20260917,296,5,measure,31,branch,filter_copy,p100,65536,1,145981,11,11,6554,6554,1
13,gcc-O3-v3,20260917,297,5,measure,32,branch,filter_copy,p250,65536,1,274629,11,11,16384,16384,1
13,gcc-O3-v3,20260917,298,5,measure,33,small,sum_one,uniform,6,174762,635295,11,11,4529353940760067638,4529353940760067638,1
13,gcc-O3-v3,20260917,299,5,measure,34,branch,sum_if,p500_sorted,65536,1,13084,11,11,2213941836433581612,2213941836433581612,1
13,gcc-O3-v3,20260917,300,5,measure,35,branch,filter_copy_mask,p1000,65536,1,28417,11,11,65536,65536,1
13,gcc-O3-v3,20260917,301,5,measure,36,branch,sum_if,p000,65536,1,15607,11,11,0,0,1
13,gcc-O3-v3,20260917,302,5,measure,37,small,sum_one,uniform,12,87381,315268,11,11,18208879310165819389,18208879310165819389,1
13,gcc-O3-v3,20260917,303,5,measure,38,small,sum_one,uniform,1,1048576,3645339,11,11,8452580083670974464,8452580083670974464,1
13,gcc-O3-v3,20260917,304,5,measure,39,branch,sum_if,p100,65536,1,15710,11,11,3083979731501324985,3083979731501324985,1
13,gcc-O3-v3,20260917,305,5,measure,40,small,sum_one,uniform,4,262144,697474,11,11,6027757896494481408,6027757896494481408,1
13,gcc-O3-v3,20260917,306,5,measure,41,dependency,sum_one,uniform,65536,64,509672,11,11,1190735372877940864,1190735372877940864,1
13,gcc-O3-v3,20260917,307,5,measure,42,small,sum_one,uniform,256,4096,140206,11,11,12471836693395644416,12471836693395644416,1
13,gcc-O3-v3,20260917,308,5,measure,43,branch,sum_if,p250,65536,1,13013,11,11,75766260937212688,75766260937212688,1
13,gcc-O3-v3,20260917,309,5,measure,44,branch,filter_copy_mask,p500_sorted,65536,1,27626,11,11,32768,32768,1
13,gcc-O3-v3,20260917,310,5,measure,45,branch,filter_copy_mask,p500_alternating,65536,1,27525,11,11,32768,32768,1
13,gcc-O3-v3,20260917,311,5,measure,46,branch,filter_copy_mask,p250,65536,1,27946,11,11,16384,16384,1
13,gcc-O3-v3,20260917,312,5,measure,47,small,sum_one,uniform,48,21845,215536,11,11,18173204259618227916,18173204259618227916,1
13,gcc-O3-v3,20260917,313,5,measure,48,branch,filter_copy,p000,65536,1,26413,11,11,0,0,1
13,gcc-O3-v3,20260917,314,5,measure,49,branch,filter_copy,p500_sorted,65536,1,26545,11,11,32768,32768,1
13,gcc-O3-v3,20260917,315,5,measure,50,small,sum_one,uniform,96,10922,135814,11,11,1966801938065649448,1966801938065649448,1
13,gcc-O3-v3,20260917,316,5,measure,51,dependency,split_xor_mul,uniform,65536,64,1384510,11,11,8310383708453772032,8310383708453772032,1
13,gcc-O3-v3,20260917,317,5,measure,52,dependency,chain_xor_mul,uniform,65536,64,6789075,11,11,5299772668389481216,5299772668389481216,1
13,gcc-O3-v3,20260917,318,6,measure,0,dependency,split_xor_mul,uniform,65536,64,1294003,11,11,8310383708453772032,8310383708453772032,1
13,gcc-O3-v3,20260917,319,6,measure,1,small,sum_one,uniform,3,349525,1320838,11,11,9690214761957071044,9690214761957071044,1
13,gcc-O3-v3,20260917,320,6,measure,2,branch,filter_copy_mask,p500_alternating,65536,1,28009,11,11,32768,32768,1
13,gcc-O3-v3,20260917,321,6,measure,3,small,sum_one,uniform,12,87381,358214,11,11,18208879310165819389,18208879310165819389,1
13,gcc-O3-v3,20260917,322,6,measure,4,branch,sum_if,p000,65536,1,13345,11,11,0,0,1
13,gcc-O3-v3,20260917,323,6,measure,5,branch,filter_copy_mask,p900,65536,1,27803,11,11,58982,58982,1
13,gcc-O3-v3,20260917,324,6,measure,6,branch,sum_if,p500,65536,1,13197,11,11,261284744287062128,261284744287062128,1
13,gcc-O3-v3,20260917,325,6,measure,7,branch,filter_copy_mask,p000,65536,1,27187,11,11,0,0,1
13,gcc-O3-v3,20260917,326,6,measure,8,dependency,sum_one,uniform,65536,64,502818,11,11,1190735372877940864,1190735372877940864,1
13,gcc-O3-v3,20260917,327,6,measure,9,small,sum_one,uniform,64,16384,151549,11,11,14815439244071927808,14815439244071927808,1
13,gcc-O3-v3,20260917,328,6,measure,10,branch,filter_copy_mask,p250,65536,1,28047,11,11,16384,16384,1
13,gcc-O3-v3,20260917,329,6,measure,11,dependency,sum_one_bis,uniform,65536,64,498802,11,11,1190735372877940864,1190735372877940864,1
13,gcc-O3-v3,20260917,330,6,measure,12,small,sum_one,uniform,16,65536,275884,11,11,1403062601089810432,1403062601089810432,1
13,gcc-O3-v3,20260917,331,6,measure,13,small,sum_one,uniform,8,131072,398244,11,11,11724155215337095168,11724155215337095168,1
13,gcc-O3-v3,20260917,332,6,measure,14,small,sum_one,uniform,48,21845,210187,11,11,18173204259618227916,18173204259618227916,1
13,gcc-O3-v3,20260917,333,6,measure,15,small,sum_one,uniform,6,174762,652228,11,11,4529353940760067638,4529353940760067638,1
13,gcc-O3-v3,20260917,334,6,measure,16,branch,filter_copy,p1000,65536,1,27205,11,11,65536,65536,1
13,gcc-O3-v3,20260917,335,6,measure,17,small,sum_one,uniform,1,1048576,3468878,11,11,8452580083670974464,8452580083670974464,1
13,gcc-O3-v3,20260917,336,6,measure,18,dependency,chain_xor_mul,uniform,65536,64,6747567,11,11,5299772668389481216,5299772668389481216,1
13,gcc-O3-v3,20260917,337,6,measure,19,branch,sum_if,p500_alternating,65536,1,13133,11,11,4196774058536912234,4196774058536912234,1
13,gcc-O3-v3,20260917,338,6,measure,20,branch,filter_copy_mask,p100,65536,1,27472,11,11,6554,6554,1
13,gcc-O3-v3,20260917,339,6,measure,21,branch,filter_copy,p500,65536,1,375132,11,11,32768,32768,1
13,gcc-O3-v3,20260917,340,6,measure,22,small,sum_one,uniform,768,1365,117047,11,11,6760326044614544011,6760326044614544011,1
13,gcc-O3-v3,20260917,341,6,measure,23,small,sum_one,uniform,96,10922,135790,11,11,1966801938065649448,1966801938065649448,1
13,gcc-O3-v3,20260917,342,6,measure,24,branch,sum_if,p250,65536,1,13097,11,11,75766260937212688,75766260937212688,1
13,gcc-O3-v3,20260917,343,6,measure,25,branch,filter_copy,p750,65536,1,268138,11,11,49152,49152,1
13,gcc-O3-v3,20260917,344,6,measure,26,branch,filter_copy,p500_sorted,65536,1,27607,11,11,32768,32768,1
13,gcc-O3-v3,20260917,345,6,measure,27,branch,filter_copy,p000,65536,1,27457,11,11,0,0,1
13,gcc-O3-v3,20260917,346,6,measure,28,small,sum_one,uniform,2,524288,1955536,11,11,14489530702789345280,14489530702789345280,1
13,gcc-O3-v3,20260917,347,6,measure,29,branch,filter_copy_mask,p500_sorted,65536,1,27070,11,11,32768,32768,1
13,gcc-O3-v3,20260917,348,6,measure,30,small,sum_one,uniform,128,8192,128499,11,11,17503531059042279424,17503531059042279424,1
13,gcc-O3-v3,20260917,349,6,measure,31,branch,sum_if,p900,65536,1,13329,11,11,1957202038211152021,1957202038211152021,1
13,gcc-O3-v3,20260917,350,6,measure,32,small,sum_one,uniform,1024,1024,109674,11,11,6113767114656410624,6113767114656410624,1
13,gcc-O3-v3,20260917,351,6,measure,33,branch,filter_copy,p500_alternating,65536,1,26472,11,11,32768,32768,1
13,gcc-O3-v3,20260917,352,6,measure,34,branch,sum_if,p100,65536,1,13068,11,11,3083979731501324985,3083979731501324985,1
13,gcc-O3-v3,20260917,353,6,measure,35,branch,filter_copy_mask,p500,65536,1,28606,11,11,32768,32768,1
13,gcc-O3-v3,20260917,354,6,measure,36,branch,sum_if,p500_sorted,65536,1,15357,11,11,2213941836433581612,2213941836433581612,1
13,gcc-O3-v3,20260917,355,6,measure,37,branch,filter_copy_mask,p1000,65536,1,27933,11,11,65536,65536,1
13,gcc-O3-v3,20260917,356,6,measure,38,dependency,sum_twice,uniform,65536,64,1000060,11,11,2381470745755881728,2381470745755881728,1
13,gcc-O3-v3,20260917,357,6,measure,39,small,sum_one,uniform,384,2730,155732,11,11,5767785928059657782,5767785928059657782,1
13,gcc-O3-v3,20260917,358,6,measure,40,small,sum_one,uniform,32,32768,203725,11,11,4730905112462327808,4730905112462327808,1
13,gcc-O3-v3,20260917,359,6,measure,41,branch,filter_copy,p900,65536,1,142282,11,11,58982,58982,1
13,gcc-O3-v3,20260917,360,6,measure,42,branch,filter_copy_mask,p750,65536,1,29781,11,11,49152,49152,1
13,gcc-O3-v3,20260917,361,6,measure,43,branch,sum_if,p1000,65536,1,15422,11,11,4485739283943968327,4485739283943968327,1
13,gcc-O3-v3,20260917,362,6,measure,44,small,sum_one,uniform,256,4096,138727,11,11,12471836693395644416,12471836693395644416,1
13,gcc-O3-v3,20260917,363,6,measure,45,branch,filter_copy,p100,65536,1,146613,11,11,6554,6554,1
13,gcc-O3-v3,20260917,364,6,measure,46,branch,filter_copy,p250,65536,1,276402,11,11,16384,16384,1
13,gcc-O3-v3,20260917,365,6,measure,47,small,sum_one,uniform,24,43690,223659,11,11,5019437447312423050,5019437447312423050,1
13,gcc-O3-v3,20260917,366,6,measure,48,dependency,sum_four,uniform,65536,64,637129,11,11,1190735372877940864,1190735372877940864,1
13,gcc-O3-v3,20260917,367,6,measure,49,small,sum_one,uniform,512,2048,122619,11,11,6127788314265579520,6127788314265579520,1
13,gcc-O3-v3,20260917,368,6,measure,50,branch,sum_if,p750,65536,1,13036,11,11,14586442889165806448,14586442889165806448,1
13,gcc-O3-v3,20260917,369,6,measure,51,small,sum_one,uniform,192,5461,193014,11,11,17901819518249685373,17901819518249685373,1
13,gcc-O3-v3,20260917,370,6,measure,52,small,sum_one,uniform,4,262144,744064,11,11,6027757896494481408,6027757896494481408,1
13,gcc-O3-v3,20260917,371,7,measure,0,branch,filter_copy,p000,65536,1,26439,11,11,0,0,1
13,gcc-O3-v3,20260917,372,7,measure,1,branch,sum_if,p100,65536,1,15438,11,11,3083979731501324985,3083979731501324985,1
13,gcc-O3-v3,20260917,373,7,measure,2,small,sum_one,uniform,4,262144,635085,11,11,6027757896494481408,6027757896494481408,1
13,gcc-O3-v3,20260917,374,7,measure,3,dependency,sum_four,uniform,65536,64,634828,11,11,1190735372877940864,1190735372877940864,1
13,gcc-O3-v3,20260917,375,7,measure,4,small,sum_one,uniform,24,43690,218939,11,11,5019437447312423050,5019437447312423050,1
13,gcc-O3-v3,20260917,376,7,measure,5,dependency,sum_twice,uniform,65536,64,1006413,11,11,2381470745755881728,2381470745755881728,1
13,gcc-O3-v3,20260917,377,7,measure,6,small,sum_one,uniform,6,174762,634405,11,11,4529353940760067638,4529353940760067638,1
13,gcc-O3-v3,20260917,378,7,measure,7,dependency,sum_one_bis,uniform,65536,64,498524,11,11,1190735372877940864,1190735372877940864,1
13,gcc-O3-v3,20260917,379,7,measure,8,small,sum_one,uniform,2,524288,1799196,11,11,14489530702789345280,14489530702789345280,1
13,gcc-O3-v3,20260917,380,7,measure,9,branch,filter_copy,p500_alternating,65536,1,26443,11,11,32768,32768,1
13,gcc-O3-v3,20260917,381,7,measure,10,branch,filter_copy_mask,p500_alternating,65536,1,27899,11,11,32768,32768,1
13,gcc-O3-v3,20260917,382,7,measure,11,dependency,sum_one,uniform,65536,64,506410,11,11,1190735372877940864,1190735372877940864,1
13,gcc-O3-v3,20260917,383,7,measure,12,branch,filter_copy,p750,65536,1,269701,11,11,49152,49152,1
13,gcc-O3-v3,20260917,384,7,measure,13,branch,sum_if,p500_alternating,65536,1,15745,11,11,4196774058536912234,4196774058536912234,1
13,gcc-O3-v3,20260917,385,7,measure,14,branch,filter_copy_mask,p500_sorted,65536,1,27160,11,11,32768,32768,1
13,gcc-O3-v3,20260917,386,7,measure,15,small,sum_one,uniform,1024,1024,112409,11,11,6113767114656410624,6113767114656410624,1
13,gcc-O3-v3,20260917,387,7,measure,16,small,sum_one,uniform,32,32768,197072,11,11,4730905112462327808,4730905112462327808,1
13,gcc-O3-v3,20260917,388,7,measure,17,small,sum_one,uniform,48,21845,210282,11,11,18173204259618227916,18173204259618227916,1
13,gcc-O3-v3,20260917,389,7,measure,18,small,sum_one,uniform,3,349525,1087790,11,11,9690214761957071044,9690214761957071044,1
13,gcc-O3-v3,20260917,390,7,measure,19,small,sum_one,uniform,512,2048,121172,11,11,6127788314265579520,6127788314265579520,1
13,gcc-O3-v3,20260917,391,7,measure,20,branch,filter_copy_mask,p1000,65536,1,27348,11,11,65536,65536,1
13,gcc-O3-v3,20260917,392,7,measure,21,small,sum_one,uniform,768,1365,114519,11,11,6760326044614544011,6760326044614544011,1
13,gcc-O3-v3,20260917,393,7,measure,22,branch,filter_copy,p100,65536,1,147444,11,11,6554,6554,1
13,gcc-O3-v3,20260917,394,7,measure,23,branch,sum_if,p900,65536,1,15477,11,11,1957202038211152021,1957202038211152021,1
13,gcc-O3-v3,20260917,395,7,measure,24,branch,sum_if,p250,65536,1,13138,11,11,75766260937212688,75766260937212688,1
13,gcc-O3-v3,20260917,396,7,measure,25,small,sum_one,uniform,384,2730,127378,11,11,5767785928059657782,5767785928059657782,1
13,gcc-O3-v3,20260917,397,7,measure,26,branch,filter_copy_mask,p750,65536,1,27567,11,11,49152,49152,1
13,gcc-O3-v3,20260917,398,7,measure,27,small,sum_one,uniform,8,131072,367828,11,11,11724155215337095168,11724155215337095168,1
13,gcc-O3-v3,20260917,399,7,measure,28,branch,filter_copy_mask,p500,65536,1,31772,11,11,32768,32768,1
13,gcc-O3-v3,20260917,400,7,measure,29,small,sum_one,uniform,64,16384,153894,11,11,14815439244071927808,14815439244071927808,1
13,gcc-O3-v3,20260917,401,7,measure,30,branch,filter_copy_mask,p000,65536,1,27195,11,11,0,0,1
13,gcc-O3-v3,20260917,402,7,measure,31,dependency,split_xor_mul,uniform,65536,64,1297720,11,11,8310383708453772032,8310383708453772032,1
13,gcc-O3-v3,20260917,403,7,measure,32,branch,sum_if,p750,65536,1,11088,11,11,14586442889165806448,14586442889165806448,1
13,gcc-O3-v3,20260917,404,7,measure,33,small,sum_one,uniform,128,8192,128184,11,11,17503531059042279424,17503531059042279424,1
13,gcc-O3-v3,20260917,405,7,measure,34,small,sum_one,uniform,96,10922,136395,11,11,1966801938065649448,1966801938065649448,1
13,gcc-O3-v3,20260917,406,7,measure,35,small,sum_one,uniform,256,4096,158897,11,11,12471836693395644416,12471836693395644416,1
13,gcc-O3-v3,20260917,407,7,measure,36,branch,filter_copy,p250,65536,1,274285,11,11,16384,16384,1
13,gcc-O3-v3,20260917,408,7,measure,37,branch,sum_if,p000,65536,1,13073,11,11,0,0,1
13,gcc-O3-v3,20260917,409,7,measure,38,branch,filter_copy_mask,p100,65536,1,27304,11,11,6554,6554,1
13,gcc-O3-v3,20260917,410,7,measure,39,branch,filter_copy,p500,65536,1,374545,11,11,32768,32768,1
13,gcc-O3-v3,20260917,411,7,measure,40,branch,sum_if,p500,65536,1,13218,11,11,261284744287062128,261284744287062128,1
13,gcc-O3-v3,20260917,412,7,measure,41,branch,filter_copy,p1000,65536,1,27432,11,11,65536,65536,1
13,gcc-O3-v3,20260917,413,7,measure,42,dependency,chain_xor_mul,uniform,65536,64,6761519,11,11,5299772668389481216,5299772668389481216,1
13,gcc-O3-v3,20260917,414,7,measure,43,branch,sum_if,p500_sorted,65536,1,13166,11,11,2213941836433581612,2213941836433581612,1
13,gcc-O3-v3,20260917,415,7,measure,44,branch,filter_copy_mask,p250,65536,1,27552,11,11,16384,16384,1
13,gcc-O3-v3,20260917,416,7,measure,45,branch,filter_copy,p500_sorted,65536,1,26610,11,11,32768,32768,1
13,gcc-O3-v3,20260917,417,7,measure,46,branch,filter_copy_mask,p900,65536,1,28863,11,11,58982,58982,1
13,gcc-O3-v3,20260917,418,7,measure,47,small,sum_one,uniform,192,5461,161957,11,11,17901819518249685373,17901819518249685373,1
13,gcc-O3-v3,20260917,419,7,measure,48,small,sum_one,uniform,12,87381,315271,11,11,18208879310165819389,18208879310165819389,1
13,gcc-O3-v3,20260917,420,7,measure,49,branch,sum_if,p1000,65536,1,13088,11,11,4485739283943968327,4485739283943968327,1
13,gcc-O3-v3,20260917,421,7,measure,50,small,sum_one,uniform,1,1048576,3864862,11,11,8452580083670974464,8452580083670974464,1
13,gcc-O3-v3,20260917,422,7,measure,51,small,sum_one,uniform,16,65536,280761,11,11,1403062601089810432,1403062601089810432,1
13,gcc-O3-v3,20260917,423,7,measure,52,branch,filter_copy,p900,65536,1,141864,11,11,58982,58982,1
13,gcc-O3-v3,20260917,424,8,measure,0,dependency,split_xor_mul,uniform,65536,64,1304339,11,11,8310383708453772032,8310383708453772032,1
13,gcc-O3-v3,20260917,425,8,measure,1,branch,sum_if,p100,65536,1,11148,11,11,3083979731501324985,3083979731501324985,1
13,gcc-O3-v3,20260917,426,8,measure,2,branch,filter_copy,p750,65536,1,264651,11,11,49152,49152,1
13,gcc-O3-v3,20260917,427,8,measure,3,small,sum_one,uniform,3,349525,1406883,11,11,9690214761957071044,9690214761957071044,1
13,gcc-O3-v3,20260917,428,8,measure,4,branch,filter_copy,p500_alternating,65536,1,26672,11,11,32768,32768,1
13,gcc-O3-v3,20260917,429,8,measure,5,branch,sum_if,p900,65536,1,13278,11,11,1957202038211152021,1957202038211152021,1
13,gcc-O3-v3,20260917,430,8,measure,6,small,sum_one,uniform,1024,1024,112254,11,11,6113767114656410624,6113767114656410624,1
13,gcc-O3-v3,20260917,431,8,measure,7,dependency,sum_one_bis,uniform,65536,64,498840,11,11,1190735372877940864,1190735372877940864,1
13,gcc-O3-v3,20260917,432,8,measure,8,branch,filter_copy_mask,p1000,65536,1,30541,11,11,65536,65536,1
13,gcc-O3-v3,20260917,433,8,measure,9,small,sum_one,uniform,1,1048576,3566695,11,11,8452580083670974464,8452580083670974464,1
13,gcc-O3-v3,20260917,434,8,measure,10,branch,filter_copy,p1000,65536,1,26518,11,11,65536,65536,1
13,gcc-O3-v3,20260917,435,8,measure,11,small,sum_one,uniform,12,87381,319981,11,11,18208879310165819389,18208879310165819389,1
13,gcc-O3-v3,20260917,436,8,measure,12,small,sum_one,uniform,192,5461,162421,11,11,17901819518249685373,17901819518249685373,1
13,gcc-O3-v3,20260917,437,8,measure,13,branch,filter_copy_mask,p750,65536,1,28387,11,11,49152,49152,1
13,gcc-O3-v3,20260917,438,8,measure,14,branch,filter_copy_mask,p900,65536,1,27495,11,11,58982,58982,1
13,gcc-O3-v3,20260917,439,8,measure,15,small,sum_one,uniform,24,43690,219001,11,11,5019437447312423050,5019437447312423050,1
13,gcc-O3-v3,20260917,440,8,measure,16,small,sum_one,uniform,512,2048,119116,11,11,6127788314265579520,6127788314265579520,1
13,gcc-O3-v3,20260917,441,8,measure,17,small,sum_one,uniform,96,10922,135799,11,11,1966801938065649448,1966801938065649448,1
13,gcc-O3-v3,20260917,442,8,measure,18,small,sum_one,uniform,384,2730,125714,11,11,5767785928059657782,5767785928059657782,1
13,gcc-O3-v3,20260917,443,8,measure,19,small,sum_one,uniform,6,174762,630860,11,11,4529353940760067638,4529353940760067638,1
13,gcc-O3-v3,20260917,444,8,measure,20,branch,filter_copy,p250,65536,1,274939,11,11,16384,16384,1
13,gcc-O3-v3,20260917,445,8,measure,21,branch,sum_if,p000,65536,1,13076,11,11,0,0,1
13,gcc-O3-v3,20260917,446,8,measure,22,dependency,sum_four,uniform,65536,64,640095,11,11,1190735372877940864,1190735372877940864,1
13,gcc-O3-v3,20260917,447,8,measure,23,small,sum_one,uniform,2,524288,1762859,11,11,14489530702789345280,14489530702789345280,1
13,gcc-O3-v3,20260917,448,8,measure,24,small,sum_one,uniform,8,131072,372935,11,11,11724155215337095168,11724155215337095168,1
13,gcc-O3-v3,20260917,449,8,measure,25,small,sum_one,uniform,48,21845,210201,11,11,18173204259618227916,18173204259618227916,1
13,gcc-O3-v3,20260917,450,8,measure,26,dependency,chain_xor_mul,uniform,65536,64,6742733,11,11,5299772668389481216,5299772668389481216,1
13,gcc-O3-v3,20260917,451,8,measure,27,branch,filter_copy,p500_sorted,65536,1,26852,11,11,32768,32768,1
13,gcc-O3-v3,20260917,452,8,measure,28,small,sum_one,uniform,16,65536,278163,11,11,1403062601089810432,1403062601089810432,1
13,gcc-O3-v3,20260917,453,8,measure,29,small,sum_one,uniform,4,262144,636935,11,11,6027757896494481408,6027757896494481408,1
13,gcc-O3-v3,20260917,454,8,measure,30,branch,filter_copy_mask,p500,65536,1,28739,11,11,32768,32768,1
13,gcc-O3-v3,20260917,455,8,measure,31,dependency,sum_one,uniform,65536,64,506855,11,11,1190735372877940864,1190735372877940864,1
13,gcc-O3-v3,20260917,456,8,measure,32,branch,filter_copy_mask,p000,65536,1,27196,11,11,0,0,1
13,gcc-O3-v3,20260917,457,8,measure,33,branch,filter_copy_mask,p500_sorted,65536,1,27179,11,11,32768,32768,1
13,gcc-O3-v3,20260917,458,8,measure,34,branch,filter_copy,p900,65536,1,147341,11,11,58982,58982,1
13,gcc-O3-v3,20260917,459,8,measure,35,small,sum_one,uniform,32,32768,202395,11,11,4730905112462327808,4730905112462327808,1
13,gcc-O3-v3,20260917,460,8,measure,36,branch,sum_if,p250,65536,1,13110,11,11,75766260937212688,75766260937212688,1
13,gcc-O3-v3,20260917,461,8,measure,37,dependency,sum_twice,uniform,65536,64,1002603,11,11,2381470745755881728,2381470745755881728,1
13,gcc-O3-v3,20260917,462,8,measure,38,branch,filter_copy,p500,65536,1,376254,11,11,32768,32768,1
13,gcc-O3-v3,20260917,463,8,measure,39,small,sum_one,uniform,768,1365,111237,11,11,6760326044614544011,6760326044614544011,1
13,gcc-O3-v3,20260917,464,8,measure,40,small,sum_one,uniform,64,16384,156668,11,11,14815439244071927808,14815439244071927808,1
13,gcc-O3-v3,20260917,465,8,measure,41,branch,sum_if,p500_alternating,65536,1,13113,11,11,4196774058536912234,4196774058536912234,1
13,gcc-O3-v3,20260917,466,8,measure,42,branch,filter_copy,p100,65536,1,144530,11,11,6554,6554,1
13,gcc-O3-v3,20260917,467,8,measure,43,branch,sum_if,p750,65536,1,13056,11,11,14586442889165806448,14586442889165806448,1
13,gcc-O3-v3,20260917,468,8,measure,44,branch,filter_copy,p000,65536,1,26402,11,11,0,0,1
13,gcc-O3-v3,20260917,469,8,measure,45,branch,filter_copy_mask,p100,65536,1,28058,11,11,6554,6554,1
13,gcc-O3-v3,20260917,470,8,measure,46,small,sum_one,uniform,256,4096,141713,11,11,12471836693395644416,12471836693395644416,1
13,gcc-O3-v3,20260917,471,8,measure,47,branch,filter_copy_mask,p250,65536,1,27722,11,11,16384,16384,1
13,gcc-O3-v3,20260917,472,8,measure,48,branch,sum_if,p500,65536,1,15495,11,11,261284744287062128,261284744287062128,1
13,gcc-O3-v3,20260917,473,8,measure,49,small,sum_one,uniform,128,8192,128668,11,11,17503531059042279424,17503531059042279424,1
13,gcc-O3-v3,20260917,474,8,measure,50,branch,sum_if,p500_sorted,65536,1,13105,11,11,2213941836433581612,2213941836433581612,1
13,gcc-O3-v3,20260917,475,8,measure,51,branch,sum_if,p1000,65536,1,13175,11,11,4485739283943968327,4485739283943968327,1
13,gcc-O3-v3,20260917,476,8,measure,52,branch,filter_copy_mask,p500_alternating,65536,1,27611,11,11,32768,32768,1
13,gcc-O3-v3,20260917,477,9,measure,0,branch,sum_if,p1000,65536,1,13070,11,11,4485739283943968327,4485739283943968327,1
13,gcc-O3-v3,20260917,478,9,measure,1,branch,filter_copy,p900,65536,1,142662,11,11,58982,58982,1
13,gcc-O3-v3,20260917,479,9,measure,2,small,sum_one,uniform,192,5461,193049,11,11,17901819518249685373,17901819518249685373,1
13,gcc-O3-v3,20260917,480,9,measure,3,dependency,sum_one_bis,uniform,65536,64,499513,11,11,1190735372877940864,1190735372877940864,1
13,gcc-O3-v3,20260917,481,9,measure,4,dependency,split_xor_mul,uniform,65536,64,1297451,11,11,8310383708453772032,8310383708453772032,1
13,gcc-O3-v3,20260917,482,9,measure,5,small,sum_one,uniform,768,1365,107670,11,11,6760326044614544011,6760326044614544011,1
13,gcc-O3-v3,20260917,483,9,measure,6,branch,sum_if,p500,65536,1,11125,11,11,261284744287062128,261284744287062128,1
13,gcc-O3-v3,20260917,484,9,measure,7,branch,sum_if,p000,65536,1,11065,11,11,0,0,1
13,gcc-O3-v3,20260917,485,9,measure,8,small,sum_one,uniform,32,32768,199198,11,11,4730905112462327808,4730905112462327808,1
13,gcc-O3-v3,20260917,486,9,measure,9,branch,filter_copy,p500_sorted,65536,1,26706,11,11,32768,32768,1
13,gcc-O3-v3,20260917,487,9,measure,10,branch,filter_copy_mask,p500_alternating,65536,1,26567,11,11,32768,32768,1
13,gcc-O3-v3,20260917,488,9,measure,11,small,sum_one,uniform,6,174762,631844,11,11,4529353940760067638,4529353940760067638,1
13,gcc-O3-v3,20260917,489,9,measure,12,branch,sum_if,p250,65536,1,13037,11,11,75766260937212688,75766260937212688,1
13,gcc-O3-v3,20260917,490,9,measure,13,small,sum_one,uniform,1024,1024,109673,11,11,6113767114656410624,6113767114656410624,1
13,gcc-O3-v3,20260917,491,9,measure,14,small,sum_one,uniform,256,4096,141240,11,11,12471836693395644416,12471836693395644416,1
13,gcc-O3-v3,20260917,492,9,measure,15,small,sum_one,uniform,96,10922,136570,11,11,1966801938065649448,1966801938065649448,1
13,gcc-O3-v3,20260917,493,9,measure,16,small,sum_one,uniform,384,2730,123181,11,11,5767785928059657782,5767785928059657782,1
13,gcc-O3-v3,20260917,494,9,measure,17,small,sum_one,uniform,4,262144,639703,11,11,6027757896494481408,6027757896494481408,1
13,gcc-O3-v3,20260917,495,9,measure,18,small,sum_one,uniform,16,65536,275952,11,11,1403062601089810432,1403062601089810432,1
13,gcc-O3-v3,20260917,496,9,measure,19,small,sum_one,uniform,2,524288,1810675,11,11,14489530702789345280,14489530702789345280,1
13,gcc-O3-v3,20260917,497,9,measure,20,branch,sum_if,p500_sorted,65536,1,13018,11,11,2213941836433581612,2213941836433581612,1
13,gcc-O3-v3,20260917,498,9,measure,21,small,sum_one,uniform,128,8192,128514,11,11,17503531059042279424,17503531059042279424,1
13,gcc-O3-v3,20260917,499,9,measure,22,branch,filter_copy_mask,p900,65536,1,31493,11,11,58982,58982,1
13,gcc-O3-v3,20260917,500,9,measure,23,branch,sum_if,p900,65536,1,13087,11,11,1957202038211152021,1957202038211152021,1
13,gcc-O3-v3,20260917,501,9,measure,24,branch,filter_copy_mask,p1000,65536,1,27619,11,11,65536,65536,1
13,gcc-O3-v3,20260917,502,9,measure,25,small,sum_one,uniform,8,131072,376813,11,11,11724155215337095168,11724155215337095168,1
13,gcc-O3-v3,20260917,503,9,measure,26,branch,filter_copy_mask,p250,65536,1,27676,11,11,16384,16384,1
13,gcc-O3-v3,20260917,504,9,measure,27,small,sum_one,uniform,24,43690,221179,11,11,5019437447312423050,5019437447312423050,1
13,gcc-O3-v3,20260917,505,9,measure,28,branch,filter_copy,p250,65536,1,273992,11,11,16384,16384,1
13,gcc-O3-v3,20260917,506,9,measure,29,branch,filter_copy_mask,p750,65536,1,28428,11,11,49152,49152,1
13,gcc-O3-v3,20260917,507,9,measure,30,small,sum_one,uniform,48,21845,210243,11,11,18173204259618227916,18173204259618227916,1
13,gcc-O3-v3,20260917,508,9,measure,31,branch,filter_copy_mask,p000,65536,1,29840,11,11,0,0,1
13,gcc-O3-v3,20260917,509,9,measure,32,dependency,chain_xor_mul,uniform,65536,64,6739036,11,11,5299772668389481216,5299772668389481216,1
13,gcc-O3-v3,20260917,510,9,measure,33,branch,sum_if,p100,65536,1,13094,11,11,3083979731501324985,3083979731501324985,1
13,gcc-O3-v3,20260917,511,9,measure,34,branch,sum_if,p750,65536,1,13084,11,11,14586442889165806448,14586442889165806448,1
13,gcc-O3-v3,20260917,512,9,measure,35,small,sum_one,uniform,12,87381,315263,11,11,18208879310165819389,18208879310165819389,1
13,gcc-O3-v3,20260917,513,9,measure,36,branch,sum_if,p500_alternating,65536,1,13110,11,11,4196774058536912234,4196774058536912234,1
13,gcc-O3-v3,20260917,514,9,measure,37,dependency,sum_four,uniform,65536,64,635664,11,11,1190735372877940864,1190735372877940864,1
13,gcc-O3-v3,20260917,515,9,measure,38,small,sum_one,uniform,1,1048576,3666410,11,11,8452580083670974464,8452580083670974464,1
13,gcc-O3-v3,20260917,516,9,measure,39,branch,filter_copy_mask,p500,65536,1,30235,11,11,32768,32768,1
13,gcc-O3-v3,20260917,517,9,measure,40,dependency,sum_twice,uniform,65536,64,1014966,11,11,2381470745755881728,2381470745755881728,1
13,gcc-O3-v3,20260917,518,9,measure,41,branch,filter_copy,p100,65536,1,145953,11,11,6554,6554,1
13,gcc-O3-v3,20260917,519,9,measure,42,branch,filter_copy_mask,p500_sorted,65536,1,28534,11,11,32768,32768,1
13,gcc-O3-v3,20260917,520,9,measure,43,branch,filter_copy,p1000,65536,1,28943,11,11,65536,65536,1
13,gcc-O3-v3,20260917,521,9,measure,44,branch,filter_copy,p500_alternating,65536,1,26431,11,11,32768,32768,1
13,gcc-O3-v3,20260917,522,9,measure,45,branch,filter_copy,p750,65536,1,280027,11,11,49152,49152,1
13,gcc-O3-v3,20260917,523,9,measure,46,small,sum_one,uniform,3,349525,1290815,11,11,9690214761957071044,9690214761957071044,1
13,gcc-O3-v3,20260917,524,9,measure,47,small,sum_one,uniform,512,2048,125061,11,11,6127788314265579520,6127788314265579520,1
13,gcc-O3-v3,20260917,525,9,measure,48,branch,filter_copy,p000,65536,1,26452,11,11,0,0,1
13,gcc-O3-v3,20260917,526,9,measure,49,small,sum_one,uniform,64,16384,151780,11,11,14815439244071927808,14815439244071927808,1
13,gcc-O3-v3,20260917,527,9,measure,50,dependency,sum_one,uniform,65536,64,498458,11,11,1190735372877940864,1190735372877940864,1
13,gcc-O3-v3,20260917,528,9,measure,51,branch,filter_copy_mask,p100,65536,1,27631,11,11,6554,6554,1
13,gcc-O3-v3,20260917,529,9,measure,52,branch,filter_copy,p500,65536,1,394599,11,11,32768,32768,1
13,gcc-O3-v3,20260917,530,10,measure,0,branch,filter_copy_mask,p000,65536,1,27090,11,11,0,0,1
13,gcc-O3-v3,20260917,531,10,measure,1,branch,sum_if,p750,65536,1,16232,11,11,14586442889165806448,14586442889165806448,1
13,gcc-O3-v3,20260917,532,10,measure,2,branch,filter_copy_mask,p900,65536,1,28168,11,11,58982,58982,1
13,gcc-O3-v3,20260917,533,10,measure,3,branch,filter_copy,p500,65536,1,396853,11,11,32768,32768,1
13,gcc-O3-v3,20260917,534,10,measure,4,small,sum_one,uniform,1024,1024,114663,11,11,6113767114656410624,6113767114656410624,1
13,gcc-O3-v3,20260917,535,10,measure,5,branch,filter_copy,p500_alternating,65536,1,26472,11,11,32768,32768,1
13,gcc-O3-v3,20260917,536,10,measure,6,small,sum_one,uniform,768,1365,114484,11,11,6760326044614544011,6760326044614544011,1
13,gcc-O3-v3,20260917,537,10,measure,7,small,sum_one,uniform,48,21845,213187,11,11,18173204259618227916,18173204259618227916,1
13,gcc-O3-v3,20260917,538,10,measure,8,branch,sum_if,p500,65536,1,13039,11,11,261284744287062128,261284744287062128,1
13,gcc-O3-v3,20260917,539,10,measure,9,small,sum_one,uniform,2,524288,1726373,11,11,14489530702789345280,14489530702789345280,1
13,gcc-O3-v3,20260917,540,10,measure,10,small,sum_one,uniform,12,87381,315291,11,11,18208879310165819389,18208879310165819389,1
13,gcc-O3-v3,20260917,541,10,measure,11,branch,sum_if,p500_sorted,65536,1,13152,11,11,2213941836433581612,2213941836433581612,1
13,gcc-O3-v3,20260917,542,10,measure,12,small,sum_one,uniform,16,65536,275887,11,11,1403062601089810432,1403062601089810432,1
13,gcc-O3-v3,20260917,543,10,measure,13,branch,filter_copy,p250,65536,1,270743,11,11,16384,16384,1
13,gcc-O3-v3,20260917,544,10,measure,14,dependency,sum_one,uniform,65536,64,503730,11,11,1190735372877940864,1190735372877940864,1
13,gcc-O3-v3,20260917,545,10,measure,15,small,sum_one,uniform,512,2048,122573,11,11,6127788314265579520,6127788314265579520,1
13,gcc-O3-v3,20260917,546,10,measure,16,branch,sum_if,p900,65536,1,13092,11,11,1957202038211152021,1957202038211152021,1
13,gcc-O3-v3,20260917,547,10,measure,17,dependency,sum_four,uniform,65536,64,640239,11,11,1190735372877940864,1190735372877940864,1
13,gcc-O3-v3,20260917,548,10,measure,18,dependency,sum_twice,uniform,65536,64,1006259,11,11,2381470745755881728,2381470745755881728,1
13,gcc-O3-v3,20260917,549,10,measure,19,branch,filter_copy,p1000,65536,1,27100,11,11,65536,65536,1
13,gcc-O3-v3,20260917,550,10,measure,20,branch,filter_copy_mask,p1000,65536,1,28452,11,11,65536,65536,1
13,gcc-O3-v3,20260917,551,10,measure,21,branch,filter_copy,p750,65536,1,276990,11,11,49152,49152,1
13,gcc-O3-v3,20260917,552,10,measure,22,small,sum_one,uniform,3,349525,1292676,11,11,9690214761957071044,9690214761957071044,1
13,gcc-O3-v3,20260917,553,10,measure,23,branch,sum_if,p1000,65536,1,15678,11,11,4485739283943968327,4485739283943968327,1
13,gcc-O3-v3,20260917,554,10,measure,24,branch,filter_copy_mask,p500,65536,1,28474,11,11,32768,32768,1
13,gcc-O3-v3,20260917,555,10,measure,25,branch,sum_if,p000,65536,1,15471,11,11,0,0,1
13,gcc-O3-v3,20260917,556,10,measure,26,branch,filter_copy_mask,p500_alternating,65536,1,28054,11,11,32768,32768,1
13,gcc-O3-v3,20260917,557,10,measure,27,dependency,sum_one_bis,uniform,65536,64,503259,11,11,1190735372877940864,1190735372877940864,1
13,gcc-O3-v3,20260917,558,10,measure,28,small,sum_one,uniform,24,43690,218957,11,11,5019437447312423050,5019437447312423050,1
13,gcc-O3-v3,20260917,559,10,measure,29,branch,filter_copy,p000,65536,1,26463,11,11,0,0,1
13,gcc-O3-v3,20260917,560,10,measure,30,branch,filter_copy,p500_sorted,65536,1,26607,11,11,32768,32768,1
13,gcc-O3-v3,20260917,561,10,measure,31,branch,filter_copy_mask,p500_sorted,65536,1,27049,11,11,32768,32768,1
13,gcc-O3-v3,20260917,562,10,measure,32,small,sum_one,uniform,1,1048576,4477250,11,11,8452580083670974464,8452580083670974464,1
13,gcc-O3-v3,20260917,563,10,measure,33,small,sum_one,uniform,384,2730,139905,11,11,5767785928059657782,5767785928059657782,1
13,gcc-O3-v3,20260917,564,10,measure,34,small,sum_one,uniform,192,5461,182237,11,11,17901819518249685373,17901819518249685373,1
13,gcc-O3-v3,20260917,565,10,measure,35,small,sum_one,uniform,4,262144,647378,11,11,6027757896494481408,6027757896494481408,1
13,gcc-O3-v3,20260917,566,10,measure,36,branch,filter_copy,p900,65536,1,145085,11,11,58982,58982,1
13,gcc-O3-v3,20260917,567,10,measure,37,branch,filter_copy,p100,65536,1,146628,11,11,6554,6554,1
13,gcc-O3-v3,20260917,568,10,measure,38,branch,filter_copy_mask,p750,65536,1,29803,11,11,49152,49152,1
13,gcc-O3-v3,20260917,569,10,measure,39,branch,sum_if,p100,65536,1,15682,11,11,3083979731501324985,3083979731501324985,1
13,gcc-O3-v3,20260917,570,10,measure,40,small,sum_one,uniform,256,4096,138674,11,11,12471836693395644416,12471836693395644416,1
13,gcc-O3-v3,20260917,571,10,measure,41,small,sum_one,uniform,128,8192,130585,11,11,17503531059042279424,17503531059042279424,1
13,gcc-O3-v3,20260917,572,10,measure,42,branch,sum_if,p500_alternating,65536,1,13253,11,11,4196774058536912234,4196774058536912234,1
13,gcc-O3-v3,20260917,573,10,measure,43,small,sum_one,uniform,32,32768,197611,11,11,4730905112462327808,4730905112462327808,1
13,gcc-O3-v3,20260917,574,10,measure,44,branch,filter_copy_mask,p100,65536,1,27438,11,11,6554,6554,1
13,gcc-O3-v3,20260917,575,10,measure,45,branch,sum_if,p250,65536,1,13019,11,11,75766260937212688,75766260937212688,1
13,gcc-O3-v3,20260917,576,10,measure,46,small,sum_one,uniform,6,174762,632196,11,11,4529353940760067638,4529353940760067638,1
13,gcc-O3-v3,20260917,577,10,measure,47,small,sum_one,uniform,8,131072,372191,11,11,11724155215337095168,11724155215337095168,1
13,gcc-O3-v3,20260917,578,10,measure,48,branch,filter_copy_mask,p250,65536,1,27755,11,11,16384,16384,1
13,gcc-O3-v3,20260917,579,10,measure,49,small,sum_one,uniform,96,10922,136366,11,11,1966801938065649448,1966801938065649448,1
13,gcc-O3-v3,20260917,580,10,measure,50,small,sum_one,uniform,64,16384,156677,11,11,14815439244071927808,14815439244071927808,1
13,gcc-O3-v3,20260917,581,10,measure,51,dependency,chain_xor_mul,uniform,65536,64,6863844,11,11,5299772668389481216,5299772668389481216,1
13,gcc-O3-v3,20260917,582,10,measure,52,dependency,split_xor_mul,uniform,65536,64,1283922,11,11,8310383708453772032,8310383708453772032,1
13,gcc-O3-v3,20260917,583,11,measure,0,branch,filter_copy_mask,p000,65536,1,27127,11,11,0,0,1
13,gcc-O3-v3,20260917,584,11,measure,1,branch,filter_copy_mask,p500,65536,1,27441,11,11,32768,32768,1
13,gcc-O3-v3,20260917,585,11,measure,2,branch,filter_copy,p500_sorted,65536,1,26564,11,11,32768,32768,1
13,gcc-O3-v3,20260917,586,11,measure,3,branch,sum_if,p500,65536,1,13356,11,11,261284744287062128,261284744287062128,1
13,gcc-O3-v3,20260917,587,11,measure,4,dependency,chain_xor_mul,uniform,65536,64,6869936,11,11,5299772668389481216,5299772668389481216,1
13,gcc-O3-v3,20260917,588,11,measure,5,small,sum_one,uniform,128,8192,128271,11,11,17503531059042279424,17503531059042279424,1
13,gcc-O3-v3,20260917,589,11,measure,6,small,sum_one,uniform,16,65536,291709,11,11,1403062601089810432,1403062601089810432,1
13,gcc-O3-v3,20260917,590,11,measure,7,small,sum_one,uniform,96,10922,135957,11,11,1966801938065649448,1966801938065649448,1
13,gcc-O3-v3,20260917,591,11,measure,8,branch,filter_copy,p1000,65536,1,27393,11,11,65536,65536,1
13,gcc-O3-v3,20260917,592,11,measure,9,branch,filter_copy,p750,65536,1,261482,11,11,49152,49152,1
13,gcc-O3-v3,20260917,593,11,measure,10,dependency,sum_twice,uniform,65536,64,1170266,11,11,2381470745755881728,2381470745755881728,1
13,gcc-O3-v3,20260917,594,11,measure,11,small,sum_one,uniform,1024,1024,157152,11,11,6113767114656410624,6113767114656410624,1
13,gcc-O3-v3,20260917,595,11,measure,12,dependency,sum_four,uniform,65536,64,635549,11,11,1190735372877940864,1190735372877940864,1
13,gcc-O3-v3,20260917,596,11,measure,13,small,sum_one,uniform,3,349525,1041280,11,11,9690214761957071044,9690214761957071044,1
13,gcc-O3-v3,20260917,597,11,measure,14,small,sum_one,uniform,256,4096,141203,11,11,12471836693395644416,12471836693395644416,1
13,gcc-O3-v3,20260917,598,11,measure,15,branch,sum_if,p250,65536,1,13174,11,11,75766260937212688,75766260937212688,1
13,gcc-O3-v3,20260917,599,11,measure,16,branch,sum_if,p900,65536,1,13004,11,11,1957202038211152021,1957202038211152021,1
13,gcc-O3-v3,20260917,600,11,measure,17,small,sum_one,uniform,12,87381,315286,11,11,18208879310165819389,18208879310165819389,1
13,gcc-O3-v3,20260917,601,11,measure,18,small,sum_one,uniform,6,174762,669768,11,11,4529353940760067638,4529353940760067638,1
13,gcc-O3-v3,20260917,602,11,measure,19,branch,filter_copy,p250,65536,1,272279,11,11,16384,16384,1
13,gcc-O3-v3,20260917,603,11,measure,20,small,sum_one,uniform,384,2730,127466,11,11,5767785928059657782,5767785928059657782,1
13,gcc-O3-v3,20260917,604,11,measure,21,small,sum_one,uniform,64,16384,151385,11,11,14815439244071927808,14815439244071927808,1
13,gcc-O3-v3,20260917,605,11,measure,22,small,sum_one,uniform,48,21845,210498,11,11,18173204259618227916,18173204259618227916,1
13,gcc-O3-v3,20260917,606,11,measure,23,branch,sum_if,p1000,65536,1,13115,11,11,4485739283943968327,4485739283943968327,1
13,gcc-O3-v3,20260917,607,11,measure,24,dependency,split_xor_mul,uniform,65536,64,1296217,11,11,8310383708453772032,8310383708453772032,1
13,gcc-O3-v3,20260917,608,11,measure,25,small,sum_one,uniform,1,1048576,3739201,11,11,8452580083670974464,8452580083670974464,1
13,gcc-O3-v3,20260917,609,11,measure,26,branch,sum_if,p000,65536,1,13288,11,11,0,0,1
13,gcc-O3-v3,20260917,610,11,measure,27,small,sum_one,uniform,512,2048,122638,11,11,6127788314265579520,6127788314265579520,1
13,gcc-O3-v3,20260917,611,11,measure,28,small,sum_one,uniform,8,131072,387824,11,11,11724155215337095168,11724155215337095168,1
13,gcc-O3-v3,20260917,612,11,measure,29,small,sum_one,uniform,4,262144,633919,11,11,6027757896494481408,6027757896494481408,1
13,gcc-O3-v3,20260917,613,11,measure,30,branch,filter_copy,p900,65536,1,140252,11,11,58982,58982,1
13,gcc-O3-v3,20260917,614,11,measure,31,branch,filter_copy,p000,65536,1,26429,11,11,0,0,1
13,gcc-O3-v3,20260917,615,11,measure,32,branch,filter_copy,p100,65536,1,146284,11,11,6554,6554,1
13,gcc-O3-v3,20260917,616,11,measure,33,branch,sum_if,p750,65536,1,13157,11,11,14586442889165806448,14586442889165806448,1
13,gcc-O3-v3,20260917,617,11,measure,34,small,sum_one,uniform,192,5461,160906,11,11,17901819518249685373,17901819518249685373,1
13,gcc-O3-v3,20260917,618,11,measure,35,small,sum_one,uniform,768,1365,111299,11,11,6760326044614544011,6760326044614544011,1
13,gcc-O3-v3,20260917,619,11,measure,36,branch,sum_if,p500_sorted,65536,1,13039,11,11,2213941836433581612,2213941836433581612,1
13,gcc-O3-v3,20260917,620,11,measure,37,branch,filter_copy_mask,p250,65536,1,27701,11,11,16384,16384,1
13,gcc-O3-v3,20260917,621,11,measure,38,branch,filter_copy,p500,65536,1,372507,11,11,32768,32768,1
13,gcc-O3-v3,20260917,622,11,measure,39,dependency,sum_one,uniform,65536,64,498416,11,11,1190735372877940864,1190735372877940864,1
13,gcc-O3-v3,20260917,623,11,measure,40,branch,filter_copy_mask,p900,65536,1,27962,11,11,58982,58982,1
13,gcc-O3-v3,20260917,624,11,measure,41,branch,sum_if,p500_alternating,65536,1,13451,11,11,4196774058536912234,4196774058536912234,1
13,gcc-O3-v3,20260917,625,11,measure,42,branch,filter_copy,p500_alternating,65536,1,26471,11,11,32768,32768,1
13,gcc-O3-v3,20260917,626,11,measure,43,branch,filter_copy_mask,p500_sorted,65536,1,26979,11,11,32768,32768,1
13,gcc-O3-v3,20260917,627,11,measure,44,small,sum_one,uniform,24,43690,224329,11,11,5019437447312423050,5019437447312423050,1
13,gcc-O3-v3,20260917,628,11,measure,45,dependency,sum_one_bis,uniform,65536,64,503912,11,11,1190735372877940864,1190735372877940864,1
13,gcc-O3-v3,20260917,629,11,measure,46,small,sum_one,uniform,2,524288,1776977,11,11,14489530702789345280,14489530702789345280,1
13,gcc-O3-v3,20260917,630,11,measure,47,branch,filter_copy_mask,p750,65536,1,28517,11,11,49152,49152,1
13,gcc-O3-v3,20260917,631,11,measure,48,branch,filter_copy_mask,p1000,65536,1,30004,11,11,65536,65536,1
13,gcc-O3-v3,20260917,632,11,measure,49,branch,filter_copy_mask,p100,65536,1,27341,11,11,6554,6554,1
13,gcc-O3-v3,20260917,633,11,measure,50,branch,filter_copy_mask,p500_alternating,65536,1,27649,11,11,32768,32768,1
13,gcc-O3-v3,20260917,634,11,measure,51,branch,sum_if,p100,65536,1,13228,11,11,3083979731501324985,3083979731501324985,1
13,gcc-O3-v3,20260917,635,11,measure,52,small,sum_one,uniform,32,32768,243334,11,11,4730905112462327808,4730905112462327808,1
13,gcc-O3-v3,20260917,636,12,measure,0,branch,filter_copy_mask,p500_alternating,65536,1,27615,11,11,32768,32768,1
13,gcc-O3-v3,20260917,637,12,measure,1,branch,filter_copy,p900,65536,1,143105,11,11,58982,58982,1
13,gcc-O3-v3,20260917,638,12,measure,2,small,sum_one,uniform,64,16384,155655,11,11,14815439244071927808,14815439244071927808,1
13,gcc-O3-v3,20260917,639,12,measure,3,small,sum_one,uniform,1,1048576,3533304,11,11,8452580083670974464,8452580083670974464,1
13,gcc-O3-v3,20260917,640,12,measure,4,branch,filter_copy,p500,65536,1,392990,11,11,32768,32768,1
13,gcc-O3-v3,20260917,641,12,measure,5,small,sum_one,uniform,24,43690,221357,11,11,5019437447312423050,5019437447312423050,1
13,gcc-O3-v3,20260917,642,12,measure,6,branch,sum_if,p100,65536,1,13124,11,11,3083979731501324985,3083979731501324985,1
13,gcc-O3-v3,20260917,643,12,measure,7,branch,filter_copy,p750,65536,1,259725,11,11,49152,49152,1
13,gcc-O3-v3,20260917,644,12,measure,8,branch,sum_if,p250,65536,1,13123,11,11,75766260937212688,75766260937212688,1
13,gcc-O3-v3,20260917,645,12,measure,9,branch,sum_if,p500_sorted,65536,1,13185,11,11,2213941836433581612,2213941836433581612,1
13,gcc-O3-v3,20260917,646,12,measure,10,small,sum_one,uniform,768,1365,114829,11,11,6760326044614544011,6760326044614544011,1
13,gcc-O3-v3,20260917,647,12,measure,11,branch,filter_copy_mask,p900,65536,1,27945,11,11,58982,58982,1
13,gcc-O3-v3,20260917,648,12,measure,12,branch,filter_copy_mask,p250,65536,1,28956,11,11,16384,16384,1
13,gcc-O3-v3,20260917,649,12,measure,13,branch,filter_copy,p500_alternating,65536,1,26402,11,11,32768,32768,1
13,gcc-O3-v3,20260917,650,12,measure,14,branch,filter_copy_mask,p000,65536,1,27219,11,11,0,0,1
13,gcc-O3-v3,20260917,651,12,measure,15,branch,filter_copy,p250,65536,1,273513,11,11,16384,16384,1
13,gcc-O3-v3,20260917,652,12,measure,16,branch,filter_copy,p000,65536,1,26431,11,11,0,0,1
13,gcc-O3-v3,20260917,653,12,measure,17,small,sum_one,uniform,32,32768,206442,11,11,4730905112462327808,4730905112462327808,1
13,gcc-O3-v3,20260917,654,12,measure,18,small,sum_one,uniform,192,5461,193322,11,11,17901819518249685373,17901819518249685373,1
13,gcc-O3-v3,20260917,655,12,measure,19,dependency,split_xor_mul,uniform,65536,64,1316031,11,11,8310383708453772032,8310383708453772032,1
13,gcc-O3-v3,20260917,656,12,measure,20,small,sum_one,uniform,384,2730,125853,11,11,5767785928059657782,5767785928059657782,1
13,gcc-O3-v3,20260917,657,12,measure,21,branch,sum_if,p500_alternating,65536,1,11450,11,11,4196774058536912234,4196774058536912234,1
13,gcc-O3-v3,20260917,658,12,measure,22,small,sum_one,uniform,256,4096,161677,11,11,12471836693395644416,12471836693395644416,1
13,gcc-O3-v3,20260917,659,12,measure,23,branch,filter_copy_mask,p500,65536,1,27758,11,11,32768,32768,1
13,gcc-O3-v3,20260917,660,12,measure,24,branch,filter_copy,p500_sorted,65536,1,26560,11,11,32768,32768,1
13,gcc-O3-v3,20260917,661,12,measure,25,small,sum_one,uniform,2,524288,1805354,11,11,14489530702789345280,14489530702789345280,1
13,gcc-O3-v3,20260917,662,12,measure,26,dependency,chain_xor_mul,uniform,65536,64,6761236,11,11,5299772668389481216,5299772668389481216,1
13,gcc-O3-v3,20260917,663,12,measure,27,branch,sum_if,p900,65536,1,13157,11,11,1957202038211152021,1957202038211152021,1
13,gcc-O3-v3,20260917,664,12,measure,28,branch,sum_if,p750,65536,1,13077,11,11,14586442889165806448,14586442889165806448,1
13,gcc-O3-v3,20260917,665,12,measure,29,small,sum_one,uniform,3,349525,1127233,11,11,9690214761957071044,9690214761957071044,1
13,gcc-O3-v3,20260917,666,12,measure,30,small,sum_one,uniform,4,262144,632929,11,11,6027757896494481408,6027757896494481408,1
13,gcc-O3-v3,20260917,667,12,measure,31,small,sum_one,uniform,128,8192,136684,11,11,17503531059042279424,17503531059042279424,1
13,gcc-O3-v3,20260917,668,12,measure,32,dependency,sum_one_bis,uniform,65536,64,499091,11,11,1190735372877940864,1190735372877940864,1
13,gcc-O3-v3,20260917,669,12,measure,33,branch,sum_if,p1000,65536,1,13022,11,11,4485739283943968327,4485739283943968327,1
13,gcc-O3-v3,20260917,670,12,measure,34,small,sum_one,uniform,16,65536,278820,11,11,1403062601089810432,1403062601089810432,1
13,gcc-O3-v3,20260917,671,12,measure,35,branch,filter_copy_mask,p500_sorted,65536,1,27380,11,11,32768,32768,1
13,gcc-O3-v3,20260917,672,12,measure,36,dependency,sum_four,uniform,65536,64,635317,11,11,1190735372877940864,1190735372877940864,1
13,gcc-O3-v3,20260917,673,12,measure,37,small,sum_one,uniform,96,10922,141268,11,11,1966801938065649448,1966801938065649448,1
13,gcc-O3-v3,20260917,674,12,measure,38,branch,sum_if,p000,65536,1,13058,11,11,0,0,1
13,gcc-O3-v3,20260917,675,12,measure,39,dependency,sum_one,uniform,65536,64,498836,11,11,1190735372877940864,1190735372877940864,1
13,gcc-O3-v3,20260917,676,12,measure,40,small,sum_one,uniform,1024,1024,111526,11,11,6113767114656410624,6113767114656410624,1
13,gcc-O3-v3,20260917,677,12,measure,41,small,sum_one,uniform,48,21845,210200,11,11,18173204259618227916,18173204259618227916,1
13,gcc-O3-v3,20260917,678,12,measure,42,branch,sum_if,p500,65536,1,13089,11,11,261284744287062128,261284744287062128,1
13,gcc-O3-v3,20260917,679,12,measure,43,branch,filter_copy_mask,p750,65536,1,29007,11,11,49152,49152,1
13,gcc-O3-v3,20260917,680,12,measure,44,branch,filter_copy,p100,65536,1,152940,11,11,6554,6554,1
13,gcc-O3-v3,20260917,681,12,measure,45,small,sum_one,uniform,8,131072,373069,11,11,11724155215337095168,11724155215337095168,1
13,gcc-O3-v3,20260917,682,12,measure,46,small,sum_one,uniform,6,174762,634999,11,11,4529353940760067638,4529353940760067638,1
13,gcc-O3-v3,20260917,683,12,measure,47,branch,filter_copy_mask,p100,65536,1,27491,11,11,6554,6554,1
13,gcc-O3-v3,20260917,684,12,measure,48,small,sum_one,uniform,512,2048,118806,11,11,6127788314265579520,6127788314265579520,1
13,gcc-O3-v3,20260917,685,12,measure,49,small,sum_one,uniform,12,87381,315284,11,11,18208879310165819389,18208879310165819389,1
13,gcc-O3-v3,20260917,686,12,measure,50,dependency,sum_twice,uniform,65536,64,1000644,11,11,2381470745755881728,2381470745755881728,1
13,gcc-O3-v3,20260917,687,12,measure,51,branch,filter_copy_mask,p1000,65536,1,27838,11,11,65536,65536,1
13,gcc-O3-v3,20260917,688,12,measure,52,branch,filter_copy,p1000,65536,1,26454,11,11,65536,65536,1
13,gcc-O3-v3,20260917,689,13,measure,0,small,sum_one,uniform,16,65536,275926,11,11,1403062601089810432,1403062601089810432,1
13,gcc-O3-v3,20260917,690,13,measure,1,small,sum_one,uniform,12,87381,317701,11,11,18208879310165819389,18208879310165819389,1
13,gcc-O3-v3,20260917,691,13,measure,2,branch,filter_copy,p100,65536,1,143173,11,11,6554,6554,1
13,gcc-O3-v3,20260917,692,13,measure,3,small,sum_one,uniform,768,1365,111427,11,11,6760326044614544011,6760326044614544011,1
13,gcc-O3-v3,20260917,693,13,measure,4,small,sum_one,uniform,128,8192,128484,11,11,17503531059042279424,17503531059042279424,1
13,gcc-O3-v3,20260917,694,13,measure,5,dependency,sum_one,uniform,65536,64,504405,11,11,1190735372877940864,1190735372877940864,1
13,gcc-O3-v3,20260917,695,13,measure,6,branch,filter_copy,p1000,65536,1,26745,11,11,65536,65536,1
13,gcc-O3-v3,20260917,696,13,measure,7,branch,sum_if,p500_sorted,65536,1,13114,11,11,2213941836433581612,2213941836433581612,1
13,gcc-O3-v3,20260917,697,13,measure,8,small,sum_one,uniform,8,131072,370696,11,11,11724155215337095168,11724155215337095168,1
13,gcc-O3-v3,20260917,698,13,measure,9,branch,sum_if,p100,65536,1,13144,11,11,3083979731501324985,3083979731501324985,1
13,gcc-O3-v3,20260917,699,13,measure,10,small,sum_one,uniform,4,262144,633119,11,11,6027757896494481408,6027757896494481408,1
13,gcc-O3-v3,20260917,700,13,measure,11,branch,sum_if,p250,65536,1,12981,11,11,75766260937212688,75766260937212688,1
13,gcc-O3-v3,20260917,701,13,measure,12,small,sum_one,uniform,96,10922,135807,11,11,1966801938065649448,1966801938065649448,1
13,gcc-O3-v3,20260917,702,13,measure,13,branch,filter_copy_mask,p750,65536,1,30836,11,11,49152,49152,1
13,gcc-O3-v3,20260917,703,13,measure,14,branch,filter_copy,p750,65536,1,280152,11,11,49152,49152,1
13,gcc-O3-v3,20260917,704,13,measure,15,branch,filter_copy_mask,p900,65536,1,29400,11,11,58982,58982,1
13,gcc-O3-v3,20260917,705,13,measure,16,branch,filter_copy,p500_alternating,65536,1,27671,11,11,32768,32768,1
13,gcc-O3-v3,20260917,706,13,measure,17,branch,filter_copy,p500_sorted,65536,1,27535,11,11,32768,32768,1
13,gcc-O3-v3,20260917,707,13,measure,18,branch,filter_copy_mask,p500,65536,1,29462,11,11,32768,32768,1
13,gcc-O3-v3,20260917,708,13,measure,19,branch,filter_copy_mask,p250,65536,1,28670,11,11,16384,16384,1
13,gcc-O3-v3,20260917,709,13,measure,20,small,sum_one,uniform,192,5461,195294,11,11,17901819518249685373,17901819518249685373,1
13,gcc-O3-v3,20260917,710,13,measure,21,dependency,sum_one_bis,uniform,65536,64,499094,11,11,1190735372877940864,1190735372877940864,1
13,gcc-O3-v3,20260917,711,13,measure,22,branch,filter_copy_mask,p100,65536,1,27837,11,11,6554,6554,1
13,gcc-O3-v3,20260917,712,13,measure,23,branch,sum_if,p750,65536,1,13050,11,11,14586442889165806448,14586442889165806448,1
13,gcc-O3-v3,20260917,713,13,measure,24,small,sum_one,uniform,384,2730,127379,11,11,5767785928059657782,5767785928059657782,1
13,gcc-O3-v3,20260917,714,13,measure,25,branch,filter_copy,p900,65536,1,143889,11,11,58982,58982,1
13,gcc-O3-v3,20260917,715,13,measure,26,small,sum_one,uniform,64,16384,151569,11,11,14815439244071927808,14815439244071927808,1
13,gcc-O3-v3,20260917,716,13,measure,27,small,sum_one,uniform,48,21845,210228,11,11,18173204259618227916,18173204259618227916,1
13,gcc-O3-v3,20260917,717,13,measure,28,small,sum_one,uniform,512,2048,118673,11,11,6127788314265579520,6127788314265579520,1
13,gcc-O3-v3,20260917,718,13,measure,29,branch,filter_copy,p250,65536,1,269176,11,11,16384,16384,1
13,gcc-O3-v3,20260917,719,13,measure,30,small,sum_one,uniform,1024,1024,111910,11,11,6113767114656410624,6113767114656410624,1
13,gcc-O3-v3,20260917,720,13,measure,31,branch,filter_copy,p000,65536,1,26407,11,11,0,0,1
13,gcc-O3-v3,20260917,721,13,measure,32,branch,sum_if,p1000,65536,1,15609,11,11,4485739283943968327,4485739283943968327,1
13,gcc-O3-v3,20260917,722,13,measure,33,small,sum_one,uniform,32,32768,197102,11,11,4730905112462327808,4730905112462327808,1
13,gcc-O3-v3,20260917,723,13,measure,34,branch,filter_copy_mask,p000,65536,1,27060,11,11,0,0,1
13,gcc-O3-v3,20260917,724,13,measure,35,branch,filter_copy,p500,65536,1,386046,11,11,32768,32768,1
13,gcc-O3-v3,20260917,725,13,measure,36,branch,filter_copy_mask,p500_sorted,65536,1,28438,11,11,32768,32768,1
13,gcc-O3-v3,20260917,726,13,measure,37,dependency,sum_four,uniform,65536,64,635208,11,11,1190735372877940864,1190735372877940864,1
13,gcc-O3-v3,20260917,727,13,measure,38,small,sum_one,uniform,6,174762,630502,11,11,4529353940760067638,4529353940760067638,1
13,gcc-O3-v3,20260917,728,13,measure,39,small,sum_one,uniform,1,1048576,3598714,11,11,8452580083670974464,8452580083670974464,1
13,gcc-O3-v3,20260917,729,13,measure,40,branch,filter_copy_mask,p1000,65536,1,28742,11,11,65536,65536,1
13,gcc-O3-v3,20260917,730,13,measure,41,branch,sum_if,p500,65536,1,15460,11,11,261284744287062128,261284744287062128,1
13,gcc-O3-v3,20260917,731,13,measure,42,dependency,sum_twice,uniform,65536,64,1005908,11,11,2381470745755881728,2381470745755881728,1
13,gcc-O3-v3,20260917,732,13,measure,43,small,sum_one,uniform,2,524288,2006669,11,11,14489530702789345280,14489530702789345280,1
13,gcc-O3-v3,20260917,733,13,measure,44,branch,sum_if,p900,65536,1,15374,11,11,1957202038211152021,1957202038211152021,1
13,gcc-O3-v3,20260917,734,13,measure,45,small,sum_one,uniform,3,349525,996616,11,11,9690214761957071044,9690214761957071044,1
13,gcc-O3-v3,20260917,735,13,measure,46,branch,sum_if,p500_alternating,65536,1,15635,11,11,4196774058536912234,4196774058536912234,1
13,gcc-O3-v3,20260917,736,13,measure,47,small,sum_one,uniform,24,43690,218963,11,11,5019437447312423050,5019437447312423050,1
13,gcc-O3-v3,20260917,737,13,measure,48,dependency,chain_xor_mul,uniform,65536,64,7022827,11,11,5299772668389481216,5299772668389481216,1
13,gcc-O3-v3,20260917,738,13,measure,49,branch,filter_copy_mask,p500_alternating,65536,1,29440,11,11,32768,32768,1
13,gcc-O3-v3,20260917,739,13,measure,50,small,sum_one,uniform,256,4096,161845,11,11,12471836693395644416,12471836693395644416,1
13,gcc-O3-v3,20260917,740,13,measure,51,branch,sum_if,p000,65536,1,13330,11,11,0,0,1
13,gcc-O3-v3,20260917,741,13,measure,52,dependency,split_xor_mul,uniform,65536,64,1314350,11,11,8310383708453772032,8310383708453772032,1
13,gcc-O3-v3,20260917,742,14,measure,0,branch,sum_if,p1000,65536,1,11111,11,11,4485739283943968327,4485739283943968327,1
13,gcc-O3-v3,20260917,743,14,measure,1,dependency,sum_one,uniform,65536,64,474160,11,11,1190735372877940864,1190735372877940864,1
13,gcc-O3-v3,20260917,744,14,measure,2,dependency,sum_four,uniform,65536,64,654700,11,11,1190735372877940864,1190735372877940864,1
13,gcc-O3-v3,20260917,745,14,measure,3,branch,filter_copy,p500_alternating,65536,1,26445,11,11,32768,32768,1
13,gcc-O3-v3,20260917,746,14,measure,4,dependency,sum_twice,uniform,65536,64,1004121,11,11,2381470745755881728,2381470745755881728,1
13,gcc-O3-v3,20260917,747,14,measure,5,small,sum_one,uniform,128,8192,128467,11,11,17503531059042279424,17503531059042279424,1
13,gcc-O3-v3,20260917,748,14,measure,6,small,sum_one,uniform,16,65536,279044,11,11,1403062601089810432,1403062601089810432,1
13,gcc-O3-v3,20260917,749,14,measure,7,branch,sum_if,p500,65536,1,13213,11,11,261284744287062128,261284744287062128,1
13,gcc-O3-v3,20260917,750,14,measure,8,small,sum_one,uniform,48,21845,210189,11,11,18173204259618227916,18173204259618227916,1
13,gcc-O3-v3,20260917,751,14,measure,9,small,sum_one,uniform,4,262144,634076,11,11,6027757896494481408,6027757896494481408,1
13,gcc-O3-v3,20260917,752,14,measure,10,small,sum_one,uniform,64,16384,151813,11,11,14815439244071927808,14815439244071927808,1
13,gcc-O3-v3,20260917,753,14,measure,11,small,sum_one,uniform,1024,1024,109541,11,11,6113767114656410624,6113767114656410624,1
13,gcc-O3-v3,20260917,754,14,measure,12,branch,filter_copy_mask,p500_alternating,65536,1,28509,11,11,32768,32768,1
13,gcc-O3-v3,20260917,755,14,measure,13,branch,filter_copy,p750,65536,1,270235,11,11,49152,49152,1
13,gcc-O3-v3,20260917,756,14,measure,14,small,sum_one,uniform,8,131072,370178,11,11,11724155215337095168,11724155215337095168,1
13,gcc-O3-v3,20260917,757,14,measure,15,branch,sum_if,p100,65536,1,13054,11,11,3083979731501324985,3083979731501324985,1
13,gcc-O3-v3,20260917,758,14,measure,16,branch,filter_copy,p100,65536,1,147239,11,11,6554,6554,1
13,gcc-O3-v3,20260917,759,14,measure,17,branch,filter_copy,p1000,65536,1,31727,11,11,65536,65536,1
13,gcc-O3-v3,20260917,760,14,measure,18,branch,filter_copy,p500,65536,1,386827,11,11,32768,32768,1
13,gcc-O3-v3,20260917,761,14,measure,19,branch,sum_if,p500_alternating,65536,1,15575,11,11,4196774058536912234,4196774058536912234,1
13,gcc-O3-v3,20260917,762,14,measure,20,branch,sum_if,p000,65536,1,12960,11,11,0,0,1
13,gcc-O3-v3,20260917,763,14,measure,21,branch,sum_if,p750,65536,1,13035,11,11,14586442889165806448,14586442889165806448,1
13,gcc-O3-v3,20260917,764,14,measure,22,branch,sum_if,p900,65536,1,13080,11,11,1957202038211152021,1957202038211152021,1
13,gcc-O3-v3,20260917,765,14,measure,23,small,sum_one,uniform,384,2730,127617,11,11,5767785928059657782,5767785928059657782,1
13,gcc-O3-v3,20260917,766,14,measure,24,branch,filter_copy_mask,p100,65536,1,27342,11,11,6554,6554,1
13,gcc-O3-v3,20260917,767,14,measure,25,small,sum_one,uniform,12,87381,315275,11,11,18208879310165819389,18208879310165819389,1
13,gcc-O3-v3,20260917,768,14,measure,26,small,sum_one,uniform,1,1048576,3463764,11,11,8452580083670974464,8452580083670974464,1
13,gcc-O3-v3,20260917,769,14,measure,27,small,sum_one,uniform,256,4096,142714,11,11,12471836693395644416,12471836693395644416,1
13,gcc-O3-v3,20260917,770,14,measure,28,branch,sum_if,p500_sorted,65536,1,13310,11,11,2213941836433581612,2213941836433581612,1
13,gcc-O3-v3,20260917,771,14,measure,29,branch,filter_copy_mask,p900,65536,1,30067,11,11,58982,58982,1
13,gcc-O3-v3,20260917,772,14,measure,30,small,sum_one,uniform,96,10922,135793,11,11,1966801938065649448,1966801938065649448,1
13,gcc-O3-v3,20260917,773,14,measure,31,branch,filter_copy,p500_sorted,65536,1,26775,11,11,32768,32768,1
13,gcc-O3-v3,20260917,774,14,measure,32,branch,filter_copy_mask,p500_sorted,65536,1,27219,11,11,32768,32768,1
13,gcc-O3-v3,20260917,775,14,measure,33,branch,filter_copy_mask,p750,65536,1,28254,11,11,49152,49152,1
13,gcc-O3-v3,20260917,776,14,measure,34,branch,filter_copy,p250,65536,1,276350,11,11,16384,16384,1
13,gcc-O3-v3,20260917,777,14,measure,35,small,sum_one,uniform,24,43690,224277,11,11,5019437447312423050,5019437447312423050,1
13,gcc-O3-v3,20260917,778,14,measure,36,branch,sum_if,p250,65536,1,13281,11,11,75766260937212688,75766260937212688,1
13,gcc-O3-v3,20260917,779,14,measure,37,small,sum_one,uniform,32,32768,197166,11,11,4730905112462327808,4730905112462327808,1
13,gcc-O3-v3,20260917,780,14,measure,38,small,sum_one,uniform,192,5461,178294,11,11,17901819518249685373,17901819518249685373,1
13,gcc-O3-v3,20260917,781,14,measure,39,small,sum_one,uniform,6,174762,635773,11,11,4529353940760067638,4529353940760067638,1
13,gcc-O3-v3,20260917,782,14,measure,40,dependency,sum_one_bis,uniform,65536,64,500798,11,11,1190735372877940864,1190735372877940864,1
13,gcc-O3-v3,20260917,783,14,measure,41,branch,filter_copy,p900,65536,1,142646,11,11,58982,58982,1
13,gcc-O3-v3,20260917,784,14,measure,42,branch,filter_copy_mask,p500,65536,1,30200,11,11,32768,32768,1
13,gcc-O3-v3,20260917,785,14,measure,43,dependency,chain_xor_mul,uniform,65536,64,6886148,11,11,5299772668389481216,5299772668389481216,1
13,gcc-O3-v3,20260917,786,14,measure,44,branch,filter_copy,p000,65536,1,26404,11,11,0,0,1
13,gcc-O3-v3,20260917,787,14,measure,45,branch,filter_copy_mask,p000,65536,1,27042,11,11,0,0,1
13,gcc-O3-v3,20260917,788,14,measure,46,dependency,split_xor_mul,uniform,65536,64,1263295,11,11,8310383708453772032,8310383708453772032,1
13,gcc-O3-v3,20260917,789,14,measure,47,small,sum_one,uniform,2,524288,1890443,11,11,14489530702789345280,14489530702789345280,1
13,gcc-O3-v3,20260917,790,14,measure,48,branch,filter_copy_mask,p250,65536,1,28225,11,11,16384,16384,1
13,gcc-O3-v3,20260917,791,14,measure,49,small,sum_one,uniform,3,349525,1010667,11,11,9690214761957071044,9690214761957071044,1
13,gcc-O3-v3,20260917,792,14,measure,50,branch,filter_copy_mask,p1000,65536,1,28849,11,11,65536,65536,1
13,gcc-O3-v3,20260917,793,14,measure,51,small,sum_one,uniform,512,2048,122624,11,11,6127788314265579520,6127788314265579520,1
13,gcc-O3-v3,20260917,794,14,measure,52,small,sum_one,uniform,768,1365,114411,11,11,6760326044614544011,6760326044614544011,1
13,gcc-O3-v3,20260917,795,15,measure,0,small,sum_one,uniform,128,8192,131411,11,11,17503531059042279424,17503531059042279424,1
13,gcc-O3-v3,20260917,796,15,measure,1,small,sum_one,uniform,3,349525,1120834,11,11,9690214761957071044,9690214761957071044,1
13,gcc-O3-v3,20260917,797,15,measure,2,branch,sum_if,p500_sorted,65536,1,21959,11,11,2213941836433581612,2213941836433581612,1
13,gcc-O3-v3,20260917,798,15,measure,3,branch,filter_copy,p000,65536,1,26406,11,11,0,0,1
13,gcc-O3-v3,20260917,799,15,measure,4,branch,filter_copy,p500_sorted,65536,1,26551,11,11,32768,32768,1
13,gcc-O3-v3,20260917,800,15,measure,5,branch,sum_if,p100,65536,1,13044,11,11,3083979731501324985,3083979731501324985,1
13,gcc-O3-v3,20260917,801,15,measure,6,branch,filter_copy_mask,p750,65536,1,28693,11,11,49152,49152,1
13,gcc-O3-v3,20260917,802,15,measure,7,branch,filter_copy,p750,65536,1,283313,11,11,49152,49152,1
13,gcc-O3-v3,20260917,803,15,measure,8,branch,filter_copy_mask,p1000,65536,1,27469,11,11,65536,65536,1
13,gcc-O3-v3,20260917,804,15,measure,9,dependency,sum_twice,uniform,65536,64,1050038,11,11,2381470745755881728,2381470745755881728,1
13,gcc-O3-v3,20260917,805,15,measure,10,branch,filter_copy_mask,p100,65536,1,33511,11,11,6554,6554,1
13,gcc-O3-v3,20260917,806,15,measure,11,dependency,chain_xor_mul,uniform,65536,64,6750177,11,11,5299772668389481216,5299772668389481216,1
13,gcc-O3-v3,20260917,807,15,measure,12,branch,sum_if,p000,65536,1,13806,11,11,0,0,1
13,gcc-O3-v3,20260917,808,15,measure,13,branch,filter_copy_mask,p900,65536,1,27923,11,11,58982,58982,1
13,gcc-O3-v3,20260917,809,15,measure,14,small,sum_one,uniform,384,2730,127426,11,11,5767785928059657782,5767785928059657782,1
13,gcc-O3-v3,20260917,810,15,measure,15,small,sum_one,uniform,4,262144,633605,11,11,6027757896494481408,6027757896494481408,1
13,gcc-O3-v3,20260917,811,15,measure,16,small,sum_one,uniform,32,32768,198266,11,11,4730905112462327808,4730905112462327808,1
13,gcc-O3-v3,20260917,812,15,measure,17,branch,filter_copy,p1000,65536,1,26504,11,11,65536,65536,1
13,gcc-O3-v3,20260917,813,15,measure,18,dependency,sum_four,uniform,65536,64,633751,11,11,1190735372877940864,1190735372877940864,1
13,gcc-O3-v3,20260917,814,15,measure,19,small,sum_one,uniform,12,87381,317932,11,11,18208879310165819389,18208879310165819389,1
13,gcc-O3-v3,20260917,815,15,measure,20,branch,sum_if,p900,65536,1,13263,11,11,1957202038211152021,1957202038211152021,1
13,gcc-O3-v3,20260917,816,15,measure,21,branch,filter_copy_mask,p500_alternating,65536,1,28286,11,11,32768,32768,1
13,gcc-O3-v3,20260917,817,15,measure,22,small,sum_one,uniform,1024,1024,109369,11,11,6113767114656410624,6113767114656410624,1
13,gcc-O3-v3,20260917,818,15,measure,23,branch,sum_if,p1000,65536,1,13078,11,11,4485739283943968327,4485739283943968327,1
13,gcc-O3-v3,20260917,819,15,measure,24,branch,filter_copy,p500,65536,1,371781,11,11,32768,32768,1
13,gcc-O3-v3,20260917,820,15,measure,25,small,sum_one,uniform,768,1365,117762,11,11,6760326044614544011,6760326044614544011,1
13,gcc-O3-v3,20260917,821,15,measure,26,branch,sum_if,p750,65536,1,13059,11,11,14586442889165806448,14586442889165806448,1
13,gcc-O3-v3,20260917,822,15,measure,27,small,sum_one,uniform,16,65536,275896,11,11,1403062601089810432,1403062601089810432,1
13,gcc-O3-v3,20260917,823,15,measure,28,branch,filter_copy_mask,p000,65536,1,27379,11,11,0,0,1
13,gcc-O3-v3,20260917,824,15,measure,29,small,sum_one,uniform,96,10922,136162,11,11,1966801938065649448,1966801938065649448,1
13,gcc-O3-v3,20260917,825,15,measure,30,small,sum_one,uniform,512,2048,118559,11,11,6127788314265579520,6127788314265579520,1
13,gcc-O3-v3,20260917,826,15,measure,31,branch,filter_copy,p250,65536,1,277111,11,11,16384,16384,1
13,gcc-O3-v3,20260917,827,15,measure,32,branch,sum_if,p500_alternating,65536,1,13047,11,11,4196774058536912234,4196774058536912234,1
13,gcc-O3-v3,20260917,828,15,measure,33,small,sum_one,uniform,8,131072,367791,11,11,11724155215337095168,11724155215337095168,1
13,gcc-O3-v3,20260917,829,15,measure,34,small,sum_one,uniform,64,16384,151554,11,11,14815439244071927808,14815439244071927808,1
13,gcc-O3-v3,20260917,830,15,measure,35,branch,filter_copy_mask,p250,65536,1,33534,11,11,16384,16384,1
13,gcc-O3-v3,20260917,831,15,measure,36,dependency,split_xor_mul,uniform,65536,64,1325197,11,11,8310383708453772032,8310383708453772032,1
13,gcc-O3-v3,20260917,832,15,measure,37,branch,sum_if,p250,65536,1,12040,11,11,75766260937212688,75766260937212688,1
13,gcc-O3-v3,20260917,833,15,measure,38,branch,sum_if,p500,65536,1,11163,11,11,261284744287062128,261284744287062128,1
13,gcc-O3-v3,20260917,834,15,measure,39,dependency,sum_one_bis,uniform,65536,64,498002,11,11,1190735372877940864,1190735372877940864,1
13,gcc-O3-v3,20260917,835,15,measure,40,branch,filter_copy_mask,p500,65536,1,34584,11,11,32768,32768,1
13,gcc-O3-v3,20260917,836,15,measure,41,dependency,sum_one,uniform,65536,64,540291,11,11,1190735372877940864,1190735372877940864,1
13,gcc-O3-v3,20260917,837,15,measure,42,branch,filter_copy_mask,p500_sorted,65536,1,27265,11,11,32768,32768,1
13,gcc-O3-v3,20260917,838,15,measure,43,small,sum_one,uniform,2,524288,1703842,11,11,14489530702789345280,14489530702789345280,1
13,gcc-O3-v3,20260917,839,15,measure,44,branch,filter_copy,p100,65536,1,145526,11,11,6554,6554,1
13,gcc-O3-v3,20260917,840,15,measure,45,small,sum_one,uniform,48,21845,210259,11,11,18173204259618227916,18173204259618227916,1
13,gcc-O3-v3,20260917,841,15,measure,46,small,sum_one,uniform,192,5461,172798,11,11,17901819518249685373,17901819518249685373,1
13,gcc-O3-v3,20260917,842,15,measure,47,small,sum_one,uniform,1,1048576,3556734,11,11,8452580083670974464,8452580083670974464,1
13,gcc-O3-v3,20260917,843,15,measure,48,branch,filter_copy,p900,65536,1,144627,11,11,58982,58982,1
13,gcc-O3-v3,20260917,844,15,measure,49,branch,filter_copy,p500_alternating,65536,1,26611,11,11,32768,32768,1
13,gcc-O3-v3,20260917,845,15,measure,50,small,sum_one,uniform,24,43690,219017,11,11,5019437447312423050,5019437447312423050,1
13,gcc-O3-v3,20260917,846,15,measure,51,small,sum_one,uniform,256,4096,138647,11,11,12471836693395644416,12471836693395644416,1
13,gcc-O3-v3,20260917,847,15,measure,52,small,sum_one,uniform,6,174762,637738,11,11,4529353940760067638,4529353940760067638,1
13,gcc-O3-v3,20260917,848,16,measure,0,small,sum_one,uniform,8,131072,367810,11,11,11724155215337095168,11724155215337095168,1
13,gcc-O3-v3,20260917,849,16,measure,1,dependency,sum_one_bis,uniform,65536,64,506594,11,11,1190735372877940864,1190735372877940864,1
13,gcc-O3-v3,20260917,850,16,measure,2,branch,sum_if,p750,65536,1,21952,11,11,14586442889165806448,14586442889165806448,1
13,gcc-O3-v3,20260917,851,16,measure,3,dependency,chain_xor_mul,uniform,65536,64,6795961,11,11,5299772668389481216,5299772668389481216,1
13,gcc-O3-v3,20260917,852,16,measure,4,branch,filter_copy_mask,p000,65536,1,27269,11,11,0,0,1
13,gcc-O3-v3,20260917,853,16,measure,5,small,sum_one,uniform,1,1048576,3672308,11,11,8452580083670974464,8452580083670974464,1
13,gcc-O3-v3,20260917,854,16,measure,6,small,sum_one,uniform,48,21845,213176,11,11,18173204259618227916,18173204259618227916,1
13,gcc-O3-v3,20260917,855,16,measure,7,branch,filter_copy,p900,65536,1,147322,11,11,58982,58982,1
13,gcc-O3-v3,20260917,856,16,measure,8,branch,sum_if,p900,65536,1,13244,11,11,1957202038211152021,1957202038211152021,1
13,gcc-O3-v3,20260917,857,16,measure,9,branch,sum_if,p250,65536,1,13102,11,11,75766260937212688,75766260937212688,1
13,gcc-O3-v3,20260917,858,16,measure,10,small,sum_one,uniform,2,524288,1795309,11,11,14489530702789345280,14489530702789345280,1
13,gcc-O3-v3,20260917,859,16,measure,11,branch,sum_if,p100,65536,1,15614,11,11,3083979731501324985,3083979731501324985,1
13,gcc-O3-v3,20260917,860,16,measure,12,small,sum_one,uniform,12,87381,317794,11,11,18208879310165819389,18208879310165819389,1
13,gcc-O3-v3,20260917,861,16,measure,13,branch,filter_copy_mask,p500_alternating,65536,1,27294,11,11,32768,32768,1
13,gcc-O3-v3,20260917,862,16,measure,14,dependency,sum_four,uniform,65536,64,636258,11,11,1190735372877940864,1190735372877940864,1
13,gcc-O3-v3,20260917,863,16,measure,15,branch,sum_if,p500_sorted,65536,1,17774,11,11,2213941836433581612,2213941836433581612,1
13,gcc-O3-v3,20260917,864,16,measure,16,dependency,sum_one,uniform,65536,64,504239,11,11,1190735372877940864,1190735372877940864,1
13,gcc-O3-v3,20260917,865,16,measure,17,small,sum_one,uniform,3,349525,1035327,11,11,9690214761957071044,9690214761957071044,1
13,gcc-O3-v3,20260917,866,16,measure,18,small,sum_one,uniform,4,262144,651557,11,11,6027757896494481408,6027757896494481408,1
13,gcc-O3-v3,20260917,867,16,measure,19,small,sum_one,uniform,128,8192,128546,11,11,17503531059042279424,17503531059042279424,1
13,gcc-O3-v3,20260917,868,16,measure,20,branch,sum_if,p1000,65536,1,13101,11,11,4485739283943968327,4485739283943968327,1
13,gcc-O3-v3,20260917,869,16,measure,21,small,sum_one,uniform,96,10922,135799,11,11,1966801938065649448,1966801938065649448,1
13,gcc-O3-v3,20260917,870,16,measure,22,branch,filter_copy,p500_alternating,65536,1,35791,11,11,32768,32768,1
13,gcc-O3-v3,20260917,871,16,measure,23,small,sum_one,uniform,384,2730,135074,11,11,5767785928059657782,5767785928059657782,1
13,gcc-O3-v3,20260917,872,16,measure,24,branch,filter_copy,p750,65536,1,260412,11,11,49152,49152,1
13,gcc-O3-v3,20260917,873,16,measure,25,branch,filter_copy_mask,p1000,65536,1,28763,11,11,65536,65536,1
13,gcc-O3-v3,20260917,874,16,measure,26,branch,filter_copy,p1000,65536,1,101223,11,11,65536,65536,1
13,gcc-O3-v3,20260917,875,16,measure,27,dependency,sum_twice,uniform,65536,64,1116200,11,11,2381470745755881728,2381470745755881728,1
13,gcc-O3-v3,20260917,876,16,measure,28,branch,filter_copy_mask,p900,65536,1,27771,11,11,58982,58982,1
13,gcc-O3-v3,20260917,877,16,measure,29,branch,filter_copy,p250,65536,1,285847,11,11,16384,16384,1
13,gcc-O3-v3,20260917,878,16,measure,30,small,sum_one,uniform,16,65536,329800,11,11,1403062601089810432,1403062601089810432,1
13,gcc-O3-v3,20260917,879,16,measure,31,dependency,split_xor_mul,uniform,65536,64,1426522,11,11,8310383708453772032,8310383708453772032,1
13,gcc-O3-v3,20260917,880,16,measure,32,branch,filter_copy,p100,65536,1,150082,11,11,6554,6554,1
13,gcc-O3-v3,20260917,881,16,measure,33,small,sum_one,uniform,64,16384,151921,11,11,14815439244071927808,14815439244071927808,1
13,gcc-O3-v3,20260917,882,16,measure,34,branch,filter_copy_mask,p500,65536,1,28233,11,11,32768,32768,1
13,gcc-O3-v3,20260917,883,16,measure,35,branch,filter_copy_mask,p100,65536,1,27357,11,11,6554,6554,1
13,gcc-O3-v3,20260917,884,16,measure,36,branch,filter_copy_mask,p250,65536,1,27765,11,11,16384,16384,1
13,gcc-O3-v3,20260917,885,16,measure,37,small,sum_one,uniform,32,32768,197164,11,11,4730905112462327808,4730905112462327808,1
13,gcc-O3-v3,20260917,886,16,measure,38,branch,sum_if,p500,65536,1,13114,11,11,261284744287062128,261284744287062128,1
13,gcc-O3-v3,20260917,887,16,measure,39,small,sum_one,uniform,512,2048,118859,11,11,6127788314265579520,6127788314265579520,1
13,gcc-O3-v3,20260917,888,16,measure,40,small,sum_one,uniform,24,43690,218960,11,11,5019437447312423050,5019437447312423050,1
13,gcc-O3-v3,20260917,889,16,measure,41,branch,filter_copy,p000,65536,1,26366,11,11,0,0,1
13,gcc-O3-v3,20260917,890,16,measure,42,branch,filter_copy,p500,65536,1,370125,11,11,32768,32768,1
13,gcc-O3-v3,20260917,891,16,measure,43,small,sum_one,uniform,1024,1024,109720,11,11,6113767114656410624,6113767114656410624,1
13,gcc-O3-v3,20260917,892,16,measure,44,branch,sum_if,p000,65536,1,13088,11,11,0,0,1
13,gcc-O3-v3,20260917,893,16,measure,45,branch,filter_copy_mask,p500_sorted,65536,1,27232,11,11,32768,32768,1
13,gcc-O3-v3,20260917,894,16,measure,46,branch,filter_copy,p500_sorted,65536,1,26494,11,11,32768,32768,1
13,gcc-O3-v3,20260917,895,16,measure,47,branch,filter_copy_mask,p750,65536,1,28581,11,11,49152,49152,1
13,gcc-O3-v3,20260917,896,16,measure,48,small,sum_one,uniform,768,1365,114584,11,11,6760326044614544011,6760326044614544011,1
13,gcc-O3-v3,20260917,897,16,measure,49,small,sum_one,uniform,192,5461,193004,11,11,17901819518249685373,17901819518249685373,1
13,gcc-O3-v3,20260917,898,16,measure,50,branch,sum_if,p500_alternating,65536,1,13009,11,11,4196774058536912234,4196774058536912234,1
13,gcc-O3-v3,20260917,899,16,measure,51,small,sum_one,uniform,256,4096,158948,11,11,12471836693395644416,12471836693395644416,1
13,gcc-O3-v3,20260917,900,16,measure,52,small,sum_one,uniform,6,174762,632935,11,11,4529353940760067638,4529353940760067638,1
13,gcc-O3-v3,20260917,901,17,measure,0,small,sum_one,uniform,256,4096,138707,11,11,12471836693395644416,12471836693395644416,1
13,gcc-O3-v3,20260917,902,17,measure,1,dependency,split_xor_mul,uniform,65536,64,1304392,11,11,8310383708453772032,8310383708453772032,1
13,gcc-O3-v3,20260917,903,17,measure,2,small,sum_one,uniform,6,174762,632727,11,11,4529353940760067638,4529353940760067638,1
13,gcc-O3-v3,20260917,904,17,measure,3,branch,filter_copy_mask,p1000,65536,1,28698,11,11,65536,65536,1
13,gcc-O3-v3,20260917,905,17,measure,4,branch,sum_if,p500_alternating,65536,1,13592,11,11,4196774058536912234,4196774058536912234,1
13,gcc-O3-v3,20260917,906,17,measure,5,branch,filter_copy_mask,p100,65536,1,28523,11,11,6554,6554,1
13,gcc-O3-v3,20260917,907,17,measure,6,small,sum_one,uniform,24,43690,228112,11,11,5019437447312423050,5019437447312423050,1
13,gcc-O3-v3,20260917,908,17,measure,7,branch,filter_copy,p500,65536,1,390544,11,11,32768,32768,1
13,gcc-O3-v3,20260917,909,17,measure,8,branch,filter_copy,p750,65536,1,284417,11,11,49152,49152,1
13,gcc-O3-v3,20260917,910,17,measure,9,branch,filter_copy,p900,65536,1,147419,11,11,58982,58982,1
13,gcc-O3-v3,20260917,911,17,measure,10,branch,filter_copy_mask,p250,65536,1,28993,11,11,16384,16384,1
13,gcc-O3-v3,20260917,912,17,measure,11,small,sum_one,uniform,128,8192,133574,11,11,17503531059042279424,17503531059042279424,1
13,gcc-O3-v3,20260917,913,17,measure,12,branch,sum_if,p000,65536,1,13576,11,11,0,0,1
13,gcc-O3-v3,20260917,914,17,measure,13,small,sum_one,uniform,3,349525,1145099,11,11,9690214761957071044,9690214761957071044,1
13,gcc-O3-v3,20260917,915,17,measure,14,branch,filter_copy_mask,p500,65536,1,29944,11,11,32768,32768,1
13,gcc-O3-v3,20260917,916,17,measure,15,branch,filter_copy_mask,p900,65536,1,29228,11,11,58982,58982,1
13,gcc-O3-v3,20260917,917,17,measure,16,small,sum_one,uniform,32,32768,205349,11,11,4730905112462327808,4730905112462327808,1
13,gcc-O3-v3,20260917,918,17,measure,17,small,sum_one,uniform,768,1365,116148,11,11,6760326044614544011,6760326044614544011,1
13,gcc-O3-v3,20260917,919,17,measure,18,small,sum_one,uniform,384,2730,128254,11,11,5767785928059657782,5767785928059657782,1
13,gcc-O3-v3,20260917,920,17,measure,19,small,sum_one,uniform,512,2048,123793,11,11,6127788314265579520,6127788314265579520,1
13,gcc-O3-v3,20260917,921,17,measure,20,branch,sum_if,p1000,65536,1,13589,11,11,4485739283943968327,4485739283943968327,1
13,gcc-O3-v3,20260917,922,17,measure,21,small,sum_one,uniform,64,16384,157954,11,11,14815439244071927808,14815439244071927808,1
13,gcc-O3-v3,20260917,923,17,measure,22,small,sum_one,uniform,1024,1024,114125,11,11,6113767114656410624,6113767114656410624,1
13,gcc-O3-v3,20260917,924,17,measure,23,small,sum_one,uniform,1,1048576,3573442,11,11,8452580083670974464,8452580083670974464,1
13,gcc-O3-v3,20260917,925,17,measure,24,small,sum_one,uniform,8,131072,423501,11,11,11724155215337095168,11724155215337095168,1
13,gcc-O3-v3,20260917,926,17,measure,25,branch,filter_copy_mask,p000,65536,1,27268,11,11,0,0,1
13,gcc-O3-v3,20260917,927,17,measure,26,branch,sum_if,p750,65536,1,13235,11,11,14586442889165806448,14586442889165806448,1
13,gcc-O3-v3,20260917,928,17,measure,27,small,sum_one,uniform,12,87381,315606,11,11,18208879310165819389,18208879310165819389,1
13,gcc-O3-v3,20260917,929,17,measure,28,small,sum_one,uniform,2,524288,1687302,11,11,14489530702789345280,14489530702789345280,1
13,gcc-O3-v3,20260917,930,17,measure,29,small,sum_one,uniform,96,10922,135913,11,11,1966801938065649448,1966801938065649448,1
13,gcc-O3-v3,20260917,931,17,measure,30,branch,filter_copy_mask,p750,65536,1,30753,11,11,49152,49152,1
13,gcc-O3-v3,20260917,932,17,measure,31,branch,sum_if,p250,65536,1,13304,11,11,75766260937212688,75766260937212688,1
13,gcc-O3-v3,20260917,933,17,measure,32,branch,filter_copy,p1000,65536,1,26817,11,11,65536,65536,1
13,gcc-O3-v3,20260917,934,17,measure,33,small,sum_one,uniform,4,262144,633990,11,11,6027757896494481408,6027757896494481408,1
13,gcc-O3-v3,20260917,935,17,measure,34,small,sum_one,uniform,48,21845,214598,11,11,18173204259618227916,18173204259618227916,1
13,gcc-O3-v3,20260917,936,17,measure,35,branch,filter_copy_mask,p500_alternating,65536,1,28133,11,11,32768,32768,1
13,gcc-O3-v3,20260917,937,17,measure,36,branch,sum_if,p500,65536,1,13004,11,11,261284744287062128,261284744287062128,1
13,gcc-O3-v3,20260917,938,17,measure,37,branch,filter_copy_mask,p500_sorted,65536,1,27294,11,11,32768,32768,1
13,gcc-O3-v3,20260917,939,17,measure,38,branch,filter_copy,p500_alternating,65536,1,26415,11,11,32768,32768,1
13,gcc-O3-v3,20260917,940,17,measure,39,branch,filter_copy,p250,65536,1,277295,11,11,16384,16384,1
13,gcc-O3-v3,20260917,941,17,measure,40,branch,sum_if,p900,65536,1,13307,11,11,1957202038211152021,1957202038211152021,1
13,gcc-O3-v3,20260917,942,17,measure,41,dependency,chain_xor_mul,uniform,65536,64,6750741,11,11,5299772668389481216,5299772668389481216,1
13,gcc-O3-v3,20260917,943,17,measure,42,branch,sum_if,p100,65536,1,13488,11,11,3083979731501324985,3083979731501324985,1
13,gcc-O3-v3,20260917,944,17,measure,43,dependency,sum_twice,uniform,65536,64,1004193,11,11,2381470745755881728,2381470745755881728,1
13,gcc-O3-v3,20260917,945,17,measure,44,dependency,sum_one,uniform,65536,64,506885,11,11,1190735372877940864,1190735372877940864,1
13,gcc-O3-v3,20260917,946,17,measure,45,branch,filter_copy,p500_sorted,65536,1,26908,11,11,32768,32768,1
13,gcc-O3-v3,20260917,947,17,measure,46,branch,filter_copy,p000,65536,1,26330,11,11,0,0,1
13,gcc-O3-v3,20260917,948,17,measure,47,dependency,sum_one_bis,uniform,65536,64,502289,11,11,1190735372877940864,1190735372877940864,1
13,gcc-O3-v3,20260917,949,17,measure,48,small,sum_one,uniform,16,65536,275896,11,11,1403062601089810432,1403062601089810432,1
13,gcc-O3-v3,20260917,950,17,measure,49,dependency,sum_four,uniform,65536,64,632412,11,11,1190735372877940864,1190735372877940864,1
13,gcc-O3-v3,20260917,951,17,measure,50,branch,filter_copy,p100,65536,1,145135,11,11,6554,6554,1
13,gcc-O3-v3,20260917,952,17,measure,51,small,sum_one,uniform,192,5461,160731,11,11,17901819518249685373,17901819518249685373,1
13,gcc-O3-v3,20260917,953,17,measure,52,branch,sum_if,p500_sorted,65536,1,12998,11,11,2213941836433581612,2213941836433581612,1
13,gcc-O3-v3,20260917,954,18,measure,0,small,sum_one,uniform,8,131072,370693,11,11,11724155215337095168,11724155215337095168,1
13,gcc-O3-v3,20260917,955,18,measure,1,small,sum_one,uniform,16,65536,276870,11,11,1403062601089810432,1403062601089810432,1
13,gcc-O3-v3,20260917,956,18,measure,2,branch,filter_copy,p900,65536,1,142775,11,11,58982,58982,1
13,gcc-O3-v3,20260917,957,18,measure,3,dependency,sum_twice,uniform,65536,64,1001813,11,11,2381470745755881728,2381470745755881728,1
13,gcc-O3-v3,20260917,958,18,measure,4,small,sum_one,uniform,32,32768,197130,11,11,4730905112462327808,4730905112462327808,1
13,gcc-O3-v3,20260917,959,18,measure,5,branch,sum_if,p900,65536,1,13066,11,11,1957202038211152021,1957202038211152021,1
13,gcc-O3-v3,20260917,960,18,measure,6,branch,filter_copy_mask,p1000,65536,1,28004,11,11,65536,65536,1
13,gcc-O3-v3,20260917,961,18,measure,7,branch,sum_if,p250,65536,1,13264,11,11,75766260937212688,75766260937212688,1
13,gcc-O3-v3,20260917,962,18,measure,8,small,sum_one,uniform,512,2048,122719,11,11,6127788314265579520,6127788314265579520,1
13,gcc-O3-v3,20260917,963,18,measure,9,dependency,sum_one,uniform,65536,64,499647,11,11,1190735372877940864,1190735372877940864,1
13,gcc-O3-v3,20260917,964,18,measure,10,branch,filter_copy,p250,65536,1,268601,11,11,16384,16384,1
13,gcc-O3-v3,20260917,965,18,measure,11,dependency,chain_xor_mul,uniform,65536,64,6825952,11,11,5299772668389481216,5299772668389481216,1
13,gcc-O3-v3,20260917,966,18,measure,12,small,sum_one,uniform,256,4096,140416,11,11,12471836693395644416,12471836693395644416,1
13,gcc-O3-v3,20260917,967,18,measure,13,small,sum_one,uniform,48,21845,214315,11,11,18173204259618227916,18173204259618227916,1
13,gcc-O3-v3,20260917,968,18,measure,14,small,sum_one,uniform,1024,1024,109317,11,11,6113767114656410624,6113767114656410624,1
13,gcc-O3-v3,20260917,969,18,measure,15,branch,sum_if,p000,65536,1,13138,11,11,0,0,1
13,gcc-O3-v3,20260917,970,18,measure,16,branch,filter_copy_mask,p900,65536,1,27741,11,11,58982,58982,1
13,gcc-O3-v3,20260917,971,18,measure,17,small,sum_one,uniform,384,2730,127925,11,11,5767785928059657782,5767785928059657782,1
13,gcc-O3-v3,20260917,972,18,measure,18,branch,sum_if,p100,65536,1,13087,11,11,3083979731501324985,3083979731501324985,1
13,gcc-O3-v3,20260917,973,18,measure,19,branch,filter_copy,p500,65536,1,371697,11,11,32768,32768,1
13,gcc-O3-v3,20260917,974,18,measure,20,branch,filter_copy,p500_sorted,65536,1,27667,11,11,32768,32768,1
13,gcc-O3-v3,20260917,975,18,measure,21,small,sum_one,uniform,768,1365,116874,11,11,6760326044614544011,6760326044614544011,1
13,gcc-O3-v3,20260917,976,18,measure,22,small,sum_one,uniform,6,174762,584878,11,11,4529353940760067638,4529353940760067638,1
13,gcc-O3-v3,20260917,977,18,measure,23,branch,sum_if,p1000,65536,1,13049,11,11,4485739283943968327,4485739283943968327,1
13,gcc-O3-v3,20260917,978,18,measure,24,dependency,sum_one_bis,uniform,65536,64,504048,11,11,1190735372877940864,1190735372877940864,1
13,gcc-O3-v3,20260917,979,18,measure,25,branch,filter_copy_mask,p100,65536,1,27382,11,11,6554,6554,1
13,gcc-O3-v3,20260917,980,18,measure,26,small,sum_one,uniform,192,5461,193031,11,11,17901819518249685373,17901819518249685373,1
13,gcc-O3-v3,20260917,981,18,measure,27,branch,filter_copy_mask,p500_alternating,65536,1,27463,11,11,32768,32768,1
13,gcc-O3-v3,20260917,982,18,measure,28,small,sum_one,uniform,1,1048576,3552275,11,11,8452580083670974464,8452580083670974464,1
13,gcc-O3-v3,20260917,983,18,measure,29,branch,filter_copy,p750,65536,1,276122,11,11,49152,49152,1
13,gcc-O3-v3,20260917,984,18,measure,30,branch,filter_copy,p100,65536,1,159267,11,11,6554,6554,1
13,gcc-O3-v3,20260917,985,18,measure,31,branch,filter_copy_mask,p000,65536,1,28378,11,11,0,0,1
13,gcc-O3-v3,20260917,986,18,measure,32,small,sum_one,uniform,3,349525,998440,11,11,9690214761957071044,9690214761957071044,1
13,gcc-O3-v3,20260917,987,18,measure,33,branch,filter_copy_mask,p500,65536,1,29385,11,11,32768,32768,1
13,gcc-O3-v3,20260917,988,18,measure,34,small,sum_one,uniform,64,16384,155826,11,11,14815439244071927808,14815439244071927808,1
13,gcc-O3-v3,20260917,989,18,measure,35,small,sum_one,uniform,12,87381,315273,11,11,18208879310165819389,18208879310165819389,1
13,gcc-O3-v3,20260917,990,18,measure,36,branch,sum_if,p500,65536,1,13669,11,11,261284744287062128,261284744287062128,1
13,gcc-O3-v3,20260917,991,18,measure,37,branch,sum_if,p750,65536,1,13054,11,11,14586442889165806448,14586442889165806448,1
13,gcc-O3-v3,20260917,992,18,measure,38,small,sum_one,uniform,4,262144,633152,11,11,6027757896494481408,6027757896494481408,1
13,gcc-O3-v3,20260917,993,18,measure,39,branch,sum_if,p500_alternating,65536,1,13040,11,11,4196774058536912234,4196774058536912234,1
13,gcc-O3-v3,20260917,994,18,measure,40,branch,filter_copy_mask,p750,65536,1,28055,11,11,49152,49152,1
13,gcc-O3-v3,20260917,995,18,measure,41,dependency,split_xor_mul,uniform,65536,64,1295559,11,11,8310383708453772032,8310383708453772032,1
13,gcc-O3-v3,20260917,996,18,measure,42,dependency,sum_four,uniform,65536,64,634637,11,11,1190735372877940864,1190735372877940864,1
13,gcc-O3-v3,20260917,997,18,measure,43,small,sum_one,uniform,128,8192,133492,11,11,17503531059042279424,17503531059042279424,1
13,gcc-O3-v3,20260917,998,18,measure,44,branch,filter_copy_mask,p250,65536,1,29146,11,11,16384,16384,1
13,gcc-O3-v3,20260917,999,18,measure,45,branch,filter_copy_mask,p500_sorted,65536,1,28055,11,11,32768,32768,1
13,gcc-O3-v3,20260917,1000,18,measure,46,small,sum_one,uniform,24,43690,228147,11,11,5019437447312423050,5019437447312423050,1
13,gcc-O3-v3,20260917,1001,18,measure,47,branch,filter_copy,p1000,65536,1,27843,11,11,65536,65536,1
13,gcc-O3-v3,20260917,1002,18,measure,48,branch,filter_copy,p500_alternating,65536,1,27552,11,11,32768,32768,1
13,gcc-O3-v3,20260917,1003,18,measure,49,branch,filter_copy,p000,65536,1,27510,11,11,0,0,1
13,gcc-O3-v3,20260917,1004,18,measure,50,small,sum_one,uniform,2,524288,1918459,11,11,14489530702789345280,14489530702789345280,1
13,gcc-O3-v3,20260917,1005,18,measure,51,small,sum_one,uniform,96,10922,142117,11,11,1966801938065649448,1966801938065649448,1
13,gcc-O3-v3,20260917,1006,18,measure,52,branch,sum_if,p500_sorted,65536,1,13564,11,11,2213941836433581612,2213941836433581612,1
13,gcc-O3-v3,20260917,1007,19,measure,0,small,sum_one,uniform,8,131072,437958,11,11,11724155215337095168,11724155215337095168,1
13,gcc-O3-v3,20260917,1008,19,measure,1,branch,sum_if,p750,65536,1,13600,11,11,14586442889165806448,14586442889165806448,1
13,gcc-O3-v3,20260917,1009,19,measure,2,branch,sum_if,p900,65536,1,13647,11,11,1957202038211152021,1957202038211152021,1
13,gcc-O3-v3,20260917,1010,19,measure,3,branch,filter_copy,p250,65536,1,276991,11,11,16384,16384,1
13,gcc-O3-v3,20260917,1011,19,measure,4,small,sum_one,uniform,48,21845,219019,11,11,18173204259618227916,18173204259618227916,1
13,gcc-O3-v3,20260917,1012,19,measure,5,small,sum_one,uniform,192,5461,173202,11,11,17901819518249685373,17901819518249685373,1
13,gcc-O3-v3,20260917,1013,19,measure,6,small,sum_one,uniform,32,32768,205348,11,11,4730905112462327808,4730905112462327808,1
13,gcc-O3-v3,20260917,1014,19,measure,7,dependency,sum_twice,uniform,65536,64,1046835,11,11,2381470745755881728,2381470745755881728,1
13,gcc-O3-v3,20260917,1015,19,measure,8,small,sum_one,uniform,16,65536,289825,11,11,1403062601089810432,1403062601089810432,1
13,gcc-O3-v3,20260917,1016,19,measure,9,small,sum_one,uniform,768,1365,115887,11,11,6760326044614544011,6760326044614544011,1
13,gcc-O3-v3,20260917,1017,19,measure,10,branch,sum_if,p1000,65536,1,13590,11,11,4485739283943968327,4485739283943968327,1
13,gcc-O3-v3,20260917,1018,19,measure,11,small,sum_one,uniform,2,524288,1856460,11,11,14489530702789345280,14489530702789345280,1
13,gcc-O3-v3,20260917,1019,19,measure,12,branch,filter_copy_mask,p000,65536,1,28285,11,11,0,0,1
13,gcc-O3-v3,20260917,1020,19,measure,13,small,sum_one,uniform,96,10922,142108,11,11,1966801938065649448,1966801938065649448,1
13,gcc-O3-v3,20260917,1021,19,measure,14,branch,filter_copy,p500_alternating,65536,1,27823,11,11,32768,32768,1
13,gcc-O3-v3,20260917,1022,19,measure,15,branch,filter_copy_mask,p750,65536,1,29610,11,11,49152,49152,1
13,gcc-O3-v3,20260917,1023,19,measure,16,branch,filter_copy_mask,p500_sorted,65536,1,28229,11,11,32768,32768,1
13,gcc-O3-v3,20260917,1024,19,measure,17,small,sum_one,uniform,64,16384,157937,11,11,14815439244071927808,14815439244071927808,1
13,gcc-O3-v3,20260917,1025,19,measure,18,branch,sum_if,p500,65536,1,13844,11,11,261284744287062128,261284744287062128,1
13,gcc-O3-v3,20260917,1026,19,measure,19,dependency,sum_one,uniform,65536,64,519510,11,11,1190735372877940864,1190735372877940864,1
13,gcc-O3-v3,20260917,1027,19,measure,20,branch,filter_copy,p100,65536,1,148381,11,11,6554,6554,1
13,gcc-O3-v3,20260917,1028,19,measure,21,branch,sum_if,p100,65536,1,13701,11,11,3083979731501324985,3083979731501324985,1
13,gcc-O3-v3,20260917,1029,19,measure,22,branch,filter_copy,p000,65536,1,30260,11,11,0,0,1
13,gcc-O3-v3,20260917,1030,19,measure,23,dependency,split_xor_mul,uniform,65536,64,1225006,11,11,8310383708453772032,8310383708453772032,1
13,gcc-O3-v3,20260917,1031,19,measure,24,branch,sum_if,p500_alternating,65536,1,11197,11,11,4196774058536912234,4196774058536912234,1
13,gcc-O3-v3,20260917,1032,19,measure,25,small,sum_one,uniform,12,87381,319753,11,11,18208879310165819389,18208879310165819389,1
13,gcc-O3-v3,20260917,1033,19,measure,26,branch,filter_copy,p750,65536,1,279688,11,11,49152,49152,1
13,gcc-O3-v3,20260917,1034,19,measure,27,small,sum_one,uniform,3,349525,1148479,11,11,9690214761957071044,9690214761957071044,1
13,gcc-O3-v3,20260917,1035,19,measure,28,branch,filter_copy_mask,p250,65536,1,29174,11,11,16384,16384,1
13,gcc-O3-v3,20260917,1036,19,measure,29,dependency,sum_one_bis,uniform,65536,64,525447,11,11,1190735372877940864,1190735372877940864,1
13,gcc-O3-v3,20260917,1037,19,measure,30,branch,sum_if,p250,65536,1,13683,11,11,75766260937212688,75766260937212688,1
13,gcc-O3-v3,20260917,1038,19,measure,31,small,sum_one,uniform,512,2048,127710,11,11,6127788314265579520,6127788314265579520,1
13,gcc-O3-v3,20260917,1039,19,measure,32,small,sum_one,uniform,6,174762,661415,11,11,4529353940760067638,4529353940760067638,1
13,gcc-O3-v3,20260917,1040,19,measure,33,branch,filter_copy,p500_sorted,65536,1,27856,11,11,32768,32768,1
13,gcc-O3-v3,20260917,1041,19,measure,34,branch,filter_copy,p900,65536,1,147037,11,11,58982,58982,1
13,gcc-O3-v3,20260917,1042,19,measure,35,branch,filter_copy,p1000,65536,1,27617,11,11,65536,65536,1
13,gcc-O3-v3,20260917,1043,19,measure,36,branch,filter_copy_mask,p900,65536,1,29449,11,11,58982,58982,1
13,gcc-O3-v3,20260917,1044,19,measure,37,small,sum_one,uniform,384,2730,132808,11,11,5767785928059657782,5767785928059657782,1
13,gcc-O3-v3,20260917,1045,19,measure,38,dependency,chain_xor_mul,uniform,65536,64,6821694,11,11,5299772668389481216,5299772668389481216,1
13,gcc-O3-v3,20260917,1046,19,measure,39,small,sum_one,uniform,128,8192,128559,11,11,17503531059042279424,17503531059042279424,1
13,gcc-O3-v3,20260917,1047,19,measure,40,small,sum_one,uniform,1,1048576,3486726,11,11,8452580083670974464,8452580083670974464,1
13,gcc-O3-v3,20260917,1048,19,measure,41,small,sum_one,uniform,4,262144,632933,11,11,6027757896494481408,6027757896494481408,1
13,gcc-O3-v3,20260917,1049,19,measure,42,branch,filter_copy_mask,p100,65536,1,27434,11,11,6554,6554,1
13,gcc-O3-v3,20260917,1050,19,measure,43,branch,filter_copy,p500,65536,1,385678,11,11,32768,32768,1
13,gcc-O3-v3,20260917,1051,19,measure,44,dependency,sum_four,uniform,65536,64,634592,11,11,1190735372877940864,1190735372877940864,1
13,gcc-O3-v3,20260917,1052,19,measure,45,branch,filter_copy_mask,p1000,65536,1,27843,11,11,65536,65536,1
13,gcc-O3-v3,20260917,1053,19,measure,46,branch,sum_if,p000,65536,1,15539,11,11,0,0,1
13,gcc-O3-v3,20260917,1054,19,measure,47,branch,sum_if,p500_sorted,65536,1,13251,11,11,2213941836433581612,2213941836433581612,1
13,gcc-O3-v3,20260917,1055,19,measure,48,branch,filter_copy_mask,p500,65536,1,28044,11,11,32768,32768,1
13,gcc-O3-v3,20260917,1056,19,measure,49,small,sum_one,uniform,256,4096,161278,11,11,12471836693395644416,12471836693395644416,1
13,gcc-O3-v3,20260917,1057,19,measure,50,small,sum_one,uniform,24,43690,218947,11,11,5019437447312423050,5019437447312423050,1
13,gcc-O3-v3,20260917,1058,19,measure,51,small,sum_one,uniform,1024,1024,112198,11,11,6113767114656410624,6113767114656410624,1
13,gcc-O3-v3,20260917,1059,19,measure,52,branch,filter_copy_mask,p500_alternating,65536,1,27688,11,11,32768,32768,1
13,gcc-O3-v3,20260917,1060,20,measure,0,branch,filter_copy,p900,65536,1,142139,11,11,58982,58982,1
13,gcc-O3-v3,20260917,1061,20,measure,1,small,sum_one,uniform,12,87381,315264,11,11,18208879310165819389,18208879310165819389,1
13,gcc-O3-v3,20260917,1062,20,measure,2,branch,sum_if,p250,65536,1,13137,11,11,75766260937212688,75766260937212688,1
13,gcc-O3-v3,20260917,1063,20,measure,3,dependency,chain_xor_mul,uniform,65536,64,6824191,11,11,5299772668389481216,5299772668389481216,1
13,gcc-O3-v3,20260917,1064,20,measure,4,branch,filter_copy_mask,p750,65536,1,28684,11,11,49152,49152,1
13,gcc-O3-v3,20260917,1065,20,measure,5,small,sum_one,uniform,4,262144,686307,11,11,6027757896494481408,6027757896494481408,1
13,gcc-O3-v3,20260917,1066,20,measure,6,small,sum_one,uniform,192,5461,165832,11,11,17901819518249685373,17901819518249685373,1
13,gcc-O3-v3,20260917,1067,20,measure,7,small,sum_one,uniform,48,21845,210181,11,11,18173204259618227916,18173204259618227916,1
13,gcc-O3-v3,20260917,1068,20,measure,8,branch,filter_copy_mask,p500,65536,1,31133,11,11,32768,32768,1
13,gcc-O3-v3,20260917,1069,20,measure,9,branch,sum_if,p100,65536,1,15569,11,11,3083979731501324985,3083979731501324985,1
13,gcc-O3-v3,20260917,1070,20,measure,10,small,sum_one,uniform,512,2048,118720,11,11,6127788314265579520,6127788314265579520,1
13,gcc-O3-v3,20260917,1071,20,measure,11,small,sum_one,uniform,16,65536,278065,11,11,1403062601089810432,1403062601089810432,1
13,gcc-O3-v3,20260917,1072,20,measure,12,dependency,sum_one,uniform,65536,64,503963,11,11,1190735372877940864,1190735372877940864,1
13,gcc-O3-v3,20260917,1073,20,measure,13,branch,sum_if,p500_alternating,65536,1,13021,11,11,4196774058536912234,4196774058536912234,1
13,gcc-O3-v3,20260917,1074,20,measure,14,small,sum_one,uniform,32,32768,197088,11,11,4730905112462327808,4730905112462327808,1
13,gcc-O3-v3,20260917,1075,20,measure,15,small,sum_one,uniform,128,8192,128156,11,11,17503531059042279424,17503531059042279424,1
13,gcc-O3-v3,20260917,1076,20,measure,16,dependency,sum_four,uniform,65536,64,632333,11,11,1190735372877940864,1190735372877940864,1
13,gcc-O3-v3,20260917,1077,20,measure,17,branch,filter_copy_mask,p100,65536,1,27687,11,11,6554,6554,1
13,gcc-O3-v3,20260917,1078,20,measure,18,branch,sum_if,p500_sorted,65536,1,13121,11,11,2213941836433581612,2213941836433581612,1
13,gcc-O3-v3,20260917,1079,20,measure,19,branch,filter_copy,p750,65536,1,263534,11,11,49152,49152,1
13,gcc-O3-v3,20260917,1080,20,measure,20,small,sum_one,uniform,96,10922,140826,11,11,1966801938065649448,1966801938065649448,1
13,gcc-O3-v3,20260917,1081,20,measure,21,dependency,split_xor_mul,uniform,65536,64,1355263,11,11,8310383708453772032,8310383708453772032,1
13,gcc-O3-v3,20260917,1082,20,measure,22,branch,filter_copy_mask,p000,65536,1,27118,11,11,0,0,1
13,gcc-O3-v3,20260917,1083,20,measure,23,small,sum_one,uniform,24,43690,295355,11,11,5019437447312423050,5019437447312423050,1
13,gcc-O3-v3,20260917,1084,20,measure,24,branch,filter_copy,p250,65536,1,266998,11,11,16384,16384,1
13,gcc-O3-v3,20260917,1085,20,measure,25,small,sum_one,uniform,768,1365,117062,11,11,6760326044614544011,6760326044614544011,1
13,gcc-O3-v3,20260917,1086,20,measure,26,branch,filter_copy,p500,65536,1,369165,11,11,32768,32768,1
13,gcc-O3-v3,20260917,1087,20,measure,27,branch,filter_copy_mask,p900,65536,1,28194,11,11,58982,58982,1
13,gcc-O3-v3,20260917,1088,20,measure,28,branch,filter_copy,p500_alternating,65536,1,33954,11,11,32768,32768,1
13,gcc-O3-v3,20260917,1089,20,measure,29,small,sum_one,uniform,3,349525,987814,11,11,9690214761957071044,9690214761957071044,1
13,gcc-O3-v3,20260917,1090,20,measure,30,branch,filter_copy,p100,65536,1,146620,11,11,6554,6554,1
13,gcc-O3-v3,20260917,1091,20,measure,31,dependency,sum_twice,uniform,65536,64,998895,11,11,2381470745755881728,2381470745755881728,1
13,gcc-O3-v3,20260917,1092,20,measure,32,branch,sum_if,p500,65536,1,13259,11,11,261284744287062128,261284744287062128,1
13,gcc-O3-v3,20260917,1093,20,measure,33,small,sum_one,uniform,6,174762,679278,11,11,4529353940760067638,4529353940760067638,1
13,gcc-O3-v3,20260917,1094,20,measure,34,small,sum_one,uniform,1,1048576,3790847,11,11,8452580083670974464,8452580083670974464,1
13,gcc-O3-v3,20260917,1095,20,measure,35,branch,filter_copy,p1000,65536,1,27013,11,11,65536,65536,1
13,gcc-O3-v3,20260917,1096,20,measure,36,branch,filter_copy_mask,p500_sorted,65536,1,27124,11,11,32768,32768,1
13,gcc-O3-v3,20260917,1097,20,measure,37,small,sum_one,uniform,8,131072,368454,11,11,11724155215337095168,11724155215337095168,1
13,gcc-O3-v3,20260917,1098,20,measure,38,branch,filter_copy_mask,p250,65536,1,27872,11,11,16384,16384,1
13,gcc-O3-v3,20260917,1099,20,measure,39,dependency,sum_one_bis,uniform,65536,64,499105,11,11,1190735372877940864,1190735372877940864,1
13,gcc-O3-v3,20260917,1100,20,measure,40,branch,sum_if,p1000,65536,1,13047,11,11,4485739283943968327,4485739283943968327,1
13,gcc-O3-v3,20260917,1101,20,measure,41,small,sum_one,uniform,2,524288,1917236,11,11,14489530702789345280,14489530702789345280,1
13,gcc-O3-v3,20260917,1102,20,measure,42,branch,sum_if,p750,65536,1,13052,11,11,14586442889165806448,14586442889165806448,1
13,gcc-O3-v3,20260917,1103,20,measure,43,branch,filter_copy,p500_sorted,65536,1,26790,11,11,32768,32768,1
13,gcc-O3-v3,20260917,1104,20,measure,44,small,sum_one,uniform,64,16384,151561,11,11,14815439244071927808,14815439244071927808,1
13,gcc-O3-v3,20260917,1105,20,measure,45,branch,filter_copy,p000,65536,1,26351,11,11,0,0,1
13,gcc-O3-v3,20260917,1106,20,measure,46,small,sum_one,uniform,1024,1024,116104,11,11,6113767114656410624,6113767114656410624,1
13,gcc-O3-v3,20260917,1107,20,measure,47,small,sum_one,uniform,256,4096,158925,11,11,12471836693395644416,12471836693395644416,1
13,gcc-O3-v3,20260917,1108,20,measure,48,branch,sum_if,p900,65536,1,13082,11,11,1957202038211152021,1957202038211152021,1
13,gcc-O3-v3,20260917,1109,20,measure,49,branch,sum_if,p000,65536,1,13088,11,11,0,0,1
13,gcc-O3-v3,20260917,1110,20,measure,50,branch,filter_copy_mask,p1000,65536,1,27932,11,11,65536,65536,1
13,gcc-O3-v3,20260917,1111,20,measure,51,branch,filter_copy_mask,p500_alternating,65536,1,27927,11,11,32768,32768,1
13,gcc-O3-v3,20260917,1112,20,measure,52,small,sum_one,uniform,384,2730,127421,11,11,5767785928059657782,5767785928059657782,1
