run_id,build,seed,sample,round,phase,position,part,label,dataset,n,calls,elapsed_ns,cpu_before,cpu_after,result,expected,output_ok
31,gcc-O3-v3,20260917,0,0,warmup,0,small,sum_one,uniform,64,16384,151636,11,11,14815439244071927808,14815439244071927808,1
31,gcc-O3-v3,20260917,1,0,warmup,1,small,sum_one,uniform,12,87381,315271,11,11,18208879310165819389,18208879310165819389,1
31,gcc-O3-v3,20260917,2,0,warmup,2,dependency,sum_one_bis,uniform,65536,64,504317,11,11,1190735372877940864,1190735372877940864,1
31,gcc-O3-v3,20260917,3,0,warmup,3,branch,sum_if,p100,65536,1,13209,11,11,3083979731501324985,3083979731501324985,1
31,gcc-O3-v3,20260917,4,0,warmup,4,small,sum_one,uniform,4,262144,640584,11,11,6027757896494481408,6027757896494481408,1
31,gcc-O3-v3,20260917,5,0,warmup,5,small,sum_one,uniform,1,1048576,4273363,11,11,8452580083670974464,8452580083670974464,1
31,gcc-O3-v3,20260917,6,0,warmup,6,small,sum_one,uniform,2,524288,1777502,11,11,14489530702789345280,14489530702789345280,1
31,gcc-O3-v3,20260917,7,0,warmup,7,branch,filter_copy,p000,65536,1,27530,11,11,0,0,1
31,gcc-O3-v3,20260917,8,0,warmup,8,small,sum_one,uniform,96,10922,141372,11,11,1966801938065649448,1966801938065649448,1
31,gcc-O3-v3,20260917,9,0,warmup,9,small,sum_one,uniform,1024,1024,109880,11,11,6113767114656410624,6113767114656410624,1
31,gcc-O3-v3,20260917,10,0,warmup,10,branch,sum_if,p750,65536,1,13221,11,11,14586442889165806448,14586442889165806448,1
31,gcc-O3-v3,20260917,11,0,warmup,11,small,sum_one,uniform,256,4096,140796,11,11,12471836693395644416,12471836693395644416,1
31,gcc-O3-v3,20260917,12,0,warmup,12,branch,filter_copy_mask,p500,65536,1,28773,11,11,32768,32768,1
31,gcc-O3-v3,20260917,13,0,warmup,13,small,sum_one,uniform,8,131072,370280,11,11,11724155215337095168,11724155215337095168,1
31,gcc-O3-v3,20260917,14,0,warmup,14,branch,filter_copy,p100,65536,1,144014,11,11,6554,6554,1
31,gcc-O3-v3,20260917,15,0,warmup,15,small,sum_one,uniform,512,2048,119042,11,11,6127788314265579520,6127788314265579520,1
31,gcc-O3-v3,20260917,16,0,warmup,16,branch,filter_copy,p500_sorted,65536,1,26605,11,11,32768,32768,1
31,gcc-O3-v3,20260917,17,0,warmup,17,branch,filter_copy_mask,p000,65536,1,27157,11,11,0,0,1
31,gcc-O3-v3,20260917,18,0,warmup,18,branch,sum_if,p900,65536,1,15659,11,11,1957202038211152021,1957202038211152021,1
31,gcc-O3-v3,20260917,19,0,warmup,19,branch,filter_copy_mask,p500_sorted,65536,1,27690,11,11,32768,32768,1
31,gcc-O3-v3,20260917,20,0,warmup,20,dependency,chain_xor_mul,uniform,65536,64,6999829,11,11,5299772668389481216,5299772668389481216,1
31,gcc-O3-v3,20260917,21,0,warmup,21,branch,sum_if,p500_alternating,65536,1,15374,11,11,4196774058536912234,4196774058536912234,1
31,gcc-O3-v3,20260917,22,0,warmup,22,small,sum_one,uniform,384,2730,124936,11,11,5767785928059657782,5767785928059657782,1
31,gcc-O3-v3,20260917,23,0,warmup,23,branch,sum_if,p250,65536,1,13791,11,11,75766260937212688,75766260937212688,1
31,gcc-O3-v3,20260917,24,0,warmup,24,branch,sum_if,p1000,65536,1,13332,11,11,4485739283943968327,4485739283943968327,1
31,gcc-O3-v3,20260917,25,0,warmup,25,small,sum_one,uniform,128,8192,128132,11,11,17503531059042279424,17503531059042279424,1
31,gcc-O3-v3,20260917,26,0,warmup,26,small,sum_one,uniform,24,43690,233854,11,11,5019437447312423050,5019437447312423050,1
31,gcc-O3-v3,20260917,27,0,warmup,27,branch,filter_copy_mask,p500_alternating,65536,1,41665,11,11,32768,32768,1
31,gcc-O3-v3,20260917,28,0,warmup,28,small,sum_one,uniform,768,1365,132917,11,11,6760326044614544011,6760326044614544011,1
31,gcc-O3-v3,20260917,29,0,warmup,29,small,sum_one,uniform,6,174762,750875,11,11,4529353940760067638,4529353940760067638,1
31,gcc-O3-v3,20260917,30,0,warmup,30,dependency,sum_one,uniform,65536,64,648612,11,11,1190735372877940864,1190735372877940864,1
31,gcc-O3-v3,20260917,31,0,warmup,31,dependency,sum_twice,uniform,65536,64,1025247,11,11,2381470745755881728,2381470745755881728,1
31,gcc-O3-v3,20260917,32,0,warmup,32,small,sum_one,uniform,32,32768,201137,11,11,4730905112462327808,4730905112462327808,1
31,gcc-O3-v3,20260917,33,0,warmup,33,branch,filter_copy,p900,65536,1,136596,11,11,58982,58982,1
31,gcc-O3-v3,20260917,34,0,warmup,34,dependency,sum_four,uniform,65536,64,647916,11,11,1190735372877940864,1190735372877940864,1
31,gcc-O3-v3,20260917,35,0,warmup,35,branch,filter_copy_mask,p100,65536,1,27303,11,11,6554,6554,1
31,gcc-O3-v3,20260917,36,0,warmup,36,branch,sum_if,p500_sorted,65536,1,13447,11,11,2213941836433581612,2213941836433581612,1
31,gcc-O3-v3,20260917,37,0,warmup,37,branch,filter_copy_mask,p250,65536,1,27165,11,11,16384,16384,1
31,gcc-O3-v3,20260917,38,0,warmup,38,branch,filter_copy,p500,65536,1,397621,11,11,32768,32768,1
31,gcc-O3-v3,20260917,39,0,warmup,39,small,sum_one,uniform,16,65536,281451,11,11,1403062601089810432,1403062601089810432,1
31,gcc-O3-v3,20260917,40,0,warmup,40,branch,filter_copy_mask,p750,65536,1,29227,11,11,49152,49152,1
31,gcc-O3-v3,20260917,41,0,warmup,41,small,sum_one,uniform,3,349525,1149046,11,11,9690214761957071044,9690214761957071044,1
31,gcc-O3-v3,20260917,42,0,warmup,42,branch,filter_copy,p750,65536,1,268546,11,11,49152,49152,1
31,gcc-O3-v3,20260917,43,0,warmup,43,branch,filter_copy_mask,p1000,65536,1,36043,11,11,65536,65536,1
31,gcc-O3-v3,20260917,44,0,warmup,44,branch,filter_copy,p500_alternating,65536,1,30188,11,11,32768,32768,1
31,gcc-O3-v3,20260917,45,0,warmup,45,branch,sum_if,p500,65536,1,13163,11,11,261284744287062128,261284744287062128,1
31,gcc-O3-v3,20260917,46,0,warmup,46,branch,filter_copy,p1000,65536,1,27689,11,11,65536,65536,1
31,gcc-O3-v3,20260917,47,0,warmup,47,small,sum_one,uniform,192,5461,193665,11,11,17901819518249685373,17901819518249685373,1
31,gcc-O3-v3,20260917,48,0,warmup,48,branch,filter_copy_mask,p900,65536,1,27151,11,11,58982,58982,1
31,gcc-O3-v3,20260917,49,0,warmup,49,small,sum_one,uniform,48,21845,210253,11,11,18173204259618227916,18173204259618227916,1
31,gcc-O3-v3,20260917,50,0,warmup,50,dependency,split_xor_mul,uniform,65536,64,1313847,11,11,8310383708453772032,8310383708453772032,1
31,gcc-O3-v3,20260917,51,0,warmup,51,branch,filter_copy,p250,65536,1,277838,11,11,16384,16384,1
31,gcc-O3-v3,20260917,52,0,warmup,52,branch,sum_if,p000,65536,1,13280,11,11,0,0,1
31,gcc-O3-v3,20260917,53,1,measure,0,branch,filter_copy_mask,p500,65536,1,27765,11,11,32768,32768,1
31,gcc-O3-v3,20260917,54,1,measure,1,branch,sum_if,p250,65536,1,13296,11,11,75766260937212688,75766260937212688,1
31,gcc-O3-v3,20260917,55,1,measure,2,small,sum_one,uniform,6,174762,494112,11,11,4529353940760067638,4529353940760067638,1
31,gcc-O3-v3,20260917,56,1,measure,3,branch,filter_copy,p250,65536,1,270021,11,11,16384,16384,1
31,gcc-O3-v3,20260917,57,1,measure,4,small,sum_one,uniform,384,2730,123377,11,11,5767785928059657782,5767785928059657782,1
31,gcc-O3-v3,20260917,58,1,measure,5,dependency,sum_twice,uniform,65536,64,1003569,11,11,2381470745755881728,2381470745755881728,1
31,gcc-O3-v3,20260917,59,1,measure,6,small,sum_one,uniform,24,43690,218979,11,11,5019437447312423050,5019437447312423050,1
31,gcc-O3-v3,20260917,60,1,measure,7,branch,sum_if,p500_alternating,65536,1,13146,11,11,4196774058536912234,4196774058536912234,1
31,gcc-O3-v3,20260917,61,1,measure,8,small,sum_one,uniform,3,349525,1125069,11,11,9690214761957071044,9690214761957071044,1
31,gcc-O3-v3,20260917,62,1,measure,9,small,sum_one,uniform,768,1365,111322,11,11,6760326044614544011,6760326044614544011,1
31,gcc-O3-v3,20260917,63,1,measure,10,branch,filter_copy,p500_alternating,65536,1,26542,11,11,32768,32768,1
31,gcc-O3-v3,20260917,64,1,measure,11,dependency,split_xor_mul,uniform,65536,64,1307798,11,11,8310383708453772032,8310383708453772032,1
31,gcc-O3-v3,20260917,65,1,measure,12,branch,filter_copy,p900,65536,1,135954,11,11,58982,58982,1
31,gcc-O3-v3,20260917,66,1,measure,13,small,sum_one,uniform,12,87381,318325,11,11,18208879310165819389,18208879310165819389,1
31,gcc-O3-v3,20260917,67,1,measure,14,small,sum_one,uniform,1024,1024,105380,11,11,6113767114656410624,6113767114656410624,1
31,gcc-O3-v3,20260917,68,1,measure,15,branch,filter_copy_mask,p900,65536,1,27382,11,11,58982,58982,1
31,gcc-O3-v3,20260917,69,1,measure,16,branch,sum_if,p750,65536,1,13285,11,11,14586442889165806448,14586442889165806448,1
31,gcc-O3-v3,20260917,70,1,measure,17,small,sum_one,uniform,2,524288,1685791,11,11,14489530702789345280,14489530702789345280,1
31,gcc-O3-v3,20260917,71,1,measure,18,branch,filter_copy,p500_sorted,65536,1,26577,11,11,32768,32768,1
31,gcc-O3-v3,20260917,72,1,measure,19,branch,filter_copy,p100,65536,1,144361,11,11,6554,6554,1
31,gcc-O3-v3,20260917,73,1,measure,20,branch,filter_copy_mask,p500_alternating,65536,1,27935,11,11,32768,32768,1
31,gcc-O3-v3,20260917,74,1,measure,21,branch,filter_copy,p500,65536,1,367923,11,11,32768,32768,1
31,gcc-O3-v3,20260917,75,1,measure,22,branch,filter_copy,p750,65536,1,270220,11,11,49152,49152,1
31,gcc-O3-v3,20260917,76,1,measure,23,branch,sum_if,p900,65536,1,13261,11,11,1957202038211152021,1957202038211152021,1
31,gcc-O3-v3,20260917,77,1,measure,24,dependency,sum_one_bis,uniform,65536,64,499750,11,11,1190735372877940864,1190735372877940864,1
31,gcc-O3-v3,20260917,78,1,measure,25,branch,sum_if,p100,65536,1,13039,11,11,3083979731501324985,3083979731501324985,1
31,gcc-O3-v3,20260917,79,1,measure,26,branch,sum_if,p000,65536,1,13041,11,11,0,0,1
31,gcc-O3-v3,20260917,80,1,measure,27,dependency,sum_four,uniform,65536,64,635520,11,11,1190735372877940864,1190735372877940864,1
31,gcc-O3-v3,20260917,81,1,measure,28,dependency,sum_one,uniform,65536,64,499289,11,11,1190735372877940864,1190735372877940864,1
31,gcc-O3-v3,20260917,82,1,measure,29,branch,filter_copy_mask,p750,65536,1,28265,11,11,49152,49152,1
31,gcc-O3-v3,20260917,83,1,measure,30,branch,sum_if,p500,65536,1,13100,11,11,261284744287062128,261284744287062128,1
31,gcc-O3-v3,20260917,84,1,measure,31,small,sum_one,uniform,192,5461,160439,11,11,17901819518249685373,17901819518249685373,1
31,gcc-O3-v3,20260917,85,1,measure,32,small,sum_one,uniform,48,21845,210206,11,11,18173204259618227916,18173204259618227916,1
31,gcc-O3-v3,20260917,86,1,measure,33,small,sum_one,uniform,64,16384,151895,11,11,14815439244071927808,14815439244071927808,1
31,gcc-O3-v3,20260917,87,1,measure,34,small,sum_one,uniform,4,262144,633623,11,11,6027757896494481408,6027757896494481408,1
31,gcc-O3-v3,20260917,88,1,measure,35,branch,filter_copy_mask,p100,65536,1,27364,11,11,6554,6554,1
31,gcc-O3-v3,20260917,89,1,measure,36,branch,filter_copy_mask,p500_sorted,65536,1,27160,11,11,32768,32768,1
31,gcc-O3-v3,20260917,90,1,measure,37,branch,sum_if,p1000,65536,1,13019,11,11,4485739283943968327,4485739283943968327,1
31,gcc-O3-v3,20260917,91,1,measure,38,small,sum_one,uniform,8,131072,367821,11,11,11724155215337095168,11724155215337095168,1
31,gcc-O3-v3,20260917,92,1,measure,39,small,sum_one,uniform,128,8192,131925,11,11,17503531059042279424,17503531059042279424,1
31,gcc-O3-v3,20260917,93,1,measure,40,small,sum_one,uniform,32,32768,197173,11,11,4730905112462327808,4730905112462327808,1
31,gcc-O3-v3,20260917,94,1,measure,41,small,sum_one,uniform,1,1048576,3565420,11,11,8452580083670974464,8452580083670974464,1
31,gcc-O3-v3,20260917,95,1,measure,42,branch,filter_copy_mask,p250,65536,1,28479,11,11,16384,16384,1
31,gcc-O3-v3,20260917,96,1,measure,43,branch,filter_copy,p000,65536,1,27582,11,11,0,0,1
31,gcc-O3-v3,20260917,97,1,measure,44,dependency,chain_xor_mul,uniform,65536,64,6768607,11,11,5299772668389481216,5299772668389481216,1
31,gcc-O3-v3,20260917,98,1,measure,45,branch,sum_if,p500_sorted,65536,1,25909,11,11,2213941836433581612,2213941836433581612,1
31,gcc-O3-v3,20260917,99,1,measure,46,branch,filter_copy,p1000,65536,1,55275,11,11,65536,65536,1
31,gcc-O3-v3,20260917,100,1,measure,47,branch,filter_copy_mask,p1000,65536,1,28403,11,11,65536,65536,1
31,gcc-O3-v3,20260917,101,1,measure,48,small,sum_one,uniform,96,10922,144311,11,11,1966801938065649448,1966801938065649448,1
31,gcc-O3-v3,20260917,102,1,measure,49,branch,filter_copy_mask,p000,65536,1,27356,11,11,0,0,1
31,gcc-O3-v3,20260917,103,1,measure,50,small,sum_one,uniform,512,2048,122735,11,11,6127788314265579520,6127788314265579520,1
31,gcc-O3-v3,20260917,104,1,measure,51,small,sum_one,uniform,256,4096,159092,11,11,12471836693395644416,12471836693395644416,1
31,gcc-O3-v3,20260917,105,1,measure,52,small,sum_one,uniform,16,65536,275835,11,11,1403062601089810432,1403062601089810432,1
31,gcc-O3-v3,20260917,106,2,measure,0,small,sum_one,uniform,48,21845,214885,11,11,18173204259618227916,18173204259618227916,1
31,gcc-O3-v3,20260917,107,2,measure,1,branch,filter_copy_mask,p500_alternating,65536,1,28174,11,11,32768,32768,1
31,gcc-O3-v3,20260917,108,2,measure,2,branch,filter_copy,p1000,65536,1,26579,11,11,65536,65536,1
31,gcc-O3-v3,20260917,109,2,measure,3,small,sum_one,uniform,16,65536,279278,11,11,1403062601089810432,1403062601089810432,1
31,gcc-O3-v3,20260917,110,2,measure,4,small,sum_one,uniform,1,1048576,4325001,11,11,8452580083670974464,8452580083670974464,1
31,gcc-O3-v3,20260917,111,2,measure,5,branch,sum_if,p000,65536,1,15637,11,11,0,0,1
31,gcc-O3-v3,20260917,112,2,measure,6,branch,sum_if,p1000,65536,1,13042,11,11,4485739283943968327,4485739283943968327,1
31,gcc-O3-v3,20260917,113,2,measure,7,branch,filter_copy_mask,p500,65536,1,27687,11,11,32768,32768,1
31,gcc-O3-v3,20260917,114,2,measure,8,branch,sum_if,p250,65536,1,15470,11,11,75766260937212688,75766260937212688,1
31,gcc-O3-v3,20260917,115,2,measure,9,dependency,split_xor_mul,uniform,65536,64,1268122,11,11,8310383708453772032,8310383708453772032,1
31,gcc-O3-v3,20260917,116,2,measure,10,small,sum_one,uniform,2,524288,2108277,11,11,14489530702789345280,14489530702789345280,1
31,gcc-O3-v3,20260917,117,2,measure,11,small,sum_one,uniform,768,1365,111385,11,11,6760326044614544011,6760326044614544011,1
31,gcc-O3-v3,20260917,118,2,measure,12,small,sum_one,uniform,12,87381,318347,11,11,18208879310165819389,18208879310165819389,1
31,gcc-O3-v3,20260917,119,2,measure,13,branch,filter_copy,p500,65536,1,373496,11,11,32768,32768,1
31,gcc-O3-v3,20260917,120,2,measure,14,small,sum_one,uniform,6,174762,523208,11,11,4529353940760067638,4529353940760067638,1
31,gcc-O3-v3,20260917,121,2,measure,15,branch,filter_copy_mask,p000,65536,1,27454,11,11,0,0,1
31,gcc-O3-v3,20260917,122,2,measure,16,small,sum_one,uniform,64,16384,151870,11,11,14815439244071927808,14815439244071927808,1
31,gcc-O3-v3,20260917,123,2,measure,17,small,sum_one,uniform,1024,1024,109729,11,11,6113767114656410624,6113767114656410624,1
31,gcc-O3-v3,20260917,124,2,measure,18,dependency,sum_one_bis,uniform,65536,64,498594,11,11,1190735372877940864,1190735372877940864,1
31,gcc-O3-v3,20260917,125,2,measure,19,branch,filter_copy_mask,p100,65536,1,27052,11,11,6554,6554,1
31,gcc-O3-v3,20260917,126,2,measure,20,branch,sum_if,p100,65536,1,13276,11,11,3083979731501324985,3083979731501324985,1
31,gcc-O3-v3,20260917,127,2,measure,21,branch,filter_copy_mask,p1000,65536,1,43316,11,11,65536,65536,1
31,gcc-O3-v3,20260917,128,2,measure,22,branch,sum_if,p500_alternating,65536,1,13414,11,11,4196774058536912234,4196774058536912234,1
31,gcc-O3-v3,20260917,129,2,measure,23,branch,filter_copy_mask,p250,65536,1,27568,11,11,16384,16384,1
31,gcc-O3-v3,20260917,130,2,measure,24,branch,sum_if,p500_sorted,65536,1,13168,11,11,2213941836433581612,2213941836433581612,1
31,gcc-O3-v3,20260917,131,2,measure,25,branch,sum_if,p900,65536,1,13141,11,11,1957202038211152021,1957202038211152021,1
31,gcc-O3-v3,20260917,132,2,measure,26,branch,filter_copy,p900,65536,1,147964,11,11,58982,58982,1
31,gcc-O3-v3,20260917,133,2,measure,27,dependency,sum_four,uniform,65536,64,632948,11,11,1190735372877940864,1190735372877940864,1
31,gcc-O3-v3,20260917,134,2,measure,28,branch,filter_copy_mask,p500_sorted,65536,1,27682,11,11,32768,32768,1
31,gcc-O3-v3,20260917,135,2,measure,29,branch,filter_copy,p750,65536,1,263545,11,11,49152,49152,1
31,gcc-O3-v3,20260917,136,2,measure,30,branch,filter_copy,p500_alternating,65536,1,26429,11,11,32768,32768,1
31,gcc-O3-v3,20260917,137,2,measure,31,branch,filter_copy_mask,p900,65536,1,27238,11,11,58982,58982,1
31,gcc-O3-v3,20260917,138,2,measure,32,dependency,chain_xor_mul,uniform,65536,64,6815233,11,11,5299772668389481216,5299772668389481216,1
31,gcc-O3-v3,20260917,139,2,measure,33,branch,sum_if,p500,65536,1,13653,11,11,261284744287062128,261284744287062128,1
31,gcc-O3-v3,20260917,140,2,measure,34,dependency,sum_twice,uniform,65536,64,1004707,11,11,2381470745755881728,2381470745755881728,1
31,gcc-O3-v3,20260917,141,2,measure,35,small,sum_one,uniform,192,5461,193837,11,11,17901819518249685373,17901819518249685373,1
31,gcc-O3-v3,20260917,142,2,measure,36,dependency,sum_one,uniform,65536,64,500963,11,11,1190735372877940864,1190735372877940864,1
31,gcc-O3-v3,20260917,143,2,measure,37,small,sum_one,uniform,8,131072,431451,11,11,11724155215337095168,11724155215337095168,1
31,gcc-O3-v3,20260917,144,2,measure,38,small,sum_one,uniform,3,349525,1013221,11,11,9690214761957071044,9690214761957071044,1
31,gcc-O3-v3,20260917,145,2,measure,39,branch,filter_copy,p250,65536,1,280840,11,11,16384,16384,1
31,gcc-O3-v3,20260917,146,2,measure,40,small,sum_one,uniform,24,43690,221308,11,11,5019437447312423050,5019437447312423050,1
31,gcc-O3-v3,20260917,147,2,measure,41,branch,sum_if,p750,65536,1,13263,11,11,14586442889165806448,14586442889165806448,1
31,gcc-O3-v3,20260917,148,2,measure,42,small,sum_one,uniform,96,10922,135782,11,11,1966801938065649448,1966801938065649448,1
31,gcc-O3-v3,20260917,149,2,measure,43,small,sum_one,uniform,384,2730,129488,11,11,5767785928059657782,5767785928059657782,1
31,gcc-O3-v3,20260917,150,2,measure,44,branch,filter_copy,p500_sorted,65536,1,27357,11,11,32768,32768,1
31,gcc-O3-v3,20260917,151,2,measure,45,branch,filter_copy,p000,65536,1,26373,11,11,0,0,1
31,gcc-O3-v3,20260917,152,2,measure,46,branch,filter_copy_mask,p750,65536,1,30113,11,11,49152,49152,1
31,gcc-O3-v3,20260917,153,2,measure,47,branch,filter_copy,p100,65536,1,153093,11,11,6554,6554,1
31,gcc-O3-v3,20260917,154,2,measure,48,small,sum_one,uniform,4,262144,633062,11,11,6027757896494481408,6027757896494481408,1
31,gcc-O3-v3,20260917,155,2,measure,49,small,sum_one,uniform,512,2048,118860,11,11,6127788314265579520,6127788314265579520,1
31,gcc-O3-v3,20260917,156,2,measure,50,small,sum_one,uniform,32,32768,203004,11,11,4730905112462327808,4730905112462327808,1
31,gcc-O3-v3,20260917,157,2,measure,51,small,sum_one,uniform,128,8192,128183,11,11,17503531059042279424,17503531059042279424,1
31,gcc-O3-v3,20260917,158,2,measure,52,small,sum_one,uniform,256,4096,158833,11,11,12471836693395644416,12471836693395644416,1
31,gcc-O3-v3,20260917,159,3,measure,0,small,sum_one,uniform,3,349525,1145489,11,11,9690214761957071044,9690214761957071044,1
31,gcc-O3-v3,20260917,160,3,measure,1,small,sum_one,uniform,48,21845,212452,11,11,18173204259618227916,18173204259618227916,1
31,gcc-O3-v3,20260917,161,3,measure,2,branch,filter_copy_mask,p100,65536,1,27277,11,11,6554,6554,1
31,gcc-O3-v3,20260917,162,3,measure,3,dependency,sum_twice,uniform,65536,64,1001184,11,11,2381470745755881728,2381470745755881728,1
31,gcc-O3-v3,20260917,163,3,measure,4,small,sum_one,uniform,12,87381,315328,11,11,18208879310165819389,18208879310165819389,1
31,gcc-O3-v3,20260917,164,3,measure,5,small,sum_one,uniform,4,262144,633480,11,11,6027757896494481408,6027757896494481408,1
31,gcc-O3-v3,20260917,165,3,measure,6,branch,filter_copy,p100,65536,1,143547,11,11,6554,6554,1
31,gcc-O3-v3,20260917,166,3,measure,7,branch,sum_if,p500_alternating,65536,1,13639,11,11,4196774058536912234,4196774058536912234,1
31,gcc-O3-v3,20260917,167,3,measure,8,small,sum_one,uniform,6,174762,634291,11,11,4529353940760067638,4529353940760067638,1
31,gcc-O3-v3,20260917,168,3,measure,9,branch,filter_copy_mask,p250,65536,1,27362,11,11,16384,16384,1
31,gcc-O3-v3,20260917,169,3,measure,10,small,sum_one,uniform,32,32768,199406,11,11,4730905112462327808,4730905112462327808,1
31,gcc-O3-v3,20260917,170,3,measure,11,dependency,chain_xor_mul,uniform,65536,64,6927509,11,11,5299772668389481216,5299772668389481216,1
31,gcc-O3-v3,20260917,171,3,measure,12,small,sum_one,uniform,512,2048,123160,11,11,6127788314265579520,6127788314265579520,1
31,gcc-O3-v3,20260917,172,3,measure,13,branch,filter_copy_mask,p1000,65536,1,48524,11,11,65536,65536,1
31,gcc-O3-v3,20260917,173,3,measure,14,small,sum_one,uniform,1,1048576,4126832,11,11,8452580083670974464,8452580083670974464,1
31,gcc-O3-v3,20260917,174,3,measure,15,dependency,split_xor_mul,uniform,65536,64,1297285,11,11,8310383708453772032,8310383708453772032,1
31,gcc-O3-v3,20260917,175,3,measure,16,branch,sum_if,p500_sorted,65536,1,11678,11,11,2213941836433581612,2213941836433581612,1
31,gcc-O3-v3,20260917,176,3,measure,17,branch,filter_copy,p500_alternating,65536,1,26448,11,11,32768,32768,1
31,gcc-O3-v3,20260917,177,3,measure,18,small,sum_one,uniform,16,65536,279961,11,11,1403062601089810432,1403062601089810432,1
31,gcc-O3-v3,20260917,178,3,measure,19,branch,filter_copy,p900,65536,1,142916,11,11,58982,58982,1
31,gcc-O3-v3,20260917,179,3,measure,20,small,sum_one,uniform,1024,1024,109603,11,11,6113767114656410624,6113767114656410624,1
31,gcc-O3-v3,20260917,180,3,measure,21,branch,filter_copy_mask,p000,65536,1,27389,11,11,0,0,1
31,gcc-O3-v3,20260917,181,3,measure,22,branch,sum_if,p900,65536,1,13021,11,11,1957202038211152021,1957202038211152021,1
31,gcc-O3-v3,20260917,182,3,measure,23,branch,filter_copy_mask,p500_alternating,65536,1,27833,11,11,32768,32768,1
31,gcc-O3-v3,20260917,183,3,measure,24,branch,filter_copy,p500_sorted,65536,1,26488,11,11,32768,32768,1
31,gcc-O3-v3,20260917,184,3,measure,25,branch,filter_copy_mask,p900,65536,1,27270,11,11,58982,58982,1
31,gcc-O3-v3,20260917,185,3,measure,26,small,sum_one,uniform,8,131072,368165,11,11,11724155215337095168,11724155215337095168,1
31,gcc-O3-v3,20260917,186,3,measure,27,branch,sum_if,p1000,65536,1,13266,11,11,4485739283943968327,4485739283943968327,1
31,gcc-O3-v3,20260917,187,3,measure,28,small,sum_one,uniform,2,524288,1860615,11,11,14489530702789345280,14489530702789345280,1
31,gcc-O3-v3,20260917,188,3,measure,29,dependency,sum_one_bis,uniform,65536,64,501976,11,11,1190735372877940864,1190735372877940864,1
31,gcc-O3-v3,20260917,189,3,measure,30,branch,filter_copy,p000,65536,1,26389,11,11,0,0,1
31,gcc-O3-v3,20260917,190,3,measure,31,branch,filter_copy_mask,p500,65536,1,27746,11,11,32768,32768,1
31,gcc-O3-v3,20260917,191,3,measure,32,branch,sum_if,p000,65536,1,13345,11,11,0,0,1
31,gcc-O3-v3,20260917,192,3,measure,33,small,sum_one,uniform,384,2730,127814,11,11,5767785928059657782,5767785928059657782,1
31,gcc-O3-v3,20260917,193,3,measure,34,branch,filter_copy,p1000,65536,1,30039,11,11,65536,65536,1
31,gcc-O3-v3,20260917,194,3,measure,35,small,sum_one,uniform,256,4096,158997,11,11,12471836693395644416,12471836693395644416,1
31,gcc-O3-v3,20260917,195,3,measure,36,branch,sum_if,p100,65536,1,13139,11,11,3083979731501324985,3083979731501324985,1
31,gcc-O3-v3,20260917,196,3,measure,37,branch,sum_if,p500,65536,1,13086,11,11,261284744287062128,261284744287062128,1
31,gcc-O3-v3,20260917,197,3,measure,38,small,sum_one,uniform,128,8192,128402,11,11,17503531059042279424,17503531059042279424,1
31,gcc-O3-v3,20260917,198,3,measure,39,branch,filter_copy_mask,p500_sorted,65536,1,27246,11,11,32768,32768,1
31,gcc-O3-v3,20260917,199,3,measure,40,branch,sum_if,p750,65536,1,13087,11,11,14586442889165806448,14586442889165806448,1
31,gcc-O3-v3,20260917,200,3,measure,41,branch,filter_copy,p500,65536,1,376979,11,11,32768,32768,1
31,gcc-O3-v3,20260917,201,3,measure,42,small,sum_one,uniform,64,16384,151187,11,11,14815439244071927808,14815439244071927808,1
31,gcc-O3-v3,20260917,202,3,measure,43,branch,sum_if,p250,65536,1,13067,11,11,75766260937212688,75766260937212688,1
31,gcc-O3-v3,20260917,203,3,measure,44,small,sum_one,uniform,768,1365,111317,11,11,6760326044614544011,6760326044614544011,1
31,gcc-O3-v3,20260917,204,3,measure,45,branch,filter_copy,p250,65536,1,269471,11,11,16384,16384,1
31,gcc-O3-v3,20260917,205,3,measure,46,dependency,sum_one,uniform,65536,64,501866,11,11,1190735372877940864,1190735372877940864,1
31,gcc-O3-v3,20260917,206,3,measure,47,dependency,sum_four,uniform,65536,64,638038,11,11,1190735372877940864,1190735372877940864,1
31,gcc-O3-v3,20260917,207,3,measure,48,small,sum_one,uniform,24,43690,227726,11,11,5019437447312423050,5019437447312423050,1
31,gcc-O3-v3,20260917,208,3,measure,49,small,sum_one,uniform,192,5461,180836,11,11,17901819518249685373,17901819518249685373,1
31,gcc-O3-v3,20260917,209,3,measure,50,branch,filter_copy_mask,p750,65536,1,28333,11,11,49152,49152,1
31,gcc-O3-v3,20260917,210,3,measure,51,branch,filter_copy,p750,65536,1,268067,11,11,49152,49152,1
31,gcc-O3-v3,20260917,211,3,measure,52,small,sum_one,uniform,96,10922,139141,11,11,1966801938065649448,1966801938065649448,1
31,gcc-O3-v3,20260917,212,4,measure,0,dependency,sum_one,uniform,65536,64,499359,11,11,1190735372877940864,1190735372877940864,1
31,gcc-O3-v3,20260917,213,4,measure,1,small,sum_one,uniform,96,10922,135880,11,11,1966801938065649448,1966801938065649448,1
31,gcc-O3-v3,20260917,214,4,measure,2,branch,filter_copy,p500_sorted,65536,1,26618,11,11,32768,32768,1
31,gcc-O3-v3,20260917,215,4,measure,3,dependency,chain_xor_mul,uniform,65536,64,6883369,11,11,5299772668389481216,5299772668389481216,1
31,gcc-O3-v3,20260917,216,4,measure,4,branch,filter_copy,p1000,65536,1,190470,11,11,65536,65536,1
31,gcc-O3-v3,20260917,217,4,measure,5,branch,filter_copy_mask,p500_alternating,65536,1,99072,11,11,32768,32768,1
31,gcc-O3-v3,20260917,218,4,measure,6,dependency,split_xor_mul,uniform,65536,64,1257150,11,11,8310383708453772032,8310383708453772032,1
31,gcc-O3-v3,20260917,219,4,measure,7,small,sum_one,uniform,12,87381,315514,11,11,18208879310165819389,18208879310165819389,1
31,gcc-O3-v3,20260917,220,4,measure,8,branch,filter_copy_mask,p500,65536,1,27444,11,11,32768,32768,1
31,gcc-O3-v3,20260917,221,4,measure,9,branch,filter_copy_mask,p000,65536,1,27231,11,11,0,0,1
31,gcc-O3-v3,20260917,222,4,measure,10,branch,sum_if,p500_alternating,65536,1,13501,11,11,4196774058536912234,4196774058536912234,1
31,gcc-O3-v3,20260917,223,4,measure,11,small,sum_one,uniform,512,2048,118866,11,11,6127788314265579520,6127788314265579520,1
31,gcc-O3-v3,20260917,224,4,measure,12,small,sum_one,uniform,128,8192,131617,11,11,17503531059042279424,17503531059042279424,1
31,gcc-O3-v3,20260917,225,4,measure,13,branch,filter_copy_mask,p900,65536,1,27208,11,11,58982,58982,1
31,gcc-O3-v3,20260917,226,4,measure,14,small,sum_one,uniform,1024,1024,112212,11,11,6113767114656410624,6113767114656410624,1
31,gcc-O3-v3,20260917,227,4,measure,15,branch,filter_copy_mask,p250,65536,1,27597,11,11,16384,16384,1
31,gcc-O3-v3,20260917,228,4,measure,16,small,sum_one,uniform,384,2730,127413,11,11,5767785928059657782,5767785928059657782,1
31,gcc-O3-v3,20260917,229,4,measure,17,small,sum_one,uniform,48,21845,210685,11,11,18173204259618227916,18173204259618227916,1
31,gcc-O3-v3,20260917,230,4,measure,18,branch,filter_copy,p250,65536,1,271127,11,11,16384,16384,1
31,gcc-O3-v3,20260917,231,4,measure,19,dependency,sum_four,uniform,65536,64,637219,11,11,1190735372877940864,1190735372877940864,1
31,gcc-O3-v3,20260917,232,4,measure,20,small,sum_one,uniform,8,131072,368608,11,11,11724155215337095168,11724155215337095168,1
31,gcc-O3-v3,20260917,233,4,measure,21,branch,filter_copy_mask,p100,65536,1,30358,11,11,6554,6554,1
31,gcc-O3-v3,20260917,234,4,measure,22,branch,filter_copy,p500,65536,1,371997,11,11,32768,32768,1
31,gcc-O3-v3,20260917,235,4,measure,23,small,sum_one,uniform,4,262144,630555,11,11,6027757896494481408,6027757896494481408,1
31,gcc-O3-v3,20260917,236,4,measure,24,branch,sum_if,p500,65536,1,13273,11,11,261284744287062128,261284744287062128,1
31,gcc-O3-v3,20260917,237,4,measure,25,small,sum_one,uniform,24,43690,219144,11,11,5019437447312423050,5019437447312423050,1
31,gcc-O3-v3,20260917,238,4,measure,26,small,sum_one,uniform,2,524288,2121938,11,11,14489530702789345280,14489530702789345280,1
31,gcc-O3-v3,20260917,239,4,measure,27,branch,filter_copy,p500_alternating,65536,1,27771,11,11,32768,32768,1
31,gcc-O3-v3,20260917,240,4,measure,28,small,sum_one,uniform,768,1365,116825,11,11,6760326044614544011,6760326044614544011,1
31,gcc-O3-v3,20260917,241,4,measure,29,dependency,sum_one_bis,uniform,65536,64,502614,11,11,1190735372877940864,1190735372877940864,1
31,gcc-O3-v3,20260917,242,4,measure,30,branch,sum_if,p1000,65536,1,13538,11,11,4485739283943968327,4485739283943968327,1
31,gcc-O3-v3,20260917,243,4,measure,31,small,sum_one,uniform,6,174762,633320,11,11,4529353940760067638,4529353940760067638,1
31,gcc-O3-v3,20260917,244,4,measure,32,branch,sum_if,p250,65536,1,13096,11,11,75766260937212688,75766260937212688,1
31,gcc-O3-v3,20260917,245,4,measure,33,branch,filter_copy,p000,65536,1,26376,11,11,0,0,1
31,gcc-O3-v3,20260917,246,4,measure,34,branch,filter_copy_mask,p1000,65536,1,29737,11,11,65536,65536,1
31,gcc-O3-v3,20260917,247,4,measure,35,branch,filter_copy_mask,p500_sorted,65536,1,28279,11,11,32768,32768,1
31,gcc-O3-v3,20260917,248,4,measure,36,branch,sum_if,p000,65536,1,15501,11,11,0,0,1
31,gcc-O3-v3,20260917,249,4,measure,37,branch,filter_copy_mask,p750,65536,1,28490,11,11,49152,49152,1
31,gcc-O3-v3,20260917,250,4,measure,38,small,sum_one,uniform,16,65536,275898,11,11,1403062601089810432,1403062601089810432,1
31,gcc-O3-v3,20260917,251,4,measure,39,small,sum_one,uniform,192,5461,162512,11,11,17901819518249685373,17901819518249685373,1
31,gcc-O3-v3,20260917,252,4,measure,40,branch,sum_if,p750,65536,1,13111,11,11,14586442889165806448,14586442889165806448,1
31,gcc-O3-v3,20260917,253,4,measure,41,branch,sum_if,p500_sorted,65536,1,19069,11,11,2213941836433581612,2213941836433581612,1
31,gcc-O3-v3,20260917,254,4,measure,42,small,sum_one,uniform,32,32768,197072,11,11,4730905112462327808,4730905112462327808,1
31,gcc-O3-v3,20260917,255,4,measure,43,branch,sum_if,p900,65536,1,13231,11,11,1957202038211152021,1957202038211152021,1
31,gcc-O3-v3,20260917,256,4,measure,44,small,sum_one,uniform,64,16384,156262,11,11,14815439244071927808,14815439244071927808,1
31,gcc-O3-v3,20260917,257,4,measure,45,branch,filter_copy,p750,65536,1,275143,11,11,49152,49152,1
31,gcc-O3-v3,20260917,258,4,measure,46,small,sum_one,uniform,256,4096,165098,11,11,12471836693395644416,12471836693395644416,1
31,gcc-O3-v3,20260917,259,4,measure,47,branch,sum_if,p100,65536,1,13040,11,11,3083979731501324985,3083979731501324985,1
31,gcc-O3-v3,20260917,260,4,measure,48,dependency,sum_twice,uniform,65536,64,1002490,11,11,2381470745755881728,2381470745755881728,1
31,gcc-O3-v3,20260917,261,4,measure,49,small,sum_one,uniform,3,349525,1006605,11,11,9690214761957071044,9690214761957071044,1
31,gcc-O3-v3,20260917,262,4,measure,50,branch,filter_copy,p900,65536,1,148007,11,11,58982,58982,1
31,gcc-O3-v3,20260917,263,4,measure,51,branch,filter_copy,p100,65536,1,153631,11,11,6554,6554,1
31,gcc-O3-v3,20260917,264,4,measure,52,small,sum_one,uniform,1,1048576,3880729,11,11,8452580083670974464,8452580083670974464,1
31,gcc-O3-v3,20260917,265,5,measure,0,small,sum_one,uniform,12,87381,322076,11,11,18208879310165819389,18208879310165819389,1
31,gcc-O3-v3,20260917,266,5,measure,1,branch,filter_copy,p250,65536,1,270841,11,11,16384,16384,1
31,gcc-O3-v3,20260917,267,5,measure,2,dependency,sum_four,uniform,65536,64,643256,11,11,1190735372877940864,1190735372877940864,1
31,gcc-O3-v3,20260917,268,5,measure,3,dependency,split_xor_mul,uniform,65536,64,1316702,11,11,8310383708453772032,8310383708453772032,1
31,gcc-O3-v3,20260917,269,5,measure,4,branch,sum_if,p750,65536,1,11200,11,11,14586442889165806448,14586442889165806448,1
31,gcc-O3-v3,20260917,270,5,measure,5,small,sum_one,uniform,3,349525,1074912,11,11,9690214761957071044,9690214761957071044,1
31,gcc-O3-v3,20260917,271,5,measure,6,branch,filter_copy_mask,p750,65536,1,28493,11,11,49152,49152,1
31,gcc-O3-v3,20260917,272,5,measure,7,small,sum_one,uniform,384,2730,127446,11,11,5767785928059657782,5767785928059657782,1
31,gcc-O3-v3,20260917,273,5,measure,8,branch,sum_if,p250,65536,1,13319,11,11,75766260937212688,75766260937212688,1
31,gcc-O3-v3,20260917,274,5,measure,9,small,sum_one,uniform,256,4096,138881,11,11,12471836693395644416,12471836693395644416,1
31,gcc-O3-v3,20260917,275,5,measure,10,small,sum_one,uniform,1,1048576,3682604,11,11,8452580083670974464,8452580083670974464,1
31,gcc-O3-v3,20260917,276,5,measure,11,small,sum_one,uniform,512,2048,120987,11,11,6127788314265579520,6127788314265579520,1
31,gcc-O3-v3,20260917,277,5,measure,12,small,sum_one,uniform,24,43690,219027,11,11,5019437447312423050,5019437447312423050,1
31,gcc-O3-v3,20260917,278,5,measure,13,branch,filter_copy_mask,p100,65536,1,27717,11,11,6554,6554,1
31,gcc-O3-v3,20260917,279,5,measure,14,small,sum_one,uniform,4,262144,633482,11,11,6027757896494481408,6027757896494481408,1
31,gcc-O3-v3,20260917,280,5,measure,15,small,sum_one,uniform,128,8192,130453,11,11,17503531059042279424,17503531059042279424,1
31,gcc-O3-v3,20260917,281,5,measure,16,dependency,chain_xor_mul,uniform,65536,64,6777228,11,11,5299772668389481216,5299772668389481216,1
31,gcc-O3-v3,20260917,282,5,measure,17,branch,filter_copy,p1000,65536,1,28667,11,11,65536,65536,1
31,gcc-O3-v3,20260917,283,5,measure,18,branch,filter_copy,p750,65536,1,270290,11,11,49152,49152,1
31,gcc-O3-v3,20260917,284,5,measure,19,dependency,sum_one,uniform,65536,64,511065,11,11,1190735372877940864,1190735372877940864,1
31,gcc-O3-v3,20260917,285,5,measure,20,branch,sum_if,p900,65536,1,13103,11,11,1957202038211152021,1957202038211152021,1
31,gcc-O3-v3,20260917,286,5,measure,21,branch,sum_if,p000,65536,1,13102,11,11,0,0,1
31,gcc-O3-v3,20260917,287,5,measure,22,branch,sum_if,p500_alternating,65536,1,13112,11,11,4196774058536912234,4196774058536912234,1
31,gcc-O3-v3,20260917,288,5,measure,23,small,sum_one,uniform,48,21845,210190,11,11,18173204259618227916,18173204259618227916,1
31,gcc-O3-v3,20260917,289,5,measure,24,branch,filter_copy_mask,p500_sorted,65536,1,28332,11,11,32768,32768,1
31,gcc-O3-v3,20260917,290,5,measure,25,small,sum_one,uniform,192,5461,165837,11,11,17901819518249685373,17901819518249685373,1
31,gcc-O3-v3,20260917,291,5,measure,26,branch,sum_if,p500,65536,1,13056,11,11,261284744287062128,261284744287062128,1
31,gcc-O3-v3,20260917,292,5,measure,27,branch,filter_copy_mask,p500,65536,1,28544,11,11,32768,32768,1
31,gcc-O3-v3,20260917,293,5,measure,28,small,sum_one,uniform,6,174762,683030,11,11,4529353940760067638,4529353940760067638,1
31,gcc-O3-v3,20260917,294,5,measure,29,branch,sum_if,p1000,65536,1,13096,11,11,4485739283943968327,4485739283943968327,1
31,gcc-O3-v3,20260917,295,5,measure,30,branch,filter_copy,p500,65536,1,375275,11,11,32768,32768,1
31,gcc-O3-v3,20260917,296,5,measure,31,branch,filter_copy,p900,65536,1,133384,11,11,58982,58982,1
31,gcc-O3-v3,20260917,297,5,measure,32,branch,filter_copy_mask,p1000,65536,1,28795,11,11,65536,65536,1
31,gcc-O3-v3,20260917,298,5,measure,33,branch,filter_copy,p000,65536,1,27597,11,11,0,0,1
31,gcc-O3-v3,20260917,299,5,measure,34,small,sum_one,uniform,64,16384,153877,11,11,14815439244071927808,14815439244071927808,1
31,gcc-O3-v3,20260917,300,5,measure,35,small,sum_one,uniform,96,10922,135806,11,11,1966801938065649448,1966801938065649448,1
31,gcc-O3-v3,20260917,301,5,measure,36,branch,filter_copy,p500_sorted,65536,1,27519,11,11,32768,32768,1
31,gcc-O3-v3,20260917,302,5,measure,37,branch,sum_if,p500_sorted,65536,1,15587,11,11,2213941836433581612,2213941836433581612,1
31,gcc-O3-v3,20260917,303,5,measure,38,small,sum_one,uniform,32,32768,197109,11,11,4730905112462327808,4730905112462327808,1
31,gcc-O3-v3,20260917,304,5,measure,39,small,sum_one,uniform,1024,1024,115745,11,11,6113767114656410624,6113767114656410624,1
31,gcc-O3-v3,20260917,305,5,measure,40,branch,filter_copy,p500_alternating,65536,1,26449,11,11,32768,32768,1
31,gcc-O3-v3,20260917,306,5,measure,41,small,sum_one,uniform,768,1365,114734,11,11,6760326044614544011,6760326044614544011,1
31,gcc-O3-v3,20260917,307,5,measure,42,branch,filter_copy_mask,p000,65536,1,33089,11,11,0,0,1
31,gcc-O3-v3,20260917,308,5,measure,43,small,sum_one,uniform,2,524288,1694498,11,11,14489530702789345280,14489530702789345280,1
31,gcc-O3-v3,20260917,309,5,measure,44,branch,filter_copy_mask,p250,65536,1,28712,11,11,16384,16384,1
31,gcc-O3-v3,20260917,310,5,measure,45,branch,filter_copy_mask,p500_alternating,65536,1,29177,11,11,32768,32768,1
31,gcc-O3-v3,20260917,311,5,measure,46,dependency,sum_one_bis,uniform,65536,64,502349,11,11,1190735372877940864,1190735372877940864,1
31,gcc-O3-v3,20260917,312,5,measure,47,small,sum_one,uniform,16,65536,275920,11,11,1403062601089810432,1403062601089810432,1
31,gcc-O3-v3,20260917,313,5,measure,48,branch,filter_copy_mask,p900,65536,1,27021,11,11,58982,58982,1
31,gcc-O3-v3,20260917,314,5,measure,49,branch,sum_if,p100,65536,1,15485,11,11,3083979731501324985,3083979731501324985,1
31,gcc-O3-v3,20260917,315,5,measure,50,small,sum_one,uniform,8,131072,370264,11,11,11724155215337095168,11724155215337095168,1
31,gcc-O3-v3,20260917,316,5,measure,51,dependency,sum_twice,uniform,65536,64,1008360,11,11,2381470745755881728,2381470745755881728,1
31,gcc-O3-v3,20260917,317,5,measure,52,branch,filter_copy,p100,65536,1,147834,11,11,6554,6554,1
31,gcc-O3-v3,20260917,318,6,measure,0,small,sum_one,uniform,12,87381,324908,11,11,18208879310165819389,18208879310165819389,1
31,gcc-O3-v3,20260917,319,6,measure,1,branch,filter_copy_mask,p000,65536,1,27585,11,11,0,0,1
31,gcc-O3-v3,20260917,320,6,measure,2,small,sum_one,uniform,512,2048,118896,11,11,6127788314265579520,6127788314265579520,1
31,gcc-O3-v3,20260917,321,6,measure,3,branch,filter_copy,p500_alternating,65536,1,26501,11,11,32768,32768,1
31,gcc-O3-v3,20260917,322,6,measure,4,branch,sum_if,p900,65536,1,16941,11,11,1957202038211152021,1957202038211152021,1
31,gcc-O3-v3,20260917,323,6,measure,5,branch,filter_copy_mask,p500_sorted,65536,1,27152,11,11,32768,32768,1
31,gcc-O3-v3,20260917,324,6,measure,6,small,sum_one,uniform,256,4096,159119,11,11,12471836693395644416,12471836693395644416,1
31,gcc-O3-v3,20260917,325,6,measure,7,dependency,sum_one_bis,uniform,65536,64,499570,11,11,1190735372877940864,1190735372877940864,1
31,gcc-O3-v3,20260917,326,6,measure,8,branch,filter_copy_mask,p100,65536,1,27350,11,11,6554,6554,1
31,gcc-O3-v3,20260917,327,6,measure,9,small,sum_one,uniform,16,65536,275859,11,11,1403062601089810432,1403062601089810432,1
31,gcc-O3-v3,20260917,328,6,measure,10,small,sum_one,uniform,1024,1024,109644,11,11,6113767114656410624,6113767114656410624,1
31,gcc-O3-v3,20260917,329,6,measure,11,branch,filter_copy_mask,p1000,65536,1,28668,11,11,65536,65536,1
31,gcc-O3-v3,20260917,330,6,measure,12,branch,sum_if,p500_alternating,65536,1,13054,11,11,4196774058536912234,4196774058536912234,1
31,gcc-O3-v3,20260917,331,6,measure,13,small,sum_one,uniform,96,10922,136065,11,11,1966801938065649448,1966801938065649448,1
31,gcc-O3-v3,20260917,332,6,measure,14,small,sum_one,uniform,24,43690,262771,11,11,5019437447312423050,5019437447312423050,1
31,gcc-O3-v3,20260917,333,6,measure,15,branch,filter_copy_mask,p250,65536,1,27431,11,11,16384,16384,1
31,gcc-O3-v3,20260917,334,6,measure,16,branch,filter_copy_mask,p750,65536,1,29417,11,11,49152,49152,1
31,gcc-O3-v3,20260917,335,6,measure,17,branch,sum_if,p000,65536,1,13008,11,11,0,0,1
31,gcc-O3-v3,20260917,336,6,measure,18,branch,filter_copy,p100,65536,1,144049,11,11,6554,6554,1
31,gcc-O3-v3,20260917,337,6,measure,19,branch,sum_if,p500,65536,1,15548,11,11,261284744287062128,261284744287062128,1
31,gcc-O3-v3,20260917,338,6,measure,20,branch,filter_copy,p1000,65536,1,27514,11,11,65536,65536,1
31,gcc-O3-v3,20260917,339,6,measure,21,small,sum_one,uniform,2,524288,1863334,11,11,14489530702789345280,14489530702789345280,1
31,gcc-O3-v3,20260917,340,6,measure,22,dependency,chain_xor_mul,uniform,65536,64,6969241,11,11,5299772668389481216,5299772668389481216,1
31,gcc-O3-v3,20260917,341,6,measure,23,small,sum_one,uniform,8,131072,368133,11,11,11724155215337095168,11724155215337095168,1
31,gcc-O3-v3,20260917,342,6,measure,24,branch,filter_copy,p250,65536,1,271105,11,11,16384,16384,1
31,gcc-O3-v3,20260917,343,6,measure,25,branch,sum_if,p1000,65536,1,18942,11,11,4485739283943968327,4485739283943968327,1
31,gcc-O3-v3,20260917,344,6,measure,26,branch,sum_if,p100,65536,1,13321,11,11,3083979731501324985,3083979731501324985,1
31,gcc-O3-v3,20260917,345,6,measure,27,branch,filter_copy,p500,65536,1,373005,11,11,32768,32768,1
31,gcc-O3-v3,20260917,346,6,measure,28,branch,sum_if,p500_sorted,65536,1,15570,11,11,2213941836433581612,2213941836433581612,1
31,gcc-O3-v3,20260917,347,6,measure,29,branch,filter_copy_mask,p500,65536,1,28157,11,11,32768,32768,1
31,gcc-O3-v3,20260917,348,6,measure,30,branch,filter_copy,p000,65536,1,27526,11,11,0,0,1
31,gcc-O3-v3,20260917,349,6,measure,31,dependency,sum_one,uniform,65536,64,507154,11,11,1190735372877940864,1190735372877940864,1
31,gcc-O3-v3,20260917,350,6,measure,32,dependency,split_xor_mul,uniform,65536,64,1296069,11,11,8310383708453772032,8310383708453772032,1
31,gcc-O3-v3,20260917,351,6,measure,33,branch,filter_copy_mask,p900,65536,1,32785,11,11,58982,58982,1
31,gcc-O3-v3,20260917,352,6,measure,34,small,sum_one,uniform,64,16384,151363,11,11,14815439244071927808,14815439244071927808,1
31,gcc-O3-v3,20260917,353,6,measure,35,small,sum_one,uniform,6,174762,630477,11,11,4529353940760067638,4529353940760067638,1
31,gcc-O3-v3,20260917,354,6,measure,36,small,sum_one,uniform,128,8192,131231,11,11,17503531059042279424,17503531059042279424,1
31,gcc-O3-v3,20260917,355,6,measure,37,small,sum_one,uniform,1,1048576,3646699,11,11,8452580083670974464,8452580083670974464,1
31,gcc-O3-v3,20260917,356,6,measure,38,small,sum_one,uniform,768,1365,114899,11,11,6760326044614544011,6760326044614544011,1
31,gcc-O3-v3,20260917,357,6,measure,39,branch,filter_copy,p500_sorted,65536,1,28021,11,11,32768,32768,1
31,gcc-O3-v3,20260917,358,6,measure,40,dependency,sum_four,uniform,65536,64,633586,11,11,1190735372877940864,1190735372877940864,1
31,gcc-O3-v3,20260917,359,6,measure,41,small,sum_one,uniform,4,262144,710145,11,11,6027757896494481408,6027757896494481408,1
31,gcc-O3-v3,20260917,360,6,measure,42,branch,filter_copy,p750,65536,1,270908,11,11,49152,49152,1
31,gcc-O3-v3,20260917,361,6,measure,43,branch,sum_if,p250,65536,1,13280,11,11,75766260937212688,75766260937212688,1
31,gcc-O3-v3,20260917,362,6,measure,44,small,sum_one,uniform,48,21845,210394,11,11,18173204259618227916,18173204259618227916,1
31,gcc-O3-v3,20260917,363,6,measure,45,small,sum_one,uniform,192,5461,163235,11,11,17901819518249685373,17901819518249685373,1
31,gcc-O3-v3,20260917,364,6,measure,46,branch,filter_copy,p900,65536,1,141354,11,11,58982,58982,1
31,gcc-O3-v3,20260917,365,6,measure,47,dependency,sum_twice,uniform,65536,64,1002066,11,11,2381470745755881728,2381470745755881728,1
31,gcc-O3-v3,20260917,366,6,measure,48,small,sum_one,uniform,384,2730,124836,11,11,5767785928059657782,5767785928059657782,1
31,gcc-O3-v3,20260917,367,6,measure,49,small,sum_one,uniform,3,349525,997171,11,11,9690214761957071044,9690214761957071044,1
31,gcc-O3-v3,20260917,368,6,measure,50,small,sum_one,uniform,32,32768,209438,11,11,4730905112462327808,4730905112462327808,1
31,gcc-O3-v3,20260917,369,6,measure,51,branch,filter_copy_mask,p500_alternating,65536,1,27790,11,11,32768,32768,1
31,gcc-O3-v3,20260917,370,6,measure,52,branch,sum_if,p750,65536,1,12993,11,11,14586442889165806448,14586442889165806448,1
31,gcc-O3-v3,20260917,371,7,measure,0,dependency,chain_xor_mul,uniform,65536,64,6766505,11,11,5299772668389481216,5299772668389481216,1
31,gcc-O3-v3,20260917,372,7,measure,1,small,sum_one,uniform,32,32768,197320,11,11,4730905112462327808,4730905112462327808,1
31,gcc-O3-v3,20260917,373,7,measure,2,small,sum_one,uniform,96,10922,135773,11,11,1966801938065649448,1966801938065649448,1
31,gcc-O3-v3,20260917,374,7,measure,3,dependency,sum_one,uniform,65536,64,507486,11,11,1190735372877940864,1190735372877940864,1
31,gcc-O3-v3,20260917,375,7,measure,4,branch,sum_if,p500_alternating,65536,1,13645,11,11,4196774058536912234,4196774058536912234,1
31,gcc-O3-v3,20260917,376,7,measure,5,small,sum_one,uniform,384,2730,127628,11,11,5767785928059657782,5767785928059657782,1
31,gcc-O3-v3,20260917,377,7,measure,6,small,sum_one,uniform,512,2048,122728,11,11,6127788314265579520,6127788314265579520,1
31,gcc-O3-v3,20260917,378,7,measure,7,branch,filter_copy_mask,p250,65536,1,27764,11,11,16384,16384,1
31,gcc-O3-v3,20260917,379,7,measure,8,branch,sum_if,p1000,65536,1,15739,11,11,4485739283943968327,4485739283943968327,1
31,gcc-O3-v3,20260917,380,7,measure,9,branch,filter_copy,p1000,65536,1,29722,11,11,65536,65536,1
31,gcc-O3-v3,20260917,381,7,measure,10,small,sum_one,uniform,1024,1024,112799,11,11,6113767114656410624,6113767114656410624,1
31,gcc-O3-v3,20260917,382,7,measure,11,small,sum_one,uniform,3,349525,1005474,11,11,9690214761957071044,9690214761957071044,1
31,gcc-O3-v3,20260917,383,7,measure,12,small,sum_one,uniform,128,8192,136531,11,11,17503531059042279424,17503531059042279424,1
31,gcc-O3-v3,20260917,384,7,measure,13,branch,sum_if,p100,65536,1,13069,11,11,3083979731501324985,3083979731501324985,1
31,gcc-O3-v3,20260917,385,7,measure,14,dependency,split_xor_mul,uniform,65536,64,1293772,11,11,8310383708453772032,8310383708453772032,1
31,gcc-O3-v3,20260917,386,7,measure,15,branch,filter_copy_mask,p500_alternating,65536,1,26877,11,11,32768,32768,1
31,gcc-O3-v3,20260917,387,7,measure,16,branch,filter_copy,p250,65536,1,270333,11,11,16384,16384,1
31,gcc-O3-v3,20260917,388,7,measure,17,branch,filter_copy,p000,65536,1,26393,11,11,0,0,1
31,gcc-O3-v3,20260917,389,7,measure,18,dependency,sum_twice,uniform,65536,64,999495,11,11,2381470745755881728,2381470745755881728,1
31,gcc-O3-v3,20260917,390,7,measure,19,branch,filter_copy_mask,p500,65536,1,27981,11,11,32768,32768,1
31,gcc-O3-v3,20260917,391,7,measure,20,branch,filter_copy_mask,p000,65536,1,27140,11,11,0,0,1
31,gcc-O3-v3,20260917,392,7,measure,21,branch,filter_copy,p100,65536,1,148708,11,11,6554,6554,1
31,gcc-O3-v3,20260917,393,7,measure,22,branch,filter_copy,p900,65536,1,141655,11,11,58982,58982,1
31,gcc-O3-v3,20260917,394,7,measure,23,small,sum_one,uniform,2,524288,1689022,11,11,14489530702789345280,14489530702789345280,1
31,gcc-O3-v3,20260917,395,7,measure,24,branch,filter_copy_mask,p100,65536,1,27637,11,11,6554,6554,1
31,gcc-O3-v3,20260917,396,7,measure,25,small,sum_one,uniform,16,65536,287284,11,11,1403062601089810432,1403062601089810432,1
31,gcc-O3-v3,20260917,397,7,measure,26,branch,sum_if,p900,65536,1,13007,11,11,1957202038211152021,1957202038211152021,1
31,gcc-O3-v3,20260917,398,7,measure,27,branch,sum_if,p000,65536,1,13072,11,11,0,0,1
31,gcc-O3-v3,20260917,399,7,measure,28,branch,filter_copy,p500_alternating,65536,1,26415,11,11,32768,32768,1
31,gcc-O3-v3,20260917,400,7,measure,29,branch,filter_copy_mask,p1000,65536,1,27795,11,11,65536,65536,1
31,gcc-O3-v3,20260917,401,7,measure,30,dependency,sum_four,uniform,65536,64,636130,11,11,1190735372877940864,1190735372877940864,1
31,gcc-O3-v3,20260917,402,7,measure,31,branch,filter_copy,p500,65536,1,371802,11,11,32768,32768,1
31,gcc-O3-v3,20260917,403,7,measure,32,dependency,sum_one_bis,uniform,65536,64,501152,11,11,1190735372877940864,1190735372877940864,1
31,gcc-O3-v3,20260917,404,7,measure,33,small,sum_one,uniform,256,4096,139371,11,11,12471836693395644416,12471836693395644416,1
31,gcc-O3-v3,20260917,405,7,measure,34,small,sum_one,uniform,4,262144,633266,11,11,6027757896494481408,6027757896494481408,1
31,gcc-O3-v3,20260917,406,7,measure,35,small,sum_one,uniform,12,87381,315255,11,11,18208879310165819389,18208879310165819389,1
31,gcc-O3-v3,20260917,407,7,measure,36,small,sum_one,uniform,6,174762,633116,11,11,4529353940760067638,4529353940760067638,1
31,gcc-O3-v3,20260917,408,7,measure,37,branch,filter_copy,p500_sorted,65536,1,26687,11,11,32768,32768,1
31,gcc-O3-v3,20260917,409,7,measure,38,small,sum_one,uniform,48,21845,210186,11,11,18173204259618227916,18173204259618227916,1
31,gcc-O3-v3,20260917,410,7,measure,39,branch,filter_copy_mask,p500_sorted,65536,1,27107,11,11,32768,32768,1
31,gcc-O3-v3,20260917,411,7,measure,40,branch,sum_if,p500,65536,1,13265,11,11,261284744287062128,261284744287062128,1
31,gcc-O3-v3,20260917,412,7,measure,41,branch,filter_copy_mask,p900,65536,1,34010,11,11,58982,58982,1
31,gcc-O3-v3,20260917,413,7,measure,42,small,sum_one,uniform,64,16384,151129,11,11,14815439244071927808,14815439244071927808,1
31,gcc-O3-v3,20260917,414,7,measure,43,small,sum_one,uniform,768,1365,117251,11,11,6760326044614544011,6760326044614544011,1
31,gcc-O3-v3,20260917,415,7,measure,44,small,sum_one,uniform,1,1048576,3804295,11,11,8452580083670974464,8452580083670974464,1
31,gcc-O3-v3,20260917,416,7,measure,45,branch,sum_if,p250,65536,1,15397,11,11,75766260937212688,75766260937212688,1
31,gcc-O3-v3,20260917,417,7,measure,46,small,sum_one,uniform,24,43690,220123,11,11,5019437447312423050,5019437447312423050,1
31,gcc-O3-v3,20260917,418,7,measure,47,small,sum_one,uniform,192,5461,165720,11,11,17901819518249685373,17901819518249685373,1
31,gcc-O3-v3,20260917,419,7,measure,48,branch,filter_copy_mask,p750,65536,1,28729,11,11,49152,49152,1
31,gcc-O3-v3,20260917,420,7,measure,49,small,sum_one,uniform,8,131072,372531,11,11,11724155215337095168,11724155215337095168,1
31,gcc-O3-v3,20260917,421,7,measure,50,branch,sum_if,p500_sorted,65536,1,13285,11,11,2213941836433581612,2213941836433581612,1
31,gcc-O3-v3,20260917,422,7,measure,51,branch,sum_if,p750,65536,1,13259,11,11,14586442889165806448,14586442889165806448,1
31,gcc-O3-v3,20260917,423,7,measure,52,branch,filter_copy,p750,65536,1,265044,11,11,49152,49152,1
31,gcc-O3-v3,20260917,424,8,measure,0,small,sum_one,uniform,256,4096,159192,11,11,12471836693395644416,12471836693395644416,1
31,gcc-O3-v3,20260917,425,8,measure,1,small,sum_one,uniform,96,10922,139305,11,11,1966801938065649448,1966801938065649448,1
31,gcc-O3-v3,20260917,426,8,measure,2,small,sum_one,uniform,1,1048576,3491392,11,11,8452580083670974464,8452580083670974464,1
31,gcc-O3-v3,20260917,427,8,measure,3,small,sum_one,uniform,2,524288,1688583,11,11,14489530702789345280,14489530702789345280,1
31,gcc-O3-v3,20260917,428,8,measure,4,small,sum_one,uniform,12,87381,315308,11,11,18208879310165819389,18208879310165819389,1
31,gcc-O3-v3,20260917,429,8,measure,5,branch,filter_copy,p100,65536,1,149329,11,11,6554,6554,1
31,gcc-O3-v3,20260917,430,8,measure,6,branch,filter_copy_mask,p500_alternating,65536,1,28554,11,11,32768,32768,1
31,gcc-O3-v3,20260917,431,8,measure,7,dependency,chain_xor_mul,uniform,65536,64,6868931,11,11,5299772668389481216,5299772668389481216,1
31,gcc-O3-v3,20260917,432,8,measure,8,branch,sum_if,p900,65536,1,13494,11,11,1957202038211152021,1957202038211152021,1
31,gcc-O3-v3,20260917,433,8,measure,9,branch,filter_copy,p750,65536,1,264638,11,11,49152,49152,1
31,gcc-O3-v3,20260917,434,8,measure,10,branch,sum_if,p100,65536,1,13185,11,11,3083979731501324985,3083979731501324985,1
31,gcc-O3-v3,20260917,435,8,measure,11,branch,filter_copy_mask,p000,65536,1,27343,11,11,0,0,1
31,gcc-O3-v3,20260917,436,8,measure,12,branch,filter_copy,p000,65536,1,27498,11,11,0,0,1
31,gcc-O3-v3,20260917,437,8,measure,13,branch,filter_copy,p500_alternating,65536,1,31560,11,11,32768,32768,1
31,gcc-O3-v3,20260917,438,8,measure,14,branch,sum_if,p000,65536,1,15647,11,11,0,0,1
31,gcc-O3-v3,20260917,439,8,measure,15,dependency,sum_four,uniform,65536,64,638239,11,11,1190735372877940864,1190735372877940864,1
31,gcc-O3-v3,20260917,440,8,measure,16,branch,filter_copy_mask,p100,65536,1,27369,11,11,6554,6554,1
31,gcc-O3-v3,20260917,441,8,measure,17,small,sum_one,uniform,512,2048,119059,11,11,6127788314265579520,6127788314265579520,1
31,gcc-O3-v3,20260917,442,8,measure,18,branch,filter_copy_mask,p900,65536,1,31274,11,11,58982,58982,1
31,gcc-O3-v3,20260917,443,8,measure,19,branch,filter_copy_mask,p500,65536,1,29007,11,11,32768,32768,1
31,gcc-O3-v3,20260917,444,8,measure,20,branch,filter_copy,p900,65536,1,142773,11,11,58982,58982,1
31,gcc-O3-v3,20260917,445,8,measure,21,branch,sum_if,p500,65536,1,15754,11,11,261284744287062128,261284744287062128,1
31,gcc-O3-v3,20260917,446,8,measure,22,small,sum_one,uniform,3,349525,1020974,11,11,9690214761957071044,9690214761957071044,1
31,gcc-O3-v3,20260917,447,8,measure,23,small,sum_one,uniform,192,5461,197908,11,11,17901819518249685373,17901819518249685373,1
31,gcc-O3-v3,20260917,448,8,measure,24,small,sum_one,uniform,128,8192,128157,11,11,17503531059042279424,17503531059042279424,1
31,gcc-O3-v3,20260917,449,8,measure,25,small,sum_one,uniform,6,174762,630486,11,11,4529353940760067638,4529353940760067638,1
31,gcc-O3-v3,20260917,450,8,measure,26,small,sum_one,uniform,16,65536,278201,11,11,1403062601089810432,1403062601089810432,1
31,gcc-O3-v3,20260917,451,8,measure,27,branch,filter_copy_mask,p750,65536,1,28265,11,11,49152,49152,1
31,gcc-O3-v3,20260917,452,8,measure,28,branch,sum_if,p250,65536,1,13066,11,11,75766260937212688,75766260937212688,1
31,gcc-O3-v3,20260917,453,8,measure,29,dependency,sum_twice,uniform,65536,64,1005060,11,11,2381470745755881728,2381470745755881728,1
31,gcc-O3-v3,20260917,454,8,measure,30,small,sum_one,uniform,4,262144,630496,11,11,6027757896494481408,6027757896494481408,1
31,gcc-O3-v3,20260917,455,8,measure,31,branch,filter_copy,p1000,65536,1,31242,11,11,65536,65536,1
31,gcc-O3-v3,20260917,456,8,measure,32,branch,filter_copy,p500_sorted,65536,1,26690,11,11,32768,32768,1
31,gcc-O3-v3,20260917,457,8,measure,33,small,sum_one,uniform,1024,1024,112592,11,11,6113767114656410624,6113767114656410624,1
31,gcc-O3-v3,20260917,458,8,measure,34,branch,filter_copy,p250,65536,1,271434,11,11,16384,16384,1
31,gcc-O3-v3,20260917,459,8,measure,35,small,sum_one,uniform,8,131072,370232,11,11,11724155215337095168,11724155215337095168,1
31,gcc-O3-v3,20260917,460,8,measure,36,small,sum_one,uniform,768,1365,111347,11,11,6760326044614544011,6760326044614544011,1
31,gcc-O3-v3,20260917,461,8,measure,37,dependency,sum_one,uniform,65536,64,501483,11,11,1190735372877940864,1190735372877940864,1
31,gcc-O3-v3,20260917,462,8,measure,38,branch,filter_copy,p500,65536,1,373956,11,11,32768,32768,1
31,gcc-O3-v3,20260917,463,8,measure,39,dependency,split_xor_mul,uniform,65536,64,1259747,11,11,8310383708453772032,8310383708453772032,1
31,gcc-O3-v3,20260917,464,8,measure,40,dependency,sum_one_bis,uniform,65536,64,457712,11,11,1190735372877940864,1190735372877940864,1
31,gcc-O3-v3,20260917,465,8,measure,41,branch,filter_copy_mask,p500_sorted,65536,1,28307,11,11,32768,32768,1
31,gcc-O3-v3,20260917,466,8,measure,42,small,sum_one,uniform,48,21845,210250,11,11,18173204259618227916,18173204259618227916,1
31,gcc-O3-v3,20260917,467,8,measure,43,small,sum_one,uniform,32,32768,197062,11,11,4730905112462327808,4730905112462327808,1
31,gcc-O3-v3,20260917,468,8,measure,44,branch,filter_copy_mask,p1000,65536,1,34105,11,11,65536,65536,1
31,gcc-O3-v3,20260917,469,8,measure,45,branch,sum_if,p1000,65536,1,13263,11,11,4485739283943968327,4485739283943968327,1
31,gcc-O3-v3,20260917,470,8,measure,46,small,sum_one,uniform,64,16384,152147,11,11,14815439244071927808,14815439244071927808,1
31,gcc-O3-v3,20260917,471,8,measure,47,branch,filter_copy_mask,p250,65536,1,27377,11,11,16384,16384,1
31,gcc-O3-v3,20260917,472,8,measure,48,branch,sum_if,p500_sorted,65536,1,13097,11,11,2213941836433581612,2213941836433581612,1
31,gcc-O3-v3,20260917,473,8,measure,49,branch,sum_if,p500_alternating,65536,1,13195,11,11,4196774058536912234,4196774058536912234,1
31,gcc-O3-v3,20260917,474,8,measure,50,small,sum_one,uniform,384,2730,123399,11,11,5767785928059657782,5767785928059657782,1
31,gcc-O3-v3,20260917,475,8,measure,51,branch,sum_if,p750,65536,1,13233,11,11,14586442889165806448,14586442889165806448,1
31,gcc-O3-v3,20260917,476,8,measure,52,small,sum_one,uniform,24,43690,222641,11,11,5019437447312423050,5019437447312423050,1
31,gcc-O3-v3,20260917,477,9,measure,0,small,sum_one,uniform,128,8192,128803,11,11,17503531059042279424,17503531059042279424,1
31,gcc-O3-v3,20260917,478,9,measure,1,branch,sum_if,p100,65536,1,13093,11,11,3083979731501324985,3083979731501324985,1
31,gcc-O3-v3,20260917,479,9,measure,2,branch,filter_copy_mask,p500,65536,1,28640,11,11,32768,32768,1
31,gcc-O3-v3,20260917,480,9,measure,3,small,sum_one,uniform,48,21845,210407,11,11,18173204259618227916,18173204259618227916,1
31,gcc-O3-v3,20260917,481,9,measure,4,branch,filter_copy_mask,p1000,65536,1,27989,11,11,65536,65536,1
31,gcc-O3-v3,20260917,482,9,measure,5,branch,filter_copy,p750,65536,1,272384,11,11,49152,49152,1
31,gcc-O3-v3,20260917,483,9,measure,6,branch,filter_copy,p1000,65536,1,26485,11,11,65536,65536,1
31,gcc-O3-v3,20260917,484,9,measure,7,small,sum_one,uniform,16,65536,275909,11,11,1403062601089810432,1403062601089810432,1
31,gcc-O3-v3,20260917,485,9,measure,8,branch,filter_copy,p500,65536,1,374219,11,11,32768,32768,1
31,gcc-O3-v3,20260917,486,9,measure,9,branch,sum_if,p1000,65536,1,13348,11,11,4485739283943968327,4485739283943968327,1
31,gcc-O3-v3,20260917,487,9,measure,10,small,sum_one,uniform,6,174762,658788,11,11,4529353940760067638,4529353940760067638,1
31,gcc-O3-v3,20260917,488,9,measure,11,branch,filter_copy_mask,p750,65536,1,28140,11,11,49152,49152,1
31,gcc-O3-v3,20260917,489,9,measure,12,small,sum_one,uniform,512,2048,122035,11,11,6127788314265579520,6127788314265579520,1
31,gcc-O3-v3,20260917,490,9,measure,13,branch,filter_copy_mask,p500_alternating,65536,1,30598,11,11,32768,32768,1
31,gcc-O3-v3,20260917,491,9,measure,14,branch,filter_copy,p500_sorted,65536,1,26480,11,11,32768,32768,1
31,gcc-O3-v3,20260917,492,9,measure,15,small,sum_one,uniform,1,1048576,3466024,11,11,8452580083670974464,8452580083670974464,1
31,gcc-O3-v3,20260917,493,9,measure,16,small,sum_one,uniform,2,524288,1784677,11,11,14489530702789345280,14489530702789345280,1
31,gcc-O3-v3,20260917,494,9,measure,17,small,sum_one,uniform,24,43690,222501,11,11,5019437447312423050,5019437447312423050,1
31,gcc-O3-v3,20260917,495,9,measure,18,small,sum_one,uniform,96,10922,135793,11,11,1966801938065649448,1966801938065649448,1
31,gcc-O3-v3,20260917,496,9,measure,19,branch,filter_copy,p250,65536,1,264972,11,11,16384,16384,1
31,gcc-O3-v3,20260917,497,9,measure,20,branch,sum_if,p750,65536,1,13144,11,11,14586442889165806448,14586442889165806448,1
31,gcc-O3-v3,20260917,498,9,measure,21,small,sum_one,uniform,32,32768,197165,11,11,4730905112462327808,4730905112462327808,1
31,gcc-O3-v3,20260917,499,9,measure,22,branch,sum_if,p500,65536,1,13107,11,11,261284744287062128,261284744287062128,1
31,gcc-O3-v3,20260917,500,9,measure,23,small,sum_one,uniform,768,1365,111506,11,11,6760326044614544011,6760326044614544011,1
31,gcc-O3-v3,20260917,501,9,measure,24,small,sum_one,uniform,192,5461,165748,11,11,17901819518249685373,17901819518249685373,1
31,gcc-O3-v3,20260917,502,9,measure,25,dependency,sum_one,uniform,65536,64,498591,11,11,1190735372877940864,1190735372877940864,1
31,gcc-O3-v3,20260917,503,9,measure,26,branch,filter_copy_mask,p500_sorted,65536,1,27833,11,11,32768,32768,1
31,gcc-O3-v3,20260917,504,9,measure,27,small,sum_one,uniform,3,349525,983504,11,11,9690214761957071044,9690214761957071044,1
31,gcc-O3-v3,20260917,505,9,measure,28,small,sum_one,uniform,1024,1024,116575,11,11,6113767114656410624,6113767114656410624,1
31,gcc-O3-v3,20260917,506,9,measure,29,branch,sum_if,p250,65536,1,13086,11,11,75766260937212688,75766260937212688,1
31,gcc-O3-v3,20260917,507,9,measure,30,branch,filter_copy_mask,p000,65536,1,27196,11,11,0,0,1
31,gcc-O3-v3,20260917,508,9,measure,31,dependency,sum_four,uniform,65536,64,637124,11,11,1190735372877940864,1190735372877940864,1
31,gcc-O3-v3,20260917,509,9,measure,32,branch,sum_if,p900,65536,1,13135,11,11,1957202038211152021,1957202038211152021,1
31,gcc-O3-v3,20260917,510,9,measure,33,branch,filter_copy,p000,65536,1,29413,11,11,0,0,1
31,gcc-O3-v3,20260917,511,9,measure,34,small,sum_one,uniform,256,4096,138277,11,11,12471836693395644416,12471836693395644416,1
31,gcc-O3-v3,20260917,512,9,measure,35,dependency,sum_twice,uniform,65536,64,1001294,11,11,2381470745755881728,2381470745755881728,1
31,gcc-O3-v3,20260917,513,9,measure,36,dependency,split_xor_mul,uniform,65536,64,1316109,11,11,8310383708453772032,8310383708453772032,1
31,gcc-O3-v3,20260917,514,9,measure,37,dependency,sum_one_bis,uniform,65536,64,457782,11,11,1190735372877940864,1190735372877940864,1
31,gcc-O3-v3,20260917,515,9,measure,38,small,sum_one,uniform,12,87381,315417,11,11,18208879310165819389,18208879310165819389,1
31,gcc-O3-v3,20260917,516,9,measure,39,small,sum_one,uniform,8,131072,368464,11,11,11724155215337095168,11724155215337095168,1
31,gcc-O3-v3,20260917,517,9,measure,40,branch,sum_if,p500_alternating,65536,1,13105,11,11,4196774058536912234,4196774058536912234,1
31,gcc-O3-v3,20260917,518,9,measure,41,branch,filter_copy,p900,65536,1,145115,11,11,58982,58982,1
31,gcc-O3-v3,20260917,519,9,measure,42,branch,filter_copy_mask,p250,65536,1,27457,11,11,16384,16384,1
31,gcc-O3-v3,20260917,520,9,measure,43,dependency,chain_xor_mul,uniform,65536,64,6749313,11,11,5299772668389481216,5299772668389481216,1
31,gcc-O3-v3,20260917,521,9,measure,44,branch,filter_copy_mask,p100,65536,1,27117,11,11,6554,6554,1
31,gcc-O3-v3,20260917,522,9,measure,45,small,sum_one,uniform,64,16384,151895,11,11,14815439244071927808,14815439244071927808,1
31,gcc-O3-v3,20260917,523,9,measure,46,small,sum_one,uniform,4,262144,632910,11,11,6027757896494481408,6027757896494481408,1
31,gcc-O3-v3,20260917,524,9,measure,47,branch,sum_if,p500_sorted,65536,1,13143,11,11,2213941836433581612,2213941836433581612,1
31,gcc-O3-v3,20260917,525,9,measure,48,branch,filter_copy_mask,p900,65536,1,28420,11,11,58982,58982,1
31,gcc-O3-v3,20260917,526,9,measure,49,small,sum_one,uniform,384,2730,125068,11,11,5767785928059657782,5767785928059657782,1
31,gcc-O3-v3,20260917,527,9,measure,50,branch,filter_copy,p500_alternating,65536,1,26838,11,11,32768,32768,1
31,gcc-O3-v3,20260917,528,9,measure,51,branch,sum_if,p000,65536,1,13137,11,11,0,0,1
31,gcc-O3-v3,20260917,529,9,measure,52,branch,filter_copy,p100,65536,1,148995,11,11,6554,6554,1
31,gcc-O3-v3,20260917,530,10,measure,0,small,sum_one,uniform,12,87381,318247,11,11,18208879310165819389,18208879310165819389,1
31,gcc-O3-v3,20260917,531,10,measure,1,small,sum_one,uniform,8,131072,367801,11,11,11724155215337095168,11724155215337095168,1
31,gcc-O3-v3,20260917,532,10,measure,2,dependency,sum_one_bis,uniform,65536,64,504287,11,11,1190735372877940864,1190735372877940864,1
31,gcc-O3-v3,20260917,533,10,measure,3,small,sum_one,uniform,32,32768,197103,11,11,4730905112462327808,4730905112462327808,1
31,gcc-O3-v3,20260917,534,10,measure,4,small,sum_one,uniform,3,349525,1069976,11,11,9690214761957071044,9690214761957071044,1
31,gcc-O3-v3,20260917,535,10,measure,5,dependency,chain_xor_mul,uniform,65536,64,6827463,11,11,5299772668389481216,5299772668389481216,1
31,gcc-O3-v3,20260917,536,10,measure,6,branch,sum_if,p750,65536,1,13296,11,11,14586442889165806448,14586442889165806448,1
31,gcc-O3-v3,20260917,537,10,measure,7,small,sum_one,uniform,64,16384,152076,11,11,14815439244071927808,14815439244071927808,1
31,gcc-O3-v3,20260917,538,10,measure,8,small,sum_one,uniform,48,21845,213128,11,11,18173204259618227916,18173204259618227916,1
31,gcc-O3-v3,20260917,539,10,measure,9,branch,filter_copy,p100,65536,1,147613,11,11,6554,6554,1
31,gcc-O3-v3,20260917,540,10,measure,10,branch,sum_if,p500,65536,1,15670,11,11,261284744287062128,261284744287062128,1
31,gcc-O3-v3,20260917,541,10,measure,11,branch,filter_copy_mask,p500,65536,1,28019,11,11,32768,32768,1
31,gcc-O3-v3,20260917,542,10,measure,12,small,sum_one,uniform,24,43690,223405,11,11,5019437447312423050,5019437447312423050,1
31,gcc-O3-v3,20260917,543,10,measure,13,branch,filter_copy,p750,65536,1,267108,11,11,49152,49152,1
31,gcc-O3-v3,20260917,544,10,measure,14,branch,filter_copy_mask,p250,65536,1,27754,11,11,16384,16384,1
31,gcc-O3-v3,20260917,545,10,measure,15,small,sum_one,uniform,192,5461,195300,11,11,17901819518249685373,17901819518249685373,1
31,gcc-O3-v3,20260917,546,10,measure,16,branch,sum_if,p250,65536,1,13510,11,11,75766260937212688,75766260937212688,1
31,gcc-O3-v3,20260917,547,10,measure,17,branch,filter_copy_mask,p500_sorted,65536,1,27554,11,11,32768,32768,1
31,gcc-O3-v3,20260917,548,10,measure,18,branch,filter_copy,p500_sorted,65536,1,26598,11,11,32768,32768,1
31,gcc-O3-v3,20260917,549,10,measure,19,branch,sum_if,p900,65536,1,13045,11,11,1957202038211152021,1957202038211152021,1
31,gcc-O3-v3,20260917,550,10,measure,20,dependency,sum_twice,uniform,65536,64,1001751,11,11,2381470745755881728,2381470745755881728,1
31,gcc-O3-v3,20260917,551,10,measure,21,small,sum_one,uniform,768,1365,114651,11,11,6760326044614544011,6760326044614544011,1
31,gcc-O3-v3,20260917,552,10,measure,22,small,sum_one,uniform,384,2730,127366,11,11,5767785928059657782,5767785928059657782,1
31,gcc-O3-v3,20260917,553,10,measure,23,small,sum_one,uniform,96,10922,138865,11,11,1966801938065649448,1966801938065649448,1
31,gcc-O3-v3,20260917,554,10,measure,24,small,sum_one,uniform,1,1048576,3450443,11,11,8452580083670974464,8452580083670974464,1
31,gcc-O3-v3,20260917,555,10,measure,25,small,sum_one,uniform,16,65536,278208,11,11,1403062601089810432,1403062601089810432,1
31,gcc-O3-v3,20260917,556,10,measure,26,branch,sum_if,p500_alternating,65536,1,13150,11,11,4196774058536912234,4196774058536912234,1
31,gcc-O3-v3,20260917,557,10,measure,27,branch,filter_copy_mask,p1000,65536,1,32626,11,11,65536,65536,1
31,gcc-O3-v3,20260917,558,10,measure,28,branch,filter_copy_mask,p100,65536,1,28385,11,11,6554,6554,1
31,gcc-O3-v3,20260917,559,10,measure,29,small,sum_one,uniform,256,4096,140082,11,11,12471836693395644416,12471836693395644416,1
31,gcc-O3-v3,20260917,560,10,measure,30,small,sum_one,uniform,2,524288,1737229,11,11,14489530702789345280,14489530702789345280,1
31,gcc-O3-v3,20260917,561,10,measure,31,branch,filter_copy,p900,65536,1,147577,11,11,58982,58982,1
31,gcc-O3-v3,20260917,562,10,measure,32,small,sum_one,uniform,4,262144,635913,11,11,6027757896494481408,6027757896494481408,1
31,gcc-O3-v3,20260917,563,10,measure,33,dependency,sum_four,uniform,65536,64,637701,11,11,1190735372877940864,1190735372877940864,1
31,gcc-O3-v3,20260917,564,10,measure,34,branch,sum_if,p000,65536,1,13377,11,11,0,0,1
31,gcc-O3-v3,20260917,565,10,measure,35,branch,filter_copy,p1000,65536,1,26908,11,11,65536,65536,1
31,gcc-O3-v3,20260917,566,10,measure,36,branch,filter_copy_mask,p000,65536,1,28354,11,11,0,0,1
31,gcc-O3-v3,20260917,567,10,measure,37,small,sum_one,uniform,6,174762,635328,11,11,4529353940760067638,4529353940760067638,1
31,gcc-O3-v3,20260917,568,10,measure,38,branch,filter_copy,p500,65536,1,378499,11,11,32768,32768,1
31,gcc-O3-v3,20260917,569,10,measure,39,branch,filter_copy,p500_alternating,65536,1,27538,11,11,32768,32768,1
31,gcc-O3-v3,20260917,570,10,measure,40,branch,filter_copy,p250,65536,1,287839,11,11,16384,16384,1
31,gcc-O3-v3,20260917,571,10,measure,41,branch,sum_if,p500_sorted,65536,1,15659,11,11,2213941836433581612,2213941836433581612,1
31,gcc-O3-v3,20260917,572,10,measure,42,branch,sum_if,p1000,65536,1,13078,11,11,4485739283943968327,4485739283943968327,1
31,gcc-O3-v3,20260917,573,10,measure,43,branch,filter_copy_mask,p750,65536,1,28300,11,11,49152,49152,1
31,gcc-O3-v3,20260917,574,10,measure,44,small,sum_one,uniform,1024,1024,112507,11,11,6113767114656410624,6113767114656410624,1
31,gcc-O3-v3,20260917,575,10,measure,45,branch,filter_copy_mask,p900,65536,1,27229,11,11,58982,58982,1
31,gcc-O3-v3,20260917,576,10,measure,46,small,sum_one,uniform,512,2048,125165,11,11,6127788314265579520,6127788314265579520,1
31,gcc-O3-v3,20260917,577,10,measure,47,dependency,sum_one,uniform,65536,64,499191,11,11,1190735372877940864,1190735372877940864,1
31,gcc-O3-v3,20260917,578,10,measure,48,small,sum_one,uniform,128,8192,128159,11,11,17503531059042279424,17503531059042279424,1
31,gcc-O3-v3,20260917,579,10,measure,49,dependency,split_xor_mul,uniform,65536,64,1292034,11,11,8310383708453772032,8310383708453772032,1
31,gcc-O3-v3,20260917,580,10,measure,50,branch,filter_copy_mask,p500_alternating,65536,1,26791,11,11,32768,32768,1
31,gcc-O3-v3,20260917,581,10,measure,51,branch,filter_copy,p000,65536,1,26323,11,11,0,0,1
31,gcc-O3-v3,20260917,582,10,measure,52,branch,sum_if,p100,65536,1,13161,11,11,3083979731501324985,3083979731501324985,1
31,gcc-O3-v3,20260917,583,11,measure,0,branch,sum_if,p750,65536,1,13108,11,11,14586442889165806448,14586442889165806448,1
31,gcc-O3-v3,20260917,584,11,measure,1,branch,sum_if,p900,65536,1,13103,11,11,1957202038211152021,1957202038211152021,1
31,gcc-O3-v3,20260917,585,11,measure,2,dependency,split_xor_mul,uniform,65536,64,1234021,11,11,8310383708453772032,8310383708453772032,1
31,gcc-O3-v3,20260917,586,11,measure,3,branch,sum_if,p500_alternating,65536,1,11120,11,11,4196774058536912234,4196774058536912234,1
31,gcc-O3-v3,20260917,587,11,measure,4,branch,sum_if,p1000,65536,1,12489,11,11,4485739283943968327,4485739283943968327,1
31,gcc-O3-v3,20260917,588,11,measure,5,branch,sum_if,p100,65536,1,13003,11,11,3083979731501324985,3083979731501324985,1
31,gcc-O3-v3,20260917,589,11,measure,6,dependency,chain_xor_mul,uniform,65536,64,6931079,11,11,5299772668389481216,5299772668389481216,1
31,gcc-O3-v3,20260917,590,11,measure,7,small,sum_one,uniform,2,524288,2143681,11,11,14489530702789345280,14489530702789345280,1
31,gcc-O3-v3,20260917,591,11,measure,8,dependency,sum_four,uniform,65536,64,758239,11,11,1190735372877940864,1190735372877940864,1
31,gcc-O3-v3,20260917,592,11,measure,9,branch,filter_copy,p250,65536,1,296615,11,11,16384,16384,1
31,gcc-O3-v3,20260917,593,11,measure,10,small,sum_one,uniform,8,131072,376085,11,11,11724155215337095168,11724155215337095168,1
31,gcc-O3-v3,20260917,594,11,measure,11,small,sum_one,uniform,16,65536,505601,11,11,1403062601089810432,1403062601089810432,1
31,gcc-O3-v3,20260917,595,11,measure,12,dependency,sum_one_bis,uniform,65536,64,654481,11,11,1190735372877940864,1190735372877940864,1
31,gcc-O3-v3,20260917,596,11,measure,13,small,sum_one,uniform,192,5461,164501,11,11,17901819518249685373,17901819518249685373,1
31,gcc-O3-v3,20260917,597,11,measure,14,small,sum_one,uniform,48,21845,210202,11,11,18173204259618227916,18173204259618227916,1
31,gcc-O3-v3,20260917,598,11,measure,15,small,sum_one,uniform,512,2048,118723,11,11,6127788314265579520,6127788314265579520,1
31,gcc-O3-v3,20260917,599,11,measure,16,small,sum_one,uniform,32,32768,197219,11,11,4730905112462327808,4730905112462327808,1
31,gcc-O3-v3,20260917,600,11,measure,17,small,sum_one,uniform,6,174762,591380,11,11,4529353940760067638,4529353940760067638,1
31,gcc-O3-v3,20260917,601,11,measure,18,branch,sum_if,p250,65536,1,13292,11,11,75766260937212688,75766260937212688,1
31,gcc-O3-v3,20260917,602,11,measure,19,branch,filter_copy,p500_sorted,65536,1,31169,11,11,32768,32768,1
31,gcc-O3-v3,20260917,603,11,measure,20,branch,filter_copy,p100,65536,1,151418,11,11,6554,6554,1
31,gcc-O3-v3,20260917,604,11,measure,21,small,sum_one,uniform,1,1048576,3429872,11,11,8452580083670974464,8452580083670974464,1
31,gcc-O3-v3,20260917,605,11,measure,22,branch,filter_copy_mask,p500_sorted,65536,1,28219,11,11,32768,32768,1
31,gcc-O3-v3,20260917,606,11,measure,23,small,sum_one,uniform,3,349525,1001428,11,11,9690214761957071044,9690214761957071044,1
31,gcc-O3-v3,20260917,607,11,measure,24,branch,sum_if,p500,65536,1,15662,11,11,261284744287062128,261284744287062128,1
31,gcc-O3-v3,20260917,608,11,measure,25,branch,sum_if,p000,65536,1,18856,11,11,0,0,1
31,gcc-O3-v3,20260917,609,11,measure,26,branch,filter_copy_mask,p500,65536,1,28626,11,11,32768,32768,1
31,gcc-O3-v3,20260917,610,11,measure,27,branch,filter_copy_mask,p100,65536,1,34813,11,11,6554,6554,1
31,gcc-O3-v3,20260917,611,11,measure,28,small,sum_one,uniform,1024,1024,112938,11,11,6113767114656410624,6113767114656410624,1
31,gcc-O3-v3,20260917,612,11,measure,29,branch,filter_copy_mask,p000,65536,1,27255,11,11,0,0,1
31,gcc-O3-v3,20260917,613,11,measure,30,branch,filter_copy,p500,65536,1,379677,11,11,32768,32768,1
31,gcc-O3-v3,20260917,614,11,measure,31,branch,filter_copy,p500_alternating,65536,1,27557,11,11,32768,32768,1
31,gcc-O3-v3,20260917,615,11,measure,32,small,sum_one,uniform,12,87381,322431,11,11,18208879310165819389,18208879310165819389,1
31,gcc-O3-v3,20260917,616,11,measure,33,small,sum_one,uniform,128,8192,128719,11,11,17503531059042279424,17503531059042279424,1
31,gcc-O3-v3,20260917,617,11,measure,34,small,sum_one,uniform,768,1365,116572,11,11,6760326044614544011,6760326044614544011,1
31,gcc-O3-v3,20260917,618,11,measure,35,small,sum_one,uniform,256,4096,159198,11,11,12471836693395644416,12471836693395644416,1
31,gcc-O3-v3,20260917,619,11,measure,36,branch,filter_copy,p900,65536,1,146930,11,11,58982,58982,1
31,gcc-O3-v3,20260917,620,11,measure,37,branch,filter_copy_mask,p250,65536,1,28975,11,11,16384,16384,1
31,gcc-O3-v3,20260917,621,11,measure,38,branch,filter_copy_mask,p750,65536,1,29541,11,11,49152,49152,1
31,gcc-O3-v3,20260917,622,11,measure,39,small,sum_one,uniform,384,2730,127611,11,11,5767785928059657782,5767785928059657782,1
31,gcc-O3-v3,20260917,623,11,measure,40,small,sum_one,uniform,4,262144,630479,11,11,6027757896494481408,6027757896494481408,1
31,gcc-O3-v3,20260917,624,11,measure,41,branch,filter_copy,p750,65536,1,264521,11,11,49152,49152,1
31,gcc-O3-v3,20260917,625,11,measure,42,branch,filter_copy,p000,65536,1,29376,11,11,0,0,1
31,gcc-O3-v3,20260917,626,11,measure,43,small,sum_one,uniform,24,43690,219751,11,11,5019437447312423050,5019437447312423050,1
31,gcc-O3-v3,20260917,627,11,measure,44,small,sum_one,uniform,96,10922,135796,11,11,1966801938065649448,1966801938065649448,1
31,gcc-O3-v3,20260917,628,11,measure,45,small,sum_one,uniform,64,16384,151553,11,11,14815439244071927808,14815439244071927808,1
31,gcc-O3-v3,20260917,629,11,measure,46,dependency,sum_twice,uniform,65536,64,1005386,11,11,2381470745755881728,2381470745755881728,1
31,gcc-O3-v3,20260917,630,11,measure,47,branch,filter_copy_mask,p900,65536,1,27471,11,11,58982,58982,1
31,gcc-O3-v3,20260917,631,11,measure,48,branch,filter_copy,p1000,65536,1,28713,11,11,65536,65536,1
31,gcc-O3-v3,20260917,632,11,measure,49,branch,filter_copy_mask,p1000,65536,1,28783,11,11,65536,65536,1
31,gcc-O3-v3,20260917,633,11,measure,50,branch,sum_if,p500_sorted,65536,1,15477,11,11,2213941836433581612,2213941836433581612,1
31,gcc-O3-v3,20260917,634,11,measure,51,branch,filter_copy_mask,p500_alternating,65536,1,27687,11,11,32768,32768,1
31,gcc-O3-v3,20260917,635,11,measure,52,dependency,sum_one,uniform,65536,64,499129,11,11,1190735372877940864,1190735372877940864,1
31,gcc-O3-v3,20260917,636,12,measure,0,branch,filter_copy_mask,p500_alternating,65536,1,27637,11,11,32768,32768,1
31,gcc-O3-v3,20260917,637,12,measure,1,dependency,sum_one_bis,uniform,65536,64,503167,11,11,1190735372877940864,1190735372877940864,1
31,gcc-O3-v3,20260917,638,12,measure,2,branch,filter_copy,p250,65536,1,272682,11,11,16384,16384,1
31,gcc-O3-v3,20260917,639,12,measure,3,branch,filter_copy_mask,p500_sorted,65536,1,28769,11,11,32768,32768,1
31,gcc-O3-v3,20260917,640,12,measure,4,small,sum_one,uniform,192,5461,195840,11,11,17901819518249685373,17901819518249685373,1
31,gcc-O3-v3,20260917,641,12,measure,5,small,sum_one,uniform,256,4096,159073,11,11,12471836693395644416,12471836693395644416,1
31,gcc-O3-v3,20260917,642,12,measure,6,small,sum_one,uniform,8,131072,420316,11,11,11724155215337095168,11724155215337095168,1
31,gcc-O3-v3,20260917,643,12,measure,7,branch,sum_if,p750,65536,1,13575,11,11,14586442889165806448,14586442889165806448,1
31,gcc-O3-v3,20260917,644,12,measure,8,branch,filter_copy_mask,p750,65536,1,28559,11,11,49152,49152,1
31,gcc-O3-v3,20260917,645,12,measure,9,branch,filter_copy,p500_alternating,65536,1,26512,11,11,32768,32768,1
31,gcc-O3-v3,20260917,646,12,measure,10,small,sum_one,uniform,4,262144,634375,11,11,6027757896494481408,6027757896494481408,1
31,gcc-O3-v3,20260917,647,12,measure,11,small,sum_one,uniform,6,174762,632854,11,11,4529353940760067638,4529353940760067638,1
31,gcc-O3-v3,20260917,648,12,measure,12,small,sum_one,uniform,24,43690,218950,11,11,5019437447312423050,5019437447312423050,1
31,gcc-O3-v3,20260917,649,12,measure,13,small,sum_one,uniform,1,1048576,3571357,11,11,8452580083670974464,8452580083670974464,1
31,gcc-O3-v3,20260917,650,12,measure,14,branch,filter_copy_mask,p900,65536,1,28747,11,11,58982,58982,1
31,gcc-O3-v3,20260917,651,12,measure,15,branch,sum_if,p250,65536,1,15419,11,11,75766260937212688,75766260937212688,1
31,gcc-O3-v3,20260917,652,12,measure,16,small,sum_one,uniform,96,10922,139138,11,11,1966801938065649448,1966801938065649448,1
31,gcc-O3-v3,20260917,653,12,measure,17,dependency,sum_one,uniform,65536,64,499417,11,11,1190735372877940864,1190735372877940864,1
31,gcc-O3-v3,20260917,654,12,measure,18,branch,filter_copy,p000,65536,1,26396,11,11,0,0,1
31,gcc-O3-v3,20260917,655,12,measure,19,branch,filter_copy_mask,p100,65536,1,26972,11,11,6554,6554,1
31,gcc-O3-v3,20260917,656,12,measure,20,small,sum_one,uniform,768,1365,114543,11,11,6760326044614544011,6760326044614544011,1
31,gcc-O3-v3,20260917,657,12,measure,21,branch,filter_copy,p1000,65536,1,27506,11,11,65536,65536,1
31,gcc-O3-v3,20260917,658,12,measure,22,branch,sum_if,p900,65536,1,13761,11,11,1957202038211152021,1957202038211152021,1
31,gcc-O3-v3,20260917,659,12,measure,23,small,sum_one,uniform,64,16384,151558,11,11,14815439244071927808,14815439244071927808,1
31,gcc-O3-v3,20260917,660,12,measure,24,branch,sum_if,p100,65536,1,13052,11,11,3083979731501324985,3083979731501324985,1
31,gcc-O3-v3,20260917,661,12,measure,25,small,sum_one,uniform,128,8192,135937,11,11,17503531059042279424,17503531059042279424,1
31,gcc-O3-v3,20260917,662,12,measure,26,dependency,sum_four,uniform,65536,64,637459,11,11,1190735372877940864,1190735372877940864,1
31,gcc-O3-v3,20260917,663,12,measure,27,dependency,split_xor_mul,uniform,65536,64,1318489,11,11,8310383708453772032,8310383708453772032,1
31,gcc-O3-v3,20260917,664,12,measure,28,small,sum_one,uniform,3,349525,990813,11,11,9690214761957071044,9690214761957071044,1
31,gcc-O3-v3,20260917,665,12,measure,29,branch,filter_copy,p500_sorted,65536,1,27293,11,11,32768,32768,1
31,gcc-O3-v3,20260917,666,12,measure,30,small,sum_one,uniform,384,2730,127465,11,11,5767785928059657782,5767785928059657782,1
31,gcc-O3-v3,20260917,667,12,measure,31,small,sum_one,uniform,16,65536,278583,11,11,1403062601089810432,1403062601089810432,1
31,gcc-O3-v3,20260917,668,12,measure,32,branch,sum_if,p500_alternating,65536,1,13226,11,11,4196774058536912234,4196774058536912234,1
31,gcc-O3-v3,20260917,669,12,measure,33,branch,sum_if,p000,65536,1,13044,11,11,0,0,1
31,gcc-O3-v3,20260917,670,12,measure,34,branch,filter_copy,p750,65536,1,251763,11,11,49152,49152,1
31,gcc-O3-v3,20260917,671,12,measure,35,small,sum_one,uniform,32,32768,210305,11,11,4730905112462327808,4730905112462327808,1
31,gcc-O3-v3,20260917,672,12,measure,36,branch,sum_if,p500,65536,1,13106,11,11,261284744287062128,261284744287062128,1
31,gcc-O3-v3,20260917,673,12,measure,37,small,sum_one,uniform,48,21845,210211,11,11,18173204259618227916,18173204259618227916,1
31,gcc-O3-v3,20260917,674,12,measure,38,small,sum_one,uniform,1024,1024,109948,11,11,6113767114656410624,6113767114656410624,1
31,gcc-O3-v3,20260917,675,12,measure,39,dependency,sum_twice,uniform,65536,64,1003017,11,11,2381470745755881728,2381470745755881728,1
31,gcc-O3-v3,20260917,676,12,measure,40,branch,filter_copy_mask,p250,65536,1,27600,11,11,16384,16384,1
31,gcc-O3-v3,20260917,677,12,measure,41,branch,filter_copy_mask,p000,65536,1,27449,11,11,0,0,1
31,gcc-O3-v3,20260917,678,12,measure,42,small,sum_one,uniform,2,524288,1733980,11,11,14489530702789345280,14489530702789345280,1
31,gcc-O3-v3,20260917,679,12,measure,43,branch,sum_if,p500_sorted,65536,1,15771,11,11,2213941836433581612,2213941836433581612,1
31,gcc-O3-v3,20260917,680,12,measure,44,branch,filter_copy,p900,65536,1,145155,11,11,58982,58982,1
31,gcc-O3-v3,20260917,681,12,measure,45,small,sum_one,uniform,12,87381,315244,11,11,18208879310165819389,18208879310165819389,1
31,gcc-O3-v3,20260917,682,12,measure,46,branch,filter_copy_mask,p1000,65536,1,28961,11,11,65536,65536,1
31,gcc-O3-v3,20260917,683,12,measure,47,branch,filter_copy,p500,65536,1,371591,11,11,32768,32768,1
31,gcc-O3-v3,20260917,684,12,measure,48,small,sum_one,uniform,512,2048,123443,11,11,6127788314265579520,6127788314265579520,1
31,gcc-O3-v3,20260917,685,12,measure,49,dependency,chain_xor_mul,uniform,65536,64,6756538,11,11,5299772668389481216,5299772668389481216,1
31,gcc-O3-v3,20260917,686,12,measure,50,branch,filter_copy_mask,p500,65536,1,28473,11,11,32768,32768,1
31,gcc-O3-v3,20260917,687,12,measure,51,branch,filter_copy,p100,65536,1,146970,11,11,6554,6554,1
31,gcc-O3-v3,20260917,688,12,measure,52,branch,sum_if,p1000,65536,1,13384,11,11,4485739283943968327,4485739283943968327,1
31,gcc-O3-v3,20260917,689,13,measure,0,small,sum_one,uniform,32,32768,197658,11,11,4730905112462327808,4730905112462327808,1
31,gcc-O3-v3,20260917,690,13,measure,1,branch,sum_if,p250,65536,1,13243,11,11,75766260937212688,75766260937212688,1
31,gcc-O3-v3,20260917,691,13,measure,2,branch,filter_copy,p1000,65536,1,27316,11,11,65536,65536,1
31,gcc-O3-v3,20260917,692,13,measure,3,branch,filter_copy,p500_sorted,65536,1,26437,11,11,32768,32768,1
31,gcc-O3-v3,20260917,693,13,measure,4,branch,filter_copy_mask,p000,65536,1,28418,11,11,0,0,1
31,gcc-O3-v3,20260917,694,13,measure,5,branch,filter_copy,p100,65536,1,148258,11,11,6554,6554,1
31,gcc-O3-v3,20260917,695,13,measure,6,branch,sum_if,p900,65536,1,13158,11,11,1957202038211152021,1957202038211152021,1
31,gcc-O3-v3,20260917,696,13,measure,7,dependency,sum_four,uniform,65536,64,637410,11,11,1190735372877940864,1190735372877940864,1
31,gcc-O3-v3,20260917,697,13,measure,8,small,sum_one,uniform,2,524288,1711309,11,11,14489530702789345280,14489530702789345280,1
31,gcc-O3-v3,20260917,698,13,measure,9,small,sum_one,uniform,8,131072,370204,11,11,11724155215337095168,11724155215337095168,1
31,gcc-O3-v3,20260917,699,13,measure,10,branch,filter_copy_mask,p900,65536,1,27759,11,11,58982,58982,1
31,gcc-O3-v3,20260917,700,13,measure,11,branch,filter_copy_mask,p100,65536,1,27290,11,11,6554,6554,1
31,gcc-O3-v3,20260917,701,13,measure,12,dependency,sum_one,uniform,65536,64,508422,11,11,1190735372877940864,1190735372877940864,1
31,gcc-O3-v3,20260917,702,13,measure,13,dependency,sum_one_bis,uniform,65536,64,499036,11,11,1190735372877940864,1190735372877940864,1
31,gcc-O3-v3,20260917,703,13,measure,14,small,sum_one,uniform,48,21845,212840,11,11,18173204259618227916,18173204259618227916,1
31,gcc-O3-v3,20260917,704,13,measure,15,branch,sum_if,p750,65536,1,13458,11,11,14586442889165806448,14586442889165806448,1
31,gcc-O3-v3,20260917,705,13,measure,16,branch,filter_copy_mask,p500_alternating,65536,1,28145,11,11,32768,32768,1
31,gcc-O3-v3,20260917,706,13,measure,17,small,sum_one,uniform,768,1365,112002,11,11,6760326044614544011,6760326044614544011,1
31,gcc-O3-v3,20260917,707,13,measure,18,branch,sum_if,p500_alternating,65536,1,13057,11,11,4196774058536912234,4196774058536912234,1
31,gcc-O3-v3,20260917,708,13,measure,19,small,sum_one,uniform,192,5461,160235,11,11,17901819518249685373,17901819518249685373,1
31,gcc-O3-v3,20260917,709,13,measure,20,branch,sum_if,p500,65536,1,13248,11,11,261284744287062128,261284744287062128,1
31,gcc-O3-v3,20260917,710,13,measure,21,small,sum_one,uniform,6,174762,630462,11,11,4529353940760067638,4529353940760067638,1
31,gcc-O3-v3,20260917,711,13,measure,22,branch,sum_if,p500_sorted,65536,1,12993,11,11,2213941836433581612,2213941836433581612,1
31,gcc-O3-v3,20260917,712,13,measure,23,branch,filter_copy_mask,p500,65536,1,28081,11,11,32768,32768,1
31,gcc-O3-v3,20260917,713,13,measure,24,branch,sum_if,p1000,65536,1,15639,11,11,4485739283943968327,4485739283943968327,1
31,gcc-O3-v3,20260917,714,13,measure,25,branch,filter_copy,p250,65536,1,260342,11,11,16384,16384,1
31,gcc-O3-v3,20260917,715,13,measure,26,small,sum_one,uniform,256,4096,164063,11,11,12471836693395644416,12471836693395644416,1
31,gcc-O3-v3,20260917,716,13,measure,27,dependency,chain_xor_mul,uniform,65536,64,6768864,11,11,5299772668389481216,5299772668389481216,1
31,gcc-O3-v3,20260917,717,13,measure,28,branch,filter_copy_mask,p750,65536,1,27815,11,11,49152,49152,1
31,gcc-O3-v3,20260917,718,13,measure,29,small,sum_one,uniform,4,262144,634159,11,11,6027757896494481408,6027757896494481408,1
31,gcc-O3-v3,20260917,719,13,measure,30,small,sum_one,uniform,3,349525,1001989,11,11,9690214761957071044,9690214761957071044,1
31,gcc-O3-v3,20260917,720,13,measure,31,small,sum_one,uniform,128,8192,131035,11,11,17503531059042279424,17503531059042279424,1
31,gcc-O3-v3,20260917,721,13,measure,32,branch,filter_copy_mask,p250,65536,1,27378,11,11,16384,16384,1
31,gcc-O3-v3,20260917,722,13,measure,33,small,sum_one,uniform,24,43690,226529,11,11,5019437447312423050,5019437447312423050,1
31,gcc-O3-v3,20260917,723,13,measure,34,small,sum_one,uniform,384,2730,124703,11,11,5767785928059657782,5767785928059657782,1
31,gcc-O3-v3,20260917,724,13,measure,35,small,sum_one,uniform,512,2048,118695,11,11,6127788314265579520,6127788314265579520,1
31,gcc-O3-v3,20260917,725,13,measure,36,dependency,sum_twice,uniform,65536,64,1000631,11,11,2381470745755881728,2381470745755881728,1
31,gcc-O3-v3,20260917,726,13,measure,37,branch,filter_copy,p500,65536,1,372998,11,11,32768,32768,1
31,gcc-O3-v3,20260917,727,13,measure,38,branch,filter_copy,p900,65536,1,149794,11,11,58982,58982,1
31,gcc-O3-v3,20260917,728,13,measure,39,dependency,split_xor_mul,uniform,65536,64,1253375,11,11,8310383708453772032,8310383708453772032,1
31,gcc-O3-v3,20260917,729,13,measure,40,small,sum_one,uniform,96,10922,135820,11,11,1966801938065649448,1966801938065649448,1
31,gcc-O3-v3,20260917,730,13,measure,41,branch,filter_copy,p000,65536,1,26445,11,11,0,0,1
31,gcc-O3-v3,20260917,731,13,measure,42,small,sum_one,uniform,1024,1024,105691,11,11,6113767114656410624,6113767114656410624,1
31,gcc-O3-v3,20260917,732,13,measure,43,small,sum_one,uniform,12,87381,318127,11,11,18208879310165819389,18208879310165819389,1
31,gcc-O3-v3,20260917,733,13,measure,44,branch,filter_copy,p500_alternating,65536,1,26567,11,11,32768,32768,1
31,gcc-O3-v3,20260917,734,13,measure,45,small,sum_one,uniform,16,65536,275907,11,11,1403062601089810432,1403062601089810432,1
31,gcc-O3-v3,20260917,735,13,measure,46,branch,filter_copy,p750,65536,1,267848,11,11,49152,49152,1
31,gcc-O3-v3,20260917,736,13,measure,47,small,sum_one,uniform,64,16384,151685,11,11,14815439244071927808,14815439244071927808,1
31,gcc-O3-v3,20260917,737,13,measure,48,branch,sum_if,p000,65536,1,13329,11,11,0,0,1
31,gcc-O3-v3,20260917,738,13,measure,49,small,sum_one,uniform,1,1048576,3414379,11,11,8452580083670974464,8452580083670974464,1
31,gcc-O3-v3,20260917,739,13,measure,50,branch,filter_copy_mask,p500_sorted,65536,1,27176,11,11,32768,32768,1
31,gcc-O3-v3,20260917,740,13,measure,51,branch,filter_copy_mask,p1000,65536,1,27837,11,11,65536,65536,1
31,gcc-O3-v3,20260917,741,13,measure,52,branch,sum_if,p100,65536,1,16514,11,11,3083979731501324985,3083979731501324985,1
31,gcc-O3-v3,20260917,742,14,measure,0,small,sum_one,uniform,768,1365,119621,11,11,6760326044614544011,6760326044614544011,1
31,gcc-O3-v3,20260917,743,14,measure,1,small,sum_one,uniform,32,32768,206879,11,11,4730905112462327808,4730905112462327808,1
31,gcc-O3-v3,20260917,744,14,measure,2,small,sum_one,uniform,8,131072,367807,11,11,11724155215337095168,11724155215337095168,1
31,gcc-O3-v3,20260917,745,14,measure,3,small,sum_one,uniform,24,43690,221796,11,11,5019437447312423050,5019437447312423050,1
31,gcc-O3-v3,20260917,746,14,measure,4,branch,filter_copy_mask,p750,65536,1,29374,11,11,49152,49152,1
31,gcc-O3-v3,20260917,747,14,measure,5,branch,filter_copy,p100,65536,1,150091,11,11,6554,6554,1
31,gcc-O3-v3,20260917,748,14,measure,6,branch,filter_copy_mask,p100,65536,1,26884,11,11,6554,6554,1
31,gcc-O3-v3,20260917,749,14,measure,7,small,sum_one,uniform,1,1048576,3513859,11,11,8452580083670974464,8452580083670974464,1
31,gcc-O3-v3,20260917,750,14,measure,8,small,sum_one,uniform,64,16384,153970,11,11,14815439244071927808,14815439244071927808,1
31,gcc-O3-v3,20260917,751,14,measure,9,dependency,split_xor_mul,uniform,65536,64,1293811,11,11,8310383708453772032,8310383708453772032,1
31,gcc-O3-v3,20260917,752,14,measure,10,branch,filter_copy,p500,65536,1,372148,11,11,32768,32768,1
31,gcc-O3-v3,20260917,753,14,measure,11,branch,sum_if,p750,65536,1,13056,11,11,14586442889165806448,14586442889165806448,1
31,gcc-O3-v3,20260917,754,14,measure,12,branch,filter_copy,p250,65536,1,270988,11,11,16384,16384,1
31,gcc-O3-v3,20260917,755,14,measure,13,small,sum_one,uniform,12,87381,318833,11,11,18208879310165819389,18208879310165819389,1
31,gcc-O3-v3,20260917,756,14,measure,14,dependency,sum_one_bis,uniform,65536,64,504422,11,11,1190735372877940864,1190735372877940864,1
31,gcc-O3-v3,20260917,757,14,measure,15,dependency,sum_one,uniform,65536,64,502210,11,11,1190735372877940864,1190735372877940864,1
31,gcc-O3-v3,20260917,758,14,measure,16,branch,sum_if,p000,65536,1,13090,11,11,0,0,1
31,gcc-O3-v3,20260917,759,14,measure,17,branch,filter_copy,p750,65536,1,272595,11,11,49152,49152,1
31,gcc-O3-v3,20260917,760,14,measure,18,dependency,chain_xor_mul,uniform,65536,64,6749664,11,11,5299772668389481216,5299772668389481216,1
31,gcc-O3-v3,20260917,761,14,measure,19,branch,filter_copy_mask,p500_sorted,65536,1,27424,11,11,32768,32768,1
31,gcc-O3-v3,20260917,762,14,measure,20,branch,filter_copy,p500_sorted,65536,1,26512,11,11,32768,32768,1
31,gcc-O3-v3,20260917,763,14,measure,21,small,sum_one,uniform,128,8192,128476,11,11,17503531059042279424,17503531059042279424,1
31,gcc-O3-v3,20260917,764,14,measure,22,branch,sum_if,p1000,65536,1,13051,11,11,4485739283943968327,4485739283943968327,1
31,gcc-O3-v3,20260917,765,14,measure,23,branch,sum_if,p100,65536,1,13052,11,11,3083979731501324985,3083979731501324985,1
31,gcc-O3-v3,20260917,766,14,measure,24,branch,sum_if,p500_sorted,65536,1,13230,11,11,2213941836433581612,2213941836433581612,1
31,gcc-O3-v3,20260917,767,14,measure,25,small,sum_one,uniform,96,10922,135792,11,11,1966801938065649448,1966801938065649448,1
31,gcc-O3-v3,20260917,768,14,measure,26,branch,filter_copy_mask,p900,65536,1,27504,11,11,58982,58982,1
31,gcc-O3-v3,20260917,769,14,measure,27,branch,sum_if,p250,65536,1,15507,11,11,75766260937212688,75766260937212688,1
31,gcc-O3-v3,20260917,770,14,measure,28,small,sum_one,uniform,2,524288,1826435,11,11,14489530702789345280,14489530702789345280,1
31,gcc-O3-v3,20260917,771,14,measure,29,small,sum_one,uniform,4,262144,632921,11,11,6027757896494481408,6027757896494481408,1
31,gcc-O3-v3,20260917,772,14,measure,30,branch,filter_copy_mask,p500,65536,1,27987,11,11,32768,32768,1
31,gcc-O3-v3,20260917,773,14,measure,31,dependency,sum_four,uniform,65536,64,643461,11,11,1190735372877940864,1190735372877940864,1
31,gcc-O3-v3,20260917,774,14,measure,32,small,sum_one,uniform,3,349525,997507,11,11,9690214761957071044,9690214761957071044,1
31,gcc-O3-v3,20260917,775,14,measure,33,branch,filter_copy,p900,65536,1,147952,11,11,58982,58982,1
31,gcc-O3-v3,20260917,776,14,measure,34,small,sum_one,uniform,16,65536,281865,11,11,1403062601089810432,1403062601089810432,1
31,gcc-O3-v3,20260917,777,14,measure,35,small,sum_one,uniform,192,5461,169378,11,11,17901819518249685373,17901819518249685373,1
31,gcc-O3-v3,20260917,778,14,measure,36,small,sum_one,uniform,256,4096,140040,11,11,12471836693395644416,12471836693395644416,1
31,gcc-O3-v3,20260917,779,14,measure,37,small,sum_one,uniform,384,2730,124260,11,11,5767785928059657782,5767785928059657782,1
31,gcc-O3-v3,20260917,780,14,measure,38,small,sum_one,uniform,1024,1024,109364,11,11,6113767114656410624,6113767114656410624,1
31,gcc-O3-v3,20260917,781,14,measure,39,small,sum_one,uniform,512,2048,118565,11,11,6127788314265579520,6127788314265579520,1
31,gcc-O3-v3,20260917,782,14,measure,40,small,sum_one,uniform,6,174762,633914,11,11,4529353940760067638,4529353940760067638,1
31,gcc-O3-v3,20260917,783,14,measure,41,branch,filter_copy_mask,p250,65536,1,28108,11,11,16384,16384,1
31,gcc-O3-v3,20260917,784,14,measure,42,branch,sum_if,p900,65536,1,15441,11,11,1957202038211152021,1957202038211152021,1
31,gcc-O3-v3,20260917,785,14,measure,43,branch,filter_copy_mask,p000,65536,1,27178,11,11,0,0,1
31,gcc-O3-v3,20260917,786,14,measure,44,dependency,sum_twice,uniform,65536,64,1025747,11,11,2381470745755881728,2381470745755881728,1
31,gcc-O3-v3,20260917,787,14,measure,45,branch,filter_copy_mask,p500_alternating,65536,1,27959,11,11,32768,32768,1
31,gcc-O3-v3,20260917,788,14,measure,46,branch,sum_if,p500,65536,1,13047,11,11,261284744287062128,261284744287062128,1
31,gcc-O3-v3,20260917,789,14,measure,47,branch,sum_if,p500_alternating,65536,1,13286,11,11,4196774058536912234,4196774058536912234,1
31,gcc-O3-v3,20260917,790,14,measure,48,small,sum_one,uniform,48,21845,210494,11,11,18173204259618227916,18173204259618227916,1
31,gcc-O3-v3,20260917,791,14,measure,49,branch,filter_copy,p000,65536,1,35224,11,11,0,0,1
31,gcc-O3-v3,20260917,792,14,measure,50,branch,filter_copy,p1000,65536,1,30767,11,11,65536,65536,1
31,gcc-O3-v3,20260917,793,14,measure,51,branch,filter_copy,p500_alternating,65536,1,27520,11,11,32768,32768,1
31,gcc-O3-v3,20260917,794,14,measure,52,branch,filter_copy_mask,p1000,65536,1,28538,11,11,65536,65536,1
31,gcc-O3-v3,20260917,795,15,measure,0,small,sum_one,uniform,2,524288,1875393,11,11,14489530702789345280,14489530702789345280,1
31,gcc-O3-v3,20260917,796,15,measure,1,dependency,chain_xor_mul,uniform,65536,64,6861486,11,11,5299772668389481216,5299772668389481216,1
31,gcc-O3-v3,20260917,797,15,measure,2,branch,filter_copy_mask,p500,65536,1,28248,11,11,32768,32768,1
31,gcc-O3-v3,20260917,798,15,measure,3,small,sum_one,uniform,8,131072,385094,11,11,11724155215337095168,11724155215337095168,1
31,gcc-O3-v3,20260917,799,15,measure,4,branch,filter_copy,p900,65536,1,144868,11,11,58982,58982,1
31,gcc-O3-v3,20260917,800,15,measure,5,branch,filter_copy_mask,p750,65536,1,29533,11,11,49152,49152,1
31,gcc-O3-v3,20260917,801,15,measure,6,dependency,sum_four,uniform,65536,64,635816,11,11,1190735372877940864,1190735372877940864,1
31,gcc-O3-v3,20260917,802,15,measure,7,branch,filter_copy,p000,65536,1,26364,11,11,0,0,1
31,gcc-O3-v3,20260917,803,15,measure,8,branch,sum_if,p750,65536,1,13247,11,11,14586442889165806448,14586442889165806448,1
31,gcc-O3-v3,20260917,804,15,measure,9,branch,filter_copy,p100,65536,1,147485,11,11,6554,6554,1
31,gcc-O3-v3,20260917,805,15,measure,10,branch,filter_copy_mask,p250,65536,1,27633,11,11,16384,16384,1
31,gcc-O3-v3,20260917,806,15,measure,11,branch,filter_copy,p500_alternating,65536,1,26754,11,11,32768,32768,1
31,gcc-O3-v3,20260917,807,15,measure,12,small,sum_one,uniform,32,32768,197134,11,11,4730905112462327808,4730905112462327808,1
31,gcc-O3-v3,20260917,808,15,measure,13,branch,filter_copy_mask,p900,65536,1,27447,11,11,58982,58982,1
31,gcc-O3-v3,20260917,809,15,measure,14,branch,filter_copy,p250,65536,1,271274,11,11,16384,16384,1
31,gcc-O3-v3,20260917,810,15,measure,15,branch,sum_if,p500,65536,1,13279,11,11,261284744287062128,261284744287062128,1
31,gcc-O3-v3,20260917,811,15,measure,16,small,sum_one,uniform,1,1048576,3553201,11,11,8452580083670974464,8452580083670974464,1
31,gcc-O3-v3,20260917,812,15,measure,17,small,sum_one,uniform,16,65536,282140,11,11,1403062601089810432,1403062601089810432,1
31,gcc-O3-v3,20260917,813,15,measure,18,small,sum_one,uniform,384,2730,125131,11,11,5767785928059657782,5767785928059657782,1
31,gcc-O3-v3,20260917,814,15,measure,19,small,sum_one,uniform,64,16384,151557,11,11,14815439244071927808,14815439244071927808,1
31,gcc-O3-v3,20260917,815,15,measure,20,branch,filter_copy_mask,p500_alternating,65536,1,30182,11,11,32768,32768,1
31,gcc-O3-v3,20260917,816,15,measure,21,dependency,sum_one,uniform,65536,64,502488,11,11,1190735372877940864,1190735372877940864,1
31,gcc-O3-v3,20260917,817,15,measure,22,branch,sum_if,p500_sorted,65536,1,13922,11,11,2213941836433581612,2213941836433581612,1
31,gcc-O3-v3,20260917,818,15,measure,23,branch,sum_if,p000,65536,1,13114,11,11,0,0,1
31,gcc-O3-v3,20260917,819,15,measure,24,small,sum_one,uniform,6,174762,634368,11,11,4529353940760067638,4529353940760067638,1
31,gcc-O3-v3,20260917,820,15,measure,25,dependency,sum_twice,uniform,65536,64,1002612,11,11,2381470745755881728,2381470745755881728,1
31,gcc-O3-v3,20260917,821,15,measure,26,small,sum_one,uniform,256,4096,139865,11,11,12471836693395644416,12471836693395644416,1
31,gcc-O3-v3,20260917,822,15,measure,27,branch,filter_copy,p1000,65536,1,35619,11,11,65536,65536,1
31,gcc-O3-v3,20260917,823,15,measure,28,small,sum_one,uniform,12,87381,322263,11,11,18208879310165819389,18208879310165819389,1
31,gcc-O3-v3,20260917,824,15,measure,29,branch,sum_if,p250,65536,1,13039,11,11,75766260937212688,75766260937212688,1
31,gcc-O3-v3,20260917,825,15,measure,30,dependency,sum_one_bis,uniform,65536,64,504352,11,11,1190735372877940864,1190735372877940864,1
31,gcc-O3-v3,20260917,826,15,measure,31,branch,filter_copy_mask,p100,65536,1,27229,11,11,6554,6554,1
31,gcc-O3-v3,20260917,827,15,measure,32,branch,sum_if,p500_alternating,65536,1,12992,11,11,4196774058536912234,4196774058536912234,1
31,gcc-O3-v3,20260917,828,15,measure,33,small,sum_one,uniform,96,10922,135839,11,11,1966801938065649448,1966801938065649448,1
31,gcc-O3-v3,20260917,829,15,measure,34,branch,filter_copy,p750,65536,1,266698,11,11,49152,49152,1
31,gcc-O3-v3,20260917,830,15,measure,35,branch,filter_copy,p500_sorted,65536,1,27626,11,11,32768,32768,1
31,gcc-O3-v3,20260917,831,15,measure,36,branch,sum_if,p1000,65536,1,15730,11,11,4485739283943968327,4485739283943968327,1
31,gcc-O3-v3,20260917,832,15,measure,37,small,sum_one,uniform,48,21845,210236,11,11,18173204259618227916,18173204259618227916,1
31,gcc-O3-v3,20260917,833,15,measure,38,branch,filter_copy_mask,p1000,65536,1,27456,11,11,65536,65536,1
31,gcc-O3-v3,20260917,834,15,measure,39,small,sum_one,uniform,4,262144,633820,11,11,6027757896494481408,6027757896494481408,1
31,gcc-O3-v3,20260917,835,15,measure,40,small,sum_one,uniform,3,349525,1002663,11,11,9690214761957071044,9690214761957071044,1
31,gcc-O3-v3,20260917,836,15,measure,41,branch,filter_copy_mask,p500_sorted,65536,1,28129,11,11,32768,32768,1
31,gcc-O3-v3,20260917,837,15,measure,42,branch,filter_copy,p500,65536,1,388867,11,11,32768,32768,1
31,gcc-O3-v3,20260917,838,15,measure,43,small,sum_one,uniform,24,43690,225544,11,11,5019437447312423050,5019437447312423050,1
31,gcc-O3-v3,20260917,839,15,measure,44,small,sum_one,uniform,192,5461,165856,11,11,17901819518249685373,17901819518249685373,1
31,gcc-O3-v3,20260917,840,15,measure,45,dependency,split_xor_mul,uniform,65536,64,1317216,11,11,8310383708453772032,8310383708453772032,1
31,gcc-O3-v3,20260917,841,15,measure,46,branch,sum_if,p100,65536,1,11139,11,11,3083979731501324985,3083979731501324985,1
31,gcc-O3-v3,20260917,842,15,measure,47,small,sum_one,uniform,512,2048,109135,11,11,6127788314265579520,6127788314265579520,1
31,gcc-O3-v3,20260917,843,15,measure,48,small,sum_one,uniform,128,8192,128498,11,11,17503531059042279424,17503531059042279424,1
31,gcc-O3-v3,20260917,844,15,measure,49,small,sum_one,uniform,768,1365,105620,11,11,6760326044614544011,6760326044614544011,1
31,gcc-O3-v3,20260917,845,15,measure,50,small,sum_one,uniform,1024,1024,105574,11,11,6113767114656410624,6113767114656410624,1
31,gcc-O3-v3,20260917,846,15,measure,51,branch,sum_if,p900,65536,1,12996,11,11,1957202038211152021,1957202038211152021,1
31,gcc-O3-v3,20260917,847,15,measure,52,branch,filter_copy_mask,p000,65536,1,27917,11,11,0,0,1
31,gcc-O3-v3,20260917,848,16,measure,0,branch,filter_copy,p750,65536,1,259925,11,11,49152,49152,1
31,gcc-O3-v3,20260917,849,16,measure,1,branch,filter_copy_mask,p500_sorted,65536,1,27006,11,11,32768,32768,1
31,gcc-O3-v3,20260917,850,16,measure,2,branch,filter_copy,p1000,65536,1,27064,11,11,65536,65536,1
31,gcc-O3-v3,20260917,851,16,measure,3,branch,filter_copy_mask,p500_alternating,65536,1,27712,11,11,32768,32768,1
31,gcc-O3-v3,20260917,852,16,measure,4,branch,filter_copy,p000,65536,1,26413,11,11,0,0,1
31,gcc-O3-v3,20260917,853,16,measure,5,branch,filter_copy,p500,65536,1,369883,11,11,32768,32768,1
31,gcc-O3-v3,20260917,854,16,measure,6,small,sum_one,uniform,192,5461,193356,11,11,17901819518249685373,17901819518249685373,1
31,gcc-O3-v3,20260917,855,16,measure,7,branch,sum_if,p000,65536,1,13469,11,11,0,0,1
31,gcc-O3-v3,20260917,856,16,measure,8,branch,filter_copy_mask,p900,65536,1,27838,11,11,58982,58982,1
31,gcc-O3-v3,20260917,857,16,measure,9,small,sum_one,uniform,384,2730,127423,11,11,5767785928059657782,5767785928059657782,1
31,gcc-O3-v3,20260917,858,16,measure,10,small,sum_one,uniform,1,1048576,3635357,11,11,8452580083670974464,8452580083670974464,1
31,gcc-O3-v3,20260917,859,16,measure,11,dependency,sum_four,uniform,65536,64,639612,11,11,1190735372877940864,1190735372877940864,1
31,gcc-O3-v3,20260917,860,16,measure,12,small,sum_one,uniform,1024,1024,117057,11,11,6113767114656410624,6113767114656410624,1
31,gcc-O3-v3,20260917,861,16,measure,13,branch,filter_copy,p500_sorted,65536,1,26591,11,11,32768,32768,1
31,gcc-O3-v3,20260917,862,16,measure,14,small,sum_one,uniform,256,4096,158262,11,11,12471836693395644416,12471836693395644416,1
31,gcc-O3-v3,20260917,863,16,measure,15,small,sum_one,uniform,2,524288,1930102,11,11,14489530702789345280,14489530702789345280,1
31,gcc-O3-v3,20260917,864,16,measure,16,small,sum_one,uniform,3,349525,997760,11,11,9690214761957071044,9690214761957071044,1
31,gcc-O3-v3,20260917,865,16,measure,17,branch,sum_if,p500_sorted,65536,1,15529,11,11,2213941836433581612,2213941836433581612,1
31,gcc-O3-v3,20260917,866,16,measure,18,branch,sum_if,p1000,65536,1,13100,11,11,4485739283943968327,4485739283943968327,1
31,gcc-O3-v3,20260917,867,16,measure,19,small,sum_one,uniform,24,43690,218994,11,11,5019437447312423050,5019437447312423050,1
31,gcc-O3-v3,20260917,868,16,measure,20,branch,sum_if,p750,65536,1,13277,11,11,14586442889165806448,14586442889165806448,1
31,gcc-O3-v3,20260917,869,16,measure,21,small,sum_one,uniform,32,32768,197075,11,11,4730905112462327808,4730905112462327808,1
31,gcc-O3-v3,20260917,870,16,measure,22,branch,filter_copy_mask,p1000,65536,1,28089,11,11,65536,65536,1
31,gcc-O3-v3,20260917,871,16,measure,23,small,sum_one,uniform,96,10922,135805,11,11,1966801938065649448,1966801938065649448,1
31,gcc-O3-v3,20260917,872,16,measure,24,branch,filter_copy_mask,p750,65536,1,28321,11,11,49152,49152,1
31,gcc-O3-v3,20260917,873,16,measure,25,small,sum_one,uniform,64,16384,151590,11,11,14815439244071927808,14815439244071927808,1
31,gcc-O3-v3,20260917,874,16,measure,26,branch,sum_if,p500,65536,1,13084,11,11,261284744287062128,261284744287062128,1
31,gcc-O3-v3,20260917,875,16,measure,27,small,sum_one,uniform,6,174762,633144,11,11,4529353940760067638,4529353940760067638,1
31,gcc-O3-v3,20260917,876,16,measure,28,branch,filter_copy_mask,p000,65536,1,27251,11,11,0,0,1
31,gcc-O3-v3,20260917,877,16,measure,29,small,sum_one,uniform,16,65536,278403,11,11,1403062601089810432,1403062601089810432,1
31,gcc-O3-v3,20260917,878,16,measure,30,branch,filter_copy_mask,p500,65536,1,27481,11,11,32768,32768,1
31,gcc-O3-v3,20260917,879,16,measure,31,branch,sum_if,p900,65536,1,15525,11,11,1957202038211152021,1957202038211152021,1
31,gcc-O3-v3,20260917,880,16,measure,32,branch,filter_copy_mask,p250,65536,1,27936,11,11,16384,16384,1
31,gcc-O3-v3,20260917,881,16,measure,33,dependency,sum_one,uniform,65536,64,510680,11,11,1190735372877940864,1190735372877940864,1
31,gcc-O3-v3,20260917,882,16,measure,34,dependency,split_xor_mul,uniform,65536,64,1306556,11,11,8310383708453772032,8310383708453772032,1
31,gcc-O3-v3,20260917,883,16,measure,35,dependency,sum_twice,uniform,65536,64,926189,11,11,2381470745755881728,2381470745755881728,1
31,gcc-O3-v3,20260917,884,16,measure,36,branch,filter_copy_mask,p100,65536,1,27050,11,11,6554,6554,1
31,gcc-O3-v3,20260917,885,16,measure,37,dependency,sum_one_bis,uniform,65536,64,499142,11,11,1190735372877940864,1190735372877940864,1
31,gcc-O3-v3,20260917,886,16,measure,38,branch,filter_copy,p500_alternating,65536,1,26677,11,11,32768,32768,1
31,gcc-O3-v3,20260917,887,16,measure,39,branch,sum_if,p250,65536,1,18845,11,11,75766260937212688,75766260937212688,1
31,gcc-O3-v3,20260917,888,16,measure,40,small,sum_one,uniform,512,2048,118664,11,11,6127788314265579520,6127788314265579520,1
31,gcc-O3-v3,20260917,889,16,measure,41,dependency,chain_xor_mul,uniform,65536,64,6744300,11,11,5299772668389481216,5299772668389481216,1
31,gcc-O3-v3,20260917,890,16,measure,42,small,sum_one,uniform,48,21845,210239,11,11,18173204259618227916,18173204259618227916,1
31,gcc-O3-v3,20260917,891,16,measure,43,branch,filter_copy,p100,65536,1,149570,11,11,6554,6554,1
31,gcc-O3-v3,20260917,892,16,measure,44,small,sum_one,uniform,4,262144,637058,11,11,6027757896494481408,6027757896494481408,1
31,gcc-O3-v3,20260917,893,16,measure,45,branch,filter_copy,p900,65536,1,147792,11,11,58982,58982,1
31,gcc-O3-v3,20260917,894,16,measure,46,small,sum_one,uniform,8,131072,406045,11,11,11724155215337095168,11724155215337095168,1
31,gcc-O3-v3,20260917,895,16,measure,47,branch,sum_if,p100,65536,1,13104,11,11,3083979731501324985,3083979731501324985,1
31,gcc-O3-v3,20260917,896,16,measure,48,branch,filter_copy,p250,65536,1,277304,11,11,16384,16384,1
31,gcc-O3-v3,20260917,897,16,measure,49,small,sum_one,uniform,768,1365,112004,11,11,6760326044614544011,6760326044614544011,1
31,gcc-O3-v3,20260917,898,16,measure,50,small,sum_one,uniform,128,8192,132196,11,11,17503531059042279424,17503531059042279424,1
31,gcc-O3-v3,20260917,899,16,measure,51,branch,sum_if,p500_alternating,65536,1,13039,11,11,4196774058536912234,4196774058536912234,1
31,gcc-O3-v3,20260917,900,16,measure,52,small,sum_one,uniform,12,87381,315404,11,11,18208879310165819389,18208879310165819389,1
31,gcc-O3-v3,20260917,901,17,measure,0,branch,filter_copy_mask,p500_alternating,65536,1,28168,11,11,32768,32768,1
31,gcc-O3-v3,20260917,902,17,measure,1,small,sum_one,uniform,96,10922,135824,11,11,1966801938065649448,1966801938065649448,1
31,gcc-O3-v3,20260917,903,17,measure,2,small,sum_one,uniform,16,65536,275846,11,11,1403062601089810432,1403062601089810432,1
31,gcc-O3-v3,20260917,904,17,measure,3,small,sum_one,uniform,4,262144,740156,11,11,6027757896494481408,6027757896494481408,1
31,gcc-O3-v3,20260917,905,17,measure,4,branch,sum_if,p1000,65536,1,13210,11,11,4485739283943968327,4485739283943968327,1
31,gcc-O3-v3,20260917,906,17,measure,5,branch,sum_if,p500_alternating,65536,1,13237,11,11,4196774058536912234,4196774058536912234,1
31,gcc-O3-v3,20260917,907,17,measure,6,small,sum_one,uniform,48,21845,210200,11,11,18173204259618227916,18173204259618227916,1
31,gcc-O3-v3,20260917,908,17,measure,7,small,sum_one,uniform,32,32768,197051,11,11,4730905112462327808,4730905112462327808,1
31,gcc-O3-v3,20260917,909,17,measure,8,branch,filter_copy_mask,p750,65536,1,28609,11,11,49152,49152,1
31,gcc-O3-v3,20260917,910,17,measure,9,branch,sum_if,p250,65536,1,13239,11,11,75766260937212688,75766260937212688,1
31,gcc-O3-v3,20260917,911,17,measure,10,dependency,sum_one_bis,uniform,65536,64,502565,11,11,1190735372877940864,1190735372877940864,1
31,gcc-O3-v3,20260917,912,17,measure,11,small,sum_one,uniform,1024,1024,112021,11,11,6113767114656410624,6113767114656410624,1
31,gcc-O3-v3,20260917,913,17,measure,12,dependency,split_xor_mul,uniform,65536,64,1305253,11,11,8310383708453772032,8310383708453772032,1
31,gcc-O3-v3,20260917,914,17,measure,13,branch,filter_copy,p500_sorted,65536,1,26828,11,11,32768,32768,1
31,gcc-O3-v3,20260917,915,17,measure,14,branch,sum_if,p100,65536,1,13938,11,11,3083979731501324985,3083979731501324985,1
31,gcc-O3-v3,20260917,916,17,measure,15,small,sum_one,uniform,3,349525,1111051,11,11,9690214761957071044,9690214761957071044,1
31,gcc-O3-v3,20260917,917,17,measure,16,branch,filter_copy,p500,65536,1,377182,11,11,32768,32768,1
31,gcc-O3-v3,20260917,918,17,measure,17,small,sum_one,uniform,256,4096,159355,11,11,12471836693395644416,12471836693395644416,1
31,gcc-O3-v3,20260917,919,17,measure,18,small,sum_one,uniform,384,2730,127434,11,11,5767785928059657782,5767785928059657782,1
31,gcc-O3-v3,20260917,920,17,measure,19,branch,sum_if,p750,65536,1,13476,11,11,14586442889165806448,14586442889165806448,1
31,gcc-O3-v3,20260917,921,17,measure,20,branch,filter_copy_mask,p100,65536,1,27344,11,11,6554,6554,1
31,gcc-O3-v3,20260917,922,17,measure,21,small,sum_one,uniform,12,87381,315332,11,11,18208879310165819389,18208879310165819389,1
31,gcc-O3-v3,20260917,923,17,measure,22,branch,filter_copy,p000,65536,1,26355,11,11,0,0,1
31,gcc-O3-v3,20260917,924,17,measure,23,branch,filter_copy_mask,p1000,65536,1,28901,11,11,65536,65536,1
31,gcc-O3-v3,20260917,925,17,measure,24,branch,filter_copy,p250,65536,1,273790,11,11,16384,16384,1
31,gcc-O3-v3,20260917,926,17,measure,25,branch,filter_copy,p1000,65536,1,27661,11,11,65536,65536,1
31,gcc-O3-v3,20260917,927,17,measure,26,small,sum_one,uniform,1,1048576,3492253,11,11,8452580083670974464,8452580083670974464,1
31,gcc-O3-v3,20260917,928,17,measure,27,small,sum_one,uniform,8,131072,422785,11,11,11724155215337095168,11724155215337095168,1
31,gcc-O3-v3,20260917,929,17,measure,28,branch,sum_if,p500_sorted,65536,1,13581,11,11,2213941836433581612,2213941836433581612,1
31,gcc-O3-v3,20260917,930,17,measure,29,branch,filter_copy_mask,p250,65536,1,27652,11,11,16384,16384,1
31,gcc-O3-v3,20260917,931,17,measure,30,branch,filter_copy,p750,65536,1,278052,11,11,49152,49152,1
31,gcc-O3-v3,20260917,932,17,measure,31,small,sum_one,uniform,64,16384,151931,11,11,14815439244071927808,14815439244071927808,1
31,gcc-O3-v3,20260917,933,17,measure,32,small,sum_one,uniform,512,2048,118874,11,11,6127788314265579520,6127788314265579520,1
31,gcc-O3-v3,20260917,934,17,measure,33,branch,sum_if,p000,65536,1,13021,11,11,0,0,1
31,gcc-O3-v3,20260917,935,17,measure,34,branch,filter_copy,p500_alternating,65536,1,26465,11,11,32768,32768,1
31,gcc-O3-v3,20260917,936,17,measure,35,branch,filter_copy,p900,65536,1,145357,11,11,58982,58982,1
31,gcc-O3-v3,20260917,937,17,measure,36,dependency,chain_xor_mul,uniform,65536,64,6747841,11,11,5299772668389481216,5299772668389481216,1
31,gcc-O3-v3,20260917,938,17,measure,37,dependency,sum_twice,uniform,65536,64,999916,11,11,2381470745755881728,2381470745755881728,1
31,gcc-O3-v3,20260917,939,17,measure,38,branch,sum_if,p500,65536,1,13313,11,11,261284744287062128,261284744287062128,1
31,gcc-O3-v3,20260917,940,17,measure,39,branch,filter_copy_mask,p500_sorted,65536,1,27507,11,11,32768,32768,1
31,gcc-O3-v3,20260917,941,17,measure,40,small,sum_one,uniform,6,174762,633299,11,11,4529353940760067638,4529353940760067638,1
31,gcc-O3-v3,20260917,942,17,measure,41,branch,filter_copy_mask,p900,65536,1,27763,11,11,58982,58982,1
31,gcc-O3-v3,20260917,943,17,measure,42,branch,filter_copy_mask,p500,65536,1,28139,11,11,32768,32768,1
31,gcc-O3-v3,20260917,944,17,measure,43,small,sum_one,uniform,2,524288,1810512,11,11,14489530702789345280,14489530702789345280,1
31,gcc-O3-v3,20260917,945,17,measure,44,dependency,sum_four,uniform,65536,64,635849,11,11,1190735372877940864,1190735372877940864,1
31,gcc-O3-v3,20260917,946,17,measure,45,branch,sum_if,p900,65536,1,13165,11,11,1957202038211152021,1957202038211152021,1
31,gcc-O3-v3,20260917,947,17,measure,46,branch,filter_copy,p100,65536,1,147162,11,11,6554,6554,1
31,gcc-O3-v3,20260917,948,17,measure,47,small,sum_one,uniform,768,1365,114672,11,11,6760326044614544011,6760326044614544011,1
31,gcc-O3-v3,20260917,949,17,measure,48,small,sum_one,uniform,24,43690,218947,11,11,5019437447312423050,5019437447312423050,1
31,gcc-O3-v3,20260917,950,17,measure,49,branch,filter_copy_mask,p000,65536,1,27073,11,11,0,0,1
31,gcc-O3-v3,20260917,951,17,measure,50,small,sum_one,uniform,128,8192,128786,11,11,17503531059042279424,17503531059042279424,1
31,gcc-O3-v3,20260917,952,17,measure,51,dependency,sum_one,uniform,65536,64,501829,11,11,1190735372877940864,1190735372877940864,1
31,gcc-O3-v3,20260917,953,17,measure,52,small,sum_one,uniform,192,5461,166187,11,11,17901819518249685373,17901819518249685373,1
31,gcc-O3-v3,20260917,954,18,measure,0,branch,filter_copy,p250,65536,1,270840,11,11,16384,16384,1
31,gcc-O3-v3,20260917,955,18,measure,1,small,sum_one,uniform,6,174762,697817,11,11,4529353940760067638,4529353940760067638,1
31,gcc-O3-v3,20260917,956,18,measure,2,branch,sum_if,p750,65536,1,13009,11,11,14586442889165806448,14586442889165806448,1
31,gcc-O3-v3,20260917,957,18,measure,3,branch,sum_if,p250,65536,1,13031,11,11,75766260937212688,75766260937212688,1
31,gcc-O3-v3,20260917,958,18,measure,4,small,sum_one,uniform,64,16384,151546,11,11,14815439244071927808,14815439244071927808,1
31,gcc-O3-v3,20260917,959,18,measure,5,small,sum_one,uniform,128,8192,131736,11,11,17503531059042279424,17503531059042279424,1
31,gcc-O3-v3,20260917,960,18,measure,6,dependency,chain_xor_mul,uniform,65536,64,6794131,11,11,5299772668389481216,5299772668389481216,1
31,gcc-O3-v3,20260917,961,18,measure,7,branch,filter_copy_mask,p500,65536,1,27771,11,11,32768,32768,1
31,gcc-O3-v3,20260917,962,18,measure,8,branch,filter_copy,p900,65536,1,127631,11,11,58982,58982,1
31,gcc-O3-v3,20260917,963,18,measure,9,branch,filter_copy_mask,p750,65536,1,28029,11,11,49152,49152,1
31,gcc-O3-v3,20260917,964,18,measure,10,branch,sum_if,p900,65536,1,13509,11,11,1957202038211152021,1957202038211152021,1
31,gcc-O3-v3,20260917,965,18,measure,11,dependency,sum_one,uniform,65536,64,499303,11,11,1190735372877940864,1190735372877940864,1
31,gcc-O3-v3,20260917,966,18,measure,12,small,sum_one,uniform,768,1365,114589,11,11,6760326044614544011,6760326044614544011,1
31,gcc-O3-v3,20260917,967,18,measure,13,small,sum_one,uniform,16,65536,284345,11,11,1403062601089810432,1403062601089810432,1
31,gcc-O3-v3,20260917,968,18,measure,14,dependency,sum_four,uniform,65536,64,632248,11,11,1190735372877940864,1190735372877940864,1
31,gcc-O3-v3,20260917,969,18,measure,15,branch,filter_copy_mask,p900,65536,1,27396,11,11,58982,58982,1
31,gcc-O3-v3,20260917,970,18,measure,16,small,sum_one,uniform,48,21845,210218,11,11,18173204259618227916,18173204259618227916,1
31,gcc-O3-v3,20260917,971,18,measure,17,branch,sum_if,p500,65536,1,13056,11,11,261284744287062128,261284744287062128,1
31,gcc-O3-v3,20260917,972,18,measure,18,branch,filter_copy,p000,65536,1,26441,11,11,0,0,1
31,gcc-O3-v3,20260917,973,18,measure,19,branch,filter_copy_mask,p100,65536,1,61823,11,11,6554,6554,1
31,gcc-O3-v3,20260917,974,18,measure,20,small,sum_one,uniform,3,349525,1140166,11,11,9690214761957071044,9690214761957071044,1
31,gcc-O3-v3,20260917,975,18,measure,21,branch,sum_if,p100,65536,1,15531,11,11,3083979731501324985,3083979731501324985,1
31,gcc-O3-v3,20260917,976,18,measure,22,small,sum_one,uniform,2,524288,1727519,11,11,14489530702789345280,14489530702789345280,1
31,gcc-O3-v3,20260917,977,18,measure,23,branch,filter_copy,p500_sorted,65536,1,28164,11,11,32768,32768,1
31,gcc-O3-v3,20260917,978,18,measure,24,branch,filter_copy_mask,p500_sorted,65536,1,28217,11,11,32768,32768,1
31,gcc-O3-v3,20260917,979,18,measure,25,branch,sum_if,p000,65536,1,15532,11,11,0,0,1
31,gcc-O3-v3,20260917,980,18,measure,26,dependency,split_xor_mul,uniform,65536,64,1285681,11,11,8310383708453772032,8310383708453772032,1
31,gcc-O3-v3,20260917,981,18,measure,27,branch,filter_copy_mask,p1000,65536,1,31081,11,11,65536,65536,1
31,gcc-O3-v3,20260917,982,18,measure,28,branch,filter_copy_mask,p000,65536,1,27091,11,11,0,0,1
31,gcc-O3-v3,20260917,983,18,measure,29,small,sum_one,uniform,384,2730,126908,11,11,5767785928059657782,5767785928059657782,1
31,gcc-O3-v3,20260917,984,18,measure,30,small,sum_one,uniform,4,262144,630630,11,11,6027757896494481408,6027757896494481408,1
31,gcc-O3-v3,20260917,985,18,measure,31,dependency,sum_one_bis,uniform,65536,64,534682,11,11,1190735372877940864,1190735372877940864,1
31,gcc-O3-v3,20260917,986,18,measure,32,small,sum_one,uniform,32,32768,197111,11,11,4730905112462327808,4730905112462327808,1
31,gcc-O3-v3,20260917,987,18,measure,33,dependency,sum_twice,uniform,65536,64,1004510,11,11,2381470745755881728,2381470745755881728,1
31,gcc-O3-v3,20260917,988,18,measure,34,branch,filter_copy,p500_alternating,65536,1,27062,11,11,32768,32768,1
31,gcc-O3-v3,20260917,989,18,measure,35,branch,filter_copy_mask,p250,65536,1,27365,11,11,16384,16384,1
31,gcc-O3-v3,20260917,990,18,measure,36,small,sum_one,uniform,1024,1024,112488,11,11,6113767114656410624,6113767114656410624,1
31,gcc-O3-v3,20260917,991,18,measure,37,branch,sum_if,p500_alternating,65536,1,13303,11,11,4196774058536912234,4196774058536912234,1
31,gcc-O3-v3,20260917,992,18,measure,38,branch,filter_copy,p750,65536,1,261078,11,11,49152,49152,1
31,gcc-O3-v3,20260917,993,18,measure,39,branch,filter_copy,p1000,65536,1,26938,11,11,65536,65536,1
31,gcc-O3-v3,20260917,994,18,measure,40,branch,sum_if,p500_sorted,65536,1,13126,11,11,2213941836433581612,2213941836433581612,1
31,gcc-O3-v3,20260917,995,18,measure,41,small,sum_one,uniform,512,2048,119053,11,11,6127788314265579520,6127788314265579520,1
31,gcc-O3-v3,20260917,996,18,measure,42,small,sum_one,uniform,24,43690,218940,11,11,5019437447312423050,5019437447312423050,1
31,gcc-O3-v3,20260917,997,18,measure,43,small,sum_one,uniform,256,4096,157401,11,11,12471836693395644416,12471836693395644416,1
31,gcc-O3-v3,20260917,998,18,measure,44,branch,sum_if,p1000,65536,1,13085,11,11,4485739283943968327,4485739283943968327,1
31,gcc-O3-v3,20260917,999,18,measure,45,branch,filter_copy,p500,65536,1,370063,11,11,32768,32768,1
31,gcc-O3-v3,20260917,1000,18,measure,46,small,sum_one,uniform,8,131072,378969,11,11,11724155215337095168,11724155215337095168,1
31,gcc-O3-v3,20260917,1001,18,measure,47,branch,filter_copy,p100,65536,1,147428,11,11,6554,6554,1
31,gcc-O3-v3,20260917,1002,18,measure,48,small,sum_one,uniform,1,1048576,3654353,11,11,8452580083670974464,8452580083670974464,1
31,gcc-O3-v3,20260917,1003,18,measure,49,small,sum_one,uniform,12,87381,320958,11,11,18208879310165819389,18208879310165819389,1
31,gcc-O3-v3,20260917,1004,18,measure,50,small,sum_one,uniform,96,10922,138554,11,11,1966801938065649448,1966801938065649448,1
31,gcc-O3-v3,20260917,1005,18,measure,51,small,sum_one,uniform,192,5461,160359,11,11,17901819518249685373,17901819518249685373,1
31,gcc-O3-v3,20260917,1006,18,measure,52,branch,filter_copy_mask,p500_alternating,65536,1,28033,11,11,32768,32768,1
31,gcc-O3-v3,20260917,1007,19,measure,0,dependency,sum_four,uniform,65536,64,643201,11,11,1190735372877940864,1190735372877940864,1
31,gcc-O3-v3,20260917,1008,19,measure,1,branch,filter_copy,p100,65536,1,143012,11,11,6554,6554,1
31,gcc-O3-v3,20260917,1009,19,measure,2,dependency,sum_one_bis,uniform,65536,64,508733,11,11,1190735372877940864,1190735372877940864,1
31,gcc-O3-v3,20260917,1010,19,measure,3,branch,filter_copy_mask,p1000,65536,1,28077,11,11,65536,65536,1
31,gcc-O3-v3,20260917,1011,19,measure,4,dependency,chain_xor_mul,uniform,65536,64,6782430,11,11,5299772668389481216,5299772668389481216,1
31,gcc-O3-v3,20260917,1012,19,measure,5,small,sum_one,uniform,32,32768,197159,11,11,4730905112462327808,4730905112462327808,1
31,gcc-O3-v3,20260917,1013,19,measure,6,small,sum_one,uniform,192,5461,193366,11,11,17901819518249685373,17901819518249685373,1
31,gcc-O3-v3,20260917,1014,19,measure,7,branch,filter_copy_mask,p250,65536,1,27762,11,11,16384,16384,1
31,gcc-O3-v3,20260917,1015,19,measure,8,branch,filter_copy_mask,p000,65536,1,28366,11,11,0,0,1
31,gcc-O3-v3,20260917,1016,19,measure,9,branch,filter_copy_mask,p500,65536,1,28724,11,11,32768,32768,1
31,gcc-O3-v3,20260917,1017,19,measure,10,small,sum_one,uniform,96,10922,138788,11,11,1966801938065649448,1966801938065649448,1
31,gcc-O3-v3,20260917,1018,19,measure,11,small,sum_one,uniform,512,2048,122695,11,11,6127788314265579520,6127788314265579520,1
31,gcc-O3-v3,20260917,1019,19,measure,12,small,sum_one,uniform,12,87381,322995,11,11,18208879310165819389,18208879310165819389,1
31,gcc-O3-v3,20260917,1020,19,measure,13,small,sum_one,uniform,4,262144,630478,11,11,6027757896494481408,6027757896494481408,1
31,gcc-O3-v3,20260917,1021,19,measure,14,branch,filter_copy_mask,p100,65536,1,27343,11,11,6554,6554,1
31,gcc-O3-v3,20260917,1022,19,measure,15,branch,filter_copy,p500,65536,1,372886,11,11,32768,32768,1
31,gcc-O3-v3,20260917,1023,19,measure,16,small,sum_one,uniform,48,21845,212477,11,11,18173204259618227916,18173204259618227916,1
31,gcc-O3-v3,20260917,1024,19,measure,17,branch,filter_copy,p500_sorted,65536,1,26481,11,11,32768,32768,1
31,gcc-O3-v3,20260917,1025,19,measure,18,dependency,split_xor_mul,uniform,65536,64,1300713,11,11,8310383708453772032,8310383708453772032,1
31,gcc-O3-v3,20260917,1026,19,measure,19,branch,sum_if,p000,65536,1,11417,11,11,0,0,1
31,gcc-O3-v3,20260917,1027,19,measure,20,dependency,sum_twice,uniform,65536,64,969251,11,11,2381470745755881728,2381470745755881728,1
31,gcc-O3-v3,20260917,1028,19,measure,21,branch,sum_if,p250,65536,1,13107,11,11,75766260937212688,75766260937212688,1
31,gcc-O3-v3,20260917,1029,19,measure,22,branch,sum_if,p500_sorted,65536,1,13250,11,11,2213941836433581612,2213941836433581612,1
31,gcc-O3-v3,20260917,1030,19,measure,23,small,sum_one,uniform,16,65536,279651,11,11,1403062601089810432,1403062601089810432,1
31,gcc-O3-v3,20260917,1031,19,measure,24,branch,filter_copy,p000,65536,1,26368,11,11,0,0,1
31,gcc-O3-v3,20260917,1032,19,measure,25,small,sum_one,uniform,128,8192,128816,11,11,17503531059042279424,17503531059042279424,1
31,gcc-O3-v3,20260917,1033,19,measure,26,branch,filter_copy_mask,p500_alternating,65536,1,27991,11,11,32768,32768,1
31,gcc-O3-v3,20260917,1034,19,measure,27,small,sum_one,uniform,768,1365,111486,11,11,6760326044614544011,6760326044614544011,1
31,gcc-O3-v3,20260917,1035,19,measure,28,branch,sum_if,p900,65536,1,13404,11,11,1957202038211152021,1957202038211152021,1
31,gcc-O3-v3,20260917,1036,19,measure,29,branch,sum_if,p750,65536,1,13244,11,11,14586442889165806448,14586442889165806448,1
31,gcc-O3-v3,20260917,1037,19,measure,30,small,sum_one,uniform,256,4096,137809,11,11,12471836693395644416,12471836693395644416,1
31,gcc-O3-v3,20260917,1038,19,measure,31,branch,filter_copy,p500_alternating,65536,1,26406,11,11,32768,32768,1
31,gcc-O3-v3,20260917,1039,19,measure,32,small,sum_one,uniform,6,174762,634218,11,11,4529353940760067638,4529353940760067638,1
31,gcc-O3-v3,20260917,1040,19,measure,33,branch,filter_copy,p1000,65536,1,27833,11,11,65536,65536,1
31,gcc-O3-v3,20260917,1041,19,measure,34,branch,filter_copy,p250,65536,1,266492,11,11,16384,16384,1
31,gcc-O3-v3,20260917,1042,19,measure,35,small,sum_one,uniform,24,43690,220166,11,11,5019437447312423050,5019437447312423050,1
31,gcc-O3-v3,20260917,1043,19,measure,36,branch,filter_copy,p900,65536,1,146785,11,11,58982,58982,1
31,gcc-O3-v3,20260917,1044,19,measure,37,branch,filter_copy,p750,65536,1,269904,11,11,49152,49152,1
31,gcc-O3-v3,20260917,1045,19,measure,38,small,sum_one,uniform,384,2730,127657,11,11,5767785928059657782,5767785928059657782,1
31,gcc-O3-v3,20260917,1046,19,measure,39,dependency,sum_one,uniform,65536,64,502674,11,11,1190735372877940864,1190735372877940864,1
31,gcc-O3-v3,20260917,1047,19,measure,40,branch,sum_if,p100,65536,1,13261,11,11,3083979731501324985,3083979731501324985,1
31,gcc-O3-v3,20260917,1048,19,measure,41,branch,filter_copy_mask,p500_sorted,65536,1,27738,11,11,32768,32768,1
31,gcc-O3-v3,20260917,1049,19,measure,42,small,sum_one,uniform,2,524288,1945146,11,11,14489530702789345280,14489530702789345280,1
31,gcc-O3-v3,20260917,1050,19,measure,43,branch,filter_copy_mask,p750,65536,1,27690,11,11,49152,49152,1
31,gcc-O3-v3,20260917,1051,19,measure,44,small,sum_one,uniform,3,349525,987664,11,11,9690214761957071044,9690214761957071044,1
31,gcc-O3-v3,20260917,1052,19,measure,45,branch,sum_if,p500,65536,1,13205,11,11,261284744287062128,261284744287062128,1
31,gcc-O3-v3,20260917,1053,19,measure,46,small,sum_one,uniform,1,1048576,3425677,11,11,8452580083670974464,8452580083670974464,1
31,gcc-O3-v3,20260917,1054,19,measure,47,small,sum_one,uniform,8,131072,371716,11,11,11724155215337095168,11724155215337095168,1
31,gcc-O3-v3,20260917,1055,19,measure,48,branch,sum_if,p500_alternating,65536,1,13124,11,11,4196774058536912234,4196774058536912234,1
31,gcc-O3-v3,20260917,1056,19,measure,49,branch,filter_copy_mask,p900,65536,1,28837,11,11,58982,58982,1
31,gcc-O3-v3,20260917,1057,19,measure,50,small,sum_one,uniform,64,16384,151536,11,11,14815439244071927808,14815439244071927808,1
31,gcc-O3-v3,20260917,1058,19,measure,51,small,sum_one,uniform,1024,1024,109457,11,11,6113767114656410624,6113767114656410624,1
31,gcc-O3-v3,20260917,1059,19,measure,52,branch,sum_if,p1000,65536,1,13125,11,11,4485739283943968327,4485739283943968327,1
31,gcc-O3-v3,20260917,1060,20,measure,0,small,sum_one,uniform,1024,1024,109677,11,11,6113767114656410624,6113767114656410624,1
31,gcc-O3-v3,20260917,1061,20,measure,1,small,sum_one,uniform,128,8192,128465,11,11,17503531059042279424,17503531059042279424,1
31,gcc-O3-v3,20260917,1062,20,measure,2,branch,filter_copy,p250,65536,1,273270,11,11,16384,16384,1
31,gcc-O3-v3,20260917,1063,20,measure,3,small,sum_one,uniform,6,174762,630817,11,11,4529353940760067638,4529353940760067638,1
31,gcc-O3-v3,20260917,1064,20,measure,4,branch,filter_copy,p1000,65536,1,28057,11,11,65536,65536,1
31,gcc-O3-v3,20260917,1065,20,measure,5,branch,filter_copy_mask,p500,65536,1,28110,11,11,32768,32768,1
31,gcc-O3-v3,20260917,1066,20,measure,6,small,sum_one,uniform,192,5461,193083,11,11,17901819518249685373,17901819518249685373,1
31,gcc-O3-v3,20260917,1067,20,measure,7,branch,sum_if,p500,65536,1,13253,11,11,261284744287062128,261284744287062128,1
31,gcc-O3-v3,20260917,1068,20,measure,8,branch,filter_copy_mask,p100,65536,1,27405,11,11,6554,6554,1
31,gcc-O3-v3,20260917,1069,20,measure,9,small,sum_one,uniform,32,32768,197107,11,11,4730905112462327808,4730905112462327808,1
31,gcc-O3-v3,20260917,1070,20,measure,10,small,sum_one,uniform,48,21845,210212,11,11,18173204259618227916,18173204259618227916,1
31,gcc-O3-v3,20260917,1071,20,measure,11,branch,sum_if,p900,65536,1,13070,11,11,1957202038211152021,1957202038211152021,1
31,gcc-O3-v3,20260917,1072,20,measure,12,branch,filter_copy_mask,p750,65536,1,28704,11,11,49152,49152,1
31,gcc-O3-v3,20260917,1073,20,measure,13,small,sum_one,uniform,512,2048,123411,11,11,6127788314265579520,6127788314265579520,1
31,gcc-O3-v3,20260917,1074,20,measure,14,branch,filter_copy,p500_sorted,65536,1,26643,11,11,32768,32768,1
31,gcc-O3-v3,20260917,1075,20,measure,15,small,sum_one,uniform,768,1365,114579,11,11,6760326044614544011,6760326044614544011,1
31,gcc-O3-v3,20260917,1076,20,measure,16,small,sum_one,uniform,3,349525,999576,11,11,9690214761957071044,9690214761957071044,1
31,gcc-O3-v3,20260917,1077,20,measure,17,branch,filter_copy,p750,65536,1,266290,11,11,49152,49152,1
31,gcc-O3-v3,20260917,1078,20,measure,18,dependency,chain_xor_mul,uniform,65536,64,6766293,11,11,5299772668389481216,5299772668389481216,1
31,gcc-O3-v3,20260917,1079,20,measure,19,branch,sum_if,p1000,65536,1,13100,11,11,4485739283943968327,4485739283943968327,1
31,gcc-O3-v3,20260917,1080,20,measure,20,branch,sum_if,p500_alternating,65536,1,13130,11,11,4196774058536912234,4196774058536912234,1
31,gcc-O3-v3,20260917,1081,20,measure,21,branch,filter_copy_mask,p500_alternating,65536,1,28044,11,11,32768,32768,1
31,gcc-O3-v3,20260917,1082,20,measure,22,branch,filter_copy,p500,65536,1,372933,11,11,32768,32768,1
31,gcc-O3-v3,20260917,1083,20,measure,23,branch,filter_copy_mask,p1000,65536,1,28319,11,11,65536,65536,1
31,gcc-O3-v3,20260917,1084,20,measure,24,branch,sum_if,p750,65536,1,13274,11,11,14586442889165806448,14586442889165806448,1
31,gcc-O3-v3,20260917,1085,20,measure,25,small,sum_one,uniform,64,16384,151895,11,11,14815439244071927808,14815439244071927808,1
31,gcc-O3-v3,20260917,1086,20,measure,26,branch,filter_copy,p000,65536,1,26399,11,11,0,0,1
31,gcc-O3-v3,20260917,1087,20,measure,27,dependency,sum_four,uniform,65536,64,664960,11,11,1190735372877940864,1190735372877940864,1
31,gcc-O3-v3,20260917,1088,20,measure,28,dependency,sum_one_bis,uniform,65536,64,505351,11,11,1190735372877940864,1190735372877940864,1
31,gcc-O3-v3,20260917,1089,20,measure,29,branch,filter_copy,p500_alternating,65536,1,26521,11,11,32768,32768,1
31,gcc-O3-v3,20260917,1090,20,measure,30,branch,filter_copy,p900,65536,1,148045,11,11,58982,58982,1
31,gcc-O3-v3,20260917,1091,20,measure,31,small,sum_one,uniform,24,43690,218949,11,11,5019437447312423050,5019437447312423050,1
31,gcc-O3-v3,20260917,1092,20,measure,32,small,sum_one,uniform,2,524288,1723281,11,11,14489530702789345280,14489530702789345280,1
31,gcc-O3-v3,20260917,1093,20,measure,33,branch,filter_copy,p100,65536,1,146671,11,11,6554,6554,1
31,gcc-O3-v3,20260917,1094,20,measure,34,small,sum_one,uniform,12,87381,320705,11,11,18208879310165819389,18208879310165819389,1
31,gcc-O3-v3,20260917,1095,20,measure,35,dependency,split_xor_mul,uniform,65536,64,1283418,11,11,8310383708453772032,8310383708453772032,1
31,gcc-O3-v3,20260917,1096,20,measure,36,small,sum_one,uniform,4,262144,632648,11,11,6027757896494481408,6027757896494481408,1
31,gcc-O3-v3,20260917,1097,20,measure,37,branch,filter_copy_mask,p900,65536,1,27676,11,11,58982,58982,1
31,gcc-O3-v3,20260917,1098,20,measure,38,branch,sum_if,p250,65536,1,13276,11,11,75766260937212688,75766260937212688,1
31,gcc-O3-v3,20260917,1099,20,measure,39,small,sum_one,uniform,96,10922,139319,11,11,1966801938065649448,1966801938065649448,1
31,gcc-O3-v3,20260917,1100,20,measure,40,dependency,sum_one,uniform,65536,64,499589,11,11,1190735372877940864,1190735372877940864,1
31,gcc-O3-v3,20260917,1101,20,measure,41,small,sum_one,uniform,16,65536,275904,11,11,1403062601089810432,1403062601089810432,1
31,gcc-O3-v3,20260917,1102,20,measure,42,small,sum_one,uniform,384,2730,127522,11,11,5767785928059657782,5767785928059657782,1
31,gcc-O3-v3,20260917,1103,20,measure,43,branch,filter_copy_mask,p500_sorted,65536,1,27146,11,11,32768,32768,1
31,gcc-O3-v3,20260917,1104,20,measure,44,dependency,sum_twice,uniform,65536,64,1005023,11,11,2381470745755881728,2381470745755881728,1
31,gcc-O3-v3,20260917,1105,20,measure,45,branch,sum_if,p500_sorted,65536,1,13138,11,11,2213941836433581612,2213941836433581612,1
31,gcc-O3-v3,20260917,1106,20,measure,46,small,sum_one,uniform,256,4096,158929,11,11,12471836693395644416,12471836693395644416,1
31,gcc-O3-v3,20260917,1107,20,measure,47,small,sum_one,uniform,8,131072,420340,11,11,11724155215337095168,11724155215337095168,1
31,gcc-O3-v3,20260917,1108,20,measure,48,branch,sum_if,p100,65536,1,13135,11,11,3083979731501324985,3083979731501324985,1
31,gcc-O3-v3,20260917,1109,20,measure,49,branch,sum_if,p000,65536,1,13075,11,11,0,0,1
31,gcc-O3-v3,20260917,1110,20,measure,50,branch,filter_copy_mask,p000,65536,1,27196,11,11,0,0,1
31,gcc-O3-v3,20260917,1111,20,measure,51,small,sum_one,uniform,1,1048576,3383351,11,11,8452580083670974464,8452580083670974464,1
31,gcc-O3-v3,20260917,1112,20,measure,52,branch,filter_copy_mask,p250,65536,1,27485,11,11,16384,16384,1
