run_id,build,seed,sample,round,phase,position,part,label,dataset,n,calls,elapsed_ns,cpu_before,cpu_after,result,expected,output_ok
7,clang-O3-v3,20260917,0,0,warmup,0,small,sum_one,uniform,256,4096,81681,11,11,12471836693395644416,12471836693395644416,1
7,clang-O3-v3,20260917,1,0,warmup,1,branch,sum_if,p500_sorted,65536,1,9703,11,11,2213941836433581612,2213941836433581612,1
7,clang-O3-v3,20260917,2,0,warmup,2,small,sum_one,uniform,8,131072,525495,11,11,11724155215337095168,11724155215337095168,1
7,clang-O3-v3,20260917,3,0,warmup,3,small,sum_one,uniform,96,10922,95652,11,11,1966801938065649448,1966801938065649448,1
7,clang-O3-v3,20260917,4,0,warmup,4,branch,filter_copy,p500,65536,1,338281,11,11,32768,32768,1
7,clang-O3-v3,20260917,5,0,warmup,5,branch,filter_copy,p1000,65536,1,30613,11,11,65536,65536,1
7,clang-O3-v3,20260917,6,0,warmup,6,branch,sum_if,p750,65536,1,9576,11,11,14586442889165806448,14586442889165806448,1
7,clang-O3-v3,20260917,7,0,warmup,7,branch,filter_copy,p000,65536,1,17963,11,11,0,0,1
7,clang-O3-v3,20260917,8,0,warmup,8,small,sum_one,uniform,3,349525,1704616,11,11,9690214761957071044,9690214761957071044,1
7,clang-O3-v3,20260917,9,0,warmup,9,small,sum_one,uniform,512,2048,95758,11,11,6127788314265579520,6127788314265579520,1
7,clang-O3-v3,20260917,10,0,warmup,10,small,sum_one,uniform,128,8192,93204,11,11,17503531059042279424,17503531059042279424,1
7,clang-O3-v3,20260917,11,0,warmup,11,branch,sum_if,p250,65536,1,9624,11,11,75766260937212688,75766260937212688,1
7,clang-O3-v3,20260917,12,0,warmup,12,small,sum_one,uniform,12,87381,455437,11,11,18208879310165819389,18208879310165819389,1
7,clang-O3-v3,20260917,13,0,warmup,13,small,sum_one,uniform,768,1365,76018,11,11,6760326044614544011,6760326044614544011,1
7,clang-O3-v3,20260917,14,0,warmup,14,branch,filter_copy_mask,p000,65536,1,31200,11,11,0,0,1
7,clang-O3-v3,20260917,15,0,warmup,15,small,sum_one,uniform,1024,1024,81150,11,11,6113767114656410624,6113767114656410624,1
7,clang-O3-v3,20260917,16,0,warmup,16,branch,filter_copy_mask,p1000,65536,1,27569,11,11,65536,65536,1
7,clang-O3-v3,20260917,17,0,warmup,17,dependency,sum_four,uniform,65536,64,570778,11,11,1190735372877940864,1190735372877940864,1
7,clang-O3-v3,20260917,18,0,warmup,18,branch,filter_copy_mask,p100,65536,1,27106,11,11,6554,6554,1
7,clang-O3-v3,20260917,19,0,warmup,19,small,sum_one,uniform,1,1048576,3054146,11,11,8452580083670974464,8452580083670974464,1
7,clang-O3-v3,20260917,20,0,warmup,20,small,sum_one,uniform,6,174762,960961,11,11,4529353940760067638,4529353940760067638,1
7,clang-O3-v3,20260917,21,0,warmup,21,small,sum_one,uniform,2,524288,2187940,11,11,14489530702789345280,14489530702789345280,1
7,clang-O3-v3,20260917,22,0,warmup,22,branch,sum_if,p100,65536,1,9560,11,11,3083979731501324985,3083979731501324985,1
7,clang-O3-v3,20260917,23,0,warmup,23,branch,sum_if,p1000,65536,1,9545,11,11,4485739283943968327,4485739283943968327,1
7,clang-O3-v3,20260917,24,0,warmup,24,branch,filter_copy_mask,p500_alternating,65536,1,28029,11,11,32768,32768,1
7,clang-O3-v3,20260917,25,0,warmup,25,branch,sum_if,p900,65536,1,9559,11,11,1957202038211152021,1957202038211152021,1
7,clang-O3-v3,20260917,26,0,warmup,26,dependency,sum_one_bis,uniform,65536,64,386961,11,11,1190735372877940864,1190735372877940864,1
7,clang-O3-v3,20260917,27,0,warmup,27,dependency,split_xor_mul,uniform,65536,64,1296342,11,11,8310383708453772032,8310383708453772032,1
7,clang-O3-v3,20260917,28,0,warmup,28,small,sum_one,uniform,24,43690,253968,11,11,5019437447312423050,5019437447312423050,1
7,clang-O3-v3,20260917,29,0,warmup,29,small,sum_one,uniform,32,32768,131390,11,11,4730905112462327808,4730905112462327808,1
7,clang-O3-v3,20260917,30,0,warmup,30,branch,sum_if,p500_alternating,65536,1,8988,11,11,4196774058536912234,4196774058536912234,1
7,clang-O3-v3,20260917,31,0,warmup,31,small,sum_one,uniform,64,16384,98543,11,11,14815439244071927808,14815439244071927808,1
7,clang-O3-v3,20260917,32,0,warmup,32,small,sum_one,uniform,4,262144,916722,11,11,6027757896494481408,6027757896494481408,1
7,clang-O3-v3,20260917,33,0,warmup,33,branch,filter_copy_mask,p900,65536,1,28203,11,11,58982,58982,1
7,clang-O3-v3,20260917,34,0,warmup,34,branch,filter_copy_mask,p500_sorted,65536,1,26746,11,11,32768,32768,1
7,clang-O3-v3,20260917,35,0,warmup,35,branch,sum_if,p500,65536,1,9601,11,11,261284744287062128,261284744287062128,1
7,clang-O3-v3,20260917,36,0,warmup,36,branch,filter_copy_mask,p250,65536,1,27968,11,11,16384,16384,1
7,clang-O3-v3,20260917,37,0,warmup,37,branch,filter_copy_mask,p750,65536,1,26719,11,11,49152,49152,1
7,clang-O3-v3,20260917,38,0,warmup,38,branch,filter_copy,p500_sorted,65536,1,19577,11,11,32768,32768,1
7,clang-O3-v3,20260917,39,0,warmup,39,dependency,sum_one,uniform,65536,64,386885,11,11,1190735372877940864,1190735372877940864,1
7,clang-O3-v3,20260917,40,0,warmup,40,branch,filter_copy_mask,p500,65536,1,27283,11,11,32768,32768,1
7,clang-O3-v3,20260917,41,0,warmup,41,small,sum_one,uniform,48,21845,131205,11,11,18173204259618227916,18173204259618227916,1
7,clang-O3-v3,20260917,42,0,warmup,42,branch,sum_if,p000,65536,1,9563,11,11,0,0,1
7,clang-O3-v3,20260917,43,0,warmup,43,small,sum_one,uniform,192,5461,84696,11,11,17901819518249685373,17901819518249685373,1
7,clang-O3-v3,20260917,44,0,warmup,44,small,sum_one,uniform,384,2730,76074,11,11,5767785928059657782,5767785928059657782,1
7,clang-O3-v3,20260917,45,0,warmup,45,branch,filter_copy,p500_alternating,65536,1,20005,11,11,32768,32768,1
7,clang-O3-v3,20260917,46,0,warmup,46,small,sum_one,uniform,16,65536,210249,11,11,1403062601089810432,1403062601089810432,1
7,clang-O3-v3,20260917,47,0,warmup,47,dependency,sum_twice,uniform,65536,64,775778,11,11,2381470745755881728,2381470745755881728,1
7,clang-O3-v3,20260917,48,0,warmup,48,branch,filter_copy,p900,65536,1,103126,11,11,58982,58982,1
7,clang-O3-v3,20260917,49,0,warmup,49,dependency,chain_xor_mul,uniform,65536,64,6739494,11,11,5299772668389481216,5299772668389481216,1
7,clang-O3-v3,20260917,50,0,warmup,50,branch,filter_copy,p750,65536,1,194715,11,11,49152,49152,1
7,clang-O3-v3,20260917,51,0,warmup,51,branch,filter_copy,p100,65536,1,92379,11,11,6554,6554,1
7,clang-O3-v3,20260917,52,0,warmup,52,branch,filter_copy,p250,65536,1,190874,11,11,16384,16384,1
7,clang-O3-v3,20260917,53,1,measure,0,branch,sum_if,p000,65536,1,9604,11,11,0,0,1
7,clang-O3-v3,20260917,54,1,measure,1,branch,filter_copy_mask,p500,65536,1,27539,11,11,32768,32768,1
7,clang-O3-v3,20260917,55,1,measure,2,branch,sum_if,p500_alternating,65536,1,9554,11,11,4196774058536912234,4196774058536912234,1
7,clang-O3-v3,20260917,56,1,measure,3,dependency,sum_four,uniform,65536,64,564922,11,11,1190735372877940864,1190735372877940864,1
7,clang-O3-v3,20260917,57,1,measure,4,branch,filter_copy_mask,p750,65536,1,27307,11,11,49152,49152,1
7,clang-O3-v3,20260917,58,1,measure,5,dependency,split_xor_mul,uniform,65536,64,1300086,11,11,8310383708453772032,8310383708453772032,1
7,clang-O3-v3,20260917,59,1,measure,6,small,sum_one,uniform,12,87381,420624,11,11,18208879310165819389,18208879310165819389,1
7,clang-O3-v3,20260917,60,1,measure,7,branch,sum_if,p900,65536,1,9550,11,11,1957202038211152021,1957202038211152021,1
7,clang-O3-v3,20260917,61,1,measure,8,branch,filter_copy_mask,p500_sorted,65536,1,26808,11,11,32768,32768,1
7,clang-O3-v3,20260917,62,1,measure,9,small,sum_one,uniform,128,8192,89361,11,11,17503531059042279424,17503531059042279424,1
7,clang-O3-v3,20260917,63,1,measure,10,branch,filter_copy,p500_alternating,65536,1,20095,11,11,32768,32768,1
7,clang-O3-v3,20260917,64,1,measure,11,small,sum_one,uniform,6,174762,981890,11,11,4529353940760067638,4529353940760067638,1
7,clang-O3-v3,20260917,65,1,measure,12,dependency,sum_one,uniform,65536,64,388857,11,11,1190735372877940864,1190735372877940864,1
7,clang-O3-v3,20260917,66,1,measure,13,branch,sum_if,p750,65536,1,9566,11,11,14586442889165806448,14586442889165806448,1
7,clang-O3-v3,20260917,67,1,measure,14,small,sum_one,uniform,2,524288,2125894,11,11,14489530702789345280,14489530702789345280,1
7,clang-O3-v3,20260917,68,1,measure,15,small,sum_one,uniform,256,4096,83080,11,11,12471836693395644416,12471836693395644416,1
7,clang-O3-v3,20260917,69,1,measure,16,small,sum_one,uniform,1,1048576,2989966,11,11,8452580083670974464,8452580083670974464,1
7,clang-O3-v3,20260917,70,1,measure,17,branch,sum_if,p500_sorted,65536,1,9609,11,11,2213941836433581612,2213941836433581612,1
7,clang-O3-v3,20260917,71,1,measure,18,small,sum_one,uniform,512,2048,78382,11,11,6127788314265579520,6127788314265579520,1
7,clang-O3-v3,20260917,72,1,measure,19,branch,sum_if,p500,65536,1,9575,11,11,261284744287062128,261284744287062128,1
7,clang-O3-v3,20260917,73,1,measure,20,branch,filter_copy_mask,p500_alternating,65536,1,28120,11,11,32768,32768,1
7,clang-O3-v3,20260917,74,1,measure,21,branch,sum_if,p100,65536,1,9560,11,11,3083979731501324985,3083979731501324985,1
7,clang-O3-v3,20260917,75,1,measure,22,branch,filter_copy,p500_sorted,65536,1,19961,11,11,32768,32768,1
7,clang-O3-v3,20260917,76,1,measure,23,branch,filter_copy,p500,65536,1,339883,11,11,32768,32768,1
7,clang-O3-v3,20260917,77,1,measure,24,small,sum_one,uniform,4,262144,864474,11,11,6027757896494481408,6027757896494481408,1
7,clang-O3-v3,20260917,78,1,measure,25,small,sum_one,uniform,32,32768,144546,11,11,4730905112462327808,4730905112462327808,1
7,clang-O3-v3,20260917,79,1,measure,26,small,sum_one,uniform,64,16384,111908,11,11,14815439244071927808,14815439244071927808,1
7,clang-O3-v3,20260917,80,1,measure,27,branch,filter_copy,p100,65536,1,93044,11,11,6554,6554,1
7,clang-O3-v3,20260917,81,1,measure,28,branch,filter_copy_mask,p000,65536,1,27040,11,11,0,0,1
7,clang-O3-v3,20260917,82,1,measure,29,small,sum_one,uniform,24,43690,249073,11,11,5019437447312423050,5019437447312423050,1
7,clang-O3-v3,20260917,83,1,measure,30,branch,filter_copy_mask,p250,65536,1,28548,11,11,16384,16384,1
7,clang-O3-v3,20260917,84,1,measure,31,branch,sum_if,p250,65536,1,9564,11,11,75766260937212688,75766260937212688,1
7,clang-O3-v3,20260917,85,1,measure,32,branch,sum_if,p1000,65536,1,9557,11,11,4485739283943968327,4485739283943968327,1
7,clang-O3-v3,20260917,86,1,measure,33,branch,filter_copy,p1000,65536,1,30485,11,11,65536,65536,1
7,clang-O3-v3,20260917,87,1,measure,34,small,sum_one,uniform,384,2730,77929,11,11,5767785928059657782,5767785928059657782,1
7,clang-O3-v3,20260917,88,1,measure,35,branch,filter_copy,p750,65536,1,199561,11,11,49152,49152,1
7,clang-O3-v3,20260917,89,1,measure,36,branch,filter_copy_mask,p100,65536,1,32473,11,11,6554,6554,1
7,clang-O3-v3,20260917,90,1,measure,37,small,sum_one,uniform,192,5461,101178,11,11,17901819518249685373,17901819518249685373,1
7,clang-O3-v3,20260917,91,1,measure,38,dependency,chain_xor_mul,uniform,65536,64,6949035,11,11,5299772668389481216,5299772668389481216,1
7,clang-O3-v3,20260917,92,1,measure,39,branch,filter_copy_mask,p900,65536,1,29162,11,11,58982,58982,1
7,clang-O3-v3,20260917,93,1,measure,40,small,sum_one,uniform,96,10922,95436,11,11,1966801938065649448,1966801938065649448,1
7,clang-O3-v3,20260917,94,1,measure,41,small,sum_one,uniform,48,21845,122650,11,11,18173204259618227916,18173204259618227916,1
7,clang-O3-v3,20260917,95,1,measure,42,small,sum_one,uniform,16,65536,219636,11,11,1403062601089810432,1403062601089810432,1
7,clang-O3-v3,20260917,96,1,measure,43,branch,filter_copy,p250,65536,1,193471,11,11,16384,16384,1
7,clang-O3-v3,20260917,97,1,measure,44,dependency,sum_twice,uniform,65536,64,772973,11,11,2381470745755881728,2381470745755881728,1
7,clang-O3-v3,20260917,98,1,measure,45,small,sum_one,uniform,3,349525,1691679,11,11,9690214761957071044,9690214761957071044,1
7,clang-O3-v3,20260917,99,1,measure,46,small,sum_one,uniform,768,1365,75929,11,11,6760326044614544011,6760326044614544011,1
7,clang-O3-v3,20260917,100,1,measure,47,branch,filter_copy,p000,65536,1,16578,11,11,0,0,1
7,clang-O3-v3,20260917,101,1,measure,48,branch,filter_copy_mask,p1000,65536,1,27352,11,11,65536,65536,1
7,clang-O3-v3,20260917,102,1,measure,49,dependency,sum_one_bis,uniform,65536,64,386571,11,11,1190735372877940864,1190735372877940864,1
7,clang-O3-v3,20260917,103,1,measure,50,small,sum_one,uniform,1024,1024,81111,11,11,6113767114656410624,6113767114656410624,1
7,clang-O3-v3,20260917,104,1,measure,51,small,sum_one,uniform,8,131072,533257,11,11,11724155215337095168,11724155215337095168,1
7,clang-O3-v3,20260917,105,1,measure,52,branch,filter_copy,p900,65536,1,102077,11,11,58982,58982,1
7,clang-O3-v3,20260917,106,2,measure,0,branch,filter_copy,p250,65536,1,194940,11,11,16384,16384,1
7,clang-O3-v3,20260917,107,2,measure,1,branch,sum_if,p250,65536,1,11987,11,11,75766260937212688,75766260937212688,1
7,clang-O3-v3,20260917,108,2,measure,2,small,sum_one,uniform,64,16384,114373,11,11,14815439244071927808,14815439244071927808,1
7,clang-O3-v3,20260917,109,2,measure,3,branch,filter_copy,p900,65536,1,99096,11,11,58982,58982,1
7,clang-O3-v3,20260917,110,2,measure,4,branch,sum_if,p750,65536,1,12014,11,11,14586442889165806448,14586442889165806448,1
7,clang-O3-v3,20260917,111,2,measure,5,small,sum_one,uniform,1024,1024,81261,11,11,6113767114656410624,6113767114656410624,1
7,clang-O3-v3,20260917,112,2,measure,6,dependency,chain_xor_mul,uniform,65536,64,6781670,11,11,5299772668389481216,5299772668389481216,1
7,clang-O3-v3,20260917,113,2,measure,7,branch,filter_copy_mask,p750,65536,1,34425,11,11,49152,49152,1
7,clang-O3-v3,20260917,114,2,measure,8,small,sum_one,uniform,768,1365,76311,11,11,6760326044614544011,6760326044614544011,1
7,clang-O3-v3,20260917,115,2,measure,9,branch,filter_copy,p1000,65536,1,24949,11,11,65536,65536,1
7,clang-O3-v3,20260917,116,2,measure,10,small,sum_one,uniform,192,5461,83507,11,11,17901819518249685373,17901819518249685373,1
7,clang-O3-v3,20260917,117,2,measure,11,branch,sum_if,p100,65536,1,15345,11,11,3083979731501324985,3083979731501324985,1
7,clang-O3-v3,20260917,118,2,measure,12,branch,filter_copy_mask,p500_sorted,65536,1,26863,11,11,32768,32768,1
7,clang-O3-v3,20260917,119,2,measure,13,branch,filter_copy,p000,65536,1,16662,11,11,0,0,1
7,clang-O3-v3,20260917,120,2,measure,14,dependency,sum_four,uniform,65536,64,569209,11,11,1190735372877940864,1190735372877940864,1
7,clang-O3-v3,20260917,121,2,measure,15,branch,sum_if,p1000,65536,1,9591,11,11,4485739283943968327,4485739283943968327,1
7,clang-O3-v3,20260917,122,2,measure,16,small,sum_one,uniform,384,2730,76145,11,11,5767785928059657782,5767785928059657782,1
7,clang-O3-v3,20260917,123,2,measure,17,small,sum_one,uniform,2,524288,2150960,11,11,14489530702789345280,14489530702789345280,1
7,clang-O3-v3,20260917,124,2,measure,18,dependency,sum_twice,uniform,65536,64,779813,11,11,2381470745755881728,2381470745755881728,1
7,clang-O3-v3,20260917,125,2,measure,19,branch,sum_if,p900,65536,1,9592,11,11,1957202038211152021,1957202038211152021,1
7,clang-O3-v3,20260917,126,2,measure,20,small,sum_one,uniform,24,43690,192799,11,11,5019437447312423050,5019437447312423050,1
7,clang-O3-v3,20260917,127,2,measure,21,dependency,split_xor_mul,uniform,65536,64,1310462,11,11,8310383708453772032,8310383708453772032,1
7,clang-O3-v3,20260917,128,2,measure,22,branch,filter_copy,p100,65536,1,93723,11,11,6554,6554,1
7,clang-O3-v3,20260917,129,2,measure,23,branch,filter_copy_mask,p250,65536,1,27851,11,11,16384,16384,1
7,clang-O3-v3,20260917,130,2,measure,24,branch,filter_copy_mask,p000,65536,1,26889,11,11,0,0,1
7,clang-O3-v3,20260917,131,2,measure,25,small,sum_one,uniform,1,1048576,2959366,11,11,8452580083670974464,8452580083670974464,1
7,clang-O3-v3,20260917,132,2,measure,26,small,sum_one,uniform,8,131072,525461,11,11,11724155215337095168,11724155215337095168,1
7,clang-O3-v3,20260917,133,2,measure,27,small,sum_one,uniform,128,8192,98457,11,11,17503531059042279424,17503531059042279424,1
7,clang-O3-v3,20260917,134,2,measure,28,small,sum_one,uniform,32,32768,146546,11,11,4730905112462327808,4730905112462327808,1
7,clang-O3-v3,20260917,135,2,measure,29,branch,filter_copy_mask,p500,65536,1,27671,11,11,32768,32768,1
7,clang-O3-v3,20260917,136,2,measure,30,small,sum_one,uniform,512,2048,95329,11,11,6127788314265579520,6127788314265579520,1
7,clang-O3-v3,20260917,137,2,measure,31,small,sum_one,uniform,256,4096,82276,11,11,12471836693395644416,12471836693395644416,1
7,clang-O3-v3,20260917,138,2,measure,32,small,sum_one,uniform,48,21845,131418,11,11,18173204259618227916,18173204259618227916,1
7,clang-O3-v3,20260917,139,2,measure,33,branch,filter_copy,p500,65536,1,339101,11,11,32768,32768,1
7,clang-O3-v3,20260917,140,2,measure,34,branch,filter_copy,p750,65536,1,195968,11,11,49152,49152,1
7,clang-O3-v3,20260917,141,2,measure,35,branch,sum_if,p500,65536,1,9611,11,11,261284744287062128,261284744287062128,1
7,clang-O3-v3,20260917,142,2,measure,36,dependency,sum_one_bis,uniform,65536,64,392745,11,11,1190735372877940864,1190735372877940864,1
7,clang-O3-v3,20260917,143,2,measure,37,branch,filter_copy_mask,p500_alternating,65536,1,28465,11,11,32768,32768,1
7,clang-O3-v3,20260917,144,2,measure,38,branch,sum_if,p500_sorted,65536,1,9588,11,11,2213941836433581612,2213941836433581612,1
7,clang-O3-v3,20260917,145,2,measure,39,branch,filter_copy,p500_alternating,65536,1,20195,11,11,32768,32768,1
7,clang-O3-v3,20260917,146,2,measure,40,small,sum_one,uniform,6,174762,988714,11,11,4529353940760067638,4529353940760067638,1
7,clang-O3-v3,20260917,147,2,measure,41,branch,filter_copy_mask,p900,65536,1,28290,11,11,58982,58982,1
7,clang-O3-v3,20260917,148,2,measure,42,branch,filter_copy_mask,p100,65536,1,28455,11,11,6554,6554,1
7,clang-O3-v3,20260917,149,2,measure,43,dependency,sum_one,uniform,65536,64,398153,11,11,1190735372877940864,1190735372877940864,1
7,clang-O3-v3,20260917,150,2,measure,44,branch,filter_copy_mask,p1000,65536,1,26713,11,11,65536,65536,1
7,clang-O3-v3,20260917,151,2,measure,45,branch,sum_if,p500_alternating,65536,1,9616,11,11,4196774058536912234,4196774058536912234,1
7,clang-O3-v3,20260917,152,2,measure,46,branch,sum_if,p000,65536,1,9564,11,11,0,0,1
7,clang-O3-v3,20260917,153,2,measure,47,small,sum_one,uniform,3,349525,1719926,11,11,9690214761957071044,9690214761957071044,1
7,clang-O3-v3,20260917,154,2,measure,48,small,sum_one,uniform,4,262144,878239,11,11,6027757896494481408,6027757896494481408,1
7,clang-O3-v3,20260917,155,2,measure,49,branch,filter_copy,p500_sorted,65536,1,20837,11,11,32768,32768,1
7,clang-O3-v3,20260917,156,2,measure,50,small,sum_one,uniform,16,65536,210262,11,11,1403062601089810432,1403062601089810432,1
7,clang-O3-v3,20260917,157,2,measure,51,small,sum_one,uniform,96,10922,95750,11,11,1966801938065649448,1966801938065649448,1
7,clang-O3-v3,20260917,158,2,measure,52,small,sum_one,uniform,12,87381,482645,11,11,18208879310165819389,18208879310165819389,1
7,clang-O3-v3,20260917,159,3,measure,0,branch,sum_if,p100,65536,1,9672,11,11,3083979731501324985,3083979731501324985,1
7,clang-O3-v3,20260917,160,3,measure,1,dependency,split_xor_mul,uniform,65536,64,1348596,11,11,8310383708453772032,8310383708453772032,1
7,clang-O3-v3,20260917,161,3,measure,2,dependency,sum_twice,uniform,65536,64,675256,11,11,2381470745755881728,2381470745755881728,1
7,clang-O3-v3,20260917,162,3,measure,3,branch,filter_copy,p500_sorted,65536,1,20338,11,11,32768,32768,1
7,clang-O3-v3,20260917,163,3,measure,4,small,sum_one,uniform,1,1048576,2969926,11,11,8452580083670974464,8452580083670974464,1
7,clang-O3-v3,20260917,164,3,measure,5,small,sum_one,uniform,384,2730,80489,11,11,5767785928059657782,5767785928059657782,1
7,clang-O3-v3,20260917,165,3,measure,6,small,sum_one,uniform,1024,1024,80453,11,11,6113767114656410624,6113767114656410624,1
7,clang-O3-v3,20260917,166,3,measure,7,branch,sum_if,p500_sorted,65536,1,8998,11,11,2213941836433581612,2213941836433581612,1
7,clang-O3-v3,20260917,167,3,measure,8,branch,filter_copy_mask,p100,65536,1,27259,11,11,6554,6554,1
7,clang-O3-v3,20260917,168,3,measure,9,branch,sum_if,p1000,65536,1,9553,11,11,4485739283943968327,4485739283943968327,1
7,clang-O3-v3,20260917,169,3,measure,10,branch,sum_if,p750,65536,1,9591,11,11,14586442889165806448,14586442889165806448,1
7,clang-O3-v3,20260917,170,3,measure,11,branch,filter_copy_mask,p250,65536,1,28033,11,11,16384,16384,1
7,clang-O3-v3,20260917,171,3,measure,12,branch,filter_copy,p900,65536,1,101606,11,11,58982,58982,1
7,clang-O3-v3,20260917,172,3,measure,13,branch,filter_copy,p750,65536,1,190652,11,11,49152,49152,1
7,clang-O3-v3,20260917,173,3,measure,14,branch,filter_copy,p100,65536,1,92796,11,11,6554,6554,1
7,clang-O3-v3,20260917,174,3,measure,15,small,sum_one,uniform,12,87381,465161,11,11,18208879310165819389,18208879310165819389,1
7,clang-O3-v3,20260917,175,3,measure,16,small,sum_one,uniform,2,524288,2105719,11,11,14489530702789345280,14489530702789345280,1
7,clang-O3-v3,20260917,176,3,measure,17,branch,filter_copy_mask,p500_alternating,65536,1,27813,11,11,32768,32768,1
7,clang-O3-v3,20260917,177,3,measure,18,branch,sum_if,p900,65536,1,9667,11,11,1957202038211152021,1957202038211152021,1
7,clang-O3-v3,20260917,178,3,measure,19,branch,filter_copy,p1000,65536,1,24534,11,11,65536,65536,1
7,clang-O3-v3,20260917,179,3,measure,20,branch,filter_copy,p000,65536,1,16521,11,11,0,0,1
7,clang-O3-v3,20260917,180,3,measure,21,small,sum_one,uniform,4,262144,876126,11,11,6027757896494481408,6027757896494481408,1
7,clang-O3-v3,20260917,181,3,measure,22,branch,sum_if,p000,65536,1,9602,11,11,0,0,1
7,clang-O3-v3,20260917,182,3,measure,23,branch,filter_copy_mask,p500_sorted,65536,1,26859,11,11,32768,32768,1
7,clang-O3-v3,20260917,183,3,measure,24,branch,filter_copy_mask,p000,65536,1,27027,11,11,0,0,1
7,clang-O3-v3,20260917,184,3,measure,25,dependency,chain_xor_mul,uniform,65536,64,6740266,11,11,5299772668389481216,5299772668389481216,1
7,clang-O3-v3,20260917,185,3,measure,26,branch,sum_if,p500,65536,1,9602,11,11,261284744287062128,261284744287062128,1
7,clang-O3-v3,20260917,186,3,measure,27,small,sum_one,uniform,3,349525,1888981,11,11,9690214761957071044,9690214761957071044,1
7,clang-O3-v3,20260917,187,3,measure,28,small,sum_one,uniform,64,16384,111128,11,11,14815439244071927808,14815439244071927808,1
7,clang-O3-v3,20260917,188,3,measure,29,small,sum_one,uniform,32,32768,144578,11,11,4730905112462327808,4730905112462327808,1
7,clang-O3-v3,20260917,189,3,measure,30,branch,filter_copy,p500_alternating,65536,1,20273,11,11,32768,32768,1
7,clang-O3-v3,20260917,190,3,measure,31,small,sum_one,uniform,128,8192,89544,11,11,17503531059042279424,17503531059042279424,1
7,clang-O3-v3,20260917,191,3,measure,32,branch,filter_copy,p250,65536,1,189424,11,11,16384,16384,1
7,clang-O3-v3,20260917,192,3,measure,33,small,sum_one,uniform,256,4096,89001,11,11,12471836693395644416,12471836693395644416,1
7,clang-O3-v3,20260917,193,3,measure,34,dependency,sum_four,uniform,65536,64,561923,11,11,1190735372877940864,1190735372877940864,1
7,clang-O3-v3,20260917,194,3,measure,35,branch,filter_copy_mask,p1000,65536,1,26791,11,11,65536,65536,1
7,clang-O3-v3,20260917,195,3,measure,36,small,sum_one,uniform,768,1365,75247,11,11,6760326044614544011,6760326044614544011,1
7,clang-O3-v3,20260917,196,3,measure,37,dependency,sum_one,uniform,65536,64,386781,11,11,1190735372877940864,1190735372877940864,1
7,clang-O3-v3,20260917,197,3,measure,38,branch,filter_copy_mask,p750,65536,1,26518,11,11,49152,49152,1
7,clang-O3-v3,20260917,198,3,measure,39,branch,filter_copy,p500,65536,1,337638,11,11,32768,32768,1
7,clang-O3-v3,20260917,199,3,measure,40,small,sum_one,uniform,8,131072,529591,11,11,11724155215337095168,11724155215337095168,1
7,clang-O3-v3,20260917,200,3,measure,41,small,sum_one,uniform,24,43690,227831,11,11,5019437447312423050,5019437447312423050,1
7,clang-O3-v3,20260917,201,3,measure,42,dependency,sum_one_bis,uniform,65536,64,395401,11,11,1190735372877940864,1190735372877940864,1
7,clang-O3-v3,20260917,202,3,measure,43,small,sum_one,uniform,96,10922,96006,11,11,1966801938065649448,1966801938065649448,1
7,clang-O3-v3,20260917,203,3,measure,44,branch,filter_copy_mask,p900,65536,1,28809,11,11,58982,58982,1
7,clang-O3-v3,20260917,204,3,measure,45,branch,filter_copy_mask,p500,65536,1,28758,11,11,32768,32768,1
7,clang-O3-v3,20260917,205,3,measure,46,small,sum_one,uniform,192,5461,85746,11,11,17901819518249685373,17901819518249685373,1
7,clang-O3-v3,20260917,206,3,measure,47,branch,sum_if,p250,65536,1,9630,11,11,75766260937212688,75766260937212688,1
7,clang-O3-v3,20260917,207,3,measure,48,small,sum_one,uniform,512,2048,74496,11,11,6127788314265579520,6127788314265579520,1
7,clang-O3-v3,20260917,208,3,measure,49,small,sum_one,uniform,48,21845,131409,11,11,18173204259618227916,18173204259618227916,1
7,clang-O3-v3,20260917,209,3,measure,50,small,sum_one,uniform,16,65536,215973,11,11,1403062601089810432,1403062601089810432,1
7,clang-O3-v3,20260917,210,3,measure,51,small,sum_one,uniform,6,174762,940013,11,11,4529353940760067638,4529353940760067638,1
7,clang-O3-v3,20260917,211,3,measure,52,branch,sum_if,p500_alternating,65536,1,15518,11,11,4196774058536912234,4196774058536912234,1
7,clang-O3-v3,20260917,212,4,measure,0,branch,sum_if,p500,65536,1,9561,11,11,261284744287062128,261284744287062128,1
7,clang-O3-v3,20260917,213,4,measure,1,branch,filter_copy_mask,p500,65536,1,28322,11,11,32768,32768,1
7,clang-O3-v3,20260917,214,4,measure,2,branch,filter_copy_mask,p250,65536,1,28869,11,11,16384,16384,1
7,clang-O3-v3,20260917,215,4,measure,3,small,sum_one,uniform,512,2048,97673,11,11,6127788314265579520,6127788314265579520,1
7,clang-O3-v3,20260917,216,4,measure,4,branch,filter_copy,p100,65536,1,93569,11,11,6554,6554,1
7,clang-O3-v3,20260917,217,4,measure,5,small,sum_one,uniform,256,4096,80880,11,11,12471836693395644416,12471836693395644416,1
7,clang-O3-v3,20260917,218,4,measure,6,branch,filter_copy,p000,65536,1,16512,11,11,0,0,1
7,clang-O3-v3,20260917,219,4,measure,7,dependency,sum_twice,uniform,65536,64,778474,11,11,2381470745755881728,2381470745755881728,1
7,clang-O3-v3,20260917,220,4,measure,8,small,sum_one,uniform,6,174762,983442,11,11,4529353940760067638,4529353940760067638,1
7,clang-O3-v3,20260917,221,4,measure,9,branch,filter_copy_mask,p500_alternating,65536,1,27933,11,11,32768,32768,1
7,clang-O3-v3,20260917,222,4,measure,10,branch,filter_copy,p750,65536,1,197754,11,11,49152,49152,1
7,clang-O3-v3,20260917,223,4,measure,11,branch,sum_if,p250,65536,1,15429,11,11,75766260937212688,75766260937212688,1
7,clang-O3-v3,20260917,224,4,measure,12,branch,filter_copy_mask,p1000,65536,1,26501,11,11,65536,65536,1
7,clang-O3-v3,20260917,225,4,measure,13,small,sum_one,uniform,3,349525,1695207,11,11,9690214761957071044,9690214761957071044,1
7,clang-O3-v3,20260917,226,4,measure,14,branch,filter_copy_mask,p900,65536,1,27198,11,11,58982,58982,1
7,clang-O3-v3,20260917,227,4,measure,15,dependency,sum_one,uniform,65536,64,392709,11,11,1190735372877940864,1190735372877940864,1
7,clang-O3-v3,20260917,228,4,measure,16,dependency,sum_one_bis,uniform,65536,64,389725,11,11,1190735372877940864,1190735372877940864,1
7,clang-O3-v3,20260917,229,4,measure,17,small,sum_one,uniform,32,32768,144548,11,11,4730905112462327808,4730905112462327808,1
7,clang-O3-v3,20260917,230,4,measure,18,small,sum_one,uniform,12,87381,441425,11,11,18208879310165819389,18208879310165819389,1
7,clang-O3-v3,20260917,231,4,measure,19,small,sum_one,uniform,96,10922,98376,11,11,1966801938065649448,1966801938065649448,1
7,clang-O3-v3,20260917,232,4,measure,20,branch,sum_if,p1000,65536,1,9584,11,11,4485739283943968327,4485739283943968327,1
7,clang-O3-v3,20260917,233,4,measure,21,small,sum_one,uniform,2,524288,2129385,11,11,14489530702789345280,14489530702789345280,1
7,clang-O3-v3,20260917,234,4,measure,22,branch,filter_copy,p500_sorted,65536,1,20636,11,11,32768,32768,1
7,clang-O3-v3,20260917,235,4,measure,23,small,sum_one,uniform,24,43690,227822,11,11,5019437447312423050,5019437447312423050,1
7,clang-O3-v3,20260917,236,4,measure,24,dependency,split_xor_mul,uniform,65536,64,1296349,11,11,8310383708453772032,8310383708453772032,1
7,clang-O3-v3,20260917,237,4,measure,25,dependency,sum_four,uniform,65536,64,565512,11,11,1190735372877940864,1190735372877940864,1
7,clang-O3-v3,20260917,238,4,measure,26,small,sum_one,uniform,128,8192,82522,11,11,17503531059042279424,17503531059042279424,1
7,clang-O3-v3,20260917,239,4,measure,27,branch,sum_if,p900,65536,1,9556,11,11,1957202038211152021,1957202038211152021,1
7,clang-O3-v3,20260917,240,4,measure,28,branch,filter_copy_mask,p750,65536,1,27374,11,11,49152,49152,1
7,clang-O3-v3,20260917,241,4,measure,29,dependency,chain_xor_mul,uniform,65536,64,6740421,11,11,5299772668389481216,5299772668389481216,1
7,clang-O3-v3,20260917,242,4,measure,30,branch,filter_copy,p500_alternating,65536,1,20249,11,11,32768,32768,1
7,clang-O3-v3,20260917,243,4,measure,31,small,sum_one,uniform,16,65536,210275,11,11,1403062601089810432,1403062601089810432,1
7,clang-O3-v3,20260917,244,4,measure,32,small,sum_one,uniform,1,1048576,3040873,11,11,8452580083670974464,8452580083670974464,1
7,clang-O3-v3,20260917,245,4,measure,33,small,sum_one,uniform,1024,1024,83235,11,11,6113767114656410624,6113767114656410624,1
7,clang-O3-v3,20260917,246,4,measure,34,branch,filter_copy_mask,p100,65536,1,27364,11,11,6554,6554,1
7,clang-O3-v3,20260917,247,4,measure,35,branch,sum_if,p750,65536,1,12018,11,11,14586442889165806448,14586442889165806448,1
7,clang-O3-v3,20260917,248,4,measure,36,branch,sum_if,p000,65536,1,9534,11,11,0,0,1
7,clang-O3-v3,20260917,249,4,measure,37,branch,filter_copy,p500,65536,1,340076,11,11,32768,32768,1
7,clang-O3-v3,20260917,250,4,measure,38,branch,sum_if,p500_alternating,65536,1,11998,11,11,4196774058536912234,4196774058536912234,1
7,clang-O3-v3,20260917,251,4,measure,39,branch,filter_copy,p900,65536,1,103335,11,11,58982,58982,1
7,clang-O3-v3,20260917,252,4,measure,40,branch,sum_if,p500_sorted,65536,1,9588,11,11,2213941836433581612,2213941836433581612,1
7,clang-O3-v3,20260917,253,4,measure,41,small,sum_one,uniform,64,16384,108967,11,11,14815439244071927808,14815439244071927808,1
7,clang-O3-v3,20260917,254,4,measure,42,branch,filter_copy_mask,p000,65536,1,26957,11,11,0,0,1
7,clang-O3-v3,20260917,255,4,measure,43,small,sum_one,uniform,768,1365,75705,11,11,6760326044614544011,6760326044614544011,1
7,clang-O3-v3,20260917,256,4,measure,44,branch,filter_copy,p250,65536,1,194926,11,11,16384,16384,1
7,clang-O3-v3,20260917,257,4,measure,45,small,sum_one,uniform,384,2730,78343,11,11,5767785928059657782,5767785928059657782,1
7,clang-O3-v3,20260917,258,4,measure,46,branch,sum_if,p100,65536,1,9613,11,11,3083979731501324985,3083979731501324985,1
7,clang-O3-v3,20260917,259,4,measure,47,branch,filter_copy,p1000,65536,1,25807,11,11,65536,65536,1
7,clang-O3-v3,20260917,260,4,measure,48,small,sum_one,uniform,4,262144,901193,11,11,6027757896494481408,6027757896494481408,1
7,clang-O3-v3,20260917,261,4,measure,49,small,sum_one,uniform,48,21845,119537,11,11,18173204259618227916,18173204259618227916,1
7,clang-O3-v3,20260917,262,4,measure,50,small,sum_one,uniform,192,5461,83397,11,11,17901819518249685373,17901819518249685373,1
7,clang-O3-v3,20260917,263,4,measure,51,small,sum_one,uniform,8,131072,541716,11,11,11724155215337095168,11724155215337095168,1
7,clang-O3-v3,20260917,264,4,measure,52,branch,filter_copy_mask,p500_sorted,65536,1,26655,11,11,32768,32768,1
7,clang-O3-v3,20260917,265,5,measure,0,branch,filter_copy,p500_sorted,65536,1,19438,11,11,32768,32768,1
7,clang-O3-v3,20260917,266,5,measure,1,branch,sum_if,p500,65536,1,9570,11,11,261284744287062128,261284744287062128,1
7,clang-O3-v3,20260917,267,5,measure,2,dependency,chain_xor_mul,uniform,65536,64,7049380,11,11,5299772668389481216,5299772668389481216,1
7,clang-O3-v3,20260917,268,5,measure,3,branch,filter_copy_mask,p000,65536,1,27109,11,11,0,0,1
7,clang-O3-v3,20260917,269,5,measure,4,branch,filter_copy,p900,65536,1,100575,11,11,58982,58982,1
7,clang-O3-v3,20260917,270,5,measure,5,dependency,sum_twice,uniform,65536,64,790387,11,11,2381470745755881728,2381470745755881728,1
7,clang-O3-v3,20260917,271,5,measure,6,branch,filter_copy,p000,65536,1,16650,11,11,0,0,1
7,clang-O3-v3,20260917,272,5,measure,7,small,sum_one,uniform,128,8192,90108,11,11,17503531059042279424,17503531059042279424,1
7,clang-O3-v3,20260917,273,5,measure,8,small,sum_one,uniform,64,16384,108640,11,11,14815439244071927808,14815439244071927808,1
7,clang-O3-v3,20260917,274,5,measure,9,branch,filter_copy_mask,p1000,65536,1,28051,11,11,65536,65536,1
7,clang-O3-v3,20260917,275,5,measure,10,small,sum_one,uniform,96,10922,95441,11,11,1966801938065649448,1966801938065649448,1
7,clang-O3-v3,20260917,276,5,measure,11,small,sum_one,uniform,512,2048,96077,11,11,6127788314265579520,6127788314265579520,1
7,clang-O3-v3,20260917,277,5,measure,12,small,sum_one,uniform,4,262144,866243,11,11,6027757896494481408,6027757896494481408,1
7,clang-O3-v3,20260917,278,5,measure,13,dependency,split_xor_mul,uniform,65536,64,1333258,11,11,8310383708453772032,8310383708453772032,1
7,clang-O3-v3,20260917,279,5,measure,14,dependency,sum_one,uniform,65536,64,337446,11,11,1190735372877940864,1190735372877940864,1
7,clang-O3-v3,20260917,280,5,measure,15,small,sum_one,uniform,384,2730,69165,11,11,5767785928059657782,5767785928059657782,1
7,clang-O3-v3,20260917,281,5,measure,16,branch,filter_copy,p1000,65536,1,24273,11,11,65536,65536,1
7,clang-O3-v3,20260917,282,5,measure,17,branch,filter_copy_mask,p100,65536,1,27485,11,11,6554,6554,1
7,clang-O3-v3,20260917,283,5,measure,18,branch,sum_if,p1000,65536,1,10066,11,11,4485739283943968327,4485739283943968327,1
7,clang-O3-v3,20260917,284,5,measure,19,small,sum_one,uniform,16,65536,213788,11,11,1403062601089810432,1403062601089810432,1
7,clang-O3-v3,20260917,285,5,measure,20,small,sum_one,uniform,256,4096,80351,11,11,12471836693395644416,12471836693395644416,1
7,clang-O3-v3,20260917,286,5,measure,21,small,sum_one,uniform,768,1365,75786,11,11,6760326044614544011,6760326044614544011,1
7,clang-O3-v3,20260917,287,5,measure,22,branch,filter_copy,p250,65536,1,193151,11,11,16384,16384,1
7,clang-O3-v3,20260917,288,5,measure,23,branch,sum_if,p500_sorted,65536,1,9573,11,11,2213941836433581612,2213941836433581612,1
7,clang-O3-v3,20260917,289,5,measure,24,branch,filter_copy,p500_alternating,65536,1,20125,11,11,32768,32768,1
7,clang-O3-v3,20260917,290,5,measure,25,small,sum_one,uniform,6,174762,984373,11,11,4529353940760067638,4529353940760067638,1
7,clang-O3-v3,20260917,291,5,measure,26,small,sum_one,uniform,3,349525,1684104,11,11,9690214761957071044,9690214761957071044,1
7,clang-O3-v3,20260917,292,5,measure,27,branch,filter_copy_mask,p900,65536,1,28200,11,11,58982,58982,1
7,clang-O3-v3,20260917,293,5,measure,28,branch,sum_if,p250,65536,1,9870,11,11,75766260937212688,75766260937212688,1
7,clang-O3-v3,20260917,294,5,measure,29,branch,filter_copy_mask,p500,65536,1,27027,11,11,32768,32768,1
7,clang-O3-v3,20260917,295,5,measure,30,branch,sum_if,p900,65536,1,11909,11,11,1957202038211152021,1957202038211152021,1
7,clang-O3-v3,20260917,296,5,measure,31,branch,filter_copy_mask,p500_alternating,65536,1,27966,11,11,32768,32768,1
7,clang-O3-v3,20260917,297,5,measure,32,branch,filter_copy,p100,65536,1,91506,11,11,6554,6554,1
7,clang-O3-v3,20260917,298,5,measure,33,small,sum_one,uniform,1024,1024,82054,11,11,6113767114656410624,6113767114656410624,1
7,clang-O3-v3,20260917,299,5,measure,34,dependency,sum_one_bis,uniform,65536,64,390484,11,11,1190735372877940864,1190735372877940864,1
7,clang-O3-v3,20260917,300,5,measure,35,small,sum_one,uniform,1,1048576,3016092,11,11,8452580083670974464,8452580083670974464,1
7,clang-O3-v3,20260917,301,5,measure,36,branch,filter_copy_mask,p500_sorted,65536,1,27147,11,11,32768,32768,1
7,clang-O3-v3,20260917,302,5,measure,37,branch,sum_if,p100,65536,1,9629,11,11,3083979731501324985,3083979731501324985,1
7,clang-O3-v3,20260917,303,5,measure,38,branch,filter_copy_mask,p250,65536,1,27501,11,11,16384,16384,1
7,clang-O3-v3,20260917,304,5,measure,39,small,sum_one,uniform,32,32768,144564,11,11,4730905112462327808,4730905112462327808,1
7,clang-O3-v3,20260917,305,5,measure,40,small,sum_one,uniform,48,21845,131306,11,11,18173204259618227916,18173204259618227916,1
7,clang-O3-v3,20260917,306,5,measure,41,branch,filter_copy_mask,p750,65536,1,27933,11,11,49152,49152,1
7,clang-O3-v3,20260917,307,5,measure,42,branch,filter_copy,p500,65536,1,351166,11,11,32768,32768,1
7,clang-O3-v3,20260917,308,5,measure,43,small,sum_one,uniform,8,131072,473246,11,11,11724155215337095168,11724155215337095168,1
7,clang-O3-v3,20260917,309,5,measure,44,branch,sum_if,p750,65536,1,9579,11,11,14586442889165806448,14586442889165806448,1
7,clang-O3-v3,20260917,310,5,measure,45,small,sum_one,uniform,2,524288,2141267,11,11,14489530702789345280,14489530702789345280,1
7,clang-O3-v3,20260917,311,5,measure,46,branch,sum_if,p500_alternating,65536,1,12044,11,11,4196774058536912234,4196774058536912234,1
7,clang-O3-v3,20260917,312,5,measure,47,branch,filter_copy,p750,65536,1,194118,11,11,49152,49152,1
7,clang-O3-v3,20260917,313,5,measure,48,small,sum_one,uniform,192,5461,84434,11,11,17901819518249685373,17901819518249685373,1
7,clang-O3-v3,20260917,314,5,measure,49,dependency,sum_four,uniform,65536,64,565596,11,11,1190735372877940864,1190735372877940864,1
7,clang-O3-v3,20260917,315,5,measure,50,small,sum_one,uniform,24,43690,192851,11,11,5019437447312423050,5019437447312423050,1
7,clang-O3-v3,20260917,316,5,measure,51,small,sum_one,uniform,12,87381,446928,11,11,18208879310165819389,18208879310165819389,1
7,clang-O3-v3,20260917,317,5,measure,52,branch,sum_if,p000,65536,1,9596,11,11,0,0,1
7,clang-O3-v3,20260917,318,6,measure,0,branch,sum_if,p100,65536,1,12086,11,11,3083979731501324985,3083979731501324985,1
7,clang-O3-v3,20260917,319,6,measure,1,small,sum_one,uniform,8,131072,577946,11,11,11724155215337095168,11724155215337095168,1
7,clang-O3-v3,20260917,320,6,measure,2,branch,filter_copy_mask,p500_sorted,65536,1,26853,11,11,32768,32768,1
7,clang-O3-v3,20260917,321,6,measure,3,branch,filter_copy,p250,65536,1,194728,11,11,16384,16384,1
7,clang-O3-v3,20260917,322,6,measure,4,branch,filter_copy_mask,p500,65536,1,28769,11,11,32768,32768,1
7,clang-O3-v3,20260917,323,6,measure,5,branch,filter_copy,p900,65536,1,103053,11,11,58982,58982,1
7,clang-O3-v3,20260917,324,6,measure,6,small,sum_one,uniform,24,43690,197513,11,11,5019437447312423050,5019437447312423050,1
7,clang-O3-v3,20260917,325,6,measure,7,branch,sum_if,p500,65536,1,9619,11,11,261284744287062128,261284744287062128,1
7,clang-O3-v3,20260917,326,6,measure,8,branch,sum_if,p1000,65536,1,9531,11,11,4485739283943968327,4485739283943968327,1
7,clang-O3-v3,20260917,327,6,measure,9,branch,filter_copy,p1000,65536,1,25451,11,11,65536,65536,1
7,clang-O3-v3,20260917,328,6,measure,10,dependency,sum_four,uniform,65536,64,566450,11,11,1190735372877940864,1190735372877940864,1
7,clang-O3-v3,20260917,329,6,measure,11,small,sum_one,uniform,384,2730,76208,11,11,5767785928059657782,5767785928059657782,1
7,clang-O3-v3,20260917,330,6,measure,12,branch,filter_copy,p500_alternating,65536,1,20160,11,11,32768,32768,1
7,clang-O3-v3,20260917,331,6,measure,13,branch,filter_copy,p000,65536,1,16760,11,11,0,0,1
7,clang-O3-v3,20260917,332,6,measure,14,small,sum_one,uniform,6,174762,1060234,11,11,4529353940760067638,4529353940760067638,1
7,clang-O3-v3,20260917,333,6,measure,15,branch,filter_copy,p500_sorted,65536,1,20326,11,11,32768,32768,1
7,clang-O3-v3,20260917,334,6,measure,16,small,sum_one,uniform,2,524288,2166827,11,11,14489530702789345280,14489530702789345280,1
7,clang-O3-v3,20260917,335,6,measure,17,branch,sum_if,p250,65536,1,11988,11,11,75766260937212688,75766260937212688,1
7,clang-O3-v3,20260917,336,6,measure,18,branch,filter_copy_mask,p900,65536,1,27683,11,11,58982,58982,1
7,clang-O3-v3,20260917,337,6,measure,19,branch,filter_copy_mask,p000,65536,1,28025,11,11,0,0,1
7,clang-O3-v3,20260917,338,6,measure,20,branch,sum_if,p750,65536,1,11888,11,11,14586442889165806448,14586442889165806448,1
7,clang-O3-v3,20260917,339,6,measure,21,small,sum_one,uniform,1,1048576,2981354,11,11,8452580083670974464,8452580083670974464,1
7,clang-O3-v3,20260917,340,6,measure,22,branch,sum_if,p900,65536,1,12012,11,11,1957202038211152021,1957202038211152021,1
7,clang-O3-v3,20260917,341,6,measure,23,branch,sum_if,p500_alternating,65536,1,9568,11,11,4196774058536912234,4196774058536912234,1
7,clang-O3-v3,20260917,342,6,measure,24,small,sum_one,uniform,4,262144,857247,11,11,6027757896494481408,6027757896494481408,1
7,clang-O3-v3,20260917,343,6,measure,25,branch,filter_copy,p100,65536,1,93473,11,11,6554,6554,1
7,clang-O3-v3,20260917,344,6,measure,26,branch,filter_copy,p500,65536,1,354089,11,11,32768,32768,1
7,clang-O3-v3,20260917,345,6,measure,27,small,sum_one,uniform,256,4096,83276,11,11,12471836693395644416,12471836693395644416,1
7,clang-O3-v3,20260917,346,6,measure,28,dependency,sum_twice,uniform,65536,64,776766,11,11,2381470745755881728,2381470745755881728,1
7,clang-O3-v3,20260917,347,6,measure,29,small,sum_one,uniform,12,87381,455661,11,11,18208879310165819389,18208879310165819389,1
7,clang-O3-v3,20260917,348,6,measure,30,branch,filter_copy_mask,p500_alternating,65536,1,27642,11,11,32768,32768,1
7,clang-O3-v3,20260917,349,6,measure,31,branch,filter_copy_mask,p250,65536,1,27589,11,11,16384,16384,1
7,clang-O3-v3,20260917,350,6,measure,32,small,sum_one,uniform,768,1365,77651,11,11,6760326044614544011,6760326044614544011,1
7,clang-O3-v3,20260917,351,6,measure,33,small,sum_one,uniform,512,2048,74551,11,11,6127788314265579520,6127788314265579520,1
7,clang-O3-v3,20260917,352,6,measure,34,small,sum_one,uniform,128,8192,88543,11,11,17503531059042279424,17503531059042279424,1
7,clang-O3-v3,20260917,353,6,measure,35,small,sum_one,uniform,48,21845,120320,11,11,18173204259618227916,18173204259618227916,1
7,clang-O3-v3,20260917,354,6,measure,36,branch,filter_copy_mask,p1000,65536,1,27679,11,11,65536,65536,1
7,clang-O3-v3,20260917,355,6,measure,37,small,sum_one,uniform,1024,1024,81121,11,11,6113767114656410624,6113767114656410624,1
7,clang-O3-v3,20260917,356,6,measure,38,branch,sum_if,p500_sorted,65536,1,9634,11,11,2213941836433581612,2213941836433581612,1
7,clang-O3-v3,20260917,357,6,measure,39,small,sum_one,uniform,192,5461,82060,11,11,17901819518249685373,17901819518249685373,1
7,clang-O3-v3,20260917,358,6,measure,40,small,sum_one,uniform,96,10922,93094,11,11,1966801938065649448,1966801938065649448,1
7,clang-O3-v3,20260917,359,6,measure,41,branch,sum_if,p000,65536,1,9577,11,11,0,0,1
7,clang-O3-v3,20260917,360,6,measure,42,dependency,sum_one,uniform,65536,64,390053,11,11,1190735372877940864,1190735372877940864,1
7,clang-O3-v3,20260917,361,6,measure,43,small,sum_one,uniform,16,65536,210259,11,11,1403062601089810432,1403062601089810432,1
7,clang-O3-v3,20260917,362,6,measure,44,small,sum_one,uniform,3,349525,1691871,11,11,9690214761957071044,9690214761957071044,1
7,clang-O3-v3,20260917,363,6,measure,45,small,sum_one,uniform,32,32768,141505,11,11,4730905112462327808,4730905112462327808,1
7,clang-O3-v3,20260917,364,6,measure,46,dependency,chain_xor_mul,uniform,65536,64,6798036,11,11,5299772668389481216,5299772668389481216,1
7,clang-O3-v3,20260917,365,6,measure,47,branch,filter_copy_mask,p750,65536,1,27523,11,11,49152,49152,1
7,clang-O3-v3,20260917,366,6,measure,48,dependency,sum_one_bis,uniform,65536,64,403680,11,11,1190735372877940864,1190735372877940864,1
7,clang-O3-v3,20260917,367,6,measure,49,branch,filter_copy,p750,65536,1,191778,11,11,49152,49152,1
7,clang-O3-v3,20260917,368,6,measure,50,small,sum_one,uniform,64,16384,108730,11,11,14815439244071927808,14815439244071927808,1
7,clang-O3-v3,20260917,369,6,measure,51,branch,filter_copy_mask,p100,65536,1,27279,11,11,6554,6554,1
7,clang-O3-v3,20260917,370,6,measure,52,dependency,split_xor_mul,uniform,65536,64,1311203,11,11,8310383708453772032,8310383708453772032,1
7,clang-O3-v3,20260917,371,7,measure,0,branch,filter_copy_mask,p500,65536,1,27637,11,11,32768,32768,1
7,clang-O3-v3,20260917,372,7,measure,1,small,sum_one,uniform,3,349525,1692644,11,11,9690214761957071044,9690214761957071044,1
7,clang-O3-v3,20260917,373,7,measure,2,branch,filter_copy,p500_sorted,65536,1,19697,11,11,32768,32768,1
7,clang-O3-v3,20260917,374,7,measure,3,small,sum_one,uniform,1,1048576,2949287,11,11,8452580083670974464,8452580083670974464,1
7,clang-O3-v3,20260917,375,7,measure,4,dependency,split_xor_mul,uniform,65536,64,1308710,11,11,8310383708453772032,8310383708453772032,1
7,clang-O3-v3,20260917,376,7,measure,5,branch,filter_copy_mask,p1000,65536,1,28411,11,11,65536,65536,1
7,clang-O3-v3,20260917,377,7,measure,6,branch,filter_copy_mask,p750,65536,1,27310,11,11,49152,49152,1
7,clang-O3-v3,20260917,378,7,measure,7,branch,filter_copy,p250,65536,1,191831,11,11,16384,16384,1
7,clang-O3-v3,20260917,379,7,measure,8,small,sum_one,uniform,96,10922,96454,11,11,1966801938065649448,1966801938065649448,1
7,clang-O3-v3,20260917,380,7,measure,9,branch,sum_if,p100,65536,1,9564,11,11,3083979731501324985,3083979731501324985,1
7,clang-O3-v3,20260917,381,7,measure,10,small,sum_one,uniform,12,87381,420499,11,11,18208879310165819389,18208879310165819389,1
7,clang-O3-v3,20260917,382,7,measure,11,dependency,sum_twice,uniform,65536,64,777130,11,11,2381470745755881728,2381470745755881728,1
7,clang-O3-v3,20260917,383,7,measure,12,branch,sum_if,p000,65536,1,9543,11,11,0,0,1
7,clang-O3-v3,20260917,384,7,measure,13,small,sum_one,uniform,512,2048,96100,11,11,6127788314265579520,6127788314265579520,1
7,clang-O3-v3,20260917,385,7,measure,14,branch,sum_if,p500_alternating,65536,1,10240,11,11,4196774058536912234,4196774058536912234,1
7,clang-O3-v3,20260917,386,7,measure,15,small,sum_one,uniform,768,1365,75343,11,11,6760326044614544011,6760326044614544011,1
7,clang-O3-v3,20260917,387,7,measure,16,branch,sum_if,p250,65536,1,9551,11,11,75766260937212688,75766260937212688,1
7,clang-O3-v3,20260917,388,7,measure,17,branch,sum_if,p1000,65536,1,9518,11,11,4485739283943968327,4485739283943968327,1
7,clang-O3-v3,20260917,389,7,measure,18,small,sum_one,uniform,384,2730,77138,11,11,5767785928059657782,5767785928059657782,1
7,clang-O3-v3,20260917,390,7,measure,19,small,sum_one,uniform,8,131072,537180,11,11,11724155215337095168,11724155215337095168,1
7,clang-O3-v3,20260917,391,7,measure,20,branch,sum_if,p900,65536,1,9578,11,11,1957202038211152021,1957202038211152021,1
7,clang-O3-v3,20260917,392,7,measure,21,small,sum_one,uniform,2,524288,2130138,11,11,14489530702789345280,14489530702789345280,1
7,clang-O3-v3,20260917,393,7,measure,22,small,sum_one,uniform,64,16384,112143,11,11,14815439244071927808,14815439244071927808,1
7,clang-O3-v3,20260917,394,7,measure,23,branch,filter_copy_mask,p250,65536,1,28623,11,11,16384,16384,1
7,clang-O3-v3,20260917,395,7,measure,24,small,sum_one,uniform,4,262144,948276,11,11,6027757896494481408,6027757896494481408,1
7,clang-O3-v3,20260917,396,7,measure,25,branch,filter_copy,p750,65536,1,194230,11,11,49152,49152,1
7,clang-O3-v3,20260917,397,7,measure,26,small,sum_one,uniform,24,43690,227885,11,11,5019437447312423050,5019437447312423050,1
7,clang-O3-v3,20260917,398,7,measure,27,branch,filter_copy,p000,65536,1,16790,11,11,0,0,1
7,clang-O3-v3,20260917,399,7,measure,28,branch,filter_copy,p100,65536,1,96526,11,11,6554,6554,1
7,clang-O3-v3,20260917,400,7,measure,29,small,sum_one,uniform,16,65536,210193,11,11,1403062601089810432,1403062601089810432,1
7,clang-O3-v3,20260917,401,7,measure,30,small,sum_one,uniform,1024,1024,81461,11,11,6113767114656410624,6113767114656410624,1
7,clang-O3-v3,20260917,402,7,measure,31,dependency,chain_xor_mul,uniform,65536,64,6814093,11,11,5299772668389481216,5299772668389481216,1
7,clang-O3-v3,20260917,403,7,measure,32,small,sum_one,uniform,48,21845,122727,11,11,18173204259618227916,18173204259618227916,1
7,clang-O3-v3,20260917,404,7,measure,33,dependency,sum_one,uniform,65536,64,399378,11,11,1190735372877940864,1190735372877940864,1
7,clang-O3-v3,20260917,405,7,measure,34,dependency,sum_four,uniform,65536,64,575994,11,11,1190735372877940864,1190735372877940864,1
7,clang-O3-v3,20260917,406,7,measure,35,branch,sum_if,p750,65536,1,9841,11,11,14586442889165806448,14586442889165806448,1
7,clang-O3-v3,20260917,407,7,measure,36,branch,filter_copy,p500_alternating,65536,1,26064,11,11,32768,32768,1
7,clang-O3-v3,20260917,408,7,measure,37,small,sum_one,uniform,128,8192,90143,11,11,17503531059042279424,17503531059042279424,1
7,clang-O3-v3,20260917,409,7,measure,38,branch,filter_copy,p900,65536,1,103317,11,11,58982,58982,1
7,clang-O3-v3,20260917,410,7,measure,39,branch,filter_copy_mask,p000,65536,1,27068,11,11,0,0,1
7,clang-O3-v3,20260917,411,7,measure,40,branch,filter_copy_mask,p900,65536,1,29347,11,11,58982,58982,1
7,clang-O3-v3,20260917,412,7,measure,41,branch,filter_copy,p1000,65536,1,29435,11,11,65536,65536,1
7,clang-O3-v3,20260917,413,7,measure,42,branch,filter_copy,p500,65536,1,344616,11,11,32768,32768,1
7,clang-O3-v3,20260917,414,7,measure,43,small,sum_one,uniform,32,32768,144567,11,11,4730905112462327808,4730905112462327808,1
7,clang-O3-v3,20260917,415,7,measure,44,branch,filter_copy_mask,p500_alternating,65536,1,27827,11,11,32768,32768,1
7,clang-O3-v3,20260917,416,7,measure,45,branch,filter_copy_mask,p100,65536,1,27691,11,11,6554,6554,1
7,clang-O3-v3,20260917,417,7,measure,46,small,sum_one,uniform,6,174762,959791,11,11,4529353940760067638,4529353940760067638,1
7,clang-O3-v3,20260917,418,7,measure,47,small,sum_one,uniform,192,5461,83524,11,11,17901819518249685373,17901819518249685373,1
7,clang-O3-v3,20260917,419,7,measure,48,dependency,sum_one_bis,uniform,65536,64,386823,11,11,1190735372877940864,1190735372877940864,1
7,clang-O3-v3,20260917,420,7,measure,49,branch,filter_copy_mask,p500_sorted,65536,1,27550,11,11,32768,32768,1
7,clang-O3-v3,20260917,421,7,measure,50,small,sum_one,uniform,256,4096,80620,11,11,12471836693395644416,12471836693395644416,1
7,clang-O3-v3,20260917,422,7,measure,51,branch,sum_if,p500_sorted,65536,1,9645,11,11,2213941836433581612,2213941836433581612,1
7,clang-O3-v3,20260917,423,7,measure,52,branch,sum_if,p500,65536,1,9554,11,11,261284744287062128,261284744287062128,1
7,clang-O3-v3,20260917,424,8,measure,0,dependency,sum_four,uniform,65536,64,582708,11,11,1190735372877940864,1190735372877940864,1
7,clang-O3-v3,20260917,425,8,measure,1,branch,filter_copy,p900,65536,1,98173,11,11,58982,58982,1
7,clang-O3-v3,20260917,426,8,measure,2,branch,filter_copy_mask,p1000,65536,1,29229,11,11,65536,65536,1
7,clang-O3-v3,20260917,427,8,measure,3,branch,sum_if,p100,65536,1,9609,11,11,3083979731501324985,3083979731501324985,1
7,clang-O3-v3,20260917,428,8,measure,4,branch,sum_if,p750,65536,1,14282,11,11,14586442889165806448,14586442889165806448,1
7,clang-O3-v3,20260917,429,8,measure,5,small,sum_one,uniform,16,65536,210645,11,11,1403062601089810432,1403062601089810432,1
7,clang-O3-v3,20260917,430,8,measure,6,small,sum_one,uniform,512,2048,76387,11,11,6127788314265579520,6127788314265579520,1
7,clang-O3-v3,20260917,431,8,measure,7,branch,filter_copy,p1000,65536,1,25334,11,11,65536,65536,1
7,clang-O3-v3,20260917,432,8,measure,8,branch,filter_copy_mask,p750,65536,1,26762,11,11,49152,49152,1
7,clang-O3-v3,20260917,433,8,measure,9,branch,sum_if,p900,65536,1,9569,11,11,1957202038211152021,1957202038211152021,1
7,clang-O3-v3,20260917,434,8,measure,10,branch,filter_copy_mask,p900,65536,1,27946,11,11,58982,58982,1
7,clang-O3-v3,20260917,435,8,measure,11,dependency,split_xor_mul,uniform,65536,64,1294866,11,11,8310383708453772032,8310383708453772032,1
7,clang-O3-v3,20260917,436,8,measure,12,small,sum_one,uniform,384,2730,68722,11,11,5767785928059657782,5767785928059657782,1
7,clang-O3-v3,20260917,437,8,measure,13,small,sum_one,uniform,4,262144,924302,11,11,6027757896494481408,6027757896494481408,1
7,clang-O3-v3,20260917,438,8,measure,14,branch,sum_if,p500_sorted,65536,1,9551,11,11,2213941836433581612,2213941836433581612,1
7,clang-O3-v3,20260917,439,8,measure,15,small,sum_one,uniform,128,8192,90059,11,11,17503531059042279424,17503531059042279424,1
7,clang-O3-v3,20260917,440,8,measure,16,branch,filter_copy_mask,p500_sorted,65536,1,26744,11,11,32768,32768,1
7,clang-O3-v3,20260917,441,8,measure,17,branch,sum_if,p500_alternating,65536,1,9559,11,11,4196774058536912234,4196774058536912234,1
7,clang-O3-v3,20260917,442,8,measure,18,branch,filter_copy,p000,65536,1,16721,11,11,0,0,1
7,clang-O3-v3,20260917,443,8,measure,19,branch,sum_if,p500,65536,1,9584,11,11,261284744287062128,261284744287062128,1
7,clang-O3-v3,20260917,444,8,measure,20,branch,filter_copy,p750,65536,1,197846,11,11,49152,49152,1
7,clang-O3-v3,20260917,445,8,measure,21,branch,filter_copy,p100,65536,1,93285,11,11,6554,6554,1
7,clang-O3-v3,20260917,446,8,measure,22,branch,sum_if,p250,65536,1,9655,11,11,75766260937212688,75766260937212688,1
7,clang-O3-v3,20260917,447,8,measure,23,small,sum_one,uniform,96,10922,95441,11,11,1966801938065649448,1966801938065649448,1
7,clang-O3-v3,20260917,448,8,measure,24,branch,filter_copy_mask,p500_alternating,65536,1,28054,11,11,32768,32768,1
7,clang-O3-v3,20260917,449,8,measure,25,small,sum_one,uniform,32,32768,144560,11,11,4730905112462327808,4730905112462327808,1
7,clang-O3-v3,20260917,450,8,measure,26,dependency,sum_one_bis,uniform,65536,64,396134,11,11,1190735372877940864,1190735372877940864,1
7,clang-O3-v3,20260917,451,8,measure,27,small,sum_one,uniform,256,4096,81119,11,11,12471836693395644416,12471836693395644416,1
7,clang-O3-v3,20260917,452,8,measure,28,small,sum_one,uniform,1024,1024,82154,11,11,6113767114656410624,6113767114656410624,1
7,clang-O3-v3,20260917,453,8,measure,29,small,sum_one,uniform,192,5461,83572,11,11,17901819518249685373,17901819518249685373,1
7,clang-O3-v3,20260917,454,8,measure,30,small,sum_one,uniform,3,349525,1725251,11,11,9690214761957071044,9690214761957071044,1
7,clang-O3-v3,20260917,455,8,measure,31,small,sum_one,uniform,768,1365,76131,11,11,6760326044614544011,6760326044614544011,1
7,clang-O3-v3,20260917,456,8,measure,32,branch,sum_if,p1000,65536,1,9667,11,11,4485739283943968327,4485739283943968327,1
7,clang-O3-v3,20260917,457,8,measure,33,small,sum_one,uniform,64,16384,112586,11,11,14815439244071927808,14815439244071927808,1
7,clang-O3-v3,20260917,458,8,measure,34,branch,filter_copy_mask,p500,65536,1,27718,11,11,32768,32768,1
7,clang-O3-v3,20260917,459,8,measure,35,small,sum_one,uniform,48,21845,126996,11,11,18173204259618227916,18173204259618227916,1
7,clang-O3-v3,20260917,460,8,measure,36,dependency,chain_xor_mul,uniform,65536,64,6742272,11,11,5299772668389481216,5299772668389481216,1
7,clang-O3-v3,20260917,461,8,measure,37,branch,filter_copy_mask,p100,65536,1,27129,11,11,6554,6554,1
7,clang-O3-v3,20260917,462,8,measure,38,small,sum_one,uniform,24,43690,193396,11,11,5019437447312423050,5019437447312423050,1
7,clang-O3-v3,20260917,463,8,measure,39,branch,filter_copy,p500,65536,1,338956,11,11,32768,32768,1
7,clang-O3-v3,20260917,464,8,measure,40,small,sum_one,uniform,6,174762,984681,11,11,4529353940760067638,4529353940760067638,1
7,clang-O3-v3,20260917,465,8,measure,41,branch,filter_copy,p500_sorted,65536,1,19883,11,11,32768,32768,1
7,clang-O3-v3,20260917,466,8,measure,42,branch,filter_copy,p500_alternating,65536,1,20209,11,11,32768,32768,1
7,clang-O3-v3,20260917,467,8,measure,43,small,sum_one,uniform,2,524288,2182218,11,11,14489530702789345280,14489530702789345280,1
7,clang-O3-v3,20260917,468,8,measure,44,dependency,sum_one,uniform,65536,64,394489,11,11,1190735372877940864,1190735372877940864,1
7,clang-O3-v3,20260917,469,8,measure,45,branch,filter_copy,p250,65536,1,202249,11,11,16384,16384,1
7,clang-O3-v3,20260917,470,8,measure,46,small,sum_one,uniform,1,1048576,3888601,11,11,8452580083670974464,8452580083670974464,1
7,clang-O3-v3,20260917,471,8,measure,47,small,sum_one,uniform,12,87381,589313,11,11,18208879310165819389,18208879310165819389,1
7,clang-O3-v3,20260917,472,8,measure,48,branch,filter_copy_mask,p000,65536,1,27619,11,11,0,0,1
7,clang-O3-v3,20260917,473,8,measure,49,dependency,sum_twice,uniform,65536,64,921049,11,11,2381470745755881728,2381470745755881728,1
7,clang-O3-v3,20260917,474,8,measure,50,branch,filter_copy_mask,p250,65536,1,31342,11,11,16384,16384,1
7,clang-O3-v3,20260917,475,8,measure,51,small,sum_one,uniform,8,131072,564658,11,11,11724155215337095168,11724155215337095168,1
7,clang-O3-v3,20260917,476,8,measure,52,branch,sum_if,p000,65536,1,12653,11,11,0,0,1
7,clang-O3-v3,20260917,477,9,measure,0,small,sum_one,uniform,3,349525,1702977,11,11,9690214761957071044,9690214761957071044,1
7,clang-O3-v3,20260917,478,9,measure,1,branch,filter_copy,p000,65536,1,16570,11,11,0,0,1
7,clang-O3-v3,20260917,479,9,measure,2,dependency,sum_one_bis,uniform,65536,64,413588,11,11,1190735372877940864,1190735372877940864,1
7,clang-O3-v3,20260917,480,9,measure,3,dependency,split_xor_mul,uniform,65536,64,1346326,11,11,8310383708453772032,8310383708453772032,1
7,clang-O3-v3,20260917,481,9,measure,4,small,sum_one,uniform,32,32768,131888,11,11,4730905112462327808,4730905112462327808,1
7,clang-O3-v3,20260917,482,9,measure,5,small,sum_one,uniform,48,21845,131171,11,11,18173204259618227916,18173204259618227916,1
7,clang-O3-v3,20260917,483,9,measure,6,small,sum_one,uniform,12,87381,455400,11,11,18208879310165819389,18208879310165819389,1
7,clang-O3-v3,20260917,484,9,measure,7,branch,filter_copy_mask,p500_alternating,65536,1,28671,11,11,32768,32768,1
7,clang-O3-v3,20260917,485,9,measure,8,branch,filter_copy_mask,p250,65536,1,27950,11,11,16384,16384,1
7,clang-O3-v3,20260917,486,9,measure,9,small,sum_one,uniform,1,1048576,3078216,11,11,8452580083670974464,8452580083670974464,1
7,clang-O3-v3,20260917,487,9,measure,10,branch,sum_if,p000,65536,1,10181,11,11,0,0,1
7,clang-O3-v3,20260917,488,9,measure,11,small,sum_one,uniform,4,262144,961246,11,11,6027757896494481408,6027757896494481408,1
7,clang-O3-v3,20260917,489,9,measure,12,branch,filter_copy,p250,65536,1,190940,11,11,16384,16384,1
7,clang-O3-v3,20260917,490,9,measure,13,branch,sum_if,p100,65536,1,12223,11,11,3083979731501324985,3083979731501324985,1
7,clang-O3-v3,20260917,491,9,measure,14,small,sum_one,uniform,384,2730,77792,11,11,5767785928059657782,5767785928059657782,1
7,clang-O3-v3,20260917,492,9,measure,15,small,sum_one,uniform,512,2048,78166,11,11,6127788314265579520,6127788314265579520,1
7,clang-O3-v3,20260917,493,9,measure,16,small,sum_one,uniform,24,43690,227790,11,11,5019437447312423050,5019437447312423050,1
7,clang-O3-v3,20260917,494,9,measure,17,branch,sum_if,p250,65536,1,9627,11,11,75766260937212688,75766260937212688,1
7,clang-O3-v3,20260917,495,9,measure,18,branch,sum_if,p500,65536,1,9532,11,11,261284744287062128,261284744287062128,1
7,clang-O3-v3,20260917,496,9,measure,19,small,sum_one,uniform,6,174762,1034914,11,11,4529353940760067638,4529353940760067638,1
7,clang-O3-v3,20260917,497,9,measure,20,small,sum_one,uniform,1024,1024,80751,11,11,6113767114656410624,6113767114656410624,1
7,clang-O3-v3,20260917,498,9,measure,21,small,sum_one,uniform,128,8192,88110,11,11,17503531059042279424,17503531059042279424,1
7,clang-O3-v3,20260917,499,9,measure,22,branch,filter_copy_mask,p500_sorted,65536,1,33159,11,11,32768,32768,1
7,clang-O3-v3,20260917,500,9,measure,23,branch,filter_copy,p500_sorted,65536,1,19956,11,11,32768,32768,1
7,clang-O3-v3,20260917,501,9,measure,24,dependency,chain_xor_mul,uniform,65536,64,6951546,11,11,5299772668389481216,5299772668389481216,1
7,clang-O3-v3,20260917,502,9,measure,25,branch,sum_if,p900,65536,1,10249,11,11,1957202038211152021,1957202038211152021,1
7,clang-O3-v3,20260917,503,9,measure,26,branch,filter_copy_mask,p500,65536,1,29410,11,11,32768,32768,1
7,clang-O3-v3,20260917,504,9,measure,27,branch,sum_if,p500_alternating,65536,1,10200,11,11,4196774058536912234,4196774058536912234,1
7,clang-O3-v3,20260917,505,9,measure,28,small,sum_one,uniform,192,5461,84161,11,11,17901819518249685373,17901819518249685373,1
7,clang-O3-v3,20260917,506,9,measure,29,small,sum_one,uniform,256,4096,81558,11,11,12471836693395644416,12471836693395644416,1
7,clang-O3-v3,20260917,507,9,measure,30,branch,filter_copy_mask,p100,65536,1,27997,11,11,6554,6554,1
7,clang-O3-v3,20260917,508,9,measure,31,branch,sum_if,p500_sorted,65536,1,10263,11,11,2213941836433581612,2213941836433581612,1
7,clang-O3-v3,20260917,509,9,measure,32,branch,filter_copy,p100,65536,1,92505,11,11,6554,6554,1
7,clang-O3-v3,20260917,510,9,measure,33,small,sum_one,uniform,96,10922,95730,11,11,1966801938065649448,1966801938065649448,1
7,clang-O3-v3,20260917,511,9,measure,34,branch,filter_copy_mask,p900,65536,1,52881,11,11,58982,58982,1
7,clang-O3-v3,20260917,512,9,measure,35,dependency,sum_four,uniform,65536,64,614602,11,11,1190735372877940864,1190735372877940864,1
7,clang-O3-v3,20260917,513,9,measure,36,branch,filter_copy,p1000,65536,1,34257,11,11,65536,65536,1
7,clang-O3-v3,20260917,514,9,measure,37,branch,filter_copy,p900,65536,1,119450,11,11,58982,58982,1
7,clang-O3-v3,20260917,515,9,measure,38,small,sum_one,uniform,8,131072,537806,11,11,11724155215337095168,11724155215337095168,1
7,clang-O3-v3,20260917,516,9,measure,39,branch,sum_if,p1000,65536,1,15047,11,11,4485739283943968327,4485739283943968327,1
7,clang-O3-v3,20260917,517,9,measure,40,dependency,sum_one,uniform,65536,64,424322,11,11,1190735372877940864,1190735372877940864,1
7,clang-O3-v3,20260917,518,9,measure,41,branch,filter_copy_mask,p1000,65536,1,28194,11,11,65536,65536,1
7,clang-O3-v3,20260917,519,9,measure,42,dependency,sum_twice,uniform,65536,64,774164,11,11,2381470745755881728,2381470745755881728,1
7,clang-O3-v3,20260917,520,9,measure,43,branch,filter_copy_mask,p750,65536,1,27844,11,11,49152,49152,1
7,clang-O3-v3,20260917,521,9,measure,44,branch,sum_if,p750,65536,1,9884,11,11,14586442889165806448,14586442889165806448,1
7,clang-O3-v3,20260917,522,9,measure,45,branch,filter_copy,p750,65536,1,192620,11,11,49152,49152,1
7,clang-O3-v3,20260917,523,9,measure,46,small,sum_one,uniform,768,1365,75642,11,11,6760326044614544011,6760326044614544011,1
7,clang-O3-v3,20260917,524,9,measure,47,branch,filter_copy_mask,p000,65536,1,27228,11,11,0,0,1
7,clang-O3-v3,20260917,525,9,measure,48,branch,filter_copy,p500,65536,1,354103,11,11,32768,32768,1
7,clang-O3-v3,20260917,526,9,measure,49,small,sum_one,uniform,16,65536,212944,11,11,1403062601089810432,1403062601089810432,1
7,clang-O3-v3,20260917,527,9,measure,50,small,sum_one,uniform,2,524288,2153001,11,11,14489530702789345280,14489530702789345280,1
7,clang-O3-v3,20260917,528,9,measure,51,branch,filter_copy,p500_alternating,65536,1,21608,11,11,32768,32768,1
7,clang-O3-v3,20260917,529,9,measure,52,small,sum_one,uniform,64,16384,112591,11,11,14815439244071927808,14815439244071927808,1
7,clang-O3-v3,20260917,530,10,measure,0,branch,filter_copy,p1000,65536,1,27900,11,11,65536,65536,1
7,clang-O3-v3,20260917,531,10,measure,1,small,sum_one,uniform,4,262144,845033,11,11,6027757896494481408,6027757896494481408,1
7,clang-O3-v3,20260917,532,10,measure,2,small,sum_one,uniform,768,1365,75732,11,11,6760326044614544011,6760326044614544011,1
7,clang-O3-v3,20260917,533,10,measure,3,branch,filter_copy_mask,p500_alternating,65536,1,28017,11,11,32768,32768,1
7,clang-O3-v3,20260917,534,10,measure,4,small,sum_one,uniform,512,2048,95544,11,11,6127788314265579520,6127788314265579520,1
7,clang-O3-v3,20260917,535,10,measure,5,small,sum_one,uniform,12,87381,458811,11,11,18208879310165819389,18208879310165819389,1
7,clang-O3-v3,20260917,536,10,measure,6,branch,filter_copy_mask,p500,65536,1,27347,11,11,32768,32768,1
7,clang-O3-v3,20260917,537,10,measure,7,branch,filter_copy_mask,p1000,65536,1,27224,11,11,65536,65536,1
7,clang-O3-v3,20260917,538,10,measure,8,small,sum_one,uniform,1024,1024,83316,11,11,6113767114656410624,6113767114656410624,1
7,clang-O3-v3,20260917,539,10,measure,9,branch,filter_copy,p500,65536,1,338644,11,11,32768,32768,1
7,clang-O3-v3,20260917,540,10,measure,10,branch,sum_if,p500_sorted,65536,1,12439,11,11,2213941836433581612,2213941836433581612,1
7,clang-O3-v3,20260917,541,10,measure,11,branch,filter_copy,p000,65536,1,16599,11,11,0,0,1
7,clang-O3-v3,20260917,542,10,measure,12,small,sum_one,uniform,16,65536,210264,11,11,1403062601089810432,1403062601089810432,1
7,clang-O3-v3,20260917,543,10,measure,13,small,sum_one,uniform,256,4096,81078,11,11,12471836693395644416,12471836693395644416,1
7,clang-O3-v3,20260917,544,10,measure,14,small,sum_one,uniform,64,16384,112294,11,11,14815439244071927808,14815439244071927808,1
7,clang-O3-v3,20260917,545,10,measure,15,dependency,sum_four,uniform,65536,64,567446,11,11,1190735372877940864,1190735372877940864,1
7,clang-O3-v3,20260917,546,10,measure,16,small,sum_one,uniform,2,524288,2169700,11,11,14489530702789345280,14489530702789345280,1
7,clang-O3-v3,20260917,547,10,measure,17,small,sum_one,uniform,48,21845,125649,11,11,18173204259618227916,18173204259618227916,1
7,clang-O3-v3,20260917,548,10,measure,18,branch,filter_copy_mask,p500_sorted,65536,1,26963,11,11,32768,32768,1
7,clang-O3-v3,20260917,549,10,measure,19,branch,filter_copy_mask,p000,65536,1,27066,11,11,0,0,1
7,clang-O3-v3,20260917,550,10,measure,20,dependency,sum_twice,uniform,65536,64,777885,11,11,2381470745755881728,2381470745755881728,1
7,clang-O3-v3,20260917,551,10,measure,21,small,sum_one,uniform,192,5461,82785,11,11,17901819518249685373,17901819518249685373,1
7,clang-O3-v3,20260917,552,10,measure,22,branch,sum_if,p500_alternating,65536,1,10089,11,11,4196774058536912234,4196774058536912234,1
7,clang-O3-v3,20260917,553,10,measure,23,branch,filter_copy,p250,65536,1,196633,11,11,16384,16384,1
7,clang-O3-v3,20260917,554,10,measure,24,small,sum_one,uniform,96,10922,98057,11,11,1966801938065649448,1966801938065649448,1
7,clang-O3-v3,20260917,555,10,measure,25,branch,filter_copy_mask,p750,65536,1,26909,11,11,49152,49152,1
7,clang-O3-v3,20260917,556,10,measure,26,branch,sum_if,p250,65536,1,9916,11,11,75766260937212688,75766260937212688,1
7,clang-O3-v3,20260917,557,10,measure,27,branch,filter_copy_mask,p250,65536,1,29082,11,11,16384,16384,1
7,clang-O3-v3,20260917,558,10,measure,28,dependency,split_xor_mul,uniform,65536,64,1295372,11,11,8310383708453772032,8310383708453772032,1
7,clang-O3-v3,20260917,559,10,measure,29,branch,sum_if,p900,65536,1,8980,11,11,1957202038211152021,1957202038211152021,1
7,clang-O3-v3,20260917,560,10,measure,30,small,sum_one,uniform,32,32768,147405,11,11,4730905112462327808,4730905112462327808,1
7,clang-O3-v3,20260917,561,10,measure,31,branch,filter_copy,p100,65536,1,91418,11,11,6554,6554,1
7,clang-O3-v3,20260917,562,10,measure,32,small,sum_one,uniform,1,1048576,2952063,11,11,8452580083670974464,8452580083670974464,1
7,clang-O3-v3,20260917,563,10,measure,33,dependency,chain_xor_mul,uniform,65536,64,6865865,11,11,5299772668389481216,5299772668389481216,1
7,clang-O3-v3,20260917,564,10,measure,34,branch,filter_copy,p500_alternating,65536,1,25243,11,11,32768,32768,1
7,clang-O3-v3,20260917,565,10,measure,35,branch,sum_if,p000,65536,1,10365,11,11,0,0,1
7,clang-O3-v3,20260917,566,10,measure,36,small,sum_one,uniform,6,174762,983846,11,11,4529353940760067638,4529353940760067638,1
7,clang-O3-v3,20260917,567,10,measure,37,small,sum_one,uniform,24,43690,192761,11,11,5019437447312423050,5019437447312423050,1
7,clang-O3-v3,20260917,568,10,measure,38,branch,filter_copy,p500_sorted,65536,1,20174,11,11,32768,32768,1
7,clang-O3-v3,20260917,569,10,measure,39,branch,filter_copy,p750,65536,1,198743,11,11,49152,49152,1
7,clang-O3-v3,20260917,570,10,measure,40,branch,sum_if,p500,65536,1,12039,11,11,261284744287062128,261284744287062128,1
7,clang-O3-v3,20260917,571,10,measure,41,dependency,sum_one,uniform,65536,64,386738,11,11,1190735372877940864,1190735372877940864,1
7,clang-O3-v3,20260917,572,10,measure,42,small,sum_one,uniform,3,349525,1717891,11,11,9690214761957071044,9690214761957071044,1
7,clang-O3-v3,20260917,573,10,measure,43,branch,filter_copy_mask,p100,65536,1,27321,11,11,6554,6554,1
7,clang-O3-v3,20260917,574,10,measure,44,branch,sum_if,p1000,65536,1,12055,11,11,4485739283943968327,4485739283943968327,1
7,clang-O3-v3,20260917,575,10,measure,45,small,sum_one,uniform,128,8192,89583,11,11,17503531059042279424,17503531059042279424,1
7,clang-O3-v3,20260917,576,10,measure,46,small,sum_one,uniform,384,2730,76042,11,11,5767785928059657782,5767785928059657782,1
7,clang-O3-v3,20260917,577,10,measure,47,branch,sum_if,p750,65536,1,9554,11,11,14586442889165806448,14586442889165806448,1
7,clang-O3-v3,20260917,578,10,measure,48,dependency,sum_one_bis,uniform,65536,64,409448,11,11,1190735372877940864,1190735372877940864,1
7,clang-O3-v3,20260917,579,10,measure,49,branch,sum_if,p100,65536,1,12836,11,11,3083979731501324985,3083979731501324985,1
7,clang-O3-v3,20260917,580,10,measure,50,small,sum_one,uniform,8,131072,507226,11,11,11724155215337095168,11724155215337095168,1
7,clang-O3-v3,20260917,581,10,measure,51,branch,filter_copy,p900,65536,1,103013,11,11,58982,58982,1
7,clang-O3-v3,20260917,582,10,measure,52,branch,filter_copy_mask,p900,65536,1,30881,11,11,58982,58982,1
7,clang-O3-v3,20260917,583,11,measure,0,small,sum_one,uniform,768,1365,77724,11,11,6760326044614544011,6760326044614544011,1
7,clang-O3-v3,20260917,584,11,measure,1,branch,filter_copy,p750,65536,1,191683,11,11,49152,49152,1
7,clang-O3-v3,20260917,585,11,measure,2,dependency,split_xor_mul,uniform,65536,64,1314517,11,11,8310383708453772032,8310383708453772032,1
7,clang-O3-v3,20260917,586,11,measure,3,branch,filter_copy_mask,p100,65536,1,27120,11,11,6554,6554,1
7,clang-O3-v3,20260917,587,11,measure,4,branch,filter_copy,p1000,65536,1,30046,11,11,65536,65536,1
7,clang-O3-v3,20260917,588,11,measure,5,small,sum_one,uniform,512,2048,92301,11,11,6127788314265579520,6127788314265579520,1
7,clang-O3-v3,20260917,589,11,measure,6,small,sum_one,uniform,192,5461,82896,11,11,17901819518249685373,17901819518249685373,1
7,clang-O3-v3,20260917,590,11,measure,7,dependency,chain_xor_mul,uniform,65536,64,6743171,11,11,5299772668389481216,5299772668389481216,1
7,clang-O3-v3,20260917,591,11,measure,8,small,sum_one,uniform,96,10922,93627,11,11,1966801938065649448,1966801938065649448,1
7,clang-O3-v3,20260917,592,11,measure,9,branch,sum_if,p750,65536,1,9618,11,11,14586442889165806448,14586442889165806448,1
7,clang-O3-v3,20260917,593,11,measure,10,branch,filter_copy,p250,65536,1,194217,11,11,16384,16384,1
7,clang-O3-v3,20260917,594,11,measure,11,dependency,sum_one_bis,uniform,65536,64,389949,11,11,1190735372877940864,1190735372877940864,1
7,clang-O3-v3,20260917,595,11,measure,12,branch,sum_if,p900,65536,1,9570,11,11,1957202038211152021,1957202038211152021,1
7,clang-O3-v3,20260917,596,11,measure,13,branch,filter_copy,p500_sorted,65536,1,21558,11,11,32768,32768,1
7,clang-O3-v3,20260917,597,11,measure,14,small,sum_one,uniform,48,21845,119950,11,11,18173204259618227916,18173204259618227916,1
7,clang-O3-v3,20260917,598,11,measure,15,branch,filter_copy,p100,65536,1,92572,11,11,6554,6554,1
7,clang-O3-v3,20260917,599,11,measure,16,branch,sum_if,p1000,65536,1,12015,11,11,4485739283943968327,4485739283943968327,1
7,clang-O3-v3,20260917,600,11,measure,17,small,sum_one,uniform,12,87381,428669,11,11,18208879310165819389,18208879310165819389,1
7,clang-O3-v3,20260917,601,11,measure,18,branch,sum_if,p250,65536,1,9605,11,11,75766260937212688,75766260937212688,1
7,clang-O3-v3,20260917,602,11,measure,19,small,sum_one,uniform,384,2730,76960,11,11,5767785928059657782,5767785928059657782,1
7,clang-O3-v3,20260917,603,11,measure,20,small,sum_one,uniform,1,1048576,3045241,11,11,8452580083670974464,8452580083670974464,1
7,clang-O3-v3,20260917,604,11,measure,21,small,sum_one,uniform,64,16384,109489,11,11,14815439244071927808,14815439244071927808,1
7,clang-O3-v3,20260917,605,11,measure,22,small,sum_one,uniform,4,262144,917128,11,11,6027757896494481408,6027757896494481408,1
7,clang-O3-v3,20260917,606,11,measure,23,branch,filter_copy_mask,p250,65536,1,30240,11,11,16384,16384,1
7,clang-O3-v3,20260917,607,11,measure,24,branch,filter_copy_mask,p900,65536,1,34892,11,11,58982,58982,1
7,clang-O3-v3,20260917,608,11,measure,25,small,sum_one,uniform,16,65536,213055,11,11,1403062601089810432,1403062601089810432,1
7,clang-O3-v3,20260917,609,11,measure,26,branch,filter_copy,p500_alternating,65536,1,20648,11,11,32768,32768,1
7,clang-O3-v3,20260917,610,11,measure,27,branch,filter_copy,p000,65536,1,16539,11,11,0,0,1
7,clang-O3-v3,20260917,611,11,measure,28,small,sum_one,uniform,32,32768,144543,11,11,4730905112462327808,4730905112462327808,1
7,clang-O3-v3,20260917,612,11,measure,29,small,sum_one,uniform,1024,1024,82031,11,11,6113767114656410624,6113767114656410624,1
7,clang-O3-v3,20260917,613,11,measure,30,branch,sum_if,p500_alternating,65536,1,10019,11,11,4196774058536912234,4196774058536912234,1
7,clang-O3-v3,20260917,614,11,measure,31,branch,filter_copy_mask,p500,65536,1,27745,11,11,32768,32768,1
7,clang-O3-v3,20260917,615,11,measure,32,branch,filter_copy_mask,p750,65536,1,27868,11,11,49152,49152,1
7,clang-O3-v3,20260917,616,11,measure,33,small,sum_one,uniform,128,8192,91918,11,11,17503531059042279424,17503531059042279424,1
7,clang-O3-v3,20260917,617,11,measure,34,branch,sum_if,p100,65536,1,9554,11,11,3083979731501324985,3083979731501324985,1
7,clang-O3-v3,20260917,618,11,measure,35,small,sum_one,uniform,3,349525,1889943,11,11,9690214761957071044,9690214761957071044,1
7,clang-O3-v3,20260917,619,11,measure,36,dependency,sum_twice,uniform,65536,64,781393,11,11,2381470745755881728,2381470745755881728,1
7,clang-O3-v3,20260917,620,11,measure,37,branch,sum_if,p000,65536,1,9561,11,11,0,0,1
7,clang-O3-v3,20260917,621,11,measure,38,branch,filter_copy_mask,p500_sorted,65536,1,28168,11,11,32768,32768,1
7,clang-O3-v3,20260917,622,11,measure,39,small,sum_one,uniform,8,131072,526352,11,11,11724155215337095168,11724155215337095168,1
7,clang-O3-v3,20260917,623,11,measure,40,branch,filter_copy,p900,65536,1,101120,11,11,58982,58982,1
7,clang-O3-v3,20260917,624,11,measure,41,dependency,sum_four,uniform,65536,64,564427,11,11,1190735372877940864,1190735372877940864,1
7,clang-O3-v3,20260917,625,11,measure,42,small,sum_one,uniform,256,4096,86877,11,11,12471836693395644416,12471836693395644416,1
7,clang-O3-v3,20260917,626,11,measure,43,branch,filter_copy_mask,p000,65536,1,27139,11,11,0,0,1
7,clang-O3-v3,20260917,627,11,measure,44,branch,sum_if,p500,65536,1,12216,11,11,261284744287062128,261284744287062128,1
7,clang-O3-v3,20260917,628,11,measure,45,branch,filter_copy_mask,p1000,65536,1,33806,11,11,65536,65536,1
7,clang-O3-v3,20260917,629,11,measure,46,branch,filter_copy_mask,p500_alternating,65536,1,27700,11,11,32768,32768,1
7,clang-O3-v3,20260917,630,11,measure,47,small,sum_one,uniform,2,524288,2170025,11,11,14489530702789345280,14489530702789345280,1
7,clang-O3-v3,20260917,631,11,measure,48,branch,sum_if,p500_sorted,65536,1,12194,11,11,2213941836433581612,2213941836433581612,1
7,clang-O3-v3,20260917,632,11,measure,49,small,sum_one,uniform,6,174762,995378,11,11,4529353940760067638,4529353940760067638,1
7,clang-O3-v3,20260917,633,11,measure,50,small,sum_one,uniform,24,43690,213366,11,11,5019437447312423050,5019437447312423050,1
7,clang-O3-v3,20260917,634,11,measure,51,dependency,sum_one,uniform,65536,64,386627,11,11,1190735372877940864,1190735372877940864,1
7,clang-O3-v3,20260917,635,11,measure,52,branch,filter_copy,p500,65536,1,341161,11,11,32768,32768,1
7,clang-O3-v3,20260917,636,12,measure,0,small,sum_one,uniform,64,16384,109261,11,11,14815439244071927808,14815439244071927808,1
7,clang-O3-v3,20260917,637,12,measure,1,small,sum_one,uniform,4,262144,907739,11,11,6027757896494481408,6027757896494481408,1
7,clang-O3-v3,20260917,638,12,measure,2,small,sum_one,uniform,16,65536,210301,11,11,1403062601089810432,1403062601089810432,1
7,clang-O3-v3,20260917,639,12,measure,3,branch,sum_if,p1000,65536,1,10083,11,11,4485739283943968327,4485739283943968327,1
7,clang-O3-v3,20260917,640,12,measure,4,branch,sum_if,p500_sorted,65536,1,9582,11,11,2213941836433581612,2213941836433581612,1
7,clang-O3-v3,20260917,641,12,measure,5,small,sum_one,uniform,3,349525,1735128,11,11,9690214761957071044,9690214761957071044,1
7,clang-O3-v3,20260917,642,12,measure,6,branch,filter_copy_mask,p750,65536,1,37968,11,11,49152,49152,1
7,clang-O3-v3,20260917,643,12,measure,7,branch,filter_copy_mask,p500_alternating,65536,1,27678,11,11,32768,32768,1
7,clang-O3-v3,20260917,644,12,measure,8,small,sum_one,uniform,96,10922,95653,11,11,1966801938065649448,1966801938065649448,1
7,clang-O3-v3,20260917,645,12,measure,9,small,sum_one,uniform,8,131072,525531,11,11,11724155215337095168,11724155215337095168,1
7,clang-O3-v3,20260917,646,12,measure,10,dependency,sum_one_bis,uniform,65536,64,482074,11,11,1190735372877940864,1190735372877940864,1
7,clang-O3-v3,20260917,647,12,measure,11,dependency,chain_xor_mul,uniform,65536,64,7070952,11,11,5299772668389481216,5299772668389481216,1
7,clang-O3-v3,20260917,648,12,measure,12,small,sum_one,uniform,1,1048576,3064350,11,11,8452580083670974464,8452580083670974464,1
7,clang-O3-v3,20260917,649,12,measure,13,small,sum_one,uniform,512,2048,98078,11,11,6127788314265579520,6127788314265579520,1
7,clang-O3-v3,20260917,650,12,measure,14,branch,filter_copy,p500_alternating,65536,1,41079,11,11,32768,32768,1
7,clang-O3-v3,20260917,651,12,measure,15,branch,sum_if,p500,65536,1,9690,11,11,261284744287062128,261284744287062128,1
7,clang-O3-v3,20260917,652,12,measure,16,branch,sum_if,p100,65536,1,9561,11,11,3083979731501324985,3083979731501324985,1
7,clang-O3-v3,20260917,653,12,measure,17,small,sum_one,uniform,384,2730,77675,11,11,5767785928059657782,5767785928059657782,1
7,clang-O3-v3,20260917,654,12,measure,18,branch,filter_copy_mask,p500,65536,1,27751,11,11,32768,32768,1
7,clang-O3-v3,20260917,655,12,measure,19,small,sum_one,uniform,6,174762,995319,11,11,4529353940760067638,4529353940760067638,1
7,clang-O3-v3,20260917,656,12,measure,20,branch,filter_copy_mask,p100,65536,1,27331,11,11,6554,6554,1
7,clang-O3-v3,20260917,657,12,measure,21,small,sum_one,uniform,768,1365,76142,11,11,6760326044614544011,6760326044614544011,1
7,clang-O3-v3,20260917,658,12,measure,22,branch,sum_if,p000,65536,1,10621,11,11,0,0,1
7,clang-O3-v3,20260917,659,12,measure,23,branch,filter_copy,p500_sorted,65536,1,21104,11,11,32768,32768,1
7,clang-O3-v3,20260917,660,12,measure,24,branch,filter_copy_mask,p500_sorted,65536,1,26645,11,11,32768,32768,1
7,clang-O3-v3,20260917,661,12,measure,25,branch,filter_copy,p1000,65536,1,51244,11,11,65536,65536,1
7,clang-O3-v3,20260917,662,12,measure,26,branch,filter_copy,p000,65536,1,17291,11,11,0,0,1
7,clang-O3-v3,20260917,663,12,measure,27,branch,sum_if,p900,65536,1,11952,11,11,1957202038211152021,1957202038211152021,1
7,clang-O3-v3,20260917,664,12,measure,28,small,sum_one,uniform,256,4096,82285,11,11,12471836693395644416,12471836693395644416,1
7,clang-O3-v3,20260917,665,12,measure,29,branch,filter_copy_mask,p900,65536,1,27926,11,11,58982,58982,1
7,clang-O3-v3,20260917,666,12,measure,30,small,sum_one,uniform,48,21845,121673,11,11,18173204259618227916,18173204259618227916,1
7,clang-O3-v3,20260917,667,12,measure,31,small,sum_one,uniform,24,43690,210537,11,11,5019437447312423050,5019437447312423050,1
7,clang-O3-v3,20260917,668,12,measure,32,dependency,sum_four,uniform,65536,64,561985,11,11,1190735372877940864,1190735372877940864,1
7,clang-O3-v3,20260917,669,12,measure,33,small,sum_one,uniform,1024,1024,80481,11,11,6113767114656410624,6113767114656410624,1
7,clang-O3-v3,20260917,670,12,measure,34,dependency,sum_one,uniform,65536,64,394513,11,11,1190735372877940864,1190735372877940864,1
7,clang-O3-v3,20260917,671,12,measure,35,small,sum_one,uniform,128,8192,89975,11,11,17503531059042279424,17503531059042279424,1
7,clang-O3-v3,20260917,672,12,measure,36,branch,sum_if,p750,65536,1,9562,11,11,14586442889165806448,14586442889165806448,1
7,clang-O3-v3,20260917,673,12,measure,37,small,sum_one,uniform,192,5461,83726,11,11,17901819518249685373,17901819518249685373,1
7,clang-O3-v3,20260917,674,12,measure,38,small,sum_one,uniform,12,87381,460055,11,11,18208879310165819389,18208879310165819389,1
7,clang-O3-v3,20260917,675,12,measure,39,branch,filter_copy_mask,p250,65536,1,31778,11,11,16384,16384,1
7,clang-O3-v3,20260917,676,12,measure,40,branch,filter_copy,p500,65536,1,358058,11,11,32768,32768,1
7,clang-O3-v3,20260917,677,12,measure,41,branch,sum_if,p250,65536,1,12000,11,11,75766260937212688,75766260937212688,1
7,clang-O3-v3,20260917,678,12,measure,42,branch,filter_copy,p100,65536,1,98469,11,11,6554,6554,1
7,clang-O3-v3,20260917,679,12,measure,43,branch,sum_if,p500_alternating,65536,1,12023,11,11,4196774058536912234,4196774058536912234,1
7,clang-O3-v3,20260917,680,12,measure,44,dependency,sum_twice,uniform,65536,64,777953,11,11,2381470745755881728,2381470745755881728,1
7,clang-O3-v3,20260917,681,12,measure,45,branch,filter_copy_mask,p000,65536,1,27094,11,11,0,0,1
7,clang-O3-v3,20260917,682,12,measure,46,branch,filter_copy,p900,65536,1,109427,11,11,58982,58982,1
7,clang-O3-v3,20260917,683,12,measure,47,branch,filter_copy_mask,p1000,65536,1,32026,11,11,65536,65536,1
7,clang-O3-v3,20260917,684,12,measure,48,small,sum_one,uniform,32,32768,147188,11,11,4730905112462327808,4730905112462327808,1
7,clang-O3-v3,20260917,685,12,measure,49,branch,filter_copy,p750,65536,1,206415,11,11,49152,49152,1
7,clang-O3-v3,20260917,686,12,measure,50,dependency,split_xor_mul,uniform,65536,64,1267404,11,11,8310383708453772032,8310383708453772032,1
7,clang-O3-v3,20260917,687,12,measure,51,small,sum_one,uniform,2,524288,2108401,11,11,14489530702789345280,14489530702789345280,1
7,clang-O3-v3,20260917,688,12,measure,52,branch,filter_copy,p250,65536,1,191547,11,11,16384,16384,1
7,clang-O3-v3,20260917,689,13,measure,0,branch,sum_if,p000,65536,1,10035,11,11,0,0,1
7,clang-O3-v3,20260917,690,13,measure,1,dependency,chain_xor_mul,uniform,65536,64,6745070,11,11,5299772668389481216,5299772668389481216,1
7,clang-O3-v3,20260917,691,13,measure,2,small,sum_one,uniform,1024,1024,81028,11,11,6113767114656410624,6113767114656410624,1
7,clang-O3-v3,20260917,692,13,measure,3,branch,sum_if,p500_sorted,65536,1,11009,11,11,2213941836433581612,2213941836433581612,1
7,clang-O3-v3,20260917,693,13,measure,4,small,sum_one,uniform,32,32768,144688,11,11,4730905112462327808,4730905112462327808,1
7,clang-O3-v3,20260917,694,13,measure,5,branch,sum_if,p900,65536,1,9970,11,11,1957202038211152021,1957202038211152021,1
7,clang-O3-v3,20260917,695,13,measure,6,small,sum_one,uniform,256,4096,81524,11,11,12471836693395644416,12471836693395644416,1
7,clang-O3-v3,20260917,696,13,measure,7,small,sum_one,uniform,2,524288,2574004,11,11,14489530702789345280,14489530702789345280,1
7,clang-O3-v3,20260917,697,13,measure,8,small,sum_one,uniform,6,174762,922164,11,11,4529353940760067638,4529353940760067638,1
7,clang-O3-v3,20260917,698,13,measure,9,branch,filter_copy,p500,65536,1,339433,11,11,32768,32768,1
7,clang-O3-v3,20260917,699,13,measure,10,small,sum_one,uniform,24,43690,192775,11,11,5019437447312423050,5019437447312423050,1
7,clang-O3-v3,20260917,700,13,measure,11,small,sum_one,uniform,96,10922,93395,11,11,1966801938065649448,1966801938065649448,1
7,clang-O3-v3,20260917,701,13,measure,12,branch,sum_if,p1000,65536,1,9577,11,11,4485739283943968327,4485739283943968327,1
7,clang-O3-v3,20260917,702,13,measure,13,dependency,split_xor_mul,uniform,65536,64,1318015,11,11,8310383708453772032,8310383708453772032,1
7,clang-O3-v3,20260917,703,13,measure,14,branch,filter_copy_mask,p000,65536,1,27347,11,11,0,0,1
7,clang-O3-v3,20260917,704,13,measure,15,small,sum_one,uniform,192,5461,74586,11,11,17901819518249685373,17901819518249685373,1
7,clang-O3-v3,20260917,705,13,measure,16,branch,filter_copy,p500_sorted,65536,1,21247,11,11,32768,32768,1
7,clang-O3-v3,20260917,706,13,measure,17,small,sum_one,uniform,48,21845,131166,11,11,18173204259618227916,18173204259618227916,1
7,clang-O3-v3,20260917,707,13,measure,18,branch,filter_copy_mask,p1000,65536,1,45588,11,11,65536,65536,1
7,clang-O3-v3,20260917,708,13,measure,19,small,sum_one,uniform,3,349525,1687527,11,11,9690214761957071044,9690214761957071044,1
7,clang-O3-v3,20260917,709,13,measure,20,dependency,sum_four,uniform,65536,64,568184,11,11,1190735372877940864,1190735372877940864,1
7,clang-O3-v3,20260917,710,13,measure,21,branch,filter_copy,p000,65536,1,16581,11,11,0,0,1
7,clang-O3-v3,20260917,711,13,measure,22,branch,filter_copy_mask,p500_sorted,65536,1,27004,11,11,32768,32768,1
7,clang-O3-v3,20260917,712,13,measure,23,small,sum_one,uniform,1,1048576,3026065,11,11,8452580083670974464,8452580083670974464,1
7,clang-O3-v3,20260917,713,13,measure,24,small,sum_one,uniform,4,262144,844286,11,11,6027757896494481408,6027757896494481408,1
7,clang-O3-v3,20260917,714,13,measure,25,branch,sum_if,p500_alternating,65536,1,10965,11,11,4196774058536912234,4196774058536912234,1
7,clang-O3-v3,20260917,715,13,measure,26,small,sum_one,uniform,128,8192,89512,11,11,17503531059042279424,17503531059042279424,1
7,clang-O3-v3,20260917,716,13,measure,27,branch,sum_if,p100,65536,1,9557,11,11,3083979731501324985,3083979731501324985,1
7,clang-O3-v3,20260917,717,13,measure,28,dependency,sum_twice,uniform,65536,64,773659,11,11,2381470745755881728,2381470745755881728,1
7,clang-O3-v3,20260917,718,13,measure,29,branch,filter_copy_mask,p500_alternating,65536,1,28286,11,11,32768,32768,1
7,clang-O3-v3,20260917,719,13,measure,30,small,sum_one,uniform,16,65536,214419,11,11,1403062601089810432,1403062601089810432,1
7,clang-O3-v3,20260917,720,13,measure,31,branch,filter_copy_mask,p750,65536,1,27932,11,11,49152,49152,1
7,clang-O3-v3,20260917,721,13,measure,32,small,sum_one,uniform,64,16384,109597,11,11,14815439244071927808,14815439244071927808,1
7,clang-O3-v3,20260917,722,13,measure,33,branch,filter_copy_mask,p900,65536,1,29653,11,11,58982,58982,1
7,clang-O3-v3,20260917,723,13,measure,34,branch,sum_if,p750,65536,1,9623,11,11,14586442889165806448,14586442889165806448,1
7,clang-O3-v3,20260917,724,13,measure,35,branch,sum_if,p500,65536,1,9528,11,11,261284744287062128,261284744287062128,1
7,clang-O3-v3,20260917,725,13,measure,36,branch,filter_copy,p250,65536,1,191008,11,11,16384,16384,1
7,clang-O3-v3,20260917,726,13,measure,37,branch,filter_copy,p750,65536,1,202094,11,11,49152,49152,1
7,clang-O3-v3,20260917,727,13,measure,38,small,sum_one,uniform,12,87381,460969,11,11,18208879310165819389,18208879310165819389,1
7,clang-O3-v3,20260917,728,13,measure,39,dependency,sum_one,uniform,65536,64,386964,11,11,1190735372877940864,1190735372877940864,1
7,clang-O3-v3,20260917,729,13,measure,40,branch,filter_copy,p100,65536,1,94747,11,11,6554,6554,1
7,clang-O3-v3,20260917,730,13,measure,41,branch,filter_copy_mask,p100,65536,1,27173,11,11,6554,6554,1
7,clang-O3-v3,20260917,731,13,measure,42,dependency,sum_one_bis,uniform,65536,64,391076,11,11,1190735372877940864,1190735372877940864,1
7,clang-O3-v3,20260917,732,13,measure,43,small,sum_one,uniform,8,131072,525412,11,11,11724155215337095168,11724155215337095168,1
7,clang-O3-v3,20260917,733,13,measure,44,small,sum_one,uniform,512,2048,77549,11,11,6127788314265579520,6127788314265579520,1
7,clang-O3-v3,20260917,734,13,measure,45,branch,filter_copy,p500_alternating,65536,1,20060,11,11,32768,32768,1
7,clang-O3-v3,20260917,735,13,measure,46,branch,filter_copy,p1000,65536,1,27775,11,11,65536,65536,1
7,clang-O3-v3,20260917,736,13,measure,47,branch,filter_copy,p900,65536,1,96509,11,11,58982,58982,1
7,clang-O3-v3,20260917,737,13,measure,48,branch,sum_if,p250,65536,1,9617,11,11,75766260937212688,75766260937212688,1
7,clang-O3-v3,20260917,738,13,measure,49,small,sum_one,uniform,384,2730,76298,11,11,5767785928059657782,5767785928059657782,1
7,clang-O3-v3,20260917,739,13,measure,50,branch,filter_copy_mask,p250,65536,1,28201,11,11,16384,16384,1
7,clang-O3-v3,20260917,740,13,measure,51,small,sum_one,uniform,768,1365,75519,11,11,6760326044614544011,6760326044614544011,1
7,clang-O3-v3,20260917,741,13,measure,52,branch,filter_copy_mask,p500,65536,1,27628,11,11,32768,32768,1
7,clang-O3-v3,20260917,742,14,measure,0,branch,sum_if,p250,65536,1,9831,11,11,75766260937212688,75766260937212688,1
7,clang-O3-v3,20260917,743,14,measure,1,small,sum_one,uniform,256,4096,81711,11,11,12471836693395644416,12471836693395644416,1
7,clang-O3-v3,20260917,744,14,measure,2,small,sum_one,uniform,24,43690,193155,11,11,5019437447312423050,5019437447312423050,1
7,clang-O3-v3,20260917,745,14,measure,3,branch,filter_copy_mask,p000,65536,1,27060,11,11,0,0,1
7,clang-O3-v3,20260917,746,14,measure,4,dependency,sum_one,uniform,65536,64,387002,11,11,1190735372877940864,1190735372877940864,1
7,clang-O3-v3,20260917,747,14,measure,5,small,sum_one,uniform,1024,1024,81182,11,11,6113767114656410624,6113767114656410624,1
7,clang-O3-v3,20260917,748,14,measure,6,branch,filter_copy_mask,p250,65536,1,27286,11,11,16384,16384,1
7,clang-O3-v3,20260917,749,14,measure,7,dependency,sum_one_bis,uniform,65536,64,387033,11,11,1190735372877940864,1190735372877940864,1
7,clang-O3-v3,20260917,750,14,measure,8,small,sum_one,uniform,1,1048576,3047414,11,11,8452580083670974464,8452580083670974464,1
7,clang-O3-v3,20260917,751,14,measure,9,branch,filter_copy,p500_alternating,65536,1,20859,11,11,32768,32768,1
7,clang-O3-v3,20260917,752,14,measure,10,branch,filter_copy,p1000,65536,1,25838,11,11,65536,65536,1
7,clang-O3-v3,20260917,753,14,measure,11,small,sum_one,uniform,96,10922,98026,11,11,1966801938065649448,1966801938065649448,1
7,clang-O3-v3,20260917,754,14,measure,12,small,sum_one,uniform,64,16384,108870,11,11,14815439244071927808,14815439244071927808,1
7,clang-O3-v3,20260917,755,14,measure,13,small,sum_one,uniform,32,32768,143165,11,11,4730905112462327808,4730905112462327808,1
7,clang-O3-v3,20260917,756,14,measure,14,dependency,chain_xor_mul,uniform,65536,64,6964669,11,11,5299772668389481216,5299772668389481216,1
7,clang-O3-v3,20260917,757,14,measure,15,branch,filter_copy_mask,p750,65536,1,26945,11,11,49152,49152,1
7,clang-O3-v3,20260917,758,14,measure,16,small,sum_one,uniform,4,262144,907184,11,11,6027757896494481408,6027757896494481408,1
7,clang-O3-v3,20260917,759,14,measure,17,small,sum_one,uniform,12,87381,453594,11,11,18208879310165819389,18208879310165819389,1
7,clang-O3-v3,20260917,760,14,measure,18,small,sum_one,uniform,384,2730,77730,11,11,5767785928059657782,5767785928059657782,1
7,clang-O3-v3,20260917,761,14,measure,19,small,sum_one,uniform,128,8192,89762,11,11,17503531059042279424,17503531059042279424,1
7,clang-O3-v3,20260917,762,14,measure,20,branch,filter_copy_mask,p500,65536,1,27698,11,11,32768,32768,1
7,clang-O3-v3,20260917,763,14,measure,21,branch,filter_copy,p500_sorted,65536,1,20902,11,11,32768,32768,1
7,clang-O3-v3,20260917,764,14,measure,22,branch,sum_if,p900,65536,1,12092,11,11,1957202038211152021,1957202038211152021,1
7,clang-O3-v3,20260917,765,14,measure,23,branch,filter_copy,p100,65536,1,93065,11,11,6554,6554,1
7,clang-O3-v3,20260917,766,14,measure,24,small,sum_one,uniform,192,5461,84317,11,11,17901819518249685373,17901819518249685373,1
7,clang-O3-v3,20260917,767,14,measure,25,branch,filter_copy,p750,65536,1,190706,11,11,49152,49152,1
7,clang-O3-v3,20260917,768,14,measure,26,branch,sum_if,p100,65536,1,12150,11,11,3083979731501324985,3083979731501324985,1
7,clang-O3-v3,20260917,769,14,measure,27,small,sum_one,uniform,48,21845,131464,11,11,18173204259618227916,18173204259618227916,1
7,clang-O3-v3,20260917,770,14,measure,28,branch,sum_if,p500,65536,1,9543,11,11,261284744287062128,261284744287062128,1
7,clang-O3-v3,20260917,771,14,measure,29,dependency,split_xor_mul,uniform,65536,64,1311774,11,11,8310383708453772032,8310383708453772032,1
7,clang-O3-v3,20260917,772,14,measure,30,branch,sum_if,p750,65536,1,8950,11,11,14586442889165806448,14586442889165806448,1
7,clang-O3-v3,20260917,773,14,measure,31,branch,sum_if,p000,65536,1,8958,11,11,0,0,1
7,clang-O3-v3,20260917,774,14,measure,32,small,sum_one,uniform,512,2048,67017,11,11,6127788314265579520,6127788314265579520,1
7,clang-O3-v3,20260917,775,14,measure,33,branch,filter_copy,p250,65536,1,194124,11,11,16384,16384,1
7,clang-O3-v3,20260917,776,14,measure,34,small,sum_one,uniform,6,174762,954459,11,11,4529353940760067638,4529353940760067638,1
7,clang-O3-v3,20260917,777,14,measure,35,branch,sum_if,p500_sorted,65536,1,9594,11,11,2213941836433581612,2213941836433581612,1
7,clang-O3-v3,20260917,778,14,measure,36,small,sum_one,uniform,3,349525,1692453,11,11,9690214761957071044,9690214761957071044,1
7,clang-O3-v3,20260917,779,14,measure,37,branch,filter_copy_mask,p100,65536,1,27072,11,11,6554,6554,1
7,clang-O3-v3,20260917,780,14,measure,38,branch,sum_if,p1000,65536,1,11939,11,11,4485739283943968327,4485739283943968327,1
7,clang-O3-v3,20260917,781,14,measure,39,branch,filter_copy,p000,65536,1,16529,11,11,0,0,1
7,clang-O3-v3,20260917,782,14,measure,40,branch,sum_if,p500_alternating,65536,1,10380,11,11,4196774058536912234,4196774058536912234,1
7,clang-O3-v3,20260917,783,14,measure,41,branch,filter_copy,p900,65536,1,99416,11,11,58982,58982,1
7,clang-O3-v3,20260917,784,14,measure,42,branch,filter_copy_mask,p500_sorted,65536,1,26886,11,11,32768,32768,1
7,clang-O3-v3,20260917,785,14,measure,43,small,sum_one,uniform,8,131072,494187,11,11,11724155215337095168,11724155215337095168,1
7,clang-O3-v3,20260917,786,14,measure,44,small,sum_one,uniform,16,65536,210266,11,11,1403062601089810432,1403062601089810432,1
7,clang-O3-v3,20260917,787,14,measure,45,small,sum_one,uniform,768,1365,75571,11,11,6760326044614544011,6760326044614544011,1
7,clang-O3-v3,20260917,788,14,measure,46,dependency,sum_twice,uniform,65536,64,776539,11,11,2381470745755881728,2381470745755881728,1
7,clang-O3-v3,20260917,789,14,measure,47,branch,filter_copy_mask,p500_alternating,65536,1,27667,11,11,32768,32768,1
7,clang-O3-v3,20260917,790,14,measure,48,dependency,sum_four,uniform,65536,64,569961,11,11,1190735372877940864,1190735372877940864,1
7,clang-O3-v3,20260917,791,14,measure,49,branch,filter_copy,p500,65536,1,340534,11,11,32768,32768,1
7,clang-O3-v3,20260917,792,14,measure,50,small,sum_one,uniform,2,524288,2110166,11,11,14489530702789345280,14489530702789345280,1
7,clang-O3-v3,20260917,793,14,measure,51,branch,filter_copy_mask,p1000,65536,1,28713,11,11,65536,65536,1
7,clang-O3-v3,20260917,794,14,measure,52,branch,filter_copy_mask,p900,65536,1,28139,11,11,58982,58982,1
7,clang-O3-v3,20260917,795,15,measure,0,dependency,sum_twice,uniform,65536,64,773521,11,11,2381470745755881728,2381470745755881728,1
7,clang-O3-v3,20260917,796,15,measure,1,branch,sum_if,p750,65536,1,9531,11,11,14586442889165806448,14586442889165806448,1
7,clang-O3-v3,20260917,797,15,measure,2,branch,filter_copy_mask,p100,65536,1,27189,11,11,6554,6554,1
7,clang-O3-v3,20260917,798,15,measure,3,small,sum_one,uniform,1024,1024,81149,11,11,6113767114656410624,6113767114656410624,1
7,clang-O3-v3,20260917,799,15,measure,4,small,sum_one,uniform,8,131072,528594,11,11,11724155215337095168,11724155215337095168,1
7,clang-O3-v3,20260917,800,15,measure,5,branch,sum_if,p900,65536,1,9574,11,11,1957202038211152021,1957202038211152021,1
7,clang-O3-v3,20260917,801,15,measure,6,branch,sum_if,p500_sorted,65536,1,9533,11,11,2213941836433581612,2213941836433581612,1
7,clang-O3-v3,20260917,802,15,measure,7,small,sum_one,uniform,24,43690,206854,11,11,5019437447312423050,5019437447312423050,1
7,clang-O3-v3,20260917,803,15,measure,8,branch,sum_if,p250,65536,1,9567,11,11,75766260937212688,75766260937212688,1
7,clang-O3-v3,20260917,804,15,measure,9,small,sum_one,uniform,512,2048,78495,11,11,6127788314265579520,6127788314265579520,1
7,clang-O3-v3,20260917,805,15,measure,10,branch,sum_if,p500_alternating,65536,1,9552,11,11,4196774058536912234,4196774058536912234,1
7,clang-O3-v3,20260917,806,15,measure,11,dependency,sum_one,uniform,65536,64,389977,11,11,1190735372877940864,1190735372877940864,1
7,clang-O3-v3,20260917,807,15,measure,12,branch,filter_copy,p500_sorted,65536,1,21509,11,11,32768,32768,1
7,clang-O3-v3,20260917,808,15,measure,13,branch,filter_copy_mask,p500_sorted,65536,1,26628,11,11,32768,32768,1
7,clang-O3-v3,20260917,809,15,measure,14,branch,filter_copy_mask,p750,65536,1,26868,11,11,49152,49152,1
7,clang-O3-v3,20260917,810,15,measure,15,branch,filter_copy_mask,p900,65536,1,28297,11,11,58982,58982,1
7,clang-O3-v3,20260917,811,15,measure,16,branch,filter_copy,p1000,65536,1,22981,11,11,65536,65536,1
7,clang-O3-v3,20260917,812,15,measure,17,branch,sum_if,p500,65536,1,9598,11,11,261284744287062128,261284744287062128,1
7,clang-O3-v3,20260917,813,15,measure,18,branch,sum_if,p100,65536,1,9519,11,11,3083979731501324985,3083979731501324985,1
7,clang-O3-v3,20260917,814,15,measure,19,small,sum_one,uniform,256,4096,79844,11,11,12471836693395644416,12471836693395644416,1
7,clang-O3-v3,20260917,815,15,measure,20,small,sum_one,uniform,1,1048576,2956141,11,11,8452580083670974464,8452580083670974464,1
7,clang-O3-v3,20260917,816,15,measure,21,branch,filter_copy_mask,p000,65536,1,26899,11,11,0,0,1
7,clang-O3-v3,20260917,817,15,measure,22,small,sum_one,uniform,96,10922,95777,11,11,1966801938065649448,1966801938065649448,1
7,clang-O3-v3,20260917,818,15,measure,23,branch,sum_if,p1000,65536,1,9628,11,11,4485739283943968327,4485739283943968327,1
7,clang-O3-v3,20260917,819,15,measure,24,branch,filter_copy_mask,p250,65536,1,28795,11,11,16384,16384,1
7,clang-O3-v3,20260917,820,15,measure,25,branch,filter_copy,p500_alternating,65536,1,20471,11,11,32768,32768,1
7,clang-O3-v3,20260917,821,15,measure,26,branch,filter_copy,p100,65536,1,91586,11,11,6554,6554,1
7,clang-O3-v3,20260917,822,15,measure,27,dependency,split_xor_mul,uniform,65536,64,1277146,11,11,8310383708453772032,8310383708453772032,1
7,clang-O3-v3,20260917,823,15,measure,28,dependency,sum_four,uniform,65536,64,573687,11,11,1190735372877940864,1190735372877940864,1
7,clang-O3-v3,20260917,824,15,measure,29,small,sum_one,uniform,64,16384,102958,11,11,14815439244071927808,14815439244071927808,1
7,clang-O3-v3,20260917,825,15,measure,30,dependency,sum_one_bis,uniform,65536,64,404773,11,11,1190735372877940864,1190735372877940864,1
7,clang-O3-v3,20260917,826,15,measure,31,branch,filter_copy,p000,65536,1,16984,11,11,0,0,1
7,clang-O3-v3,20260917,827,15,measure,32,small,sum_one,uniform,192,5461,82941,11,11,17901819518249685373,17901819518249685373,1
7,clang-O3-v3,20260917,828,15,measure,33,branch,sum_if,p000,65536,1,9621,11,11,0,0,1
7,clang-O3-v3,20260917,829,15,measure,34,branch,filter_copy,p900,65536,1,98424,11,11,58982,58982,1
7,clang-O3-v3,20260917,830,15,measure,35,small,sum_one,uniform,12,87381,455645,11,11,18208879310165819389,18208879310165819389,1
7,clang-O3-v3,20260917,831,15,measure,36,branch,filter_copy,p250,65536,1,190392,11,11,16384,16384,1
7,clang-O3-v3,20260917,832,15,measure,37,small,sum_one,uniform,384,2730,78454,11,11,5767785928059657782,5767785928059657782,1
7,clang-O3-v3,20260917,833,15,measure,38,branch,filter_copy_mask,p500,65536,1,27976,11,11,32768,32768,1
7,clang-O3-v3,20260917,834,15,measure,39,branch,filter_copy,p750,65536,1,195197,11,11,49152,49152,1
7,clang-O3-v3,20260917,835,15,measure,40,small,sum_one,uniform,4,262144,949256,11,11,6027757896494481408,6027757896494481408,1
7,clang-O3-v3,20260917,836,15,measure,41,branch,filter_copy_mask,p1000,65536,1,26992,11,11,65536,65536,1
7,clang-O3-v3,20260917,837,15,measure,42,small,sum_one,uniform,16,65536,210248,11,11,1403062601089810432,1403062601089810432,1
7,clang-O3-v3,20260917,838,15,measure,43,branch,filter_copy_mask,p500_alternating,65536,1,30489,11,11,32768,32768,1
7,clang-O3-v3,20260917,839,15,measure,44,small,sum_one,uniform,6,174762,866726,11,11,4529353940760067638,4529353940760067638,1
7,clang-O3-v3,20260917,840,15,measure,45,small,sum_one,uniform,768,1365,75603,11,11,6760326044614544011,6760326044614544011,1
7,clang-O3-v3,20260917,841,15,measure,46,small,sum_one,uniform,48,21845,134010,11,11,18173204259618227916,18173204259618227916,1
7,clang-O3-v3,20260917,842,15,measure,47,small,sum_one,uniform,3,349525,1726827,11,11,9690214761957071044,9690214761957071044,1
7,clang-O3-v3,20260917,843,15,measure,48,small,sum_one,uniform,32,32768,172395,11,11,4730905112462327808,4730905112462327808,1
7,clang-O3-v3,20260917,844,15,measure,49,small,sum_one,uniform,2,524288,2167937,11,11,14489530702789345280,14489530702789345280,1
7,clang-O3-v3,20260917,845,15,measure,50,small,sum_one,uniform,128,8192,92360,11,11,17503531059042279424,17503531059042279424,1
7,clang-O3-v3,20260917,846,15,measure,51,branch,filter_copy,p500,65536,1,339288,11,11,32768,32768,1
7,clang-O3-v3,20260917,847,15,measure,52,dependency,chain_xor_mul,uniform,65536,64,6743113,11,11,5299772668389481216,5299772668389481216,1
7,clang-O3-v3,20260917,848,16,measure,0,branch,filter_copy,p1000,65536,1,26144,11,11,65536,65536,1
7,clang-O3-v3,20260917,849,16,measure,1,dependency,chain_xor_mul,uniform,65536,64,6776458,11,11,5299772668389481216,5299772668389481216,1
7,clang-O3-v3,20260917,850,16,measure,2,dependency,sum_four,uniform,65536,64,578744,11,11,1190735372877940864,1190735372877940864,1
7,clang-O3-v3,20260917,851,16,measure,3,dependency,split_xor_mul,uniform,65536,64,1297683,11,11,8310383708453772032,8310383708453772032,1
7,clang-O3-v3,20260917,852,16,measure,4,branch,sum_if,p500_alternating,65536,1,9554,11,11,4196774058536912234,4196774058536912234,1
7,clang-O3-v3,20260917,853,16,measure,5,small,sum_one,uniform,16,65536,210207,11,11,1403062601089810432,1403062601089810432,1
7,clang-O3-v3,20260917,854,16,measure,6,dependency,sum_one,uniform,65536,64,335300,11,11,1190735372877940864,1190735372877940864,1
7,clang-O3-v3,20260917,855,16,measure,7,small,sum_one,uniform,256,4096,78347,11,11,12471836693395644416,12471836693395644416,1
7,clang-O3-v3,20260917,856,16,measure,8,small,sum_one,uniform,64,16384,109136,11,11,14815439244071927808,14815439244071927808,1
7,clang-O3-v3,20260917,857,16,measure,9,small,sum_one,uniform,8,131072,577981,11,11,11724155215337095168,11724155215337095168,1
7,clang-O3-v3,20260917,858,16,measure,10,branch,sum_if,p100,65536,1,9553,11,11,3083979731501324985,3083979731501324985,1
7,clang-O3-v3,20260917,859,16,measure,11,branch,filter_copy,p750,65536,1,191502,11,11,49152,49152,1
7,clang-O3-v3,20260917,860,16,measure,12,dependency,sum_twice,uniform,65536,64,773094,11,11,2381470745755881728,2381470745755881728,1
7,clang-O3-v3,20260917,861,16,measure,13,small,sum_one,uniform,6,174762,913881,11,11,4529353940760067638,4529353940760067638,1
7,clang-O3-v3,20260917,862,16,measure,14,branch,filter_copy_mask,p500_sorted,65536,1,26761,11,11,32768,32768,1
7,clang-O3-v3,20260917,863,16,measure,15,branch,filter_copy_mask,p500,65536,1,27551,11,11,32768,32768,1
7,clang-O3-v3,20260917,864,16,measure,16,dependency,sum_one_bis,uniform,65536,64,389442,11,11,1190735372877940864,1190735372877940864,1
7,clang-O3-v3,20260917,865,16,measure,17,branch,sum_if,p250,65536,1,9612,11,11,75766260937212688,75766260937212688,1
7,clang-O3-v3,20260917,866,16,measure,18,small,sum_one,uniform,2,524288,2106718,11,11,14489530702789345280,14489530702789345280,1
7,clang-O3-v3,20260917,867,16,measure,19,branch,filter_copy,p500,65536,1,340235,11,11,32768,32768,1
7,clang-O3-v3,20260917,868,16,measure,20,small,sum_one,uniform,384,2730,76445,11,11,5767785928059657782,5767785928059657782,1
7,clang-O3-v3,20260917,869,16,measure,21,small,sum_one,uniform,1,1048576,2970847,11,11,8452580083670974464,8452580083670974464,1
7,clang-O3-v3,20260917,870,16,measure,22,branch,sum_if,p750,65536,1,9645,11,11,14586442889165806448,14586442889165806448,1
7,clang-O3-v3,20260917,871,16,measure,23,small,sum_one,uniform,512,2048,99616,11,11,6127788314265579520,6127788314265579520,1
7,clang-O3-v3,20260917,872,16,measure,24,branch,filter_copy,p000,65536,1,16584,11,11,0,0,1
7,clang-O3-v3,20260917,873,16,measure,25,small,sum_one,uniform,96,10922,95146,11,11,1966801938065649448,1966801938065649448,1
7,clang-O3-v3,20260917,874,16,measure,26,branch,sum_if,p500,65536,1,9538,11,11,261284744287062128,261284744287062128,1
7,clang-O3-v3,20260917,875,16,measure,27,small,sum_one,uniform,768,1365,78443,11,11,6760326044614544011,6760326044614544011,1
7,clang-O3-v3,20260917,876,16,measure,28,branch,sum_if,p900,65536,1,9562,11,11,1957202038211152021,1957202038211152021,1
7,clang-O3-v3,20260917,877,16,measure,29,branch,filter_copy,p500_sorted,65536,1,22209,11,11,32768,32768,1
7,clang-O3-v3,20260917,878,16,measure,30,small,sum_one,uniform,128,8192,88460,11,11,17503531059042279424,17503531059042279424,1
7,clang-O3-v3,20260917,879,16,measure,31,small,sum_one,uniform,12,87381,463374,11,11,18208879310165819389,18208879310165819389,1
7,clang-O3-v3,20260917,880,16,measure,32,branch,filter_copy_mask,p750,65536,1,27580,11,11,49152,49152,1
7,clang-O3-v3,20260917,881,16,measure,33,small,sum_one,uniform,192,5461,83683,11,11,17901819518249685373,17901819518249685373,1
7,clang-O3-v3,20260917,882,16,measure,34,small,sum_one,uniform,4,262144,939666,11,11,6027757896494481408,6027757896494481408,1
7,clang-O3-v3,20260917,883,16,measure,35,branch,filter_copy,p900,65536,1,99142,11,11,58982,58982,1
7,clang-O3-v3,20260917,884,16,measure,36,branch,filter_copy,p500_alternating,65536,1,20295,11,11,32768,32768,1
7,clang-O3-v3,20260917,885,16,measure,37,branch,filter_copy_mask,p250,65536,1,27559,11,11,16384,16384,1
7,clang-O3-v3,20260917,886,16,measure,38,small,sum_one,uniform,24,43690,216589,11,11,5019437447312423050,5019437447312423050,1
7,clang-O3-v3,20260917,887,16,measure,39,branch,filter_copy,p250,65536,1,221859,11,11,16384,16384,1
7,clang-O3-v3,20260917,888,16,measure,40,branch,filter_copy_mask,p100,65536,1,27302,11,11,6554,6554,1
7,clang-O3-v3,20260917,889,16,measure,41,branch,sum_if,p500_sorted,65536,1,9652,11,11,2213941836433581612,2213941836433581612,1
7,clang-O3-v3,20260917,890,16,measure,42,branch,filter_copy,p100,65536,1,99025,11,11,6554,6554,1
7,clang-O3-v3,20260917,891,16,measure,43,branch,filter_copy_mask,p900,65536,1,28286,11,11,58982,58982,1
7,clang-O3-v3,20260917,892,16,measure,44,branch,filter_copy_mask,p1000,65536,1,27250,11,11,65536,65536,1
7,clang-O3-v3,20260917,893,16,measure,45,small,sum_one,uniform,1024,1024,108757,11,11,6113767114656410624,6113767114656410624,1
7,clang-O3-v3,20260917,894,16,measure,46,branch,filter_copy_mask,p000,65536,1,27066,11,11,0,0,1
7,clang-O3-v3,20260917,895,16,measure,47,small,sum_one,uniform,48,21845,131434,11,11,18173204259618227916,18173204259618227916,1
7,clang-O3-v3,20260917,896,16,measure,48,branch,sum_if,p000,65536,1,9612,11,11,0,0,1
7,clang-O3-v3,20260917,897,16,measure,49,small,sum_one,uniform,32,32768,200029,11,11,4730905112462327808,4730905112462327808,1
7,clang-O3-v3,20260917,898,16,measure,50,small,sum_one,uniform,3,349525,2045134,11,11,9690214761957071044,9690214761957071044,1
7,clang-O3-v3,20260917,899,16,measure,51,branch,filter_copy_mask,p500_alternating,65536,1,27686,11,11,32768,32768,1
7,clang-O3-v3,20260917,900,16,measure,52,branch,sum_if,p1000,65536,1,9563,11,11,4485739283943968327,4485739283943968327,1
7,clang-O3-v3,20260917,901,17,measure,0,small,sum_one,uniform,384,2730,76119,11,11,5767785928059657782,5767785928059657782,1
7,clang-O3-v3,20260917,902,17,measure,1,branch,sum_if,p500_sorted,65536,1,9618,11,11,2213941836433581612,2213941836433581612,1
7,clang-O3-v3,20260917,903,17,measure,2,small,sum_one,uniform,48,21845,131399,11,11,18173204259618227916,18173204259618227916,1
7,clang-O3-v3,20260917,904,17,measure,3,small,sum_one,uniform,128,8192,89065,11,11,17503531059042279424,17503531059042279424,1
7,clang-O3-v3,20260917,905,17,measure,4,dependency,sum_four,uniform,65536,64,567474,11,11,1190735372877940864,1190735372877940864,1
7,clang-O3-v3,20260917,906,17,measure,5,small,sum_one,uniform,3,349525,1742185,11,11,9690214761957071044,9690214761957071044,1
7,clang-O3-v3,20260917,907,17,measure,6,branch,sum_if,p500,65536,1,11978,11,11,261284744287062128,261284744287062128,1
7,clang-O3-v3,20260917,908,17,measure,7,small,sum_one,uniform,768,1365,75796,11,11,6760326044614544011,6760326044614544011,1
7,clang-O3-v3,20260917,909,17,measure,8,branch,filter_copy,p500,65536,1,337144,11,11,32768,32768,1
7,clang-O3-v3,20260917,910,17,measure,9,dependency,sum_twice,uniform,65536,64,782306,11,11,2381470745755881728,2381470745755881728,1
7,clang-O3-v3,20260917,911,17,measure,10,branch,sum_if,p900,65536,1,9557,11,11,1957202038211152021,1957202038211152021,1
7,clang-O3-v3,20260917,912,17,measure,11,branch,filter_copy_mask,p500_alternating,65536,1,28197,11,11,32768,32768,1
7,clang-O3-v3,20260917,913,17,measure,12,branch,sum_if,p500_alternating,65536,1,9526,11,11,4196774058536912234,4196774058536912234,1
7,clang-O3-v3,20260917,914,17,measure,13,dependency,split_xor_mul,uniform,65536,64,1306645,11,11,8310383708453772032,8310383708453772032,1
7,clang-O3-v3,20260917,915,17,measure,14,branch,sum_if,p000,65536,1,8987,11,11,0,0,1
7,clang-O3-v3,20260917,916,17,measure,15,small,sum_one,uniform,16,65536,210303,11,11,1403062601089810432,1403062601089810432,1
7,clang-O3-v3,20260917,917,17,measure,16,dependency,chain_xor_mul,uniform,65536,64,6743009,11,11,5299772668389481216,5299772668389481216,1
7,clang-O3-v3,20260917,918,17,measure,17,small,sum_one,uniform,24,43690,210269,11,11,5019437447312423050,5019437447312423050,1
7,clang-O3-v3,20260917,919,17,measure,18,branch,filter_copy,p100,65536,1,92663,11,11,6554,6554,1
7,clang-O3-v3,20260917,920,17,measure,19,small,sum_one,uniform,32,32768,141863,11,11,4730905112462327808,4730905112462327808,1
7,clang-O3-v3,20260917,921,17,measure,20,small,sum_one,uniform,6,174762,937858,11,11,4529353940760067638,4529353940760067638,1
7,clang-O3-v3,20260917,922,17,measure,21,branch,filter_copy,p250,65536,1,194060,11,11,16384,16384,1
7,clang-O3-v3,20260917,923,17,measure,22,branch,filter_copy_mask,p1000,65536,1,28490,11,11,65536,65536,1
7,clang-O3-v3,20260917,924,17,measure,23,branch,sum_if,p250,65536,1,9588,11,11,75766260937212688,75766260937212688,1
7,clang-O3-v3,20260917,925,17,measure,24,branch,filter_copy_mask,p500_sorted,65536,1,26834,11,11,32768,32768,1
7,clang-O3-v3,20260917,926,17,measure,25,dependency,sum_one_bis,uniform,65536,64,386367,11,11,1190735372877940864,1190735372877940864,1
7,clang-O3-v3,20260917,927,17,measure,26,branch,filter_copy,p1000,65536,1,23655,11,11,65536,65536,1
7,clang-O3-v3,20260917,928,17,measure,27,branch,filter_copy,p900,65536,1,102489,11,11,58982,58982,1
7,clang-O3-v3,20260917,929,17,measure,28,branch,filter_copy,p500_alternating,65536,1,20871,11,11,32768,32768,1
7,clang-O3-v3,20260917,930,17,measure,29,branch,filter_copy_mask,p250,65536,1,30947,11,11,16384,16384,1
7,clang-O3-v3,20260917,931,17,measure,30,small,sum_one,uniform,256,4096,81100,11,11,12471836693395644416,12471836693395644416,1
7,clang-O3-v3,20260917,932,17,measure,31,small,sum_one,uniform,8,131072,525509,11,11,11724155215337095168,11724155215337095168,1
7,clang-O3-v3,20260917,933,17,measure,32,branch,sum_if,p1000,65536,1,9631,11,11,4485739283943968327,4485739283943968327,1
7,clang-O3-v3,20260917,934,17,measure,33,branch,sum_if,p750,65536,1,9523,11,11,14586442889165806448,14586442889165806448,1
7,clang-O3-v3,20260917,935,17,measure,34,small,sum_one,uniform,512,2048,96709,11,11,6127788314265579520,6127788314265579520,1
7,clang-O3-v3,20260917,936,17,measure,35,small,sum_one,uniform,96,10922,95940,11,11,1966801938065649448,1966801938065649448,1
7,clang-O3-v3,20260917,937,17,measure,36,small,sum_one,uniform,64,16384,109337,11,11,14815439244071927808,14815439244071927808,1
7,clang-O3-v3,20260917,938,17,measure,37,small,sum_one,uniform,1024,1024,82247,11,11,6113767114656410624,6113767114656410624,1
7,clang-O3-v3,20260917,939,17,measure,38,small,sum_one,uniform,2,524288,2150279,11,11,14489530702789345280,14489530702789345280,1
7,clang-O3-v3,20260917,940,17,measure,39,small,sum_one,uniform,12,87381,422741,11,11,18208879310165819389,18208879310165819389,1
7,clang-O3-v3,20260917,941,17,measure,40,branch,filter_copy,p750,65536,1,195048,11,11,49152,49152,1
7,clang-O3-v3,20260917,942,17,measure,41,branch,filter_copy_mask,p900,65536,1,28991,11,11,58982,58982,1
7,clang-O3-v3,20260917,943,17,measure,42,small,sum_one,uniform,1,1048576,3022611,11,11,8452580083670974464,8452580083670974464,1
7,clang-O3-v3,20260917,944,17,measure,43,branch,filter_copy,p500_sorted,65536,1,19996,11,11,32768,32768,1
7,clang-O3-v3,20260917,945,17,measure,44,small,sum_one,uniform,192,5461,82888,11,11,17901819518249685373,17901819518249685373,1
7,clang-O3-v3,20260917,946,17,measure,45,dependency,sum_one,uniform,65536,64,389345,11,11,1190735372877940864,1190735372877940864,1
7,clang-O3-v3,20260917,947,17,measure,46,branch,filter_copy_mask,p750,65536,1,27235,11,11,49152,49152,1
7,clang-O3-v3,20260917,948,17,measure,47,small,sum_one,uniform,4,262144,948531,11,11,6027757896494481408,6027757896494481408,1
7,clang-O3-v3,20260917,949,17,measure,48,branch,filter_copy_mask,p500,65536,1,28619,11,11,32768,32768,1
7,clang-O3-v3,20260917,950,17,measure,49,branch,filter_copy_mask,p100,65536,1,28690,11,11,6554,6554,1
7,clang-O3-v3,20260917,951,17,measure,50,branch,sum_if,p100,65536,1,11916,11,11,3083979731501324985,3083979731501324985,1
7,clang-O3-v3,20260917,952,17,measure,51,branch,filter_copy,p000,65536,1,16624,11,11,0,0,1
7,clang-O3-v3,20260917,953,17,measure,52,branch,filter_copy_mask,p000,65536,1,27422,11,11,0,0,1
7,clang-O3-v3,20260917,954,18,measure,0,small,sum_one,uniform,1,1048576,3008111,11,11,8452580083670974464,8452580083670974464,1
7,clang-O3-v3,20260917,955,18,measure,1,small,sum_one,uniform,16,65536,215940,11,11,1403062601089810432,1403062601089810432,1
7,clang-O3-v3,20260917,956,18,measure,2,branch,sum_if,p1000,65536,1,9945,11,11,4485739283943968327,4485739283943968327,1
7,clang-O3-v3,20260917,957,18,measure,3,small,sum_one,uniform,48,21845,122665,11,11,18173204259618227916,18173204259618227916,1
7,clang-O3-v3,20260917,958,18,measure,4,branch,sum_if,p500_sorted,65536,1,9558,11,11,2213941836433581612,2213941836433581612,1
7,clang-O3-v3,20260917,959,18,measure,5,dependency,split_xor_mul,uniform,65536,64,1290181,11,11,8310383708453772032,8310383708453772032,1
7,clang-O3-v3,20260917,960,18,measure,6,branch,sum_if,p000,65536,1,8948,11,11,0,0,1
7,clang-O3-v3,20260917,961,18,measure,7,branch,filter_copy,p100,65536,1,97522,11,11,6554,6554,1
7,clang-O3-v3,20260917,962,18,measure,8,small,sum_one,uniform,1024,1024,81738,11,11,6113767114656410624,6113767114656410624,1
7,clang-O3-v3,20260917,963,18,measure,9,branch,filter_copy,p500_alternating,65536,1,20093,11,11,32768,32768,1
7,clang-O3-v3,20260917,964,18,measure,10,branch,filter_copy_mask,p750,65536,1,26970,11,11,49152,49152,1
7,clang-O3-v3,20260917,965,18,measure,11,dependency,sum_four,uniform,65536,64,570356,11,11,1190735372877940864,1190735372877940864,1
7,clang-O3-v3,20260917,966,18,measure,12,small,sum_one,uniform,3,349525,1688013,11,11,9690214761957071044,9690214761957071044,1
7,clang-O3-v3,20260917,967,18,measure,13,branch,sum_if,p900,65536,1,9547,11,11,1957202038211152021,1957202038211152021,1
7,clang-O3-v3,20260917,968,18,measure,14,small,sum_one,uniform,12,87381,455389,11,11,18208879310165819389,18208879310165819389,1
7,clang-O3-v3,20260917,969,18,measure,15,dependency,sum_twice,uniform,65536,64,781905,11,11,2381470745755881728,2381470745755881728,1
7,clang-O3-v3,20260917,970,18,measure,16,branch,filter_copy,p900,65536,1,98305,11,11,58982,58982,1
7,clang-O3-v3,20260917,971,18,measure,17,branch,filter_copy,p250,65536,1,191518,11,11,16384,16384,1
7,clang-O3-v3,20260917,972,18,measure,18,small,sum_one,uniform,2,524288,2145248,11,11,14489530702789345280,14489530702789345280,1
7,clang-O3-v3,20260917,973,18,measure,19,small,sum_one,uniform,128,8192,92284,11,11,17503531059042279424,17503531059042279424,1
7,clang-O3-v3,20260917,974,18,measure,20,branch,filter_copy_mask,p500_sorted,65536,1,26661,11,11,32768,32768,1
7,clang-O3-v3,20260917,975,18,measure,21,small,sum_one,uniform,24,43690,212440,11,11,5019437447312423050,5019437447312423050,1
7,clang-O3-v3,20260917,976,18,measure,22,small,sum_one,uniform,256,4096,80383,11,11,12471836693395644416,12471836693395644416,1
7,clang-O3-v3,20260917,977,18,measure,23,dependency,sum_one_bis,uniform,65536,64,386632,11,11,1190735372877940864,1190735372877940864,1
7,clang-O3-v3,20260917,978,18,measure,24,branch,filter_copy_mask,p500_alternating,65536,1,27792,11,11,32768,32768,1
7,clang-O3-v3,20260917,979,18,measure,25,small,sum_one,uniform,96,10922,94720,11,11,1966801938065649448,1966801938065649448,1
7,clang-O3-v3,20260917,980,18,measure,26,branch,filter_copy_mask,p000,65536,1,27123,11,11,0,0,1
7,clang-O3-v3,20260917,981,18,measure,27,small,sum_one,uniform,8,131072,525423,11,11,11724155215337095168,11724155215337095168,1
7,clang-O3-v3,20260917,982,18,measure,28,branch,filter_copy_mask,p250,65536,1,28667,11,11,16384,16384,1
7,clang-O3-v3,20260917,983,18,measure,29,branch,filter_copy,p1000,65536,1,24770,11,11,65536,65536,1
7,clang-O3-v3,20260917,984,18,measure,30,small,sum_one,uniform,6,174762,913201,11,11,4529353940760067638,4529353940760067638,1
7,clang-O3-v3,20260917,985,18,measure,31,branch,filter_copy,p500,65536,1,345116,11,11,32768,32768,1
7,clang-O3-v3,20260917,986,18,measure,32,branch,filter_copy,p000,65536,1,16623,11,11,0,0,1
7,clang-O3-v3,20260917,987,18,measure,33,branch,filter_copy_mask,p100,65536,1,27459,11,11,6554,6554,1
7,clang-O3-v3,20260917,988,18,measure,34,branch,sum_if,p100,65536,1,9657,11,11,3083979731501324985,3083979731501324985,1
7,clang-O3-v3,20260917,989,18,measure,35,branch,sum_if,p250,65536,1,9568,11,11,75766260937212688,75766260937212688,1
7,clang-O3-v3,20260917,990,18,measure,36,small,sum_one,uniform,4,262144,945654,11,11,6027757896494481408,6027757896494481408,1
7,clang-O3-v3,20260917,991,18,measure,37,small,sum_one,uniform,32,32768,172336,11,11,4730905112462327808,4730905112462327808,1
7,clang-O3-v3,20260917,992,18,measure,38,dependency,chain_xor_mul,uniform,65536,64,6840515,11,11,5299772668389481216,5299772668389481216,1
7,clang-O3-v3,20260917,993,18,measure,39,branch,filter_copy,p500_sorted,65536,1,21480,11,11,32768,32768,1
7,clang-O3-v3,20260917,994,18,measure,40,dependency,sum_one,uniform,65536,64,386981,11,11,1190735372877940864,1190735372877940864,1
7,clang-O3-v3,20260917,995,18,measure,41,branch,filter_copy_mask,p500,65536,1,28106,11,11,32768,32768,1
7,clang-O3-v3,20260917,996,18,measure,42,small,sum_one,uniform,384,2730,76330,11,11,5767785928059657782,5767785928059657782,1
7,clang-O3-v3,20260917,997,18,measure,43,small,sum_one,uniform,192,5461,81990,11,11,17901819518249685373,17901819518249685373,1
7,clang-O3-v3,20260917,998,18,measure,44,branch,filter_copy_mask,p1000,65536,1,26812,11,11,65536,65536,1
7,clang-O3-v3,20260917,999,18,measure,45,branch,sum_if,p500_alternating,65536,1,10084,11,11,4196774058536912234,4196774058536912234,1
7,clang-O3-v3,20260917,1000,18,measure,46,branch,sum_if,p750,65536,1,9561,11,11,14586442889165806448,14586442889165806448,1
7,clang-O3-v3,20260917,1001,18,measure,47,small,sum_one,uniform,768,1365,75808,11,11,6760326044614544011,6760326044614544011,1
7,clang-O3-v3,20260917,1002,18,measure,48,branch,filter_copy,p750,65536,1,196492,11,11,49152,49152,1
7,clang-O3-v3,20260917,1003,18,measure,49,small,sum_one,uniform,512,2048,105322,11,11,6127788314265579520,6127788314265579520,1
7,clang-O3-v3,20260917,1004,18,measure,50,branch,filter_copy_mask,p900,65536,1,27669,11,11,58982,58982,1
7,clang-O3-v3,20260917,1005,18,measure,51,branch,sum_if,p500,65536,1,9671,11,11,261284744287062128,261284744287062128,1
7,clang-O3-v3,20260917,1006,18,measure,52,small,sum_one,uniform,64,16384,109472,11,11,14815439244071927808,14815439244071927808,1
7,clang-O3-v3,20260917,1007,19,measure,0,small,sum_one,uniform,64,16384,113204,11,11,14815439244071927808,14815439244071927808,1
7,clang-O3-v3,20260917,1008,19,measure,1,small,sum_one,uniform,768,1365,75278,11,11,6760326044614544011,6760326044614544011,1
7,clang-O3-v3,20260917,1009,19,measure,2,branch,sum_if,p500_sorted,65536,1,9543,11,11,2213941836433581612,2213941836433581612,1
7,clang-O3-v3,20260917,1010,19,measure,3,small,sum_one,uniform,1024,1024,80838,11,11,6113767114656410624,6113767114656410624,1
7,clang-O3-v3,20260917,1011,19,measure,4,branch,filter_copy,p900,65536,1,98805,11,11,58982,58982,1
7,clang-O3-v3,20260917,1012,19,measure,5,branch,filter_copy,p250,65536,1,192663,11,11,16384,16384,1
7,clang-O3-v3,20260917,1013,19,measure,6,branch,filter_copy,p500,65536,1,340765,11,11,32768,32768,1
7,clang-O3-v3,20260917,1014,19,measure,7,small,sum_one,uniform,1,1048576,3031646,11,11,8452580083670974464,8452580083670974464,1
7,clang-O3-v3,20260917,1015,19,measure,8,small,sum_one,uniform,8,131072,530693,11,11,11724155215337095168,11724155215337095168,1
7,clang-O3-v3,20260917,1016,19,measure,9,small,sum_one,uniform,2,524288,2163796,11,11,14489530702789345280,14489530702789345280,1
7,clang-O3-v3,20260917,1017,19,measure,10,branch,sum_if,p500_alternating,65536,1,9670,11,11,4196774058536912234,4196774058536912234,1
7,clang-O3-v3,20260917,1018,19,measure,11,branch,filter_copy_mask,p750,65536,1,27120,11,11,49152,49152,1
7,clang-O3-v3,20260917,1019,19,measure,12,branch,sum_if,p000,65536,1,11931,11,11,0,0,1
7,clang-O3-v3,20260917,1020,19,measure,13,branch,filter_copy_mask,p1000,65536,1,26906,11,11,65536,65536,1
7,clang-O3-v3,20260917,1021,19,measure,14,branch,sum_if,p500,65536,1,9584,11,11,261284744287062128,261284744287062128,1
7,clang-O3-v3,20260917,1022,19,measure,15,branch,sum_if,p250,65536,1,9563,11,11,75766260937212688,75766260937212688,1
7,clang-O3-v3,20260917,1023,19,measure,16,branch,filter_copy_mask,p500_sorted,65536,1,27985,11,11,32768,32768,1
7,clang-O3-v3,20260917,1024,19,measure,17,small,sum_one,uniform,4,262144,844232,11,11,6027757896494481408,6027757896494481408,1
7,clang-O3-v3,20260917,1025,19,measure,18,small,sum_one,uniform,512,2048,95355,11,11,6127788314265579520,6127788314265579520,1
7,clang-O3-v3,20260917,1026,19,measure,19,small,sum_one,uniform,24,43690,192760,11,11,5019437447312423050,5019437447312423050,1
7,clang-O3-v3,20260917,1027,19,measure,20,branch,sum_if,p750,65536,1,9577,11,11,14586442889165806448,14586442889165806448,1
7,clang-O3-v3,20260917,1028,19,measure,21,dependency,split_xor_mul,uniform,65536,64,1308438,11,11,8310383708453772032,8310383708453772032,1
7,clang-O3-v3,20260917,1029,19,measure,22,dependency,sum_four,uniform,65536,64,570149,11,11,1190735372877940864,1190735372877940864,1
7,clang-O3-v3,20260917,1030,19,measure,23,small,sum_one,uniform,12,87381,420513,11,11,18208879310165819389,18208879310165819389,1
7,clang-O3-v3,20260917,1031,19,measure,24,dependency,chain_xor_mul,uniform,65536,64,6739732,11,11,5299772668389481216,5299772668389481216,1
7,clang-O3-v3,20260917,1032,19,measure,25,branch,filter_copy_mask,p000,65536,1,27165,11,11,0,0,1
7,clang-O3-v3,20260917,1033,19,measure,26,branch,filter_copy,p1000,65536,1,25353,11,11,65536,65536,1
7,clang-O3-v3,20260917,1034,19,measure,27,branch,filter_copy_mask,p100,65536,1,27797,11,11,6554,6554,1
7,clang-O3-v3,20260917,1035,19,measure,28,branch,filter_copy,p750,65536,1,193325,11,11,49152,49152,1
7,clang-O3-v3,20260917,1036,19,measure,29,small,sum_one,uniform,16,65536,216268,11,11,1403062601089810432,1403062601089810432,1
7,clang-O3-v3,20260917,1037,19,measure,30,small,sum_one,uniform,48,21845,131432,11,11,18173204259618227916,18173204259618227916,1
7,clang-O3-v3,20260917,1038,19,measure,31,small,sum_one,uniform,96,10922,95767,11,11,1966801938065649448,1966801938065649448,1
7,clang-O3-v3,20260917,1039,19,measure,32,small,sum_one,uniform,128,8192,89840,11,11,17503531059042279424,17503531059042279424,1
7,clang-O3-v3,20260917,1040,19,measure,33,small,sum_one,uniform,32,32768,142468,11,11,4730905112462327808,4730905112462327808,1
7,clang-O3-v3,20260917,1041,19,measure,34,dependency,sum_one,uniform,65536,64,395224,11,11,1190735372877940864,1190735372877940864,1
7,clang-O3-v3,20260917,1042,19,measure,35,branch,filter_copy_mask,p500,65536,1,27338,11,11,32768,32768,1
7,clang-O3-v3,20260917,1043,19,measure,36,small,sum_one,uniform,192,5461,83678,11,11,17901819518249685373,17901819518249685373,1
7,clang-O3-v3,20260917,1044,19,measure,37,branch,filter_copy,p500_alternating,65536,1,25632,11,11,32768,32768,1
7,clang-O3-v3,20260917,1045,19,measure,38,small,sum_one,uniform,3,349525,1850991,11,11,9690214761957071044,9690214761957071044,1
7,clang-O3-v3,20260917,1046,19,measure,39,branch,sum_if,p1000,65536,1,9658,11,11,4485739283943968327,4485739283943968327,1
7,clang-O3-v3,20260917,1047,19,measure,40,small,sum_one,uniform,6,174762,983451,11,11,4529353940760067638,4529353940760067638,1
7,clang-O3-v3,20260917,1048,19,measure,41,branch,sum_if,p100,65536,1,9563,11,11,3083979731501324985,3083979731501324985,1
7,clang-O3-v3,20260917,1049,19,measure,42,dependency,sum_one_bis,uniform,65536,64,392229,11,11,1190735372877940864,1190735372877940864,1
7,clang-O3-v3,20260917,1050,19,measure,43,branch,sum_if,p900,65536,1,9571,11,11,1957202038211152021,1957202038211152021,1
7,clang-O3-v3,20260917,1051,19,measure,44,branch,filter_copy_mask,p250,65536,1,28549,11,11,16384,16384,1
7,clang-O3-v3,20260917,1052,19,measure,45,small,sum_one,uniform,256,4096,79726,11,11,12471836693395644416,12471836693395644416,1
7,clang-O3-v3,20260917,1053,19,measure,46,dependency,sum_twice,uniform,65536,64,773147,11,11,2381470745755881728,2381470745755881728,1
7,clang-O3-v3,20260917,1054,19,measure,47,branch,filter_copy_mask,p500_alternating,65536,1,27970,11,11,32768,32768,1
7,clang-O3-v3,20260917,1055,19,measure,48,branch,filter_copy,p500_sorted,65536,1,19639,11,11,32768,32768,1
7,clang-O3-v3,20260917,1056,19,measure,49,small,sum_one,uniform,384,2730,76163,11,11,5767785928059657782,5767785928059657782,1
7,clang-O3-v3,20260917,1057,19,measure,50,branch,filter_copy,p100,65536,1,93900,11,11,6554,6554,1
7,clang-O3-v3,20260917,1058,19,measure,51,branch,filter_copy_mask,p900,65536,1,27855,11,11,58982,58982,1
7,clang-O3-v3,20260917,1059,19,measure,52,branch,filter_copy,p000,65536,1,16521,11,11,0,0,1
7,clang-O3-v3,20260917,1060,20,measure,0,branch,filter_copy,p500_sorted,65536,1,20406,11,11,32768,32768,1
7,clang-O3-v3,20260917,1061,20,measure,1,small,sum_one,uniform,6,174762,975243,11,11,4529353940760067638,4529353940760067638,1
7,clang-O3-v3,20260917,1062,20,measure,2,branch,filter_copy,p500,65536,1,336592,11,11,32768,32768,1
7,clang-O3-v3,20260917,1063,20,measure,3,small,sum_one,uniform,64,16384,109765,11,11,14815439244071927808,14815439244071927808,1
7,clang-O3-v3,20260917,1064,20,measure,4,small,sum_one,uniform,1024,1024,82303,11,11,6113767114656410624,6113767114656410624,1
7,clang-O3-v3,20260917,1065,20,measure,5,dependency,sum_twice,uniform,65536,64,779025,11,11,2381470745755881728,2381470745755881728,1
7,clang-O3-v3,20260917,1066,20,measure,6,small,sum_one,uniform,16,65536,213046,11,11,1403062601089810432,1403062601089810432,1
7,clang-O3-v3,20260917,1067,20,measure,7,branch,filter_copy,p000,65536,1,16625,11,11,0,0,1
7,clang-O3-v3,20260917,1068,20,measure,8,small,sum_one,uniform,128,8192,89301,11,11,17503531059042279424,17503531059042279424,1
7,clang-O3-v3,20260917,1069,20,measure,9,branch,filter_copy,p500_alternating,65536,1,20201,11,11,32768,32768,1
7,clang-O3-v3,20260917,1070,20,measure,10,branch,filter_copy,p1000,65536,1,24265,11,11,65536,65536,1
7,clang-O3-v3,20260917,1071,20,measure,11,small,sum_one,uniform,768,1365,75811,11,11,6760326044614544011,6760326044614544011,1
7,clang-O3-v3,20260917,1072,20,measure,12,small,sum_one,uniform,8,131072,528795,11,11,11724155215337095168,11724155215337095168,1
7,clang-O3-v3,20260917,1073,20,measure,13,branch,filter_copy_mask,p500,65536,1,27637,11,11,32768,32768,1
7,clang-O3-v3,20260917,1074,20,measure,14,small,sum_one,uniform,48,21845,120563,11,11,18173204259618227916,18173204259618227916,1
7,clang-O3-v3,20260917,1075,20,measure,15,small,sum_one,uniform,4,262144,949214,11,11,6027757896494481408,6027757896494481408,1
7,clang-O3-v3,20260917,1076,20,measure,16,small,sum_one,uniform,192,5461,83403,11,11,17901819518249685373,17901819518249685373,1
7,clang-O3-v3,20260917,1077,20,measure,17,branch,sum_if,p100,65536,1,9660,11,11,3083979731501324985,3083979731501324985,1
7,clang-O3-v3,20260917,1078,20,measure,18,small,sum_one,uniform,3,349525,1715748,11,11,9690214761957071044,9690214761957071044,1
7,clang-O3-v3,20260917,1079,20,measure,19,dependency,split_xor_mul,uniform,65536,64,1250079,11,11,8310383708453772032,8310383708453772032,1
7,clang-O3-v3,20260917,1080,20,measure,20,branch,sum_if,p500,65536,1,8951,11,11,261284744287062128,261284744287062128,1
7,clang-O3-v3,20260917,1081,20,measure,21,branch,filter_copy,p900,65536,1,99502,11,11,58982,58982,1
7,clang-O3-v3,20260917,1082,20,measure,22,small,sum_one,uniform,12,87381,463768,11,11,18208879310165819389,18208879310165819389,1
7,clang-O3-v3,20260917,1083,20,measure,23,branch,sum_if,p750,65536,1,8997,11,11,14586442889165806448,14586442889165806448,1
7,clang-O3-v3,20260917,1084,20,measure,24,branch,filter_copy_mask,p900,65536,1,28208,11,11,58982,58982,1
7,clang-O3-v3,20260917,1085,20,measure,25,dependency,sum_one_bis,uniform,65536,64,389874,11,11,1190735372877940864,1190735372877940864,1
7,clang-O3-v3,20260917,1086,20,measure,26,branch,filter_copy_mask,p100,65536,1,27400,11,11,6554,6554,1
7,clang-O3-v3,20260917,1087,20,measure,27,branch,sum_if,p1000,65536,1,9621,11,11,4485739283943968327,4485739283943968327,1
7,clang-O3-v3,20260917,1088,20,measure,28,small,sum_one,uniform,256,4096,79848,11,11,12471836693395644416,12471836693395644416,1
7,clang-O3-v3,20260917,1089,20,measure,29,branch,sum_if,p500_sorted,65536,1,9608,11,11,2213941836433581612,2213941836433581612,1
7,clang-O3-v3,20260917,1090,20,measure,30,small,sum_one,uniform,32,32768,144545,11,11,4730905112462327808,4730905112462327808,1
7,clang-O3-v3,20260917,1091,20,measure,31,branch,sum_if,p000,65536,1,13265,11,11,0,0,1
7,clang-O3-v3,20260917,1092,20,measure,32,branch,sum_if,p250,65536,1,9582,11,11,75766260937212688,75766260937212688,1
7,clang-O3-v3,20260917,1093,20,measure,33,branch,filter_copy_mask,p250,65536,1,27689,11,11,16384,16384,1
7,clang-O3-v3,20260917,1094,20,measure,34,small,sum_one,uniform,512,2048,84644,11,11,6127788314265579520,6127788314265579520,1
7,clang-O3-v3,20260917,1095,20,measure,35,branch,filter_copy_mask,p500_alternating,65536,1,27811,11,11,32768,32768,1
7,clang-O3-v3,20260917,1096,20,measure,36,branch,sum_if,p900,65536,1,9549,11,11,1957202038211152021,1957202038211152021,1
7,clang-O3-v3,20260917,1097,20,measure,37,small,sum_one,uniform,24,43690,227800,11,11,5019437447312423050,5019437447312423050,1
7,clang-O3-v3,20260917,1098,20,measure,38,dependency,sum_one,uniform,65536,64,397453,11,11,1190735372877940864,1190735372877940864,1
7,clang-O3-v3,20260917,1099,20,measure,39,branch,filter_copy_mask,p750,65536,1,26825,11,11,49152,49152,1
7,clang-O3-v3,20260917,1100,20,measure,40,dependency,sum_four,uniform,65536,64,788582,11,11,1190735372877940864,1190735372877940864,1
7,clang-O3-v3,20260917,1101,20,measure,41,branch,filter_copy,p100,65536,1,94815,11,11,6554,6554,1
7,clang-O3-v3,20260917,1102,20,measure,42,small,sum_one,uniform,2,524288,2595512,11,11,14489530702789345280,14489530702789345280,1
7,clang-O3-v3,20260917,1103,20,measure,43,branch,filter_copy_mask,p1000,65536,1,97880,11,11,65536,65536,1
7,clang-O3-v3,20260917,1104,20,measure,44,branch,sum_if,p500_alternating,65536,1,10437,11,11,4196774058536912234,4196774058536912234,1
7,clang-O3-v3,20260917,1105,20,measure,45,dependency,chain_xor_mul,uniform,65536,64,7033851,11,11,5299772668389481216,5299772668389481216,1
7,clang-O3-v3,20260917,1106,20,measure,46,branch,filter_copy,p250,65536,1,192304,11,11,16384,16384,1
7,clang-O3-v3,20260917,1107,20,measure,47,branch,filter_copy_mask,p500_sorted,65536,1,26705,11,11,32768,32768,1
7,clang-O3-v3,20260917,1108,20,measure,48,small,sum_one,uniform,1,1048576,3052118,11,11,8452580083670974464,8452580083670974464,1
7,clang-O3-v3,20260917,1109,20,measure,49,small,sum_one,uniform,96,10922,98216,11,11,1966801938065649448,1966801938065649448,1
7,clang-O3-v3,20260917,1110,20,measure,50,small,sum_one,uniform,384,2730,77707,11,11,5767785928059657782,5767785928059657782,1
7,clang-O3-v3,20260917,1111,20,measure,51,branch,filter_copy_mask,p000,65536,1,27095,11,11,0,0,1
7,clang-O3-v3,20260917,1112,20,measure,52,branch,filter_copy,p750,65536,1,255911,11,11,49152,49152,1
