run_id,build,seed,sample,round,phase,position,part,label,dataset,n,calls,elapsed_ns,cpu_before,cpu_after,result,expected,output_ok
71,clang-O3-v3,20260917,0,0,warmup,0,branch,filter_copy_mask,p1000,65536,1,84248,11,11,65536,65536,1
71,clang-O3-v3,20260917,1,0,warmup,1,dependency,sum_four,uniform,65536,64,564726,11,11,1190735372877940864,1190735372877940864,1
71,clang-O3-v3,20260917,2,0,warmup,2,branch,filter_copy,p750,65536,1,189575,11,11,49152,49152,1
71,clang-O3-v3,20260917,3,0,warmup,3,branch,sum_if,p750,65536,1,12052,11,11,14586442889165806448,14586442889165806448,1
71,clang-O3-v3,20260917,4,0,warmup,4,small,sum_one,uniform,2,524288,2172502,11,11,14489530702789345280,14489530702789345280,1
71,clang-O3-v3,20260917,5,0,warmup,5,branch,sum_if,p250,65536,1,11990,11,11,75766260937212688,75766260937212688,1
71,clang-O3-v3,20260917,6,0,warmup,6,branch,filter_copy_mask,p500,65536,1,34858,11,11,32768,32768,1
71,clang-O3-v3,20260917,7,0,warmup,7,small,sum_one,uniform,4,262144,892425,11,11,6027757896494481408,6027757896494481408,1
71,clang-O3-v3,20260917,8,0,warmup,8,branch,filter_copy,p500_alternating,65536,1,21739,11,11,32768,32768,1
71,clang-O3-v3,20260917,9,0,warmup,9,branch,filter_copy_mask,p500_sorted,65536,1,27544,11,11,32768,32768,1
71,clang-O3-v3,20260917,10,0,warmup,10,small,sum_one,uniform,8,131072,530244,11,11,11724155215337095168,11724155215337095168,1
71,clang-O3-v3,20260917,11,0,warmup,11,small,sum_one,uniform,256,4096,81364,11,11,12471836693395644416,12471836693395644416,1
71,clang-O3-v3,20260917,12,0,warmup,12,branch,sum_if,p900,65536,1,9603,11,11,1957202038211152021,1957202038211152021,1
71,clang-O3-v3,20260917,13,0,warmup,13,small,sum_one,uniform,768,1365,76265,11,11,6760326044614544011,6760326044614544011,1
71,clang-O3-v3,20260917,14,0,warmup,14,small,sum_one,uniform,48,21845,118811,11,11,18173204259618227916,18173204259618227916,1
71,clang-O3-v3,20260917,15,0,warmup,15,branch,filter_copy_mask,p250,65536,1,28047,11,11,16384,16384,1
71,clang-O3-v3,20260917,16,0,warmup,16,branch,filter_copy_mask,p750,65536,1,42692,11,11,49152,49152,1
71,clang-O3-v3,20260917,17,0,warmup,17,small,sum_one,uniform,3,349525,1864806,11,11,9690214761957071044,9690214761957071044,1
71,clang-O3-v3,20260917,18,0,warmup,18,branch,sum_if,p100,65536,1,12018,11,11,3083979731501324985,3083979731501324985,1
71,clang-O3-v3,20260917,19,0,warmup,19,small,sum_one,uniform,16,65536,215004,11,11,1403062601089810432,1403062601089810432,1
71,clang-O3-v3,20260917,20,0,warmup,20,branch,filter_copy,p1000,65536,1,53240,11,11,65536,65536,1
71,clang-O3-v3,20260917,21,0,warmup,21,small,sum_one,uniform,1024,1024,81765,11,11,6113767114656410624,6113767114656410624,1
71,clang-O3-v3,20260917,22,0,warmup,22,branch,sum_if,p500_sorted,65536,1,9898,11,11,2213941836433581612,2213941836433581612,1
71,clang-O3-v3,20260917,23,0,warmup,23,small,sum_one,uniform,384,2730,78081,11,11,5767785928059657782,5767785928059657782,1
71,clang-O3-v3,20260917,24,0,warmup,24,branch,filter_copy,p100,65536,1,92914,11,11,6554,6554,1
71,clang-O3-v3,20260917,25,0,warmup,25,small,sum_one,uniform,512,2048,95404,11,11,6127788314265579520,6127788314265579520,1
71,clang-O3-v3,20260917,26,0,warmup,26,branch,sum_if,p000,65536,1,9962,11,11,0,0,1
71,clang-O3-v3,20260917,27,0,warmup,27,branch,filter_copy,p500_sorted,65536,1,35370,11,11,32768,32768,1
71,clang-O3-v3,20260917,28,0,warmup,28,small,sum_one,uniform,6,174762,1048906,11,11,4529353940760067638,4529353940760067638,1
71,clang-O3-v3,20260917,29,0,warmup,29,dependency,split_xor_mul,uniform,65536,64,1313280,11,11,8310383708453772032,8310383708453772032,1
71,clang-O3-v3,20260917,30,0,warmup,30,branch,filter_copy_mask,p500_alternating,65536,1,30538,11,11,32768,32768,1
71,clang-O3-v3,20260917,31,0,warmup,31,small,sum_one,uniform,128,8192,84536,11,11,17503531059042279424,17503531059042279424,1
71,clang-O3-v3,20260917,32,0,warmup,32,branch,filter_copy,p900,65536,1,102335,11,11,58982,58982,1
71,clang-O3-v3,20260917,33,0,warmup,33,small,sum_one,uniform,1,1048576,2955316,11,11,8452580083670974464,8452580083670974464,1
71,clang-O3-v3,20260917,34,0,warmup,34,small,sum_one,uniform,96,10922,93105,11,11,1966801938065649448,1966801938065649448,1
71,clang-O3-v3,20260917,35,0,warmup,35,branch,filter_copy,p000,65536,1,17130,11,11,0,0,1
71,clang-O3-v3,20260917,36,0,warmup,36,dependency,sum_twice,uniform,65536,64,814753,11,11,2381470745755881728,2381470745755881728,1
71,clang-O3-v3,20260917,37,0,warmup,37,small,sum_one,uniform,24,43690,235256,11,11,5019437447312423050,5019437447312423050,1
71,clang-O3-v3,20260917,38,0,warmup,38,small,sum_one,uniform,192,5461,82059,11,11,17901819518249685373,17901819518249685373,1
71,clang-O3-v3,20260917,39,0,warmup,39,branch,filter_copy_mask,p000,65536,1,27412,11,11,0,0,1
71,clang-O3-v3,20260917,40,0,warmup,40,dependency,sum_one_bis,uniform,65536,64,398284,11,11,1190735372877940864,1190735372877940864,1
71,clang-O3-v3,20260917,41,0,warmup,41,dependency,sum_one,uniform,65536,64,391052,11,11,1190735372877940864,1190735372877940864,1
71,clang-O3-v3,20260917,42,0,warmup,42,branch,sum_if,p500,65536,1,9888,11,11,261284744287062128,261284744287062128,1
71,clang-O3-v3,20260917,43,0,warmup,43,branch,filter_copy,p500,65536,1,339797,11,11,32768,32768,1
71,clang-O3-v3,20260917,44,0,warmup,44,branch,sum_if,p500_alternating,65536,1,9958,11,11,4196774058536912234,4196774058536912234,1
71,clang-O3-v3,20260917,45,0,warmup,45,small,sum_one,uniform,64,16384,109111,11,11,14815439244071927808,14815439244071927808,1
71,clang-O3-v3,20260917,46,0,warmup,46,branch,filter_copy,p250,65536,1,197582,11,11,16384,16384,1
71,clang-O3-v3,20260917,47,0,warmup,47,small,sum_one,uniform,12,87381,460260,11,11,18208879310165819389,18208879310165819389,1
71,clang-O3-v3,20260917,48,0,warmup,48,dependency,chain_xor_mul,uniform,65536,64,7035787,11,11,5299772668389481216,5299772668389481216,1
71,clang-O3-v3,20260917,49,0,warmup,49,branch,sum_if,p1000,65536,1,9986,11,11,4485739283943968327,4485739283943968327,1
71,clang-O3-v3,20260917,50,0,warmup,50,small,sum_one,uniform,32,32768,144892,11,11,4730905112462327808,4730905112462327808,1
71,clang-O3-v3,20260917,51,0,warmup,51,branch,filter_copy_mask,p900,65536,1,73844,11,11,58982,58982,1
71,clang-O3-v3,20260917,52,0,warmup,52,branch,filter_copy_mask,p100,65536,1,27651,11,11,6554,6554,1
71,clang-O3-v3,20260917,53,1,measure,0,branch,filter_copy,p250,65536,1,191787,11,11,16384,16384,1
71,clang-O3-v3,20260917,54,1,measure,1,small,sum_one,uniform,16,65536,210840,11,11,1403062601089810432,1403062601089810432,1
71,clang-O3-v3,20260917,55,1,measure,2,small,sum_one,uniform,192,5461,83569,11,11,17901819518249685373,17901819518249685373,1
71,clang-O3-v3,20260917,56,1,measure,3,branch,filter_copy_mask,p250,65536,1,27545,11,11,16384,16384,1
71,clang-O3-v3,20260917,57,1,measure,4,branch,sum_if,p500,65536,1,9627,11,11,261284744287062128,261284744287062128,1
71,clang-O3-v3,20260917,58,1,measure,5,branch,filter_copy_mask,p900,65536,1,53104,11,11,58982,58982,1
71,clang-O3-v3,20260917,59,1,measure,6,dependency,sum_one_bis,uniform,65536,64,388077,11,11,1190735372877940864,1190735372877940864,1
71,clang-O3-v3,20260917,60,1,measure,7,branch,sum_if,p100,65536,1,9538,11,11,3083979731501324985,3083979731501324985,1
71,clang-O3-v3,20260917,61,1,measure,8,branch,filter_copy,p500_sorted,65536,1,25986,11,11,32768,32768,1
71,clang-O3-v3,20260917,62,1,measure,9,dependency,sum_four,uniform,65536,64,571296,11,11,1190735372877940864,1190735372877940864,1
71,clang-O3-v3,20260917,63,1,measure,10,branch,filter_copy,p500,65536,1,345483,11,11,32768,32768,1
71,clang-O3-v3,20260917,64,1,measure,11,branch,sum_if,p1000,65536,1,11998,11,11,4485739283943968327,4485739283943968327,1
71,clang-O3-v3,20260917,65,1,measure,12,dependency,sum_twice,uniform,65536,64,808490,11,11,2381470745755881728,2381470745755881728,1
71,clang-O3-v3,20260917,66,1,measure,13,branch,filter_copy_mask,p500_alternating,65536,1,29629,11,11,32768,32768,1
71,clang-O3-v3,20260917,67,1,measure,14,branch,sum_if,p500_alternating,65536,1,9555,11,11,4196774058536912234,4196774058536912234,1
71,clang-O3-v3,20260917,68,1,measure,15,dependency,split_xor_mul,uniform,65536,64,1311870,11,11,8310383708453772032,8310383708453772032,1
71,clang-O3-v3,20260917,69,1,measure,16,small,sum_one,uniform,256,4096,71156,11,11,12471836693395644416,12471836693395644416,1
71,clang-O3-v3,20260917,70,1,measure,17,branch,filter_copy_mask,p500,65536,1,29938,11,11,32768,32768,1
71,clang-O3-v3,20260917,71,1,measure,18,small,sum_one,uniform,1,1048576,2954623,11,11,8452580083670974464,8452580083670974464,1
71,clang-O3-v3,20260917,72,1,measure,19,small,sum_one,uniform,384,2730,77173,11,11,5767785928059657782,5767785928059657782,1
71,clang-O3-v3,20260917,73,1,measure,20,branch,filter_copy,p1000,65536,1,49852,11,11,65536,65536,1
71,clang-O3-v3,20260917,74,1,measure,21,small,sum_one,uniform,64,16384,107538,11,11,14815439244071927808,14815439244071927808,1
71,clang-O3-v3,20260917,75,1,measure,22,branch,sum_if,p250,65536,1,9945,11,11,75766260937212688,75766260937212688,1
71,clang-O3-v3,20260917,76,1,measure,23,small,sum_one,uniform,12,87381,427744,11,11,18208879310165819389,18208879310165819389,1
71,clang-O3-v3,20260917,77,1,measure,24,small,sum_one,uniform,4,262144,1081681,11,11,6027757896494481408,6027757896494481408,1
71,clang-O3-v3,20260917,78,1,measure,25,branch,sum_if,p500_sorted,65536,1,11064,11,11,2213941836433581612,2213941836433581612,1
71,clang-O3-v3,20260917,79,1,measure,26,small,sum_one,uniform,128,8192,89079,11,11,17503531059042279424,17503531059042279424,1
71,clang-O3-v3,20260917,80,1,measure,27,branch,sum_if,p750,65536,1,9560,11,11,14586442889165806448,14586442889165806448,1
71,clang-O3-v3,20260917,81,1,measure,28,dependency,sum_one,uniform,65536,64,386880,11,11,1190735372877940864,1190735372877940864,1
71,clang-O3-v3,20260917,82,1,measure,29,branch,filter_copy_mask,p1000,65536,1,73617,11,11,65536,65536,1
71,clang-O3-v3,20260917,83,1,measure,30,branch,filter_copy,p900,65536,1,99889,11,11,58982,58982,1
71,clang-O3-v3,20260917,84,1,measure,31,small,sum_one,uniform,6,174762,940582,11,11,4529353940760067638,4529353940760067638,1
71,clang-O3-v3,20260917,85,1,measure,32,small,sum_one,uniform,3,349525,1974713,11,11,9690214761957071044,9690214761957071044,1
71,clang-O3-v3,20260917,86,1,measure,33,small,sum_one,uniform,48,21845,130170,11,11,18173204259618227916,18173204259618227916,1
71,clang-O3-v3,20260917,87,1,measure,34,branch,filter_copy_mask,p750,65536,1,43654,11,11,49152,49152,1
71,clang-O3-v3,20260917,88,1,measure,35,branch,filter_copy_mask,p000,65536,1,28153,11,11,0,0,1
71,clang-O3-v3,20260917,89,1,measure,36,small,sum_one,uniform,768,1365,78360,11,11,6760326044614544011,6760326044614544011,1
71,clang-O3-v3,20260917,90,1,measure,37,small,sum_one,uniform,1024,1024,80992,11,11,6113767114656410624,6113767114656410624,1
71,clang-O3-v3,20260917,91,1,measure,38,branch,filter_copy_mask,p100,65536,1,28176,11,11,6554,6554,1
71,clang-O3-v3,20260917,92,1,measure,39,small,sum_one,uniform,2,524288,2140031,11,11,14489530702789345280,14489530702789345280,1
71,clang-O3-v3,20260917,93,1,measure,40,branch,sum_if,p900,65536,1,9634,11,11,1957202038211152021,1957202038211152021,1
71,clang-O3-v3,20260917,94,1,measure,41,branch,filter_copy,p750,65536,1,191819,11,11,49152,49152,1
71,clang-O3-v3,20260917,95,1,measure,42,small,sum_one,uniform,32,32768,148628,11,11,4730905112462327808,4730905112462327808,1
71,clang-O3-v3,20260917,96,1,measure,43,dependency,chain_xor_mul,uniform,65536,64,6922809,11,11,5299772668389481216,5299772668389481216,1
71,clang-O3-v3,20260917,97,1,measure,44,branch,filter_copy,p500_alternating,65536,1,31306,11,11,32768,32768,1
71,clang-O3-v3,20260917,98,1,measure,45,small,sum_one,uniform,512,2048,95970,11,11,6127788314265579520,6127788314265579520,1
71,clang-O3-v3,20260917,99,1,measure,46,branch,filter_copy,p000,65536,1,16676,11,11,0,0,1
71,clang-O3-v3,20260917,100,1,measure,47,branch,filter_copy,p100,65536,1,95165,11,11,6554,6554,1
71,clang-O3-v3,20260917,101,1,measure,48,small,sum_one,uniform,24,43690,193296,11,11,5019437447312423050,5019437447312423050,1
71,clang-O3-v3,20260917,102,1,measure,49,small,sum_one,uniform,8,131072,530941,11,11,11724155215337095168,11724155215337095168,1
71,clang-O3-v3,20260917,103,1,measure,50,branch,sum_if,p000,65536,1,10571,11,11,0,0,1
71,clang-O3-v3,20260917,104,1,measure,51,small,sum_one,uniform,96,10922,95916,11,11,1966801938065649448,1966801938065649448,1
71,clang-O3-v3,20260917,105,1,measure,52,branch,filter_copy_mask,p500_sorted,65536,1,34432,11,11,32768,32768,1
71,clang-O3-v3,20260917,106,2,measure,0,branch,filter_copy,p750,65536,1,192086,11,11,49152,49152,1
71,clang-O3-v3,20260917,107,2,measure,1,branch,filter_copy,p500_sorted,65536,1,24676,11,11,32768,32768,1
71,clang-O3-v3,20260917,108,2,measure,2,dependency,sum_one,uniform,65536,64,391965,11,11,1190735372877940864,1190735372877940864,1
71,clang-O3-v3,20260917,109,2,measure,3,branch,filter_copy,p100,65536,1,94095,11,11,6554,6554,1
71,clang-O3-v3,20260917,110,2,measure,4,branch,sum_if,p000,65536,1,10124,11,11,0,0,1
71,clang-O3-v3,20260917,111,2,measure,5,dependency,sum_four,uniform,65536,64,596186,11,11,1190735372877940864,1190735372877940864,1
71,clang-O3-v3,20260917,112,2,measure,6,dependency,sum_twice,uniform,65536,64,945303,11,11,2381470745755881728,2381470745755881728,1
71,clang-O3-v3,20260917,113,2,measure,7,small,sum_one,uniform,256,4096,81082,11,11,12471836693395644416,12471836693395644416,1
71,clang-O3-v3,20260917,114,2,measure,8,small,sum_one,uniform,8,131072,530693,11,11,11724155215337095168,11724155215337095168,1
71,clang-O3-v3,20260917,115,2,measure,9,small,sum_one,uniform,16,65536,262723,11,11,1403062601089810432,1403062601089810432,1
71,clang-O3-v3,20260917,116,2,measure,10,small,sum_one,uniform,64,16384,109236,11,11,14815439244071927808,14815439244071927808,1
71,clang-O3-v3,20260917,117,2,measure,11,branch,filter_copy,p500,65536,1,342820,11,11,32768,32768,1
71,clang-O3-v3,20260917,118,2,measure,12,small,sum_one,uniform,1,1048576,3026775,11,11,8452580083670974464,8452580083670974464,1
71,clang-O3-v3,20260917,119,2,measure,13,small,sum_one,uniform,1024,1024,88304,11,11,6113767114656410624,6113767114656410624,1
71,clang-O3-v3,20260917,120,2,measure,14,branch,sum_if,p900,65536,1,9923,11,11,1957202038211152021,1957202038211152021,1
71,clang-O3-v3,20260917,121,2,measure,15,branch,filter_copy_mask,p000,65536,1,27350,11,11,0,0,1
71,clang-O3-v3,20260917,122,2,measure,16,small,sum_one,uniform,96,10922,95672,11,11,1966801938065649448,1966801938065649448,1
71,clang-O3-v3,20260917,123,2,measure,17,branch,filter_copy_mask,p500,65536,1,32495,11,11,32768,32768,1
71,clang-O3-v3,20260917,124,2,measure,18,small,sum_one,uniform,24,43690,203966,11,11,5019437447312423050,5019437447312423050,1
71,clang-O3-v3,20260917,125,2,measure,19,branch,filter_copy_mask,p750,65536,1,47042,11,11,49152,49152,1
71,clang-O3-v3,20260917,126,2,measure,20,dependency,split_xor_mul,uniform,65536,64,1316582,11,11,8310383708453772032,8310383708453772032,1
71,clang-O3-v3,20260917,127,2,measure,21,small,sum_one,uniform,2,524288,2120184,11,11,14489530702789345280,14489530702789345280,1
71,clang-O3-v3,20260917,128,2,measure,22,branch,filter_copy_mask,p500_alternating,65536,1,31431,11,11,32768,32768,1
71,clang-O3-v3,20260917,129,2,measure,23,branch,filter_copy_mask,p900,65536,1,46258,11,11,58982,58982,1
71,clang-O3-v3,20260917,130,2,measure,24,branch,sum_if,p750,65536,1,9878,11,11,14586442889165806448,14586442889165806448,1
71,clang-O3-v3,20260917,131,2,measure,25,small,sum_one,uniform,384,2730,76490,11,11,5767785928059657782,5767785928059657782,1
71,clang-O3-v3,20260917,132,2,measure,26,branch,filter_copy,p500_alternating,65536,1,24773,11,11,32768,32768,1
71,clang-O3-v3,20260917,133,2,measure,27,branch,filter_copy_mask,p250,65536,1,27813,11,11,16384,16384,1
71,clang-O3-v3,20260917,134,2,measure,28,branch,sum_if,p500_alternating,65536,1,12054,11,11,4196774058536912234,4196774058536912234,1
71,clang-O3-v3,20260917,135,2,measure,29,branch,filter_copy,p900,65536,1,99760,11,11,58982,58982,1
71,clang-O3-v3,20260917,136,2,measure,30,small,sum_one,uniform,48,21845,132213,11,11,18173204259618227916,18173204259618227916,1
71,clang-O3-v3,20260917,137,2,measure,31,branch,filter_copy,p1000,65536,1,29854,11,11,65536,65536,1
71,clang-O3-v3,20260917,138,2,measure,32,branch,filter_copy_mask,p1000,65536,1,26952,11,11,65536,65536,1
71,clang-O3-v3,20260917,139,2,measure,33,small,sum_one,uniform,3,349525,1748547,11,11,9690214761957071044,9690214761957071044,1
71,clang-O3-v3,20260917,140,2,measure,34,small,sum_one,uniform,6,174762,920512,11,11,4529353940760067638,4529353940760067638,1
71,clang-O3-v3,20260917,141,2,measure,35,branch,sum_if,p100,65536,1,9848,11,11,3083979731501324985,3083979731501324985,1
71,clang-O3-v3,20260917,142,2,measure,36,branch,filter_copy,p000,65536,1,17202,11,11,0,0,1
71,clang-O3-v3,20260917,143,2,measure,37,branch,sum_if,p250,65536,1,12246,11,11,75766260937212688,75766260937212688,1
71,clang-O3-v3,20260917,144,2,measure,38,dependency,chain_xor_mul,uniform,65536,64,6869952,11,11,5299772668389481216,5299772668389481216,1
71,clang-O3-v3,20260917,145,2,measure,39,small,sum_one,uniform,768,1365,77567,11,11,6760326044614544011,6760326044614544011,1
71,clang-O3-v3,20260917,146,2,measure,40,branch,filter_copy,p250,65536,1,191848,11,11,16384,16384,1
71,clang-O3-v3,20260917,147,2,measure,41,branch,sum_if,p1000,65536,1,12069,11,11,4485739283943968327,4485739283943968327,1
71,clang-O3-v3,20260917,148,2,measure,42,branch,sum_if,p500,65536,1,9560,11,11,261284744287062128,261284744287062128,1
71,clang-O3-v3,20260917,149,2,measure,43,small,sum_one,uniform,12,87381,452310,11,11,18208879310165819389,18208879310165819389,1
71,clang-O3-v3,20260917,150,2,measure,44,branch,filter_copy_mask,p500_sorted,65536,1,48041,11,11,32768,32768,1
71,clang-O3-v3,20260917,151,2,measure,45,small,sum_one,uniform,32,32768,144560,11,11,4730905112462327808,4730905112462327808,1
71,clang-O3-v3,20260917,152,2,measure,46,dependency,sum_one_bis,uniform,65536,64,389219,11,11,1190735372877940864,1190735372877940864,1
71,clang-O3-v3,20260917,153,2,measure,47,small,sum_one,uniform,512,2048,101001,11,11,6127788314265579520,6127788314265579520,1
71,clang-O3-v3,20260917,154,2,measure,48,branch,filter_copy_mask,p100,65536,1,27371,11,11,6554,6554,1
71,clang-O3-v3,20260917,155,2,measure,49,small,sum_one,uniform,192,5461,85918,11,11,17901819518249685373,17901819518249685373,1
71,clang-O3-v3,20260917,156,2,measure,50,branch,sum_if,p500_sorted,65536,1,10682,11,11,2213941836433581612,2213941836433581612,1
71,clang-O3-v3,20260917,157,2,measure,51,small,sum_one,uniform,128,8192,90065,11,11,17503531059042279424,17503531059042279424,1
71,clang-O3-v3,20260917,158,2,measure,52,small,sum_one,uniform,4,262144,941291,11,11,6027757896494481408,6027757896494481408,1
71,clang-O3-v3,20260917,159,3,measure,0,small,sum_one,uniform,32,32768,148007,11,11,4730905112462327808,4730905112462327808,1
71,clang-O3-v3,20260917,160,3,measure,1,dependency,split_xor_mul,uniform,65536,64,1316355,11,11,8310383708453772032,8310383708453772032,1
71,clang-O3-v3,20260917,161,3,measure,2,branch,filter_copy,p1000,65536,1,72836,11,11,65536,65536,1
71,clang-O3-v3,20260917,162,3,measure,3,branch,sum_if,p900,65536,1,9607,11,11,1957202038211152021,1957202038211152021,1
71,clang-O3-v3,20260917,163,3,measure,4,dependency,sum_twice,uniform,65536,64,783235,11,11,2381470745755881728,2381470745755881728,1
71,clang-O3-v3,20260917,164,3,measure,5,branch,filter_copy,p500,65536,1,349884,11,11,32768,32768,1
71,clang-O3-v3,20260917,165,3,measure,6,branch,sum_if,p500_alternating,65536,1,12202,11,11,4196774058536912234,4196774058536912234,1
71,clang-O3-v3,20260917,166,3,measure,7,small,sum_one,uniform,192,5461,83413,11,11,17901819518249685373,17901819518249685373,1
71,clang-O3-v3,20260917,167,3,measure,8,branch,sum_if,p750,65536,1,9542,11,11,14586442889165806448,14586442889165806448,1
71,clang-O3-v3,20260917,168,3,measure,9,branch,sum_if,p500_sorted,65536,1,11107,11,11,2213941836433581612,2213941836433581612,1
71,clang-O3-v3,20260917,169,3,measure,10,small,sum_one,uniform,8,131072,525485,11,11,11724155215337095168,11724155215337095168,1
71,clang-O3-v3,20260917,170,3,measure,11,branch,filter_copy_mask,p100,65536,1,27679,11,11,6554,6554,1
71,clang-O3-v3,20260917,171,3,measure,12,branch,filter_copy,p000,65536,1,20533,11,11,0,0,1
71,clang-O3-v3,20260917,172,3,measure,13,small,sum_one,uniform,3,349525,1692233,11,11,9690214761957071044,9690214761957071044,1
71,clang-O3-v3,20260917,173,3,measure,14,small,sum_one,uniform,48,21845,130507,11,11,18173204259618227916,18173204259618227916,1
71,clang-O3-v3,20260917,174,3,measure,15,dependency,sum_four,uniform,65536,64,571848,11,11,1190735372877940864,1190735372877940864,1
71,clang-O3-v3,20260917,175,3,measure,16,small,sum_one,uniform,24,43690,192732,11,11,5019437447312423050,5019437447312423050,1
71,clang-O3-v3,20260917,176,3,measure,17,branch,filter_copy_mask,p900,65536,1,66218,11,11,58982,58982,1
71,clang-O3-v3,20260917,177,3,measure,18,branch,sum_if,p1000,65536,1,11998,11,11,4485739283943968327,4485739283943968327,1
71,clang-O3-v3,20260917,178,3,measure,19,small,sum_one,uniform,6,174762,962921,11,11,4529353940760067638,4529353940760067638,1
71,clang-O3-v3,20260917,179,3,measure,20,small,sum_one,uniform,128,8192,90716,11,11,17503531059042279424,17503531059042279424,1
71,clang-O3-v3,20260917,180,3,measure,21,branch,filter_copy_mask,p1000,65536,1,39627,11,11,65536,65536,1
71,clang-O3-v3,20260917,181,3,measure,22,dependency,chain_xor_mul,uniform,65536,64,7298729,11,11,5299772668389481216,5299772668389481216,1
71,clang-O3-v3,20260917,182,3,measure,23,branch,filter_copy,p500_alternating,65536,1,26207,11,11,32768,32768,1
71,clang-O3-v3,20260917,183,3,measure,24,branch,filter_copy,p500_sorted,65536,1,20447,11,11,32768,32768,1
71,clang-O3-v3,20260917,184,3,measure,25,small,sum_one,uniform,64,16384,109969,11,11,14815439244071927808,14815439244071927808,1
71,clang-O3-v3,20260917,185,3,measure,26,branch,filter_copy_mask,p250,65536,1,27802,11,11,16384,16384,1
71,clang-O3-v3,20260917,186,3,measure,27,small,sum_one,uniform,1,1048576,3044482,11,11,8452580083670974464,8452580083670974464,1
71,clang-O3-v3,20260917,187,3,measure,28,small,sum_one,uniform,96,10922,100504,11,11,1966801938065649448,1966801938065649448,1
71,clang-O3-v3,20260917,188,3,measure,29,small,sum_one,uniform,2,524288,2172127,11,11,14489530702789345280,14489530702789345280,1
71,clang-O3-v3,20260917,189,3,measure,30,small,sum_one,uniform,512,2048,97959,11,11,6127788314265579520,6127788314265579520,1
71,clang-O3-v3,20260917,190,3,measure,31,branch,filter_copy_mask,p000,65536,1,27063,11,11,0,0,1
71,clang-O3-v3,20260917,191,3,measure,32,branch,filter_copy,p750,65536,1,201490,11,11,49152,49152,1
71,clang-O3-v3,20260917,192,3,measure,33,branch,sum_if,p000,65536,1,12275,11,11,0,0,1
71,clang-O3-v3,20260917,193,3,measure,34,branch,filter_copy_mask,p750,65536,1,29319,11,11,49152,49152,1
71,clang-O3-v3,20260917,194,3,measure,35,branch,filter_copy_mask,p500,65536,1,30172,11,11,32768,32768,1
71,clang-O3-v3,20260917,195,3,measure,36,dependency,sum_one_bis,uniform,65536,64,395387,11,11,1190735372877940864,1190735372877940864,1
71,clang-O3-v3,20260917,196,3,measure,37,branch,sum_if,p250,65536,1,10126,11,11,75766260937212688,75766260937212688,1
71,clang-O3-v3,20260917,197,3,measure,38,branch,filter_copy,p100,65536,1,96325,11,11,6554,6554,1
71,clang-O3-v3,20260917,198,3,measure,39,small,sum_one,uniform,12,87381,455397,11,11,18208879310165819389,18208879310165819389,1
71,clang-O3-v3,20260917,199,3,measure,40,small,sum_one,uniform,16,65536,210245,11,11,1403062601089810432,1403062601089810432,1
71,clang-O3-v3,20260917,200,3,measure,41,small,sum_one,uniform,768,1365,75495,11,11,6760326044614544011,6760326044614544011,1
71,clang-O3-v3,20260917,201,3,measure,42,small,sum_one,uniform,4,262144,852733,11,11,6027757896494481408,6027757896494481408,1
71,clang-O3-v3,20260917,202,3,measure,43,branch,filter_copy,p250,65536,1,190869,11,11,16384,16384,1
71,clang-O3-v3,20260917,203,3,measure,44,branch,filter_copy_mask,p500_sorted,65536,1,43297,11,11,32768,32768,1
71,clang-O3-v3,20260917,204,3,measure,45,branch,filter_copy_mask,p500_alternating,65536,1,29581,11,11,32768,32768,1
71,clang-O3-v3,20260917,205,3,measure,46,branch,sum_if,p100,65536,1,12141,11,11,3083979731501324985,3083979731501324985,1
71,clang-O3-v3,20260917,206,3,measure,47,small,sum_one,uniform,256,4096,82104,11,11,12471836693395644416,12471836693395644416,1
71,clang-O3-v3,20260917,207,3,measure,48,branch,filter_copy,p900,65536,1,134710,11,11,58982,58982,1
71,clang-O3-v3,20260917,208,3,measure,49,small,sum_one,uniform,1024,1024,83402,11,11,6113767114656410624,6113767114656410624,1
71,clang-O3-v3,20260917,209,3,measure,50,branch,sum_if,p500,65536,1,9544,11,11,261284744287062128,261284744287062128,1
71,clang-O3-v3,20260917,210,3,measure,51,small,sum_one,uniform,384,2730,76776,11,11,5767785928059657782,5767785928059657782,1
71,clang-O3-v3,20260917,211,3,measure,52,dependency,sum_one,uniform,65536,64,387584,11,11,1190735372877940864,1190735372877940864,1
71,clang-O3-v3,20260917,212,4,measure,0,small,sum_one,uniform,16,65536,210211,11,11,1403062601089810432,1403062601089810432,1
71,clang-O3-v3,20260917,213,4,measure,1,branch,filter_copy,p750,65536,1,199635,11,11,49152,49152,1
71,clang-O3-v3,20260917,214,4,measure,2,branch,filter_copy_mask,p500,65536,1,32289,11,11,32768,32768,1
71,clang-O3-v3,20260917,215,4,measure,3,branch,sum_if,p500_alternating,65536,1,12420,11,11,4196774058536912234,4196774058536912234,1
71,clang-O3-v3,20260917,216,4,measure,4,small,sum_one,uniform,6,174762,929156,11,11,4529353940760067638,4529353940760067638,1
71,clang-O3-v3,20260917,217,4,measure,5,small,sum_one,uniform,384,2730,76075,11,11,5767785928059657782,5767785928059657782,1
71,clang-O3-v3,20260917,218,4,measure,6,small,sum_one,uniform,3,349525,1706746,11,11,9690214761957071044,9690214761957071044,1
71,clang-O3-v3,20260917,219,4,measure,7,branch,filter_copy,p000,65536,1,18208,11,11,0,0,1
71,clang-O3-v3,20260917,220,4,measure,8,small,sum_one,uniform,768,1365,75782,11,11,6760326044614544011,6760326044614544011,1
71,clang-O3-v3,20260917,221,4,measure,9,small,sum_one,uniform,1024,1024,81274,11,11,6113767114656410624,6113767114656410624,1
71,clang-O3-v3,20260917,222,4,measure,10,small,sum_one,uniform,128,8192,88024,11,11,17503531059042279424,17503531059042279424,1
71,clang-O3-v3,20260917,223,4,measure,11,branch,filter_copy,p900,65536,1,102469,11,11,58982,58982,1
71,clang-O3-v3,20260917,224,4,measure,12,branch,filter_copy_mask,p500_alternating,65536,1,30305,11,11,32768,32768,1
71,clang-O3-v3,20260917,225,4,measure,13,dependency,sum_four,uniform,65536,64,569739,11,11,1190735372877940864,1190735372877940864,1
71,clang-O3-v3,20260917,226,4,measure,14,small,sum_one,uniform,96,10922,95904,11,11,1966801938065649448,1966801938065649448,1
71,clang-O3-v3,20260917,227,4,measure,15,small,sum_one,uniform,24,43690,227776,11,11,5019437447312423050,5019437447312423050,1
71,clang-O3-v3,20260917,228,4,measure,16,small,sum_one,uniform,1,1048576,3036998,11,11,8452580083670974464,8452580083670974464,1
71,clang-O3-v3,20260917,229,4,measure,17,branch,filter_copy,p500_alternating,65536,1,23258,11,11,32768,32768,1
71,clang-O3-v3,20260917,230,4,measure,18,branch,filter_copy,p1000,65536,1,37083,11,11,65536,65536,1
71,clang-O3-v3,20260917,231,4,measure,19,branch,filter_copy_mask,p900,65536,1,28904,11,11,58982,58982,1
71,clang-O3-v3,20260917,232,4,measure,20,small,sum_one,uniform,4,262144,951641,11,11,6027757896494481408,6027757896494481408,1
71,clang-O3-v3,20260917,233,4,measure,21,branch,filter_copy,p500,65536,1,334176,11,11,32768,32768,1
71,clang-O3-v3,20260917,234,4,measure,22,small,sum_one,uniform,192,5461,85600,11,11,17901819518249685373,17901819518249685373,1
71,clang-O3-v3,20260917,235,4,measure,23,small,sum_one,uniform,2,524288,2172055,11,11,14489530702789345280,14489530702789345280,1
71,clang-O3-v3,20260917,236,4,measure,24,branch,filter_copy_mask,p500_sorted,65536,1,28828,11,11,32768,32768,1
71,clang-O3-v3,20260917,237,4,measure,25,branch,filter_copy,p100,65536,1,92901,11,11,6554,6554,1
71,clang-O3-v3,20260917,238,4,measure,26,branch,filter_copy_mask,p1000,65536,1,43544,11,11,65536,65536,1
71,clang-O3-v3,20260917,239,4,measure,27,branch,sum_if,p900,65536,1,12120,11,11,1957202038211152021,1957202038211152021,1
71,clang-O3-v3,20260917,240,4,measure,28,small,sum_one,uniform,48,21845,131250,11,11,18173204259618227916,18173204259618227916,1
71,clang-O3-v3,20260917,241,4,measure,29,small,sum_one,uniform,64,16384,109622,11,11,14815439244071927808,14815439244071927808,1
71,clang-O3-v3,20260917,242,4,measure,30,dependency,sum_one,uniform,65536,64,392189,11,11,1190735372877940864,1190735372877940864,1
71,clang-O3-v3,20260917,243,4,measure,31,branch,sum_if,p1000,65536,1,10199,11,11,4485739283943968327,4485739283943968327,1
71,clang-O3-v3,20260917,244,4,measure,32,branch,filter_copy,p500_sorted,65536,1,27792,11,11,32768,32768,1
71,clang-O3-v3,20260917,245,4,measure,33,branch,sum_if,p500,65536,1,10972,11,11,261284744287062128,261284744287062128,1
71,clang-O3-v3,20260917,246,4,measure,34,small,sum_one,uniform,8,131072,525504,11,11,11724155215337095168,11724155215337095168,1
71,clang-O3-v3,20260917,247,4,measure,35,branch,sum_if,p250,65536,1,10554,11,11,75766260937212688,75766260937212688,1
71,clang-O3-v3,20260917,248,4,measure,36,dependency,sum_one_bis,uniform,65536,64,386975,11,11,1190735372877940864,1190735372877940864,1
71,clang-O3-v3,20260917,249,4,measure,37,dependency,chain_xor_mul,uniform,65536,64,6942261,11,11,5299772668389481216,5299772668389481216,1
71,clang-O3-v3,20260917,250,4,measure,38,branch,filter_copy_mask,p000,65536,1,28687,11,11,0,0,1
71,clang-O3-v3,20260917,251,4,measure,39,small,sum_one,uniform,256,4096,80970,11,11,12471836693395644416,12471836693395644416,1
71,clang-O3-v3,20260917,252,4,measure,40,branch,sum_if,p000,65536,1,9590,11,11,0,0,1
71,clang-O3-v3,20260917,253,4,measure,41,branch,sum_if,p100,65536,1,9543,11,11,3083979731501324985,3083979731501324985,1
71,clang-O3-v3,20260917,254,4,measure,42,small,sum_one,uniform,512,2048,95595,11,11,6127788314265579520,6127788314265579520,1
71,clang-O3-v3,20260917,255,4,measure,43,branch,filter_copy_mask,p250,65536,1,27604,11,11,16384,16384,1
71,clang-O3-v3,20260917,256,4,measure,44,branch,filter_copy_mask,p100,65536,1,28662,11,11,6554,6554,1
71,clang-O3-v3,20260917,257,4,measure,45,branch,filter_copy_mask,p750,65536,1,43477,11,11,49152,49152,1
71,clang-O3-v3,20260917,258,4,measure,46,branch,filter_copy,p250,65536,1,197988,11,11,16384,16384,1
71,clang-O3-v3,20260917,259,4,measure,47,dependency,split_xor_mul,uniform,65536,64,1257241,11,11,8310383708453772032,8310383708453772032,1
71,clang-O3-v3,20260917,260,4,measure,48,branch,sum_if,p750,65536,1,8975,11,11,14586442889165806448,14586442889165806448,1
71,clang-O3-v3,20260917,261,4,measure,49,branch,sum_if,p500_sorted,65536,1,9639,11,11,2213941836433581612,2213941836433581612,1
71,clang-O3-v3,20260917,262,4,measure,50,dependency,sum_twice,uniform,65536,64,670360,11,11,2381470745755881728,2381470745755881728,1
71,clang-O3-v3,20260917,263,4,measure,51,small,sum_one,uniform,12,87381,465554,11,11,18208879310165819389,18208879310165819389,1
71,clang-O3-v3,20260917,264,4,measure,52,small,sum_one,uniform,32,32768,147913,11,11,4730905112462327808,4730905112462327808,1
71,clang-O3-v3,20260917,265,5,measure,0,branch,sum_if,p250,65536,1,9641,11,11,75766260937212688,75766260937212688,1
71,clang-O3-v3,20260917,266,5,measure,1,branch,filter_copy,p000,65536,1,16672,11,11,0,0,1
71,clang-O3-v3,20260917,267,5,measure,2,small,sum_one,uniform,384,2730,76423,11,11,5767785928059657782,5767785928059657782,1
71,clang-O3-v3,20260917,268,5,measure,3,branch,sum_if,p1000,65536,1,9549,11,11,4485739283943968327,4485739283943968327,1
71,clang-O3-v3,20260917,269,5,measure,4,branch,filter_copy,p500_alternating,65536,1,27083,11,11,32768,32768,1
71,clang-O3-v3,20260917,270,5,measure,5,small,sum_one,uniform,48,21845,131580,11,11,18173204259618227916,18173204259618227916,1
71,clang-O3-v3,20260917,271,5,measure,6,branch,filter_copy_mask,p500_alternating,65536,1,31198,11,11,32768,32768,1
71,clang-O3-v3,20260917,272,5,measure,7,small,sum_one,uniform,8,131072,525507,11,11,11724155215337095168,11724155215337095168,1
71,clang-O3-v3,20260917,273,5,measure,8,branch,filter_copy_mask,p900,65536,1,43025,11,11,58982,58982,1
71,clang-O3-v3,20260917,274,5,measure,9,branch,filter_copy_mask,p1000,65536,1,32009,11,11,65536,65536,1
71,clang-O3-v3,20260917,275,5,measure,10,small,sum_one,uniform,24,43690,192849,11,11,5019437447312423050,5019437447312423050,1
71,clang-O3-v3,20260917,276,5,measure,11,branch,filter_copy_mask,p000,65536,1,27087,11,11,0,0,1
71,clang-O3-v3,20260917,277,5,measure,12,branch,filter_copy,p750,65536,1,200634,11,11,49152,49152,1
71,clang-O3-v3,20260917,278,5,measure,13,branch,filter_copy,p100,65536,1,93457,11,11,6554,6554,1
71,clang-O3-v3,20260917,279,5,measure,14,small,sum_one,uniform,4,262144,847178,11,11,6027757896494481408,6027757896494481408,1
71,clang-O3-v3,20260917,280,5,measure,15,small,sum_one,uniform,6,174762,927494,11,11,4529353940760067638,4529353940760067638,1
71,clang-O3-v3,20260917,281,5,measure,16,small,sum_one,uniform,2,524288,2375866,11,11,14489530702789345280,14489530702789345280,1
71,clang-O3-v3,20260917,282,5,measure,17,branch,sum_if,p750,65536,1,9856,11,11,14586442889165806448,14586442889165806448,1
71,clang-O3-v3,20260917,283,5,measure,18,small,sum_one,uniform,12,87381,420474,11,11,18208879310165819389,18208879310165819389,1
71,clang-O3-v3,20260917,284,5,measure,19,branch,sum_if,p000,65536,1,10565,11,11,0,0,1
71,clang-O3-v3,20260917,285,5,measure,20,branch,filter_copy_mask,p500_sorted,65536,1,28106,11,11,32768,32768,1
71,clang-O3-v3,20260917,286,5,measure,21,branch,filter_copy,p900,65536,1,97132,11,11,58982,58982,1
71,clang-O3-v3,20260917,287,5,measure,22,branch,filter_copy,p1000,65536,1,25179,11,11,65536,65536,1
71,clang-O3-v3,20260917,288,5,measure,23,branch,filter_copy,p500_sorted,65536,1,20178,11,11,32768,32768,1
71,clang-O3-v3,20260917,289,5,measure,24,small,sum_one,uniform,128,8192,90267,11,11,17503531059042279424,17503531059042279424,1
71,clang-O3-v3,20260917,290,5,measure,25,small,sum_one,uniform,64,16384,109346,11,11,14815439244071927808,14815439244071927808,1
71,clang-O3-v3,20260917,291,5,measure,26,branch,filter_copy_mask,p750,65536,1,26831,11,11,49152,49152,1
71,clang-O3-v3,20260917,292,5,measure,27,small,sum_one,uniform,256,4096,81578,11,11,12471836693395644416,12471836693395644416,1
71,clang-O3-v3,20260917,293,5,measure,28,small,sum_one,uniform,1024,1024,81722,11,11,6113767114656410624,6113767114656410624,1
71,clang-O3-v3,20260917,294,5,measure,29,branch,filter_copy,p500,65536,1,333658,11,11,32768,32768,1
71,clang-O3-v3,20260917,295,5,measure,30,branch,sum_if,p900,65536,1,10037,11,11,1957202038211152021,1957202038211152021,1
71,clang-O3-v3,20260917,296,5,measure,31,small,sum_one,uniform,96,10922,95192,11,11,1966801938065649448,1966801938065649448,1
71,clang-O3-v3,20260917,297,5,measure,32,small,sum_one,uniform,3,349525,1686227,11,11,9690214761957071044,9690214761957071044,1
71,clang-O3-v3,20260917,298,5,measure,33,branch,filter_copy_mask,p500,65536,1,27746,11,11,32768,32768,1
71,clang-O3-v3,20260917,299,5,measure,34,dependency,sum_one_bis,uniform,65536,64,390509,11,11,1190735372877940864,1190735372877940864,1
71,clang-O3-v3,20260917,300,5,measure,35,branch,sum_if,p500_sorted,65536,1,9654,11,11,2213941836433581612,2213941836433581612,1
71,clang-O3-v3,20260917,301,5,measure,36,dependency,sum_four,uniform,65536,64,573125,11,11,1190735372877940864,1190735372877940864,1
71,clang-O3-v3,20260917,302,5,measure,37,small,sum_one,uniform,192,5461,83532,11,11,17901819518249685373,17901819518249685373,1
71,clang-O3-v3,20260917,303,5,measure,38,small,sum_one,uniform,16,65536,218180,11,11,1403062601089810432,1403062601089810432,1
71,clang-O3-v3,20260917,304,5,measure,39,branch,sum_if,p100,65536,1,9583,11,11,3083979731501324985,3083979731501324985,1
71,clang-O3-v3,20260917,305,5,measure,40,small,sum_one,uniform,32,32768,144544,11,11,4730905112462327808,4730905112462327808,1
71,clang-O3-v3,20260917,306,5,measure,41,branch,filter_copy_mask,p100,65536,1,27679,11,11,6554,6554,1
71,clang-O3-v3,20260917,307,5,measure,42,branch,sum_if,p500_alternating,65536,1,9905,11,11,4196774058536912234,4196774058536912234,1
71,clang-O3-v3,20260917,308,5,measure,43,dependency,chain_xor_mul,uniform,65536,64,6959920,11,11,5299772668389481216,5299772668389481216,1
71,clang-O3-v3,20260917,309,5,measure,44,branch,sum_if,p500,65536,1,12359,11,11,261284744287062128,261284744287062128,1
71,clang-O3-v3,20260917,310,5,measure,45,small,sum_one,uniform,512,2048,83567,11,11,6127788314265579520,6127788314265579520,1
71,clang-O3-v3,20260917,311,5,measure,46,branch,filter_copy_mask,p250,65536,1,28117,11,11,16384,16384,1
71,clang-O3-v3,20260917,312,5,measure,47,dependency,split_xor_mul,uniform,65536,64,1223386,11,11,8310383708453772032,8310383708453772032,1
71,clang-O3-v3,20260917,313,5,measure,48,branch,filter_copy,p250,65536,1,189285,11,11,16384,16384,1
71,clang-O3-v3,20260917,314,5,measure,49,small,sum_one,uniform,768,1365,75425,11,11,6760326044614544011,6760326044614544011,1
71,clang-O3-v3,20260917,315,5,measure,50,dependency,sum_one,uniform,65536,64,386630,11,11,1190735372877940864,1190735372877940864,1
71,clang-O3-v3,20260917,316,5,measure,51,small,sum_one,uniform,1,1048576,2952020,11,11,8452580083670974464,8452580083670974464,1
71,clang-O3-v3,20260917,317,5,measure,52,dependency,sum_twice,uniform,65536,64,778216,11,11,2381470745755881728,2381470745755881728,1
71,clang-O3-v3,20260917,318,6,measure,0,small,sum_one,uniform,512,2048,77458,11,11,6127788314265579520,6127788314265579520,1
71,clang-O3-v3,20260917,319,6,measure,1,branch,filter_copy,p000,65536,1,16659,11,11,0,0,1
71,clang-O3-v3,20260917,320,6,measure,2,small,sum_one,uniform,128,8192,89442,11,11,17503531059042279424,17503531059042279424,1
71,clang-O3-v3,20260917,321,6,measure,3,dependency,chain_xor_mul,uniform,65536,64,6743187,11,11,5299772668389481216,5299772668389481216,1
71,clang-O3-v3,20260917,322,6,measure,4,small,sum_one,uniform,48,21845,139010,11,11,18173204259618227916,18173204259618227916,1
71,clang-O3-v3,20260917,323,6,measure,5,branch,sum_if,p500,65536,1,9594,11,11,261284744287062128,261284744287062128,1
71,clang-O3-v3,20260917,324,6,measure,6,branch,filter_copy_mask,p750,65536,1,47183,11,11,49152,49152,1
71,clang-O3-v3,20260917,325,6,measure,7,branch,filter_copy,p100,65536,1,93947,11,11,6554,6554,1
71,clang-O3-v3,20260917,326,6,measure,8,branch,sum_if,p100,65536,1,9592,11,11,3083979731501324985,3083979731501324985,1
71,clang-O3-v3,20260917,327,6,measure,9,branch,filter_copy_mask,p000,65536,1,27138,11,11,0,0,1
71,clang-O3-v3,20260917,328,6,measure,10,branch,filter_copy,p500,65536,1,335173,11,11,32768,32768,1
71,clang-O3-v3,20260917,329,6,measure,11,branch,filter_copy_mask,p500_sorted,65536,1,26665,11,11,32768,32768,1
71,clang-O3-v3,20260917,330,6,measure,12,small,sum_one,uniform,1024,1024,81605,11,11,6113767114656410624,6113767114656410624,1
71,clang-O3-v3,20260917,331,6,measure,13,branch,sum_if,p250,65536,1,9575,11,11,75766260937212688,75766260937212688,1
71,clang-O3-v3,20260917,332,6,measure,14,small,sum_one,uniform,8,131072,525499,11,11,11724155215337095168,11724155215337095168,1
71,clang-O3-v3,20260917,333,6,measure,15,dependency,sum_twice,uniform,65536,64,773085,11,11,2381470745755881728,2381470745755881728,1
71,clang-O3-v3,20260917,334,6,measure,16,branch,sum_if,p000,65536,1,9600,11,11,0,0,1
71,clang-O3-v3,20260917,335,6,measure,17,small,sum_one,uniform,16,65536,210237,11,11,1403062601089810432,1403062601089810432,1
71,clang-O3-v3,20260917,336,6,measure,18,dependency,sum_four,uniform,65536,64,562228,11,11,1190735372877940864,1190735372877940864,1
71,clang-O3-v3,20260917,337,6,measure,19,branch,sum_if,p1000,65536,1,9583,11,11,4485739283943968327,4485739283943968327,1
71,clang-O3-v3,20260917,338,6,measure,20,small,sum_one,uniform,64,16384,109052,11,11,14815439244071927808,14815439244071927808,1
71,clang-O3-v3,20260917,339,6,measure,21,branch,sum_if,p500_alternating,65536,1,9725,11,11,4196774058536912234,4196774058536912234,1
71,clang-O3-v3,20260917,340,6,measure,22,branch,filter_copy_mask,p500_alternating,65536,1,28987,11,11,32768,32768,1
71,clang-O3-v3,20260917,341,6,measure,23,branch,sum_if,p750,65536,1,9576,11,11,14586442889165806448,14586442889165806448,1
71,clang-O3-v3,20260917,342,6,measure,24,branch,filter_copy_mask,p100,65536,1,27185,11,11,6554,6554,1
71,clang-O3-v3,20260917,343,6,measure,25,small,sum_one,uniform,256,4096,81103,11,11,12471836693395644416,12471836693395644416,1
71,clang-O3-v3,20260917,344,6,measure,26,small,sum_one,uniform,96,10922,95674,11,11,1966801938065649448,1966801938065649448,1
71,clang-O3-v3,20260917,345,6,measure,27,small,sum_one,uniform,192,5461,82821,11,11,17901819518249685373,17901819518249685373,1
71,clang-O3-v3,20260917,346,6,measure,28,dependency,split_xor_mul,uniform,65536,64,1311013,11,11,8310383708453772032,8310383708453772032,1
71,clang-O3-v3,20260917,347,6,measure,29,branch,filter_copy_mask,p1000,65536,1,45523,11,11,65536,65536,1
71,clang-O3-v3,20260917,348,6,measure,30,small,sum_one,uniform,1,1048576,2952690,11,11,8452580083670974464,8452580083670974464,1
71,clang-O3-v3,20260917,349,6,measure,31,branch,filter_copy,p500_alternating,65536,1,20446,11,11,32768,32768,1
71,clang-O3-v3,20260917,350,6,measure,32,branch,filter_copy,p500_sorted,65536,1,20231,11,11,32768,32768,1
71,clang-O3-v3,20260917,351,6,measure,33,branch,filter_copy,p900,65536,1,97903,11,11,58982,58982,1
71,clang-O3-v3,20260917,352,6,measure,34,small,sum_one,uniform,4,262144,961196,11,11,6027757896494481408,6027757896494481408,1
71,clang-O3-v3,20260917,353,6,measure,35,small,sum_one,uniform,384,2730,77913,11,11,5767785928059657782,5767785928059657782,1
71,clang-O3-v3,20260917,354,6,measure,36,small,sum_one,uniform,2,524288,2112564,11,11,14489530702789345280,14489530702789345280,1
71,clang-O3-v3,20260917,355,6,measure,37,branch,sum_if,p900,65536,1,10029,11,11,1957202038211152021,1957202038211152021,1
71,clang-O3-v3,20260917,356,6,measure,38,small,sum_one,uniform,3,349525,1825725,11,11,9690214761957071044,9690214761957071044,1
71,clang-O3-v3,20260917,357,6,measure,39,branch,filter_copy,p1000,65536,1,29347,11,11,65536,65536,1
71,clang-O3-v3,20260917,358,6,measure,40,dependency,sum_one_bis,uniform,65536,64,387399,11,11,1190735372877940864,1190735372877940864,1
71,clang-O3-v3,20260917,359,6,measure,41,small,sum_one,uniform,12,87381,485207,11,11,18208879310165819389,18208879310165819389,1
71,clang-O3-v3,20260917,360,6,measure,42,branch,sum_if,p500_sorted,65536,1,9594,11,11,2213941836433581612,2213941836433581612,1
71,clang-O3-v3,20260917,361,6,measure,43,small,sum_one,uniform,768,1365,76278,11,11,6760326044614544011,6760326044614544011,1
71,clang-O3-v3,20260917,362,6,measure,44,branch,filter_copy_mask,p250,65536,1,27386,11,11,16384,16384,1
71,clang-O3-v3,20260917,363,6,measure,45,dependency,sum_one,uniform,65536,64,388693,11,11,1190735372877940864,1190735372877940864,1
71,clang-O3-v3,20260917,364,6,measure,46,small,sum_one,uniform,32,32768,142180,11,11,4730905112462327808,4730905112462327808,1
71,clang-O3-v3,20260917,365,6,measure,47,branch,filter_copy_mask,p500,65536,1,29986,11,11,32768,32768,1
71,clang-O3-v3,20260917,366,6,measure,48,branch,filter_copy,p750,65536,1,205685,11,11,49152,49152,1
71,clang-O3-v3,20260917,367,6,measure,49,branch,filter_copy,p250,65536,1,194004,11,11,16384,16384,1
71,clang-O3-v3,20260917,368,6,measure,50,small,sum_one,uniform,6,174762,1010874,11,11,4529353940760067638,4529353940760067638,1
71,clang-O3-v3,20260917,369,6,measure,51,small,sum_one,uniform,24,43690,240300,11,11,5019437447312423050,5019437447312423050,1
71,clang-O3-v3,20260917,370,6,measure,52,branch,filter_copy_mask,p900,65536,1,38556,11,11,58982,58982,1
71,clang-O3-v3,20260917,371,7,measure,0,dependency,split_xor_mul,uniform,65536,64,1368684,11,11,8310383708453772032,8310383708453772032,1
71,clang-O3-v3,20260917,372,7,measure,1,small,sum_one,uniform,3,349525,1828105,11,11,9690214761957071044,9690214761957071044,1
71,clang-O3-v3,20260917,373,7,measure,2,branch,filter_copy_mask,p500_sorted,65536,1,29096,11,11,32768,32768,1
71,clang-O3-v3,20260917,374,7,measure,3,branch,filter_copy_mask,p000,65536,1,31561,11,11,0,0,1
71,clang-O3-v3,20260917,375,7,measure,4,branch,filter_copy,p250,65536,1,198606,11,11,16384,16384,1
71,clang-O3-v3,20260917,376,7,measure,5,branch,filter_copy_mask,p100,65536,1,28045,11,11,6554,6554,1
71,clang-O3-v3,20260917,377,7,measure,6,small,sum_one,uniform,384,2730,78726,11,11,5767785928059657782,5767785928059657782,1
71,clang-O3-v3,20260917,378,7,measure,7,branch,sum_if,p900,65536,1,11081,11,11,1957202038211152021,1957202038211152021,1
71,clang-O3-v3,20260917,379,7,measure,8,branch,sum_if,p500_sorted,65536,1,10310,11,11,2213941836433581612,2213941836433581612,1
71,clang-O3-v3,20260917,380,7,measure,9,small,sum_one,uniform,32,32768,144642,11,11,4730905112462327808,4730905112462327808,1
71,clang-O3-v3,20260917,381,7,measure,10,branch,filter_copy,p500_sorted,65536,1,22934,11,11,32768,32768,1
71,clang-O3-v3,20260917,382,7,measure,11,small,sum_one,uniform,24,43690,200625,11,11,5019437447312423050,5019437447312423050,1
71,clang-O3-v3,20260917,383,7,measure,12,dependency,sum_four,uniform,65536,64,571393,11,11,1190735372877940864,1190735372877940864,1
71,clang-O3-v3,20260917,384,7,measure,13,branch,filter_copy,p1000,65536,1,54022,11,11,65536,65536,1
71,clang-O3-v3,20260917,385,7,measure,14,branch,filter_copy_mask,p750,65536,1,32617,11,11,49152,49152,1
71,clang-O3-v3,20260917,386,7,measure,15,branch,filter_copy,p100,65536,1,92790,11,11,6554,6554,1
71,clang-O3-v3,20260917,387,7,measure,16,small,sum_one,uniform,64,16384,238309,11,11,14815439244071927808,14815439244071927808,1
71,clang-O3-v3,20260917,388,7,measure,17,branch,filter_copy_mask,p500,65536,1,27915,11,11,32768,32768,1
71,clang-O3-v3,20260917,389,7,measure,18,branch,filter_copy_mask,p500_alternating,65536,1,29077,11,11,32768,32768,1
71,clang-O3-v3,20260917,390,7,measure,19,small,sum_one,uniform,2,524288,2459082,11,11,14489530702789345280,14489530702789345280,1
71,clang-O3-v3,20260917,391,7,measure,20,branch,sum_if,p250,65536,1,12860,11,11,75766260937212688,75766260937212688,1
71,clang-O3-v3,20260917,392,7,measure,21,dependency,sum_one_bis,uniform,65536,64,455361,11,11,1190735372877940864,1190735372877940864,1
71,clang-O3-v3,20260917,393,7,measure,22,small,sum_one,uniform,1,1048576,2952018,11,11,8452580083670974464,8452580083670974464,1
71,clang-O3-v3,20260917,394,7,measure,23,branch,sum_if,p000,65536,1,10034,11,11,0,0,1
71,clang-O3-v3,20260917,395,7,measure,24,dependency,sum_twice,uniform,65536,64,777470,11,11,2381470745755881728,2381470745755881728,1
71,clang-O3-v3,20260917,396,7,measure,25,branch,filter_copy,p500_alternating,65536,1,26603,11,11,32768,32768,1
71,clang-O3-v3,20260917,397,7,measure,26,branch,filter_copy_mask,p250,65536,1,27200,11,11,16384,16384,1
71,clang-O3-v3,20260917,398,7,measure,27,small,sum_one,uniform,4,262144,949655,11,11,6027757896494481408,6027757896494481408,1
71,clang-O3-v3,20260917,399,7,measure,28,branch,filter_copy,p500,65536,1,340395,11,11,32768,32768,1
71,clang-O3-v3,20260917,400,7,measure,29,branch,filter_copy,p900,65536,1,99515,11,11,58982,58982,1
71,clang-O3-v3,20260917,401,7,measure,30,branch,filter_copy_mask,p900,65536,1,26587,11,11,58982,58982,1
71,clang-O3-v3,20260917,402,7,measure,31,small,sum_one,uniform,96,10922,100784,11,11,1966801938065649448,1966801938065649448,1
71,clang-O3-v3,20260917,403,7,measure,32,branch,filter_copy,p750,65536,1,190905,11,11,49152,49152,1
71,clang-O3-v3,20260917,404,7,measure,33,small,sum_one,uniform,128,8192,90137,11,11,17503531059042279424,17503531059042279424,1
71,clang-O3-v3,20260917,405,7,measure,34,branch,filter_copy_mask,p1000,65536,1,32774,11,11,65536,65536,1
71,clang-O3-v3,20260917,406,7,measure,35,branch,sum_if,p1000,65536,1,10041,11,11,4485739283943968327,4485739283943968327,1
71,clang-O3-v3,20260917,407,7,measure,36,small,sum_one,uniform,48,21845,120499,11,11,18173204259618227916,18173204259618227916,1
71,clang-O3-v3,20260917,408,7,measure,37,dependency,chain_xor_mul,uniform,65536,64,6752325,11,11,5299772668389481216,5299772668389481216,1
71,clang-O3-v3,20260917,409,7,measure,38,branch,sum_if,p500_alternating,65536,1,9899,11,11,4196774058536912234,4196774058536912234,1
71,clang-O3-v3,20260917,410,7,measure,39,branch,filter_copy,p000,65536,1,16867,11,11,0,0,1
71,clang-O3-v3,20260917,411,7,measure,40,branch,sum_if,p100,65536,1,9616,11,11,3083979731501324985,3083979731501324985,1
71,clang-O3-v3,20260917,412,7,measure,41,small,sum_one,uniform,6,174762,986033,11,11,4529353940760067638,4529353940760067638,1
71,clang-O3-v3,20260917,413,7,measure,42,small,sum_one,uniform,1024,1024,80968,11,11,6113767114656410624,6113767114656410624,1
71,clang-O3-v3,20260917,414,7,measure,43,small,sum_one,uniform,256,4096,79350,11,11,12471836693395644416,12471836693395644416,1
71,clang-O3-v3,20260917,415,7,measure,44,small,sum_one,uniform,12,87381,455424,11,11,18208879310165819389,18208879310165819389,1
71,clang-O3-v3,20260917,416,7,measure,45,branch,sum_if,p500,65536,1,9559,11,11,261284744287062128,261284744287062128,1
71,clang-O3-v3,20260917,417,7,measure,46,branch,sum_if,p750,65536,1,9553,11,11,14586442889165806448,14586442889165806448,1
71,clang-O3-v3,20260917,418,7,measure,47,small,sum_one,uniform,192,5461,83042,11,11,17901819518249685373,17901819518249685373,1
71,clang-O3-v3,20260917,419,7,measure,48,dependency,sum_one,uniform,65536,64,389881,11,11,1190735372877940864,1190735372877940864,1
71,clang-O3-v3,20260917,420,7,measure,49,small,sum_one,uniform,768,1365,75488,11,11,6760326044614544011,6760326044614544011,1
71,clang-O3-v3,20260917,421,7,measure,50,small,sum_one,uniform,8,131072,525564,11,11,11724155215337095168,11724155215337095168,1
71,clang-O3-v3,20260917,422,7,measure,51,small,sum_one,uniform,512,2048,74413,11,11,6127788314265579520,6127788314265579520,1
71,clang-O3-v3,20260917,423,7,measure,52,small,sum_one,uniform,16,65536,217374,11,11,1403062601089810432,1403062601089810432,1
71,clang-O3-v3,20260917,424,8,measure,0,branch,filter_copy_mask,p500_alternating,65536,1,30094,11,11,32768,32768,1
71,clang-O3-v3,20260917,425,8,measure,1,branch,filter_copy_mask,p250,65536,1,27700,11,11,16384,16384,1
71,clang-O3-v3,20260917,426,8,measure,2,small,sum_one,uniform,768,1365,82963,11,11,6760326044614544011,6760326044614544011,1
71,clang-O3-v3,20260917,427,8,measure,3,branch,sum_if,p000,65536,1,9590,11,11,0,0,1
71,clang-O3-v3,20260917,428,8,measure,4,small,sum_one,uniform,48,21845,131402,11,11,18173204259618227916,18173204259618227916,1
71,clang-O3-v3,20260917,429,8,measure,5,dependency,sum_twice,uniform,65536,64,778089,11,11,2381470745755881728,2381470745755881728,1
71,clang-O3-v3,20260917,430,8,measure,6,branch,filter_copy_mask,p900,65536,1,34814,11,11,58982,58982,1
71,clang-O3-v3,20260917,431,8,measure,7,branch,filter_copy,p500_alternating,65536,1,20243,11,11,32768,32768,1
71,clang-O3-v3,20260917,432,8,measure,8,small,sum_one,uniform,12,87381,455467,11,11,18208879310165819389,18208879310165819389,1
71,clang-O3-v3,20260917,433,8,measure,9,branch,sum_if,p500,65536,1,10026,11,11,261284744287062128,261284744287062128,1
71,clang-O3-v3,20260917,434,8,measure,10,branch,filter_copy_mask,p100,65536,1,27626,11,11,6554,6554,1
71,clang-O3-v3,20260917,435,8,measure,11,small,sum_one,uniform,1,1048576,3061696,11,11,8452580083670974464,8452580083670974464,1
71,clang-O3-v3,20260917,436,8,measure,12,branch,filter_copy_mask,p750,65536,1,34618,11,11,49152,49152,1
71,clang-O3-v3,20260917,437,8,measure,13,branch,sum_if,p900,65536,1,12206,11,11,1957202038211152021,1957202038211152021,1
71,clang-O3-v3,20260917,438,8,measure,14,small,sum_one,uniform,512,2048,78921,11,11,6127788314265579520,6127788314265579520,1
71,clang-O3-v3,20260917,439,8,measure,15,branch,filter_copy,p250,65536,1,194102,11,11,16384,16384,1
71,clang-O3-v3,20260917,440,8,measure,16,branch,filter_copy,p900,65536,1,113878,11,11,58982,58982,1
71,clang-O3-v3,20260917,441,8,measure,17,branch,sum_if,p250,65536,1,12010,11,11,75766260937212688,75766260937212688,1
71,clang-O3-v3,20260917,442,8,measure,18,small,sum_one,uniform,192,5461,83041,11,11,17901819518249685373,17901819518249685373,1
71,clang-O3-v3,20260917,443,8,measure,19,dependency,chain_xor_mul,uniform,65536,64,6821192,11,11,5299772668389481216,5299772668389481216,1
71,clang-O3-v3,20260917,444,8,measure,20,branch,sum_if,p100,65536,1,12707,11,11,3083979731501324985,3083979731501324985,1
71,clang-O3-v3,20260917,445,8,measure,21,branch,sum_if,p500_alternating,65536,1,9936,11,11,4196774058536912234,4196774058536912234,1
71,clang-O3-v3,20260917,446,8,measure,22,small,sum_one,uniform,64,16384,114976,11,11,14815439244071927808,14815439244071927808,1
71,clang-O3-v3,20260917,447,8,measure,23,small,sum_one,uniform,6,174762,1045738,11,11,4529353940760067638,4529353940760067638,1
71,clang-O3-v3,20260917,448,8,measure,24,branch,filter_copy_mask,p500,65536,1,28099,11,11,32768,32768,1
71,clang-O3-v3,20260917,449,8,measure,25,small,sum_one,uniform,256,4096,79580,11,11,12471836693395644416,12471836693395644416,1
71,clang-O3-v3,20260917,450,8,measure,26,branch,filter_copy,p1000,65536,1,31996,11,11,65536,65536,1
71,clang-O3-v3,20260917,451,8,measure,27,branch,filter_copy_mask,p500_sorted,65536,1,26946,11,11,32768,32768,1
71,clang-O3-v3,20260917,452,8,measure,28,branch,filter_copy,p000,65536,1,16572,11,11,0,0,1
71,clang-O3-v3,20260917,453,8,measure,29,small,sum_one,uniform,4,262144,880079,11,11,6027757896494481408,6027757896494481408,1
71,clang-O3-v3,20260917,454,8,measure,30,branch,filter_copy,p500_sorted,65536,1,19733,11,11,32768,32768,1
71,clang-O3-v3,20260917,455,8,measure,31,dependency,sum_one,uniform,65536,64,386806,11,11,1190735372877940864,1190735372877940864,1
71,clang-O3-v3,20260917,456,8,measure,32,small,sum_one,uniform,1024,1024,81068,11,11,6113767114656410624,6113767114656410624,1
71,clang-O3-v3,20260917,457,8,measure,33,branch,filter_copy,p750,65536,1,194769,11,11,49152,49152,1
71,clang-O3-v3,20260917,458,8,measure,34,branch,filter_copy,p500,65536,1,340063,11,11,32768,32768,1
71,clang-O3-v3,20260917,459,8,measure,35,branch,filter_copy_mask,p000,65536,1,27138,11,11,0,0,1
71,clang-O3-v3,20260917,460,8,measure,36,small,sum_one,uniform,24,43690,193090,11,11,5019437447312423050,5019437447312423050,1
71,clang-O3-v3,20260917,461,8,measure,37,small,sum_one,uniform,32,32768,142349,11,11,4730905112462327808,4730905112462327808,1
71,clang-O3-v3,20260917,462,8,measure,38,dependency,sum_four,uniform,65536,64,575265,11,11,1190735372877940864,1190735372877940864,1
71,clang-O3-v3,20260917,463,8,measure,39,branch,filter_copy_mask,p1000,65536,1,28074,11,11,65536,65536,1
71,clang-O3-v3,20260917,464,8,measure,40,dependency,sum_one_bis,uniform,65536,64,388792,11,11,1190735372877940864,1190735372877940864,1
71,clang-O3-v3,20260917,465,8,measure,41,small,sum_one,uniform,96,10922,94731,11,11,1966801938065649448,1966801938065649448,1
71,clang-O3-v3,20260917,466,8,measure,42,small,sum_one,uniform,128,8192,88940,11,11,17503531059042279424,17503531059042279424,1
71,clang-O3-v3,20260917,467,8,measure,43,branch,sum_if,p1000,65536,1,9789,11,11,4485739283943968327,4485739283943968327,1
71,clang-O3-v3,20260917,468,8,measure,44,dependency,split_xor_mul,uniform,65536,64,1292527,11,11,8310383708453772032,8310383708453772032,1
71,clang-O3-v3,20260917,469,8,measure,45,small,sum_one,uniform,384,2730,68187,11,11,5767785928059657782,5767785928059657782,1
71,clang-O3-v3,20260917,470,8,measure,46,branch,filter_copy,p100,65536,1,92574,11,11,6554,6554,1
71,clang-O3-v3,20260917,471,8,measure,47,small,sum_one,uniform,2,524288,2108910,11,11,14489530702789345280,14489530702789345280,1
71,clang-O3-v3,20260917,472,8,measure,48,branch,sum_if,p750,65536,1,9648,11,11,14586442889165806448,14586442889165806448,1
71,clang-O3-v3,20260917,473,8,measure,49,small,sum_one,uniform,16,65536,213664,11,11,1403062601089810432,1403062601089810432,1
71,clang-O3-v3,20260917,474,8,measure,50,branch,sum_if,p500_sorted,65536,1,9569,11,11,2213941836433581612,2213941836433581612,1
71,clang-O3-v3,20260917,475,8,measure,51,small,sum_one,uniform,3,349525,1706196,11,11,9690214761957071044,9690214761957071044,1
71,clang-O3-v3,20260917,476,8,measure,52,small,sum_one,uniform,8,131072,505400,11,11,11724155215337095168,11724155215337095168,1
71,clang-O3-v3,20260917,477,9,measure,0,branch,filter_copy,p000,65536,1,16554,11,11,0,0,1
71,clang-O3-v3,20260917,478,9,measure,1,dependency,sum_one_bis,uniform,65536,64,392141,11,11,1190735372877940864,1190735372877940864,1
71,clang-O3-v3,20260917,479,9,measure,2,dependency,sum_one,uniform,65536,64,387486,11,11,1190735372877940864,1190735372877940864,1
71,clang-O3-v3,20260917,480,9,measure,3,dependency,chain_xor_mul,uniform,65536,64,6754381,11,11,5299772668389481216,5299772668389481216,1
71,clang-O3-v3,20260917,481,9,measure,4,branch,sum_if,p100,65536,1,10092,11,11,3083979731501324985,3083979731501324985,1
71,clang-O3-v3,20260917,482,9,measure,5,small,sum_one,uniform,12,87381,478404,11,11,18208879310165819389,18208879310165819389,1
71,clang-O3-v3,20260917,483,9,measure,6,branch,sum_if,p500_alternating,65536,1,9630,11,11,4196774058536912234,4196774058536912234,1
71,clang-O3-v3,20260917,484,9,measure,7,branch,filter_copy_mask,p750,65536,1,29938,11,11,49152,49152,1
71,clang-O3-v3,20260917,485,9,measure,8,branch,sum_if,p750,65536,1,12035,11,11,14586442889165806448,14586442889165806448,1
71,clang-O3-v3,20260917,486,9,measure,9,branch,filter_copy,p750,65536,1,196999,11,11,49152,49152,1
71,clang-O3-v3,20260917,487,9,measure,10,branch,sum_if,p250,65536,1,12199,11,11,75766260937212688,75766260937212688,1
71,clang-O3-v3,20260917,488,9,measure,11,small,sum_one,uniform,2,524288,2170207,11,11,14489530702789345280,14489530702789345280,1
71,clang-O3-v3,20260917,489,9,measure,12,branch,filter_copy_mask,p000,65536,1,32005,11,11,0,0,1
71,clang-O3-v3,20260917,490,9,measure,13,branch,filter_copy,p900,65536,1,99659,11,11,58982,58982,1
71,clang-O3-v3,20260917,491,9,measure,14,small,sum_one,uniform,384,2730,78404,11,11,5767785928059657782,5767785928059657782,1
71,clang-O3-v3,20260917,492,9,measure,15,branch,filter_copy_mask,p1000,65536,1,30678,11,11,65536,65536,1
71,clang-O3-v3,20260917,493,9,measure,16,small,sum_one,uniform,1024,1024,81389,11,11,6113767114656410624,6113767114656410624,1
71,clang-O3-v3,20260917,494,9,measure,17,branch,sum_if,p500_sorted,65536,1,9603,11,11,2213941836433581612,2213941836433581612,1
71,clang-O3-v3,20260917,495,9,measure,18,small,sum_one,uniform,8,131072,472881,11,11,11724155215337095168,11724155215337095168,1
71,clang-O3-v3,20260917,496,9,measure,19,small,sum_one,uniform,1,1048576,3014827,11,11,8452580083670974464,8452580083670974464,1
71,clang-O3-v3,20260917,497,9,measure,20,small,sum_one,uniform,6,174762,914090,11,11,4529353940760067638,4529353940760067638,1
71,clang-O3-v3,20260917,498,9,measure,21,branch,filter_copy_mask,p500_sorted,65536,1,26798,11,11,32768,32768,1
71,clang-O3-v3,20260917,499,9,measure,22,small,sum_one,uniform,4,262144,841273,11,11,6027757896494481408,6027757896494481408,1
71,clang-O3-v3,20260917,500,9,measure,23,branch,sum_if,p900,65536,1,9602,11,11,1957202038211152021,1957202038211152021,1
71,clang-O3-v3,20260917,501,9,measure,24,branch,sum_if,p000,65536,1,9538,11,11,0,0,1
71,clang-O3-v3,20260917,502,9,measure,25,branch,filter_copy,p500_alternating,65536,1,20250,11,11,32768,32768,1
71,clang-O3-v3,20260917,503,9,measure,26,branch,filter_copy_mask,p900,65536,1,33127,11,11,58982,58982,1
71,clang-O3-v3,20260917,504,9,measure,27,branch,filter_copy_mask,p250,65536,1,28985,11,11,16384,16384,1
71,clang-O3-v3,20260917,505,9,measure,28,small,sum_one,uniform,96,10922,98079,11,11,1966801938065649448,1966801938065649448,1
71,clang-O3-v3,20260917,506,9,measure,29,small,sum_one,uniform,24,43690,197266,11,11,5019437447312423050,5019437447312423050,1
71,clang-O3-v3,20260917,507,9,measure,30,branch,sum_if,p500,65536,1,9849,11,11,261284744287062128,261284744287062128,1
71,clang-O3-v3,20260917,508,9,measure,31,branch,filter_copy,p250,65536,1,196172,11,11,16384,16384,1
71,clang-O3-v3,20260917,509,9,measure,32,dependency,split_xor_mul,uniform,65536,64,1283641,11,11,8310383708453772032,8310383708453772032,1
71,clang-O3-v3,20260917,510,9,measure,33,small,sum_one,uniform,512,2048,80947,11,11,6127788314265579520,6127788314265579520,1
71,clang-O3-v3,20260917,511,9,measure,34,small,sum_one,uniform,64,16384,98570,11,11,14815439244071927808,14815439244071927808,1
71,clang-O3-v3,20260917,512,9,measure,35,small,sum_one,uniform,32,32768,134279,11,11,4730905112462327808,4730905112462327808,1
71,clang-O3-v3,20260917,513,9,measure,36,small,sum_one,uniform,16,65536,210335,11,11,1403062601089810432,1403062601089810432,1
71,clang-O3-v3,20260917,514,9,measure,37,small,sum_one,uniform,192,5461,74006,11,11,17901819518249685373,17901819518249685373,1
71,clang-O3-v3,20260917,515,9,measure,38,branch,filter_copy_mask,p100,65536,1,27911,11,11,6554,6554,1
71,clang-O3-v3,20260917,516,9,measure,39,branch,filter_copy,p1000,65536,1,29969,11,11,65536,65536,1
71,clang-O3-v3,20260917,517,9,measure,40,branch,filter_copy,p500,65536,1,341402,11,11,32768,32768,1
71,clang-O3-v3,20260917,518,9,measure,41,branch,filter_copy_mask,p500_alternating,65536,1,28737,11,11,32768,32768,1
71,clang-O3-v3,20260917,519,9,measure,42,dependency,sum_twice,uniform,65536,64,786708,11,11,2381470745755881728,2381470745755881728,1
71,clang-O3-v3,20260917,520,9,measure,43,dependency,sum_four,uniform,65536,64,571487,11,11,1190735372877940864,1190735372877940864,1
71,clang-O3-v3,20260917,521,9,measure,44,branch,filter_copy,p500_sorted,65536,1,20383,11,11,32768,32768,1
71,clang-O3-v3,20260917,522,9,measure,45,small,sum_one,uniform,3,349525,1812186,11,11,9690214761957071044,9690214761957071044,1
71,clang-O3-v3,20260917,523,9,measure,46,branch,filter_copy,p100,65536,1,92130,11,11,6554,6554,1
71,clang-O3-v3,20260917,524,9,measure,47,small,sum_one,uniform,48,21845,120322,11,11,18173204259618227916,18173204259618227916,1
71,clang-O3-v3,20260917,525,9,measure,48,branch,filter_copy_mask,p500,65536,1,27935,11,11,32768,32768,1
71,clang-O3-v3,20260917,526,9,measure,49,small,sum_one,uniform,768,1365,78438,11,11,6760326044614544011,6760326044614544011,1
71,clang-O3-v3,20260917,527,9,measure,50,small,sum_one,uniform,128,8192,89742,11,11,17503531059042279424,17503531059042279424,1
71,clang-O3-v3,20260917,528,9,measure,51,branch,sum_if,p1000,65536,1,10013,11,11,4485739283943968327,4485739283943968327,1
71,clang-O3-v3,20260917,529,9,measure,52,small,sum_one,uniform,256,4096,80990,11,11,12471836693395644416,12471836693395644416,1
71,clang-O3-v3,20260917,530,10,measure,0,branch,filter_copy,p900,65536,1,98715,11,11,58982,58982,1
71,clang-O3-v3,20260917,531,10,measure,1,small,sum_one,uniform,24,43690,192947,11,11,5019437447312423050,5019437447312423050,1
71,clang-O3-v3,20260917,532,10,measure,2,branch,sum_if,p750,65536,1,9622,11,11,14586442889165806448,14586442889165806448,1
71,clang-O3-v3,20260917,533,10,measure,3,branch,filter_copy_mask,p500_alternating,65536,1,28588,11,11,32768,32768,1
71,clang-O3-v3,20260917,534,10,measure,4,branch,filter_copy_mask,p000,65536,1,27073,11,11,0,0,1
71,clang-O3-v3,20260917,535,10,measure,5,branch,sum_if,p100,65536,1,9572,11,11,3083979731501324985,3083979731501324985,1
71,clang-O3-v3,20260917,536,10,measure,6,small,sum_one,uniform,192,5461,83143,11,11,17901819518249685373,17901819518249685373,1
71,clang-O3-v3,20260917,537,10,measure,7,branch,sum_if,p500_sorted,65536,1,9596,11,11,2213941836433581612,2213941836433581612,1
71,clang-O3-v3,20260917,538,10,measure,8,small,sum_one,uniform,3,349525,1685988,11,11,9690214761957071044,9690214761957071044,1
71,clang-O3-v3,20260917,539,10,measure,9,small,sum_one,uniform,32,32768,144908,11,11,4730905112462327808,4730905112462327808,1
71,clang-O3-v3,20260917,540,10,measure,10,branch,filter_copy_mask,p500_sorted,65536,1,27012,11,11,32768,32768,1
71,clang-O3-v3,20260917,541,10,measure,11,branch,filter_copy,p250,65536,1,191051,11,11,16384,16384,1
71,clang-O3-v3,20260917,542,10,measure,12,branch,sum_if,p500,65536,1,9584,11,11,261284744287062128,261284744287062128,1
71,clang-O3-v3,20260917,543,10,measure,13,branch,sum_if,p1000,65536,1,9588,11,11,4485739283943968327,4485739283943968327,1
71,clang-O3-v3,20260917,544,10,measure,14,branch,filter_copy_mask,p500,65536,1,27603,11,11,32768,32768,1
71,clang-O3-v3,20260917,545,10,measure,15,dependency,sum_four,uniform,65536,64,562174,11,11,1190735372877940864,1190735372877940864,1
71,clang-O3-v3,20260917,546,10,measure,16,small,sum_one,uniform,1024,1024,85112,11,11,6113767114656410624,6113767114656410624,1
71,clang-O3-v3,20260917,547,10,measure,17,small,sum_one,uniform,16,65536,210226,11,11,1403062601089810432,1403062601089810432,1
71,clang-O3-v3,20260917,548,10,measure,18,small,sum_one,uniform,4,262144,949254,11,11,6027757896494481408,6027757896494481408,1
71,clang-O3-v3,20260917,549,10,measure,19,dependency,split_xor_mul,uniform,65536,64,1301590,11,11,8310383708453772032,8310383708453772032,1
71,clang-O3-v3,20260917,550,10,measure,20,small,sum_one,uniform,6,174762,943471,11,11,4529353940760067638,4529353940760067638,1
71,clang-O3-v3,20260917,551,10,measure,21,branch,filter_copy,p100,65536,1,92021,11,11,6554,6554,1
71,clang-O3-v3,20260917,552,10,measure,22,small,sum_one,uniform,2,524288,2108762,11,11,14489530702789345280,14489530702789345280,1
71,clang-O3-v3,20260917,553,10,measure,23,small,sum_one,uniform,12,87381,422634,11,11,18208879310165819389,18208879310165819389,1
71,clang-O3-v3,20260917,554,10,measure,24,branch,filter_copy_mask,p750,65536,1,34367,11,11,49152,49152,1
71,clang-O3-v3,20260917,555,10,measure,25,branch,sum_if,p900,65536,1,10130,11,11,1957202038211152021,1957202038211152021,1
71,clang-O3-v3,20260917,556,10,measure,26,branch,filter_copy,p500_sorted,65536,1,20432,11,11,32768,32768,1
71,clang-O3-v3,20260917,557,10,measure,27,branch,filter_copy_mask,p250,65536,1,27380,11,11,16384,16384,1
71,clang-O3-v3,20260917,558,10,measure,28,branch,sum_if,p000,65536,1,12447,11,11,0,0,1
71,clang-O3-v3,20260917,559,10,measure,29,dependency,sum_one,uniform,65536,64,392142,11,11,1190735372877940864,1190735372877940864,1
71,clang-O3-v3,20260917,560,10,measure,30,branch,filter_copy,p500_alternating,65536,1,20029,11,11,32768,32768,1
71,clang-O3-v3,20260917,561,10,measure,31,branch,filter_copy_mask,p100,65536,1,27713,11,11,6554,6554,1
71,clang-O3-v3,20260917,562,10,measure,32,branch,filter_copy,p000,65536,1,16578,11,11,0,0,1
71,clang-O3-v3,20260917,563,10,measure,33,branch,filter_copy,p750,65536,1,195899,11,11,49152,49152,1
71,clang-O3-v3,20260917,564,10,measure,34,small,sum_one,uniform,96,10922,95927,11,11,1966801938065649448,1966801938065649448,1
71,clang-O3-v3,20260917,565,10,measure,35,small,sum_one,uniform,1,1048576,3020560,11,11,8452580083670974464,8452580083670974464,1
71,clang-O3-v3,20260917,566,10,measure,36,small,sum_one,uniform,8,131072,528684,11,11,11724155215337095168,11724155215337095168,1
71,clang-O3-v3,20260917,567,10,measure,37,small,sum_one,uniform,768,1365,75679,11,11,6760326044614544011,6760326044614544011,1
71,clang-O3-v3,20260917,568,10,measure,38,small,sum_one,uniform,48,21845,131406,11,11,18173204259618227916,18173204259618227916,1
71,clang-O3-v3,20260917,569,10,measure,39,dependency,chain_xor_mul,uniform,65536,64,6975645,11,11,5299772668389481216,5299772668389481216,1
71,clang-O3-v3,20260917,570,10,measure,40,small,sum_one,uniform,256,4096,103173,11,11,12471836693395644416,12471836693395644416,1
71,clang-O3-v3,20260917,571,10,measure,41,dependency,sum_twice,uniform,65536,64,893721,11,11,2381470745755881728,2381470745755881728,1
71,clang-O3-v3,20260917,572,10,measure,42,dependency,sum_one_bis,uniform,65536,64,386623,11,11,1190735372877940864,1190735372877940864,1
71,clang-O3-v3,20260917,573,10,measure,43,small,sum_one,uniform,128,8192,89994,11,11,17503531059042279424,17503531059042279424,1
71,clang-O3-v3,20260917,574,10,measure,44,small,sum_one,uniform,64,16384,109283,11,11,14815439244071927808,14815439244071927808,1
71,clang-O3-v3,20260917,575,10,measure,45,branch,sum_if,p250,65536,1,10094,11,11,75766260937212688,75766260937212688,1
71,clang-O3-v3,20260917,576,10,measure,46,branch,filter_copy_mask,p900,65536,1,35094,11,11,58982,58982,1
71,clang-O3-v3,20260917,577,10,measure,47,small,sum_one,uniform,384,2730,77860,11,11,5767785928059657782,5767785928059657782,1
71,clang-O3-v3,20260917,578,10,measure,48,branch,sum_if,p500_alternating,65536,1,9882,11,11,4196774058536912234,4196774058536912234,1
71,clang-O3-v3,20260917,579,10,measure,49,branch,filter_copy_mask,p1000,65536,1,32256,11,11,65536,65536,1
71,clang-O3-v3,20260917,580,10,measure,50,small,sum_one,uniform,512,2048,96269,11,11,6127788314265579520,6127788314265579520,1
71,clang-O3-v3,20260917,581,10,measure,51,branch,filter_copy,p1000,65536,1,23398,11,11,65536,65536,1
71,clang-O3-v3,20260917,582,10,measure,52,branch,filter_copy,p500,65536,1,355419,11,11,32768,32768,1
71,clang-O3-v3,20260917,583,11,measure,0,small,sum_one,uniform,2,524288,2171474,11,11,14489530702789345280,14489530702789345280,1
71,clang-O3-v3,20260917,584,11,measure,1,dependency,sum_one_bis,uniform,65536,64,394444,11,11,1190735372877940864,1190735372877940864,1
71,clang-O3-v3,20260917,585,11,measure,2,dependency,sum_twice,uniform,65536,64,773601,11,11,2381470745755881728,2381470745755881728,1
71,clang-O3-v3,20260917,586,11,measure,3,branch,sum_if,p000,65536,1,9617,11,11,0,0,1
71,clang-O3-v3,20260917,587,11,measure,4,branch,filter_copy_mask,p750,65536,1,27307,11,11,49152,49152,1
71,clang-O3-v3,20260917,588,11,measure,5,branch,filter_copy,p500_sorted,65536,1,19616,11,11,32768,32768,1
71,clang-O3-v3,20260917,589,11,measure,6,branch,sum_if,p500_sorted,65536,1,9564,11,11,2213941836433581612,2213941836433581612,1
71,clang-O3-v3,20260917,590,11,measure,7,branch,filter_copy,p1000,65536,1,24336,11,11,65536,65536,1
71,clang-O3-v3,20260917,591,11,measure,8,branch,filter_copy,p500,65536,1,352983,11,11,32768,32768,1
71,clang-O3-v3,20260917,592,11,measure,9,branch,sum_if,p750,65536,1,12022,11,11,14586442889165806448,14586442889165806448,1
71,clang-O3-v3,20260917,593,11,measure,10,branch,sum_if,p900,65536,1,9551,11,11,1957202038211152021,1957202038211152021,1
71,clang-O3-v3,20260917,594,11,measure,11,dependency,chain_xor_mul,uniform,65536,64,6847460,11,11,5299772668389481216,5299772668389481216,1
71,clang-O3-v3,20260917,595,11,measure,12,branch,filter_copy,p900,65536,1,101357,11,11,58982,58982,1
71,clang-O3-v3,20260917,596,11,measure,13,branch,filter_copy,p000,65536,1,16684,11,11,0,0,1
71,clang-O3-v3,20260917,597,11,measure,14,small,sum_one,uniform,128,8192,91579,11,11,17503531059042279424,17503531059042279424,1
71,clang-O3-v3,20260917,598,11,measure,15,small,sum_one,uniform,1,1048576,2987969,11,11,8452580083670974464,8452580083670974464,1
71,clang-O3-v3,20260917,599,11,measure,16,small,sum_one,uniform,32,32768,144522,11,11,4730905112462327808,4730905112462327808,1
71,clang-O3-v3,20260917,600,11,measure,17,branch,sum_if,p1000,65536,1,9591,11,11,4485739283943968327,4485739283943968327,1
71,clang-O3-v3,20260917,601,11,measure,18,branch,filter_copy,p100,65536,1,93884,11,11,6554,6554,1
71,clang-O3-v3,20260917,602,11,measure,19,branch,filter_copy_mask,p900,65536,1,27878,11,11,58982,58982,1
71,clang-O3-v3,20260917,603,11,measure,20,small,sum_one,uniform,1024,1024,88160,11,11,6113767114656410624,6113767114656410624,1
71,clang-O3-v3,20260917,604,11,measure,21,branch,filter_copy,p750,65536,1,193490,11,11,49152,49152,1
71,clang-O3-v3,20260917,605,11,measure,22,branch,filter_copy_mask,p500,65536,1,28778,11,11,32768,32768,1
71,clang-O3-v3,20260917,606,11,measure,23,small,sum_one,uniform,512,2048,76731,11,11,6127788314265579520,6127788314265579520,1
71,clang-O3-v3,20260917,607,11,measure,24,branch,filter_copy_mask,p500_alternating,65536,1,28680,11,11,32768,32768,1
71,clang-O3-v3,20260917,608,11,measure,25,small,sum_one,uniform,384,2730,76792,11,11,5767785928059657782,5767785928059657782,1
71,clang-O3-v3,20260917,609,11,measure,26,small,sum_one,uniform,64,16384,111958,11,11,14815439244071927808,14815439244071927808,1
71,clang-O3-v3,20260917,610,11,measure,27,small,sum_one,uniform,12,87381,456195,11,11,18208879310165819389,18208879310165819389,1
71,clang-O3-v3,20260917,611,11,measure,28,branch,filter_copy_mask,p000,65536,1,27038,11,11,0,0,1
71,clang-O3-v3,20260917,612,11,measure,29,small,sum_one,uniform,192,5461,88494,11,11,17901819518249685373,17901819518249685373,1
71,clang-O3-v3,20260917,613,11,measure,30,branch,filter_copy,p250,65536,1,193384,11,11,16384,16384,1
71,clang-O3-v3,20260917,614,11,measure,31,branch,sum_if,p250,65536,1,12060,11,11,75766260937212688,75766260937212688,1
71,clang-O3-v3,20260917,615,11,measure,32,small,sum_one,uniform,4,262144,923367,11,11,6027757896494481408,6027757896494481408,1
71,clang-O3-v3,20260917,616,11,measure,33,small,sum_one,uniform,8,131072,485226,11,11,11724155215337095168,11724155215337095168,1
71,clang-O3-v3,20260917,617,11,measure,34,branch,filter_copy_mask,p250,65536,1,30660,11,11,16384,16384,1
71,clang-O3-v3,20260917,618,11,measure,35,small,sum_one,uniform,16,65536,210239,11,11,1403062601089810432,1403062601089810432,1
71,clang-O3-v3,20260917,619,11,measure,36,small,sum_one,uniform,48,21845,120661,11,11,18173204259618227916,18173204259618227916,1
71,clang-O3-v3,20260917,620,11,measure,37,small,sum_one,uniform,96,10922,95822,11,11,1966801938065649448,1966801938065649448,1
71,clang-O3-v3,20260917,621,11,measure,38,small,sum_one,uniform,768,1365,76289,11,11,6760326044614544011,6760326044614544011,1
71,clang-O3-v3,20260917,622,11,measure,39,small,sum_one,uniform,256,4096,81079,11,11,12471836693395644416,12471836693395644416,1
71,clang-O3-v3,20260917,623,11,measure,40,branch,filter_copy_mask,p1000,65536,1,29105,11,11,65536,65536,1
71,clang-O3-v3,20260917,624,11,measure,41,dependency,split_xor_mul,uniform,65536,64,1296007,11,11,8310383708453772032,8310383708453772032,1
71,clang-O3-v3,20260917,625,11,measure,42,branch,sum_if,p500,65536,1,8951,11,11,261284744287062128,261284744287062128,1
71,clang-O3-v3,20260917,626,11,measure,43,branch,sum_if,p500_alternating,65536,1,8973,11,11,4196774058536912234,4196774058536912234,1
71,clang-O3-v3,20260917,627,11,measure,44,branch,sum_if,p100,65536,1,9564,11,11,3083979731501324985,3083979731501324985,1
71,clang-O3-v3,20260917,628,11,measure,45,small,sum_one,uniform,24,43690,192717,11,11,5019437447312423050,5019437447312423050,1
71,clang-O3-v3,20260917,629,11,measure,46,branch,filter_copy_mask,p100,65536,1,30354,11,11,6554,6554,1
71,clang-O3-v3,20260917,630,11,measure,47,dependency,sum_one,uniform,65536,64,386923,11,11,1190735372877940864,1190735372877940864,1
71,clang-O3-v3,20260917,631,11,measure,48,small,sum_one,uniform,3,349525,1686086,11,11,9690214761957071044,9690214761957071044,1
71,clang-O3-v3,20260917,632,11,measure,49,branch,filter_copy,p500_alternating,65536,1,20489,11,11,32768,32768,1
71,clang-O3-v3,20260917,633,11,measure,50,branch,filter_copy_mask,p500_sorted,65536,1,26642,11,11,32768,32768,1
71,clang-O3-v3,20260917,634,11,measure,51,dependency,sum_four,uniform,65536,64,565548,11,11,1190735372877940864,1190735372877940864,1
71,clang-O3-v3,20260917,635,11,measure,52,small,sum_one,uniform,6,174762,842705,11,11,4529353940760067638,4529353940760067638,1
71,clang-O3-v3,20260917,636,12,measure,0,small,sum_one,uniform,24,43690,195880,11,11,5019437447312423050,5019437447312423050,1
71,clang-O3-v3,20260917,637,12,measure,1,small,sum_one,uniform,8,131072,525471,11,11,11724155215337095168,11724155215337095168,1
71,clang-O3-v3,20260917,638,12,measure,2,branch,filter_copy_mask,p900,65536,1,27251,11,11,58982,58982,1
71,clang-O3-v3,20260917,639,12,measure,3,small,sum_one,uniform,1,1048576,3014999,11,11,8452580083670974464,8452580083670974464,1
71,clang-O3-v3,20260917,640,12,measure,4,branch,sum_if,p000,65536,1,9569,11,11,0,0,1
71,clang-O3-v3,20260917,641,12,measure,5,branch,filter_copy,p500_alternating,65536,1,19930,11,11,32768,32768,1
71,clang-O3-v3,20260917,642,12,measure,6,small,sum_one,uniform,32,32768,144526,11,11,4730905112462327808,4730905112462327808,1
71,clang-O3-v3,20260917,643,12,measure,7,branch,filter_copy,p750,65536,1,194216,11,11,49152,49152,1
71,clang-O3-v3,20260917,644,12,measure,8,small,sum_one,uniform,256,4096,79726,11,11,12471836693395644416,12471836693395644416,1
71,clang-O3-v3,20260917,645,12,measure,9,small,sum_one,uniform,768,1365,75577,11,11,6760326044614544011,6760326044614544011,1
71,clang-O3-v3,20260917,646,12,measure,10,small,sum_one,uniform,1024,1024,80866,11,11,6113767114656410624,6113767114656410624,1
71,clang-O3-v3,20260917,647,12,measure,11,small,sum_one,uniform,96,10922,93057,11,11,1966801938065649448,1966801938065649448,1
71,clang-O3-v3,20260917,648,12,measure,12,branch,sum_if,p250,65536,1,9602,11,11,75766260937212688,75766260937212688,1
71,clang-O3-v3,20260917,649,12,measure,13,small,sum_one,uniform,3,349525,1709921,11,11,9690214761957071044,9690214761957071044,1
71,clang-O3-v3,20260917,650,12,measure,14,branch,filter_copy,p500_sorted,65536,1,20323,11,11,32768,32768,1
71,clang-O3-v3,20260917,651,12,measure,15,branch,filter_copy,p900,65536,1,95379,11,11,58982,58982,1
71,clang-O3-v3,20260917,652,12,measure,16,small,sum_one,uniform,4,262144,949715,11,11,6027757896494481408,6027757896494481408,1
71,clang-O3-v3,20260917,653,12,measure,17,branch,sum_if,p500_alternating,65536,1,9566,11,11,4196774058536912234,4196774058536912234,1
71,clang-O3-v3,20260917,654,12,measure,18,branch,sum_if,p500,65536,1,9585,11,11,261284744287062128,261284744287062128,1
71,clang-O3-v3,20260917,655,12,measure,19,small,sum_one,uniform,2,524288,2142640,11,11,14489530702789345280,14489530702789345280,1
71,clang-O3-v3,20260917,656,12,measure,20,branch,sum_if,p500_sorted,65536,1,11915,11,11,2213941836433581612,2213941836433581612,1
71,clang-O3-v3,20260917,657,12,measure,21,branch,sum_if,p1000,65536,1,9529,11,11,4485739283943968327,4485739283943968327,1
71,clang-O3-v3,20260917,658,12,measure,22,dependency,split_xor_mul,uniform,65536,64,1295524,11,11,8310383708453772032,8310383708453772032,1
71,clang-O3-v3,20260917,659,12,measure,23,small,sum_one,uniform,512,2048,70474,11,11,6127788314265579520,6127788314265579520,1
71,clang-O3-v3,20260917,660,12,measure,24,branch,sum_if,p750,65536,1,9194,11,11,14586442889165806448,14586442889165806448,1
71,clang-O3-v3,20260917,661,12,measure,25,branch,filter_copy_mask,p000,65536,1,27029,11,11,0,0,1
71,clang-O3-v3,20260917,662,12,measure,26,branch,filter_copy,p1000,65536,1,28098,11,11,65536,65536,1
71,clang-O3-v3,20260917,663,12,measure,27,dependency,sum_twice,uniform,65536,64,689179,11,11,2381470745755881728,2381470745755881728,1
71,clang-O3-v3,20260917,664,12,measure,28,small,sum_one,uniform,384,2730,79122,11,11,5767785928059657782,5767785928059657782,1
71,clang-O3-v3,20260917,665,12,measure,29,small,sum_one,uniform,48,21845,131430,11,11,18173204259618227916,18173204259618227916,1
71,clang-O3-v3,20260917,666,12,measure,30,branch,sum_if,p900,65536,1,9551,11,11,1957202038211152021,1957202038211152021,1
71,clang-O3-v3,20260917,667,12,measure,31,small,sum_one,uniform,12,87381,457953,11,11,18208879310165819389,18208879310165819389,1
71,clang-O3-v3,20260917,668,12,measure,32,small,sum_one,uniform,16,65536,210224,11,11,1403062601089810432,1403062601089810432,1
71,clang-O3-v3,20260917,669,12,measure,33,branch,filter_copy,p100,65536,1,93617,11,11,6554,6554,1
71,clang-O3-v3,20260917,670,12,measure,34,branch,filter_copy_mask,p100,65536,1,27417,11,11,6554,6554,1
71,clang-O3-v3,20260917,671,12,measure,35,branch,filter_copy_mask,p750,65536,1,27076,11,11,49152,49152,1
71,clang-O3-v3,20260917,672,12,measure,36,small,sum_one,uniform,64,16384,112337,11,11,14815439244071927808,14815439244071927808,1
71,clang-O3-v3,20260917,673,12,measure,37,branch,filter_copy_mask,p1000,65536,1,26969,11,11,65536,65536,1
71,clang-O3-v3,20260917,674,12,measure,38,dependency,sum_one_bis,uniform,65536,64,387003,11,11,1190735372877940864,1190735372877940864,1
71,clang-O3-v3,20260917,675,12,measure,39,small,sum_one,uniform,192,5461,85092,11,11,17901819518249685373,17901819518249685373,1
71,clang-O3-v3,20260917,676,12,measure,40,branch,filter_copy,p000,65536,1,16508,11,11,0,0,1
71,clang-O3-v3,20260917,677,12,measure,41,branch,filter_copy_mask,p250,65536,1,27655,11,11,16384,16384,1
71,clang-O3-v3,20260917,678,12,measure,42,small,sum_one,uniform,6,174762,911056,11,11,4529353940760067638,4529353940760067638,1
71,clang-O3-v3,20260917,679,12,measure,43,dependency,sum_one,uniform,65536,64,391320,11,11,1190735372877940864,1190735372877940864,1
71,clang-O3-v3,20260917,680,12,measure,44,branch,filter_copy,p500,65536,1,341011,11,11,32768,32768,1
71,clang-O3-v3,20260917,681,12,measure,45,branch,filter_copy_mask,p500,65536,1,27477,11,11,32768,32768,1
71,clang-O3-v3,20260917,682,12,measure,46,branch,sum_if,p100,65536,1,9580,11,11,3083979731501324985,3083979731501324985,1
71,clang-O3-v3,20260917,683,12,measure,47,branch,filter_copy,p250,65536,1,195833,11,11,16384,16384,1
71,clang-O3-v3,20260917,684,12,measure,48,dependency,chain_xor_mul,uniform,65536,64,6765620,11,11,5299772668389481216,5299772668389481216,1
71,clang-O3-v3,20260917,685,12,measure,49,small,sum_one,uniform,128,8192,95963,11,11,17503531059042279424,17503531059042279424,1
71,clang-O3-v3,20260917,686,12,measure,50,branch,filter_copy_mask,p500_sorted,65536,1,28629,11,11,32768,32768,1
71,clang-O3-v3,20260917,687,12,measure,51,dependency,sum_four,uniform,65536,64,581590,11,11,1190735372877940864,1190735372877940864,1
71,clang-O3-v3,20260917,688,12,measure,52,branch,filter_copy_mask,p500_alternating,65536,1,28418,11,11,32768,32768,1
71,clang-O3-v3,20260917,689,13,measure,0,small,sum_one,uniform,512,2048,83155,11,11,6127788314265579520,6127788314265579520,1
71,clang-O3-v3,20260917,690,13,measure,1,small,sum_one,uniform,4,262144,949206,11,11,6027757896494481408,6027757896494481408,1
71,clang-O3-v3,20260917,691,13,measure,2,branch,filter_copy_mask,p900,65536,1,28719,11,11,58982,58982,1
71,clang-O3-v3,20260917,692,13,measure,3,small,sum_one,uniform,24,43690,192774,11,11,5019437447312423050,5019437447312423050,1
71,clang-O3-v3,20260917,693,13,measure,4,branch,sum_if,p500_sorted,65536,1,9888,11,11,2213941836433581612,2213941836433581612,1
71,clang-O3-v3,20260917,694,13,measure,5,dependency,split_xor_mul,uniform,65536,64,1316976,11,11,8310383708453772032,8310383708453772032,1
71,clang-O3-v3,20260917,695,13,measure,6,branch,filter_copy_mask,p750,65536,1,27249,11,11,49152,49152,1
71,clang-O3-v3,20260917,696,13,measure,7,branch,sum_if,p1000,65536,1,8954,11,11,4485739283943968327,4485739283943968327,1
71,clang-O3-v3,20260917,697,13,measure,8,branch,sum_if,p500,65536,1,9750,11,11,261284744287062128,261284744287062128,1
71,clang-O3-v3,20260917,698,13,measure,9,branch,filter_copy,p500_alternating,65536,1,20241,11,11,32768,32768,1
71,clang-O3-v3,20260917,699,13,measure,10,branch,filter_copy,p1000,65536,1,25879,11,11,65536,65536,1
71,clang-O3-v3,20260917,700,13,measure,11,branch,filter_copy,p000,65536,1,16674,11,11,0,0,1
71,clang-O3-v3,20260917,701,13,measure,12,branch,filter_copy_mask,p500,65536,1,27239,11,11,32768,32768,1
71,clang-O3-v3,20260917,702,13,measure,13,branch,filter_copy_mask,p500_alternating,65536,1,28177,11,11,32768,32768,1
71,clang-O3-v3,20260917,703,13,measure,14,branch,filter_copy,p100,65536,1,92099,11,11,6554,6554,1
71,clang-O3-v3,20260917,704,13,measure,15,branch,sum_if,p100,65536,1,9590,11,11,3083979731501324985,3083979731501324985,1
71,clang-O3-v3,20260917,705,13,measure,16,branch,filter_copy,p500,65536,1,336979,11,11,32768,32768,1
71,clang-O3-v3,20260917,706,13,measure,17,dependency,chain_xor_mul,uniform,65536,64,6746676,11,11,5299772668389481216,5299772668389481216,1
71,clang-O3-v3,20260917,707,13,measure,18,branch,sum_if,p750,65536,1,12509,11,11,14586442889165806448,14586442889165806448,1
71,clang-O3-v3,20260917,708,13,measure,19,branch,filter_copy_mask,p000,65536,1,29346,11,11,0,0,1
71,clang-O3-v3,20260917,709,13,measure,20,branch,filter_copy_mask,p250,65536,1,27073,11,11,16384,16384,1
71,clang-O3-v3,20260917,710,13,measure,21,branch,filter_copy,p250,65536,1,194128,11,11,16384,16384,1
71,clang-O3-v3,20260917,711,13,measure,22,dependency,sum_one_bis,uniform,65536,64,389216,11,11,1190735372877940864,1190735372877940864,1
71,clang-O3-v3,20260917,712,13,measure,23,small,sum_one,uniform,768,1365,79216,11,11,6760326044614544011,6760326044614544011,1
71,clang-O3-v3,20260917,713,13,measure,24,small,sum_one,uniform,96,10922,93153,11,11,1966801938065649448,1966801938065649448,1
71,clang-O3-v3,20260917,714,13,measure,25,branch,filter_copy,p900,65536,1,102421,11,11,58982,58982,1
71,clang-O3-v3,20260917,715,13,measure,26,branch,sum_if,p000,65536,1,9548,11,11,0,0,1
71,clang-O3-v3,20260917,716,13,measure,27,small,sum_one,uniform,128,8192,89913,11,11,17503531059042279424,17503531059042279424,1
71,clang-O3-v3,20260917,717,13,measure,28,small,sum_one,uniform,1024,1024,81019,11,11,6113767114656410624,6113767114656410624,1
71,clang-O3-v3,20260917,718,13,measure,29,small,sum_one,uniform,32,32768,141361,11,11,4730905112462327808,4730905112462327808,1
71,clang-O3-v3,20260917,719,13,measure,30,dependency,sum_twice,uniform,65536,64,779147,11,11,2381470745755881728,2381470745755881728,1
71,clang-O3-v3,20260917,720,13,measure,31,small,sum_one,uniform,6,174762,984020,11,11,4529353940760067638,4529353940760067638,1
71,clang-O3-v3,20260917,721,13,measure,32,dependency,sum_one,uniform,65536,64,387784,11,11,1190735372877940864,1190735372877940864,1
71,clang-O3-v3,20260917,722,13,measure,33,small,sum_one,uniform,12,87381,458143,11,11,18208879310165819389,18208879310165819389,1
71,clang-O3-v3,20260917,723,13,measure,34,small,sum_one,uniform,192,5461,83893,11,11,17901819518249685373,17901819518249685373,1
71,clang-O3-v3,20260917,724,13,measure,35,dependency,sum_four,uniform,65536,64,563830,11,11,1190735372877940864,1190735372877940864,1
71,clang-O3-v3,20260917,725,13,measure,36,small,sum_one,uniform,16,65536,214242,11,11,1403062601089810432,1403062601089810432,1
71,clang-O3-v3,20260917,726,13,measure,37,branch,filter_copy_mask,p1000,65536,1,32712,11,11,65536,65536,1
71,clang-O3-v3,20260917,727,13,measure,38,branch,sum_if,p500_alternating,65536,1,9718,11,11,4196774058536912234,4196774058536912234,1
71,clang-O3-v3,20260917,728,13,measure,39,small,sum_one,uniform,48,21845,131599,11,11,18173204259618227916,18173204259618227916,1
71,clang-O3-v3,20260917,729,13,measure,40,branch,filter_copy_mask,p100,65536,1,27452,11,11,6554,6554,1
71,clang-O3-v3,20260917,730,13,measure,41,branch,sum_if,p900,65536,1,11981,11,11,1957202038211152021,1957202038211152021,1
71,clang-O3-v3,20260917,731,13,measure,42,branch,filter_copy,p500_sorted,65536,1,22225,11,11,32768,32768,1
71,clang-O3-v3,20260917,732,13,measure,43,small,sum_one,uniform,3,349525,1730734,11,11,9690214761957071044,9690214761957071044,1
71,clang-O3-v3,20260917,733,13,measure,44,small,sum_one,uniform,1,1048576,3051661,11,11,8452580083670974464,8452580083670974464,1
71,clang-O3-v3,20260917,734,13,measure,45,branch,filter_copy,p750,65536,1,195230,11,11,49152,49152,1
71,clang-O3-v3,20260917,735,13,measure,46,small,sum_one,uniform,8,131072,528619,11,11,11724155215337095168,11724155215337095168,1
71,clang-O3-v3,20260917,736,13,measure,47,small,sum_one,uniform,2,524288,2168051,11,11,14489530702789345280,14489530702789345280,1
71,clang-O3-v3,20260917,737,13,measure,48,small,sum_one,uniform,384,2730,78328,11,11,5767785928059657782,5767785928059657782,1
71,clang-O3-v3,20260917,738,13,measure,49,small,sum_one,uniform,256,4096,79625,11,11,12471836693395644416,12471836693395644416,1
71,clang-O3-v3,20260917,739,13,measure,50,branch,sum_if,p250,65536,1,9839,11,11,75766260937212688,75766260937212688,1
71,clang-O3-v3,20260917,740,13,measure,51,branch,filter_copy_mask,p500_sorted,65536,1,28909,11,11,32768,32768,1
71,clang-O3-v3,20260917,741,13,measure,52,small,sum_one,uniform,64,16384,115326,11,11,14815439244071927808,14815439244071927808,1
71,clang-O3-v3,20260917,742,14,measure,0,small,sum_one,uniform,12,87381,455394,11,11,18208879310165819389,18208879310165819389,1
71,clang-O3-v3,20260917,743,14,measure,1,branch,filter_copy_mask,p500,65536,1,27357,11,11,32768,32768,1
71,clang-O3-v3,20260917,744,14,measure,2,small,sum_one,uniform,1,1048576,3002357,11,11,8452580083670974464,8452580083670974464,1
71,clang-O3-v3,20260917,745,14,measure,3,small,sum_one,uniform,16,65536,210291,11,11,1403062601089810432,1403062601089810432,1
71,clang-O3-v3,20260917,746,14,measure,4,branch,filter_copy_mask,p100,65536,1,27334,11,11,6554,6554,1
71,clang-O3-v3,20260917,747,14,measure,5,branch,sum_if,p900,65536,1,9910,11,11,1957202038211152021,1957202038211152021,1
71,clang-O3-v3,20260917,748,14,measure,6,dependency,sum_one,uniform,65536,64,386835,11,11,1190735372877940864,1190735372877940864,1
71,clang-O3-v3,20260917,749,14,measure,7,small,sum_one,uniform,64,16384,113180,11,11,14815439244071927808,14815439244071927808,1
71,clang-O3-v3,20260917,750,14,measure,8,dependency,sum_one_bis,uniform,65536,64,394809,11,11,1190735372877940864,1190735372877940864,1
71,clang-O3-v3,20260917,751,14,measure,9,small,sum_one,uniform,128,8192,89945,11,11,17503531059042279424,17503531059042279424,1
71,clang-O3-v3,20260917,752,14,measure,10,branch,sum_if,p250,65536,1,9608,11,11,75766260937212688,75766260937212688,1
71,clang-O3-v3,20260917,753,14,measure,11,small,sum_one,uniform,96,10922,103086,11,11,1966801938065649448,1966801938065649448,1
71,clang-O3-v3,20260917,754,14,measure,12,small,sum_one,uniform,4,262144,950113,11,11,6027757896494481408,6027757896494481408,1
71,clang-O3-v3,20260917,755,14,measure,13,small,sum_one,uniform,2,524288,2143761,11,11,14489530702789345280,14489530702789345280,1
71,clang-O3-v3,20260917,756,14,measure,14,branch,filter_copy_mask,p750,65536,1,34713,11,11,49152,49152,1
71,clang-O3-v3,20260917,757,14,measure,15,small,sum_one,uniform,32,32768,147173,11,11,4730905112462327808,4730905112462327808,1
71,clang-O3-v3,20260917,758,14,measure,16,branch,filter_copy_mask,p250,65536,1,27507,11,11,16384,16384,1
71,clang-O3-v3,20260917,759,14,measure,17,small,sum_one,uniform,192,5461,89359,11,11,17901819518249685373,17901819518249685373,1
71,clang-O3-v3,20260917,760,14,measure,18,dependency,sum_twice,uniform,65536,64,783668,11,11,2381470745755881728,2381470745755881728,1
71,clang-O3-v3,20260917,761,14,measure,19,branch,filter_copy_mask,p500_alternating,65536,1,28311,11,11,32768,32768,1
71,clang-O3-v3,20260917,762,14,measure,20,small,sum_one,uniform,512,2048,100641,11,11,6127788314265579520,6127788314265579520,1
71,clang-O3-v3,20260917,763,14,measure,21,branch,sum_if,p500_sorted,65536,1,9910,11,11,2213941836433581612,2213941836433581612,1
71,clang-O3-v3,20260917,764,14,measure,22,branch,filter_copy,p1000,65536,1,30293,11,11,65536,65536,1
71,clang-O3-v3,20260917,765,14,measure,23,dependency,chain_xor_mul,uniform,65536,64,6953835,11,11,5299772668389481216,5299772668389481216,1
71,clang-O3-v3,20260917,766,14,measure,24,branch,sum_if,p750,65536,1,12464,11,11,14586442889165806448,14586442889165806448,1
71,clang-O3-v3,20260917,767,14,measure,25,small,sum_one,uniform,6,174762,1019860,11,11,4529353940760067638,4529353940760067638,1
71,clang-O3-v3,20260917,768,14,measure,26,small,sum_one,uniform,384,2730,77103,11,11,5767785928059657782,5767785928059657782,1
71,clang-O3-v3,20260917,769,14,measure,27,branch,filter_copy,p750,65536,1,213656,11,11,49152,49152,1
71,clang-O3-v3,20260917,770,14,measure,28,dependency,sum_four,uniform,65536,64,635285,11,11,1190735372877940864,1190735372877940864,1
71,clang-O3-v3,20260917,771,14,measure,29,branch,sum_if,p500_alternating,65536,1,10327,11,11,4196774058536912234,4196774058536912234,1
71,clang-O3-v3,20260917,772,14,measure,30,small,sum_one,uniform,768,1365,76020,11,11,6760326044614544011,6760326044614544011,1
71,clang-O3-v3,20260917,773,14,measure,31,small,sum_one,uniform,256,4096,81566,11,11,12471836693395644416,12471836693395644416,1
71,clang-O3-v3,20260917,774,14,measure,32,branch,sum_if,p500,65536,1,9554,11,11,261284744287062128,261284744287062128,1
71,clang-O3-v3,20260917,775,14,measure,33,branch,sum_if,p000,65536,1,9537,11,11,0,0,1
71,clang-O3-v3,20260917,776,14,measure,34,branch,filter_copy_mask,p1000,65536,1,26778,11,11,65536,65536,1
71,clang-O3-v3,20260917,777,14,measure,35,branch,filter_copy,p000,65536,1,16592,11,11,0,0,1
71,clang-O3-v3,20260917,778,14,measure,36,branch,filter_copy,p100,65536,1,93503,11,11,6554,6554,1
71,clang-O3-v3,20260917,779,14,measure,37,small,sum_one,uniform,8,131072,525499,11,11,11724155215337095168,11724155215337095168,1
71,clang-O3-v3,20260917,780,14,measure,38,branch,filter_copy,p500_alternating,65536,1,22755,11,11,32768,32768,1
71,clang-O3-v3,20260917,781,14,measure,39,branch,filter_copy,p500,65536,1,334885,11,11,32768,32768,1
71,clang-O3-v3,20260917,782,14,measure,40,small,sum_one,uniform,3,349525,1740117,11,11,9690214761957071044,9690214761957071044,1
71,clang-O3-v3,20260917,783,14,measure,41,branch,filter_copy_mask,p900,65536,1,27345,11,11,58982,58982,1
71,clang-O3-v3,20260917,784,14,measure,42,branch,filter_copy,p500_sorted,65536,1,19597,11,11,32768,32768,1
71,clang-O3-v3,20260917,785,14,measure,43,small,sum_one,uniform,1024,1024,82345,11,11,6113767114656410624,6113767114656410624,1
71,clang-O3-v3,20260917,786,14,measure,44,branch,filter_copy_mask,p500_sorted,65536,1,26631,11,11,32768,32768,1
71,clang-O3-v3,20260917,787,14,measure,45,dependency,split_xor_mul,uniform,65536,64,1669160,11,11,8310383708453772032,8310383708453772032,1
71,clang-O3-v3,20260917,788,14,measure,46,small,sum_one,uniform,48,21845,117143,11,11,18173204259618227916,18173204259618227916,1
71,clang-O3-v3,20260917,789,14,measure,47,branch,filter_copy_mask,p000,65536,1,27150,11,11,0,0,1
71,clang-O3-v3,20260917,790,14,measure,48,branch,filter_copy,p250,65536,1,247616,11,11,16384,16384,1
71,clang-O3-v3,20260917,791,14,measure,49,small,sum_one,uniform,24,43690,213027,11,11,5019437447312423050,5019437447312423050,1
71,clang-O3-v3,20260917,792,14,measure,50,branch,filter_copy,p900,65536,1,104808,11,11,58982,58982,1
71,clang-O3-v3,20260917,793,14,measure,51,branch,sum_if,p100,65536,1,9608,11,11,3083979731501324985,3083979731501324985,1
71,clang-O3-v3,20260917,794,14,measure,52,branch,sum_if,p1000,65536,1,21903,11,11,4485739283943968327,4485739283943968327,1
71,clang-O3-v3,20260917,795,15,measure,0,branch,filter_copy_mask,p900,65536,1,29856,11,11,58982,58982,1
71,clang-O3-v3,20260917,796,15,measure,1,dependency,chain_xor_mul,uniform,65536,64,6918937,11,11,5299772668389481216,5299772668389481216,1
71,clang-O3-v3,20260917,797,15,measure,2,branch,filter_copy_mask,p750,65536,1,33044,11,11,49152,49152,1
71,clang-O3-v3,20260917,798,15,measure,3,small,sum_one,uniform,3,349525,1717568,11,11,9690214761957071044,9690214761957071044,1
71,clang-O3-v3,20260917,799,15,measure,4,branch,filter_copy_mask,p1000,65536,1,32351,11,11,65536,65536,1
71,clang-O3-v3,20260917,800,15,measure,5,branch,sum_if,p500_sorted,65536,1,9899,11,11,2213941836433581612,2213941836433581612,1
71,clang-O3-v3,20260917,801,15,measure,6,branch,filter_copy,p500,65536,1,337654,11,11,32768,32768,1
71,clang-O3-v3,20260917,802,15,measure,7,small,sum_one,uniform,1,1048576,3043045,11,11,8452580083670974464,8452580083670974464,1
71,clang-O3-v3,20260917,803,15,measure,8,branch,sum_if,p500_alternating,65536,1,12134,11,11,4196774058536912234,4196774058536912234,1
71,clang-O3-v3,20260917,804,15,measure,9,branch,sum_if,p1000,65536,1,9545,11,11,4485739283943968327,4485739283943968327,1
71,clang-O3-v3,20260917,805,15,measure,10,small,sum_one,uniform,24,43690,210175,11,11,5019437447312423050,5019437447312423050,1
71,clang-O3-v3,20260917,806,15,measure,11,branch,filter_copy,p250,65536,1,192387,11,11,16384,16384,1
71,clang-O3-v3,20260917,807,15,measure,12,small,sum_one,uniform,32,32768,144633,11,11,4730905112462327808,4730905112462327808,1
71,clang-O3-v3,20260917,808,15,measure,13,small,sum_one,uniform,192,5461,83813,11,11,17901819518249685373,17901819518249685373,1
71,clang-O3-v3,20260917,809,15,measure,14,branch,filter_copy_mask,p500_alternating,65536,1,28710,11,11,32768,32768,1
71,clang-O3-v3,20260917,810,15,measure,15,branch,filter_copy_mask,p100,65536,1,27362,11,11,6554,6554,1
71,clang-O3-v3,20260917,811,15,measure,16,branch,filter_copy_mask,p500,65536,1,27858,11,11,32768,32768,1
71,clang-O3-v3,20260917,812,15,measure,17,branch,filter_copy_mask,p250,65536,1,29750,11,11,16384,16384,1
71,clang-O3-v3,20260917,813,15,measure,18,branch,filter_copy,p900,65536,1,105523,11,11,58982,58982,1
71,clang-O3-v3,20260917,814,15,measure,19,branch,sum_if,p900,65536,1,12088,11,11,1957202038211152021,1957202038211152021,1
71,clang-O3-v3,20260917,815,15,measure,20,branch,filter_copy,p500_sorted,65536,1,19707,11,11,32768,32768,1
71,clang-O3-v3,20260917,816,15,measure,21,branch,sum_if,p100,65536,1,9583,11,11,3083979731501324985,3083979731501324985,1
71,clang-O3-v3,20260917,817,15,measure,22,branch,filter_copy_mask,p000,65536,1,27074,11,11,0,0,1
71,clang-O3-v3,20260917,818,15,measure,23,branch,filter_copy_mask,p500_sorted,65536,1,26872,11,11,32768,32768,1
71,clang-O3-v3,20260917,819,15,measure,24,small,sum_one,uniform,128,8192,90082,11,11,17503531059042279424,17503531059042279424,1
71,clang-O3-v3,20260917,820,15,measure,25,small,sum_one,uniform,512,2048,99328,11,11,6127788314265579520,6127788314265579520,1
71,clang-O3-v3,20260917,821,15,measure,26,dependency,split_xor_mul,uniform,65536,64,1300141,11,11,8310383708453772032,8310383708453772032,1
71,clang-O3-v3,20260917,822,15,measure,27,small,sum_one,uniform,12,87381,425623,11,11,18208879310165819389,18208879310165819389,1
71,clang-O3-v3,20260917,823,15,measure,28,branch,filter_copy,p100,65536,1,92807,11,11,6554,6554,1
71,clang-O3-v3,20260917,824,15,measure,29,small,sum_one,uniform,768,1365,75869,11,11,6760326044614544011,6760326044614544011,1
71,clang-O3-v3,20260917,825,15,measure,30,small,sum_one,uniform,96,10922,95372,11,11,1966801938065649448,1966801938065649448,1
71,clang-O3-v3,20260917,826,15,measure,31,small,sum_one,uniform,2,524288,2107156,11,11,14489530702789345280,14489530702789345280,1
71,clang-O3-v3,20260917,827,15,measure,32,dependency,sum_one,uniform,65536,64,389709,11,11,1190735372877940864,1190735372877940864,1
71,clang-O3-v3,20260917,828,15,measure,33,small,sum_one,uniform,1024,1024,80566,11,11,6113767114656410624,6113767114656410624,1
71,clang-O3-v3,20260917,829,15,measure,34,branch,filter_copy,p000,65536,1,16553,11,11,0,0,1
71,clang-O3-v3,20260917,830,15,measure,35,small,sum_one,uniform,256,4096,79597,11,11,12471836693395644416,12471836693395644416,1
71,clang-O3-v3,20260917,831,15,measure,36,small,sum_one,uniform,4,262144,948467,11,11,6027757896494481408,6027757896494481408,1
71,clang-O3-v3,20260917,832,15,measure,37,branch,sum_if,p500,65536,1,9550,11,11,261284744287062128,261284744287062128,1
71,clang-O3-v3,20260917,833,15,measure,38,small,sum_one,uniform,48,21845,130366,11,11,18173204259618227916,18173204259618227916,1
71,clang-O3-v3,20260917,834,15,measure,39,small,sum_one,uniform,384,2730,76088,11,11,5767785928059657782,5767785928059657782,1
71,clang-O3-v3,20260917,835,15,measure,40,branch,sum_if,p000,65536,1,9555,11,11,0,0,1
71,clang-O3-v3,20260917,836,15,measure,41,dependency,sum_one_bis,uniform,65536,64,387084,11,11,1190735372877940864,1190735372877940864,1
71,clang-O3-v3,20260917,837,15,measure,42,small,sum_one,uniform,6,174762,983676,11,11,4529353940760067638,4529353940760067638,1
71,clang-O3-v3,20260917,838,15,measure,43,branch,sum_if,p750,65536,1,9570,11,11,14586442889165806448,14586442889165806448,1
71,clang-O3-v3,20260917,839,15,measure,44,branch,filter_copy,p500_alternating,65536,1,20139,11,11,32768,32768,1
71,clang-O3-v3,20260917,840,15,measure,45,small,sum_one,uniform,16,65536,210205,11,11,1403062601089810432,1403062601089810432,1
71,clang-O3-v3,20260917,841,15,measure,46,branch,filter_copy,p1000,65536,1,25056,11,11,65536,65536,1
71,clang-O3-v3,20260917,842,15,measure,47,dependency,sum_four,uniform,65536,64,562462,11,11,1190735372877940864,1190735372877940864,1
71,clang-O3-v3,20260917,843,15,measure,48,branch,filter_copy,p750,65536,1,196613,11,11,49152,49152,1
71,clang-O3-v3,20260917,844,15,measure,49,small,sum_one,uniform,8,131072,525642,11,11,11724155215337095168,11724155215337095168,1
71,clang-O3-v3,20260917,845,15,measure,50,small,sum_one,uniform,64,16384,108402,11,11,14815439244071927808,14815439244071927808,1
71,clang-O3-v3,20260917,846,15,measure,51,dependency,sum_twice,uniform,65536,64,779288,11,11,2381470745755881728,2381470745755881728,1
71,clang-O3-v3,20260917,847,15,measure,52,branch,sum_if,p250,65536,1,9580,11,11,75766260937212688,75766260937212688,1
71,clang-O3-v3,20260917,848,16,measure,0,small,sum_one,uniform,6,174762,969030,11,11,4529353940760067638,4529353940760067638,1
71,clang-O3-v3,20260917,849,16,measure,1,small,sum_one,uniform,24,43690,192764,11,11,5019437447312423050,5019437447312423050,1
71,clang-O3-v3,20260917,850,16,measure,2,branch,sum_if,p500_alternating,65536,1,9566,11,11,4196774058536912234,4196774058536912234,1
71,clang-O3-v3,20260917,851,16,measure,3,branch,filter_copy_mask,p500_sorted,65536,1,27000,11,11,32768,32768,1
71,clang-O3-v3,20260917,852,16,measure,4,branch,filter_copy_mask,p100,65536,1,27183,11,11,6554,6554,1
71,clang-O3-v3,20260917,853,16,measure,5,small,sum_one,uniform,256,4096,84005,11,11,12471836693395644416,12471836693395644416,1
71,clang-O3-v3,20260917,854,16,measure,6,branch,sum_if,p900,65536,1,9560,11,11,1957202038211152021,1957202038211152021,1
71,clang-O3-v3,20260917,855,16,measure,7,branch,sum_if,p500_sorted,65536,1,9569,11,11,2213941836433581612,2213941836433581612,1
71,clang-O3-v3,20260917,856,16,measure,8,branch,sum_if,p500,65536,1,9531,11,11,261284744287062128,261284744287062128,1
71,clang-O3-v3,20260917,857,16,measure,9,small,sum_one,uniform,192,5461,83279,11,11,17901819518249685373,17901819518249685373,1
71,clang-O3-v3,20260917,858,16,measure,10,small,sum_one,uniform,3,349525,1732377,11,11,9690214761957071044,9690214761957071044,1
71,clang-O3-v3,20260917,859,16,measure,11,small,sum_one,uniform,1024,1024,83650,11,11,6113767114656410624,6113767114656410624,1
71,clang-O3-v3,20260917,860,16,measure,12,branch,filter_copy,p250,65536,1,192304,11,11,16384,16384,1
71,clang-O3-v3,20260917,861,16,measure,13,small,sum_one,uniform,96,10922,95775,11,11,1966801938065649448,1966801938065649448,1
71,clang-O3-v3,20260917,862,16,measure,14,small,sum_one,uniform,64,16384,107485,11,11,14815439244071927808,14815439244071927808,1
71,clang-O3-v3,20260917,863,16,measure,15,dependency,sum_one,uniform,65536,64,389786,11,11,1190735372877940864,1190735372877940864,1
71,clang-O3-v3,20260917,864,16,measure,16,branch,filter_copy,p900,65536,1,100670,11,11,58982,58982,1
71,clang-O3-v3,20260917,865,16,measure,17,dependency,sum_four,uniform,65536,64,565924,11,11,1190735372877940864,1190735372877940864,1
71,clang-O3-v3,20260917,866,16,measure,18,branch,filter_copy,p500_alternating,65536,1,20149,11,11,32768,32768,1
71,clang-O3-v3,20260917,867,16,measure,19,small,sum_one,uniform,512,2048,95388,11,11,6127788314265579520,6127788314265579520,1
71,clang-O3-v3,20260917,868,16,measure,20,small,sum_one,uniform,12,87381,455534,11,11,18208879310165819389,18208879310165819389,1
71,clang-O3-v3,20260917,869,16,measure,21,small,sum_one,uniform,2,524288,2142236,11,11,14489530702789345280,14489530702789345280,1
71,clang-O3-v3,20260917,870,16,measure,22,branch,sum_if,p000,65536,1,9599,11,11,0,0,1
71,clang-O3-v3,20260917,871,16,measure,23,branch,sum_if,p1000,65536,1,9786,11,11,4485739283943968327,4485739283943968327,1
71,clang-O3-v3,20260917,872,16,measure,24,branch,filter_copy,p500_sorted,65536,1,21051,11,11,32768,32768,1
71,clang-O3-v3,20260917,873,16,measure,25,small,sum_one,uniform,1,1048576,3030595,11,11,8452580083670974464,8452580083670974464,1
71,clang-O3-v3,20260917,874,16,measure,26,dependency,split_xor_mul,uniform,65536,64,1267904,11,11,8310383708453772032,8310383708453772032,1
71,clang-O3-v3,20260917,875,16,measure,27,branch,sum_if,p250,65536,1,8944,11,11,75766260937212688,75766260937212688,1
71,clang-O3-v3,20260917,876,16,measure,28,branch,sum_if,p100,65536,1,9572,11,11,3083979731501324985,3083979731501324985,1
71,clang-O3-v3,20260917,877,16,measure,29,small,sum_one,uniform,8,131072,525659,11,11,11724155215337095168,11724155215337095168,1
71,clang-O3-v3,20260917,878,16,measure,30,small,sum_one,uniform,16,65536,213027,11,11,1403062601089810432,1403062601089810432,1
71,clang-O3-v3,20260917,879,16,measure,31,branch,filter_copy_mask,p750,65536,1,27857,11,11,49152,49152,1
71,clang-O3-v3,20260917,880,16,measure,32,branch,sum_if,p750,65536,1,10033,11,11,14586442889165806448,14586442889165806448,1
71,clang-O3-v3,20260917,881,16,measure,33,dependency,sum_one_bis,uniform,65536,64,386870,11,11,1190735372877940864,1190735372877940864,1
71,clang-O3-v3,20260917,882,16,measure,34,small,sum_one,uniform,128,8192,89008,11,11,17503531059042279424,17503531059042279424,1
71,clang-O3-v3,20260917,883,16,measure,35,branch,filter_copy_mask,p900,65536,1,27838,11,11,58982,58982,1
71,clang-O3-v3,20260917,884,16,measure,36,small,sum_one,uniform,4,262144,949577,11,11,6027757896494481408,6027757896494481408,1
71,clang-O3-v3,20260917,885,16,measure,37,branch,filter_copy,p750,65536,1,194021,11,11,49152,49152,1
71,clang-O3-v3,20260917,886,16,measure,38,branch,filter_copy,p1000,65536,1,26883,11,11,65536,65536,1
71,clang-O3-v3,20260917,887,16,measure,39,small,sum_one,uniform,768,1365,76153,11,11,6760326044614544011,6760326044614544011,1
71,clang-O3-v3,20260917,888,16,measure,40,branch,filter_copy_mask,p1000,65536,1,26537,11,11,65536,65536,1
71,clang-O3-v3,20260917,889,16,measure,41,branch,filter_copy,p000,65536,1,16637,11,11,0,0,1
71,clang-O3-v3,20260917,890,16,measure,42,small,sum_one,uniform,48,21845,120373,11,11,18173204259618227916,18173204259618227916,1
71,clang-O3-v3,20260917,891,16,measure,43,small,sum_one,uniform,384,2730,76020,11,11,5767785928059657782,5767785928059657782,1
71,clang-O3-v3,20260917,892,16,measure,44,dependency,chain_xor_mul,uniform,65536,64,6746011,11,11,5299772668389481216,5299772668389481216,1
71,clang-O3-v3,20260917,893,16,measure,45,branch,filter_copy_mask,p500_alternating,65536,1,28487,11,11,32768,32768,1
71,clang-O3-v3,20260917,894,16,measure,46,dependency,sum_twice,uniform,65536,64,788013,11,11,2381470745755881728,2381470745755881728,1
71,clang-O3-v3,20260917,895,16,measure,47,branch,filter_copy_mask,p250,65536,1,27206,11,11,16384,16384,1
71,clang-O3-v3,20260917,896,16,measure,48,small,sum_one,uniform,32,32768,143281,11,11,4730905112462327808,4730905112462327808,1
71,clang-O3-v3,20260917,897,16,measure,49,branch,filter_copy_mask,p000,65536,1,27152,11,11,0,0,1
71,clang-O3-v3,20260917,898,16,measure,50,branch,filter_copy_mask,p500,65536,1,28438,11,11,32768,32768,1
71,clang-O3-v3,20260917,899,16,measure,51,branch,filter_copy,p500,65536,1,350997,11,11,32768,32768,1
71,clang-O3-v3,20260917,900,16,measure,52,branch,filter_copy,p100,65536,1,93690,11,11,6554,6554,1
71,clang-O3-v3,20260917,901,17,measure,0,branch,filter_copy,p100,65536,1,91094,11,11,6554,6554,1
71,clang-O3-v3,20260917,902,17,measure,1,dependency,split_xor_mul,uniform,65536,64,1301203,11,11,8310383708453772032,8310383708453772032,1
71,clang-O3-v3,20260917,903,17,measure,2,branch,filter_copy,p500_alternating,65536,1,20028,11,11,32768,32768,1
71,clang-O3-v3,20260917,904,17,measure,3,small,sum_one,uniform,256,4096,73061,11,11,12471836693395644416,12471836693395644416,1
71,clang-O3-v3,20260917,905,17,measure,4,small,sum_one,uniform,12,87381,426350,11,11,18208879310165819389,18208879310165819389,1
71,clang-O3-v3,20260917,906,17,measure,5,branch,filter_copy,p500,65536,1,345438,11,11,32768,32768,1
71,clang-O3-v3,20260917,907,17,measure,6,branch,filter_copy_mask,p000,65536,1,27073,11,11,0,0,1
71,clang-O3-v3,20260917,908,17,measure,7,branch,filter_copy_mask,p100,65536,1,27077,11,11,6554,6554,1
71,clang-O3-v3,20260917,909,17,measure,8,branch,sum_if,p000,65536,1,10234,11,11,0,0,1
71,clang-O3-v3,20260917,910,17,measure,9,branch,sum_if,p1000,65536,1,30715,11,11,4485739283943968327,4485739283943968327,1
71,clang-O3-v3,20260917,911,17,measure,10,small,sum_one,uniform,6,174762,910950,11,11,4529353940760067638,4529353940760067638,1
71,clang-O3-v3,20260917,912,17,measure,11,branch,filter_copy,p250,65536,1,190639,11,11,16384,16384,1
71,clang-O3-v3,20260917,913,17,measure,12,branch,sum_if,p250,65536,1,9812,11,11,75766260937212688,75766260937212688,1
71,clang-O3-v3,20260917,914,17,measure,13,branch,filter_copy_mask,p500_alternating,65536,1,28227,11,11,32768,32768,1
71,clang-O3-v3,20260917,915,17,measure,14,branch,sum_if,p500_sorted,65536,1,10108,11,11,2213941836433581612,2213941836433581612,1
71,clang-O3-v3,20260917,916,17,measure,15,branch,filter_copy,p750,65536,1,204706,11,11,49152,49152,1
71,clang-O3-v3,20260917,917,17,measure,16,dependency,sum_four,uniform,65536,64,562228,11,11,1190735372877940864,1190735372877940864,1
71,clang-O3-v3,20260917,918,17,measure,17,branch,filter_copy,p900,65536,1,103060,11,11,58982,58982,1
71,clang-O3-v3,20260917,919,17,measure,18,small,sum_one,uniform,512,2048,97776,11,11,6127788314265579520,6127788314265579520,1
71,clang-O3-v3,20260917,920,17,measure,19,small,sum_one,uniform,128,8192,90006,11,11,17503531059042279424,17503531059042279424,1
71,clang-O3-v3,20260917,921,17,measure,20,small,sum_one,uniform,1,1048576,2980039,11,11,8452580083670974464,8452580083670974464,1
71,clang-O3-v3,20260917,922,17,measure,21,small,sum_one,uniform,32,32768,144814,11,11,4730905112462327808,4730905112462327808,1
71,clang-O3-v3,20260917,923,17,measure,22,branch,filter_copy_mask,p900,65536,1,30238,11,11,58982,58982,1
71,clang-O3-v3,20260917,924,17,measure,23,branch,filter_copy_mask,p750,65536,1,27286,11,11,49152,49152,1
71,clang-O3-v3,20260917,925,17,measure,24,branch,filter_copy_mask,p250,65536,1,28225,11,11,16384,16384,1
71,clang-O3-v3,20260917,926,17,measure,25,branch,filter_copy,p1000,65536,1,28327,11,11,65536,65536,1
71,clang-O3-v3,20260917,927,17,measure,26,branch,filter_copy_mask,p1000,65536,1,26372,11,11,65536,65536,1
71,clang-O3-v3,20260917,928,17,measure,27,dependency,chain_xor_mul,uniform,65536,64,6747342,11,11,5299772668389481216,5299772668389481216,1
71,clang-O3-v3,20260917,929,17,measure,28,small,sum_one,uniform,2,524288,2151075,11,11,14489530702789345280,14489530702789345280,1
71,clang-O3-v3,20260917,930,17,measure,29,small,sum_one,uniform,8,131072,525486,11,11,11724155215337095168,11724155215337095168,1
71,clang-O3-v3,20260917,931,17,measure,30,small,sum_one,uniform,48,21845,120353,11,11,18173204259618227916,18173204259618227916,1
71,clang-O3-v3,20260917,932,17,measure,31,branch,sum_if,p100,65536,1,10160,11,11,3083979731501324985,3083979731501324985,1
71,clang-O3-v3,20260917,933,17,measure,32,branch,filter_copy_mask,p500,65536,1,27484,11,11,32768,32768,1
71,clang-O3-v3,20260917,934,17,measure,33,small,sum_one,uniform,768,1365,75850,11,11,6760326044614544011,6760326044614544011,1
71,clang-O3-v3,20260917,935,17,measure,34,dependency,sum_one,uniform,65536,64,400526,11,11,1190735372877940864,1190735372877940864,1
71,clang-O3-v3,20260917,936,17,measure,35,dependency,sum_one_bis,uniform,65536,64,394437,11,11,1190735372877940864,1190735372877940864,1
71,clang-O3-v3,20260917,937,17,measure,36,dependency,sum_twice,uniform,65536,64,781369,11,11,2381470745755881728,2381470745755881728,1
71,clang-O3-v3,20260917,938,17,measure,37,branch,filter_copy_mask,p500_sorted,65536,1,26664,11,11,32768,32768,1
71,clang-O3-v3,20260917,939,17,measure,38,small,sum_one,uniform,4,262144,946408,11,11,6027757896494481408,6027757896494481408,1
71,clang-O3-v3,20260917,940,17,measure,39,branch,filter_copy,p000,65536,1,16608,11,11,0,0,1
71,clang-O3-v3,20260917,941,17,measure,40,small,sum_one,uniform,64,16384,108222,11,11,14815439244071927808,14815439244071927808,1
71,clang-O3-v3,20260917,942,17,measure,41,small,sum_one,uniform,384,2730,76095,11,11,5767785928059657782,5767785928059657782,1
71,clang-O3-v3,20260917,943,17,measure,42,small,sum_one,uniform,16,65536,210246,11,11,1403062601089810432,1403062601089810432,1
71,clang-O3-v3,20260917,944,17,measure,43,small,sum_one,uniform,192,5461,82879,11,11,17901819518249685373,17901819518249685373,1
71,clang-O3-v3,20260917,945,17,measure,44,small,sum_one,uniform,96,10922,97921,11,11,1966801938065649448,1966801938065649448,1
71,clang-O3-v3,20260917,946,17,measure,45,branch,sum_if,p900,65536,1,9877,11,11,1957202038211152021,1957202038211152021,1
71,clang-O3-v3,20260917,947,17,measure,46,small,sum_one,uniform,1024,1024,80359,11,11,6113767114656410624,6113767114656410624,1
71,clang-O3-v3,20260917,948,17,measure,47,branch,sum_if,p500,65536,1,9526,11,11,261284744287062128,261284744287062128,1
71,clang-O3-v3,20260917,949,17,measure,48,branch,sum_if,p500_alternating,65536,1,10122,11,11,4196774058536912234,4196774058536912234,1
71,clang-O3-v3,20260917,950,17,measure,49,small,sum_one,uniform,24,43690,193015,11,11,5019437447312423050,5019437447312423050,1
71,clang-O3-v3,20260917,951,17,measure,50,branch,filter_copy,p500_sorted,65536,1,21860,11,11,32768,32768,1
71,clang-O3-v3,20260917,952,17,measure,51,small,sum_one,uniform,3,349525,1788129,11,11,9690214761957071044,9690214761957071044,1
71,clang-O3-v3,20260917,953,17,measure,52,branch,sum_if,p750,65536,1,12013,11,11,14586442889165806448,14586442889165806448,1
71,clang-O3-v3,20260917,954,18,measure,0,branch,filter_copy,p500_alternating,65536,1,20257,11,11,32768,32768,1
71,clang-O3-v3,20260917,955,18,measure,1,branch,sum_if,p100,65536,1,9542,11,11,3083979731501324985,3083979731501324985,1
71,clang-O3-v3,20260917,956,18,measure,2,branch,sum_if,p500_alternating,65536,1,9785,11,11,4196774058536912234,4196774058536912234,1
71,clang-O3-v3,20260917,957,18,measure,3,small,sum_one,uniform,4,262144,884128,11,11,6027757896494481408,6027757896494481408,1
71,clang-O3-v3,20260917,958,18,measure,4,branch,filter_copy,p750,65536,1,193937,11,11,49152,49152,1
71,clang-O3-v3,20260917,959,18,measure,5,small,sum_one,uniform,512,2048,80378,11,11,6127788314265579520,6127788314265579520,1
71,clang-O3-v3,20260917,960,18,measure,6,branch,sum_if,p750,65536,1,9694,11,11,14586442889165806448,14586442889165806448,1
71,clang-O3-v3,20260917,961,18,measure,7,branch,filter_copy,p100,65536,1,94108,11,11,6554,6554,1
71,clang-O3-v3,20260917,962,18,measure,8,branch,filter_copy_mask,p000,65536,1,28228,11,11,0,0,1
71,clang-O3-v3,20260917,963,18,measure,9,small,sum_one,uniform,768,1365,78211,11,11,6760326044614544011,6760326044614544011,1
71,clang-O3-v3,20260917,964,18,measure,10,small,sum_one,uniform,1,1048576,3046087,11,11,8452580083670974464,8452580083670974464,1
71,clang-O3-v3,20260917,965,18,measure,11,dependency,sum_four,uniform,65536,64,564535,11,11,1190735372877940864,1190735372877940864,1
71,clang-O3-v3,20260917,966,18,measure,12,branch,filter_copy,p000,65536,1,17023,11,11,0,0,1
71,clang-O3-v3,20260917,967,18,measure,13,branch,sum_if,p900,65536,1,9737,11,11,1957202038211152021,1957202038211152021,1
71,clang-O3-v3,20260917,968,18,measure,14,dependency,sum_one_bis,uniform,65536,64,386901,11,11,1190735372877940864,1190735372877940864,1
71,clang-O3-v3,20260917,969,18,measure,15,branch,filter_copy_mask,p250,65536,1,28370,11,11,16384,16384,1
71,clang-O3-v3,20260917,970,18,measure,16,branch,filter_copy,p500_sorted,65536,1,22221,11,11,32768,32768,1
71,clang-O3-v3,20260917,971,18,measure,17,small,sum_one,uniform,3,349525,1731183,11,11,9690214761957071044,9690214761957071044,1
71,clang-O3-v3,20260917,972,18,measure,18,dependency,split_xor_mul,uniform,65536,64,1249975,11,11,8310383708453772032,8310383708453772032,1
71,clang-O3-v3,20260917,973,18,measure,19,branch,sum_if,p500,65536,1,9166,11,11,261284744287062128,261284744287062128,1
71,clang-O3-v3,20260917,974,18,measure,20,small,sum_one,uniform,16,65536,210542,11,11,1403062601089810432,1403062601089810432,1
71,clang-O3-v3,20260917,975,18,measure,21,branch,sum_if,p500_sorted,65536,1,9815,11,11,2213941836433581612,2213941836433581612,1
71,clang-O3-v3,20260917,976,18,measure,22,small,sum_one,uniform,2,524288,2110205,11,11,14489530702789345280,14489530702789345280,1
71,clang-O3-v3,20260917,977,18,measure,23,branch,filter_copy,p500,65536,1,342437,11,11,32768,32768,1
71,clang-O3-v3,20260917,978,18,measure,24,small,sum_one,uniform,24,43690,236532,11,11,5019437447312423050,5019437447312423050,1
71,clang-O3-v3,20260917,979,18,measure,25,branch,sum_if,p250,65536,1,9794,11,11,75766260937212688,75766260937212688,1
71,clang-O3-v3,20260917,980,18,measure,26,small,sum_one,uniform,48,21845,131435,11,11,18173204259618227916,18173204259618227916,1
71,clang-O3-v3,20260917,981,18,measure,27,branch,filter_copy_mask,p500_alternating,65536,1,28235,11,11,32768,32768,1
71,clang-O3-v3,20260917,982,18,measure,28,branch,sum_if,p000,65536,1,10034,11,11,0,0,1
71,clang-O3-v3,20260917,983,18,measure,29,small,sum_one,uniform,96,10922,110514,11,11,1966801938065649448,1966801938065649448,1
71,clang-O3-v3,20260917,984,18,measure,30,branch,filter_copy_mask,p900,65536,1,42348,11,11,58982,58982,1
71,clang-O3-v3,20260917,985,18,measure,31,branch,filter_copy_mask,p1000,65536,1,31740,11,11,65536,65536,1
71,clang-O3-v3,20260917,986,18,measure,32,small,sum_one,uniform,384,2730,76382,11,11,5767785928059657782,5767785928059657782,1
71,clang-O3-v3,20260917,987,18,measure,33,small,sum_one,uniform,1024,1024,81045,11,11,6113767114656410624,6113767114656410624,1
71,clang-O3-v3,20260917,988,18,measure,34,dependency,sum_one,uniform,65536,64,387058,11,11,1190735372877940864,1190735372877940864,1
71,clang-O3-v3,20260917,989,18,measure,35,branch,filter_copy_mask,p500,65536,1,27235,11,11,32768,32768,1
71,clang-O3-v3,20260917,990,18,measure,36,small,sum_one,uniform,6,174762,914311,11,11,4529353940760067638,4529353940760067638,1
71,clang-O3-v3,20260917,991,18,measure,37,small,sum_one,uniform,256,4096,81543,11,11,12471836693395644416,12471836693395644416,1
71,clang-O3-v3,20260917,992,18,measure,38,dependency,sum_twice,uniform,65536,64,777594,11,11,2381470745755881728,2381470745755881728,1
71,clang-O3-v3,20260917,993,18,measure,39,small,sum_one,uniform,8,131072,576200,11,11,11724155215337095168,11724155215337095168,1
71,clang-O3-v3,20260917,994,18,measure,40,dependency,chain_xor_mul,uniform,65536,64,6743361,11,11,5299772668389481216,5299772668389481216,1
71,clang-O3-v3,20260917,995,18,measure,41,small,sum_one,uniform,128,8192,92183,11,11,17503531059042279424,17503531059042279424,1
71,clang-O3-v3,20260917,996,18,measure,42,branch,filter_copy,p900,65536,1,103097,11,11,58982,58982,1
71,clang-O3-v3,20260917,997,18,measure,43,small,sum_one,uniform,64,16384,108330,11,11,14815439244071927808,14815439244071927808,1
71,clang-O3-v3,20260917,998,18,measure,44,branch,sum_if,p1000,65536,1,10147,11,11,4485739283943968327,4485739283943968327,1
71,clang-O3-v3,20260917,999,18,measure,45,small,sum_one,uniform,32,32768,142207,11,11,4730905112462327808,4730905112462327808,1
71,clang-O3-v3,20260917,1000,18,measure,46,branch,filter_copy,p250,65536,1,192730,11,11,16384,16384,1
71,clang-O3-v3,20260917,1001,18,measure,47,small,sum_one,uniform,192,5461,83704,11,11,17901819518249685373,17901819518249685373,1
71,clang-O3-v3,20260917,1002,18,measure,48,branch,filter_copy,p1000,65536,1,24357,11,11,65536,65536,1
71,clang-O3-v3,20260917,1003,18,measure,49,branch,filter_copy_mask,p100,65536,1,27975,11,11,6554,6554,1
71,clang-O3-v3,20260917,1004,18,measure,50,small,sum_one,uniform,12,87381,492667,11,11,18208879310165819389,18208879310165819389,1
71,clang-O3-v3,20260917,1005,18,measure,51,branch,filter_copy_mask,p750,65536,1,27114,11,11,49152,49152,1
71,clang-O3-v3,20260917,1006,18,measure,52,branch,filter_copy_mask,p500_sorted,65536,1,27964,11,11,32768,32768,1
71,clang-O3-v3,20260917,1007,19,measure,0,branch,filter_copy_mask,p500_sorted,65536,1,26617,11,11,32768,32768,1
71,clang-O3-v3,20260917,1008,19,measure,1,branch,filter_copy_mask,p000,65536,1,27066,11,11,0,0,1
71,clang-O3-v3,20260917,1009,19,measure,2,small,sum_one,uniform,3,349525,1750632,11,11,9690214761957071044,9690214761957071044,1
71,clang-O3-v3,20260917,1010,19,measure,3,branch,sum_if,p750,65536,1,12035,11,11,14586442889165806448,14586442889165806448,1
71,clang-O3-v3,20260917,1011,19,measure,4,small,sum_one,uniform,8,131072,493780,11,11,11724155215337095168,11724155215337095168,1
71,clang-O3-v3,20260917,1012,19,measure,5,dependency,chain_xor_mul,uniform,65536,64,6789531,11,11,5299772668389481216,5299772668389481216,1
71,clang-O3-v3,20260917,1013,19,measure,6,small,sum_one,uniform,384,2730,77019,11,11,5767785928059657782,5767785928059657782,1
71,clang-O3-v3,20260917,1014,19,measure,7,branch,filter_copy,p900,65536,1,103221,11,11,58982,58982,1
71,clang-O3-v3,20260917,1015,19,measure,8,small,sum_one,uniform,16,65536,210215,11,11,1403062601089810432,1403062601089810432,1
71,clang-O3-v3,20260917,1016,19,measure,9,branch,sum_if,p100,65536,1,9737,11,11,3083979731501324985,3083979731501324985,1
71,clang-O3-v3,20260917,1017,19,measure,10,branch,filter_copy_mask,p500_alternating,65536,1,28821,11,11,32768,32768,1
71,clang-O3-v3,20260917,1018,19,measure,11,small,sum_one,uniform,64,16384,108059,11,11,14815439244071927808,14815439244071927808,1
71,clang-O3-v3,20260917,1019,19,measure,12,dependency,sum_one_bis,uniform,65536,64,386555,11,11,1190735372877940864,1190735372877940864,1
71,clang-O3-v3,20260917,1020,19,measure,13,branch,sum_if,p500_alternating,65536,1,9549,11,11,4196774058536912234,4196774058536912234,1
71,clang-O3-v3,20260917,1021,19,measure,14,branch,sum_if,p1000,65536,1,9547,11,11,4485739283943968327,4485739283943968327,1
71,clang-O3-v3,20260917,1022,19,measure,15,branch,filter_copy_mask,p750,65536,1,27311,11,11,49152,49152,1
71,clang-O3-v3,20260917,1023,19,measure,16,small,sum_one,uniform,48,21845,118809,11,11,18173204259618227916,18173204259618227916,1
71,clang-O3-v3,20260917,1024,19,measure,17,small,sum_one,uniform,12,87381,493699,11,11,18208879310165819389,18208879310165819389,1
71,clang-O3-v3,20260917,1025,19,measure,18,small,sum_one,uniform,2,524288,2170319,11,11,14489530702789345280,14489530702789345280,1
71,clang-O3-v3,20260917,1026,19,measure,19,small,sum_one,uniform,6,174762,926680,11,11,4529353940760067638,4529353940760067638,1
71,clang-O3-v3,20260917,1027,19,measure,20,small,sum_one,uniform,24,43690,192804,11,11,5019437447312423050,5019437447312423050,1
71,clang-O3-v3,20260917,1028,19,measure,21,small,sum_one,uniform,192,5461,82074,11,11,17901819518249685373,17901819518249685373,1
71,clang-O3-v3,20260917,1029,19,measure,22,branch,filter_copy,p250,65536,1,191404,11,11,16384,16384,1
71,clang-O3-v3,20260917,1030,19,measure,23,small,sum_one,uniform,32,32768,147405,11,11,4730905112462327808,4730905112462327808,1
71,clang-O3-v3,20260917,1031,19,measure,24,branch,filter_copy_mask,p500,65536,1,27935,11,11,32768,32768,1
71,clang-O3-v3,20260917,1032,19,measure,25,branch,filter_copy,p000,65536,1,17523,11,11,0,0,1
71,clang-O3-v3,20260917,1033,19,measure,26,branch,sum_if,p000,65536,1,12428,11,11,0,0,1
71,clang-O3-v3,20260917,1034,19,measure,27,branch,sum_if,p500,65536,1,10812,11,11,261284744287062128,261284744287062128,1
71,clang-O3-v3,20260917,1035,19,measure,28,small,sum_one,uniform,256,4096,79628,11,11,12471836693395644416,12471836693395644416,1
71,clang-O3-v3,20260917,1036,19,measure,29,small,sum_one,uniform,512,2048,74455,11,11,6127788314265579520,6127788314265579520,1
71,clang-O3-v3,20260917,1037,19,measure,30,small,sum_one,uniform,1024,1024,81596,11,11,6113767114656410624,6113767114656410624,1
71,clang-O3-v3,20260917,1038,19,measure,31,dependency,sum_four,uniform,65536,64,562205,11,11,1190735372877940864,1190735372877940864,1
71,clang-O3-v3,20260917,1039,19,measure,32,small,sum_one,uniform,768,1365,75752,11,11,6760326044614544011,6760326044614544011,1
71,clang-O3-v3,20260917,1040,19,measure,33,branch,filter_copy_mask,p1000,65536,1,39887,11,11,65536,65536,1
71,clang-O3-v3,20260917,1041,19,measure,34,small,sum_one,uniform,1,1048576,3015341,11,11,8452580083670974464,8452580083670974464,1
71,clang-O3-v3,20260917,1042,19,measure,35,branch,filter_copy_mask,p100,65536,1,28456,11,11,6554,6554,1
71,clang-O3-v3,20260917,1043,19,measure,36,branch,filter_copy,p500_sorted,65536,1,21508,11,11,32768,32768,1
71,clang-O3-v3,20260917,1044,19,measure,37,dependency,split_xor_mul,uniform,65536,64,1270207,11,11,8310383708453772032,8310383708453772032,1
71,clang-O3-v3,20260917,1045,19,measure,38,branch,filter_copy,p750,65536,1,194478,11,11,49152,49152,1
71,clang-O3-v3,20260917,1046,19,measure,39,dependency,sum_twice,uniform,65536,64,775024,11,11,2381470745755881728,2381470745755881728,1
71,clang-O3-v3,20260917,1047,19,measure,40,small,sum_one,uniform,96,10922,96353,11,11,1966801938065649448,1966801938065649448,1
71,clang-O3-v3,20260917,1048,19,measure,41,small,sum_one,uniform,4,262144,949440,11,11,6027757896494481408,6027757896494481408,1
71,clang-O3-v3,20260917,1049,19,measure,42,small,sum_one,uniform,128,8192,89312,11,11,17503531059042279424,17503531059042279424,1
71,clang-O3-v3,20260917,1050,19,measure,43,branch,sum_if,p500_sorted,65536,1,9620,11,11,2213941836433581612,2213941836433581612,1
71,clang-O3-v3,20260917,1051,19,measure,44,branch,filter_copy,p100,65536,1,94749,11,11,6554,6554,1
71,clang-O3-v3,20260917,1052,19,measure,45,branch,sum_if,p250,65536,1,9576,11,11,75766260937212688,75766260937212688,1
71,clang-O3-v3,20260917,1053,19,measure,46,branch,filter_copy,p500,65536,1,336308,11,11,32768,32768,1
71,clang-O3-v3,20260917,1054,19,measure,47,branch,sum_if,p900,65536,1,9619,11,11,1957202038211152021,1957202038211152021,1
71,clang-O3-v3,20260917,1055,19,measure,48,branch,filter_copy,p1000,65536,1,29122,11,11,65536,65536,1
71,clang-O3-v3,20260917,1056,19,measure,49,branch,filter_copy_mask,p900,65536,1,27906,11,11,58982,58982,1
71,clang-O3-v3,20260917,1057,19,measure,50,branch,filter_copy_mask,p250,65536,1,42742,11,11,16384,16384,1
71,clang-O3-v3,20260917,1058,19,measure,51,branch,filter_copy,p500_alternating,65536,1,20888,11,11,32768,32768,1
71,clang-O3-v3,20260917,1059,19,measure,52,dependency,sum_one,uniform,65536,64,389707,11,11,1190735372877940864,1190735372877940864,1
71,clang-O3-v3,20260917,1060,20,measure,0,branch,filter_copy,p500,65536,1,339325,11,11,32768,32768,1
71,clang-O3-v3,20260917,1061,20,measure,1,branch,filter_copy,p750,65536,1,194655,11,11,49152,49152,1
71,clang-O3-v3,20260917,1062,20,measure,2,dependency,sum_twice,uniform,65536,64,778016,11,11,2381470745755881728,2381470745755881728,1
71,clang-O3-v3,20260917,1063,20,measure,3,dependency,sum_one,uniform,65536,64,387280,11,11,1190735372877940864,1190735372877940864,1
71,clang-O3-v3,20260917,1064,20,measure,4,small,sum_one,uniform,32,32768,146690,11,11,4730905112462327808,4730905112462327808,1
71,clang-O3-v3,20260917,1065,20,measure,5,branch,sum_if,p750,65536,1,9923,11,11,14586442889165806448,14586442889165806448,1
71,clang-O3-v3,20260917,1066,20,measure,6,small,sum_one,uniform,96,10922,94875,11,11,1966801938065649448,1966801938065649448,1
71,clang-O3-v3,20260917,1067,20,measure,7,branch,filter_copy,p900,65536,1,101833,11,11,58982,58982,1
71,clang-O3-v3,20260917,1068,20,measure,8,branch,filter_copy_mask,p500_alternating,65536,1,28346,11,11,32768,32768,1
71,clang-O3-v3,20260917,1069,20,measure,9,dependency,sum_one_bis,uniform,65536,64,393408,11,11,1190735372877940864,1190735372877940864,1
71,clang-O3-v3,20260917,1070,20,measure,10,small,sum_one,uniform,768,1365,75576,11,11,6760326044614544011,6760326044614544011,1
71,clang-O3-v3,20260917,1071,20,measure,11,branch,sum_if,p000,65536,1,9747,11,11,0,0,1
71,clang-O3-v3,20260917,1072,20,measure,12,small,sum_one,uniform,4,262144,922164,11,11,6027757896494481408,6027757896494481408,1
71,clang-O3-v3,20260917,1073,20,measure,13,small,sum_one,uniform,3,349525,1728312,11,11,9690214761957071044,9690214761957071044,1
71,clang-O3-v3,20260917,1074,20,measure,14,small,sum_one,uniform,16,65536,215698,11,11,1403062601089810432,1403062601089810432,1
71,clang-O3-v3,20260917,1075,20,measure,15,small,sum_one,uniform,8,131072,525656,11,11,11724155215337095168,11724155215337095168,1
71,clang-O3-v3,20260917,1076,20,measure,16,small,sum_one,uniform,12,87381,455453,11,11,18208879310165819389,18208879310165819389,1
71,clang-O3-v3,20260917,1077,20,measure,17,small,sum_one,uniform,256,4096,91021,11,11,12471836693395644416,12471836693395644416,1
71,clang-O3-v3,20260917,1078,20,measure,18,branch,sum_if,p900,65536,1,9941,11,11,1957202038211152021,1957202038211152021,1
71,clang-O3-v3,20260917,1079,20,measure,19,branch,filter_copy_mask,p900,65536,1,32392,11,11,58982,58982,1
71,clang-O3-v3,20260917,1080,20,measure,20,branch,filter_copy_mask,p000,65536,1,28191,11,11,0,0,1
71,clang-O3-v3,20260917,1081,20,measure,21,small,sum_one,uniform,24,43690,195093,11,11,5019437447312423050,5019437447312423050,1
71,clang-O3-v3,20260917,1082,20,measure,22,branch,filter_copy_mask,p1000,65536,1,29909,11,11,65536,65536,1
71,clang-O3-v3,20260917,1083,20,measure,23,small,sum_one,uniform,128,8192,89799,11,11,17503531059042279424,17503531059042279424,1
71,clang-O3-v3,20260917,1084,20,measure,24,branch,filter_copy,p500_alternating,65536,1,20034,11,11,32768,32768,1
71,clang-O3-v3,20260917,1085,20,measure,25,small,sum_one,uniform,512,2048,77508,11,11,6127788314265579520,6127788314265579520,1
71,clang-O3-v3,20260917,1086,20,measure,26,small,sum_one,uniform,384,2730,77629,11,11,5767785928059657782,5767785928059657782,1
71,clang-O3-v3,20260917,1087,20,measure,27,branch,filter_copy,p000,65536,1,16644,11,11,0,0,1
71,clang-O3-v3,20260917,1088,20,measure,28,branch,sum_if,p250,65536,1,11908,11,11,75766260937212688,75766260937212688,1
71,clang-O3-v3,20260917,1089,20,measure,29,branch,sum_if,p500_sorted,65536,1,9755,11,11,2213941836433581612,2213941836433581612,1
71,clang-O3-v3,20260917,1090,20,measure,30,branch,filter_copy_mask,p250,65536,1,27694,11,11,16384,16384,1
71,clang-O3-v3,20260917,1091,20,measure,31,small,sum_one,uniform,192,5461,82094,11,11,17901819518249685373,17901819518249685373,1
71,clang-O3-v3,20260917,1092,20,measure,32,branch,sum_if,p1000,65536,1,9538,11,11,4485739283943968327,4485739283943968327,1
71,clang-O3-v3,20260917,1093,20,measure,33,small,sum_one,uniform,2,524288,2171195,11,11,14489530702789345280,14489530702789345280,1
71,clang-O3-v3,20260917,1094,20,measure,34,branch,sum_if,p500,65536,1,11957,11,11,261284744287062128,261284744287062128,1
71,clang-O3-v3,20260917,1095,20,measure,35,branch,filter_copy,p500_sorted,65536,1,22181,11,11,32768,32768,1
71,clang-O3-v3,20260917,1096,20,measure,36,small,sum_one,uniform,1,1048576,3022242,11,11,8452580083670974464,8452580083670974464,1
71,clang-O3-v3,20260917,1097,20,measure,37,small,sum_one,uniform,48,21845,133437,11,11,18173204259618227916,18173204259618227916,1
71,clang-O3-v3,20260917,1098,20,measure,38,branch,filter_copy_mask,p750,65536,1,29771,11,11,49152,49152,1
71,clang-O3-v3,20260917,1099,20,measure,39,dependency,chain_xor_mul,uniform,65536,64,6780361,11,11,5299772668389481216,5299772668389481216,1
71,clang-O3-v3,20260917,1100,20,measure,40,small,sum_one,uniform,6,174762,981172,11,11,4529353940760067638,4529353940760067638,1
71,clang-O3-v3,20260917,1101,20,measure,41,branch,filter_copy_mask,p100,65536,1,27420,11,11,6554,6554,1
71,clang-O3-v3,20260917,1102,20,measure,42,dependency,split_xor_mul,uniform,65536,64,1313084,11,11,8310383708453772032,8310383708453772032,1
71,clang-O3-v3,20260917,1103,20,measure,43,branch,filter_copy,p1000,65536,1,34250,11,11,65536,65536,1
71,clang-O3-v3,20260917,1104,20,measure,44,branch,filter_copy,p100,65536,1,94881,11,11,6554,6554,1
71,clang-O3-v3,20260917,1105,20,measure,45,branch,filter_copy_mask,p500,65536,1,27428,11,11,32768,32768,1
71,clang-O3-v3,20260917,1106,20,measure,46,dependency,sum_four,uniform,65536,64,565936,11,11,1190735372877940864,1190735372877940864,1
71,clang-O3-v3,20260917,1107,20,measure,47,branch,filter_copy_mask,p500_sorted,65536,1,26642,11,11,32768,32768,1
71,clang-O3-v3,20260917,1108,20,measure,48,branch,sum_if,p500_alternating,65536,1,9896,11,11,4196774058536912234,4196774058536912234,1
71,clang-O3-v3,20260917,1109,20,measure,49,small,sum_one,uniform,64,16384,110064,11,11,14815439244071927808,14815439244071927808,1
71,clang-O3-v3,20260917,1110,20,measure,50,branch,sum_if,p100,65536,1,10500,11,11,3083979731501324985,3083979731501324985,1
71,clang-O3-v3,20260917,1111,20,measure,51,branch,filter_copy,p250,65536,1,191300,11,11,16384,16384,1
71,clang-O3-v3,20260917,1112,20,measure,52,small,sum_one,uniform,1024,1024,86693,11,11,6113767114656410624,6113767114656410624,1
