run_id,build,seed,sample,round,phase,position,part,label,dataset,n,calls,elapsed_ns,cpu_before,cpu_after,result,expected,output_ok
32,gcc-scalar,20260917,0,0,warmup,0,dependency,sum_twice,uniform,65536,64,3542442,11,11,2381470745755881728,2381470745755881728,1
32,gcc-scalar,20260917,1,0,warmup,1,branch,sum_if,p900,65536,1,141906,11,11,1957202038211152021,1957202038211152021,1
32,gcc-scalar,20260917,2,0,warmup,2,dependency,sum_one,uniform,65536,64,2023561,11,11,1190735372877940864,1190735372877940864,1
32,gcc-scalar,20260917,3,0,warmup,3,branch,sum_if,p500_sorted,65536,1,27570,11,11,2213941836433581612,2213941836433581612,1
32,gcc-scalar,20260917,4,0,warmup,4,small,sum_one,uniform,32,32768,518002,11,11,4730905112462327808,4730905112462327808,1
32,gcc-scalar,20260917,5,0,warmup,5,small,sum_one,uniform,2,524288,1115353,11,11,14489530702789345280,14489530702789345280,1
32,gcc-scalar,20260917,6,0,warmup,6,small,sum_one,uniform,256,4096,429404,11,11,12471836693395644416,12471836693395644416,1
32,gcc-scalar,20260917,7,0,warmup,7,branch,filter_copy,p250,65536,1,270451,11,11,16384,16384,1
32,gcc-scalar,20260917,8,0,warmup,8,branch,filter_copy,p500_sorted,65536,1,35156,11,11,32768,32768,1
32,gcc-scalar,20260917,9,0,warmup,9,branch,sum_if,p750,65536,1,256572,11,11,14586442889165806448,14586442889165806448,1
32,gcc-scalar,20260917,10,0,warmup,10,branch,filter_copy_mask,p500_alternating,65536,1,31029,11,11,32768,32768,1
32,gcc-scalar,20260917,11,0,warmup,11,branch,sum_if,p250,65536,1,270067,11,11,75766260937212688,75766260937212688,1
32,gcc-scalar,20260917,12,0,warmup,12,branch,sum_if,p1000,65536,1,27519,11,11,4485739283943968327,4485739283943968327,1
32,gcc-scalar,20260917,13,0,warmup,13,dependency,sum_one_bis,uniform,65536,64,1768750,11,11,1190735372877940864,1190735372877940864,1
32,gcc-scalar,20260917,14,0,warmup,14,dependency,sum_four,uniform,65536,64,1185290,11,11,1190735372877940864,1190735372877940864,1
32,gcc-scalar,20260917,15,0,warmup,15,branch,filter_copy,p000,65536,1,27466,11,11,0,0,1
32,gcc-scalar,20260917,16,0,warmup,16,small,sum_one,uniform,3,349525,1027000,11,11,9690214761957071044,9690214761957071044,1
32,gcc-scalar,20260917,17,0,warmup,17,branch,filter_copy,p900,65536,1,143395,11,11,58982,58982,1
32,gcc-scalar,20260917,18,0,warmup,18,branch,filter_copy_mask,p500_sorted,65536,1,29997,11,11,32768,32768,1
32,gcc-scalar,20260917,19,0,warmup,19,branch,sum_if,p500,65536,1,374456,11,11,261284744287062128,261284744287062128,1
32,gcc-scalar,20260917,20,0,warmup,20,branch,filter_copy,p1000,65536,1,39739,11,11,65536,65536,1
32,gcc-scalar,20260917,21,0,warmup,21,branch,filter_copy_mask,p250,65536,1,29654,11,11,16384,16384,1
32,gcc-scalar,20260917,22,0,warmup,22,branch,filter_copy,p500,65536,1,367834,11,11,32768,32768,1
32,gcc-scalar,20260917,23,0,warmup,23,small,sum_one,uniform,96,10922,536805,11,11,1966801938065649448,1966801938065649448,1
32,gcc-scalar,20260917,24,0,warmup,24,branch,filter_copy_mask,p900,65536,1,30599,11,11,58982,58982,1
32,gcc-scalar,20260917,25,0,warmup,25,branch,sum_if,p100,65536,1,153964,11,11,3083979731501324985,3083979731501324985,1
32,gcc-scalar,20260917,26,0,warmup,26,small,sum_one,uniform,1024,1024,443850,11,11,6113767114656410624,6113767114656410624,1
32,gcc-scalar,20260917,27,0,warmup,27,small,sum_one,uniform,128,8192,481009,11,11,17503531059042279424,17503531059042279424,1
32,gcc-scalar,20260917,28,0,warmup,28,branch,filter_copy_mask,p1000,65536,1,30181,11,11,65536,65536,1
32,gcc-scalar,20260917,29,0,warmup,29,small,sum_one,uniform,16,65536,582036,11,11,1403062601089810432,1403062601089810432,1
32,gcc-scalar,20260917,30,0,warmup,30,small,sum_one,uniform,64,16384,626315,11,11,14815439244071927808,14815439244071927808,1
32,gcc-scalar,20260917,31,0,warmup,31,branch,sum_if,p000,65536,1,27515,11,11,0,0,1
32,gcc-scalar,20260917,32,0,warmup,32,branch,sum_if,p500_alternating,65536,1,32411,11,11,4196774058536912234,4196774058536912234,1
32,gcc-scalar,20260917,33,0,warmup,33,dependency,chain_xor_mul,uniform,65536,64,7030249,11,11,5299772668389481216,5299772668389481216,1
32,gcc-scalar,20260917,34,0,warmup,34,small,sum_one,uniform,6,174762,769118,11,11,4529353940760067638,4529353940760067638,1
32,gcc-scalar,20260917,35,0,warmup,35,dependency,split_xor_mul,uniform,65536,64,2327641,11,11,8310383708453772032,8310383708453772032,1
32,gcc-scalar,20260917,36,0,warmup,36,small,sum_one,uniform,768,1365,434329,11,11,6760326044614544011,6760326044614544011,1
32,gcc-scalar,20260917,37,0,warmup,37,branch,filter_copy_mask,p000,65536,1,28344,11,11,0,0,1
32,gcc-scalar,20260917,38,0,warmup,38,small,sum_one,uniform,8,131072,713946,11,11,11724155215337095168,11724155215337095168,1
32,gcc-scalar,20260917,39,0,warmup,39,branch,filter_copy,p500_alternating,65536,1,27765,11,11,32768,32768,1
32,gcc-scalar,20260917,40,0,warmup,40,branch,filter_copy_mask,p750,65536,1,29256,11,11,49152,49152,1
32,gcc-scalar,20260917,41,0,warmup,41,branch,filter_copy,p750,65536,1,268398,11,11,49152,49152,1
32,gcc-scalar,20260917,42,0,warmup,42,small,sum_one,uniform,384,2730,441624,11,11,5767785928059657782,5767785928059657782,1
32,gcc-scalar,20260917,43,0,warmup,43,small,sum_one,uniform,4,262144,932916,11,11,6027757896494481408,6027757896494481408,1
32,gcc-scalar,20260917,44,0,warmup,44,branch,filter_copy,p100,65536,1,158567,11,11,6554,6554,1
32,gcc-scalar,20260917,45,0,warmup,45,small,sum_one,uniform,24,43690,531053,11,11,5019437447312423050,5019437447312423050,1
32,gcc-scalar,20260917,46,0,warmup,46,branch,filter_copy_mask,p100,65536,1,28387,11,11,6554,6554,1
32,gcc-scalar,20260917,47,0,warmup,47,small,sum_one,uniform,12,87381,622577,11,11,18208879310165819389,18208879310165819389,1
32,gcc-scalar,20260917,48,0,warmup,48,branch,filter_copy_mask,p500,65536,1,29888,11,11,32768,32768,1
32,gcc-scalar,20260917,49,0,warmup,49,small,sum_one,uniform,512,2048,442937,11,11,6127788314265579520,6127788314265579520,1
32,gcc-scalar,20260917,50,0,warmup,50,small,sum_one,uniform,1,1048576,1754526,11,11,8452580083670974464,8452580083670974464,1
32,gcc-scalar,20260917,51,0,warmup,51,small,sum_one,uniform,48,21845,715699,11,11,18173204259618227916,18173204259618227916,1
32,gcc-scalar,20260917,52,0,warmup,52,small,sum_one,uniform,192,5461,436734,11,11,17901819518249685373,17901819518249685373,1
32,gcc-scalar,20260917,53,1,measure,0,branch,filter_copy_mask,p100,65536,1,27581,11,11,6554,6554,1
32,gcc-scalar,20260917,54,1,measure,1,small,sum_one,uniform,24,43690,513017,11,11,5019437447312423050,5019437447312423050,1
32,gcc-scalar,20260917,55,1,measure,2,small,sum_one,uniform,4,262144,906557,11,11,6027757896494481408,6027757896494481408,1
32,gcc-scalar,20260917,56,1,measure,3,branch,filter_copy_mask,p500,65536,1,31012,11,11,32768,32768,1
32,gcc-scalar,20260917,57,1,measure,4,small,sum_one,uniform,8,131072,735786,11,11,11724155215337095168,11724155215337095168,1
32,gcc-scalar,20260917,58,1,measure,5,dependency,chain_xor_mul,uniform,65536,64,7032784,11,11,5299772668389481216,5299772668389481216,1
32,gcc-scalar,20260917,59,1,measure,6,branch,sum_if,p500_sorted,65536,1,27988,11,11,2213941836433581612,2213941836433581612,1
32,gcc-scalar,20260917,60,1,measure,7,branch,filter_copy,p500_sorted,65536,1,29202,11,11,32768,32768,1
32,gcc-scalar,20260917,61,1,measure,8,branch,sum_if,p000,65536,1,27496,11,11,0,0,1
32,gcc-scalar,20260917,62,1,measure,9,small,sum_one,uniform,256,4096,428463,11,11,12471836693395644416,12471836693395644416,1
32,gcc-scalar,20260917,63,1,measure,10,branch,filter_copy_mask,p000,65536,1,28317,11,11,0,0,1
32,gcc-scalar,20260917,64,1,measure,11,small,sum_one,uniform,6,174762,775382,11,11,4529353940760067638,4529353940760067638,1
32,gcc-scalar,20260917,65,1,measure,12,dependency,sum_four,uniform,65536,64,1171782,11,11,1190735372877940864,1190735372877940864,1
32,gcc-scalar,20260917,66,1,measure,13,branch,filter_copy,p100,65536,1,153042,11,11,6554,6554,1
32,gcc-scalar,20260917,67,1,measure,14,branch,filter_copy,p500,65536,1,391332,11,11,32768,32768,1
32,gcc-scalar,20260917,68,1,measure,15,small,sum_one,uniform,384,2730,430645,11,11,5767785928059657782,5767785928059657782,1
32,gcc-scalar,20260917,69,1,measure,16,small,sum_one,uniform,1024,1024,447758,11,11,6113767114656410624,6113767114656410624,1
32,gcc-scalar,20260917,70,1,measure,17,small,sum_one,uniform,12,87381,703749,11,11,18208879310165819389,18208879310165819389,1
32,gcc-scalar,20260917,71,1,measure,18,small,sum_one,uniform,768,1365,434727,11,11,6760326044614544011,6760326044614544011,1
32,gcc-scalar,20260917,72,1,measure,19,small,sum_one,uniform,1,1048576,1786799,11,11,8452580083670974464,8452580083670974464,1
32,gcc-scalar,20260917,73,1,measure,20,branch,sum_if,p750,65536,1,276707,11,11,14586442889165806448,14586442889165806448,1
32,gcc-scalar,20260917,74,1,measure,21,small,sum_one,uniform,64,16384,622786,11,11,14815439244071927808,14815439244071927808,1
32,gcc-scalar,20260917,75,1,measure,22,branch,filter_copy,p500_alternating,65536,1,68612,11,11,32768,32768,1
32,gcc-scalar,20260917,76,1,measure,23,branch,filter_copy_mask,p750,65536,1,30247,11,11,49152,49152,1
32,gcc-scalar,20260917,77,1,measure,24,dependency,split_xor_mul,uniform,65536,64,2350301,11,11,8310383708453772032,8310383708453772032,1
32,gcc-scalar,20260917,78,1,measure,25,branch,sum_if,p1000,65536,1,27479,11,11,4485739283943968327,4485739283943968327,1
32,gcc-scalar,20260917,79,1,measure,26,small,sum_one,uniform,512,2048,439204,11,11,6127788314265579520,6127788314265579520,1
32,gcc-scalar,20260917,80,1,measure,27,branch,filter_copy,p000,65536,1,30300,11,11,0,0,1
32,gcc-scalar,20260917,81,1,measure,28,branch,filter_copy_mask,p1000,65536,1,33372,11,11,65536,65536,1
32,gcc-scalar,20260917,82,1,measure,29,small,sum_one,uniform,16,65536,578583,11,11,1403062601089810432,1403062601089810432,1
32,gcc-scalar,20260917,83,1,measure,30,dependency,sum_twice,uniform,65536,64,3521979,11,11,2381470745755881728,2381470745755881728,1
32,gcc-scalar,20260917,84,1,measure,31,branch,sum_if,p100,65536,1,157811,11,11,3083979731501324985,3083979731501324985,1
32,gcc-scalar,20260917,85,1,measure,32,branch,filter_copy,p250,65536,1,281348,11,11,16384,16384,1
32,gcc-scalar,20260917,86,1,measure,33,branch,filter_copy_mask,p250,65536,1,29211,11,11,16384,16384,1
32,gcc-scalar,20260917,87,1,measure,34,branch,filter_copy_mask,p500_alternating,65536,1,30392,11,11,32768,32768,1
32,gcc-scalar,20260917,88,1,measure,35,small,sum_one,uniform,96,10922,531374,11,11,1966801938065649448,1966801938065649448,1
32,gcc-scalar,20260917,89,1,measure,36,branch,sum_if,p500_alternating,65536,1,27565,11,11,4196774058536912234,4196774058536912234,1
32,gcc-scalar,20260917,90,1,measure,37,dependency,sum_one,uniform,65536,64,1764858,11,11,1190735372877940864,1190735372877940864,1
32,gcc-scalar,20260917,91,1,measure,38,small,sum_one,uniform,48,21845,681645,11,11,18173204259618227916,18173204259618227916,1
32,gcc-scalar,20260917,92,1,measure,39,small,sum_one,uniform,2,524288,1102497,11,11,14489530702789345280,14489530702789345280,1
32,gcc-scalar,20260917,93,1,measure,40,branch,filter_copy,p750,65536,1,275861,11,11,49152,49152,1
32,gcc-scalar,20260917,94,1,measure,41,dependency,sum_one_bis,uniform,65536,64,1759254,11,11,1190735372877940864,1190735372877940864,1
32,gcc-scalar,20260917,95,1,measure,42,small,sum_one,uniform,3,349525,1029355,11,11,9690214761957071044,9690214761957071044,1
32,gcc-scalar,20260917,96,1,measure,43,branch,sum_if,p900,65536,1,145913,11,11,1957202038211152021,1957202038211152021,1
32,gcc-scalar,20260917,97,1,measure,44,branch,filter_copy,p900,65536,1,145232,11,11,58982,58982,1
32,gcc-scalar,20260917,98,1,measure,45,branch,filter_copy_mask,p500_sorted,65536,1,28087,11,11,32768,32768,1
32,gcc-scalar,20260917,99,1,measure,46,small,sum_one,uniform,192,5461,445298,11,11,17901819518249685373,17901819518249685373,1
32,gcc-scalar,20260917,100,1,measure,47,small,sum_one,uniform,128,8192,476575,11,11,17503531059042279424,17503531059042279424,1
32,gcc-scalar,20260917,101,1,measure,48,small,sum_one,uniform,32,32768,512313,11,11,4730905112462327808,4730905112462327808,1
32,gcc-scalar,20260917,102,1,measure,49,branch,sum_if,p250,65536,1,301258,11,11,75766260937212688,75766260937212688,1
32,gcc-scalar,20260917,103,1,measure,50,branch,filter_copy_mask,p900,65536,1,30087,11,11,58982,58982,1
32,gcc-scalar,20260917,104,1,measure,51,branch,sum_if,p500,65536,1,396372,11,11,261284744287062128,261284744287062128,1
32,gcc-scalar,20260917,105,1,measure,52,branch,filter_copy,p1000,65536,1,28167,11,11,65536,65536,1
32,gcc-scalar,20260917,106,2,measure,0,small,sum_one,uniform,12,87381,670279,11,11,18208879310165819389,18208879310165819389,1
32,gcc-scalar,20260917,107,2,measure,1,branch,filter_copy,p500_sorted,65536,1,27736,11,11,32768,32768,1
32,gcc-scalar,20260917,108,2,measure,2,small,sum_one,uniform,768,1365,434429,11,11,6760326044614544011,6760326044614544011,1
32,gcc-scalar,20260917,109,2,measure,3,branch,filter_copy,p500_alternating,65536,1,31676,11,11,32768,32768,1
32,gcc-scalar,20260917,110,2,measure,4,small,sum_one,uniform,384,2730,438470,11,11,5767785928059657782,5767785928059657782,1
32,gcc-scalar,20260917,111,2,measure,5,branch,sum_if,p250,65536,1,279169,11,11,75766260937212688,75766260937212688,1
32,gcc-scalar,20260917,112,2,measure,6,branch,sum_if,p500_alternating,65536,1,27532,11,11,4196774058536912234,4196774058536912234,1
32,gcc-scalar,20260917,113,2,measure,7,dependency,sum_twice,uniform,65536,64,3514871,11,11,2381470745755881728,2381470745755881728,1
32,gcc-scalar,20260917,114,2,measure,8,branch,filter_copy,p100,65536,1,151829,11,11,6554,6554,1
32,gcc-scalar,20260917,115,2,measure,9,small,sum_one,uniform,32,32768,510559,11,11,4730905112462327808,4730905112462327808,1
32,gcc-scalar,20260917,116,2,measure,10,branch,filter_copy_mask,p000,65536,1,28206,11,11,0,0,1
32,gcc-scalar,20260917,117,2,measure,11,small,sum_one,uniform,128,8192,475769,11,11,17503531059042279424,17503531059042279424,1
32,gcc-scalar,20260917,118,2,measure,12,branch,filter_copy_mask,p500_sorted,65536,1,28311,11,11,32768,32768,1
32,gcc-scalar,20260917,119,2,measure,13,branch,filter_copy_mask,p750,65536,1,28867,11,11,49152,49152,1
32,gcc-scalar,20260917,120,2,measure,14,branch,sum_if,p900,65536,1,171418,11,11,1957202038211152021,1957202038211152021,1
32,gcc-scalar,20260917,121,2,measure,15,small,sum_one,uniform,256,4096,440277,11,11,12471836693395644416,12471836693395644416,1
32,gcc-scalar,20260917,122,2,measure,16,branch,filter_copy,p1000,65536,1,28532,11,11,65536,65536,1
32,gcc-scalar,20260917,123,2,measure,17,small,sum_one,uniform,512,2048,442884,11,11,6127788314265579520,6127788314265579520,1
32,gcc-scalar,20260917,124,2,measure,18,small,sum_one,uniform,4,262144,934030,11,11,6027757896494481408,6027757896494481408,1
32,gcc-scalar,20260917,125,2,measure,19,branch,filter_copy,p000,65536,1,27502,11,11,0,0,1
32,gcc-scalar,20260917,126,2,measure,20,branch,filter_copy,p250,65536,1,271847,11,11,16384,16384,1
32,gcc-scalar,20260917,127,2,measure,21,small,sum_one,uniform,6,174762,769576,11,11,4529353940760067638,4529353940760067638,1
32,gcc-scalar,20260917,128,2,measure,22,small,sum_one,uniform,3,349525,1027120,11,11,9690214761957071044,9690214761957071044,1
32,gcc-scalar,20260917,129,2,measure,23,branch,filter_copy_mask,p500_alternating,65536,1,30086,11,11,32768,32768,1
32,gcc-scalar,20260917,130,2,measure,24,small,sum_one,uniform,96,10922,495413,11,11,1966801938065649448,1966801938065649448,1
32,gcc-scalar,20260917,131,2,measure,25,branch,filter_copy,p750,65536,1,273226,11,11,49152,49152,1
32,gcc-scalar,20260917,132,2,measure,26,dependency,chain_xor_mul,uniform,65536,64,7036295,11,11,5299772668389481216,5299772668389481216,1
32,gcc-scalar,20260917,133,2,measure,27,dependency,sum_four,uniform,65536,64,1168884,11,11,1190735372877940864,1190735372877940864,1
32,gcc-scalar,20260917,134,2,measure,28,small,sum_one,uniform,1,1048576,1766771,11,11,8452580083670974464,8452580083670974464,1
32,gcc-scalar,20260917,135,2,measure,29,branch,sum_if,p750,65536,1,278279,11,11,14586442889165806448,14586442889165806448,1
32,gcc-scalar,20260917,136,2,measure,30,branch,filter_copy_mask,p250,65536,1,34798,11,11,16384,16384,1
32,gcc-scalar,20260917,137,2,measure,31,dependency,sum_one,uniform,65536,64,1759450,11,11,1190735372877940864,1190735372877940864,1
32,gcc-scalar,20260917,138,2,measure,32,branch,sum_if,p1000,65536,1,27489,11,11,4485739283943968327,4485739283943968327,1
32,gcc-scalar,20260917,139,2,measure,33,small,sum_one,uniform,1024,1024,433508,11,11,6113767114656410624,6113767114656410624,1
32,gcc-scalar,20260917,140,2,measure,34,small,sum_one,uniform,48,21845,761311,11,11,18173204259618227916,18173204259618227916,1
32,gcc-scalar,20260917,141,2,measure,35,branch,sum_if,p000,65536,1,27538,11,11,0,0,1
32,gcc-scalar,20260917,142,2,measure,36,small,sum_one,uniform,24,43690,530533,11,11,5019437447312423050,5019437447312423050,1
32,gcc-scalar,20260917,143,2,measure,37,branch,filter_copy,p500,65536,1,410562,11,11,32768,32768,1
32,gcc-scalar,20260917,144,2,measure,38,branch,filter_copy_mask,p500,65536,1,67403,11,11,32768,32768,1
32,gcc-scalar,20260917,145,2,measure,39,branch,filter_copy_mask,p900,65536,1,28521,11,11,58982,58982,1
32,gcc-scalar,20260917,146,2,measure,40,branch,sum_if,p500_sorted,65536,1,27535,11,11,2213941836433581612,2213941836433581612,1
32,gcc-scalar,20260917,147,2,measure,41,small,sum_one,uniform,192,5461,895160,11,11,17901819518249685373,17901819518249685373,1
32,gcc-scalar,20260917,148,2,measure,42,dependency,split_xor_mul,uniform,65536,64,2408492,11,11,8310383708453772032,8310383708453772032,1
32,gcc-scalar,20260917,149,2,measure,43,branch,sum_if,p100,65536,1,160951,11,11,3083979731501324985,3083979731501324985,1
32,gcc-scalar,20260917,150,2,measure,44,branch,filter_copy_mask,p100,65536,1,28539,11,11,6554,6554,1
32,gcc-scalar,20260917,151,2,measure,45,branch,filter_copy,p900,65536,1,146516,11,11,58982,58982,1
32,gcc-scalar,20260917,152,2,measure,46,small,sum_one,uniform,64,16384,649018,11,11,14815439244071927808,14815439244071927808,1
32,gcc-scalar,20260917,153,2,measure,47,small,sum_one,uniform,16,65536,576178,11,11,1403062601089810432,1403062601089810432,1
32,gcc-scalar,20260917,154,2,measure,48,dependency,sum_one_bis,uniform,65536,64,2019570,11,11,1190735372877940864,1190735372877940864,1
32,gcc-scalar,20260917,155,2,measure,49,branch,sum_if,p500,65536,1,369655,11,11,261284744287062128,261284744287062128,1
32,gcc-scalar,20260917,156,2,measure,50,branch,filter_copy_mask,p1000,65536,1,27918,11,11,65536,65536,1
32,gcc-scalar,20260917,157,2,measure,51,small,sum_one,uniform,2,524288,1093320,11,11,14489530702789345280,14489530702789345280,1
32,gcc-scalar,20260917,158,2,measure,52,small,sum_one,uniform,8,131072,715062,11,11,11724155215337095168,11724155215337095168,1
32,gcc-scalar,20260917,159,3,measure,0,branch,filter_copy,p900,65536,1,142972,11,11,58982,58982,1
32,gcc-scalar,20260917,160,3,measure,1,branch,filter_copy,p500_sorted,65536,1,27300,11,11,32768,32768,1
32,gcc-scalar,20260917,161,3,measure,2,small,sum_one,uniform,24,43690,535894,11,11,5019437447312423050,5019437447312423050,1
32,gcc-scalar,20260917,162,3,measure,3,branch,filter_copy,p500,65536,1,384872,11,11,32768,32768,1
32,gcc-scalar,20260917,163,3,measure,4,dependency,sum_one,uniform,65536,64,1756725,11,11,1190735372877940864,1190735372877940864,1
32,gcc-scalar,20260917,164,3,measure,5,branch,filter_copy_mask,p900,65536,1,28478,11,11,58982,58982,1
32,gcc-scalar,20260917,165,3,measure,6,small,sum_one,uniform,384,2730,438258,11,11,5767785928059657782,5767785928059657782,1
32,gcc-scalar,20260917,166,3,measure,7,small,sum_one,uniform,32,32768,521242,11,11,4730905112462327808,4730905112462327808,1
32,gcc-scalar,20260917,167,3,measure,8,branch,sum_if,p750,65536,1,276972,11,11,14586442889165806448,14586442889165806448,1
32,gcc-scalar,20260917,168,3,measure,9,dependency,chain_xor_mul,uniform,65536,64,7023322,11,11,5299772668389481216,5299772668389481216,1
32,gcc-scalar,20260917,169,3,measure,10,branch,filter_copy_mask,p000,65536,1,28223,11,11,0,0,1
32,gcc-scalar,20260917,170,3,measure,11,dependency,sum_four,uniform,65536,64,1173416,11,11,1190735372877940864,1190735372877940864,1
32,gcc-scalar,20260917,171,3,measure,12,branch,sum_if,p500_alternating,65536,1,27558,11,11,4196774058536912234,4196774058536912234,1
32,gcc-scalar,20260917,172,3,measure,13,branch,sum_if,p500,65536,1,381512,11,11,261284744287062128,261284744287062128,1
32,gcc-scalar,20260917,173,3,measure,14,branch,filter_copy_mask,p500,65536,1,29053,11,11,32768,32768,1
32,gcc-scalar,20260917,174,3,measure,15,small,sum_one,uniform,12,87381,695887,11,11,18208879310165819389,18208879310165819389,1
32,gcc-scalar,20260917,175,3,measure,16,branch,filter_copy_mask,p500_sorted,65536,1,28075,11,11,32768,32768,1
32,gcc-scalar,20260917,176,3,measure,17,small,sum_one,uniform,6,174762,768489,11,11,4529353940760067638,4529353940760067638,1
32,gcc-scalar,20260917,177,3,measure,18,branch,filter_copy,p500_alternating,65536,1,27882,11,11,32768,32768,1
32,gcc-scalar,20260917,178,3,measure,19,branch,filter_copy,p1000,65536,1,28092,11,11,65536,65536,1
32,gcc-scalar,20260917,179,3,measure,20,small,sum_one,uniform,768,1365,435235,11,11,6760326044614544011,6760326044614544011,1
32,gcc-scalar,20260917,180,3,measure,21,dependency,sum_twice,uniform,65536,64,3517183,11,11,2381470745755881728,2381470745755881728,1
32,gcc-scalar,20260917,181,3,measure,22,branch,filter_copy,p100,65536,1,155212,11,11,6554,6554,1
32,gcc-scalar,20260917,182,3,measure,23,small,sum_one,uniform,192,5461,429985,11,11,17901819518249685373,17901819518249685373,1
32,gcc-scalar,20260917,183,3,measure,24,dependency,split_xor_mul,uniform,65536,64,2386409,11,11,8310383708453772032,8310383708453772032,1
32,gcc-scalar,20260917,184,3,measure,25,branch,filter_copy_mask,p750,65536,1,29083,11,11,49152,49152,1
32,gcc-scalar,20260917,185,3,measure,26,small,sum_one,uniform,64,16384,626504,11,11,14815439244071927808,14815439244071927808,1
32,gcc-scalar,20260917,186,3,measure,27,small,sum_one,uniform,256,4096,436296,11,11,12471836693395644416,12471836693395644416,1
32,gcc-scalar,20260917,187,3,measure,28,small,sum_one,uniform,2,524288,1153373,11,11,14489530702789345280,14489530702789345280,1
32,gcc-scalar,20260917,188,3,measure,29,branch,sum_if,p900,65536,1,146757,11,11,1957202038211152021,1957202038211152021,1
32,gcc-scalar,20260917,189,3,measure,30,small,sum_one,uniform,3,349525,1064334,11,11,9690214761957071044,9690214761957071044,1
32,gcc-scalar,20260917,190,3,measure,31,branch,sum_if,p100,65536,1,157174,11,11,3083979731501324985,3083979731501324985,1
32,gcc-scalar,20260917,191,3,measure,32,branch,filter_copy_mask,p250,65536,1,29510,11,11,16384,16384,1
32,gcc-scalar,20260917,192,3,measure,33,branch,filter_copy,p750,65536,1,274060,11,11,49152,49152,1
32,gcc-scalar,20260917,193,3,measure,34,branch,sum_if,p500_sorted,65536,1,27608,11,11,2213941836433581612,2213941836433581612,1
32,gcc-scalar,20260917,194,3,measure,35,branch,sum_if,p1000,65536,1,27472,11,11,4485739283943968327,4485739283943968327,1
32,gcc-scalar,20260917,195,3,measure,36,small,sum_one,uniform,48,21845,776500,11,11,18173204259618227916,18173204259618227916,1
32,gcc-scalar,20260917,196,3,measure,37,small,sum_one,uniform,1,1048576,1762140,11,11,8452580083670974464,8452580083670974464,1
32,gcc-scalar,20260917,197,3,measure,38,small,sum_one,uniform,128,8192,444365,11,11,17503531059042279424,17503531059042279424,1
32,gcc-scalar,20260917,198,3,measure,39,branch,filter_copy,p250,65536,1,284753,11,11,16384,16384,1
32,gcc-scalar,20260917,199,3,measure,40,small,sum_one,uniform,8,131072,790247,11,11,11724155215337095168,11724155215337095168,1
32,gcc-scalar,20260917,200,3,measure,41,small,sum_one,uniform,512,2048,433054,11,11,6127788314265579520,6127788314265579520,1
32,gcc-scalar,20260917,201,3,measure,42,branch,filter_copy,p000,65536,1,27508,11,11,0,0,1
32,gcc-scalar,20260917,202,3,measure,43,small,sum_one,uniform,96,10922,526897,11,11,1966801938065649448,1966801938065649448,1
32,gcc-scalar,20260917,203,3,measure,44,branch,filter_copy_mask,p500_alternating,65536,1,30068,11,11,32768,32768,1
32,gcc-scalar,20260917,204,3,measure,45,dependency,sum_one_bis,uniform,65536,64,1761524,11,11,1190735372877940864,1190735372877940864,1
32,gcc-scalar,20260917,205,3,measure,46,branch,sum_if,p000,65536,1,28175,11,11,0,0,1
32,gcc-scalar,20260917,206,3,measure,47,branch,filter_copy_mask,p1000,65536,1,29552,11,11,65536,65536,1
32,gcc-scalar,20260917,207,3,measure,48,branch,filter_copy_mask,p100,65536,1,28507,11,11,6554,6554,1
32,gcc-scalar,20260917,208,3,measure,49,small,sum_one,uniform,16,65536,586490,11,11,1403062601089810432,1403062601089810432,1
32,gcc-scalar,20260917,209,3,measure,50,branch,sum_if,p250,65536,1,290092,11,11,75766260937212688,75766260937212688,1
32,gcc-scalar,20260917,210,3,measure,51,small,sum_one,uniform,1024,1024,418949,11,11,6113767114656410624,6113767114656410624,1
32,gcc-scalar,20260917,211,3,measure,52,small,sum_one,uniform,4,262144,938259,11,11,6027757896494481408,6027757896494481408,1
32,gcc-scalar,20260917,212,4,measure,0,branch,sum_if,p500_alternating,65536,1,26541,11,11,4196774058536912234,4196774058536912234,1
32,gcc-scalar,20260917,213,4,measure,1,branch,sum_if,p750,65536,1,264671,11,11,14586442889165806448,14586442889165806448,1
32,gcc-scalar,20260917,214,4,measure,2,branch,filter_copy_mask,p250,65536,1,29533,11,11,16384,16384,1
32,gcc-scalar,20260917,215,4,measure,3,small,sum_one,uniform,12,87381,709279,11,11,18208879310165819389,18208879310165819389,1
32,gcc-scalar,20260917,216,4,measure,4,branch,filter_copy_mask,p500_alternating,65536,1,29732,11,11,32768,32768,1
32,gcc-scalar,20260917,217,4,measure,5,branch,filter_copy_mask,p750,65536,1,31979,11,11,49152,49152,1
32,gcc-scalar,20260917,218,4,measure,6,branch,filter_copy_mask,p1000,65536,1,28709,11,11,65536,65536,1
32,gcc-scalar,20260917,219,4,measure,7,dependency,split_xor_mul,uniform,65536,64,2353820,11,11,8310383708453772032,8310383708453772032,1
32,gcc-scalar,20260917,220,4,measure,8,small,sum_one,uniform,32,32768,508125,11,11,4730905112462327808,4730905112462327808,1
32,gcc-scalar,20260917,221,4,measure,9,branch,sum_if,p100,65536,1,155945,11,11,3083979731501324985,3083979731501324985,1
32,gcc-scalar,20260917,222,4,measure,10,branch,sum_if,p1000,65536,1,27493,11,11,4485739283943968327,4485739283943968327,1
32,gcc-scalar,20260917,223,4,measure,11,small,sum_one,uniform,384,2730,430463,11,11,5767785928059657782,5767785928059657782,1
32,gcc-scalar,20260917,224,4,measure,12,small,sum_one,uniform,1024,1024,438028,11,11,6113767114656410624,6113767114656410624,1
32,gcc-scalar,20260917,225,4,measure,13,dependency,sum_one,uniform,65536,64,1764167,11,11,1190735372877940864,1190735372877940864,1
32,gcc-scalar,20260917,226,4,measure,14,branch,filter_copy,p500_sorted,65536,1,27972,11,11,32768,32768,1
32,gcc-scalar,20260917,227,4,measure,15,small,sum_one,uniform,24,43690,535974,11,11,5019437447312423050,5019437447312423050,1
32,gcc-scalar,20260917,228,4,measure,16,branch,filter_copy,p100,65536,1,149442,11,11,6554,6554,1
32,gcc-scalar,20260917,229,4,measure,17,small,sum_one,uniform,8,131072,714535,11,11,11724155215337095168,11724155215337095168,1
32,gcc-scalar,20260917,230,4,measure,18,branch,filter_copy_mask,p500,65536,1,29043,11,11,32768,32768,1
32,gcc-scalar,20260917,231,4,measure,19,small,sum_one,uniform,96,10922,529315,11,11,1966801938065649448,1966801938065649448,1
32,gcc-scalar,20260917,232,4,measure,20,small,sum_one,uniform,128,8192,476498,11,11,17503531059042279424,17503531059042279424,1
32,gcc-scalar,20260917,233,4,measure,21,branch,filter_copy_mask,p000,65536,1,28293,11,11,0,0,1
32,gcc-scalar,20260917,234,4,measure,22,small,sum_one,uniform,4,262144,935091,11,11,6027757896494481408,6027757896494481408,1
32,gcc-scalar,20260917,235,4,measure,23,small,sum_one,uniform,48,21845,740145,11,11,18173204259618227916,18173204259618227916,1
32,gcc-scalar,20260917,236,4,measure,24,branch,filter_copy,p250,65536,1,278244,11,11,16384,16384,1
32,gcc-scalar,20260917,237,4,measure,25,small,sum_one,uniform,192,5461,442775,11,11,17901819518249685373,17901819518249685373,1
32,gcc-scalar,20260917,238,4,measure,26,branch,filter_copy,p000,65536,1,27516,11,11,0,0,1
32,gcc-scalar,20260917,239,4,measure,27,branch,sum_if,p500,65536,1,385001,11,11,261284744287062128,261284744287062128,1
32,gcc-scalar,20260917,240,4,measure,28,branch,filter_copy_mask,p900,65536,1,29339,11,11,58982,58982,1
32,gcc-scalar,20260917,241,4,measure,29,small,sum_one,uniform,256,4096,432405,11,11,12471836693395644416,12471836693395644416,1
32,gcc-scalar,20260917,242,4,measure,30,small,sum_one,uniform,16,65536,576943,11,11,1403062601089810432,1403062601089810432,1
32,gcc-scalar,20260917,243,4,measure,31,branch,sum_if,p000,65536,1,27702,11,11,0,0,1
32,gcc-scalar,20260917,244,4,measure,32,branch,filter_copy,p1000,65536,1,28157,11,11,65536,65536,1
32,gcc-scalar,20260917,245,4,measure,33,branch,filter_copy_mask,p100,65536,1,28600,11,11,6554,6554,1
32,gcc-scalar,20260917,246,4,measure,34,small,sum_one,uniform,64,16384,604603,11,11,14815439244071927808,14815439244071927808,1
32,gcc-scalar,20260917,247,4,measure,35,small,sum_one,uniform,512,2048,440488,11,11,6127788314265579520,6127788314265579520,1
32,gcc-scalar,20260917,248,4,measure,36,dependency,sum_one_bis,uniform,65536,64,1758803,11,11,1190735372877940864,1190735372877940864,1
32,gcc-scalar,20260917,249,4,measure,37,small,sum_one,uniform,1,1048576,1765410,11,11,8452580083670974464,8452580083670974464,1
32,gcc-scalar,20260917,250,4,measure,38,branch,filter_copy,p500_alternating,65536,1,27739,11,11,32768,32768,1
32,gcc-scalar,20260917,251,4,measure,39,branch,filter_copy_mask,p500_sorted,65536,1,28486,11,11,32768,32768,1
32,gcc-scalar,20260917,252,4,measure,40,branch,sum_if,p250,65536,1,270640,11,11,75766260937212688,75766260937212688,1
32,gcc-scalar,20260917,253,4,measure,41,small,sum_one,uniform,6,174762,770000,11,11,4529353940760067638,4529353940760067638,1
32,gcc-scalar,20260917,254,4,measure,42,dependency,chain_xor_mul,uniform,65536,64,7022725,11,11,5299772668389481216,5299772668389481216,1
32,gcc-scalar,20260917,255,4,measure,43,small,sum_one,uniform,768,1365,441566,11,11,6760326044614544011,6760326044614544011,1
32,gcc-scalar,20260917,256,4,measure,44,branch,sum_if,p900,65536,1,165703,11,11,1957202038211152021,1957202038211152021,1
32,gcc-scalar,20260917,257,4,measure,45,branch,filter_copy,p500,65536,1,391747,11,11,32768,32768,1
32,gcc-scalar,20260917,258,4,measure,46,small,sum_one,uniform,3,349525,1029138,11,11,9690214761957071044,9690214761957071044,1
32,gcc-scalar,20260917,259,4,measure,47,small,sum_one,uniform,2,524288,1099887,11,11,14489530702789345280,14489530702789345280,1
32,gcc-scalar,20260917,260,4,measure,48,dependency,sum_four,uniform,65536,64,1176261,11,11,1190735372877940864,1190735372877940864,1
32,gcc-scalar,20260917,261,4,measure,49,branch,sum_if,p500_sorted,65536,1,28517,11,11,2213941836433581612,2213941836433581612,1
32,gcc-scalar,20260917,262,4,measure,50,branch,filter_copy,p750,65536,1,278981,11,11,49152,49152,1
32,gcc-scalar,20260917,263,4,measure,51,dependency,sum_twice,uniform,65536,64,3526072,11,11,2381470745755881728,2381470745755881728,1
32,gcc-scalar,20260917,264,4,measure,52,branch,filter_copy,p900,65536,1,157640,11,11,58982,58982,1
32,gcc-scalar,20260917,265,5,measure,0,small,sum_one,uniform,128,8192,459955,11,11,17503531059042279424,17503531059042279424,1
32,gcc-scalar,20260917,266,5,measure,1,branch,filter_copy,p500_alternating,65536,1,26500,11,11,32768,32768,1
32,gcc-scalar,20260917,267,5,measure,2,dependency,chain_xor_mul,uniform,65536,64,7035549,11,11,5299772668389481216,5299772668389481216,1
32,gcc-scalar,20260917,268,5,measure,3,small,sum_one,uniform,192,5461,444555,11,11,17901819518249685373,17901819518249685373,1
32,gcc-scalar,20260917,269,5,measure,4,branch,sum_if,p500,65536,1,398176,11,11,261284744287062128,261284744287062128,1
32,gcc-scalar,20260917,270,5,measure,5,branch,filter_copy,p750,65536,1,270189,11,11,49152,49152,1
32,gcc-scalar,20260917,271,5,measure,6,small,sum_one,uniform,1024,1024,442574,11,11,6113767114656410624,6113767114656410624,1
32,gcc-scalar,20260917,272,5,measure,7,branch,filter_copy_mask,p900,65536,1,28729,11,11,58982,58982,1
32,gcc-scalar,20260917,273,5,measure,8,small,sum_one,uniform,512,2048,442679,11,11,6127788314265579520,6127788314265579520,1
32,gcc-scalar,20260917,274,5,measure,9,branch,filter_copy_mask,p500_alternating,65536,1,36113,11,11,32768,32768,1
32,gcc-scalar,20260917,275,5,measure,10,small,sum_one,uniform,96,10922,494711,11,11,1966801938065649448,1966801938065649448,1
32,gcc-scalar,20260917,276,5,measure,11,branch,sum_if,p900,65536,1,153832,11,11,1957202038211152021,1957202038211152021,1
32,gcc-scalar,20260917,277,5,measure,12,small,sum_one,uniform,64,16384,568546,11,11,14815439244071927808,14815439244071927808,1
32,gcc-scalar,20260917,278,5,measure,13,small,sum_one,uniform,3,349525,1029243,11,11,9690214761957071044,9690214761957071044,1
32,gcc-scalar,20260917,279,5,measure,14,small,sum_one,uniform,6,174762,769161,11,11,4529353940760067638,4529353940760067638,1
32,gcc-scalar,20260917,280,5,measure,15,small,sum_one,uniform,384,2730,437077,11,11,5767785928059657782,5767785928059657782,1
32,gcc-scalar,20260917,281,5,measure,16,branch,filter_copy_mask,p750,65536,1,28989,11,11,49152,49152,1
32,gcc-scalar,20260917,282,5,measure,17,small,sum_one,uniform,2,524288,1098483,11,11,14489530702789345280,14489530702789345280,1
32,gcc-scalar,20260917,283,5,measure,18,branch,filter_copy,p500,65536,1,390153,11,11,32768,32768,1
32,gcc-scalar,20260917,284,5,measure,19,small,sum_one,uniform,16,65536,578295,11,11,1403062601089810432,1403062601089810432,1
32,gcc-scalar,20260917,285,5,measure,20,branch,filter_copy,p900,65536,1,187084,11,11,58982,58982,1
32,gcc-scalar,20260917,286,5,measure,21,branch,sum_if,p000,65536,1,27568,11,11,0,0,1
32,gcc-scalar,20260917,287,5,measure,22,branch,sum_if,p750,65536,1,276681,11,11,14586442889165806448,14586442889165806448,1
32,gcc-scalar,20260917,288,5,measure,23,dependency,sum_four,uniform,65536,64,1174499,11,11,1190735372877940864,1190735372877940864,1
32,gcc-scalar,20260917,289,5,measure,24,small,sum_one,uniform,12,87381,700272,11,11,18208879310165819389,18208879310165819389,1
32,gcc-scalar,20260917,290,5,measure,25,small,sum_one,uniform,24,43690,531305,11,11,5019437447312423050,5019437447312423050,1
32,gcc-scalar,20260917,291,5,measure,26,small,sum_one,uniform,768,1365,447334,11,11,6760326044614544011,6760326044614544011,1
32,gcc-scalar,20260917,292,5,measure,27,small,sum_one,uniform,256,4096,435741,11,11,12471836693395644416,12471836693395644416,1
32,gcc-scalar,20260917,293,5,measure,28,small,sum_one,uniform,8,131072,719784,11,11,11724155215337095168,11724155215337095168,1
32,gcc-scalar,20260917,294,5,measure,29,branch,sum_if,p1000,65536,1,27700,11,11,4485739283943968327,4485739283943968327,1
32,gcc-scalar,20260917,295,5,measure,30,branch,filter_copy,p000,65536,1,27541,11,11,0,0,1
32,gcc-scalar,20260917,296,5,measure,31,branch,filter_copy_mask,p1000,65536,1,32416,11,11,65536,65536,1
32,gcc-scalar,20260917,297,5,measure,32,dependency,sum_one,uniform,65536,64,1773363,11,11,1190735372877940864,1190735372877940864,1
32,gcc-scalar,20260917,298,5,measure,33,branch,sum_if,p500_alternating,65536,1,27814,11,11,4196774058536912234,4196774058536912234,1
32,gcc-scalar,20260917,299,5,measure,34,small,sum_one,uniform,1,1048576,1758631,11,11,8452580083670974464,8452580083670974464,1
32,gcc-scalar,20260917,300,5,measure,35,branch,filter_copy,p100,65536,1,153394,11,11,6554,6554,1
32,gcc-scalar,20260917,301,5,measure,36,branch,filter_copy_mask,p000,65536,1,28361,11,11,0,0,1
32,gcc-scalar,20260917,302,5,measure,37,small,sum_one,uniform,48,21845,657810,11,11,18173204259618227916,18173204259618227916,1
32,gcc-scalar,20260917,303,5,measure,38,dependency,split_xor_mul,uniform,65536,64,2435678,11,11,8310383708453772032,8310383708453772032,1
32,gcc-scalar,20260917,304,5,measure,39,branch,filter_copy,p500_sorted,65536,1,28877,11,11,32768,32768,1
32,gcc-scalar,20260917,305,5,measure,40,branch,sum_if,p250,65536,1,278369,11,11,75766260937212688,75766260937212688,1
32,gcc-scalar,20260917,306,5,measure,41,branch,filter_copy_mask,p250,65536,1,29248,11,11,16384,16384,1
32,gcc-scalar,20260917,307,5,measure,42,branch,filter_copy,p1000,65536,1,29284,11,11,65536,65536,1
32,gcc-scalar,20260917,308,5,measure,43,dependency,sum_one_bis,uniform,65536,64,1759907,11,11,1190735372877940864,1190735372877940864,1
32,gcc-scalar,20260917,309,5,measure,44,branch,sum_if,p100,65536,1,151138,11,11,3083979731501324985,3083979731501324985,1
32,gcc-scalar,20260917,310,5,measure,45,branch,filter_copy_mask,p500,65536,1,32058,11,11,32768,32768,1
32,gcc-scalar,20260917,311,5,measure,46,branch,filter_copy_mask,p100,65536,1,28308,11,11,6554,6554,1
32,gcc-scalar,20260917,312,5,measure,47,branch,filter_copy_mask,p500_sorted,65536,1,28288,11,11,32768,32768,1
32,gcc-scalar,20260917,313,5,measure,48,small,sum_one,uniform,32,32768,509664,11,11,4730905112462327808,4730905112462327808,1
32,gcc-scalar,20260917,314,5,measure,49,branch,sum_if,p500_sorted,65536,1,27615,11,11,2213941836433581612,2213941836433581612,1
32,gcc-scalar,20260917,315,5,measure,50,small,sum_one,uniform,4,262144,938982,11,11,6027757896494481408,6027757896494481408,1
32,gcc-scalar,20260917,316,5,measure,51,dependency,sum_twice,uniform,65536,64,3532089,11,11,2381470745755881728,2381470745755881728,1
32,gcc-scalar,20260917,317,5,measure,52,branch,filter_copy,p250,65536,1,281841,11,11,16384,16384,1
32,gcc-scalar,20260917,318,6,measure,0,branch,filter_copy,p000,65536,1,26388,11,11,0,0,1
32,gcc-scalar,20260917,319,6,measure,1,small,sum_one,uniform,6,174762,758218,11,11,4529353940760067638,4529353940760067638,1
32,gcc-scalar,20260917,320,6,measure,2,small,sum_one,uniform,2,524288,1102385,11,11,14489530702789345280,14489530702789345280,1
32,gcc-scalar,20260917,321,6,measure,3,branch,filter_copy_mask,p900,65536,1,30570,11,11,58982,58982,1
32,gcc-scalar,20260917,322,6,measure,4,small,sum_one,uniform,48,21845,728166,11,11,18173204259618227916,18173204259618227916,1
32,gcc-scalar,20260917,323,6,measure,5,branch,filter_copy_mask,p500_alternating,65536,1,29063,11,11,32768,32768,1
32,gcc-scalar,20260917,324,6,measure,6,small,sum_one,uniform,128,8192,454171,11,11,17503531059042279424,17503531059042279424,1
32,gcc-scalar,20260917,325,6,measure,7,small,sum_one,uniform,32,32768,498585,11,11,4730905112462327808,4730905112462327808,1
32,gcc-scalar,20260917,326,6,measure,8,small,sum_one,uniform,768,1365,428193,11,11,6760326044614544011,6760326044614544011,1
32,gcc-scalar,20260917,327,6,measure,9,branch,filter_copy,p750,65536,1,273510,11,11,49152,49152,1
32,gcc-scalar,20260917,328,6,measure,10,branch,filter_copy_mask,p000,65536,1,28235,11,11,0,0,1
32,gcc-scalar,20260917,329,6,measure,11,branch,filter_copy_mask,p100,65536,1,28569,11,11,6554,6554,1
32,gcc-scalar,20260917,330,6,measure,12,branch,sum_if,p750,65536,1,275233,11,11,14586442889165806448,14586442889165806448,1
32,gcc-scalar,20260917,331,6,measure,13,branch,sum_if,p900,65536,1,146990,11,11,1957202038211152021,1957202038211152021,1
32,gcc-scalar,20260917,332,6,measure,14,small,sum_one,uniform,24,43690,530111,11,11,5019437447312423050,5019437447312423050,1
32,gcc-scalar,20260917,333,6,measure,15,branch,sum_if,p250,65536,1,299490,11,11,75766260937212688,75766260937212688,1
32,gcc-scalar,20260917,334,6,measure,16,small,sum_one,uniform,96,10922,486136,11,11,1966801938065649448,1966801938065649448,1
32,gcc-scalar,20260917,335,6,measure,17,dependency,split_xor_mul,uniform,65536,64,2338825,11,11,8310383708453772032,8310383708453772032,1
32,gcc-scalar,20260917,336,6,measure,18,small,sum_one,uniform,192,5461,423668,11,11,17901819518249685373,17901819518249685373,1
32,gcc-scalar,20260917,337,6,measure,19,small,sum_one,uniform,384,2730,447744,11,11,5767785928059657782,5767785928059657782,1
32,gcc-scalar,20260917,338,6,measure,20,small,sum_one,uniform,1,1048576,1727880,11,11,8452580083670974464,8452580083670974464,1
32,gcc-scalar,20260917,339,6,measure,21,dependency,sum_one_bis,uniform,65536,64,1758865,11,11,1190735372877940864,1190735372877940864,1
32,gcc-scalar,20260917,340,6,measure,22,dependency,sum_one,uniform,65536,64,1764139,11,11,1190735372877940864,1190735372877940864,1
32,gcc-scalar,20260917,341,6,measure,23,branch,filter_copy_mask,p250,65536,1,31101,11,11,16384,16384,1
32,gcc-scalar,20260917,342,6,measure,24,branch,filter_copy,p900,65536,1,149609,11,11,58982,58982,1
32,gcc-scalar,20260917,343,6,measure,25,small,sum_one,uniform,3,349525,1027303,11,11,9690214761957071044,9690214761957071044,1
32,gcc-scalar,20260917,344,6,measure,26,branch,filter_copy,p250,65536,1,279179,11,11,16384,16384,1
32,gcc-scalar,20260917,345,6,measure,27,branch,filter_copy,p100,65536,1,150904,11,11,6554,6554,1
32,gcc-scalar,20260917,346,6,measure,28,branch,filter_copy,p1000,65536,1,36998,11,11,65536,65536,1
32,gcc-scalar,20260917,347,6,measure,29,small,sum_one,uniform,64,16384,650807,11,11,14815439244071927808,14815439244071927808,1
32,gcc-scalar,20260917,348,6,measure,30,branch,sum_if,p500,65536,1,383963,11,11,261284744287062128,261284744287062128,1
32,gcc-scalar,20260917,349,6,measure,31,branch,filter_copy_mask,p500,65536,1,39643,11,11,32768,32768,1
32,gcc-scalar,20260917,350,6,measure,32,branch,filter_copy_mask,p750,65536,1,31742,11,11,49152,49152,1
32,gcc-scalar,20260917,351,6,measure,33,small,sum_one,uniform,256,4096,435583,11,11,12471836693395644416,12471836693395644416,1
32,gcc-scalar,20260917,352,6,measure,34,dependency,chain_xor_mul,uniform,65536,64,6989486,11,11,5299772668389481216,5299772668389481216,1
32,gcc-scalar,20260917,353,6,measure,35,branch,filter_copy,p500_sorted,65536,1,31659,11,11,32768,32768,1
32,gcc-scalar,20260917,354,6,measure,36,small,sum_one,uniform,8,131072,715698,11,11,11724155215337095168,11724155215337095168,1
32,gcc-scalar,20260917,355,6,measure,37,branch,sum_if,p1000,65536,1,27714,11,11,4485739283943968327,4485739283943968327,1
32,gcc-scalar,20260917,356,6,measure,38,branch,sum_if,p500_sorted,65536,1,27555,11,11,2213941836433581612,2213941836433581612,1
32,gcc-scalar,20260917,357,6,measure,39,small,sum_one,uniform,16,65536,576545,11,11,1403062601089810432,1403062601089810432,1
32,gcc-scalar,20260917,358,6,measure,40,branch,filter_copy,p500_alternating,65536,1,27963,11,11,32768,32768,1
32,gcc-scalar,20260917,359,6,measure,41,branch,sum_if,p000,65536,1,27503,11,11,0,0,1
32,gcc-scalar,20260917,360,6,measure,42,branch,filter_copy,p500,65536,1,388477,11,11,32768,32768,1
32,gcc-scalar,20260917,361,6,measure,43,branch,filter_copy_mask,p500_sorted,65536,1,28202,11,11,32768,32768,1
32,gcc-scalar,20260917,362,6,measure,44,small,sum_one,uniform,12,87381,628720,11,11,18208879310165819389,18208879310165819389,1
32,gcc-scalar,20260917,363,6,measure,45,small,sum_one,uniform,1024,1024,440087,11,11,6113767114656410624,6113767114656410624,1
32,gcc-scalar,20260917,364,6,measure,46,branch,sum_if,p500_alternating,65536,1,27820,11,11,4196774058536912234,4196774058536912234,1
32,gcc-scalar,20260917,365,6,measure,47,branch,filter_copy_mask,p1000,65536,1,43000,11,11,65536,65536,1
32,gcc-scalar,20260917,366,6,measure,48,small,sum_one,uniform,4,262144,935924,11,11,6027757896494481408,6027757896494481408,1
32,gcc-scalar,20260917,367,6,measure,49,dependency,sum_twice,uniform,65536,64,3523903,11,11,2381470745755881728,2381470745755881728,1
32,gcc-scalar,20260917,368,6,measure,50,dependency,sum_four,uniform,65536,64,1171924,11,11,1190735372877940864,1190735372877940864,1
32,gcc-scalar,20260917,369,6,measure,51,branch,sum_if,p100,65536,1,154746,11,11,3083979731501324985,3083979731501324985,1
32,gcc-scalar,20260917,370,6,measure,52,small,sum_one,uniform,512,2048,442598,11,11,6127788314265579520,6127788314265579520,1
32,gcc-scalar,20260917,371,7,measure,0,small,sum_one,uniform,4,262144,908158,11,11,6027757896494481408,6027757896494481408,1
32,gcc-scalar,20260917,372,7,measure,1,branch,sum_if,p900,65536,1,152746,11,11,1957202038211152021,1957202038211152021,1
32,gcc-scalar,20260917,373,7,measure,2,dependency,sum_one_bis,uniform,65536,64,1761247,11,11,1190735372877940864,1190735372877940864,1
32,gcc-scalar,20260917,374,7,measure,3,branch,filter_copy_mask,p250,65536,1,33405,11,11,16384,16384,1
32,gcc-scalar,20260917,375,7,measure,4,branch,sum_if,p500_sorted,65536,1,27600,11,11,2213941836433581612,2213941836433581612,1
32,gcc-scalar,20260917,376,7,measure,5,small,sum_one,uniform,24,43690,533726,11,11,5019437447312423050,5019437447312423050,1
32,gcc-scalar,20260917,377,7,measure,6,dependency,chain_xor_mul,uniform,65536,64,7070462,11,11,5299772668389481216,5299772668389481216,1
32,gcc-scalar,20260917,378,7,measure,7,small,sum_one,uniform,32,32768,512307,11,11,4730905112462327808,4730905112462327808,1
32,gcc-scalar,20260917,379,7,measure,8,branch,sum_if,p000,65536,1,27698,11,11,0,0,1
32,gcc-scalar,20260917,380,7,measure,9,small,sum_one,uniform,2,524288,1098145,11,11,14489530702789345280,14489530702789345280,1
32,gcc-scalar,20260917,381,7,measure,10,branch,filter_copy_mask,p100,65536,1,28674,11,11,6554,6554,1
32,gcc-scalar,20260917,382,7,measure,11,branch,filter_copy_mask,p750,65536,1,53156,11,11,49152,49152,1
32,gcc-scalar,20260917,383,7,measure,12,branch,sum_if,p750,65536,1,258607,11,11,14586442889165806448,14586442889165806448,1
32,gcc-scalar,20260917,384,7,measure,13,branch,filter_copy,p1000,65536,1,53956,11,11,65536,65536,1
32,gcc-scalar,20260917,385,7,measure,14,small,sum_one,uniform,128,8192,482025,11,11,17503531059042279424,17503531059042279424,1
32,gcc-scalar,20260917,386,7,measure,15,small,sum_one,uniform,3,349525,1025505,11,11,9690214761957071044,9690214761957071044,1
32,gcc-scalar,20260917,387,7,measure,16,small,sum_one,uniform,8,131072,715799,11,11,11724155215337095168,11724155215337095168,1
32,gcc-scalar,20260917,388,7,measure,17,small,sum_one,uniform,64,16384,622858,11,11,14815439244071927808,14815439244071927808,1
32,gcc-scalar,20260917,389,7,measure,18,branch,filter_copy,p900,65536,1,147585,11,11,58982,58982,1
32,gcc-scalar,20260917,390,7,measure,19,branch,filter_copy,p500_alternating,65536,1,27660,11,11,32768,32768,1
32,gcc-scalar,20260917,391,7,measure,20,branch,sum_if,p100,65536,1,158056,11,11,3083979731501324985,3083979731501324985,1
32,gcc-scalar,20260917,392,7,measure,21,small,sum_one,uniform,384,2730,430320,11,11,5767785928059657782,5767785928059657782,1
32,gcc-scalar,20260917,393,7,measure,22,small,sum_one,uniform,48,21845,708340,11,11,18173204259618227916,18173204259618227916,1
32,gcc-scalar,20260917,394,7,measure,23,branch,sum_if,p500,65536,1,391963,11,11,261284744287062128,261284744287062128,1
32,gcc-scalar,20260917,395,7,measure,24,branch,sum_if,p500_alternating,65536,1,27883,11,11,4196774058536912234,4196774058536912234,1
32,gcc-scalar,20260917,396,7,measure,25,small,sum_one,uniform,1024,1024,440077,11,11,6113767114656410624,6113767114656410624,1
32,gcc-scalar,20260917,397,7,measure,26,branch,filter_copy,p000,65536,1,27514,11,11,0,0,1
32,gcc-scalar,20260917,398,7,measure,27,branch,filter_copy_mask,p500,65536,1,29165,11,11,32768,32768,1
32,gcc-scalar,20260917,399,7,measure,28,dependency,sum_twice,uniform,65536,64,3515429,11,11,2381470745755881728,2381470745755881728,1
32,gcc-scalar,20260917,400,7,measure,29,branch,filter_copy_mask,p500_alternating,65536,1,30213,11,11,32768,32768,1
32,gcc-scalar,20260917,401,7,measure,30,small,sum_one,uniform,96,10922,530095,11,11,1966801938065649448,1966801938065649448,1
32,gcc-scalar,20260917,402,7,measure,31,branch,filter_copy_mask,p500_sorted,65536,1,28615,11,11,32768,32768,1
32,gcc-scalar,20260917,403,7,measure,32,branch,filter_copy_mask,p900,65536,1,76393,11,11,58982,58982,1
32,gcc-scalar,20260917,404,7,measure,33,small,sum_one,uniform,1,1048576,1756302,11,11,8452580083670974464,8452580083670974464,1
32,gcc-scalar,20260917,405,7,measure,34,small,sum_one,uniform,16,65536,580089,11,11,1403062601089810432,1403062601089810432,1
32,gcc-scalar,20260917,406,7,measure,35,branch,sum_if,p1000,65536,1,27446,11,11,4485739283943968327,4485739283943968327,1
32,gcc-scalar,20260917,407,7,measure,36,small,sum_one,uniform,192,5461,441560,11,11,17901819518249685373,17901819518249685373,1
32,gcc-scalar,20260917,408,7,measure,37,branch,filter_copy,p500,65536,1,395383,11,11,32768,32768,1
32,gcc-scalar,20260917,409,7,measure,38,small,sum_one,uniform,512,2048,442796,11,11,6127788314265579520,6127788314265579520,1
32,gcc-scalar,20260917,410,7,measure,39,branch,filter_copy_mask,p000,65536,1,28280,11,11,0,0,1
32,gcc-scalar,20260917,411,7,measure,40,dependency,sum_one,uniform,65536,64,1770572,11,11,1190735372877940864,1190735372877940864,1
32,gcc-scalar,20260917,412,7,measure,41,dependency,split_xor_mul,uniform,65536,64,2279464,11,11,8310383708453772032,8310383708453772032,1
32,gcc-scalar,20260917,413,7,measure,42,small,sum_one,uniform,12,87381,630050,11,11,18208879310165819389,18208879310165819389,1
32,gcc-scalar,20260917,414,7,measure,43,branch,filter_copy,p500_sorted,65536,1,28109,11,11,32768,32768,1
32,gcc-scalar,20260917,415,7,measure,44,branch,filter_copy,p750,65536,1,287086,11,11,49152,49152,1
32,gcc-scalar,20260917,416,7,measure,45,branch,sum_if,p250,65536,1,301306,11,11,75766260937212688,75766260937212688,1
32,gcc-scalar,20260917,417,7,measure,46,small,sum_one,uniform,256,4096,426213,11,11,12471836693395644416,12471836693395644416,1
32,gcc-scalar,20260917,418,7,measure,47,branch,filter_copy,p100,65536,1,148656,11,11,6554,6554,1
32,gcc-scalar,20260917,419,7,measure,48,branch,filter_copy,p250,65536,1,285857,11,11,16384,16384,1
32,gcc-scalar,20260917,420,7,measure,49,branch,filter_copy_mask,p1000,65536,1,44275,11,11,65536,65536,1
32,gcc-scalar,20260917,421,7,measure,50,dependency,sum_four,uniform,65536,64,1123641,11,11,1190735372877940864,1190735372877940864,1
32,gcc-scalar,20260917,422,7,measure,51,small,sum_one,uniform,768,1365,416694,11,11,6760326044614544011,6760326044614544011,1
32,gcc-scalar,20260917,423,7,measure,52,small,sum_one,uniform,6,174762,739683,11,11,4529353940760067638,4529353940760067638,1
32,gcc-scalar,20260917,424,8,measure,0,branch,sum_if,p100,65536,1,154765,11,11,3083979731501324985,3083979731501324985,1
32,gcc-scalar,20260917,425,8,measure,1,small,sum_one,uniform,512,2048,422305,11,11,6127788314265579520,6127788314265579520,1
32,gcc-scalar,20260917,426,8,measure,2,dependency,chain_xor_mul,uniform,65536,64,7640434,11,11,5299772668389481216,5299772668389481216,1
32,gcc-scalar,20260917,427,8,measure,3,branch,sum_if,p500_sorted,65536,1,26540,11,11,2213941836433581612,2213941836433581612,1
32,gcc-scalar,20260917,428,8,measure,4,branch,filter_copy_mask,p500_alternating,65536,1,29066,11,11,32768,32768,1
32,gcc-scalar,20260917,429,8,measure,5,branch,filter_copy,p500_sorted,65536,1,26494,11,11,32768,32768,1
32,gcc-scalar,20260917,430,8,measure,6,dependency,sum_one,uniform,65536,64,1883696,11,11,1190735372877940864,1190735372877940864,1
32,gcc-scalar,20260917,431,8,measure,7,branch,filter_copy_mask,p100,65536,1,27439,11,11,6554,6554,1
32,gcc-scalar,20260917,432,8,measure,8,branch,filter_copy_mask,p900,65536,1,31456,11,11,58982,58982,1
32,gcc-scalar,20260917,433,8,measure,9,branch,filter_copy,p500,65536,1,370712,11,11,32768,32768,1
32,gcc-scalar,20260917,434,8,measure,10,small,sum_one,uniform,3,349525,984029,11,11,9690214761957071044,9690214761957071044,1
32,gcc-scalar,20260917,435,8,measure,11,small,sum_one,uniform,32,32768,491325,11,11,4730905112462327808,4730905112462327808,1
32,gcc-scalar,20260917,436,8,measure,12,branch,sum_if,p250,65536,1,271324,11,11,75766260937212688,75766260937212688,1
32,gcc-scalar,20260917,437,8,measure,13,dependency,sum_one_bis,uniform,65536,64,1686496,11,11,1190735372877940864,1190735372877940864,1
32,gcc-scalar,20260917,438,8,measure,14,branch,filter_copy,p100,65536,1,147114,11,11,6554,6554,1
32,gcc-scalar,20260917,439,8,measure,15,branch,filter_copy_mask,p500_sorted,65536,1,27553,11,11,32768,32768,1
32,gcc-scalar,20260917,440,8,measure,16,small,sum_one,uniform,384,2730,412695,11,11,5767785928059657782,5767785928059657782,1
32,gcc-scalar,20260917,441,8,measure,17,branch,sum_if,p000,65536,1,26702,11,11,0,0,1
32,gcc-scalar,20260917,442,8,measure,18,small,sum_one,uniform,12,87381,668700,11,11,18208879310165819389,18208879310165819389,1
32,gcc-scalar,20260917,443,8,measure,19,branch,filter_copy_mask,p250,65536,1,28532,11,11,16384,16384,1
32,gcc-scalar,20260917,444,8,measure,20,small,sum_one,uniform,8,131072,686238,11,11,11724155215337095168,11724155215337095168,1
32,gcc-scalar,20260917,445,8,measure,21,branch,sum_if,p500_alternating,65536,1,26452,11,11,4196774058536912234,4196774058536912234,1
32,gcc-scalar,20260917,446,8,measure,22,branch,sum_if,p1000,65536,1,26348,11,11,4485739283943968327,4485739283943968327,1
32,gcc-scalar,20260917,447,8,measure,23,dependency,split_xor_mul,uniform,65536,64,2282829,11,11,8310383708453772032,8310383708453772032,1
32,gcc-scalar,20260917,448,8,measure,24,small,sum_one,uniform,768,1365,439247,11,11,6760326044614544011,6760326044614544011,1
32,gcc-scalar,20260917,449,8,measure,25,dependency,sum_four,uniform,65536,64,1148998,11,11,1190735372877940864,1190735372877940864,1
32,gcc-scalar,20260917,450,8,measure,26,branch,sum_if,p500,65536,1,371395,11,11,261284744287062128,261284744287062128,1
32,gcc-scalar,20260917,451,8,measure,27,small,sum_one,uniform,1,1048576,1691087,11,11,8452580083670974464,8452580083670974464,1
32,gcc-scalar,20260917,452,8,measure,28,branch,filter_copy_mask,p500,65536,1,28399,11,11,32768,32768,1
32,gcc-scalar,20260917,453,8,measure,29,small,sum_one,uniform,128,8192,463001,11,11,17503531059042279424,17503531059042279424,1
32,gcc-scalar,20260917,454,8,measure,30,small,sum_one,uniform,16,65536,554763,11,11,1403062601089810432,1403062601089810432,1
32,gcc-scalar,20260917,455,8,measure,31,branch,filter_copy_mask,p000,65536,1,27139,11,11,0,0,1
32,gcc-scalar,20260917,456,8,measure,32,small,sum_one,uniform,2,524288,1172343,11,11,14489530702789345280,14489530702789345280,1
32,gcc-scalar,20260917,457,8,measure,33,dependency,sum_twice,uniform,65536,64,3457976,11,11,2381470745755881728,2381470745755881728,1
32,gcc-scalar,20260917,458,8,measure,34,branch,filter_copy_mask,p1000,65536,1,45941,11,11,65536,65536,1
32,gcc-scalar,20260917,459,8,measure,35,branch,filter_copy_mask,p750,65536,1,28019,11,11,49152,49152,1
32,gcc-scalar,20260917,460,8,measure,36,small,sum_one,uniform,96,10922,475411,11,11,1966801938065649448,1966801938065649448,1
32,gcc-scalar,20260917,461,8,measure,37,small,sum_one,uniform,64,16384,592942,11,11,14815439244071927808,14815439244071927808,1
32,gcc-scalar,20260917,462,8,measure,38,branch,filter_copy,p1000,65536,1,26563,11,11,65536,65536,1
32,gcc-scalar,20260917,463,8,measure,39,branch,sum_if,p750,65536,1,261418,11,11,14586442889165806448,14586442889165806448,1
32,gcc-scalar,20260917,464,8,measure,40,small,sum_one,uniform,48,21845,642465,11,11,18173204259618227916,18173204259618227916,1
32,gcc-scalar,20260917,465,8,measure,41,small,sum_one,uniform,256,4096,418613,11,11,12471836693395644416,12471836693395644416,1
32,gcc-scalar,20260917,466,8,measure,42,small,sum_one,uniform,24,43690,510106,11,11,5019437447312423050,5019437447312423050,1
32,gcc-scalar,20260917,467,8,measure,43,branch,filter_copy,p250,65536,1,264468,11,11,16384,16384,1
32,gcc-scalar,20260917,468,8,measure,44,branch,filter_copy,p500_alternating,65536,1,26675,11,11,32768,32768,1
32,gcc-scalar,20260917,469,8,measure,45,small,sum_one,uniform,6,174762,735546,11,11,4529353940760067638,4529353940760067638,1
32,gcc-scalar,20260917,470,8,measure,46,small,sum_one,uniform,1024,1024,421282,11,11,6113767114656410624,6113767114656410624,1
32,gcc-scalar,20260917,471,8,measure,47,branch,filter_copy,p900,65536,1,142033,11,11,58982,58982,1
32,gcc-scalar,20260917,472,8,measure,48,branch,filter_copy,p750,65536,1,262997,11,11,49152,49152,1
32,gcc-scalar,20260917,473,8,measure,49,branch,sum_if,p900,65536,1,137220,11,11,1957202038211152021,1957202038211152021,1
32,gcc-scalar,20260917,474,8,measure,50,small,sum_one,uniform,4,262144,896723,11,11,6027757896494481408,6027757896494481408,1
32,gcc-scalar,20260917,475,8,measure,51,branch,filter_copy,p000,65536,1,26456,11,11,0,0,1
32,gcc-scalar,20260917,476,8,measure,52,small,sum_one,uniform,192,5461,422294,11,11,17901819518249685373,17901819518249685373,1
32,gcc-scalar,20260917,477,9,measure,0,branch,sum_if,p100,65536,1,146082,11,11,3083979731501324985,3083979731501324985,1
32,gcc-scalar,20260917,478,9,measure,1,small,sum_one,uniform,1024,1024,424501,11,11,6113767114656410624,6113767114656410624,1
32,gcc-scalar,20260917,479,9,measure,2,branch,filter_copy_mask,p500_sorted,65536,1,27872,11,11,32768,32768,1
32,gcc-scalar,20260917,480,9,measure,3,branch,filter_copy,p100,65536,1,147242,11,11,6554,6554,1
32,gcc-scalar,20260917,481,9,measure,4,branch,filter_copy,p500_sorted,65536,1,26733,11,11,32768,32768,1
32,gcc-scalar,20260917,482,9,measure,5,branch,sum_if,p1000,65536,1,26458,11,11,4485739283943968327,4485739283943968327,1
32,gcc-scalar,20260917,483,9,measure,6,small,sum_one,uniform,6,174762,735522,11,11,4529353940760067638,4529353940760067638,1
32,gcc-scalar,20260917,484,9,measure,7,small,sum_one,uniform,4,262144,895711,11,11,6027757896494481408,6027757896494481408,1
32,gcc-scalar,20260917,485,9,measure,8,dependency,sum_twice,uniform,65536,64,3387691,11,11,2381470745755881728,2381470745755881728,1
32,gcc-scalar,20260917,486,9,measure,9,branch,sum_if,p250,65536,1,259837,11,11,75766260937212688,75766260937212688,1
32,gcc-scalar,20260917,487,9,measure,10,branch,filter_copy,p500,65536,1,370695,11,11,32768,32768,1
32,gcc-scalar,20260917,488,9,measure,11,branch,filter_copy_mask,p250,65536,1,28030,11,11,16384,16384,1
32,gcc-scalar,20260917,489,9,measure,12,dependency,split_xor_mul,uniform,65536,64,2288983,11,11,8310383708453772032,8310383708453772032,1
32,gcc-scalar,20260917,490,9,measure,13,branch,filter_copy_mask,p500,65536,1,28394,11,11,32768,32768,1
32,gcc-scalar,20260917,491,9,measure,14,dependency,sum_one_bis,uniform,65536,64,1702101,11,11,1190735372877940864,1190735372877940864,1
32,gcc-scalar,20260917,492,9,measure,15,branch,filter_copy,p500_alternating,65536,1,26476,11,11,32768,32768,1
32,gcc-scalar,20260917,493,9,measure,16,small,sum_one,uniform,96,10922,510208,11,11,1966801938065649448,1966801938065649448,1
32,gcc-scalar,20260917,494,9,measure,17,branch,filter_copy_mask,p100,65536,1,27360,11,11,6554,6554,1
32,gcc-scalar,20260917,495,9,measure,18,small,sum_one,uniform,768,1365,421898,11,11,6760326044614544011,6760326044614544011,1
32,gcc-scalar,20260917,496,9,measure,19,small,sum_one,uniform,2,524288,1068840,11,11,14489530702789345280,14489530702789345280,1
32,gcc-scalar,20260917,497,9,measure,20,small,sum_one,uniform,16,65536,555725,11,11,1403062601089810432,1403062601089810432,1
32,gcc-scalar,20260917,498,9,measure,21,branch,filter_copy_mask,p1000,65536,1,39783,11,11,65536,65536,1
32,gcc-scalar,20260917,499,9,measure,22,branch,filter_copy,p250,65536,1,263015,11,11,16384,16384,1
32,gcc-scalar,20260917,500,9,measure,23,small,sum_one,uniform,384,2730,421701,11,11,5767785928059657782,5767785928059657782,1
32,gcc-scalar,20260917,501,9,measure,24,branch,sum_if,p900,65536,1,141811,11,11,1957202038211152021,1957202038211152021,1
32,gcc-scalar,20260917,502,9,measure,25,dependency,sum_four,uniform,65536,64,1135425,11,11,1190735372877940864,1190735372877940864,1
32,gcc-scalar,20260917,503,9,measure,26,small,sum_one,uniform,3,349525,984149,11,11,9690214761957071044,9690214761957071044,1
32,gcc-scalar,20260917,504,9,measure,27,branch,filter_copy_mask,p750,65536,1,28995,11,11,49152,49152,1
32,gcc-scalar,20260917,505,9,measure,28,branch,sum_if,p500,65536,1,365616,11,11,261284744287062128,261284744287062128,1
32,gcc-scalar,20260917,506,9,measure,29,branch,sum_if,p750,65536,1,259372,11,11,14586442889165806448,14586442889165806448,1
32,gcc-scalar,20260917,507,9,measure,30,branch,filter_copy_mask,p500_alternating,65536,1,28734,11,11,32768,32768,1
32,gcc-scalar,20260917,508,9,measure,31,small,sum_one,uniform,48,21845,725687,11,11,18173204259618227916,18173204259618227916,1
32,gcc-scalar,20260917,509,9,measure,32,branch,filter_copy,p1000,65536,1,28557,11,11,65536,65536,1
32,gcc-scalar,20260917,510,9,measure,33,small,sum_one,uniform,192,5461,423090,11,11,17901819518249685373,17901819518249685373,1
32,gcc-scalar,20260917,511,9,measure,34,small,sum_one,uniform,1,1048576,1683782,11,11,8452580083670974464,8452580083670974464,1
32,gcc-scalar,20260917,512,9,measure,35,branch,filter_copy,p000,65536,1,26386,11,11,0,0,1
32,gcc-scalar,20260917,513,9,measure,36,branch,sum_if,p000,65536,1,26406,11,11,0,0,1
32,gcc-scalar,20260917,514,9,measure,37,branch,sum_if,p500_alternating,65536,1,26447,11,11,4196774058536912234,4196774058536912234,1
32,gcc-scalar,20260917,515,9,measure,38,dependency,sum_one,uniform,65536,64,1690755,11,11,1190735372877940864,1190735372877940864,1
32,gcc-scalar,20260917,516,9,measure,39,branch,filter_copy_mask,p000,65536,1,27148,11,11,0,0,1
32,gcc-scalar,20260917,517,9,measure,40,small,sum_one,uniform,128,8192,459191,11,11,17503531059042279424,17503531059042279424,1
32,gcc-scalar,20260917,518,9,measure,41,small,sum_one,uniform,256,4096,418298,11,11,12471836693395644416,12471836693395644416,1
32,gcc-scalar,20260917,519,9,measure,42,small,sum_one,uniform,64,16384,608409,11,11,14815439244071927808,14815439244071927808,1
32,gcc-scalar,20260917,520,9,measure,43,dependency,chain_xor_mul,uniform,65536,64,6804553,11,11,5299772668389481216,5299772668389481216,1
32,gcc-scalar,20260917,521,9,measure,44,small,sum_one,uniform,8,131072,683769,11,11,11724155215337095168,11724155215337095168,1
32,gcc-scalar,20260917,522,9,measure,45,branch,filter_copy,p750,65536,1,269138,11,11,49152,49152,1
32,gcc-scalar,20260917,523,9,measure,46,branch,sum_if,p500_sorted,65536,1,27039,11,11,2213941836433581612,2213941836433581612,1
32,gcc-scalar,20260917,524,9,measure,47,branch,filter_copy_mask,p900,65536,1,27518,11,11,58982,58982,1
32,gcc-scalar,20260917,525,9,measure,48,branch,filter_copy,p900,65536,1,140969,11,11,58982,58982,1
32,gcc-scalar,20260917,526,9,measure,49,small,sum_one,uniform,32,32768,488429,11,11,4730905112462327808,4730905112462327808,1
32,gcc-scalar,20260917,527,9,measure,50,small,sum_one,uniform,512,2048,421316,11,11,6127788314265579520,6127788314265579520,1
32,gcc-scalar,20260917,528,9,measure,51,small,sum_one,uniform,12,87381,668043,11,11,18208879310165819389,18208879310165819389,1
32,gcc-scalar,20260917,529,9,measure,52,small,sum_one,uniform,24,43690,512607,11,11,5019437447312423050,5019437447312423050,1
32,gcc-scalar,20260917,530,10,measure,0,branch,sum_if,p250,65536,1,265443,11,11,75766260937212688,75766260937212688,1
32,gcc-scalar,20260917,531,10,measure,1,branch,sum_if,p750,65536,1,264537,11,11,14586442889165806448,14586442889165806448,1
32,gcc-scalar,20260917,532,10,measure,2,small,sum_one,uniform,4,262144,900718,11,11,6027757896494481408,6027757896494481408,1
32,gcc-scalar,20260917,533,10,measure,3,branch,filter_copy_mask,p100,65536,1,27342,11,11,6554,6554,1
32,gcc-scalar,20260917,534,10,measure,4,branch,sum_if,p500_alternating,65536,1,26411,11,11,4196774058536912234,4196774058536912234,1
32,gcc-scalar,20260917,535,10,measure,5,dependency,sum_twice,uniform,65536,64,3385567,11,11,2381470745755881728,2381470745755881728,1
32,gcc-scalar,20260917,536,10,measure,6,small,sum_one,uniform,96,10922,467025,11,11,1966801938065649448,1966801938065649448,1
32,gcc-scalar,20260917,537,10,measure,7,branch,filter_copy_mask,p750,65536,1,31222,11,11,49152,49152,1
32,gcc-scalar,20260917,538,10,measure,8,branch,filter_copy_mask,p000,65536,1,27443,11,11,0,0,1
32,gcc-scalar,20260917,539,10,measure,9,small,sum_one,uniform,1,1048576,1685314,11,11,8452580083670974464,8452580083670974464,1
32,gcc-scalar,20260917,540,10,measure,10,branch,filter_copy_mask,p900,65536,1,28516,11,11,58982,58982,1
32,gcc-scalar,20260917,541,10,measure,11,small,sum_one,uniform,48,21845,633135,11,11,18173204259618227916,18173204259618227916,1
32,gcc-scalar,20260917,542,10,measure,12,dependency,split_xor_mul,uniform,65536,64,2337179,11,11,8310383708453772032,8310383708453772032,1
32,gcc-scalar,20260917,543,10,measure,13,small,sum_one,uniform,2,524288,1054538,11,11,14489530702789345280,14489530702789345280,1
32,gcc-scalar,20260917,544,10,measure,14,branch,filter_copy,p750,65536,1,265110,11,11,49152,49152,1
32,gcc-scalar,20260917,545,10,measure,15,branch,filter_copy_mask,p500_alternating,65536,1,28975,11,11,32768,32768,1
32,gcc-scalar,20260917,546,10,measure,16,branch,filter_copy,p900,65536,1,141756,11,11,58982,58982,1
32,gcc-scalar,20260917,547,10,measure,17,dependency,chain_xor_mul,uniform,65536,64,6749593,11,11,5299772668389481216,5299772668389481216,1
32,gcc-scalar,20260917,548,10,measure,18,small,sum_one,uniform,192,5461,416087,11,11,17901819518249685373,17901819518249685373,1
32,gcc-scalar,20260917,549,10,measure,19,branch,filter_copy_mask,p500,65536,1,28707,11,11,32768,32768,1
32,gcc-scalar,20260917,550,10,measure,20,dependency,sum_one,uniform,65536,64,1693492,11,11,1190735372877940864,1190735372877940864,1
32,gcc-scalar,20260917,551,10,measure,21,small,sum_one,uniform,8,131072,690409,11,11,11724155215337095168,11724155215337095168,1
32,gcc-scalar,20260917,552,10,measure,22,branch,sum_if,p1000,65536,1,26347,11,11,4485739283943968327,4485739283943968327,1
32,gcc-scalar,20260917,553,10,measure,23,small,sum_one,uniform,1024,1024,429350,11,11,6113767114656410624,6113767114656410624,1
32,gcc-scalar,20260917,554,10,measure,24,branch,filter_copy_mask,p500_sorted,65536,1,26998,11,11,32768,32768,1
32,gcc-scalar,20260917,555,10,measure,25,dependency,sum_four,uniform,65536,64,1125913,11,11,1190735372877940864,1190735372877940864,1
32,gcc-scalar,20260917,556,10,measure,26,small,sum_one,uniform,32,32768,488870,11,11,4730905112462327808,4730905112462327808,1
32,gcc-scalar,20260917,557,10,measure,27,branch,sum_if,p900,65536,1,150161,11,11,1957202038211152021,1957202038211152021,1
32,gcc-scalar,20260917,558,10,measure,28,branch,sum_if,p100,65536,1,150033,11,11,3083979731501324985,3083979731501324985,1
32,gcc-scalar,20260917,559,10,measure,29,small,sum_one,uniform,128,8192,462588,11,11,17503531059042279424,17503531059042279424,1
32,gcc-scalar,20260917,560,10,measure,30,branch,filter_copy,p250,65536,1,270352,11,11,16384,16384,1
32,gcc-scalar,20260917,561,10,measure,31,small,sum_one,uniform,24,43690,516120,11,11,5019437447312423050,5019437447312423050,1
32,gcc-scalar,20260917,562,10,measure,32,branch,sum_if,p500,65536,1,376541,11,11,261284744287062128,261284744287062128,1
32,gcc-scalar,20260917,563,10,measure,33,small,sum_one,uniform,12,87381,600359,11,11,18208879310165819389,18208879310165819389,1
32,gcc-scalar,20260917,564,10,measure,34,branch,filter_copy,p100,65536,1,143952,11,11,6554,6554,1
32,gcc-scalar,20260917,565,10,measure,35,small,sum_one,uniform,16,65536,553252,11,11,1403062601089810432,1403062601089810432,1
32,gcc-scalar,20260917,566,10,measure,36,branch,filter_copy,p000,65536,1,26379,11,11,0,0,1
32,gcc-scalar,20260917,567,10,measure,37,small,sum_one,uniform,3,349525,983641,11,11,9690214761957071044,9690214761957071044,1
32,gcc-scalar,20260917,568,10,measure,38,small,sum_one,uniform,64,16384,595934,11,11,14815439244071927808,14815439244071927808,1
32,gcc-scalar,20260917,569,10,measure,39,small,sum_one,uniform,768,1365,423362,11,11,6760326044614544011,6760326044614544011,1
32,gcc-scalar,20260917,570,10,measure,40,small,sum_one,uniform,256,4096,430876,11,11,12471836693395644416,12471836693395644416,1
32,gcc-scalar,20260917,571,10,measure,41,dependency,sum_one_bis,uniform,65536,64,2267682,11,11,1190735372877940864,1190735372877940864,1
32,gcc-scalar,20260917,572,10,measure,42,small,sum_one,uniform,384,2730,435889,11,11,5767785928059657782,5767785928059657782,1
32,gcc-scalar,20260917,573,10,measure,43,branch,sum_if,p500_sorted,65536,1,26502,11,11,2213941836433581612,2213941836433581612,1
32,gcc-scalar,20260917,574,10,measure,44,branch,filter_copy,p1000,65536,1,36186,11,11,65536,65536,1
32,gcc-scalar,20260917,575,10,measure,45,branch,filter_copy_mask,p250,65536,1,28047,11,11,16384,16384,1
32,gcc-scalar,20260917,576,10,measure,46,small,sum_one,uniform,6,174762,738902,11,11,4529353940760067638,4529353940760067638,1
32,gcc-scalar,20260917,577,10,measure,47,branch,filter_copy,p500_alternating,65536,1,26635,11,11,32768,32768,1
32,gcc-scalar,20260917,578,10,measure,48,branch,sum_if,p000,65536,1,26348,11,11,0,0,1
32,gcc-scalar,20260917,579,10,measure,49,small,sum_one,uniform,512,2048,416534,11,11,6127788314265579520,6127788314265579520,1
32,gcc-scalar,20260917,580,10,measure,50,branch,filter_copy,p500_sorted,65536,1,26890,11,11,32768,32768,1
32,gcc-scalar,20260917,581,10,measure,51,branch,filter_copy_mask,p1000,65536,1,27888,11,11,65536,65536,1
32,gcc-scalar,20260917,582,10,measure,52,branch,filter_copy,p500,65536,1,373164,11,11,32768,32768,1
32,gcc-scalar,20260917,583,11,measure,0,small,sum_one,uniform,2,524288,1068587,11,11,14489530702789345280,14489530702789345280,1
32,gcc-scalar,20260917,584,11,measure,1,branch,filter_copy,p250,65536,1,274164,11,11,16384,16384,1
32,gcc-scalar,20260917,585,11,measure,2,branch,filter_copy,p1000,65536,1,28310,11,11,65536,65536,1
32,gcc-scalar,20260917,586,11,measure,3,dependency,sum_one_bis,uniform,65536,64,1710135,11,11,1190735372877940864,1190735372877940864,1
32,gcc-scalar,20260917,587,11,measure,4,dependency,sum_four,uniform,65536,64,1122639,11,11,1190735372877940864,1190735372877940864,1
32,gcc-scalar,20260917,588,11,measure,5,branch,filter_copy_mask,p1000,65536,1,27570,11,11,65536,65536,1
32,gcc-scalar,20260917,589,11,measure,6,branch,sum_if,p1000,65536,1,26617,11,11,4485739283943968327,4485739283943968327,1
32,gcc-scalar,20260917,590,11,measure,7,small,sum_one,uniform,512,2048,416408,11,11,6127788314265579520,6127788314265579520,1
32,gcc-scalar,20260917,591,11,measure,8,branch,filter_copy_mask,p250,65536,1,27870,11,11,16384,16384,1
32,gcc-scalar,20260917,592,11,measure,9,branch,filter_copy_mask,p500_alternating,65536,1,28644,11,11,32768,32768,1
32,gcc-scalar,20260917,593,11,measure,10,small,sum_one,uniform,4,262144,896037,11,11,6027757896494481408,6027757896494481408,1
32,gcc-scalar,20260917,594,11,measure,11,branch,sum_if,p500_sorted,65536,1,26481,11,11,2213941836433581612,2213941836433581612,1
32,gcc-scalar,20260917,595,11,measure,12,small,sum_one,uniform,1024,1024,421838,11,11,6113767114656410624,6113767114656410624,1
32,gcc-scalar,20260917,596,11,measure,13,small,sum_one,uniform,64,16384,601435,11,11,14815439244071927808,14815439244071927808,1
32,gcc-scalar,20260917,597,11,measure,14,small,sum_one,uniform,256,4096,417346,11,11,12471836693395644416,12471836693395644416,1
32,gcc-scalar,20260917,598,11,measure,15,small,sum_one,uniform,384,2730,422756,11,11,5767785928059657782,5767785928059657782,1
32,gcc-scalar,20260917,599,11,measure,16,small,sum_one,uniform,128,8192,456891,11,11,17503531059042279424,17503531059042279424,1
32,gcc-scalar,20260917,600,11,measure,17,branch,sum_if,p900,65536,1,148608,11,11,1957202038211152021,1957202038211152021,1
32,gcc-scalar,20260917,601,11,measure,18,branch,sum_if,p250,65536,1,261976,11,11,75766260937212688,75766260937212688,1
32,gcc-scalar,20260917,602,11,measure,19,branch,filter_copy,p900,65536,1,142935,11,11,58982,58982,1
32,gcc-scalar,20260917,603,11,measure,20,branch,filter_copy_mask,p500,65536,1,27874,11,11,32768,32768,1
32,gcc-scalar,20260917,604,11,measure,21,small,sum_one,uniform,768,1365,417003,11,11,6760326044614544011,6760326044614544011,1
32,gcc-scalar,20260917,605,11,measure,22,small,sum_one,uniform,6,174762,761852,11,11,4529353940760067638,4529353940760067638,1
32,gcc-scalar,20260917,606,11,measure,23,small,sum_one,uniform,96,10922,466415,11,11,1966801938065649448,1966801938065649448,1
32,gcc-scalar,20260917,607,11,measure,24,small,sum_one,uniform,8,131072,791967,11,11,11724155215337095168,11724155215337095168,1
32,gcc-scalar,20260917,608,11,measure,25,small,sum_one,uniform,16,65536,554420,11,11,1403062601089810432,1403062601089810432,1
32,gcc-scalar,20260917,609,11,measure,26,small,sum_one,uniform,32,32768,487925,11,11,4730905112462327808,4730905112462327808,1
32,gcc-scalar,20260917,610,11,measure,27,small,sum_one,uniform,3,349525,983741,11,11,9690214761957071044,9690214761957071044,1
32,gcc-scalar,20260917,611,11,measure,28,branch,filter_copy,p500_alternating,65536,1,26809,11,11,32768,32768,1
32,gcc-scalar,20260917,612,11,measure,29,branch,filter_copy,p500_sorted,65536,1,26521,11,11,32768,32768,1
32,gcc-scalar,20260917,613,11,measure,30,branch,filter_copy,p100,65536,1,145789,11,11,6554,6554,1
32,gcc-scalar,20260917,614,11,measure,31,dependency,split_xor_mul,uniform,65536,64,2265415,11,11,8310383708453772032,8310383708453772032,1
32,gcc-scalar,20260917,615,11,measure,32,small,sum_one,uniform,192,5461,418665,11,11,17901819518249685373,17901819518249685373,1
32,gcc-scalar,20260917,616,11,measure,33,branch,filter_copy_mask,p100,65536,1,30320,11,11,6554,6554,1
32,gcc-scalar,20260917,617,11,measure,34,small,sum_one,uniform,12,87381,599596,11,11,18208879310165819389,18208879310165819389,1
32,gcc-scalar,20260917,618,11,measure,35,branch,sum_if,p000,65536,1,26717,11,11,0,0,1
32,gcc-scalar,20260917,619,11,measure,36,branch,filter_copy,p000,65536,1,26374,11,11,0,0,1
32,gcc-scalar,20260917,620,11,measure,37,branch,filter_copy_mask,p500_sorted,65536,1,27534,11,11,32768,32768,1
32,gcc-scalar,20260917,621,11,measure,38,branch,sum_if,p500,65536,1,376847,11,11,261284744287062128,261284744287062128,1
32,gcc-scalar,20260917,622,11,measure,39,branch,sum_if,p100,65536,1,153109,11,11,3083979731501324985,3083979731501324985,1
32,gcc-scalar,20260917,623,11,measure,40,branch,sum_if,p500_alternating,65536,1,26424,11,11,4196774058536912234,4196774058536912234,1
32,gcc-scalar,20260917,624,11,measure,41,branch,filter_copy_mask,p750,65536,1,28151,11,11,49152,49152,1
32,gcc-scalar,20260917,625,11,measure,42,small,sum_one,uniform,48,21845,716998,11,11,18173204259618227916,18173204259618227916,1
32,gcc-scalar,20260917,626,11,measure,43,dependency,sum_one,uniform,65536,64,1686742,11,11,1190735372877940864,1190735372877940864,1
32,gcc-scalar,20260917,627,11,measure,44,branch,filter_copy_mask,p900,65536,1,29118,11,11,58982,58982,1
32,gcc-scalar,20260917,628,11,measure,45,branch,filter_copy,p750,65536,1,268041,11,11,49152,49152,1
32,gcc-scalar,20260917,629,11,measure,46,small,sum_one,uniform,1,1048576,1686614,11,11,8452580083670974464,8452580083670974464,1
32,gcc-scalar,20260917,630,11,measure,47,branch,filter_copy_mask,p000,65536,1,26955,11,11,0,0,1
32,gcc-scalar,20260917,631,11,measure,48,small,sum_one,uniform,24,43690,508375,11,11,5019437447312423050,5019437447312423050,1
32,gcc-scalar,20260917,632,11,measure,49,branch,sum_if,p750,65536,1,261624,11,11,14586442889165806448,14586442889165806448,1
32,gcc-scalar,20260917,633,11,measure,50,dependency,chain_xor_mul,uniform,65536,64,6791462,11,11,5299772668389481216,5299772668389481216,1
32,gcc-scalar,20260917,634,11,measure,51,branch,filter_copy,p500,65536,1,371358,11,11,32768,32768,1
32,gcc-scalar,20260917,635,11,measure,52,dependency,sum_twice,uniform,65536,64,3433868,11,11,2381470745755881728,2381470745755881728,1
32,gcc-scalar,20260917,636,12,measure,0,branch,sum_if,p100,65536,1,147257,11,11,3083979731501324985,3083979731501324985,1
32,gcc-scalar,20260917,637,12,measure,1,small,sum_one,uniform,64,16384,556412,11,11,14815439244071927808,14815439244071927808,1
32,gcc-scalar,20260917,638,12,measure,2,dependency,split_xor_mul,uniform,65536,64,2364225,11,11,8310383708453772032,8310383708453772032,1
32,gcc-scalar,20260917,639,12,measure,3,branch,sum_if,p500_sorted,65536,1,26702,11,11,2213941836433581612,2213941836433581612,1
32,gcc-scalar,20260917,640,12,measure,4,small,sum_one,uniform,1,1048576,1686891,11,11,8452580083670974464,8452580083670974464,1
32,gcc-scalar,20260917,641,12,measure,5,small,sum_one,uniform,384,2730,413213,11,11,5767785928059657782,5767785928059657782,1
32,gcc-scalar,20260917,642,12,measure,6,branch,filter_copy_mask,p500_sorted,65536,1,28407,11,11,32768,32768,1
32,gcc-scalar,20260917,643,12,measure,7,dependency,sum_one,uniform,65536,64,1733705,11,11,1190735372877940864,1190735372877940864,1
32,gcc-scalar,20260917,644,12,measure,8,branch,sum_if,p500,65536,1,374072,11,11,261284744287062128,261284744287062128,1
32,gcc-scalar,20260917,645,12,measure,9,small,sum_one,uniform,16,65536,562911,11,11,1403062601089810432,1403062601089810432,1
32,gcc-scalar,20260917,646,12,measure,10,small,sum_one,uniform,128,8192,450379,11,11,17503531059042279424,17503531059042279424,1
32,gcc-scalar,20260917,647,12,measure,11,small,sum_one,uniform,2,524288,1103182,11,11,14489530702789345280,14489530702789345280,1
32,gcc-scalar,20260917,648,12,measure,12,branch,sum_if,p750,65536,1,273966,11,11,14586442889165806448,14586442889165806448,1
32,gcc-scalar,20260917,649,12,measure,13,small,sum_one,uniform,512,2048,441503,11,11,6127788314265579520,6127788314265579520,1
32,gcc-scalar,20260917,650,12,measure,14,branch,filter_copy,p900,65536,1,138844,11,11,58982,58982,1
32,gcc-scalar,20260917,651,12,measure,15,branch,sum_if,p900,65536,1,162148,11,11,1957202038211152021,1957202038211152021,1
32,gcc-scalar,20260917,652,12,measure,16,branch,filter_copy,p500,65536,1,386462,11,11,32768,32768,1
32,gcc-scalar,20260917,653,12,measure,17,branch,filter_copy,p1000,65536,1,31426,11,11,65536,65536,1
32,gcc-scalar,20260917,654,12,measure,18,dependency,sum_twice,uniform,65536,64,3376847,11,11,2381470745755881728,2381470745755881728,1
32,gcc-scalar,20260917,655,12,measure,19,small,sum_one,uniform,768,1365,430079,11,11,6760326044614544011,6760326044614544011,1
32,gcc-scalar,20260917,656,12,measure,20,branch,filter_copy_mask,p1000,65536,1,27912,11,11,65536,65536,1
32,gcc-scalar,20260917,657,12,measure,21,branch,sum_if,p1000,65536,1,26352,11,11,4485739283943968327,4485739283943968327,1
32,gcc-scalar,20260917,658,12,measure,22,small,sum_one,uniform,96,10922,509923,11,11,1966801938065649448,1966801938065649448,1
32,gcc-scalar,20260917,659,12,measure,23,dependency,chain_xor_mul,uniform,65536,64,6761358,11,11,5299772668389481216,5299772668389481216,1
32,gcc-scalar,20260917,660,12,measure,24,small,sum_one,uniform,32,32768,485998,11,11,4730905112462327808,4730905112462327808,1
32,gcc-scalar,20260917,661,12,measure,25,small,sum_one,uniform,192,5461,421701,11,11,17901819518249685373,17901819518249685373,1
32,gcc-scalar,20260917,662,12,measure,26,branch,filter_copy,p000,65536,1,26386,11,11,0,0,1
32,gcc-scalar,20260917,663,12,measure,27,branch,filter_copy_mask,p500_alternating,65536,1,29408,11,11,32768,32768,1
32,gcc-scalar,20260917,664,12,measure,28,dependency,sum_four,uniform,65536,64,1125813,11,11,1190735372877940864,1190735372877940864,1
32,gcc-scalar,20260917,665,12,measure,29,dependency,sum_one_bis,uniform,65536,64,1696020,11,11,1190735372877940864,1190735372877940864,1
32,gcc-scalar,20260917,666,12,measure,30,small,sum_one,uniform,12,87381,599028,11,11,18208879310165819389,18208879310165819389,1
32,gcc-scalar,20260917,667,12,measure,31,branch,filter_copy_mask,p100,65536,1,27319,11,11,6554,6554,1
32,gcc-scalar,20260917,668,12,measure,32,branch,sum_if,p000,65536,1,26426,11,11,0,0,1
32,gcc-scalar,20260917,669,12,measure,33,branch,filter_copy,p500_sorted,65536,1,27327,11,11,32768,32768,1
32,gcc-scalar,20260917,670,12,measure,34,small,sum_one,uniform,1024,1024,419632,11,11,6113767114656410624,6113767114656410624,1
32,gcc-scalar,20260917,671,12,measure,35,branch,filter_copy_mask,p000,65536,1,32045,11,11,0,0,1
32,gcc-scalar,20260917,672,12,measure,36,small,sum_one,uniform,24,43690,508251,11,11,5019437447312423050,5019437447312423050,1
32,gcc-scalar,20260917,673,12,measure,37,small,sum_one,uniform,8,131072,847448,11,11,11724155215337095168,11724155215337095168,1
32,gcc-scalar,20260917,674,12,measure,38,branch,filter_copy,p100,65536,1,148791,11,11,6554,6554,1
32,gcc-scalar,20260917,675,12,measure,39,branch,filter_copy_mask,p500,65536,1,28175,11,11,32768,32768,1
32,gcc-scalar,20260917,676,12,measure,40,small,sum_one,uniform,3,349525,986791,11,11,9690214761957071044,9690214761957071044,1
32,gcc-scalar,20260917,677,12,measure,41,small,sum_one,uniform,6,174762,738125,11,11,4529353940760067638,4529353940760067638,1
32,gcc-scalar,20260917,678,12,measure,42,branch,filter_copy,p250,65536,1,270517,11,11,16384,16384,1
32,gcc-scalar,20260917,679,12,measure,43,branch,filter_copy,p750,65536,1,272143,11,11,49152,49152,1
32,gcc-scalar,20260917,680,12,measure,44,small,sum_one,uniform,4,262144,896843,11,11,6027757896494481408,6027757896494481408,1
32,gcc-scalar,20260917,681,12,measure,45,small,sum_one,uniform,48,21845,738730,11,11,18173204259618227916,18173204259618227916,1
32,gcc-scalar,20260917,682,12,measure,46,branch,filter_copy,p500_alternating,65536,1,41599,11,11,32768,32768,1
32,gcc-scalar,20260917,683,12,measure,47,small,sum_one,uniform,256,4096,408622,11,11,12471836693395644416,12471836693395644416,1
32,gcc-scalar,20260917,684,12,measure,48,branch,sum_if,p250,65536,1,288098,11,11,75766260937212688,75766260937212688,1
32,gcc-scalar,20260917,685,12,measure,49,branch,filter_copy_mask,p900,65536,1,28292,11,11,58982,58982,1
32,gcc-scalar,20260917,686,12,measure,50,branch,sum_if,p500_alternating,65536,1,26392,11,11,4196774058536912234,4196774058536912234,1
32,gcc-scalar,20260917,687,12,measure,51,branch,filter_copy_mask,p250,65536,1,28142,11,11,16384,16384,1
32,gcc-scalar,20260917,688,12,measure,52,branch,filter_copy_mask,p750,65536,1,29922,11,11,49152,49152,1
32,gcc-scalar,20260917,689,13,measure,0,branch,filter_copy,p100,65536,1,147423,11,11,6554,6554,1
32,gcc-scalar,20260917,690,13,measure,1,small,sum_one,uniform,32,32768,488670,11,11,4730905112462327808,4730905112462327808,1
32,gcc-scalar,20260917,691,13,measure,2,branch,sum_if,p750,65536,1,264762,11,11,14586442889165806448,14586442889165806448,1
32,gcc-scalar,20260917,692,13,measure,3,dependency,sum_four,uniform,65536,64,1128580,11,11,1190735372877940864,1190735372877940864,1
32,gcc-scalar,20260917,693,13,measure,4,branch,sum_if,p500_alternating,65536,1,26424,11,11,4196774058536912234,4196774058536912234,1
32,gcc-scalar,20260917,694,13,measure,5,small,sum_one,uniform,64,16384,611155,11,11,14815439244071927808,14815439244071927808,1
32,gcc-scalar,20260917,695,13,measure,6,small,sum_one,uniform,24,43690,513153,11,11,5019437447312423050,5019437447312423050,1
32,gcc-scalar,20260917,696,13,measure,7,branch,filter_copy,p250,65536,1,266902,11,11,16384,16384,1
32,gcc-scalar,20260917,697,13,measure,8,small,sum_one,uniform,4,262144,901970,11,11,6027757896494481408,6027757896494481408,1
32,gcc-scalar,20260917,698,13,measure,9,branch,filter_copy_mask,p750,65536,1,28983,11,11,49152,49152,1
32,gcc-scalar,20260917,699,13,measure,10,small,sum_one,uniform,256,4096,407547,11,11,12471836693395644416,12471836693395644416,1
32,gcc-scalar,20260917,700,13,measure,11,branch,filter_copy,p500,65536,1,368912,11,11,32768,32768,1
32,gcc-scalar,20260917,701,13,measure,12,small,sum_one,uniform,96,10922,497571,11,11,1966801938065649448,1966801938065649448,1
32,gcc-scalar,20260917,702,13,measure,13,branch,filter_copy,p750,65536,1,258763,11,11,49152,49152,1
32,gcc-scalar,20260917,703,13,measure,14,small,sum_one,uniform,12,87381,602001,11,11,18208879310165819389,18208879310165819389,1
32,gcc-scalar,20260917,704,13,measure,15,branch,filter_copy,p000,65536,1,26400,11,11,0,0,1
32,gcc-scalar,20260917,705,13,measure,16,small,sum_one,uniform,2,524288,1059251,11,11,14489530702789345280,14489530702789345280,1
32,gcc-scalar,20260917,706,13,measure,17,branch,filter_copy_mask,p900,65536,1,29082,11,11,58982,58982,1
32,gcc-scalar,20260917,707,13,measure,18,branch,filter_copy_mask,p1000,65536,1,29875,11,11,65536,65536,1
32,gcc-scalar,20260917,708,13,measure,19,branch,filter_copy,p900,65536,1,143011,11,11,58982,58982,1
32,gcc-scalar,20260917,709,13,measure,20,small,sum_one,uniform,1024,1024,428024,11,11,6113767114656410624,6113767114656410624,1
32,gcc-scalar,20260917,710,13,measure,21,small,sum_one,uniform,768,1365,421574,11,11,6760326044614544011,6760326044614544011,1
32,gcc-scalar,20260917,711,13,measure,22,branch,filter_copy_mask,p000,65536,1,27124,11,11,0,0,1
32,gcc-scalar,20260917,712,13,measure,23,dependency,chain_xor_mul,uniform,65536,64,6751939,11,11,5299772668389481216,5299772668389481216,1
32,gcc-scalar,20260917,713,13,measure,24,branch,filter_copy_mask,p100,65536,1,27321,11,11,6554,6554,1
32,gcc-scalar,20260917,714,13,measure,25,branch,filter_copy,p500_alternating,65536,1,27064,11,11,32768,32768,1
32,gcc-scalar,20260917,715,13,measure,26,small,sum_one,uniform,8,131072,793693,11,11,11724155215337095168,11724155215337095168,1
32,gcc-scalar,20260917,716,13,measure,27,small,sum_one,uniform,6,174762,908765,11,11,4529353940760067638,4529353940760067638,1
32,gcc-scalar,20260917,717,13,measure,28,dependency,split_xor_mul,uniform,65536,64,2339051,11,11,8310383708453772032,8310383708453772032,1
32,gcc-scalar,20260917,718,13,measure,29,branch,sum_if,p000,65536,1,41454,11,11,0,0,1
32,gcc-scalar,20260917,719,13,measure,30,branch,sum_if,p100,65536,1,154464,11,11,3083979731501324985,3083979731501324985,1
32,gcc-scalar,20260917,720,13,measure,31,small,sum_one,uniform,3,349525,1025196,11,11,9690214761957071044,9690214761957071044,1
32,gcc-scalar,20260917,721,13,measure,32,small,sum_one,uniform,1,1048576,1884233,11,11,8452580083670974464,8452580083670974464,1
32,gcc-scalar,20260917,722,13,measure,33,small,sum_one,uniform,48,21845,725481,11,11,18173204259618227916,18173204259618227916,1
32,gcc-scalar,20260917,723,13,measure,34,branch,filter_copy,p1000,65536,1,45183,11,11,65536,65536,1
32,gcc-scalar,20260917,724,13,measure,35,branch,filter_copy_mask,p500,65536,1,29781,11,11,32768,32768,1
32,gcc-scalar,20260917,725,13,measure,36,small,sum_one,uniform,192,5461,456893,11,11,17901819518249685373,17901819518249685373,1
32,gcc-scalar,20260917,726,13,measure,37,branch,filter_copy_mask,p500_sorted,65536,1,28616,11,11,32768,32768,1
32,gcc-scalar,20260917,727,13,measure,38,branch,sum_if,p500_sorted,65536,1,27633,11,11,2213941836433581612,2213941836433581612,1
32,gcc-scalar,20260917,728,13,measure,39,dependency,sum_twice,uniform,65536,64,3521098,11,11,2381470745755881728,2381470745755881728,1
32,gcc-scalar,20260917,729,13,measure,40,branch,filter_copy,p500_sorted,65536,1,27866,11,11,32768,32768,1
32,gcc-scalar,20260917,730,13,measure,41,branch,sum_if,p250,65536,1,282687,11,11,75766260937212688,75766260937212688,1
32,gcc-scalar,20260917,731,13,measure,42,small,sum_one,uniform,512,2048,443083,11,11,6127788314265579520,6127788314265579520,1
32,gcc-scalar,20260917,732,13,measure,43,dependency,sum_one,uniform,65536,64,1744432,11,11,1190735372877940864,1190735372877940864,1
32,gcc-scalar,20260917,733,13,measure,44,branch,filter_copy_mask,p500_alternating,65536,1,30459,11,11,32768,32768,1
32,gcc-scalar,20260917,734,13,measure,45,branch,sum_if,p900,65536,1,146121,11,11,1957202038211152021,1957202038211152021,1
32,gcc-scalar,20260917,735,13,measure,46,branch,sum_if,p1000,65536,1,27482,11,11,4485739283943968327,4485739283943968327,1
32,gcc-scalar,20260917,736,13,measure,47,small,sum_one,uniform,16,65536,569462,11,11,1403062601089810432,1403062601089810432,1
32,gcc-scalar,20260917,737,13,measure,48,branch,sum_if,p500,65536,1,390643,11,11,261284744287062128,261284744287062128,1
32,gcc-scalar,20260917,738,13,measure,49,small,sum_one,uniform,384,2730,432291,11,11,5767785928059657782,5767785928059657782,1
32,gcc-scalar,20260917,739,13,measure,50,small,sum_one,uniform,128,8192,444754,11,11,17503531059042279424,17503531059042279424,1
32,gcc-scalar,20260917,740,13,measure,51,branch,filter_copy_mask,p250,65536,1,29054,11,11,16384,16384,1
32,gcc-scalar,20260917,741,13,measure,52,dependency,sum_one_bis,uniform,65536,64,1730124,11,11,1190735372877940864,1190735372877940864,1
32,gcc-scalar,20260917,742,14,measure,0,small,sum_one,uniform,512,2048,425443,11,11,6127788314265579520,6127788314265579520,1
32,gcc-scalar,20260917,743,14,measure,1,branch,filter_copy,p100,65536,1,154238,11,11,6554,6554,1
32,gcc-scalar,20260917,744,14,measure,2,branch,sum_if,p1000,65536,1,26405,11,11,4485739283943968327,4485739283943968327,1
32,gcc-scalar,20260917,745,14,measure,3,dependency,sum_one,uniform,65536,64,1749743,11,11,1190735372877940864,1190735372877940864,1
32,gcc-scalar,20260917,746,14,measure,4,branch,sum_if,p750,65536,1,273087,11,11,14586442889165806448,14586442889165806448,1
32,gcc-scalar,20260917,747,14,measure,5,small,sum_one,uniform,32,32768,509972,11,11,4730905112462327808,4730905112462327808,1
32,gcc-scalar,20260917,748,14,measure,6,branch,sum_if,p000,65536,1,27593,11,11,0,0,1
32,gcc-scalar,20260917,749,14,measure,7,branch,sum_if,p500_sorted,65536,1,27552,11,11,2213941836433581612,2213941836433581612,1
32,gcc-scalar,20260917,750,14,measure,8,branch,sum_if,p500_alternating,65536,1,27595,11,11,4196774058536912234,4196774058536912234,1
32,gcc-scalar,20260917,751,14,measure,9,small,sum_one,uniform,768,1365,440570,11,11,6760326044614544011,6760326044614544011,1
32,gcc-scalar,20260917,752,14,measure,10,branch,filter_copy,p900,65536,1,145724,11,11,58982,58982,1
32,gcc-scalar,20260917,753,14,measure,11,branch,filter_copy,p1000,65536,1,29751,11,11,65536,65536,1
32,gcc-scalar,20260917,754,14,measure,12,small,sum_one,uniform,96,10922,486370,11,11,1966801938065649448,1966801938065649448,1
32,gcc-scalar,20260917,755,14,measure,13,small,sum_one,uniform,1,1048576,1767765,11,11,8452580083670974464,8452580083670974464,1
32,gcc-scalar,20260917,756,14,measure,14,small,sum_one,uniform,24,43690,534279,11,11,5019437447312423050,5019437447312423050,1
32,gcc-scalar,20260917,757,14,measure,15,small,sum_one,uniform,3,349525,1030329,11,11,9690214761957071044,9690214761957071044,1
32,gcc-scalar,20260917,758,14,measure,16,branch,filter_copy,p000,65536,1,27533,11,11,0,0,1
32,gcc-scalar,20260917,759,14,measure,17,branch,filter_copy,p250,65536,1,277629,11,11,16384,16384,1
32,gcc-scalar,20260917,760,14,measure,18,small,sum_one,uniform,4,262144,933195,11,11,6027757896494481408,6027757896494481408,1
32,gcc-scalar,20260917,761,14,measure,19,dependency,chain_xor_mul,uniform,65536,64,6953303,11,11,5299772668389481216,5299772668389481216,1
32,gcc-scalar,20260917,762,14,measure,20,branch,filter_copy_mask,p900,65536,1,27822,11,11,58982,58982,1
32,gcc-scalar,20260917,763,14,measure,21,branch,filter_copy,p500_sorted,65536,1,26481,11,11,32768,32768,1
32,gcc-scalar,20260917,764,14,measure,22,branch,filter_copy,p500,65536,1,382146,11,11,32768,32768,1
32,gcc-scalar,20260917,765,14,measure,23,small,sum_one,uniform,64,16384,601775,11,11,14815439244071927808,14815439244071927808,1
32,gcc-scalar,20260917,766,14,measure,24,branch,filter_copy_mask,p500,65536,1,27959,11,11,32768,32768,1
32,gcc-scalar,20260917,767,14,measure,25,branch,filter_copy_mask,p750,65536,1,28041,11,11,49152,49152,1
32,gcc-scalar,20260917,768,14,measure,26,small,sum_one,uniform,48,21845,715049,11,11,18173204259618227916,18173204259618227916,1
32,gcc-scalar,20260917,769,14,measure,27,small,sum_one,uniform,192,5461,407791,11,11,17901819518249685373,17901819518249685373,1
32,gcc-scalar,20260917,770,14,measure,28,dependency,sum_twice,uniform,65536,64,3393381,11,11,2381470745755881728,2381470745755881728,1
32,gcc-scalar,20260917,771,14,measure,29,small,sum_one,uniform,256,4096,425659,11,11,12471836693395644416,12471836693395644416,1
32,gcc-scalar,20260917,772,14,measure,30,branch,filter_copy_mask,p1000,65536,1,28747,11,11,65536,65536,1
32,gcc-scalar,20260917,773,14,measure,31,dependency,sum_four,uniform,65536,64,1122305,11,11,1190735372877940864,1190735372877940864,1
32,gcc-scalar,20260917,774,14,measure,32,branch,filter_copy_mask,p500_sorted,65536,1,27087,11,11,32768,32768,1
32,gcc-scalar,20260917,775,14,measure,33,dependency,split_xor_mul,uniform,65536,64,2258239,11,11,8310383708453772032,8310383708453772032,1
32,gcc-scalar,20260917,776,14,measure,34,small,sum_one,uniform,128,8192,458265,11,11,17503531059042279424,17503531059042279424,1
32,gcc-scalar,20260917,777,14,measure,35,small,sum_one,uniform,1024,1024,424564,11,11,6113767114656410624,6113767114656410624,1
32,gcc-scalar,20260917,778,14,measure,36,small,sum_one,uniform,384,2730,420196,11,11,5767785928059657782,5767785928059657782,1
32,gcc-scalar,20260917,779,14,measure,37,small,sum_one,uniform,12,87381,682150,11,11,18208879310165819389,18208879310165819389,1
32,gcc-scalar,20260917,780,14,measure,38,small,sum_one,uniform,2,524288,1056533,11,11,14489530702789345280,14489530702789345280,1
32,gcc-scalar,20260917,781,14,measure,39,dependency,sum_one_bis,uniform,65536,64,1696731,11,11,1190735372877940864,1190735372877940864,1
32,gcc-scalar,20260917,782,14,measure,40,branch,filter_copy_mask,p250,65536,1,28413,11,11,16384,16384,1
32,gcc-scalar,20260917,783,14,measure,41,branch,sum_if,p250,65536,1,266653,11,11,75766260937212688,75766260937212688,1
32,gcc-scalar,20260917,784,14,measure,42,small,sum_one,uniform,16,65536,558431,11,11,1403062601089810432,1403062601089810432,1
32,gcc-scalar,20260917,785,14,measure,43,branch,filter_copy_mask,p100,65536,1,27697,11,11,6554,6554,1
32,gcc-scalar,20260917,786,14,measure,44,small,sum_one,uniform,8,131072,685717,11,11,11724155215337095168,11724155215337095168,1
32,gcc-scalar,20260917,787,14,measure,45,small,sum_one,uniform,6,174762,738322,11,11,4529353940760067638,4529353940760067638,1
32,gcc-scalar,20260917,788,14,measure,46,branch,filter_copy_mask,p000,65536,1,27050,11,11,0,0,1
32,gcc-scalar,20260917,789,14,measure,47,branch,sum_if,p500,65536,1,371893,11,11,261284744287062128,261284744287062128,1
32,gcc-scalar,20260917,790,14,measure,48,branch,filter_copy,p750,65536,1,263166,11,11,49152,49152,1
32,gcc-scalar,20260917,791,14,measure,49,branch,filter_copy_mask,p500_alternating,65536,1,28572,11,11,32768,32768,1
32,gcc-scalar,20260917,792,14,measure,50,branch,sum_if,p100,65536,1,147864,11,11,3083979731501324985,3083979731501324985,1
32,gcc-scalar,20260917,793,14,measure,51,branch,sum_if,p900,65536,1,141225,11,11,1957202038211152021,1957202038211152021,1
32,gcc-scalar,20260917,794,14,measure,52,branch,filter_copy,p500_alternating,65536,1,26537,11,11,32768,32768,1
32,gcc-scalar,20260917,795,15,measure,0,branch,filter_copy_mask,p100,65536,1,27310,11,11,6554,6554,1
32,gcc-scalar,20260917,796,15,measure,1,dependency,sum_one,uniform,65536,64,1694942,11,11,1190735372877940864,1190735372877940864,1
32,gcc-scalar,20260917,797,15,measure,2,small,sum_one,uniform,64,16384,602762,11,11,14815439244071927808,14815439244071927808,1
32,gcc-scalar,20260917,798,15,measure,3,branch,sum_if,p000,65536,1,26451,11,11,0,0,1
32,gcc-scalar,20260917,799,15,measure,4,dependency,sum_four,uniform,65536,64,1123889,11,11,1190735372877940864,1190735372877940864,1
32,gcc-scalar,20260917,800,15,measure,5,small,sum_one,uniform,12,87381,600035,11,11,18208879310165819389,18208879310165819389,1
32,gcc-scalar,20260917,801,15,measure,6,branch,filter_copy,p500_sorted,65536,1,26919,11,11,32768,32768,1
32,gcc-scalar,20260917,802,15,measure,7,small,sum_one,uniform,512,2048,421359,11,11,6127788314265579520,6127788314265579520,1
32,gcc-scalar,20260917,803,15,measure,8,branch,filter_copy,p100,65536,1,149278,11,11,6554,6554,1
32,gcc-scalar,20260917,804,15,measure,9,small,sum_one,uniform,32,32768,487703,11,11,4730905112462327808,4730905112462327808,1
32,gcc-scalar,20260917,805,15,measure,10,branch,sum_if,p900,65536,1,136860,11,11,1957202038211152021,1957202038211152021,1
32,gcc-scalar,20260917,806,15,measure,11,branch,sum_if,p500_sorted,65536,1,26417,11,11,2213941836433581612,2213941836433581612,1
32,gcc-scalar,20260917,807,15,measure,12,branch,filter_copy_mask,p000,65536,1,27449,11,11,0,0,1
32,gcc-scalar,20260917,808,15,measure,13,branch,filter_copy_mask,p500_alternating,65536,1,28447,11,11,32768,32768,1
32,gcc-scalar,20260917,809,15,measure,14,small,sum_one,uniform,192,5461,422792,11,11,17901819518249685373,17901819518249685373,1
32,gcc-scalar,20260917,810,15,measure,15,small,sum_one,uniform,768,1365,421828,11,11,6760326044614544011,6760326044614544011,1
32,gcc-scalar,20260917,811,15,measure,16,branch,filter_copy,p750,65536,1,262678,11,11,49152,49152,1
32,gcc-scalar,20260917,812,15,measure,17,dependency,sum_twice,uniform,65536,64,3374379,11,11,2381470745755881728,2381470745755881728,1
32,gcc-scalar,20260917,813,15,measure,18,small,sum_one,uniform,1,1048576,1685358,11,11,8452580083670974464,8452580083670974464,1
32,gcc-scalar,20260917,814,15,measure,19,branch,sum_if,p250,65536,1,263774,11,11,75766260937212688,75766260937212688,1
32,gcc-scalar,20260917,815,15,measure,20,branch,filter_copy,p900,65536,1,148305,11,11,58982,58982,1
32,gcc-scalar,20260917,816,15,measure,21,branch,filter_copy,p1000,65536,1,26969,11,11,65536,65536,1
32,gcc-scalar,20260917,817,15,measure,22,branch,filter_copy,p250,65536,1,271701,11,11,16384,16384,1
32,gcc-scalar,20260917,818,15,measure,23,branch,sum_if,p1000,65536,1,26352,11,11,4485739283943968327,4485739283943968327,1
32,gcc-scalar,20260917,819,15,measure,24,branch,filter_copy_mask,p750,65536,1,27387,11,11,49152,49152,1
32,gcc-scalar,20260917,820,15,measure,25,branch,filter_copy,p500_alternating,65536,1,26622,11,11,32768,32768,1
32,gcc-scalar,20260917,821,15,measure,26,small,sum_one,uniform,8,131072,688481,11,11,11724155215337095168,11724155215337095168,1
32,gcc-scalar,20260917,822,15,measure,27,branch,sum_if,p500_alternating,65536,1,26412,11,11,4196774058536912234,4196774058536912234,1
32,gcc-scalar,20260917,823,15,measure,28,branch,filter_copy,p500,65536,1,373319,11,11,32768,32768,1
32,gcc-scalar,20260917,824,15,measure,29,small,sum_one,uniform,16,65536,555351,11,11,1403062601089810432,1403062601089810432,1
32,gcc-scalar,20260917,825,15,measure,30,small,sum_one,uniform,1024,1024,418404,11,11,6113767114656410624,6113767114656410624,1
32,gcc-scalar,20260917,826,15,measure,31,small,sum_one,uniform,2,524288,1060234,11,11,14489530702789345280,14489530702789345280,1
32,gcc-scalar,20260917,827,15,measure,32,small,sum_one,uniform,48,21845,625652,11,11,18173204259618227916,18173204259618227916,1
32,gcc-scalar,20260917,828,15,measure,33,branch,filter_copy_mask,p500_sorted,65536,1,27914,11,11,32768,32768,1
32,gcc-scalar,20260917,829,15,measure,34,small,sum_one,uniform,384,2730,407811,11,11,5767785928059657782,5767785928059657782,1
32,gcc-scalar,20260917,830,15,measure,35,branch,sum_if,p500,65536,1,364300,11,11,261284744287062128,261284744287062128,1
32,gcc-scalar,20260917,831,15,measure,36,branch,filter_copy_mask,p900,65536,1,28018,11,11,58982,58982,1
32,gcc-scalar,20260917,832,15,measure,37,branch,filter_copy_mask,p250,65536,1,28143,11,11,16384,16384,1
32,gcc-scalar,20260917,833,15,measure,38,dependency,sum_one_bis,uniform,65536,64,1694945,11,11,1190735372877940864,1190735372877940864,1
32,gcc-scalar,20260917,834,15,measure,39,small,sum_one,uniform,96,10922,511734,11,11,1966801938065649448,1966801938065649448,1
32,gcc-scalar,20260917,835,15,measure,40,small,sum_one,uniform,256,4096,418399,11,11,12471836693395644416,12471836693395644416,1
32,gcc-scalar,20260917,836,15,measure,41,branch,sum_if,p750,65536,1,258946,11,11,14586442889165806448,14586442889165806448,1
32,gcc-scalar,20260917,837,15,measure,42,dependency,split_xor_mul,uniform,65536,64,2275952,11,11,8310383708453772032,8310383708453772032,1
32,gcc-scalar,20260917,838,15,measure,43,branch,filter_copy_mask,p500,65536,1,27776,11,11,32768,32768,1
32,gcc-scalar,20260917,839,15,measure,44,small,sum_one,uniform,3,349525,983354,11,11,9690214761957071044,9690214761957071044,1
32,gcc-scalar,20260917,840,15,measure,45,small,sum_one,uniform,24,43690,509150,11,11,5019437447312423050,5019437447312423050,1
32,gcc-scalar,20260917,841,15,measure,46,small,sum_one,uniform,4,262144,896082,11,11,6027757896494481408,6027757896494481408,1
32,gcc-scalar,20260917,842,15,measure,47,dependency,chain_xor_mul,uniform,65536,64,6754600,11,11,5299772668389481216,5299772668389481216,1
32,gcc-scalar,20260917,843,15,measure,48,branch,filter_copy_mask,p1000,65536,1,29551,11,11,65536,65536,1
32,gcc-scalar,20260917,844,15,measure,49,small,sum_one,uniform,128,8192,447942,11,11,17503531059042279424,17503531059042279424,1
32,gcc-scalar,20260917,845,15,measure,50,small,sum_one,uniform,6,174762,738367,11,11,4529353940760067638,4529353940760067638,1
32,gcc-scalar,20260917,846,15,measure,51,branch,sum_if,p100,65536,1,144858,11,11,3083979731501324985,3083979731501324985,1
32,gcc-scalar,20260917,847,15,measure,52,branch,filter_copy,p000,65536,1,26411,11,11,0,0,1
32,gcc-scalar,20260917,848,16,measure,0,dependency,sum_one_bis,uniform,65536,64,1696794,11,11,1190735372877940864,1190735372877940864,1
32,gcc-scalar,20260917,849,16,measure,1,branch,filter_copy_mask,p750,65536,1,27769,11,11,49152,49152,1
32,gcc-scalar,20260917,850,16,measure,2,dependency,chain_xor_mul,uniform,65536,64,6751339,11,11,5299772668389481216,5299772668389481216,1
32,gcc-scalar,20260917,851,16,measure,3,small,sum_one,uniform,1024,1024,428024,11,11,6113767114656410624,6113767114656410624,1
32,gcc-scalar,20260917,852,16,measure,4,dependency,sum_one,uniform,65536,64,1757610,11,11,1190735372877940864,1190735372877940864,1
32,gcc-scalar,20260917,853,16,measure,5,branch,sum_if,p500_alternating,65536,1,26881,11,11,4196774058536912234,4196774058536912234,1
32,gcc-scalar,20260917,854,16,measure,6,small,sum_one,uniform,4,262144,1035766,11,11,6027757896494481408,6027757896494481408,1
32,gcc-scalar,20260917,855,16,measure,7,branch,filter_copy,p750,65536,1,278261,11,11,49152,49152,1
32,gcc-scalar,20260917,856,16,measure,8,branch,filter_copy,p1000,65536,1,28232,11,11,65536,65536,1
32,gcc-scalar,20260917,857,16,measure,9,small,sum_one,uniform,32,32768,490106,11,11,4730905112462327808,4730905112462327808,1
32,gcc-scalar,20260917,858,16,measure,10,branch,sum_if,p900,65536,1,136954,11,11,1957202038211152021,1957202038211152021,1
32,gcc-scalar,20260917,859,16,measure,11,dependency,sum_twice,uniform,65536,64,3413140,11,11,2381470745755881728,2381470745755881728,1
32,gcc-scalar,20260917,860,16,measure,12,small,sum_one,uniform,12,87381,595726,11,11,18208879310165819389,18208879310165819389,1
32,gcc-scalar,20260917,861,16,measure,13,small,sum_one,uniform,64,16384,602016,11,11,14815439244071927808,14815439244071927808,1
32,gcc-scalar,20260917,862,16,measure,14,small,sum_one,uniform,2,524288,1053966,11,11,14489530702789345280,14489530702789345280,1
32,gcc-scalar,20260917,863,16,measure,15,branch,filter_copy,p000,65536,1,26402,11,11,0,0,1
32,gcc-scalar,20260917,864,16,measure,16,branch,filter_copy,p900,65536,1,148308,11,11,58982,58982,1
32,gcc-scalar,20260917,865,16,measure,17,small,sum_one,uniform,512,2048,425892,11,11,6127788314265579520,6127788314265579520,1
32,gcc-scalar,20260917,866,16,measure,18,branch,filter_copy_mask,p500,65536,1,28475,11,11,32768,32768,1
32,gcc-scalar,20260917,867,16,measure,19,branch,sum_if,p500,65536,1,365984,11,11,261284744287062128,261284744287062128,1
32,gcc-scalar,20260917,868,16,measure,20,small,sum_one,uniform,384,2730,421948,11,11,5767785928059657782,5767785928059657782,1
32,gcc-scalar,20260917,869,16,measure,21,small,sum_one,uniform,1,1048576,1686473,11,11,8452580083670974464,8452580083670974464,1
32,gcc-scalar,20260917,870,16,measure,22,small,sum_one,uniform,6,174762,738255,11,11,4529353940760067638,4529353940760067638,1
32,gcc-scalar,20260917,871,16,measure,23,dependency,split_xor_mul,uniform,65536,64,2228403,11,11,8310383708453772032,8310383708453772032,1
32,gcc-scalar,20260917,872,16,measure,24,branch,sum_if,p250,65536,1,259595,11,11,75766260937212688,75766260937212688,1
32,gcc-scalar,20260917,873,16,measure,25,small,sum_one,uniform,128,8192,431467,11,11,17503531059042279424,17503531059042279424,1
32,gcc-scalar,20260917,874,16,measure,26,branch,filter_copy_mask,p100,65536,1,27437,11,11,6554,6554,1
32,gcc-scalar,20260917,875,16,measure,27,small,sum_one,uniform,48,21845,647175,11,11,18173204259618227916,18173204259618227916,1
32,gcc-scalar,20260917,876,16,measure,28,small,sum_one,uniform,24,43690,509503,11,11,5019437447312423050,5019437447312423050,1
32,gcc-scalar,20260917,877,16,measure,29,small,sum_one,uniform,8,131072,687095,11,11,11724155215337095168,11724155215337095168,1
32,gcc-scalar,20260917,878,16,measure,30,branch,filter_copy_mask,p500_sorted,65536,1,27733,11,11,32768,32768,1
32,gcc-scalar,20260917,879,16,measure,31,small,sum_one,uniform,256,4096,418329,11,11,12471836693395644416,12471836693395644416,1
32,gcc-scalar,20260917,880,16,measure,32,small,sum_one,uniform,3,349525,983925,11,11,9690214761957071044,9690214761957071044,1
32,gcc-scalar,20260917,881,16,measure,33,branch,filter_copy,p500_sorted,65536,1,26428,11,11,32768,32768,1
32,gcc-scalar,20260917,882,16,measure,34,branch,sum_if,p100,65536,1,146110,11,11,3083979731501324985,3083979731501324985,1
32,gcc-scalar,20260917,883,16,measure,35,branch,filter_copy_mask,p250,65536,1,28178,11,11,16384,16384,1
32,gcc-scalar,20260917,884,16,measure,36,branch,sum_if,p750,65536,1,261553,11,11,14586442889165806448,14586442889165806448,1
32,gcc-scalar,20260917,885,16,measure,37,dependency,sum_four,uniform,65536,64,1121785,11,11,1190735372877940864,1190735372877940864,1
32,gcc-scalar,20260917,886,16,measure,38,branch,filter_copy,p500_alternating,65536,1,26719,11,11,32768,32768,1
32,gcc-scalar,20260917,887,16,measure,39,branch,filter_copy_mask,p1000,65536,1,29231,11,11,65536,65536,1
32,gcc-scalar,20260917,888,16,measure,40,small,sum_one,uniform,96,10922,475099,11,11,1966801938065649448,1966801938065649448,1
32,gcc-scalar,20260917,889,16,measure,41,branch,sum_if,p500_sorted,65536,1,26441,11,11,2213941836433581612,2213941836433581612,1
32,gcc-scalar,20260917,890,16,measure,42,branch,filter_copy_mask,p000,65536,1,27094,11,11,0,0,1
32,gcc-scalar,20260917,891,16,measure,43,branch,filter_copy,p500,65536,1,368844,11,11,32768,32768,1
32,gcc-scalar,20260917,892,16,measure,44,branch,sum_if,p000,65536,1,26354,11,11,0,0,1
32,gcc-scalar,20260917,893,16,measure,45,branch,filter_copy,p100,65536,1,148285,11,11,6554,6554,1
32,gcc-scalar,20260917,894,16,measure,46,branch,filter_copy,p250,65536,1,265798,11,11,16384,16384,1
32,gcc-scalar,20260917,895,16,measure,47,branch,filter_copy_mask,p900,65536,1,27886,11,11,58982,58982,1
32,gcc-scalar,20260917,896,16,measure,48,branch,sum_if,p1000,65536,1,26408,11,11,4485739283943968327,4485739283943968327,1
32,gcc-scalar,20260917,897,16,measure,49,branch,filter_copy_mask,p500_alternating,65536,1,29161,11,11,32768,32768,1
32,gcc-scalar,20260917,898,16,measure,50,small,sum_one,uniform,768,1365,417634,11,11,6760326044614544011,6760326044614544011,1
32,gcc-scalar,20260917,899,16,measure,51,small,sum_one,uniform,192,5461,411541,11,11,17901819518249685373,17901819518249685373,1
32,gcc-scalar,20260917,900,16,measure,52,small,sum_one,uniform,16,65536,552560,11,11,1403062601089810432,1403062601089810432,1
32,gcc-scalar,20260917,901,17,measure,0,branch,sum_if,p250,65536,1,267639,11,11,75766260937212688,75766260937212688,1
32,gcc-scalar,20260917,902,17,measure,1,small,sum_one,uniform,6,174762,738181,11,11,4529353940760067638,4529353940760067638,1
32,gcc-scalar,20260917,903,17,measure,2,branch,filter_copy,p500_sorted,65536,1,26469,11,11,32768,32768,1
32,gcc-scalar,20260917,904,17,measure,3,branch,filter_copy_mask,p100,65536,1,27259,11,11,6554,6554,1
32,gcc-scalar,20260917,905,17,measure,4,branch,filter_copy,p500_alternating,65536,1,26635,11,11,32768,32768,1
32,gcc-scalar,20260917,906,17,measure,5,small,sum_one,uniform,768,1365,425722,11,11,6760326044614544011,6760326044614544011,1
32,gcc-scalar,20260917,907,17,measure,6,dependency,split_xor_mul,uniform,65536,64,2260975,11,11,8310383708453772032,8310383708453772032,1
32,gcc-scalar,20260917,908,17,measure,7,branch,sum_if,p000,65536,1,26403,11,11,0,0,1
32,gcc-scalar,20260917,909,17,measure,8,small,sum_one,uniform,48,21845,634697,11,11,18173204259618227916,18173204259618227916,1
32,gcc-scalar,20260917,910,17,measure,9,branch,filter_copy_mask,p500_sorted,65536,1,27663,11,11,32768,32768,1
32,gcc-scalar,20260917,911,17,measure,10,branch,sum_if,p750,65536,1,293188,11,11,14586442889165806448,14586442889165806448,1
32,gcc-scalar,20260917,912,17,measure,11,small,sum_one,uniform,256,4096,418381,11,11,12471836693395644416,12471836693395644416,1
32,gcc-scalar,20260917,913,17,measure,12,branch,filter_copy_mask,p750,65536,1,28402,11,11,49152,49152,1
32,gcc-scalar,20260917,914,17,measure,13,small,sum_one,uniform,128,8192,458122,11,11,17503531059042279424,17503531059042279424,1
32,gcc-scalar,20260917,915,17,measure,14,branch,filter_copy,p500,65536,1,367414,11,11,32768,32768,1
32,gcc-scalar,20260917,916,17,measure,15,dependency,sum_four,uniform,65536,64,1122041,11,11,1190735372877940864,1190735372877940864,1
32,gcc-scalar,20260917,917,17,measure,16,small,sum_one,uniform,192,5461,421247,11,11,17901819518249685373,17901819518249685373,1
32,gcc-scalar,20260917,918,17,measure,17,branch,filter_copy_mask,p500_alternating,65536,1,28649,11,11,32768,32768,1
32,gcc-scalar,20260917,919,17,measure,18,small,sum_one,uniform,3,349525,983896,11,11,9690214761957071044,9690214761957071044,1
32,gcc-scalar,20260917,920,17,measure,19,branch,filter_copy_mask,p900,65536,1,28460,11,11,58982,58982,1
32,gcc-scalar,20260917,921,17,measure,20,branch,filter_copy,p900,65536,1,143797,11,11,58982,58982,1
32,gcc-scalar,20260917,922,17,measure,21,small,sum_one,uniform,24,43690,511545,11,11,5019437447312423050,5019437447312423050,1
32,gcc-scalar,20260917,923,17,measure,22,branch,filter_copy_mask,p1000,65536,1,28328,11,11,65536,65536,1
32,gcc-scalar,20260917,924,17,measure,23,branch,filter_copy,p100,65536,1,152496,11,11,6554,6554,1
32,gcc-scalar,20260917,925,17,measure,24,small,sum_one,uniform,96,10922,478054,11,11,1966801938065649448,1966801938065649448,1
32,gcc-scalar,20260917,926,17,measure,25,small,sum_one,uniform,1024,1024,424224,11,11,6113767114656410624,6113767114656410624,1
32,gcc-scalar,20260917,927,17,measure,26,branch,filter_copy_mask,p250,65536,1,28103,11,11,16384,16384,1
32,gcc-scalar,20260917,928,17,measure,27,branch,filter_copy,p250,65536,1,273003,11,11,16384,16384,1
32,gcc-scalar,20260917,929,17,measure,28,small,sum_one,uniform,512,2048,424426,11,11,6127788314265579520,6127788314265579520,1
32,gcc-scalar,20260917,930,17,measure,29,dependency,sum_one,uniform,65536,64,1690124,11,11,1190735372877940864,1190735372877940864,1
32,gcc-scalar,20260917,931,17,measure,30,branch,filter_copy_mask,p500,65536,1,27852,11,11,32768,32768,1
32,gcc-scalar,20260917,932,17,measure,31,branch,sum_if,p500_alternating,65536,1,26405,11,11,4196774058536912234,4196774058536912234,1
32,gcc-scalar,20260917,933,17,measure,32,branch,sum_if,p500_sorted,65536,1,26715,11,11,2213941836433581612,2213941836433581612,1
32,gcc-scalar,20260917,934,17,measure,33,branch,filter_copy,p1000,65536,1,26938,11,11,65536,65536,1
32,gcc-scalar,20260917,935,17,measure,34,branch,filter_copy_mask,p000,65536,1,27168,11,11,0,0,1
32,gcc-scalar,20260917,936,17,measure,35,small,sum_one,uniform,16,65536,553243,11,11,1403062601089810432,1403062601089810432,1
32,gcc-scalar,20260917,937,17,measure,36,branch,filter_copy,p000,65536,1,26383,11,11,0,0,1
32,gcc-scalar,20260917,938,17,measure,37,branch,filter_copy,p750,65536,1,259813,11,11,49152,49152,1
32,gcc-scalar,20260917,939,17,measure,38,small,sum_one,uniform,384,2730,432040,11,11,5767785928059657782,5767785928059657782,1
32,gcc-scalar,20260917,940,17,measure,39,small,sum_one,uniform,4,262144,896805,11,11,6027757896494481408,6027757896494481408,1
32,gcc-scalar,20260917,941,17,measure,40,small,sum_one,uniform,64,16384,625642,11,11,14815439244071927808,14815439244071927808,1
32,gcc-scalar,20260917,942,17,measure,41,small,sum_one,uniform,1,1048576,1693948,11,11,8452580083670974464,8452580083670974464,1
32,gcc-scalar,20260917,943,17,measure,42,small,sum_one,uniform,2,524288,1053529,11,11,14489530702789345280,14489530702789345280,1
32,gcc-scalar,20260917,944,17,measure,43,branch,sum_if,p100,65536,1,149158,11,11,3083979731501324985,3083979731501324985,1
32,gcc-scalar,20260917,945,17,measure,44,branch,sum_if,p900,65536,1,137720,11,11,1957202038211152021,1957202038211152021,1
32,gcc-scalar,20260917,946,17,measure,45,small,sum_one,uniform,8,131072,685596,11,11,11724155215337095168,11724155215337095168,1
32,gcc-scalar,20260917,947,17,measure,46,branch,sum_if,p1000,65536,1,26364,11,11,4485739283943968327,4485739283943968327,1
32,gcc-scalar,20260917,948,17,measure,47,dependency,chain_xor_mul,uniform,65536,64,6755871,11,11,5299772668389481216,5299772668389481216,1
32,gcc-scalar,20260917,949,17,measure,48,small,sum_one,uniform,32,32768,489045,11,11,4730905112462327808,4730905112462327808,1
32,gcc-scalar,20260917,950,17,measure,49,branch,sum_if,p500,65536,1,373614,11,11,261284744287062128,261284744287062128,1
32,gcc-scalar,20260917,951,17,measure,50,dependency,sum_twice,uniform,65536,64,3625616,11,11,2381470745755881728,2381470745755881728,1
32,gcc-scalar,20260917,952,17,measure,51,small,sum_one,uniform,12,87381,599761,11,11,18208879310165819389,18208879310165819389,1
32,gcc-scalar,20260917,953,17,measure,52,dependency,sum_one_bis,uniform,65536,64,1694713,11,11,1190735372877940864,1190735372877940864,1
32,gcc-scalar,20260917,954,18,measure,0,branch,filter_copy,p500,65536,1,371165,11,11,32768,32768,1
32,gcc-scalar,20260917,955,18,measure,1,branch,filter_copy_mask,p1000,65536,1,29722,11,11,65536,65536,1
32,gcc-scalar,20260917,956,18,measure,2,branch,sum_if,p500,65536,1,379058,11,11,261284744287062128,261284744287062128,1
32,gcc-scalar,20260917,957,18,measure,3,branch,filter_copy_mask,p100,65536,1,27422,11,11,6554,6554,1
32,gcc-scalar,20260917,958,18,measure,4,dependency,split_xor_mul,uniform,65536,64,2260636,11,11,8310383708453772032,8310383708453772032,1
32,gcc-scalar,20260917,959,18,measure,5,branch,filter_copy,p500_sorted,65536,1,27174,11,11,32768,32768,1
32,gcc-scalar,20260917,960,18,measure,6,branch,sum_if,p000,65536,1,26411,11,11,0,0,1
32,gcc-scalar,20260917,961,18,measure,7,branch,filter_copy,p1000,65536,1,26594,11,11,65536,65536,1
32,gcc-scalar,20260917,962,18,measure,8,small,sum_one,uniform,6,174762,748508,11,11,4529353940760067638,4529353940760067638,1
32,gcc-scalar,20260917,963,18,measure,9,small,sum_one,uniform,768,1365,422596,11,11,6760326044614544011,6760326044614544011,1
32,gcc-scalar,20260917,964,18,measure,10,small,sum_one,uniform,384,2730,422435,11,11,5767785928059657782,5767785928059657782,1
32,gcc-scalar,20260917,965,18,measure,11,branch,filter_copy_mask,p000,65536,1,27292,11,11,0,0,1
32,gcc-scalar,20260917,966,18,measure,12,branch,sum_if,p500_sorted,65536,1,29291,11,11,2213941836433581612,2213941836433581612,1
32,gcc-scalar,20260917,967,18,measure,13,branch,filter_copy,p000,65536,1,26366,11,11,0,0,1
32,gcc-scalar,20260917,968,18,measure,14,small,sum_one,uniform,48,21845,631318,11,11,18173204259618227916,18173204259618227916,1
32,gcc-scalar,20260917,969,18,measure,15,small,sum_one,uniform,24,43690,512091,11,11,5019437447312423050,5019437447312423050,1
32,gcc-scalar,20260917,970,18,measure,16,branch,sum_if,p500_alternating,65536,1,26675,11,11,4196774058536912234,4196774058536912234,1
32,gcc-scalar,20260917,971,18,measure,17,small,sum_one,uniform,2,524288,1058947,11,11,14489530702789345280,14489530702789345280,1
32,gcc-scalar,20260917,972,18,measure,18,small,sum_one,uniform,32,32768,487983,11,11,4730905112462327808,4730905112462327808,1
32,gcc-scalar,20260917,973,18,measure,19,small,sum_one,uniform,1024,1024,438959,11,11,6113767114656410624,6113767114656410624,1
32,gcc-scalar,20260917,974,18,measure,20,small,sum_one,uniform,3,349525,983748,11,11,9690214761957071044,9690214761957071044,1
32,gcc-scalar,20260917,975,18,measure,21,branch,sum_if,p900,65536,1,165431,11,11,1957202038211152021,1957202038211152021,1
32,gcc-scalar,20260917,976,18,measure,22,small,sum_one,uniform,192,5461,417262,11,11,17901819518249685373,17901819518249685373,1
32,gcc-scalar,20260917,977,18,measure,23,branch,sum_if,p750,65536,1,261912,11,11,14586442889165806448,14586442889165806448,1
32,gcc-scalar,20260917,978,18,measure,24,dependency,sum_twice,uniform,65536,64,3390601,11,11,2381470745755881728,2381470745755881728,1
32,gcc-scalar,20260917,979,18,measure,25,small,sum_one,uniform,512,2048,421583,11,11,6127788314265579520,6127788314265579520,1
32,gcc-scalar,20260917,980,18,measure,26,small,sum_one,uniform,128,8192,460277,11,11,17503531059042279424,17503531059042279424,1
32,gcc-scalar,20260917,981,18,measure,27,branch,filter_copy_mask,p750,65536,1,28257,11,11,49152,49152,1
32,gcc-scalar,20260917,982,18,measure,28,branch,filter_copy,p100,65536,1,149071,11,11,6554,6554,1
32,gcc-scalar,20260917,983,18,measure,29,small,sum_one,uniform,256,4096,418645,11,11,12471836693395644416,12471836693395644416,1
32,gcc-scalar,20260917,984,18,measure,30,small,sum_one,uniform,8,131072,686109,11,11,11724155215337095168,11724155215337095168,1
32,gcc-scalar,20260917,985,18,measure,31,small,sum_one,uniform,4,262144,895503,11,11,6027757896494481408,6027757896494481408,1
32,gcc-scalar,20260917,986,18,measure,32,dependency,chain_xor_mul,uniform,65536,64,6772344,11,11,5299772668389481216,5299772668389481216,1
32,gcc-scalar,20260917,987,18,measure,33,small,sum_one,uniform,12,87381,597323,11,11,18208879310165819389,18208879310165819389,1
32,gcc-scalar,20260917,988,18,measure,34,small,sum_one,uniform,64,16384,827983,11,11,14815439244071927808,14815439244071927808,1
32,gcc-scalar,20260917,989,18,measure,35,branch,sum_if,p250,65536,1,261657,11,11,75766260937212688,75766260937212688,1
32,gcc-scalar,20260917,990,18,measure,36,branch,filter_copy_mask,p500,65536,1,28006,11,11,32768,32768,1
32,gcc-scalar,20260917,991,18,measure,37,branch,sum_if,p100,65536,1,148243,11,11,3083979731501324985,3083979731501324985,1
32,gcc-scalar,20260917,992,18,measure,38,branch,sum_if,p1000,65536,1,26343,11,11,4485739283943968327,4485739283943968327,1
32,gcc-scalar,20260917,993,18,measure,39,dependency,sum_one_bis,uniform,65536,64,1690879,11,11,1190735372877940864,1190735372877940864,1
32,gcc-scalar,20260917,994,18,measure,40,branch,filter_copy,p500_alternating,65536,1,26702,11,11,32768,32768,1
32,gcc-scalar,20260917,995,18,measure,41,branch,filter_copy,p250,65536,1,262849,11,11,16384,16384,1
32,gcc-scalar,20260917,996,18,measure,42,small,sum_one,uniform,1,1048576,1693977,11,11,8452580083670974464,8452580083670974464,1
32,gcc-scalar,20260917,997,18,measure,43,branch,filter_copy_mask,p500_sorted,65536,1,27113,11,11,32768,32768,1
32,gcc-scalar,20260917,998,18,measure,44,dependency,sum_one,uniform,65536,64,1695635,11,11,1190735372877940864,1190735372877940864,1
32,gcc-scalar,20260917,999,18,measure,45,small,sum_one,uniform,96,10922,465330,11,11,1966801938065649448,1966801938065649448,1
32,gcc-scalar,20260917,1000,18,measure,46,branch,filter_copy,p750,65536,1,264629,11,11,49152,49152,1
32,gcc-scalar,20260917,1001,18,measure,47,branch,filter_copy_mask,p500_alternating,65536,1,28954,11,11,32768,32768,1
32,gcc-scalar,20260917,1002,18,measure,48,branch,filter_copy_mask,p250,65536,1,27955,11,11,16384,16384,1
32,gcc-scalar,20260917,1003,18,measure,49,dependency,sum_four,uniform,65536,64,1122330,11,11,1190735372877940864,1190735372877940864,1
32,gcc-scalar,20260917,1004,18,measure,50,branch,filter_copy,p900,65536,1,139474,11,11,58982,58982,1
32,gcc-scalar,20260917,1005,18,measure,51,branch,filter_copy_mask,p900,65536,1,27599,11,11,58982,58982,1
32,gcc-scalar,20260917,1006,18,measure,52,small,sum_one,uniform,16,65536,552631,11,11,1403062601089810432,1403062601089810432,1
32,gcc-scalar,20260917,1007,19,measure,0,branch,filter_copy_mask,p100,65536,1,27409,11,11,6554,6554,1
32,gcc-scalar,20260917,1008,19,measure,1,branch,filter_copy_mask,p500_sorted,65536,1,27673,11,11,32768,32768,1
32,gcc-scalar,20260917,1009,19,measure,2,small,sum_one,uniform,512,2048,420473,11,11,6127788314265579520,6127788314265579520,1
32,gcc-scalar,20260917,1010,19,measure,3,branch,filter_copy,p1000,65536,1,28473,11,11,65536,65536,1
32,gcc-scalar,20260917,1011,19,measure,4,small,sum_one,uniform,24,43690,519507,11,11,5019437447312423050,5019437447312423050,1
32,gcc-scalar,20260917,1012,19,measure,5,small,sum_one,uniform,1024,1024,423225,11,11,6113767114656410624,6113767114656410624,1
32,gcc-scalar,20260917,1013,19,measure,6,branch,filter_copy_mask,p250,65536,1,29208,11,11,16384,16384,1
32,gcc-scalar,20260917,1014,19,measure,7,branch,sum_if,p000,65536,1,26368,11,11,0,0,1
32,gcc-scalar,20260917,1015,19,measure,8,small,sum_one,uniform,12,87381,605008,11,11,18208879310165819389,18208879310165819389,1
32,gcc-scalar,20260917,1016,19,measure,9,small,sum_one,uniform,64,16384,618919,11,11,14815439244071927808,14815439244071927808,1
32,gcc-scalar,20260917,1017,19,measure,10,small,sum_one,uniform,768,1365,440349,11,11,6760326044614544011,6760326044614544011,1
32,gcc-scalar,20260917,1018,19,measure,11,small,sum_one,uniform,3,349525,997129,11,11,9690214761957071044,9690214761957071044,1
32,gcc-scalar,20260917,1019,19,measure,12,small,sum_one,uniform,32,32768,515170,11,11,4730905112462327808,4730905112462327808,1
32,gcc-scalar,20260917,1020,19,measure,13,small,sum_one,uniform,384,2730,438574,11,11,5767785928059657782,5767785928059657782,1
32,gcc-scalar,20260917,1021,19,measure,14,dependency,chain_xor_mul,uniform,65536,64,6793838,11,11,5299772668389481216,5299772668389481216,1
32,gcc-scalar,20260917,1022,19,measure,15,branch,sum_if,p500,65536,1,385819,11,11,261284744287062128,261284744287062128,1
32,gcc-scalar,20260917,1023,19,measure,16,branch,sum_if,p750,65536,1,268790,11,11,14586442889165806448,14586442889165806448,1
32,gcc-scalar,20260917,1024,19,measure,17,dependency,split_xor_mul,uniform,65536,64,2217261,11,11,8310383708453772032,8310383708453772032,1
32,gcc-scalar,20260917,1025,19,measure,18,branch,filter_copy_mask,p500_alternating,65536,1,28333,11,11,32768,32768,1
32,gcc-scalar,20260917,1026,19,measure,19,small,sum_one,uniform,2,524288,1053619,11,11,14489530702789345280,14489530702789345280,1
32,gcc-scalar,20260917,1027,19,measure,20,branch,filter_copy,p900,65536,1,144545,11,11,58982,58982,1
32,gcc-scalar,20260917,1028,19,measure,21,branch,filter_copy,p500,65536,1,372239,11,11,32768,32768,1
32,gcc-scalar,20260917,1029,19,measure,22,dependency,sum_one_bis,uniform,65536,64,1697735,11,11,1190735372877940864,1190735372877940864,1
32,gcc-scalar,20260917,1030,19,measure,23,small,sum_one,uniform,192,5461,421680,11,11,17901819518249685373,17901819518249685373,1
32,gcc-scalar,20260917,1031,19,measure,24,branch,filter_copy,p500_sorted,65536,1,26702,11,11,32768,32768,1
32,gcc-scalar,20260917,1032,19,measure,25,small,sum_one,uniform,256,4096,417215,11,11,12471836693395644416,12471836693395644416,1
32,gcc-scalar,20260917,1033,19,measure,26,dependency,sum_twice,uniform,65536,64,3381699,11,11,2381470745755881728,2381470745755881728,1
32,gcc-scalar,20260917,1034,19,measure,27,small,sum_one,uniform,1,1048576,1691603,11,11,8452580083670974464,8452580083670974464,1
32,gcc-scalar,20260917,1035,19,measure,28,branch,filter_copy_mask,p750,65536,1,28010,11,11,49152,49152,1
32,gcc-scalar,20260917,1036,19,measure,29,branch,sum_if,p900,65536,1,145735,11,11,1957202038211152021,1957202038211152021,1
32,gcc-scalar,20260917,1037,19,measure,30,branch,sum_if,p500_sorted,65536,1,26443,11,11,2213941836433581612,2213941836433581612,1
32,gcc-scalar,20260917,1038,19,measure,31,dependency,sum_four,uniform,65536,64,1122342,11,11,1190735372877940864,1190735372877940864,1
32,gcc-scalar,20260917,1039,19,measure,32,branch,sum_if,p100,65536,1,145257,11,11,3083979731501324985,3083979731501324985,1
32,gcc-scalar,20260917,1040,19,measure,33,branch,filter_copy_mask,p000,65536,1,30026,11,11,0,0,1
32,gcc-scalar,20260917,1041,19,measure,34,branch,filter_copy_mask,p1000,65536,1,27660,11,11,65536,65536,1
32,gcc-scalar,20260917,1042,19,measure,35,small,sum_one,uniform,6,174762,737733,11,11,4529353940760067638,4529353940760067638,1
32,gcc-scalar,20260917,1043,19,measure,36,branch,filter_copy,p250,65536,1,263608,11,11,16384,16384,1
32,gcc-scalar,20260917,1044,19,measure,37,branch,filter_copy_mask,p500,65536,1,27989,11,11,32768,32768,1
32,gcc-scalar,20260917,1045,19,measure,38,branch,filter_copy_mask,p900,65536,1,27596,11,11,58982,58982,1
32,gcc-scalar,20260917,1046,19,measure,39,small,sum_one,uniform,48,21845,735480,11,11,18173204259618227916,18173204259618227916,1
32,gcc-scalar,20260917,1047,19,measure,40,branch,sum_if,p500_alternating,65536,1,26413,11,11,4196774058536912234,4196774058536912234,1
32,gcc-scalar,20260917,1048,19,measure,41,small,sum_one,uniform,4,262144,959023,11,11,6027757896494481408,6027757896494481408,1
32,gcc-scalar,20260917,1049,19,measure,42,dependency,sum_one,uniform,65536,64,1687959,11,11,1190735372877940864,1190735372877940864,1
32,gcc-scalar,20260917,1050,19,measure,43,branch,sum_if,p1000,65536,1,26339,11,11,4485739283943968327,4485739283943968327,1
32,gcc-scalar,20260917,1051,19,measure,44,small,sum_one,uniform,128,8192,464833,11,11,17503531059042279424,17503531059042279424,1
32,gcc-scalar,20260917,1052,19,measure,45,branch,filter_copy,p100,65536,1,144258,11,11,6554,6554,1
32,gcc-scalar,20260917,1053,19,measure,46,branch,sum_if,p250,65536,1,258897,11,11,75766260937212688,75766260937212688,1
32,gcc-scalar,20260917,1054,19,measure,47,small,sum_one,uniform,8,131072,689738,11,11,11724155215337095168,11724155215337095168,1
32,gcc-scalar,20260917,1055,19,measure,48,branch,filter_copy,p000,65536,1,26401,11,11,0,0,1
32,gcc-scalar,20260917,1056,19,measure,49,branch,filter_copy,p750,65536,1,269475,11,11,49152,49152,1
32,gcc-scalar,20260917,1057,19,measure,50,branch,filter_copy,p500_alternating,65536,1,26403,11,11,32768,32768,1
32,gcc-scalar,20260917,1058,19,measure,51,small,sum_one,uniform,16,65536,551735,11,11,1403062601089810432,1403062601089810432,1
32,gcc-scalar,20260917,1059,19,measure,52,small,sum_one,uniform,96,10922,512766,11,11,1966801938065649448,1966801938065649448,1
32,gcc-scalar,20260917,1060,20,measure,0,small,sum_one,uniform,768,1365,430618,11,11,6760326044614544011,6760326044614544011,1
32,gcc-scalar,20260917,1061,20,measure,1,small,sum_one,uniform,3,349525,994600,11,11,9690214761957071044,9690214761957071044,1
32,gcc-scalar,20260917,1062,20,measure,2,small,sum_one,uniform,1024,1024,423051,11,11,6113767114656410624,6113767114656410624,1
32,gcc-scalar,20260917,1063,20,measure,3,branch,filter_copy_mask,p500_alternating,65536,1,28677,11,11,32768,32768,1
32,gcc-scalar,20260917,1064,20,measure,4,small,sum_one,uniform,16,65536,551648,11,11,1403062601089810432,1403062601089810432,1
32,gcc-scalar,20260917,1065,20,measure,5,branch,filter_copy,p500,65536,1,380012,11,11,32768,32768,1
32,gcc-scalar,20260917,1066,20,measure,6,branch,filter_copy,p1000,65536,1,27771,11,11,65536,65536,1
32,gcc-scalar,20260917,1067,20,measure,7,small,sum_one,uniform,2,524288,1069928,11,11,14489530702789345280,14489530702789345280,1
32,gcc-scalar,20260917,1068,20,measure,8,branch,filter_copy_mask,p000,65536,1,28374,11,11,0,0,1
32,gcc-scalar,20260917,1069,20,measure,9,small,sum_one,uniform,48,21845,665588,11,11,18173204259618227916,18173204259618227916,1
32,gcc-scalar,20260917,1070,20,measure,10,branch,filter_copy,p900,65536,1,149775,11,11,58982,58982,1
32,gcc-scalar,20260917,1071,20,measure,11,small,sum_one,uniform,256,4096,435974,11,11,12471836693395644416,12471836693395644416,1
32,gcc-scalar,20260917,1072,20,measure,12,branch,filter_copy,p000,65536,1,26408,11,11,0,0,1
32,gcc-scalar,20260917,1073,20,measure,13,branch,filter_copy_mask,p1000,65536,1,27437,11,11,65536,65536,1
32,gcc-scalar,20260917,1074,20,measure,14,branch,filter_copy,p500_sorted,65536,1,27548,11,11,32768,32768,1
32,gcc-scalar,20260917,1075,20,measure,15,branch,sum_if,p500_alternating,65536,1,27503,11,11,4196774058536912234,4196774058536912234,1
32,gcc-scalar,20260917,1076,20,measure,16,small,sum_one,uniform,1,1048576,1757387,11,11,8452580083670974464,8452580083670974464,1
32,gcc-scalar,20260917,1077,20,measure,17,small,sum_one,uniform,8,131072,716155,11,11,11724155215337095168,11724155215337095168,1
32,gcc-scalar,20260917,1078,20,measure,18,branch,filter_copy_mask,p500,65536,1,29255,11,11,32768,32768,1
32,gcc-scalar,20260917,1079,20,measure,19,branch,sum_if,p1000,65536,1,27442,11,11,4485739283943968327,4485739283943968327,1
32,gcc-scalar,20260917,1080,20,measure,20,branch,filter_copy_mask,p100,65536,1,28084,11,11,6554,6554,1
32,gcc-scalar,20260917,1081,20,measure,21,small,sum_one,uniform,64,16384,565657,11,11,14815439244071927808,14815439244071927808,1
32,gcc-scalar,20260917,1082,20,measure,22,branch,filter_copy,p750,65536,1,265154,11,11,49152,49152,1
32,gcc-scalar,20260917,1083,20,measure,23,branch,sum_if,p750,65536,1,265072,11,11,14586442889165806448,14586442889165806448,1
32,gcc-scalar,20260917,1084,20,measure,24,small,sum_one,uniform,6,174762,768675,11,11,4529353940760067638,4529353940760067638,1
32,gcc-scalar,20260917,1085,20,measure,25,branch,filter_copy_mask,p900,65536,1,28658,11,11,58982,58982,1
32,gcc-scalar,20260917,1086,20,measure,26,branch,filter_copy_mask,p750,65536,1,29383,11,11,49152,49152,1
32,gcc-scalar,20260917,1087,20,measure,27,branch,sum_if,p100,65536,1,153581,11,11,3083979731501324985,3083979731501324985,1
32,gcc-scalar,20260917,1088,20,measure,28,branch,filter_copy,p100,65536,1,151723,11,11,6554,6554,1
32,gcc-scalar,20260917,1089,20,measure,29,small,sum_one,uniform,32,32768,504447,11,11,4730905112462327808,4730905112462327808,1
32,gcc-scalar,20260917,1090,20,measure,30,branch,filter_copy_mask,p250,65536,1,28303,11,11,16384,16384,1
32,gcc-scalar,20260917,1091,20,measure,31,dependency,sum_twice,uniform,65536,64,3407372,11,11,2381470745755881728,2381470745755881728,1
32,gcc-scalar,20260917,1092,20,measure,32,branch,sum_if,p500,65536,1,364887,11,11,261284744287062128,261284744287062128,1
32,gcc-scalar,20260917,1093,20,measure,33,small,sum_one,uniform,384,2730,412552,11,11,5767785928059657782,5767785928059657782,1
32,gcc-scalar,20260917,1094,20,measure,34,dependency,sum_one_bis,uniform,65536,64,1692449,11,11,1190735372877940864,1190735372877940864,1
32,gcc-scalar,20260917,1095,20,measure,35,small,sum_one,uniform,512,2048,423826,11,11,6127788314265579520,6127788314265579520,1
32,gcc-scalar,20260917,1096,20,measure,36,dependency,sum_one,uniform,65536,64,1686995,11,11,1190735372877940864,1190735372877940864,1
32,gcc-scalar,20260917,1097,20,measure,37,dependency,chain_xor_mul,uniform,65536,64,6743193,11,11,5299772668389481216,5299772668389481216,1
32,gcc-scalar,20260917,1098,20,measure,38,small,sum_one,uniform,24,43690,512669,11,11,5019437447312423050,5019437447312423050,1
32,gcc-scalar,20260917,1099,20,measure,39,branch,sum_if,p000,65536,1,26487,11,11,0,0,1
32,gcc-scalar,20260917,1100,20,measure,40,small,sum_one,uniform,96,10922,512813,11,11,1966801938065649448,1966801938065649448,1
32,gcc-scalar,20260917,1101,20,measure,41,branch,filter_copy,p250,65536,1,263510,11,11,16384,16384,1
32,gcc-scalar,20260917,1102,20,measure,42,small,sum_one,uniform,12,87381,598157,11,11,18208879310165819389,18208879310165819389,1
32,gcc-scalar,20260917,1103,20,measure,43,small,sum_one,uniform,4,262144,903854,11,11,6027757896494481408,6027757896494481408,1
32,gcc-scalar,20260917,1104,20,measure,44,dependency,split_xor_mul,uniform,65536,64,2319071,11,11,8310383708453772032,8310383708453772032,1
32,gcc-scalar,20260917,1105,20,measure,45,branch,sum_if,p250,65536,1,262055,11,11,75766260937212688,75766260937212688,1
32,gcc-scalar,20260917,1106,20,measure,46,branch,filter_copy,p500_alternating,65536,1,26592,11,11,32768,32768,1
32,gcc-scalar,20260917,1107,20,measure,47,small,sum_one,uniform,128,8192,429700,11,11,17503531059042279424,17503531059042279424,1
32,gcc-scalar,20260917,1108,20,measure,48,branch,sum_if,p900,65536,1,139389,11,11,1957202038211152021,1957202038211152021,1
32,gcc-scalar,20260917,1109,20,measure,49,small,sum_one,uniform,192,5461,418964,11,11,17901819518249685373,17901819518249685373,1
32,gcc-scalar,20260917,1110,20,measure,50,dependency,sum_four,uniform,65536,64,1123080,11,11,1190735372877940864,1190735372877940864,1
32,gcc-scalar,20260917,1111,20,measure,51,branch,sum_if,p500_sorted,65536,1,26426,11,11,2213941836433581612,2213941836433581612,1
32,gcc-scalar,20260917,1112,20,measure,52,branch,filter_copy_mask,p500_sorted,65536,1,27092,11,11,32768,32768,1
