run_id,build,seed,sample,round,phase,position,part,label,dataset,n,calls,elapsed_ns,cpu_before,cpu_after,result,expected,output_ok
41,gcc-O3-v3,20260917,0,0,warmup,0,small,sum_one,uniform,1,1048576,3971724,11,11,8452580083670974464,8452580083670974464,1
41,gcc-O3-v3,20260917,1,0,warmup,1,branch,filter_copy,p750,65536,1,263564,11,11,49152,49152,1
41,gcc-O3-v3,20260917,2,0,warmup,2,small,sum_one,uniform,3,349525,1090097,11,11,9690214761957071044,9690214761957071044,1
41,gcc-O3-v3,20260917,3,0,warmup,3,branch,sum_if,p000,65536,1,15667,11,11,0,0,1
41,gcc-O3-v3,20260917,4,0,warmup,4,branch,filter_copy,p500,65536,1,355892,11,11,32768,32768,1
41,gcc-O3-v3,20260917,5,0,warmup,5,branch,filter_copy,p900,65536,1,141866,11,11,58982,58982,1
41,gcc-O3-v3,20260917,6,0,warmup,6,branch,filter_copy_mask,p250,65536,1,29282,11,11,16384,16384,1
41,gcc-O3-v3,20260917,7,0,warmup,7,small,sum_one,uniform,96,10922,138848,11,11,1966801938065649448,1966801938065649448,1
41,gcc-O3-v3,20260917,8,0,warmup,8,small,sum_one,uniform,768,1365,114668,11,11,6760326044614544011,6760326044614544011,1
41,gcc-O3-v3,20260917,9,0,warmup,9,branch,filter_copy,p000,65536,1,26422,11,11,0,0,1
41,gcc-O3-v3,20260917,10,0,warmup,10,small,sum_one,uniform,16,65536,275887,11,11,1403062601089810432,1403062601089810432,1
41,gcc-O3-v3,20260917,11,0,warmup,11,branch,sum_if,p750,65536,1,13165,11,11,14586442889165806448,14586442889165806448,1
41,gcc-O3-v3,20260917,12,0,warmup,12,dependency,sum_one_bis,uniform,65536,64,501785,11,11,1190735372877940864,1190735372877940864,1
41,gcc-O3-v3,20260917,13,0,warmup,13,branch,sum_if,p1000,65536,1,13018,11,11,4485739283943968327,4485739283943968327,1
41,gcc-O3-v3,20260917,14,0,warmup,14,small,sum_one,uniform,48,21845,210200,11,11,18173204259618227916,18173204259618227916,1
41,gcc-O3-v3,20260917,15,0,warmup,15,small,sum_one,uniform,6,174762,493149,11,11,4529353940760067638,4529353940760067638,1
41,gcc-O3-v3,20260917,16,0,warmup,16,small,sum_one,uniform,256,4096,139212,11,11,12471836693395644416,12471836693395644416,1
41,gcc-O3-v3,20260917,17,0,warmup,17,branch,sum_if,p250,65536,1,13213,11,11,75766260937212688,75766260937212688,1
41,gcc-O3-v3,20260917,18,0,warmup,18,branch,filter_copy_mask,p900,65536,1,28366,11,11,58982,58982,1
41,gcc-O3-v3,20260917,19,0,warmup,19,dependency,split_xor_mul,uniform,65536,64,1315689,11,11,8310383708453772032,8310383708453772032,1
41,gcc-O3-v3,20260917,20,0,warmup,20,small,sum_one,uniform,32,32768,200414,11,11,4730905112462327808,4730905112462327808,1
41,gcc-O3-v3,20260917,21,0,warmup,21,branch,filter_copy,p500_alternating,65536,1,26417,11,11,32768,32768,1
41,gcc-O3-v3,20260917,22,0,warmup,22,small,sum_one,uniform,1024,1024,105390,11,11,6113767114656410624,6113767114656410624,1
41,gcc-O3-v3,20260917,23,0,warmup,23,small,sum_one,uniform,512,2048,108640,11,11,6127788314265579520,6127788314265579520,1
41,gcc-O3-v3,20260917,24,0,warmup,24,branch,filter_copy_mask,p100,65536,1,27756,11,11,6554,6554,1
41,gcc-O3-v3,20260917,25,0,warmup,25,dependency,sum_twice,uniform,65536,64,1002818,11,11,2381470745755881728,2381470745755881728,1
41,gcc-O3-v3,20260917,26,0,warmup,26,small,sum_one,uniform,8,131072,371778,11,11,11724155215337095168,11724155215337095168,1
41,gcc-O3-v3,20260917,27,0,warmup,27,branch,filter_copy_mask,p500_alternating,65536,1,27696,11,11,32768,32768,1
41,gcc-O3-v3,20260917,28,0,warmup,28,dependency,sum_one,uniform,65536,64,504481,11,11,1190735372877940864,1190735372877940864,1
41,gcc-O3-v3,20260917,29,0,warmup,29,branch,filter_copy,p1000,65536,1,31267,11,11,65536,65536,1
41,gcc-O3-v3,20260917,30,0,warmup,30,branch,filter_copy_mask,p500,65536,1,28210,11,11,32768,32768,1
41,gcc-O3-v3,20260917,31,0,warmup,31,dependency,sum_four,uniform,65536,64,638405,11,11,1190735372877940864,1190735372877940864,1
41,gcc-O3-v3,20260917,32,0,warmup,32,dependency,chain_xor_mul,uniform,65536,64,6745356,11,11,5299772668389481216,5299772668389481216,1
41,gcc-O3-v3,20260917,33,0,warmup,33,branch,sum_if,p900,65536,1,13244,11,11,1957202038211152021,1957202038211152021,1
41,gcc-O3-v3,20260917,34,0,warmup,34,branch,filter_copy_mask,p1000,65536,1,27588,11,11,65536,65536,1
41,gcc-O3-v3,20260917,35,0,warmup,35,small,sum_one,uniform,64,16384,151620,11,11,14815439244071927808,14815439244071927808,1
41,gcc-O3-v3,20260917,36,0,warmup,36,branch,filter_copy,p250,65536,1,262012,11,11,16384,16384,1
41,gcc-O3-v3,20260917,37,0,warmup,37,small,sum_one,uniform,24,43690,219009,11,11,5019437447312423050,5019437447312423050,1
41,gcc-O3-v3,20260917,38,0,warmup,38,branch,filter_copy_mask,p500_sorted,65536,1,27278,11,11,32768,32768,1
41,gcc-O3-v3,20260917,39,0,warmup,39,small,sum_one,uniform,12,87381,319016,11,11,18208879310165819389,18208879310165819389,1
41,gcc-O3-v3,20260917,40,0,warmup,40,branch,filter_copy,p500_sorted,65536,1,26530,11,11,32768,32768,1
41,gcc-O3-v3,20260917,41,0,warmup,41,branch,filter_copy,p100,65536,1,145319,11,11,6554,6554,1
41,gcc-O3-v3,20260917,42,0,warmup,42,branch,filter_copy_mask,p750,65536,1,31352,11,11,49152,49152,1
41,gcc-O3-v3,20260917,43,0,warmup,43,small,sum_one,uniform,2,524288,2040376,11,11,14489530702789345280,14489530702789345280,1
41,gcc-O3-v3,20260917,44,0,warmup,44,branch,filter_copy_mask,p000,65536,1,27175,11,11,0,0,1
41,gcc-O3-v3,20260917,45,0,warmup,45,small,sum_one,uniform,384,2730,123270,11,11,5767785928059657782,5767785928059657782,1
41,gcc-O3-v3,20260917,46,0,warmup,46,branch,sum_if,p500,65536,1,14019,11,11,261284744287062128,261284744287062128,1
41,gcc-O3-v3,20260917,47,0,warmup,47,small,sum_one,uniform,192,5461,193290,11,11,17901819518249685373,17901819518249685373,1
41,gcc-O3-v3,20260917,48,0,warmup,48,small,sum_one,uniform,128,8192,128165,11,11,17503531059042279424,17503531059042279424,1
41,gcc-O3-v3,20260917,49,0,warmup,49,branch,sum_if,p100,65536,1,13047,11,11,3083979731501324985,3083979731501324985,1
41,gcc-O3-v3,20260917,50,0,warmup,50,small,sum_one,uniform,4,262144,691139,11,11,6027757896494481408,6027757896494481408,1
41,gcc-O3-v3,20260917,51,0,warmup,51,branch,sum_if,p500_sorted,65536,1,13207,11,11,2213941836433581612,2213941836433581612,1
41,gcc-O3-v3,20260917,52,0,warmup,52,branch,sum_if,p500_alternating,65536,1,13148,11,11,4196774058536912234,4196774058536912234,1
41,gcc-O3-v3,20260917,53,1,measure,0,branch,filter_copy_mask,p500,65536,1,28388,11,11,32768,32768,1
41,gcc-O3-v3,20260917,54,1,measure,1,small,sum_one,uniform,512,2048,122771,11,11,6127788314265579520,6127788314265579520,1
41,gcc-O3-v3,20260917,55,1,measure,2,branch,filter_copy_mask,p500_sorted,65536,1,27073,11,11,32768,32768,1
41,gcc-O3-v3,20260917,56,1,measure,3,branch,filter_copy_mask,p750,65536,1,27584,11,11,49152,49152,1
41,gcc-O3-v3,20260917,57,1,measure,4,dependency,sum_one_bis,uniform,65536,64,501908,11,11,1190735372877940864,1190735372877940864,1
41,gcc-O3-v3,20260917,58,1,measure,5,small,sum_one,uniform,192,5461,192992,11,11,17901819518249685373,17901819518249685373,1
41,gcc-O3-v3,20260917,59,1,measure,6,small,sum_one,uniform,32,32768,197071,11,11,4730905112462327808,4730905112462327808,1
41,gcc-O3-v3,20260917,60,1,measure,7,branch,filter_copy_mask,p900,65536,1,27865,11,11,58982,58982,1
41,gcc-O3-v3,20260917,61,1,measure,8,branch,filter_copy,p750,65536,1,250804,11,11,49152,49152,1
41,gcc-O3-v3,20260917,62,1,measure,9,small,sum_one,uniform,48,21845,214966,11,11,18173204259618227916,18173204259618227916,1
41,gcc-O3-v3,20260917,63,1,measure,10,dependency,split_xor_mul,uniform,65536,64,1340223,11,11,8310383708453772032,8310383708453772032,1
41,gcc-O3-v3,20260917,64,1,measure,11,branch,filter_copy,p900,65536,1,145308,11,11,58982,58982,1
41,gcc-O3-v3,20260917,65,1,measure,12,branch,sum_if,p900,65536,1,13132,11,11,1957202038211152021,1957202038211152021,1
41,gcc-O3-v3,20260917,66,1,measure,13,branch,sum_if,p500,65536,1,13056,11,11,261284744287062128,261284744287062128,1
41,gcc-O3-v3,20260917,67,1,measure,14,branch,filter_copy,p1000,65536,1,26711,11,11,65536,65536,1
41,gcc-O3-v3,20260917,68,1,measure,15,small,sum_one,uniform,256,4096,158939,11,11,12471836693395644416,12471836693395644416,1
41,gcc-O3-v3,20260917,69,1,measure,16,small,sum_one,uniform,12,87381,315325,11,11,18208879310165819389,18208879310165819389,1
41,gcc-O3-v3,20260917,70,1,measure,17,small,sum_one,uniform,6,174762,527760,11,11,4529353940760067638,4529353940760067638,1
41,gcc-O3-v3,20260917,71,1,measure,18,dependency,sum_one,uniform,65536,64,499020,11,11,1190735372877940864,1190735372877940864,1
41,gcc-O3-v3,20260917,72,1,measure,19,small,sum_one,uniform,128,8192,128129,11,11,17503531059042279424,17503531059042279424,1
41,gcc-O3-v3,20260917,73,1,measure,20,branch,sum_if,p100,65536,1,13236,11,11,3083979731501324985,3083979731501324985,1
41,gcc-O3-v3,20260917,74,1,measure,21,branch,sum_if,p500_alternating,65536,1,13184,11,11,4196774058536912234,4196774058536912234,1
41,gcc-O3-v3,20260917,75,1,measure,22,small,sum_one,uniform,96,10922,135839,11,11,1966801938065649448,1966801938065649448,1
41,gcc-O3-v3,20260917,76,1,measure,23,branch,filter_copy_mask,p250,65536,1,27896,11,11,16384,16384,1
41,gcc-O3-v3,20260917,77,1,measure,24,small,sum_one,uniform,8,131072,373127,11,11,11724155215337095168,11724155215337095168,1
41,gcc-O3-v3,20260917,78,1,measure,25,branch,filter_copy_mask,p000,65536,1,27198,11,11,0,0,1
41,gcc-O3-v3,20260917,79,1,measure,26,small,sum_one,uniform,64,16384,151587,11,11,14815439244071927808,14815439244071927808,1
41,gcc-O3-v3,20260917,80,1,measure,27,dependency,sum_twice,uniform,65536,64,999656,11,11,2381470745755881728,2381470745755881728,1
41,gcc-O3-v3,20260917,81,1,measure,28,small,sum_one,uniform,768,1365,113827,11,11,6760326044614544011,6760326044614544011,1
41,gcc-O3-v3,20260917,82,1,measure,29,small,sum_one,uniform,16,65536,275875,11,11,1403062601089810432,1403062601089810432,1
41,gcc-O3-v3,20260917,83,1,measure,30,branch,sum_if,p750,65536,1,13261,11,11,14586442889165806448,14586442889165806448,1
41,gcc-O3-v3,20260917,84,1,measure,31,branch,filter_copy_mask,p500_alternating,65536,1,27624,11,11,32768,32768,1
41,gcc-O3-v3,20260917,85,1,measure,32,small,sum_one,uniform,3,349525,1133302,11,11,9690214761957071044,9690214761957071044,1
41,gcc-O3-v3,20260917,86,1,measure,33,branch,filter_copy,p100,65536,1,148411,11,11,6554,6554,1
41,gcc-O3-v3,20260917,87,1,measure,34,branch,filter_copy,p500_alternating,65536,1,26433,11,11,32768,32768,1
41,gcc-O3-v3,20260917,88,1,measure,35,dependency,chain_xor_mul,uniform,65536,64,6872314,11,11,5299772668389481216,5299772668389481216,1
41,gcc-O3-v3,20260917,89,1,measure,36,small,sum_one,uniform,1,1048576,3398784,11,11,8452580083670974464,8452580083670974464,1
41,gcc-O3-v3,20260917,90,1,measure,37,branch,sum_if,p000,65536,1,13088,11,11,0,0,1
41,gcc-O3-v3,20260917,91,1,measure,38,branch,filter_copy_mask,p100,65536,1,27333,11,11,6554,6554,1
41,gcc-O3-v3,20260917,92,1,measure,39,branch,filter_copy_mask,p1000,65536,1,29224,11,11,65536,65536,1
41,gcc-O3-v3,20260917,93,1,measure,40,dependency,sum_four,uniform,65536,64,634661,11,11,1190735372877940864,1190735372877940864,1
41,gcc-O3-v3,20260917,94,1,measure,41,branch,sum_if,p250,65536,1,13078,11,11,75766260937212688,75766260937212688,1
41,gcc-O3-v3,20260917,95,1,measure,42,small,sum_one,uniform,4,262144,630497,11,11,6027757896494481408,6027757896494481408,1
41,gcc-O3-v3,20260917,96,1,measure,43,small,sum_one,uniform,1024,1024,109644,11,11,6113767114656410624,6113767114656410624,1
41,gcc-O3-v3,20260917,97,1,measure,44,small,sum_one,uniform,384,2730,125645,11,11,5767785928059657782,5767785928059657782,1
41,gcc-O3-v3,20260917,98,1,measure,45,branch,sum_if,p500_sorted,65536,1,13026,11,11,2213941836433581612,2213941836433581612,1
41,gcc-O3-v3,20260917,99,1,measure,46,branch,filter_copy,p000,65536,1,26400,11,11,0,0,1
41,gcc-O3-v3,20260917,100,1,measure,47,small,sum_one,uniform,2,524288,1740543,11,11,14489530702789345280,14489530702789345280,1
41,gcc-O3-v3,20260917,101,1,measure,48,branch,filter_copy,p250,65536,1,266034,11,11,16384,16384,1
41,gcc-O3-v3,20260917,102,1,measure,49,small,sum_one,uniform,24,43690,221985,11,11,5019437447312423050,5019437447312423050,1
41,gcc-O3-v3,20260917,103,1,measure,50,branch,sum_if,p1000,65536,1,13084,11,11,4485739283943968327,4485739283943968327,1
41,gcc-O3-v3,20260917,104,1,measure,51,branch,filter_copy,p500,65536,1,373175,11,11,32768,32768,1
41,gcc-O3-v3,20260917,105,1,measure,52,branch,filter_copy,p500_sorted,65536,1,27628,11,11,32768,32768,1
41,gcc-O3-v3,20260917,106,2,measure,0,branch,filter_copy,p750,65536,1,271287,11,11,49152,49152,1
41,gcc-O3-v3,20260917,107,2,measure,1,small,sum_one,uniform,1024,1024,115061,11,11,6113767114656410624,6113767114656410624,1
41,gcc-O3-v3,20260917,108,2,measure,2,small,sum_one,uniform,2,524288,1725537,11,11,14489530702789345280,14489530702789345280,1
41,gcc-O3-v3,20260917,109,2,measure,3,branch,sum_if,p1000,65536,1,13070,11,11,4485739283943968327,4485739283943968327,1
41,gcc-O3-v3,20260917,110,2,measure,4,branch,filter_copy_mask,p750,65536,1,34354,11,11,49152,49152,1
41,gcc-O3-v3,20260917,111,2,measure,5,dependency,sum_four,uniform,65536,64,638166,11,11,1190735372877940864,1190735372877940864,1
41,gcc-O3-v3,20260917,112,2,measure,6,small,sum_one,uniform,192,5461,168927,11,11,17901819518249685373,17901819518249685373,1
41,gcc-O3-v3,20260917,113,2,measure,7,small,sum_one,uniform,384,2730,130582,11,11,5767785928059657782,5767785928059657782,1
41,gcc-O3-v3,20260917,114,2,measure,8,branch,sum_if,p000,65536,1,13215,11,11,0,0,1
41,gcc-O3-v3,20260917,115,2,measure,9,branch,sum_if,p750,65536,1,13000,11,11,14586442889165806448,14586442889165806448,1
41,gcc-O3-v3,20260917,116,2,measure,10,dependency,split_xor_mul,uniform,65536,64,1311482,11,11,8310383708453772032,8310383708453772032,1
41,gcc-O3-v3,20260917,117,2,measure,11,dependency,sum_twice,uniform,65536,64,982550,11,11,2381470745755881728,2381470745755881728,1
41,gcc-O3-v3,20260917,118,2,measure,12,small,sum_one,uniform,8,131072,394328,11,11,11724155215337095168,11724155215337095168,1
41,gcc-O3-v3,20260917,119,2,measure,13,branch,sum_if,p500_alternating,65536,1,13029,11,11,4196774058536912234,4196774058536912234,1
41,gcc-O3-v3,20260917,120,2,measure,14,branch,sum_if,p500,65536,1,14864,11,11,261284744287062128,261284744287062128,1
41,gcc-O3-v3,20260917,121,2,measure,15,dependency,sum_one_bis,uniform,65536,64,504444,11,11,1190735372877940864,1190735372877940864,1
41,gcc-O3-v3,20260917,122,2,measure,16,small,sum_one,uniform,64,16384,151108,11,11,14815439244071927808,14815439244071927808,1
41,gcc-O3-v3,20260917,123,2,measure,17,small,sum_one,uniform,1,1048576,3696368,11,11,8452580083670974464,8452580083670974464,1
41,gcc-O3-v3,20260917,124,2,measure,18,branch,filter_copy_mask,p250,65536,1,29527,11,11,16384,16384,1
41,gcc-O3-v3,20260917,125,2,measure,19,branch,filter_copy_mask,p000,65536,1,28212,11,11,0,0,1
41,gcc-O3-v3,20260917,126,2,measure,20,small,sum_one,uniform,12,87381,333207,11,11,18208879310165819389,18208879310165819389,1
41,gcc-O3-v3,20260917,127,2,measure,21,branch,filter_copy,p1000,65536,1,27678,11,11,65536,65536,1
41,gcc-O3-v3,20260917,128,2,measure,22,branch,filter_copy_mask,p500_sorted,65536,1,27053,11,11,32768,32768,1
41,gcc-O3-v3,20260917,129,2,measure,23,small,sum_one,uniform,768,1365,111544,11,11,6760326044614544011,6760326044614544011,1
41,gcc-O3-v3,20260917,130,2,measure,24,branch,filter_copy_mask,p500_alternating,65536,1,28264,11,11,32768,32768,1
41,gcc-O3-v3,20260917,131,2,measure,25,branch,filter_copy_mask,p500,65536,1,49966,11,11,32768,32768,1
41,gcc-O3-v3,20260917,132,2,measure,26,small,sum_one,uniform,96,10922,138229,11,11,1966801938065649448,1966801938065649448,1
41,gcc-O3-v3,20260917,133,2,measure,27,branch,filter_copy_mask,p1000,65536,1,27290,11,11,65536,65536,1
41,gcc-O3-v3,20260917,134,2,measure,28,small,sum_one,uniform,16,65536,314943,11,11,1403062601089810432,1403062601089810432,1
41,gcc-O3-v3,20260917,135,2,measure,29,small,sum_one,uniform,256,4096,138559,11,11,12471836693395644416,12471836693395644416,1
41,gcc-O3-v3,20260917,136,2,measure,30,dependency,sum_one,uniform,65536,64,498833,11,11,1190735372877940864,1190735372877940864,1
41,gcc-O3-v3,20260917,137,2,measure,31,small,sum_one,uniform,128,8192,153084,11,11,17503531059042279424,17503531059042279424,1
41,gcc-O3-v3,20260917,138,2,measure,32,branch,sum_if,p250,65536,1,13305,11,11,75766260937212688,75766260937212688,1
41,gcc-O3-v3,20260917,139,2,measure,33,branch,filter_copy_mask,p900,65536,1,28479,11,11,58982,58982,1
41,gcc-O3-v3,20260917,140,2,measure,34,dependency,chain_xor_mul,uniform,65536,64,6822252,11,11,5299772668389481216,5299772668389481216,1
41,gcc-O3-v3,20260917,141,2,measure,35,branch,filter_copy,p900,65536,1,144556,11,11,58982,58982,1
41,gcc-O3-v3,20260917,142,2,measure,36,branch,sum_if,p900,65536,1,13100,11,11,1957202038211152021,1957202038211152021,1
41,gcc-O3-v3,20260917,143,2,measure,37,branch,filter_copy_mask,p100,65536,1,27527,11,11,6554,6554,1
41,gcc-O3-v3,20260917,144,2,measure,38,branch,filter_copy,p500_sorted,65536,1,26725,11,11,32768,32768,1
41,gcc-O3-v3,20260917,145,2,measure,39,small,sum_one,uniform,24,43690,218961,11,11,5019437447312423050,5019437447312423050,1
41,gcc-O3-v3,20260917,146,2,measure,40,small,sum_one,uniform,48,21845,210543,11,11,18173204259618227916,18173204259618227916,1
41,gcc-O3-v3,20260917,147,2,measure,41,small,sum_one,uniform,32,32768,200075,11,11,4730905112462327808,4730905112462327808,1
41,gcc-O3-v3,20260917,148,2,measure,42,small,sum_one,uniform,6,174762,490436,11,11,4529353940760067638,4529353940760067638,1
41,gcc-O3-v3,20260917,149,2,measure,43,branch,filter_copy,p100,65536,1,151392,11,11,6554,6554,1
41,gcc-O3-v3,20260917,150,2,measure,44,small,sum_one,uniform,4,262144,630486,11,11,6027757896494481408,6027757896494481408,1
41,gcc-O3-v3,20260917,151,2,measure,45,branch,filter_copy,p500,65536,1,373626,11,11,32768,32768,1
41,gcc-O3-v3,20260917,152,2,measure,46,branch,filter_copy,p250,65536,1,280778,11,11,16384,16384,1
41,gcc-O3-v3,20260917,153,2,measure,47,branch,filter_copy,p500_alternating,65536,1,26437,11,11,32768,32768,1
41,gcc-O3-v3,20260917,154,2,measure,48,small,sum_one,uniform,3,349525,997207,11,11,9690214761957071044,9690214761957071044,1
41,gcc-O3-v3,20260917,155,2,measure,49,small,sum_one,uniform,512,2048,123546,11,11,6127788314265579520,6127788314265579520,1
41,gcc-O3-v3,20260917,156,2,measure,50,branch,sum_if,p100,65536,1,13024,11,11,3083979731501324985,3083979731501324985,1
41,gcc-O3-v3,20260917,157,2,measure,51,branch,sum_if,p500_sorted,65536,1,13087,11,11,2213941836433581612,2213941836433581612,1
41,gcc-O3-v3,20260917,158,2,measure,52,branch,filter_copy,p000,65536,1,26381,11,11,0,0,1
41,gcc-O3-v3,20260917,159,3,measure,0,small,sum_one,uniform,768,1365,111356,11,11,6760326044614544011,6760326044614544011,1
41,gcc-O3-v3,20260917,160,3,measure,1,branch,filter_copy,p500,65536,1,372694,11,11,32768,32768,1
41,gcc-O3-v3,20260917,161,3,measure,2,branch,filter_copy_mask,p250,65536,1,28328,11,11,16384,16384,1
41,gcc-O3-v3,20260917,162,3,measure,3,small,sum_one,uniform,128,8192,128205,11,11,17503531059042279424,17503531059042279424,1
41,gcc-O3-v3,20260917,163,3,measure,4,branch,filter_copy_mask,p500,65536,1,28534,11,11,32768,32768,1
41,gcc-O3-v3,20260917,164,3,measure,5,branch,filter_copy,p100,65536,1,149210,11,11,6554,6554,1
41,gcc-O3-v3,20260917,165,3,measure,6,small,sum_one,uniform,1024,1024,141898,11,11,6113767114656410624,6113767114656410624,1
41,gcc-O3-v3,20260917,166,3,measure,7,branch,sum_if,p250,65536,1,13082,11,11,75766260937212688,75766260937212688,1
41,gcc-O3-v3,20260917,167,3,measure,8,small,sum_one,uniform,2,524288,1703262,11,11,14489530702789345280,14489530702789345280,1
41,gcc-O3-v3,20260917,168,3,measure,9,branch,sum_if,p100,65536,1,12997,11,11,3083979731501324985,3083979731501324985,1
41,gcc-O3-v3,20260917,169,3,measure,10,branch,sum_if,p000,65536,1,13034,11,11,0,0,1
41,gcc-O3-v3,20260917,170,3,measure,11,branch,sum_if,p500,65536,1,13220,11,11,261284744287062128,261284744287062128,1
41,gcc-O3-v3,20260917,171,3,measure,12,branch,sum_if,p900,65536,1,13048,11,11,1957202038211152021,1957202038211152021,1
41,gcc-O3-v3,20260917,172,3,measure,13,branch,filter_copy,p750,65536,1,268898,11,11,49152,49152,1
41,gcc-O3-v3,20260917,173,3,measure,14,branch,filter_copy_mask,p900,65536,1,27882,11,11,58982,58982,1
41,gcc-O3-v3,20260917,174,3,measure,15,branch,filter_copy_mask,p000,65536,1,27116,11,11,0,0,1
41,gcc-O3-v3,20260917,175,3,measure,16,dependency,sum_one_bis,uniform,65536,64,498192,11,11,1190735372877940864,1190735372877940864,1
41,gcc-O3-v3,20260917,176,3,measure,17,small,sum_one,uniform,24,43690,218933,11,11,5019437447312423050,5019437447312423050,1
41,gcc-O3-v3,20260917,177,3,measure,18,branch,sum_if,p500_sorted,65536,1,13122,11,11,2213941836433581612,2213941836433581612,1
41,gcc-O3-v3,20260917,178,3,measure,19,branch,filter_copy_mask,p750,65536,1,28209,11,11,49152,49152,1
41,gcc-O3-v3,20260917,179,3,measure,20,branch,filter_copy_mask,p500_sorted,65536,1,27031,11,11,32768,32768,1
41,gcc-O3-v3,20260917,180,3,measure,21,branch,filter_copy,p500_sorted,65536,1,26516,11,11,32768,32768,1
41,gcc-O3-v3,20260917,181,3,measure,22,small,sum_one,uniform,8,131072,371398,11,11,11724155215337095168,11724155215337095168,1
41,gcc-O3-v3,20260917,182,3,measure,23,small,sum_one,uniform,64,16384,151810,11,11,14815439244071927808,14815439244071927808,1
41,gcc-O3-v3,20260917,183,3,measure,24,branch,filter_copy,p1000,65536,1,28048,11,11,65536,65536,1
41,gcc-O3-v3,20260917,184,3,measure,25,small,sum_one,uniform,6,174762,493835,11,11,4529353940760067638,4529353940760067638,1
41,gcc-O3-v3,20260917,185,3,measure,26,small,sum_one,uniform,16,65536,275909,11,11,1403062601089810432,1403062601089810432,1
41,gcc-O3-v3,20260917,186,3,measure,27,small,sum_one,uniform,96,10922,135808,11,11,1966801938065649448,1966801938065649448,1
41,gcc-O3-v3,20260917,187,3,measure,28,branch,filter_copy_mask,p100,65536,1,30838,11,11,6554,6554,1
41,gcc-O3-v3,20260917,188,3,measure,29,small,sum_one,uniform,4,262144,630490,11,11,6027757896494481408,6027757896494481408,1
41,gcc-O3-v3,20260917,189,3,measure,30,branch,filter_copy_mask,p500_alternating,65536,1,27668,11,11,32768,32768,1
41,gcc-O3-v3,20260917,190,3,measure,31,branch,filter_copy,p250,65536,1,273595,11,11,16384,16384,1
41,gcc-O3-v3,20260917,191,3,measure,32,small,sum_one,uniform,192,5461,193383,11,11,17901819518249685373,17901819518249685373,1
41,gcc-O3-v3,20260917,192,3,measure,33,dependency,sum_four,uniform,65536,64,632983,11,11,1190735372877940864,1190735372877940864,1
41,gcc-O3-v3,20260917,193,3,measure,34,small,sum_one,uniform,384,2730,127641,11,11,5767785928059657782,5767785928059657782,1
41,gcc-O3-v3,20260917,194,3,measure,35,dependency,sum_twice,uniform,65536,64,1000966,11,11,2381470745755881728,2381470745755881728,1
41,gcc-O3-v3,20260917,195,3,measure,36,branch,sum_if,p1000,65536,1,13158,11,11,4485739283943968327,4485739283943968327,1
41,gcc-O3-v3,20260917,196,3,measure,37,small,sum_one,uniform,48,21845,210188,11,11,18173204259618227916,18173204259618227916,1
41,gcc-O3-v3,20260917,197,3,measure,38,dependency,chain_xor_mul,uniform,65536,64,6749714,11,11,5299772668389481216,5299772668389481216,1
41,gcc-O3-v3,20260917,198,3,measure,39,small,sum_one,uniform,1,1048576,3840961,11,11,8452580083670974464,8452580083670974464,1
41,gcc-O3-v3,20260917,199,3,measure,40,dependency,sum_one,uniform,65536,64,501109,11,11,1190735372877940864,1190735372877940864,1
41,gcc-O3-v3,20260917,200,3,measure,41,dependency,split_xor_mul,uniform,65536,64,1309524,11,11,8310383708453772032,8310383708453772032,1
41,gcc-O3-v3,20260917,201,3,measure,42,branch,sum_if,p750,65536,1,11391,11,11,14586442889165806448,14586442889165806448,1
41,gcc-O3-v3,20260917,202,3,measure,43,branch,filter_copy_mask,p1000,65536,1,30441,11,11,65536,65536,1
41,gcc-O3-v3,20260917,203,3,measure,44,branch,filter_copy,p900,65536,1,146262,11,11,58982,58982,1
41,gcc-O3-v3,20260917,204,3,measure,45,small,sum_one,uniform,256,4096,159537,11,11,12471836693395644416,12471836693395644416,1
41,gcc-O3-v3,20260917,205,3,measure,46,small,sum_one,uniform,512,2048,122536,11,11,6127788314265579520,6127788314265579520,1
41,gcc-O3-v3,20260917,206,3,measure,47,branch,filter_copy,p000,65536,1,26373,11,11,0,0,1
41,gcc-O3-v3,20260917,207,3,measure,48,branch,sum_if,p500_alternating,65536,1,13139,11,11,4196774058536912234,4196774058536912234,1
41,gcc-O3-v3,20260917,208,3,measure,49,small,sum_one,uniform,12,87381,315474,11,11,18208879310165819389,18208879310165819389,1
41,gcc-O3-v3,20260917,209,3,measure,50,branch,filter_copy,p500_alternating,65536,1,26428,11,11,32768,32768,1
41,gcc-O3-v3,20260917,210,3,measure,51,small,sum_one,uniform,32,32768,197066,11,11,4730905112462327808,4730905112462327808,1
41,gcc-O3-v3,20260917,211,3,measure,52,small,sum_one,uniform,3,349525,988335,11,11,9690214761957071044,9690214761957071044,1
41,gcc-O3-v3,20260917,212,4,measure,0,branch,filter_copy,p250,65536,1,274168,11,11,16384,16384,1
41,gcc-O3-v3,20260917,213,4,measure,1,branch,sum_if,p500_alternating,65536,1,15418,11,11,4196774058536912234,4196774058536912234,1
41,gcc-O3-v3,20260917,214,4,measure,2,dependency,split_xor_mul,uniform,65536,64,1300630,11,11,8310383708453772032,8310383708453772032,1
41,gcc-O3-v3,20260917,215,4,measure,3,small,sum_one,uniform,96,10922,138296,11,11,1966801938065649448,1966801938065649448,1
41,gcc-O3-v3,20260917,216,4,measure,4,small,sum_one,uniform,12,87381,315275,11,11,18208879310165819389,18208879310165819389,1
41,gcc-O3-v3,20260917,217,4,measure,5,branch,filter_copy_mask,p500,65536,1,27747,11,11,32768,32768,1
41,gcc-O3-v3,20260917,218,4,measure,6,small,sum_one,uniform,64,16384,151759,11,11,14815439244071927808,14815439244071927808,1
41,gcc-O3-v3,20260917,219,4,measure,7,branch,filter_copy,p500_alternating,65536,1,26468,11,11,32768,32768,1
41,gcc-O3-v3,20260917,220,4,measure,8,branch,sum_if,p000,65536,1,13595,11,11,0,0,1
41,gcc-O3-v3,20260917,221,4,measure,9,branch,filter_copy,p000,65536,1,26334,11,11,0,0,1
41,gcc-O3-v3,20260917,222,4,measure,10,dependency,sum_one,uniform,65536,64,498707,11,11,1190735372877940864,1190735372877940864,1
41,gcc-O3-v3,20260917,223,4,measure,11,small,sum_one,uniform,512,2048,118960,11,11,6127788314265579520,6127788314265579520,1
41,gcc-O3-v3,20260917,224,4,measure,12,small,sum_one,uniform,1024,1024,109640,11,11,6113767114656410624,6113767114656410624,1
41,gcc-O3-v3,20260917,225,4,measure,13,small,sum_one,uniform,16,65536,280108,11,11,1403062601089810432,1403062601089810432,1
41,gcc-O3-v3,20260917,226,4,measure,14,small,sum_one,uniform,8,131072,367783,11,11,11724155215337095168,11724155215337095168,1
41,gcc-O3-v3,20260917,227,4,measure,15,branch,filter_copy,p1000,65536,1,26969,11,11,65536,65536,1
41,gcc-O3-v3,20260917,228,4,measure,16,dependency,sum_twice,uniform,65536,64,1002939,11,11,2381470745755881728,2381470745755881728,1
41,gcc-O3-v3,20260917,229,4,measure,17,branch,sum_if,p500_sorted,65536,1,13172,11,11,2213941836433581612,2213941836433581612,1
41,gcc-O3-v3,20260917,230,4,measure,18,small,sum_one,uniform,6,174762,499411,11,11,4529353940760067638,4529353940760067638,1
41,gcc-O3-v3,20260917,231,4,measure,19,branch,filter_copy,p500,65536,1,373056,11,11,32768,32768,1
41,gcc-O3-v3,20260917,232,4,measure,20,branch,filter_copy_mask,p750,65536,1,27936,11,11,49152,49152,1
41,gcc-O3-v3,20260917,233,4,measure,21,small,sum_one,uniform,384,2730,123405,11,11,5767785928059657782,5767785928059657782,1
41,gcc-O3-v3,20260917,234,4,measure,22,branch,filter_copy_mask,p250,65536,1,27985,11,11,16384,16384,1
41,gcc-O3-v3,20260917,235,4,measure,23,branch,filter_copy_mask,p500_sorted,65536,1,27439,11,11,32768,32768,1
41,gcc-O3-v3,20260917,236,4,measure,24,branch,sum_if,p750,65536,1,13218,11,11,14586442889165806448,14586442889165806448,1
41,gcc-O3-v3,20260917,237,4,measure,25,small,sum_one,uniform,4,262144,642208,11,11,6027757896494481408,6027757896494481408,1
41,gcc-O3-v3,20260917,238,4,measure,26,branch,sum_if,p1000,65536,1,14275,11,11,4485739283943968327,4485739283943968327,1
41,gcc-O3-v3,20260917,239,4,measure,27,branch,sum_if,p500,65536,1,13041,11,11,261284744287062128,261284744287062128,1
41,gcc-O3-v3,20260917,240,4,measure,28,branch,filter_copy_mask,p900,65536,1,28934,11,11,58982,58982,1
41,gcc-O3-v3,20260917,241,4,measure,29,branch,filter_copy_mask,p100,65536,1,28629,11,11,6554,6554,1
41,gcc-O3-v3,20260917,242,4,measure,30,small,sum_one,uniform,768,1365,116986,11,11,6760326044614544011,6760326044614544011,1
41,gcc-O3-v3,20260917,243,4,measure,31,small,sum_one,uniform,128,8192,133191,11,11,17503531059042279424,17503531059042279424,1
41,gcc-O3-v3,20260917,244,4,measure,32,branch,filter_copy,p900,65536,1,125111,11,11,58982,58982,1
41,gcc-O3-v3,20260917,245,4,measure,33,small,sum_one,uniform,24,43690,218942,11,11,5019437447312423050,5019437447312423050,1
41,gcc-O3-v3,20260917,246,4,measure,34,dependency,sum_one_bis,uniform,65536,64,502438,11,11,1190735372877940864,1190735372877940864,1
41,gcc-O3-v3,20260917,247,4,measure,35,dependency,chain_xor_mul,uniform,65536,64,6751779,11,11,5299772668389481216,5299772668389481216,1
41,gcc-O3-v3,20260917,248,4,measure,36,branch,sum_if,p100,65536,1,13318,11,11,3083979731501324985,3083979731501324985,1
41,gcc-O3-v3,20260917,249,4,measure,37,small,sum_one,uniform,192,5461,161146,11,11,17901819518249685373,17901819518249685373,1
41,gcc-O3-v3,20260917,250,4,measure,38,small,sum_one,uniform,256,4096,138758,11,11,12471836693395644416,12471836693395644416,1
41,gcc-O3-v3,20260917,251,4,measure,39,branch,filter_copy_mask,p000,65536,1,27272,11,11,0,0,1
41,gcc-O3-v3,20260917,252,4,measure,40,branch,sum_if,p900,65536,1,13116,11,11,1957202038211152021,1957202038211152021,1
41,gcc-O3-v3,20260917,253,4,measure,41,small,sum_one,uniform,48,21845,210359,11,11,18173204259618227916,18173204259618227916,1
41,gcc-O3-v3,20260917,254,4,measure,42,branch,filter_copy_mask,p500_alternating,65536,1,27591,11,11,32768,32768,1
41,gcc-O3-v3,20260917,255,4,measure,43,small,sum_one,uniform,1,1048576,3934371,11,11,8452580083670974464,8452580083670974464,1
41,gcc-O3-v3,20260917,256,4,measure,44,small,sum_one,uniform,32,32768,199408,11,11,4730905112462327808,4730905112462327808,1
41,gcc-O3-v3,20260917,257,4,measure,45,branch,filter_copy,p100,65536,1,145527,11,11,6554,6554,1
41,gcc-O3-v3,20260917,258,4,measure,46,branch,filter_copy,p750,65536,1,269203,11,11,49152,49152,1
41,gcc-O3-v3,20260917,259,4,measure,47,branch,sum_if,p250,65536,1,15510,11,11,75766260937212688,75766260937212688,1
41,gcc-O3-v3,20260917,260,4,measure,48,branch,filter_copy_mask,p1000,65536,1,28063,11,11,65536,65536,1
41,gcc-O3-v3,20260917,261,4,measure,49,dependency,sum_four,uniform,65536,64,632938,11,11,1190735372877940864,1190735372877940864,1
41,gcc-O3-v3,20260917,262,4,measure,50,small,sum_one,uniform,2,524288,1758810,11,11,14489530702789345280,14489530702789345280,1
41,gcc-O3-v3,20260917,263,4,measure,51,branch,filter_copy,p500_sorted,65536,1,26609,11,11,32768,32768,1
41,gcc-O3-v3,20260917,264,4,measure,52,small,sum_one,uniform,3,349525,990787,11,11,9690214761957071044,9690214761957071044,1
41,gcc-O3-v3,20260917,265,5,measure,0,small,sum_one,uniform,16,65536,278724,11,11,1403062601089810432,1403062601089810432,1
41,gcc-O3-v3,20260917,266,5,measure,1,small,sum_one,uniform,2,524288,1764678,11,11,14489530702789345280,14489530702789345280,1
41,gcc-O3-v3,20260917,267,5,measure,2,branch,filter_copy,p500_alternating,65536,1,27628,11,11,32768,32768,1
41,gcc-O3-v3,20260917,268,5,measure,3,branch,filter_copy_mask,p500_alternating,65536,1,29224,11,11,32768,32768,1
41,gcc-O3-v3,20260917,269,5,measure,4,branch,filter_copy_mask,p500_sorted,65536,1,28242,11,11,32768,32768,1
41,gcc-O3-v3,20260917,270,5,measure,5,branch,filter_copy_mask,p500,65536,1,29465,11,11,32768,32768,1
41,gcc-O3-v3,20260917,271,5,measure,6,branch,sum_if,p000,65536,1,15580,11,11,0,0,1
41,gcc-O3-v3,20260917,272,5,measure,7,branch,filter_copy,p900,65536,1,142883,11,11,58982,58982,1
41,gcc-O3-v3,20260917,273,5,measure,8,branch,filter_copy,p100,65536,1,152299,11,11,6554,6554,1
41,gcc-O3-v3,20260917,274,5,measure,9,dependency,sum_one_bis,uniform,65536,64,505291,11,11,1190735372877940864,1190735372877940864,1
41,gcc-O3-v3,20260917,275,5,measure,10,small,sum_one,uniform,1,1048576,3444194,11,11,8452580083670974464,8452580083670974464,1
41,gcc-O3-v3,20260917,276,5,measure,11,branch,sum_if,p900,65536,1,15585,11,11,1957202038211152021,1957202038211152021,1
41,gcc-O3-v3,20260917,277,5,measure,12,branch,filter_copy,p500_sorted,65536,1,26902,11,11,32768,32768,1
41,gcc-O3-v3,20260917,278,5,measure,13,branch,filter_copy_mask,p250,65536,1,27955,11,11,16384,16384,1
41,gcc-O3-v3,20260917,279,5,measure,14,branch,filter_copy,p000,65536,1,27476,11,11,0,0,1
41,gcc-O3-v3,20260917,280,5,measure,15,branch,sum_if,p500,65536,1,15499,11,11,261284744287062128,261284744287062128,1
41,gcc-O3-v3,20260917,281,5,measure,16,branch,sum_if,p750,65536,1,13115,11,11,14586442889165806448,14586442889165806448,1
41,gcc-O3-v3,20260917,282,5,measure,17,small,sum_one,uniform,768,1365,114958,11,11,6760326044614544011,6760326044614544011,1
41,gcc-O3-v3,20260917,283,5,measure,18,small,sum_one,uniform,12,87381,318733,11,11,18208879310165819389,18208879310165819389,1
41,gcc-O3-v3,20260917,284,5,measure,19,small,sum_one,uniform,8,131072,369778,11,11,11724155215337095168,11724155215337095168,1
41,gcc-O3-v3,20260917,285,5,measure,20,small,sum_one,uniform,3,349525,1028617,11,11,9690214761957071044,9690214761957071044,1
41,gcc-O3-v3,20260917,286,5,measure,21,branch,filter_copy_mask,p000,65536,1,28889,11,11,0,0,1
41,gcc-O3-v3,20260917,287,5,measure,22,branch,filter_copy_mask,p750,65536,1,28856,11,11,49152,49152,1
41,gcc-O3-v3,20260917,288,5,measure,23,branch,sum_if,p500_sorted,65536,1,12950,11,11,2213941836433581612,2213941836433581612,1
41,gcc-O3-v3,20260917,289,5,measure,24,branch,sum_if,p250,65536,1,13075,11,11,75766260937212688,75766260937212688,1
41,gcc-O3-v3,20260917,290,5,measure,25,branch,filter_copy,p500,65536,1,370949,11,11,32768,32768,1
41,gcc-O3-v3,20260917,291,5,measure,26,small,sum_one,uniform,128,8192,130842,11,11,17503531059042279424,17503531059042279424,1
41,gcc-O3-v3,20260917,292,5,measure,27,dependency,chain_xor_mul,uniform,65536,64,6937652,11,11,5299772668389481216,5299772668389481216,1
41,gcc-O3-v3,20260917,293,5,measure,28,small,sum_one,uniform,32,32768,200905,11,11,4730905112462327808,4730905112462327808,1
41,gcc-O3-v3,20260917,294,5,measure,29,branch,sum_if,p1000,65536,1,13225,11,11,4485739283943968327,4485739283943968327,1
41,gcc-O3-v3,20260917,295,5,measure,30,branch,filter_copy,p750,65536,1,265362,11,11,49152,49152,1
41,gcc-O3-v3,20260917,296,5,measure,31,small,sum_one,uniform,4,262144,630507,11,11,6027757896494481408,6027757896494481408,1
41,gcc-O3-v3,20260917,297,5,measure,32,branch,filter_copy_mask,p1000,65536,1,27615,11,11,65536,65536,1
41,gcc-O3-v3,20260917,298,5,measure,33,small,sum_one,uniform,96,10922,135784,11,11,1966801938065649448,1966801938065649448,1
41,gcc-O3-v3,20260917,299,5,measure,34,branch,sum_if,p500_alternating,65536,1,13183,11,11,4196774058536912234,4196774058536912234,1
41,gcc-O3-v3,20260917,300,5,measure,35,small,sum_one,uniform,192,5461,166333,11,11,17901819518249685373,17901819518249685373,1
41,gcc-O3-v3,20260917,301,5,measure,36,small,sum_one,uniform,384,2730,124559,11,11,5767785928059657782,5767785928059657782,1
41,gcc-O3-v3,20260917,302,5,measure,37,dependency,sum_one,uniform,65536,64,501803,11,11,1190735372877940864,1190735372877940864,1
41,gcc-O3-v3,20260917,303,5,measure,38,branch,sum_if,p100,65536,1,13256,11,11,3083979731501324985,3083979731501324985,1
41,gcc-O3-v3,20260917,304,5,measure,39,small,sum_one,uniform,512,2048,118849,11,11,6127788314265579520,6127788314265579520,1
41,gcc-O3-v3,20260917,305,5,measure,40,small,sum_one,uniform,6,174762,492979,11,11,4529353940760067638,4529353940760067638,1
41,gcc-O3-v3,20260917,306,5,measure,41,small,sum_one,uniform,1024,1024,109603,11,11,6113767114656410624,6113767114656410624,1
41,gcc-O3-v3,20260917,307,5,measure,42,dependency,sum_twice,uniform,65536,64,999541,11,11,2381470745755881728,2381470745755881728,1
41,gcc-O3-v3,20260917,308,5,measure,43,small,sum_one,uniform,64,16384,151797,11,11,14815439244071927808,14815439244071927808,1
41,gcc-O3-v3,20260917,309,5,measure,44,small,sum_one,uniform,48,21845,210194,11,11,18173204259618227916,18173204259618227916,1
41,gcc-O3-v3,20260917,310,5,measure,45,dependency,sum_four,uniform,65536,64,634552,11,11,1190735372877940864,1190735372877940864,1
41,gcc-O3-v3,20260917,311,5,measure,46,branch,filter_copy,p1000,65536,1,26593,11,11,65536,65536,1
41,gcc-O3-v3,20260917,312,5,measure,47,branch,filter_copy_mask,p900,65536,1,29876,11,11,58982,58982,1
41,gcc-O3-v3,20260917,313,5,measure,48,dependency,split_xor_mul,uniform,65536,64,1289634,11,11,8310383708453772032,8310383708453772032,1
41,gcc-O3-v3,20260917,314,5,measure,49,small,sum_one,uniform,24,43690,218966,11,11,5019437447312423050,5019437447312423050,1
41,gcc-O3-v3,20260917,315,5,measure,50,branch,filter_copy,p250,65536,1,272222,11,11,16384,16384,1
41,gcc-O3-v3,20260917,316,5,measure,51,small,sum_one,uniform,256,4096,159125,11,11,12471836693395644416,12471836693395644416,1
41,gcc-O3-v3,20260917,317,5,measure,52,branch,filter_copy_mask,p100,65536,1,30056,11,11,6554,6554,1
41,gcc-O3-v3,20260917,318,6,measure,0,small,sum_one,uniform,24,43690,218908,11,11,5019437447312423050,5019437447312423050,1
41,gcc-O3-v3,20260917,319,6,measure,1,dependency,split_xor_mul,uniform,65536,64,1235799,11,11,8310383708453772032,8310383708453772032,1
41,gcc-O3-v3,20260917,320,6,measure,2,small,sum_one,uniform,2,524288,1685744,11,11,14489530702789345280,14489530702789345280,1
41,gcc-O3-v3,20260917,321,6,measure,3,branch,filter_copy_mask,p250,65536,1,28348,11,11,16384,16384,1
41,gcc-O3-v3,20260917,322,6,measure,4,dependency,sum_one,uniform,65536,64,501962,11,11,1190735372877940864,1190735372877940864,1
41,gcc-O3-v3,20260917,323,6,measure,5,small,sum_one,uniform,8,131072,373042,11,11,11724155215337095168,11724155215337095168,1
41,gcc-O3-v3,20260917,324,6,measure,6,branch,filter_copy,p500_sorted,65536,1,26945,11,11,32768,32768,1
41,gcc-O3-v3,20260917,325,6,measure,7,dependency,chain_xor_mul,uniform,65536,64,6951643,11,11,5299772668389481216,5299772668389481216,1
41,gcc-O3-v3,20260917,326,6,measure,8,branch,sum_if,p250,65536,1,13066,11,11,75766260937212688,75766260937212688,1
41,gcc-O3-v3,20260917,327,6,measure,9,small,sum_one,uniform,6,174762,490733,11,11,4529353940760067638,4529353940760067638,1
41,gcc-O3-v3,20260917,328,6,measure,10,branch,filter_copy_mask,p100,65536,1,27572,11,11,6554,6554,1
41,gcc-O3-v3,20260917,329,6,measure,11,branch,filter_copy,p900,65536,1,142157,11,11,58982,58982,1
41,gcc-O3-v3,20260917,330,6,measure,12,small,sum_one,uniform,48,21845,215843,11,11,18173204259618227916,18173204259618227916,1
41,gcc-O3-v3,20260917,331,6,measure,13,small,sum_one,uniform,4,262144,630491,11,11,6027757896494481408,6027757896494481408,1
41,gcc-O3-v3,20260917,332,6,measure,14,small,sum_one,uniform,32,32768,197107,11,11,4730905112462327808,4730905112462327808,1
41,gcc-O3-v3,20260917,333,6,measure,15,small,sum_one,uniform,192,5461,193666,11,11,17901819518249685373,17901819518249685373,1
41,gcc-O3-v3,20260917,334,6,measure,16,branch,filter_copy_mask,p1000,65536,1,28222,11,11,65536,65536,1
41,gcc-O3-v3,20260917,335,6,measure,17,branch,sum_if,p900,65536,1,15482,11,11,1957202038211152021,1957202038211152021,1
41,gcc-O3-v3,20260917,336,6,measure,18,branch,filter_copy_mask,p900,65536,1,28575,11,11,58982,58982,1
41,gcc-O3-v3,20260917,337,6,measure,19,branch,filter_copy_mask,p750,65536,1,29137,11,11,49152,49152,1
41,gcc-O3-v3,20260917,338,6,measure,20,branch,sum_if,p1000,65536,1,15616,11,11,4485739283943968327,4485739283943968327,1
41,gcc-O3-v3,20260917,339,6,measure,21,branch,filter_copy_mask,p500_sorted,65536,1,27414,11,11,32768,32768,1
41,gcc-O3-v3,20260917,340,6,measure,22,branch,sum_if,p500,65536,1,15903,11,11,261284744287062128,261284744287062128,1
41,gcc-O3-v3,20260917,341,6,measure,23,dependency,sum_one_bis,uniform,65536,64,505475,11,11,1190735372877940864,1190735372877940864,1
41,gcc-O3-v3,20260917,342,6,measure,24,branch,sum_if,p500_alternating,65536,1,13534,11,11,4196774058536912234,4196774058536912234,1
41,gcc-O3-v3,20260917,343,6,measure,25,branch,filter_copy,p500_alternating,65536,1,26648,11,11,32768,32768,1
41,gcc-O3-v3,20260917,344,6,measure,26,small,sum_one,uniform,512,2048,123128,11,11,6127788314265579520,6127788314265579520,1
41,gcc-O3-v3,20260917,345,6,measure,27,branch,filter_copy,p500,65536,1,369974,11,11,32768,32768,1
41,gcc-O3-v3,20260917,346,6,measure,28,branch,filter_copy_mask,p500,65536,1,29883,11,11,32768,32768,1
41,gcc-O3-v3,20260917,347,6,measure,29,small,sum_one,uniform,768,1365,113833,11,11,6760326044614544011,6760326044614544011,1
41,gcc-O3-v3,20260917,348,6,measure,30,small,sum_one,uniform,1,1048576,3684091,11,11,8452580083670974464,8452580083670974464,1
41,gcc-O3-v3,20260917,349,6,measure,31,branch,filter_copy,p000,65536,1,27870,11,11,0,0,1
41,gcc-O3-v3,20260917,350,6,measure,32,branch,sum_if,p750,65536,1,13163,11,11,14586442889165806448,14586442889165806448,1
41,gcc-O3-v3,20260917,351,6,measure,33,branch,filter_copy_mask,p500_alternating,65536,1,27738,11,11,32768,32768,1
41,gcc-O3-v3,20260917,352,6,measure,34,small,sum_one,uniform,3,349525,1126430,11,11,9690214761957071044,9690214761957071044,1
41,gcc-O3-v3,20260917,353,6,measure,35,dependency,sum_four,uniform,65536,64,632807,11,11,1190735372877940864,1190735372877940864,1
41,gcc-O3-v3,20260917,354,6,measure,36,branch,filter_copy_mask,p000,65536,1,27204,11,11,0,0,1
41,gcc-O3-v3,20260917,355,6,measure,37,small,sum_one,uniform,1024,1024,109621,11,11,6113767114656410624,6113767114656410624,1
41,gcc-O3-v3,20260917,356,6,measure,38,small,sum_one,uniform,96,10922,135787,11,11,1966801938065649448,1966801938065649448,1
41,gcc-O3-v3,20260917,357,6,measure,39,branch,sum_if,p100,65536,1,13235,11,11,3083979731501324985,3083979731501324985,1
41,gcc-O3-v3,20260917,358,6,measure,40,branch,sum_if,p500_sorted,65536,1,13071,11,11,2213941836433581612,2213941836433581612,1
41,gcc-O3-v3,20260917,359,6,measure,41,branch,sum_if,p000,65536,1,13085,11,11,0,0,1
41,gcc-O3-v3,20260917,360,6,measure,42,branch,filter_copy,p100,65536,1,148017,11,11,6554,6554,1
41,gcc-O3-v3,20260917,361,6,measure,43,branch,filter_copy,p1000,65536,1,28369,11,11,65536,65536,1
41,gcc-O3-v3,20260917,362,6,measure,44,small,sum_one,uniform,64,16384,153962,11,11,14815439244071927808,14815439244071927808,1
41,gcc-O3-v3,20260917,363,6,measure,45,small,sum_one,uniform,256,4096,137947,11,11,12471836693395644416,12471836693395644416,1
41,gcc-O3-v3,20260917,364,6,measure,46,small,sum_one,uniform,128,8192,128128,11,11,17503531059042279424,17503531059042279424,1
41,gcc-O3-v3,20260917,365,6,measure,47,branch,filter_copy,p750,65536,1,266151,11,11,49152,49152,1
41,gcc-O3-v3,20260917,366,6,measure,48,branch,filter_copy,p250,65536,1,281440,11,11,16384,16384,1
41,gcc-O3-v3,20260917,367,6,measure,49,small,sum_one,uniform,16,65536,278321,11,11,1403062601089810432,1403062601089810432,1
41,gcc-O3-v3,20260917,368,6,measure,50,dependency,sum_twice,uniform,65536,64,1001819,11,11,2381470745755881728,2381470745755881728,1
41,gcc-O3-v3,20260917,369,6,measure,51,small,sum_one,uniform,384,2730,127732,11,11,5767785928059657782,5767785928059657782,1
41,gcc-O3-v3,20260917,370,6,measure,52,small,sum_one,uniform,12,87381,339940,11,11,18208879310165819389,18208879310165819389,1
41,gcc-O3-v3,20260917,371,7,measure,0,small,sum_one,uniform,8,131072,368877,11,11,11724155215337095168,11724155215337095168,1
41,gcc-O3-v3,20260917,372,7,measure,1,branch,filter_copy_mask,p500_sorted,65536,1,27502,11,11,32768,32768,1
41,gcc-O3-v3,20260917,373,7,measure,2,branch,filter_copy,p1000,65536,1,27061,11,11,65536,65536,1
41,gcc-O3-v3,20260917,374,7,measure,3,small,sum_one,uniform,512,2048,119015,11,11,6127788314265579520,6127788314265579520,1
41,gcc-O3-v3,20260917,375,7,measure,4,branch,filter_copy,p000,65536,1,26354,11,11,0,0,1
41,gcc-O3-v3,20260917,376,7,measure,5,small,sum_one,uniform,3,349525,1143840,11,11,9690214761957071044,9690214761957071044,1
41,gcc-O3-v3,20260917,377,7,measure,6,branch,filter_copy_mask,p900,65536,1,29983,11,11,58982,58982,1
41,gcc-O3-v3,20260917,378,7,measure,7,small,sum_one,uniform,32,32768,197036,11,11,4730905112462327808,4730905112462327808,1
41,gcc-O3-v3,20260917,379,7,measure,8,small,sum_one,uniform,6,174762,493582,11,11,4529353940760067638,4529353940760067638,1
41,gcc-O3-v3,20260917,380,7,measure,9,branch,filter_copy_mask,p500_alternating,65536,1,28119,11,11,32768,32768,1
41,gcc-O3-v3,20260917,381,7,measure,10,branch,filter_copy,p250,65536,1,272968,11,11,16384,16384,1
41,gcc-O3-v3,20260917,382,7,measure,11,branch,filter_copy,p500_sorted,65536,1,27684,11,11,32768,32768,1
41,gcc-O3-v3,20260917,383,7,measure,12,small,sum_one,uniform,64,16384,154114,11,11,14815439244071927808,14815439244071927808,1
41,gcc-O3-v3,20260917,384,7,measure,13,branch,filter_copy_mask,p100,65536,1,27709,11,11,6554,6554,1
41,gcc-O3-v3,20260917,385,7,measure,14,small,sum_one,uniform,16,65536,279448,11,11,1403062601089810432,1403062601089810432,1
41,gcc-O3-v3,20260917,386,7,measure,15,branch,sum_if,p500,65536,1,13233,11,11,261284744287062128,261284744287062128,1
41,gcc-O3-v3,20260917,387,7,measure,16,small,sum_one,uniform,4,262144,633757,11,11,6027757896494481408,6027757896494481408,1
41,gcc-O3-v3,20260917,388,7,measure,17,branch,sum_if,p100,65536,1,13238,11,11,3083979731501324985,3083979731501324985,1
41,gcc-O3-v3,20260917,389,7,measure,18,small,sum_one,uniform,256,4096,140482,11,11,12471836693395644416,12471836693395644416,1
41,gcc-O3-v3,20260917,390,7,measure,19,dependency,sum_twice,uniform,65536,64,999910,11,11,2381470745755881728,2381470745755881728,1
41,gcc-O3-v3,20260917,391,7,measure,20,branch,sum_if,p900,65536,1,13215,11,11,1957202038211152021,1957202038211152021,1
41,gcc-O3-v3,20260917,392,7,measure,21,dependency,sum_one_bis,uniform,65536,64,500155,11,11,1190735372877940864,1190735372877940864,1
41,gcc-O3-v3,20260917,393,7,measure,22,dependency,sum_four,uniform,65536,64,635430,11,11,1190735372877940864,1190735372877940864,1
41,gcc-O3-v3,20260917,394,7,measure,23,branch,sum_if,p250,65536,1,13195,11,11,75766260937212688,75766260937212688,1
41,gcc-O3-v3,20260917,395,7,measure,24,branch,filter_copy_mask,p750,65536,1,28204,11,11,49152,49152,1
41,gcc-O3-v3,20260917,396,7,measure,25,branch,filter_copy_mask,p500,65536,1,29980,11,11,32768,32768,1
41,gcc-O3-v3,20260917,397,7,measure,26,branch,sum_if,p500_alternating,65536,1,15515,11,11,4196774058536912234,4196774058536912234,1
41,gcc-O3-v3,20260917,398,7,measure,27,branch,filter_copy,p500_alternating,65536,1,29739,11,11,32768,32768,1
41,gcc-O3-v3,20260917,399,7,measure,28,branch,sum_if,p1000,65536,1,13270,11,11,4485739283943968327,4485739283943968327,1
41,gcc-O3-v3,20260917,400,7,measure,29,dependency,sum_one,uniform,65536,64,499891,11,11,1190735372877940864,1190735372877940864,1
41,gcc-O3-v3,20260917,401,7,measure,30,small,sum_one,uniform,384,2730,125486,11,11,5767785928059657782,5767785928059657782,1
41,gcc-O3-v3,20260917,402,7,measure,31,small,sum_one,uniform,24,43690,219921,11,11,5019437447312423050,5019437447312423050,1
41,gcc-O3-v3,20260917,403,7,measure,32,small,sum_one,uniform,48,21845,210203,11,11,18173204259618227916,18173204259618227916,1
41,gcc-O3-v3,20260917,404,7,measure,33,branch,filter_copy_mask,p250,65536,1,28355,11,11,16384,16384,1
41,gcc-O3-v3,20260917,405,7,measure,34,small,sum_one,uniform,768,1365,110562,11,11,6760326044614544011,6760326044614544011,1
41,gcc-O3-v3,20260917,406,7,measure,35,branch,sum_if,p000,65536,1,13074,11,11,0,0,1
41,gcc-O3-v3,20260917,407,7,measure,36,branch,filter_copy,p900,65536,1,147108,11,11,58982,58982,1
41,gcc-O3-v3,20260917,408,7,measure,37,branch,filter_copy,p500,65536,1,386120,11,11,32768,32768,1
41,gcc-O3-v3,20260917,409,7,measure,38,branch,filter_copy,p750,65536,1,281809,11,11,49152,49152,1
41,gcc-O3-v3,20260917,410,7,measure,39,small,sum_one,uniform,12,87381,317704,11,11,18208879310165819389,18208879310165819389,1
41,gcc-O3-v3,20260917,411,7,measure,40,branch,filter_copy,p100,65536,1,145677,11,11,6554,6554,1
41,gcc-O3-v3,20260917,412,7,measure,41,small,sum_one,uniform,96,10922,136087,11,11,1966801938065649448,1966801938065649448,1
41,gcc-O3-v3,20260917,413,7,measure,42,branch,sum_if,p500_sorted,65536,1,13206,11,11,2213941836433581612,2213941836433581612,1
41,gcc-O3-v3,20260917,414,7,measure,43,small,sum_one,uniform,1024,1024,112256,11,11,6113767114656410624,6113767114656410624,1
41,gcc-O3-v3,20260917,415,7,measure,44,dependency,split_xor_mul,uniform,65536,64,1308579,11,11,8310383708453772032,8310383708453772032,1
41,gcc-O3-v3,20260917,416,7,measure,45,small,sum_one,uniform,192,5461,193074,11,11,17901819518249685373,17901819518249685373,1
41,gcc-O3-v3,20260917,417,7,measure,46,small,sum_one,uniform,2,524288,1815807,11,11,14489530702789345280,14489530702789345280,1
41,gcc-O3-v3,20260917,418,7,measure,47,branch,filter_copy_mask,p1000,65536,1,30080,11,11,65536,65536,1
41,gcc-O3-v3,20260917,419,7,measure,48,branch,sum_if,p750,65536,1,13165,11,11,14586442889165806448,14586442889165806448,1
41,gcc-O3-v3,20260917,420,7,measure,49,small,sum_one,uniform,1,1048576,3372718,11,11,8452580083670974464,8452580083670974464,1
41,gcc-O3-v3,20260917,421,7,measure,50,dependency,chain_xor_mul,uniform,65536,64,6754188,11,11,5299772668389481216,5299772668389481216,1
41,gcc-O3-v3,20260917,422,7,measure,51,small,sum_one,uniform,128,8192,128472,11,11,17503531059042279424,17503531059042279424,1
41,gcc-O3-v3,20260917,423,7,measure,52,branch,filter_copy_mask,p000,65536,1,27194,11,11,0,0,1
41,gcc-O3-v3,20260917,424,8,measure,0,branch,filter_copy,p500_sorted,65536,1,27006,11,11,32768,32768,1
41,gcc-O3-v3,20260917,425,8,measure,1,branch,filter_copy_mask,p1000,65536,1,27427,11,11,65536,65536,1
41,gcc-O3-v3,20260917,426,8,measure,2,branch,sum_if,p750,65536,1,13111,11,11,14586442889165806448,14586442889165806448,1
41,gcc-O3-v3,20260917,427,8,measure,3,small,sum_one,uniform,1,1048576,3761362,11,11,8452580083670974464,8452580083670974464,1
41,gcc-O3-v3,20260917,428,8,measure,4,branch,sum_if,p900,65536,1,14059,11,11,1957202038211152021,1957202038211152021,1
41,gcc-O3-v3,20260917,429,8,measure,5,small,sum_one,uniform,12,87381,315234,11,11,18208879310165819389,18208879310165819389,1
41,gcc-O3-v3,20260917,430,8,measure,6,small,sum_one,uniform,32,32768,197096,11,11,4730905112462327808,4730905112462327808,1
41,gcc-O3-v3,20260917,431,8,measure,7,branch,sum_if,p500_sorted,65536,1,13355,11,11,2213941836433581612,2213941836433581612,1
41,gcc-O3-v3,20260917,432,8,measure,8,small,sum_one,uniform,16,65536,278647,11,11,1403062601089810432,1403062601089810432,1
41,gcc-O3-v3,20260917,433,8,measure,9,branch,sum_if,p100,65536,1,13304,11,11,3083979731501324985,3083979731501324985,1
41,gcc-O3-v3,20260917,434,8,measure,10,dependency,sum_one_bis,uniform,65536,64,502952,11,11,1190735372877940864,1190735372877940864,1
41,gcc-O3-v3,20260917,435,8,measure,11,branch,filter_copy_mask,p500_alternating,65536,1,27651,11,11,32768,32768,1
41,gcc-O3-v3,20260917,436,8,measure,12,branch,filter_copy,p1000,65536,1,27013,11,11,65536,65536,1
41,gcc-O3-v3,20260917,437,8,measure,13,dependency,sum_twice,uniform,65536,64,1002062,11,11,2381470745755881728,2381470745755881728,1
41,gcc-O3-v3,20260917,438,8,measure,14,branch,filter_copy,p100,65536,1,150108,11,11,6554,6554,1
41,gcc-O3-v3,20260917,439,8,measure,15,small,sum_one,uniform,384,2730,128205,11,11,5767785928059657782,5767785928059657782,1
41,gcc-O3-v3,20260917,440,8,measure,16,small,sum_one,uniform,192,5461,167639,11,11,17901819518249685373,17901819518249685373,1
41,gcc-O3-v3,20260917,441,8,measure,17,small,sum_one,uniform,3,349525,1011188,11,11,9690214761957071044,9690214761957071044,1
41,gcc-O3-v3,20260917,442,8,measure,18,branch,filter_copy,p500_alternating,65536,1,26417,11,11,32768,32768,1
41,gcc-O3-v3,20260917,443,8,measure,19,branch,filter_copy,p750,65536,1,265662,11,11,49152,49152,1
41,gcc-O3-v3,20260917,444,8,measure,20,small,sum_one,uniform,96,10922,143857,11,11,1966801938065649448,1966801938065649448,1
41,gcc-O3-v3,20260917,445,8,measure,21,small,sum_one,uniform,6,174762,599231,11,11,4529353940760067638,4529353940760067638,1
41,gcc-O3-v3,20260917,446,8,measure,22,dependency,sum_one,uniform,65536,64,520068,11,11,1190735372877940864,1190735372877940864,1
41,gcc-O3-v3,20260917,447,8,measure,23,dependency,chain_xor_mul,uniform,65536,64,6767495,11,11,5299772668389481216,5299772668389481216,1
41,gcc-O3-v3,20260917,448,8,measure,24,dependency,sum_four,uniform,65536,64,663956,11,11,1190735372877940864,1190735372877940864,1
41,gcc-O3-v3,20260917,449,8,measure,25,branch,sum_if,p250,65536,1,13984,11,11,75766260937212688,75766260937212688,1
41,gcc-O3-v3,20260917,450,8,measure,26,branch,filter_copy,p500,65536,1,384802,11,11,32768,32768,1
41,gcc-O3-v3,20260917,451,8,measure,27,branch,filter_copy,p000,65536,1,26416,11,11,0,0,1
41,gcc-O3-v3,20260917,452,8,measure,28,branch,sum_if,p500,65536,1,16046,11,11,261284744287062128,261284744287062128,1
41,gcc-O3-v3,20260917,453,8,measure,29,branch,filter_copy_mask,p000,65536,1,28262,11,11,0,0,1
41,gcc-O3-v3,20260917,454,8,measure,30,branch,filter_copy_mask,p100,65536,1,27366,11,11,6554,6554,1
41,gcc-O3-v3,20260917,455,8,measure,31,dependency,split_xor_mul,uniform,65536,64,1395187,11,11,8310383708453772032,8310383708453772032,1
41,gcc-O3-v3,20260917,456,8,measure,32,small,sum_one,uniform,64,16384,172526,11,11,14815439244071927808,14815439244071927808,1
41,gcc-O3-v3,20260917,457,8,measure,33,branch,sum_if,p500_alternating,65536,1,13054,11,11,4196774058536912234,4196774058536912234,1
41,gcc-O3-v3,20260917,458,8,measure,34,small,sum_one,uniform,128,8192,145686,11,11,17503531059042279424,17503531059042279424,1
41,gcc-O3-v3,20260917,459,8,measure,35,branch,filter_copy,p900,65536,1,144591,11,11,58982,58982,1
41,gcc-O3-v3,20260917,460,8,measure,36,small,sum_one,uniform,768,1365,115906,11,11,6760326044614544011,6760326044614544011,1
41,gcc-O3-v3,20260917,461,8,measure,37,small,sum_one,uniform,8,131072,374049,11,11,11724155215337095168,11724155215337095168,1
41,gcc-O3-v3,20260917,462,8,measure,38,branch,filter_copy,p250,65536,1,285564,11,11,16384,16384,1
41,gcc-O3-v3,20260917,463,8,measure,39,branch,sum_if,p1000,65536,1,16004,11,11,4485739283943968327,4485739283943968327,1
41,gcc-O3-v3,20260917,464,8,measure,40,small,sum_one,uniform,256,4096,145189,11,11,12471836693395644416,12471836693395644416,1
41,gcc-O3-v3,20260917,465,8,measure,41,small,sum_one,uniform,512,2048,123771,11,11,6127788314265579520,6127788314265579520,1
41,gcc-O3-v3,20260917,466,8,measure,42,small,sum_one,uniform,1024,1024,113980,11,11,6113767114656410624,6113767114656410624,1
41,gcc-O3-v3,20260917,467,8,measure,43,branch,sum_if,p000,65536,1,13607,11,11,0,0,1
41,gcc-O3-v3,20260917,468,8,measure,44,small,sum_one,uniform,4,262144,659995,11,11,6027757896494481408,6027757896494481408,1
41,gcc-O3-v3,20260917,469,8,measure,45,branch,filter_copy_mask,p500_sorted,65536,1,28955,11,11,32768,32768,1
41,gcc-O3-v3,20260917,470,8,measure,46,branch,filter_copy_mask,p250,65536,1,32281,11,11,16384,16384,1
41,gcc-O3-v3,20260917,471,8,measure,47,branch,filter_copy_mask,p500,65536,1,29517,11,11,32768,32768,1
41,gcc-O3-v3,20260917,472,8,measure,48,small,sum_one,uniform,24,43690,404087,11,11,5019437447312423050,5019437447312423050,1
41,gcc-O3-v3,20260917,473,8,measure,49,branch,filter_copy_mask,p900,65536,1,29130,11,11,58982,58982,1
41,gcc-O3-v3,20260917,474,8,measure,50,small,sum_one,uniform,2,524288,1767068,11,11,14489530702789345280,14489530702789345280,1
41,gcc-O3-v3,20260917,475,8,measure,51,small,sum_one,uniform,48,21845,219068,11,11,18173204259618227916,18173204259618227916,1
41,gcc-O3-v3,20260917,476,8,measure,52,branch,filter_copy_mask,p750,65536,1,29714,11,11,49152,49152,1
41,gcc-O3-v3,20260917,477,9,measure,0,branch,filter_copy,p500_alternating,65536,1,27696,11,11,32768,32768,1
41,gcc-O3-v3,20260917,478,9,measure,1,branch,sum_if,p500_sorted,65536,1,14191,11,11,2213941836433581612,2213941836433581612,1
41,gcc-O3-v3,20260917,479,9,measure,2,dependency,sum_one,uniform,65536,64,521926,11,11,1190735372877940864,1190735372877940864,1
41,gcc-O3-v3,20260917,480,9,measure,3,branch,filter_copy,p750,65536,1,271951,11,11,49152,49152,1
41,gcc-O3-v3,20260917,481,9,measure,4,branch,filter_copy,p900,65536,1,148217,11,11,58982,58982,1
41,gcc-O3-v3,20260917,482,9,measure,5,small,sum_one,uniform,768,1365,118392,11,11,6760326044614544011,6760326044614544011,1
41,gcc-O3-v3,20260917,483,9,measure,6,small,sum_one,uniform,512,2048,123689,11,11,6127788314265579520,6127788314265579520,1
41,gcc-O3-v3,20260917,484,9,measure,7,small,sum_one,uniform,3,349525,1010981,11,11,9690214761957071044,9690214761957071044,1
41,gcc-O3-v3,20260917,485,9,measure,8,small,sum_one,uniform,256,4096,149326,11,11,12471836693395644416,12471836693395644416,1
41,gcc-O3-v3,20260917,486,9,measure,9,small,sum_one,uniform,128,8192,133876,11,11,17503531059042279424,17503531059042279424,1
41,gcc-O3-v3,20260917,487,9,measure,10,small,sum_one,uniform,8,131072,383215,11,11,11724155215337095168,11724155215337095168,1
41,gcc-O3-v3,20260917,488,9,measure,11,small,sum_one,uniform,64,16384,157729,11,11,14815439244071927808,14815439244071927808,1
41,gcc-O3-v3,20260917,489,9,measure,12,branch,filter_copy_mask,p750,65536,1,28688,11,11,49152,49152,1
41,gcc-O3-v3,20260917,490,9,measure,13,branch,sum_if,p500,65536,1,15969,11,11,261284744287062128,261284744287062128,1
41,gcc-O3-v3,20260917,491,9,measure,14,branch,sum_if,p500_alternating,65536,1,13795,11,11,4196774058536912234,4196774058536912234,1
41,gcc-O3-v3,20260917,492,9,measure,15,branch,filter_copy_mask,p000,65536,1,28305,11,11,0,0,1
41,gcc-O3-v3,20260917,493,9,measure,16,branch,filter_copy_mask,p250,65536,1,28188,11,11,16384,16384,1
41,gcc-O3-v3,20260917,494,9,measure,17,branch,sum_if,p100,65536,1,16016,11,11,3083979731501324985,3083979731501324985,1
41,gcc-O3-v3,20260917,495,9,measure,18,small,sum_one,uniform,96,10922,141633,11,11,1966801938065649448,1966801938065649448,1
41,gcc-O3-v3,20260917,496,9,measure,19,branch,filter_copy_mask,p500_alternating,65536,1,28720,11,11,32768,32768,1
41,gcc-O3-v3,20260917,497,9,measure,20,small,sum_one,uniform,16,65536,287722,11,11,1403062601089810432,1403062601089810432,1
41,gcc-O3-v3,20260917,498,9,measure,21,branch,filter_copy,p500,65536,1,387408,11,11,32768,32768,1
41,gcc-O3-v3,20260917,499,9,measure,22,branch,filter_copy,p100,65536,1,147262,11,11,6554,6554,1
41,gcc-O3-v3,20260917,500,9,measure,23,branch,sum_if,p750,65536,1,16059,11,11,14586442889165806448,14586442889165806448,1
41,gcc-O3-v3,20260917,501,9,measure,24,small,sum_one,uniform,12,87381,331975,11,11,18208879310165819389,18208879310165819389,1
41,gcc-O3-v3,20260917,502,9,measure,25,small,sum_one,uniform,6,174762,516472,11,11,4529353940760067638,4529353940760067638,1
41,gcc-O3-v3,20260917,503,9,measure,26,small,sum_one,uniform,192,5461,171306,11,11,17901819518249685373,17901819518249685373,1
41,gcc-O3-v3,20260917,504,9,measure,27,branch,filter_copy,p000,65536,1,27469,11,11,0,0,1
41,gcc-O3-v3,20260917,505,9,measure,28,branch,sum_if,p250,65536,1,16030,11,11,75766260937212688,75766260937212688,1
41,gcc-O3-v3,20260917,506,9,measure,29,branch,filter_copy_mask,p500,65536,1,29190,11,11,32768,32768,1
41,gcc-O3-v3,20260917,507,9,measure,30,small,sum_one,uniform,1,1048576,3401922,11,11,8452580083670974464,8452580083670974464,1
41,gcc-O3-v3,20260917,508,9,measure,31,branch,filter_copy,p500_sorted,65536,1,27543,11,11,32768,32768,1
41,gcc-O3-v3,20260917,509,9,measure,32,small,sum_one,uniform,24,43690,233001,11,11,5019437447312423050,5019437447312423050,1
41,gcc-O3-v3,20260917,510,9,measure,33,small,sum_one,uniform,32,32768,207852,11,11,4730905112462327808,4730905112462327808,1
41,gcc-O3-v3,20260917,511,9,measure,34,branch,filter_copy_mask,p100,65536,1,28753,11,11,6554,6554,1
41,gcc-O3-v3,20260917,512,9,measure,35,branch,filter_copy_mask,p900,65536,1,32283,11,11,58982,58982,1
41,gcc-O3-v3,20260917,513,9,measure,36,branch,filter_copy,p1000,65536,1,28269,11,11,65536,65536,1
41,gcc-O3-v3,20260917,514,9,measure,37,small,sum_one,uniform,1024,1024,114843,11,11,6113767114656410624,6113767114656410624,1
41,gcc-O3-v3,20260917,515,9,measure,38,small,sum_one,uniform,2,524288,1718470,11,11,14489530702789345280,14489530702789345280,1
41,gcc-O3-v3,20260917,516,9,measure,39,branch,filter_copy_mask,p1000,65536,1,27202,11,11,65536,65536,1
41,gcc-O3-v3,20260917,517,9,measure,40,branch,sum_if,p1000,65536,1,13226,11,11,4485739283943968327,4485739283943968327,1
41,gcc-O3-v3,20260917,518,9,measure,41,small,sum_one,uniform,4,262144,630482,11,11,6027757896494481408,6027757896494481408,1
41,gcc-O3-v3,20260917,519,9,measure,42,branch,filter_copy_mask,p500_sorted,65536,1,27160,11,11,32768,32768,1
41,gcc-O3-v3,20260917,520,9,measure,43,dependency,sum_one_bis,uniform,65536,64,507208,11,11,1190735372877940864,1190735372877940864,1
41,gcc-O3-v3,20260917,521,9,measure,44,branch,filter_copy,p250,65536,1,269556,11,11,16384,16384,1
41,gcc-O3-v3,20260917,522,9,measure,45,branch,sum_if,p000,65536,1,13193,11,11,0,0,1
41,gcc-O3-v3,20260917,523,9,measure,46,dependency,sum_twice,uniform,65536,64,1005667,11,11,2381470745755881728,2381470745755881728,1
41,gcc-O3-v3,20260917,524,9,measure,47,small,sum_one,uniform,384,2730,127582,11,11,5767785928059657782,5767785928059657782,1
41,gcc-O3-v3,20260917,525,9,measure,48,dependency,sum_four,uniform,65536,64,679918,11,11,1190735372877940864,1190735372877940864,1
41,gcc-O3-v3,20260917,526,9,measure,49,dependency,chain_xor_mul,uniform,65536,64,6997473,11,11,5299772668389481216,5299772668389481216,1
41,gcc-O3-v3,20260917,527,9,measure,50,dependency,split_xor_mul,uniform,65536,64,1248197,11,11,8310383708453772032,8310383708453772032,1
41,gcc-O3-v3,20260917,528,9,measure,51,small,sum_one,uniform,48,21845,210175,11,11,18173204259618227916,18173204259618227916,1
41,gcc-O3-v3,20260917,529,9,measure,52,branch,sum_if,p900,65536,1,11113,11,11,1957202038211152021,1957202038211152021,1
41,gcc-O3-v3,20260917,530,10,measure,0,small,sum_one,uniform,64,16384,152511,11,11,14815439244071927808,14815439244071927808,1
41,gcc-O3-v3,20260917,531,10,measure,1,small,sum_one,uniform,3,349525,1032755,11,11,9690214761957071044,9690214761957071044,1
41,gcc-O3-v3,20260917,532,10,measure,2,branch,sum_if,p1000,65536,1,13722,11,11,4485739283943968327,4485739283943968327,1
41,gcc-O3-v3,20260917,533,10,measure,3,small,sum_one,uniform,48,21845,218976,11,11,18173204259618227916,18173204259618227916,1
41,gcc-O3-v3,20260917,534,10,measure,4,small,sum_one,uniform,2,524288,1836936,11,11,14489530702789345280,14489530702789345280,1
41,gcc-O3-v3,20260917,535,10,measure,5,small,sum_one,uniform,6,174762,514681,11,11,4529353940760067638,4529353940760067638,1
41,gcc-O3-v3,20260917,536,10,measure,6,dependency,split_xor_mul,uniform,65536,64,1226097,11,11,8310383708453772032,8310383708453772032,1
41,gcc-O3-v3,20260917,537,10,measure,7,branch,sum_if,p500_alternating,65536,1,11155,11,11,4196774058536912234,4196774058536912234,1
41,gcc-O3-v3,20260917,538,10,measure,8,small,sum_one,uniform,192,5461,166211,11,11,17901819518249685373,17901819518249685373,1
41,gcc-O3-v3,20260917,539,10,measure,9,branch,filter_copy_mask,p500,65536,1,27928,11,11,32768,32768,1
41,gcc-O3-v3,20260917,540,10,measure,10,branch,sum_if,p250,65536,1,13609,11,11,75766260937212688,75766260937212688,1
41,gcc-O3-v3,20260917,541,10,measure,11,branch,filter_copy,p750,65536,1,277819,11,11,49152,49152,1
41,gcc-O3-v3,20260917,542,10,measure,12,branch,filter_copy_mask,p750,65536,1,29236,11,11,49152,49152,1
41,gcc-O3-v3,20260917,543,10,measure,13,dependency,sum_one,uniform,65536,64,525109,11,11,1190735372877940864,1190735372877940864,1
41,gcc-O3-v3,20260917,544,10,measure,14,branch,filter_copy_mask,p500_alternating,65536,1,28792,11,11,32768,32768,1
41,gcc-O3-v3,20260917,545,10,measure,15,small,sum_one,uniform,1,1048576,3573532,11,11,8452580083670974464,8452580083670974464,1
41,gcc-O3-v3,20260917,546,10,measure,16,small,sum_one,uniform,32,32768,205371,11,11,4730905112462327808,4730905112462327808,1
41,gcc-O3-v3,20260917,547,10,measure,17,branch,sum_if,p100,65536,1,13652,11,11,3083979731501324985,3083979731501324985,1
41,gcc-O3-v3,20260917,548,10,measure,18,branch,filter_copy_mask,p900,65536,1,29658,11,11,58982,58982,1
41,gcc-O3-v3,20260917,549,10,measure,19,small,sum_one,uniform,96,10922,141551,11,11,1966801938065649448,1966801938065649448,1
41,gcc-O3-v3,20260917,550,10,measure,20,branch,filter_copy,p900,65536,1,152143,11,11,58982,58982,1
41,gcc-O3-v3,20260917,551,10,measure,21,branch,filter_copy,p000,65536,1,27517,11,11,0,0,1
41,gcc-O3-v3,20260917,552,10,measure,22,branch,filter_copy_mask,p100,65536,1,34640,11,11,6554,6554,1
41,gcc-O3-v3,20260917,553,10,measure,23,branch,filter_copy,p1000,65536,1,28513,11,11,65536,65536,1
41,gcc-O3-v3,20260917,554,10,measure,24,small,sum_one,uniform,4,262144,665057,11,11,6027757896494481408,6027757896494481408,1
41,gcc-O3-v3,20260917,555,10,measure,25,small,sum_one,uniform,24,43690,228096,11,11,5019437447312423050,5019437447312423050,1
41,gcc-O3-v3,20260917,556,10,measure,26,small,sum_one,uniform,12,87381,329719,11,11,18208879310165819389,18208879310165819389,1
41,gcc-O3-v3,20260917,557,10,measure,27,dependency,sum_one_bis,uniform,65536,64,522864,11,11,1190735372877940864,1190735372877940864,1
41,gcc-O3-v3,20260917,558,10,measure,28,small,sum_one,uniform,16,65536,287444,11,11,1403062601089810432,1403062601089810432,1
41,gcc-O3-v3,20260917,559,10,measure,29,branch,filter_copy,p500_sorted,65536,1,28782,11,11,32768,32768,1
41,gcc-O3-v3,20260917,560,10,measure,30,branch,filter_copy_mask,p000,65536,1,28321,11,11,0,0,1
41,gcc-O3-v3,20260917,561,10,measure,31,branch,filter_copy,p100,65536,1,153466,11,11,6554,6554,1
41,gcc-O3-v3,20260917,562,10,measure,32,small,sum_one,uniform,128,8192,133580,11,11,17503531059042279424,17503531059042279424,1
41,gcc-O3-v3,20260917,563,10,measure,33,branch,sum_if,p900,65536,1,13895,11,11,1957202038211152021,1957202038211152021,1
41,gcc-O3-v3,20260917,564,10,measure,34,branch,filter_copy,p250,65536,1,282512,11,11,16384,16384,1
41,gcc-O3-v3,20260917,565,10,measure,35,branch,filter_copy,p500_alternating,65536,1,27474,11,11,32768,32768,1
41,gcc-O3-v3,20260917,566,10,measure,36,dependency,sum_four,uniform,65536,64,663672,11,11,1190735372877940864,1190735372877940864,1
41,gcc-O3-v3,20260917,567,10,measure,37,branch,filter_copy_mask,p250,65536,1,29457,11,11,16384,16384,1
41,gcc-O3-v3,20260917,568,10,measure,38,small,sum_one,uniform,512,2048,127718,11,11,6127788314265579520,6127788314265579520,1
41,gcc-O3-v3,20260917,569,10,measure,39,small,sum_one,uniform,8,131072,437954,11,11,11724155215337095168,11724155215337095168,1
41,gcc-O3-v3,20260917,570,10,measure,40,branch,sum_if,p750,65536,1,13815,11,11,14586442889165806448,14586442889165806448,1
41,gcc-O3-v3,20260917,571,10,measure,41,small,sum_one,uniform,256,4096,144605,11,11,12471836693395644416,12471836693395644416,1
41,gcc-O3-v3,20260917,572,10,measure,42,branch,filter_copy_mask,p1000,65536,1,28653,11,11,65536,65536,1
41,gcc-O3-v3,20260917,573,10,measure,43,small,sum_one,uniform,384,2730,128251,11,11,5767785928059657782,5767785928059657782,1
41,gcc-O3-v3,20260917,574,10,measure,44,branch,filter_copy,p500,65536,1,386850,11,11,32768,32768,1
41,gcc-O3-v3,20260917,575,10,measure,45,dependency,chain_xor_mul,uniform,65536,64,7044279,11,11,5299772668389481216,5299772668389481216,1
41,gcc-O3-v3,20260917,576,10,measure,46,branch,sum_if,p000,65536,1,13817,11,11,0,0,1
41,gcc-O3-v3,20260917,577,10,measure,47,branch,sum_if,p500,65536,1,13719,11,11,261284744287062128,261284744287062128,1
41,gcc-O3-v3,20260917,578,10,measure,48,small,sum_one,uniform,1024,1024,114172,11,11,6113767114656410624,6113767114656410624,1
41,gcc-O3-v3,20260917,579,10,measure,49,small,sum_one,uniform,768,1365,116069,11,11,6760326044614544011,6760326044614544011,1
41,gcc-O3-v3,20260917,580,10,measure,50,dependency,sum_twice,uniform,65536,64,1046623,11,11,2381470745755881728,2381470745755881728,1
41,gcc-O3-v3,20260917,581,10,measure,51,branch,sum_if,p500_sorted,65536,1,13648,11,11,2213941836433581612,2213941836433581612,1
41,gcc-O3-v3,20260917,582,10,measure,52,branch,filter_copy_mask,p500_sorted,65536,1,28402,11,11,32768,32768,1
41,gcc-O3-v3,20260917,583,11,measure,0,branch,filter_copy,p100,65536,1,151458,11,11,6554,6554,1
41,gcc-O3-v3,20260917,584,11,measure,1,branch,filter_copy,p000,65536,1,27422,11,11,0,0,1
41,gcc-O3-v3,20260917,585,11,measure,2,small,sum_one,uniform,32,32768,205367,11,11,4730905112462327808,4730905112462327808,1
41,gcc-O3-v3,20260917,586,11,measure,3,small,sum_one,uniform,3,349525,1028920,11,11,9690214761957071044,9690214761957071044,1
41,gcc-O3-v3,20260917,587,11,measure,4,branch,filter_copy_mask,p500,65536,1,29555,11,11,32768,32768,1
41,gcc-O3-v3,20260917,588,11,measure,5,dependency,chain_xor_mul,uniform,65536,64,6857013,11,11,5299772668389481216,5299772668389481216,1
41,gcc-O3-v3,20260917,589,11,measure,6,branch,filter_copy,p500_sorted,65536,1,26559,11,11,32768,32768,1
41,gcc-O3-v3,20260917,590,11,measure,7,branch,filter_copy_mask,p250,65536,1,28045,11,11,16384,16384,1
41,gcc-O3-v3,20260917,591,11,measure,8,branch,filter_copy_mask,p1000,65536,1,27674,11,11,65536,65536,1
41,gcc-O3-v3,20260917,592,11,measure,9,small,sum_one,uniform,8,131072,367849,11,11,11724155215337095168,11724155215337095168,1
41,gcc-O3-v3,20260917,593,11,measure,10,branch,filter_copy,p1000,65536,1,26396,11,11,65536,65536,1
41,gcc-O3-v3,20260917,594,11,measure,11,small,sum_one,uniform,768,1365,116680,11,11,6760326044614544011,6760326044614544011,1
41,gcc-O3-v3,20260917,595,11,measure,12,small,sum_one,uniform,2,524288,1706344,11,11,14489530702789345280,14489530702789345280,1
41,gcc-O3-v3,20260917,596,11,measure,13,small,sum_one,uniform,256,4096,161644,11,11,12471836693395644416,12471836693395644416,1
41,gcc-O3-v3,20260917,597,11,measure,14,dependency,sum_four,uniform,65536,64,649555,11,11,1190735372877940864,1190735372877940864,1
41,gcc-O3-v3,20260917,598,11,measure,15,branch,filter_copy_mask,p900,65536,1,28140,11,11,58982,58982,1
41,gcc-O3-v3,20260917,599,11,measure,16,branch,sum_if,p500_alternating,65536,1,13325,11,11,4196774058536912234,4196774058536912234,1
41,gcc-O3-v3,20260917,600,11,measure,17,small,sum_one,uniform,16,65536,275995,11,11,1403062601089810432,1403062601089810432,1
41,gcc-O3-v3,20260917,601,11,measure,18,small,sum_one,uniform,1024,1024,109604,11,11,6113767114656410624,6113767114656410624,1
41,gcc-O3-v3,20260917,602,11,measure,19,small,sum_one,uniform,512,2048,118697,11,11,6127788314265579520,6127788314265579520,1
41,gcc-O3-v3,20260917,603,11,measure,20,small,sum_one,uniform,96,10922,135780,11,11,1966801938065649448,1966801938065649448,1
41,gcc-O3-v3,20260917,604,11,measure,21,branch,filter_copy_mask,p000,65536,1,27063,11,11,0,0,1
41,gcc-O3-v3,20260917,605,11,measure,22,branch,filter_copy_mask,p500_alternating,65536,1,27527,11,11,32768,32768,1
41,gcc-O3-v3,20260917,606,11,measure,23,small,sum_one,uniform,12,87381,315673,11,11,18208879310165819389,18208879310165819389,1
41,gcc-O3-v3,20260917,607,11,measure,24,branch,filter_copy,p500_alternating,65536,1,26424,11,11,32768,32768,1
41,gcc-O3-v3,20260917,608,11,measure,25,branch,filter_copy,p250,65536,1,266059,11,11,16384,16384,1
41,gcc-O3-v3,20260917,609,11,measure,26,branch,filter_copy_mask,p750,65536,1,28246,11,11,49152,49152,1
41,gcc-O3-v3,20260917,610,11,measure,27,small,sum_one,uniform,24,43690,222675,11,11,5019437447312423050,5019437447312423050,1
41,gcc-O3-v3,20260917,611,11,measure,28,branch,filter_copy,p500,65536,1,370470,11,11,32768,32768,1
41,gcc-O3-v3,20260917,612,11,measure,29,small,sum_one,uniform,128,8192,128542,11,11,17503531059042279424,17503531059042279424,1
41,gcc-O3-v3,20260917,613,11,measure,30,dependency,sum_one_bis,uniform,65536,64,499063,11,11,1190735372877940864,1190735372877940864,1
41,gcc-O3-v3,20260917,614,11,measure,31,small,sum_one,uniform,64,16384,151631,11,11,14815439244071927808,14815439244071927808,1
41,gcc-O3-v3,20260917,615,11,measure,32,branch,sum_if,p500_sorted,65536,1,17187,11,11,2213941836433581612,2213941836433581612,1
41,gcc-O3-v3,20260917,616,11,measure,33,small,sum_one,uniform,1,1048576,3687249,11,11,8452580083670974464,8452580083670974464,1
41,gcc-O3-v3,20260917,617,11,measure,34,small,sum_one,uniform,192,5461,165851,11,11,17901819518249685373,17901819518249685373,1
41,gcc-O3-v3,20260917,618,11,measure,35,small,sum_one,uniform,384,2730,125245,11,11,5767785928059657782,5767785928059657782,1
41,gcc-O3-v3,20260917,619,11,measure,36,small,sum_one,uniform,48,21845,212197,11,11,18173204259618227916,18173204259618227916,1
41,gcc-O3-v3,20260917,620,11,measure,37,branch,filter_copy,p900,65536,1,144821,11,11,58982,58982,1
41,gcc-O3-v3,20260917,621,11,measure,38,branch,sum_if,p500,65536,1,13219,11,11,261284744287062128,261284744287062128,1
41,gcc-O3-v3,20260917,622,11,measure,39,dependency,split_xor_mul,uniform,65536,64,1292072,11,11,8310383708453772032,8310383708453772032,1
41,gcc-O3-v3,20260917,623,11,measure,40,branch,sum_if,p250,65536,1,11186,11,11,75766260937212688,75766260937212688,1
41,gcc-O3-v3,20260917,624,11,measure,41,dependency,sum_one,uniform,65536,64,465714,11,11,1190735372877940864,1190735372877940864,1
41,gcc-O3-v3,20260917,625,11,measure,42,branch,filter_copy_mask,p100,65536,1,27603,11,11,6554,6554,1
41,gcc-O3-v3,20260917,626,11,measure,43,branch,filter_copy,p750,65536,1,269599,11,11,49152,49152,1
41,gcc-O3-v3,20260917,627,11,measure,44,branch,sum_if,p000,65536,1,13082,11,11,0,0,1
41,gcc-O3-v3,20260917,628,11,measure,45,dependency,sum_twice,uniform,65536,64,999513,11,11,2381470745755881728,2381470745755881728,1
41,gcc-O3-v3,20260917,629,11,measure,46,small,sum_one,uniform,6,174762,563110,11,11,4529353940760067638,4529353940760067638,1
41,gcc-O3-v3,20260917,630,11,measure,47,branch,sum_if,p100,65536,1,13049,11,11,3083979731501324985,3083979731501324985,1
41,gcc-O3-v3,20260917,631,11,measure,48,small,sum_one,uniform,4,262144,633321,11,11,6027757896494481408,6027757896494481408,1
41,gcc-O3-v3,20260917,632,11,measure,49,branch,sum_if,p750,65536,1,13170,11,11,14586442889165806448,14586442889165806448,1
41,gcc-O3-v3,20260917,633,11,measure,50,branch,sum_if,p1000,65536,1,13008,11,11,4485739283943968327,4485739283943968327,1
41,gcc-O3-v3,20260917,634,11,measure,51,branch,sum_if,p900,65536,1,13057,11,11,1957202038211152021,1957202038211152021,1
41,gcc-O3-v3,20260917,635,11,measure,52,branch,filter_copy_mask,p500_sorted,65536,1,27866,11,11,32768,32768,1
41,gcc-O3-v3,20260917,636,12,measure,0,small,sum_one,uniform,384,2730,127445,11,11,5767785928059657782,5767785928059657782,1
41,gcc-O3-v3,20260917,637,12,measure,1,small,sum_one,uniform,6,174762,495009,11,11,4529353940760067638,4529353940760067638,1
41,gcc-O3-v3,20260917,638,12,measure,2,small,sum_one,uniform,16,65536,276161,11,11,1403062601089810432,1403062601089810432,1
41,gcc-O3-v3,20260917,639,12,measure,3,branch,filter_copy,p500_sorted,65536,1,26519,11,11,32768,32768,1
41,gcc-O3-v3,20260917,640,12,measure,4,branch,filter_copy_mask,p500_sorted,65536,1,26918,11,11,32768,32768,1
41,gcc-O3-v3,20260917,641,12,measure,5,branch,filter_copy_mask,p250,65536,1,28242,11,11,16384,16384,1
41,gcc-O3-v3,20260917,642,12,measure,6,dependency,split_xor_mul,uniform,65536,64,1297751,11,11,8310383708453772032,8310383708453772032,1
41,gcc-O3-v3,20260917,643,12,measure,7,branch,sum_if,p250,65536,1,11101,11,11,75766260937212688,75766260937212688,1
41,gcc-O3-v3,20260917,644,12,measure,8,small,sum_one,uniform,1024,1024,109615,11,11,6113767114656410624,6113767114656410624,1
41,gcc-O3-v3,20260917,645,12,measure,9,small,sum_one,uniform,256,4096,158852,11,11,12471836693395644416,12471836693395644416,1
41,gcc-O3-v3,20260917,646,12,measure,10,branch,filter_copy,p500_alternating,65536,1,26434,11,11,32768,32768,1
41,gcc-O3-v3,20260917,647,12,measure,11,branch,sum_if,p500_alternating,65536,1,13082,11,11,4196774058536912234,4196774058536912234,1
41,gcc-O3-v3,20260917,648,12,measure,12,small,sum_one,uniform,512,2048,122534,11,11,6127788314265579520,6127788314265579520,1
41,gcc-O3-v3,20260917,649,12,measure,13,branch,filter_copy,p250,65536,1,276178,11,11,16384,16384,1
41,gcc-O3-v3,20260917,650,12,measure,14,dependency,sum_one,uniform,65536,64,505003,11,11,1190735372877940864,1190735372877940864,1
41,gcc-O3-v3,20260917,651,12,measure,15,small,sum_one,uniform,48,21845,212435,11,11,18173204259618227916,18173204259618227916,1
41,gcc-O3-v3,20260917,652,12,measure,16,dependency,sum_twice,uniform,65536,64,999628,11,11,2381470745755881728,2381470745755881728,1
41,gcc-O3-v3,20260917,653,12,measure,17,small,sum_one,uniform,64,16384,151148,11,11,14815439244071927808,14815439244071927808,1
41,gcc-O3-v3,20260917,654,12,measure,18,dependency,sum_one_bis,uniform,65536,64,498845,11,11,1190735372877940864,1190735372877940864,1
41,gcc-O3-v3,20260917,655,12,measure,19,branch,filter_copy,p000,65536,1,26368,11,11,0,0,1
41,gcc-O3-v3,20260917,656,12,measure,20,small,sum_one,uniform,3,349525,1101771,11,11,9690214761957071044,9690214761957071044,1
41,gcc-O3-v3,20260917,657,12,measure,21,branch,sum_if,p900,65536,1,15348,11,11,1957202038211152021,1957202038211152021,1
41,gcc-O3-v3,20260917,658,12,measure,22,branch,filter_copy_mask,p1000,65536,1,29165,11,11,65536,65536,1
41,gcc-O3-v3,20260917,659,12,measure,23,small,sum_one,uniform,768,1365,118663,11,11,6760326044614544011,6760326044614544011,1
41,gcc-O3-v3,20260917,660,12,measure,24,small,sum_one,uniform,96,10922,135763,11,11,1966801938065649448,1966801938065649448,1
41,gcc-O3-v3,20260917,661,12,measure,25,small,sum_one,uniform,1,1048576,3459164,11,11,8452580083670974464,8452580083670974464,1
41,gcc-O3-v3,20260917,662,12,measure,26,branch,sum_if,p1000,65536,1,15652,11,11,4485739283943968327,4485739283943968327,1
41,gcc-O3-v3,20260917,663,12,measure,27,small,sum_one,uniform,32,32768,197080,11,11,4730905112462327808,4730905112462327808,1
41,gcc-O3-v3,20260917,664,12,measure,28,branch,sum_if,p000,65536,1,13012,11,11,0,0,1
41,gcc-O3-v3,20260917,665,12,measure,29,small,sum_one,uniform,4,262144,633033,11,11,6027757896494481408,6027757896494481408,1
41,gcc-O3-v3,20260917,666,12,measure,30,small,sum_one,uniform,8,131072,373032,11,11,11724155215337095168,11724155215337095168,1
41,gcc-O3-v3,20260917,667,12,measure,31,small,sum_one,uniform,192,5461,166160,11,11,17901819518249685373,17901819518249685373,1
41,gcc-O3-v3,20260917,668,12,measure,32,branch,sum_if,p750,65536,1,13163,11,11,14586442889165806448,14586442889165806448,1
41,gcc-O3-v3,20260917,669,12,measure,33,branch,filter_copy_mask,p900,65536,1,28385,11,11,58982,58982,1
41,gcc-O3-v3,20260917,670,12,measure,34,branch,filter_copy,p100,65536,1,154518,11,11,6554,6554,1
41,gcc-O3-v3,20260917,671,12,measure,35,branch,sum_if,p500_sorted,65536,1,15680,11,11,2213941836433581612,2213941836433581612,1
41,gcc-O3-v3,20260917,672,12,measure,36,branch,filter_copy_mask,p000,65536,1,27234,11,11,0,0,1
41,gcc-O3-v3,20260917,673,12,measure,37,small,sum_one,uniform,12,87381,315279,11,11,18208879310165819389,18208879310165819389,1
41,gcc-O3-v3,20260917,674,12,measure,38,small,sum_one,uniform,128,8192,128712,11,11,17503531059042279424,17503531059042279424,1
41,gcc-O3-v3,20260917,675,12,measure,39,branch,filter_copy,p500,65536,1,372372,11,11,32768,32768,1
41,gcc-O3-v3,20260917,676,12,measure,40,dependency,chain_xor_mul,uniform,65536,64,6744336,11,11,5299772668389481216,5299772668389481216,1
41,gcc-O3-v3,20260917,677,12,measure,41,branch,filter_copy,p900,65536,1,143670,11,11,58982,58982,1
41,gcc-O3-v3,20260917,678,12,measure,42,branch,filter_copy_mask,p750,65536,1,27923,11,11,49152,49152,1
41,gcc-O3-v3,20260917,679,12,measure,43,branch,filter_copy_mask,p500,65536,1,28363,11,11,32768,32768,1
41,gcc-O3-v3,20260917,680,12,measure,44,branch,filter_copy,p750,65536,1,266870,11,11,49152,49152,1
41,gcc-O3-v3,20260917,681,12,measure,45,small,sum_one,uniform,2,524288,1744847,11,11,14489530702789345280,14489530702789345280,1
41,gcc-O3-v3,20260917,682,12,measure,46,branch,filter_copy,p1000,65536,1,26980,11,11,65536,65536,1
41,gcc-O3-v3,20260917,683,12,measure,47,branch,sum_if,p100,65536,1,15555,11,11,3083979731501324985,3083979731501324985,1
41,gcc-O3-v3,20260917,684,12,measure,48,branch,filter_copy_mask,p100,65536,1,27685,11,11,6554,6554,1
41,gcc-O3-v3,20260917,685,12,measure,49,small,sum_one,uniform,24,43690,218957,11,11,5019437447312423050,5019437447312423050,1
41,gcc-O3-v3,20260917,686,12,measure,50,dependency,sum_four,uniform,65536,64,639895,11,11,1190735372877940864,1190735372877940864,1
41,gcc-O3-v3,20260917,687,12,measure,51,branch,filter_copy_mask,p500_alternating,65536,1,27642,11,11,32768,32768,1
41,gcc-O3-v3,20260917,688,12,measure,52,branch,sum_if,p500,65536,1,12998,11,11,261284744287062128,261284744287062128,1
41,gcc-O3-v3,20260917,689,13,measure,0,branch,sum_if,p500_sorted,65536,1,12972,11,11,2213941836433581612,2213941836433581612,1
41,gcc-O3-v3,20260917,690,13,measure,1,small,sum_one,uniform,48,21845,210178,11,11,18173204259618227916,18173204259618227916,1
41,gcc-O3-v3,20260917,691,13,measure,2,dependency,chain_xor_mul,uniform,65536,64,6756271,11,11,5299772668389481216,5299772668389481216,1
41,gcc-O3-v3,20260917,692,13,measure,3,branch,filter_copy,p100,65536,1,153020,11,11,6554,6554,1
41,gcc-O3-v3,20260917,693,13,measure,4,branch,filter_copy_mask,p500_alternating,65536,1,27684,11,11,32768,32768,1
41,gcc-O3-v3,20260917,694,13,measure,5,branch,filter_copy,p500,65536,1,378544,11,11,32768,32768,1
41,gcc-O3-v3,20260917,695,13,measure,6,branch,filter_copy_mask,p750,65536,1,28300,11,11,49152,49152,1
41,gcc-O3-v3,20260917,696,13,measure,7,branch,filter_copy_mask,p100,65536,1,27871,11,11,6554,6554,1
41,gcc-O3-v3,20260917,697,13,measure,8,branch,filter_copy,p500_sorted,65536,1,26702,11,11,32768,32768,1
41,gcc-O3-v3,20260917,698,13,measure,9,small,sum_one,uniform,768,1365,114595,11,11,6760326044614544011,6760326044614544011,1
41,gcc-O3-v3,20260917,699,13,measure,10,branch,filter_copy_mask,p900,65536,1,27899,11,11,58982,58982,1
41,gcc-O3-v3,20260917,700,13,measure,11,branch,sum_if,p500,65536,1,15637,11,11,261284744287062128,261284744287062128,1
41,gcc-O3-v3,20260917,701,13,measure,12,branch,sum_if,p500_alternating,65536,1,13130,11,11,4196774058536912234,4196774058536912234,1
41,gcc-O3-v3,20260917,702,13,measure,13,dependency,split_xor_mul,uniform,65536,64,1279025,11,11,8310383708453772032,8310383708453772032,1
41,gcc-O3-v3,20260917,703,13,measure,14,branch,filter_copy,p750,65536,1,269404,11,11,49152,49152,1
41,gcc-O3-v3,20260917,704,13,measure,15,branch,filter_copy,p000,65536,1,114525,11,11,0,0,1
41,gcc-O3-v3,20260917,705,13,measure,16,branch,filter_copy_mask,p1000,65536,1,27566,11,11,65536,65536,1
41,gcc-O3-v3,20260917,706,13,measure,17,small,sum_one,uniform,64,16384,151629,11,11,14815439244071927808,14815439244071927808,1
41,gcc-O3-v3,20260917,707,13,measure,18,branch,sum_if,p1000,65536,1,13073,11,11,4485739283943968327,4485739283943968327,1
41,gcc-O3-v3,20260917,708,13,measure,19,small,sum_one,uniform,2,524288,1732336,11,11,14489530702789345280,14489530702789345280,1
41,gcc-O3-v3,20260917,709,13,measure,20,small,sum_one,uniform,24,43690,221386,11,11,5019437447312423050,5019437447312423050,1
41,gcc-O3-v3,20260917,710,13,measure,21,branch,sum_if,p250,65536,1,13121,11,11,75766260937212688,75766260937212688,1
41,gcc-O3-v3,20260917,711,13,measure,22,dependency,sum_one_bis,uniform,65536,64,504701,11,11,1190735372877940864,1190735372877940864,1
41,gcc-O3-v3,20260917,712,13,measure,23,branch,filter_copy_mask,p250,65536,1,28058,11,11,16384,16384,1
41,gcc-O3-v3,20260917,713,13,measure,24,branch,filter_copy_mask,p500_sorted,65536,1,27230,11,11,32768,32768,1
41,gcc-O3-v3,20260917,714,13,measure,25,small,sum_one,uniform,128,8192,128179,11,11,17503531059042279424,17503531059042279424,1
41,gcc-O3-v3,20260917,715,13,measure,26,small,sum_one,uniform,384,2730,127373,11,11,5767785928059657782,5767785928059657782,1
41,gcc-O3-v3,20260917,716,13,measure,27,small,sum_one,uniform,12,87381,315252,11,11,18208879310165819389,18208879310165819389,1
41,gcc-O3-v3,20260917,717,13,measure,28,small,sum_one,uniform,16,65536,278555,11,11,1403062601089810432,1403062601089810432,1
41,gcc-O3-v3,20260917,718,13,measure,29,branch,filter_copy_mask,p000,65536,1,27338,11,11,0,0,1
41,gcc-O3-v3,20260917,719,13,measure,30,branch,filter_copy,p250,65536,1,270290,11,11,16384,16384,1
41,gcc-O3-v3,20260917,720,13,measure,31,small,sum_one,uniform,3,349525,1144360,11,11,9690214761957071044,9690214761957071044,1
41,gcc-O3-v3,20260917,721,13,measure,32,dependency,sum_one,uniform,65536,64,531711,11,11,1190735372877940864,1190735372877940864,1
41,gcc-O3-v3,20260917,722,13,measure,33,small,sum_one,uniform,6,174762,535045,11,11,4529353940760067638,4529353940760067638,1
41,gcc-O3-v3,20260917,723,13,measure,34,branch,sum_if,p000,65536,1,13024,11,11,0,0,1
41,gcc-O3-v3,20260917,724,13,measure,35,branch,sum_if,p900,65536,1,13021,11,11,1957202038211152021,1957202038211152021,1
41,gcc-O3-v3,20260917,725,13,measure,36,small,sum_one,uniform,4,262144,635773,11,11,6027757896494481408,6027757896494481408,1
41,gcc-O3-v3,20260917,726,13,measure,37,small,sum_one,uniform,1,1048576,3484409,11,11,8452580083670974464,8452580083670974464,1
41,gcc-O3-v3,20260917,727,13,measure,38,branch,filter_copy,p1000,65536,1,28156,11,11,65536,65536,1
41,gcc-O3-v3,20260917,728,13,measure,39,small,sum_one,uniform,512,2048,121329,11,11,6127788314265579520,6127788314265579520,1
41,gcc-O3-v3,20260917,729,13,measure,40,small,sum_one,uniform,256,4096,142361,11,11,12471836693395644416,12471836693395644416,1
41,gcc-O3-v3,20260917,730,13,measure,41,small,sum_one,uniform,1024,1024,109443,11,11,6113767114656410624,6113767114656410624,1
41,gcc-O3-v3,20260917,731,13,measure,42,small,sum_one,uniform,192,5461,165711,11,11,17901819518249685373,17901819518249685373,1
41,gcc-O3-v3,20260917,732,13,measure,43,small,sum_one,uniform,8,131072,367804,11,11,11724155215337095168,11724155215337095168,1
41,gcc-O3-v3,20260917,733,13,measure,44,dependency,sum_twice,uniform,65536,64,999698,11,11,2381470745755881728,2381470745755881728,1
41,gcc-O3-v3,20260917,734,13,measure,45,small,sum_one,uniform,32,32768,197076,11,11,4730905112462327808,4730905112462327808,1
41,gcc-O3-v3,20260917,735,13,measure,46,branch,filter_copy_mask,p500,65536,1,28257,11,11,32768,32768,1
41,gcc-O3-v3,20260917,736,13,measure,47,branch,sum_if,p750,65536,1,15432,11,11,14586442889165806448,14586442889165806448,1
41,gcc-O3-v3,20260917,737,13,measure,48,small,sum_one,uniform,96,10922,138197,11,11,1966801938065649448,1966801938065649448,1
41,gcc-O3-v3,20260917,738,13,measure,49,branch,filter_copy,p500_alternating,65536,1,26532,11,11,32768,32768,1
41,gcc-O3-v3,20260917,739,13,measure,50,branch,filter_copy,p900,65536,1,145585,11,11,58982,58982,1
41,gcc-O3-v3,20260917,740,13,measure,51,branch,sum_if,p100,65536,1,15494,11,11,3083979731501324985,3083979731501324985,1
41,gcc-O3-v3,20260917,741,13,measure,52,dependency,sum_four,uniform,65536,64,632271,11,11,1190735372877940864,1190735372877940864,1
41,gcc-O3-v3,20260917,742,14,measure,0,branch,filter_copy,p000,65536,1,26403,11,11,0,0,1
41,gcc-O3-v3,20260917,743,14,measure,1,small,sum_one,uniform,64,16384,151756,11,11,14815439244071927808,14815439244071927808,1
41,gcc-O3-v3,20260917,744,14,measure,2,small,sum_one,uniform,48,21845,210178,11,11,18173204259618227916,18173204259618227916,1
41,gcc-O3-v3,20260917,745,14,measure,3,branch,filter_copy_mask,p500_sorted,65536,1,27596,11,11,32768,32768,1
41,gcc-O3-v3,20260917,746,14,measure,4,small,sum_one,uniform,12,87381,315279,11,11,18208879310165819389,18208879310165819389,1
41,gcc-O3-v3,20260917,747,14,measure,5,branch,filter_copy,p250,65536,1,271098,11,11,16384,16384,1
41,gcc-O3-v3,20260917,748,14,measure,6,small,sum_one,uniform,1024,1024,114797,11,11,6113767114656410624,6113767114656410624,1
41,gcc-O3-v3,20260917,749,14,measure,7,branch,sum_if,p500_alternating,65536,1,13193,11,11,4196774058536912234,4196774058536912234,1
41,gcc-O3-v3,20260917,750,14,measure,8,branch,filter_copy_mask,p250,65536,1,28169,11,11,16384,16384,1
41,gcc-O3-v3,20260917,751,14,measure,9,branch,sum_if,p100,65536,1,15448,11,11,3083979731501324985,3083979731501324985,1
41,gcc-O3-v3,20260917,752,14,measure,10,branch,sum_if,p500,65536,1,13072,11,11,261284744287062128,261284744287062128,1
41,gcc-O3-v3,20260917,753,14,measure,11,branch,sum_if,p750,65536,1,13037,11,11,14586442889165806448,14586442889165806448,1
41,gcc-O3-v3,20260917,754,14,measure,12,small,sum_one,uniform,96,10922,135829,11,11,1966801938065649448,1966801938065649448,1
41,gcc-O3-v3,20260917,755,14,measure,13,branch,filter_copy_mask,p1000,65536,1,28174,11,11,65536,65536,1
41,gcc-O3-v3,20260917,756,14,measure,14,small,sum_one,uniform,4,262144,633003,11,11,6027757896494481408,6027757896494481408,1
41,gcc-O3-v3,20260917,757,14,measure,15,small,sum_one,uniform,1,1048576,3520579,11,11,8452580083670974464,8452580083670974464,1
41,gcc-O3-v3,20260917,758,14,measure,16,branch,filter_copy_mask,p750,65536,1,28969,11,11,49152,49152,1
41,gcc-O3-v3,20260917,759,14,measure,17,small,sum_one,uniform,32,32768,199480,11,11,4730905112462327808,4730905112462327808,1
41,gcc-O3-v3,20260917,760,14,measure,18,small,sum_one,uniform,768,1365,111538,11,11,6760326044614544011,6760326044614544011,1
41,gcc-O3-v3,20260917,761,14,measure,19,branch,filter_copy,p500_sorted,65536,1,30268,11,11,32768,32768,1
41,gcc-O3-v3,20260917,762,14,measure,20,small,sum_one,uniform,128,8192,128157,11,11,17503531059042279424,17503531059042279424,1
41,gcc-O3-v3,20260917,763,14,measure,21,branch,filter_copy_mask,p500_alternating,65536,1,27751,11,11,32768,32768,1
41,gcc-O3-v3,20260917,764,14,measure,22,branch,filter_copy,p100,65536,1,147086,11,11,6554,6554,1
41,gcc-O3-v3,20260917,765,14,measure,23,branch,sum_if,p900,65536,1,15494,11,11,1957202038211152021,1957202038211152021,1
41,gcc-O3-v3,20260917,766,14,measure,24,dependency,split_xor_mul,uniform,65536,64,1353640,11,11,8310383708453772032,8310383708453772032,1
41,gcc-O3-v3,20260917,767,14,measure,25,small,sum_one,uniform,6,174762,580397,11,11,4529353940760067638,4529353940760067638,1
41,gcc-O3-v3,20260917,768,14,measure,26,small,sum_one,uniform,512,2048,111903,11,11,6127788314265579520,6127788314265579520,1
41,gcc-O3-v3,20260917,769,14,measure,27,branch,filter_copy,p900,65536,1,142742,11,11,58982,58982,1
41,gcc-O3-v3,20260917,770,14,measure,28,dependency,sum_four,uniform,65536,64,656269,11,11,1190735372877940864,1190735372877940864,1
41,gcc-O3-v3,20260917,771,14,measure,29,branch,filter_copy_mask,p000,65536,1,27036,11,11,0,0,1
41,gcc-O3-v3,20260917,772,14,measure,30,small,sum_one,uniform,16,65536,315694,11,11,1403062601089810432,1403062601089810432,1
41,gcc-O3-v3,20260917,773,14,measure,31,small,sum_one,uniform,24,43690,223786,11,11,5019437447312423050,5019437447312423050,1
41,gcc-O3-v3,20260917,774,14,measure,32,branch,filter_copy_mask,p100,65536,1,27833,11,11,6554,6554,1
41,gcc-O3-v3,20260917,775,14,measure,33,dependency,chain_xor_mul,uniform,65536,64,6833703,11,11,5299772668389481216,5299772668389481216,1
41,gcc-O3-v3,20260917,776,14,measure,34,dependency,sum_twice,uniform,65536,64,999002,11,11,2381470745755881728,2381470745755881728,1
41,gcc-O3-v3,20260917,777,14,measure,35,branch,sum_if,p000,65536,1,12989,11,11,0,0,1
41,gcc-O3-v3,20260917,778,14,measure,36,small,sum_one,uniform,8,131072,367799,11,11,11724155215337095168,11724155215337095168,1
41,gcc-O3-v3,20260917,779,14,measure,37,branch,sum_if,p250,65536,1,13010,11,11,75766260937212688,75766260937212688,1
41,gcc-O3-v3,20260917,780,14,measure,38,branch,filter_copy_mask,p500,65536,1,28458,11,11,32768,32768,1
41,gcc-O3-v3,20260917,781,14,measure,39,branch,filter_copy_mask,p900,65536,1,29045,11,11,58982,58982,1
41,gcc-O3-v3,20260917,782,14,measure,40,branch,sum_if,p500_sorted,65536,1,15355,11,11,2213941836433581612,2213941836433581612,1
41,gcc-O3-v3,20260917,783,14,measure,41,branch,filter_copy,p750,65536,1,264292,11,11,49152,49152,1
41,gcc-O3-v3,20260917,784,14,measure,42,dependency,sum_one_bis,uniform,65536,64,546423,11,11,1190735372877940864,1190735372877940864,1
41,gcc-O3-v3,20260917,785,14,measure,43,branch,sum_if,p1000,65536,1,13134,11,11,4485739283943968327,4485739283943968327,1
41,gcc-O3-v3,20260917,786,14,measure,44,branch,filter_copy,p500_alternating,65536,1,26525,11,11,32768,32768,1
41,gcc-O3-v3,20260917,787,14,measure,45,small,sum_one,uniform,384,2730,127519,11,11,5767785928059657782,5767785928059657782,1
41,gcc-O3-v3,20260917,788,14,measure,46,dependency,sum_one,uniform,65536,64,499101,11,11,1190735372877940864,1190735372877940864,1
41,gcc-O3-v3,20260917,789,14,measure,47,branch,filter_copy,p500,65536,1,375822,11,11,32768,32768,1
41,gcc-O3-v3,20260917,790,14,measure,48,branch,filter_copy,p1000,65536,1,27663,11,11,65536,65536,1
41,gcc-O3-v3,20260917,791,14,measure,49,small,sum_one,uniform,2,524288,1909167,11,11,14489530702789345280,14489530702789345280,1
41,gcc-O3-v3,20260917,792,14,measure,50,small,sum_one,uniform,3,349525,997787,11,11,9690214761957071044,9690214761957071044,1
41,gcc-O3-v3,20260917,793,14,measure,51,small,sum_one,uniform,192,5461,170925,11,11,17901819518249685373,17901819518249685373,1
41,gcc-O3-v3,20260917,794,14,measure,52,small,sum_one,uniform,256,4096,140079,11,11,12471836693395644416,12471836693395644416,1
41,gcc-O3-v3,20260917,795,15,measure,0,branch,filter_copy_mask,p250,65536,1,28086,11,11,16384,16384,1
41,gcc-O3-v3,20260917,796,15,measure,1,small,sum_one,uniform,128,8192,128492,11,11,17503531059042279424,17503531059042279424,1
41,gcc-O3-v3,20260917,797,15,measure,2,small,sum_one,uniform,24,43690,221345,11,11,5019437447312423050,5019437447312423050,1
41,gcc-O3-v3,20260917,798,15,measure,3,small,sum_one,uniform,96,10922,135785,11,11,1966801938065649448,1966801938065649448,1
41,gcc-O3-v3,20260917,799,15,measure,4,branch,filter_copy,p750,65536,1,268906,11,11,49152,49152,1
41,gcc-O3-v3,20260917,800,15,measure,5,branch,filter_copy_mask,p500,65536,1,29445,11,11,32768,32768,1
41,gcc-O3-v3,20260917,801,15,measure,6,branch,filter_copy_mask,p000,65536,1,28391,11,11,0,0,1
41,gcc-O3-v3,20260917,802,15,measure,7,small,sum_one,uniform,6,174762,492835,11,11,4529353940760067638,4529353940760067638,1
41,gcc-O3-v3,20260917,803,15,measure,8,branch,filter_copy,p500_alternating,65536,1,26417,11,11,32768,32768,1
41,gcc-O3-v3,20260917,804,15,measure,9,branch,filter_copy_mask,p1000,65536,1,27517,11,11,65536,65536,1
41,gcc-O3-v3,20260917,805,15,measure,10,branch,filter_copy,p500,65536,1,386185,11,11,32768,32768,1
41,gcc-O3-v3,20260917,806,15,measure,11,dependency,chain_xor_mul,uniform,65536,64,6961111,11,11,5299772668389481216,5299772668389481216,1
41,gcc-O3-v3,20260917,807,15,measure,12,branch,sum_if,p500,65536,1,13250,11,11,261284744287062128,261284744287062128,1
41,gcc-O3-v3,20260917,808,15,measure,13,dependency,sum_one_bis,uniform,65536,64,501523,11,11,1190735372877940864,1190735372877940864,1
41,gcc-O3-v3,20260917,809,15,measure,14,dependency,split_xor_mul,uniform,65536,64,1304882,11,11,8310383708453772032,8310383708453772032,1
41,gcc-O3-v3,20260917,810,15,measure,15,small,sum_one,uniform,8,131072,368675,11,11,11724155215337095168,11724155215337095168,1
41,gcc-O3-v3,20260917,811,15,measure,16,branch,filter_copy_mask,p500_alternating,65536,1,26651,11,11,32768,32768,1
41,gcc-O3-v3,20260917,812,15,measure,17,branch,sum_if,p900,65536,1,13168,11,11,1957202038211152021,1957202038211152021,1
41,gcc-O3-v3,20260917,813,15,measure,18,branch,sum_if,p500_alternating,65536,1,13264,11,11,4196774058536912234,4196774058536912234,1
41,gcc-O3-v3,20260917,814,15,measure,19,branch,filter_copy,p250,65536,1,271848,11,11,16384,16384,1
41,gcc-O3-v3,20260917,815,15,measure,20,branch,filter_copy_mask,p900,65536,1,27975,11,11,58982,58982,1
41,gcc-O3-v3,20260917,816,15,measure,21,small,sum_one,uniform,3,349525,1024932,11,11,9690214761957071044,9690214761957071044,1
41,gcc-O3-v3,20260917,817,15,measure,22,small,sum_one,uniform,12,87381,315279,11,11,18208879310165819389,18208879310165819389,1
41,gcc-O3-v3,20260917,818,15,measure,23,branch,filter_copy,p900,65536,1,142762,11,11,58982,58982,1
41,gcc-O3-v3,20260917,819,15,measure,24,dependency,sum_one,uniform,65536,64,504537,11,11,1190735372877940864,1190735372877940864,1
41,gcc-O3-v3,20260917,820,15,measure,25,branch,filter_copy,p500_sorted,65536,1,26592,11,11,32768,32768,1
41,gcc-O3-v3,20260917,821,15,measure,26,small,sum_one,uniform,768,1365,116891,11,11,6760326044614544011,6760326044614544011,1
41,gcc-O3-v3,20260917,822,15,measure,27,branch,sum_if,p000,65536,1,13275,11,11,0,0,1
41,gcc-O3-v3,20260917,823,15,measure,28,branch,filter_copy_mask,p500_sorted,65536,1,27186,11,11,32768,32768,1
41,gcc-O3-v3,20260917,824,15,measure,29,branch,filter_copy_mask,p750,65536,1,27830,11,11,49152,49152,1
41,gcc-O3-v3,20260917,825,15,measure,30,branch,filter_copy,p000,65536,1,26377,11,11,0,0,1
41,gcc-O3-v3,20260917,826,15,measure,31,dependency,sum_four,uniform,65536,64,634315,11,11,1190735372877940864,1190735372877940864,1
41,gcc-O3-v3,20260917,827,15,measure,32,small,sum_one,uniform,1024,1024,109630,11,11,6113767114656410624,6113767114656410624,1
41,gcc-O3-v3,20260917,828,15,measure,33,small,sum_one,uniform,256,4096,137401,11,11,12471836693395644416,12471836693395644416,1
41,gcc-O3-v3,20260917,829,15,measure,34,small,sum_one,uniform,192,5461,165797,11,11,17901819518249685373,17901819518249685373,1
41,gcc-O3-v3,20260917,830,15,measure,35,small,sum_one,uniform,32,32768,197057,11,11,4730905112462327808,4730905112462327808,1
41,gcc-O3-v3,20260917,831,15,measure,36,small,sum_one,uniform,16,65536,275890,11,11,1403062601089810432,1403062601089810432,1
41,gcc-O3-v3,20260917,832,15,measure,37,small,sum_one,uniform,2,524288,1691403,11,11,14489530702789345280,14489530702789345280,1
41,gcc-O3-v3,20260917,833,15,measure,38,branch,filter_copy,p100,65536,1,153276,11,11,6554,6554,1
41,gcc-O3-v3,20260917,834,15,measure,39,branch,filter_copy_mask,p100,65536,1,27662,11,11,6554,6554,1
41,gcc-O3-v3,20260917,835,15,measure,40,small,sum_one,uniform,4,262144,637746,11,11,6027757896494481408,6027757896494481408,1
41,gcc-O3-v3,20260917,836,15,measure,41,branch,sum_if,p1000,65536,1,13292,11,11,4485739283943968327,4485739283943968327,1
41,gcc-O3-v3,20260917,837,15,measure,42,dependency,sum_twice,uniform,65536,64,999054,11,11,2381470745755881728,2381470745755881728,1
41,gcc-O3-v3,20260917,838,15,measure,43,branch,sum_if,p500_sorted,65536,1,13060,11,11,2213941836433581612,2213941836433581612,1
41,gcc-O3-v3,20260917,839,15,measure,44,small,sum_one,uniform,1,1048576,3418916,11,11,8452580083670974464,8452580083670974464,1
41,gcc-O3-v3,20260917,840,15,measure,45,small,sum_one,uniform,48,21845,210224,11,11,18173204259618227916,18173204259618227916,1
41,gcc-O3-v3,20260917,841,15,measure,46,small,sum_one,uniform,512,2048,118635,11,11,6127788314265579520,6127788314265579520,1
41,gcc-O3-v3,20260917,842,15,measure,47,branch,filter_copy,p1000,65536,1,27522,11,11,65536,65536,1
41,gcc-O3-v3,20260917,843,15,measure,48,branch,sum_if,p100,65536,1,13104,11,11,3083979731501324985,3083979731501324985,1
41,gcc-O3-v3,20260917,844,15,measure,49,small,sum_one,uniform,64,16384,151571,11,11,14815439244071927808,14815439244071927808,1
41,gcc-O3-v3,20260917,845,15,measure,50,branch,sum_if,p250,65536,1,13058,11,11,75766260937212688,75766260937212688,1
41,gcc-O3-v3,20260917,846,15,measure,51,branch,sum_if,p750,65536,1,13092,11,11,14586442889165806448,14586442889165806448,1
41,gcc-O3-v3,20260917,847,15,measure,52,small,sum_one,uniform,384,2730,125851,11,11,5767785928059657782,5767785928059657782,1
41,gcc-O3-v3,20260917,848,16,measure,0,dependency,sum_one,uniform,65536,64,498632,11,11,1190735372877940864,1190735372877940864,1
41,gcc-O3-v3,20260917,849,16,measure,1,dependency,sum_four,uniform,65536,64,634388,11,11,1190735372877940864,1190735372877940864,1
41,gcc-O3-v3,20260917,850,16,measure,2,small,sum_one,uniform,1,1048576,3526045,11,11,8452580083670974464,8452580083670974464,1
41,gcc-O3-v3,20260917,851,16,measure,3,branch,sum_if,p100,65536,1,13110,11,11,3083979731501324985,3083979731501324985,1
41,gcc-O3-v3,20260917,852,16,measure,4,branch,filter_copy,p750,65536,1,258478,11,11,49152,49152,1
41,gcc-O3-v3,20260917,853,16,measure,5,branch,filter_copy_mask,p900,65536,1,29659,11,11,58982,58982,1
41,gcc-O3-v3,20260917,854,16,measure,6,branch,filter_copy,p100,65536,1,150626,11,11,6554,6554,1
41,gcc-O3-v3,20260917,855,16,measure,7,branch,sum_if,p500_alternating,65536,1,13286,11,11,4196774058536912234,4196774058536912234,1
41,gcc-O3-v3,20260917,856,16,measure,8,small,sum_one,uniform,48,21845,210174,11,11,18173204259618227916,18173204259618227916,1
41,gcc-O3-v3,20260917,857,16,measure,9,small,sum_one,uniform,8,131072,373909,11,11,11724155215337095168,11724155215337095168,1
41,gcc-O3-v3,20260917,858,16,measure,10,small,sum_one,uniform,24,43690,218942,11,11,5019437447312423050,5019437447312423050,1
41,gcc-O3-v3,20260917,859,16,measure,11,branch,sum_if,p900,65536,1,13238,11,11,1957202038211152021,1957202038211152021,1
41,gcc-O3-v3,20260917,860,16,measure,12,branch,filter_copy_mask,p250,65536,1,28048,11,11,16384,16384,1
41,gcc-O3-v3,20260917,861,16,measure,13,small,sum_one,uniform,3,349525,996922,11,11,9690214761957071044,9690214761957071044,1
41,gcc-O3-v3,20260917,862,16,measure,14,branch,filter_copy,p900,65536,1,150176,11,11,58982,58982,1
41,gcc-O3-v3,20260917,863,16,measure,15,branch,filter_copy_mask,p500_sorted,65536,1,28291,11,11,32768,32768,1
41,gcc-O3-v3,20260917,864,16,measure,16,small,sum_one,uniform,192,5461,195420,11,11,17901819518249685373,17901819518249685373,1
41,gcc-O3-v3,20260917,865,16,measure,17,branch,filter_copy,p250,65536,1,272407,11,11,16384,16384,1
41,gcc-O3-v3,20260917,866,16,measure,18,small,sum_one,uniform,32,32768,197132,11,11,4730905112462327808,4730905112462327808,1
41,gcc-O3-v3,20260917,867,16,measure,19,small,sum_one,uniform,12,87381,317614,11,11,18208879310165819389,18208879310165819389,1
41,gcc-O3-v3,20260917,868,16,measure,20,branch,filter_copy_mask,p750,65536,1,28437,11,11,49152,49152,1
41,gcc-O3-v3,20260917,869,16,measure,21,dependency,chain_xor_mul,uniform,65536,64,6776082,11,11,5299772668389481216,5299772668389481216,1
41,gcc-O3-v3,20260917,870,16,measure,22,small,sum_one,uniform,384,2730,127438,11,11,5767785928059657782,5767785928059657782,1
41,gcc-O3-v3,20260917,871,16,measure,23,branch,sum_if,p500,65536,1,13098,11,11,261284744287062128,261284744287062128,1
41,gcc-O3-v3,20260917,872,16,measure,24,dependency,split_xor_mul,uniform,65536,64,1304128,11,11,8310383708453772032,8310383708453772032,1
41,gcc-O3-v3,20260917,873,16,measure,25,branch,filter_copy_mask,p000,65536,1,27107,11,11,0,0,1
41,gcc-O3-v3,20260917,874,16,measure,26,small,sum_one,uniform,128,8192,128597,11,11,17503531059042279424,17503531059042279424,1
41,gcc-O3-v3,20260917,875,16,measure,27,branch,filter_copy_mask,p500,65536,1,28475,11,11,32768,32768,1
41,gcc-O3-v3,20260917,876,16,measure,28,branch,filter_copy,p500_sorted,65536,1,26505,11,11,32768,32768,1
41,gcc-O3-v3,20260917,877,16,measure,29,small,sum_one,uniform,256,4096,159129,11,11,12471836693395644416,12471836693395644416,1
41,gcc-O3-v3,20260917,878,16,measure,30,branch,sum_if,p750,65536,1,13071,11,11,14586442889165806448,14586442889165806448,1
41,gcc-O3-v3,20260917,879,16,measure,31,branch,filter_copy,p500_alternating,65536,1,26564,11,11,32768,32768,1
41,gcc-O3-v3,20260917,880,16,measure,32,branch,filter_copy,p000,65536,1,26384,11,11,0,0,1
41,gcc-O3-v3,20260917,881,16,measure,33,branch,filter_copy,p1000,65536,1,26654,11,11,65536,65536,1
41,gcc-O3-v3,20260917,882,16,measure,34,small,sum_one,uniform,96,10922,138944,11,11,1966801938065649448,1966801938065649448,1
41,gcc-O3-v3,20260917,883,16,measure,35,small,sum_one,uniform,2,524288,1843325,11,11,14489530702789345280,14489530702789345280,1
41,gcc-O3-v3,20260917,884,16,measure,36,branch,sum_if,p1000,65536,1,13310,11,11,4485739283943968327,4485739283943968327,1
41,gcc-O3-v3,20260917,885,16,measure,37,small,sum_one,uniform,6,174762,735653,11,11,4529353940760067638,4529353940760067638,1
41,gcc-O3-v3,20260917,886,16,measure,38,branch,filter_copy_mask,p100,65536,1,27557,11,11,6554,6554,1
41,gcc-O3-v3,20260917,887,16,measure,39,small,sum_one,uniform,768,1365,114651,11,11,6760326044614544011,6760326044614544011,1
41,gcc-O3-v3,20260917,888,16,measure,40,branch,sum_if,p000,65536,1,13014,11,11,0,0,1
41,gcc-O3-v3,20260917,889,16,measure,41,small,sum_one,uniform,64,16384,154495,11,11,14815439244071927808,14815439244071927808,1
41,gcc-O3-v3,20260917,890,16,measure,42,dependency,sum_twice,uniform,65536,64,999347,11,11,2381470745755881728,2381470745755881728,1
41,gcc-O3-v3,20260917,891,16,measure,43,dependency,sum_one_bis,uniform,65536,64,499185,11,11,1190735372877940864,1190735372877940864,1
41,gcc-O3-v3,20260917,892,16,measure,44,branch,filter_copy,p500,65536,1,372470,11,11,32768,32768,1
41,gcc-O3-v3,20260917,893,16,measure,45,branch,sum_if,p250,65536,1,15164,11,11,75766260937212688,75766260937212688,1
41,gcc-O3-v3,20260917,894,16,measure,46,small,sum_one,uniform,512,2048,146318,11,11,6127788314265579520,6127788314265579520,1
41,gcc-O3-v3,20260917,895,16,measure,47,small,sum_one,uniform,16,65536,275909,11,11,1403062601089810432,1403062601089810432,1
41,gcc-O3-v3,20260917,896,16,measure,48,branch,sum_if,p500_sorted,65536,1,12950,11,11,2213941836433581612,2213941836433581612,1
41,gcc-O3-v3,20260917,897,16,measure,49,small,sum_one,uniform,1024,1024,109521,11,11,6113767114656410624,6113767114656410624,1
41,gcc-O3-v3,20260917,898,16,measure,50,branch,filter_copy_mask,p500_alternating,65536,1,27375,11,11,32768,32768,1
41,gcc-O3-v3,20260917,899,16,measure,51,small,sum_one,uniform,4,262144,638311,11,11,6027757896494481408,6027757896494481408,1
41,gcc-O3-v3,20260917,900,16,measure,52,branch,filter_copy_mask,p1000,65536,1,29331,11,11,65536,65536,1
41,gcc-O3-v3,20260917,901,17,measure,0,branch,sum_if,p000,65536,1,26259,11,11,0,0,1
41,gcc-O3-v3,20260917,902,17,measure,1,branch,filter_copy_mask,p250,65536,1,28341,11,11,16384,16384,1
41,gcc-O3-v3,20260917,903,17,measure,2,branch,filter_copy,p500_alternating,65536,1,67985,11,11,32768,32768,1
41,gcc-O3-v3,20260917,904,17,measure,3,branch,filter_copy_mask,p100,65536,1,28662,11,11,6554,6554,1
41,gcc-O3-v3,20260917,905,17,measure,4,branch,filter_copy,p000,65536,1,27464,11,11,0,0,1
41,gcc-O3-v3,20260917,906,17,measure,5,branch,filter_copy_mask,p900,65536,1,32206,11,11,58982,58982,1
41,gcc-O3-v3,20260917,907,17,measure,6,branch,filter_copy_mask,p1000,65536,1,28600,11,11,65536,65536,1
41,gcc-O3-v3,20260917,908,17,measure,7,branch,filter_copy,p1000,65536,1,27934,11,11,65536,65536,1
41,gcc-O3-v3,20260917,909,17,measure,8,small,sum_one,uniform,16,65536,281376,11,11,1403062601089810432,1403062601089810432,1
41,gcc-O3-v3,20260917,910,17,measure,9,branch,filter_copy,p500,65536,1,370270,11,11,32768,32768,1
41,gcc-O3-v3,20260917,911,17,measure,10,small,sum_one,uniform,384,2730,125091,11,11,5767785928059657782,5767785928059657782,1
41,gcc-O3-v3,20260917,912,17,measure,11,small,sum_one,uniform,32,32768,197113,11,11,4730905112462327808,4730905112462327808,1
41,gcc-O3-v3,20260917,913,17,measure,12,dependency,split_xor_mul,uniform,65536,64,1288615,11,11,8310383708453772032,8310383708453772032,1
41,gcc-O3-v3,20260917,914,17,measure,13,small,sum_one,uniform,512,2048,112528,11,11,6127788314265579520,6127788314265579520,1
41,gcc-O3-v3,20260917,915,17,measure,14,small,sum_one,uniform,128,8192,128211,11,11,17503531059042279424,17503531059042279424,1
41,gcc-O3-v3,20260917,916,17,measure,15,branch,filter_copy_mask,p500,65536,1,28076,11,11,32768,32768,1
41,gcc-O3-v3,20260917,917,17,measure,16,branch,filter_copy,p750,65536,1,264338,11,11,49152,49152,1
41,gcc-O3-v3,20260917,918,17,measure,17,branch,sum_if,p500_sorted,65536,1,13288,11,11,2213941836433581612,2213941836433581612,1
41,gcc-O3-v3,20260917,919,17,measure,18,branch,filter_copy,p100,65536,1,144680,11,11,6554,6554,1
41,gcc-O3-v3,20260917,920,17,measure,19,small,sum_one,uniform,24,43690,218948,11,11,5019437447312423050,5019437447312423050,1
41,gcc-O3-v3,20260917,921,17,measure,20,dependency,sum_four,uniform,65536,64,635282,11,11,1190735372877940864,1190735372877940864,1
41,gcc-O3-v3,20260917,922,17,measure,21,dependency,sum_one_bis,uniform,65536,64,498743,11,11,1190735372877940864,1190735372877940864,1
41,gcc-O3-v3,20260917,923,17,measure,22,branch,sum_if,p500,65536,1,13106,11,11,261284744287062128,261284744287062128,1
41,gcc-O3-v3,20260917,924,17,measure,23,small,sum_one,uniform,2,524288,1877561,11,11,14489530702789345280,14489530702789345280,1
41,gcc-O3-v3,20260917,925,17,measure,24,branch,sum_if,p500_alternating,65536,1,16586,11,11,4196774058536912234,4196774058536912234,1
41,gcc-O3-v3,20260917,926,17,measure,25,branch,sum_if,p900,65536,1,12996,11,11,1957202038211152021,1957202038211152021,1
41,gcc-O3-v3,20260917,927,17,measure,26,small,sum_one,uniform,64,16384,151835,11,11,14815439244071927808,14815439244071927808,1
41,gcc-O3-v3,20260917,928,17,measure,27,small,sum_one,uniform,48,21845,214479,11,11,18173204259618227916,18173204259618227916,1
41,gcc-O3-v3,20260917,929,17,measure,28,small,sum_one,uniform,192,5461,165758,11,11,17901819518249685373,17901819518249685373,1
41,gcc-O3-v3,20260917,930,17,measure,29,branch,sum_if,p750,65536,1,13118,11,11,14586442889165806448,14586442889165806448,1
41,gcc-O3-v3,20260917,931,17,measure,30,branch,sum_if,p250,65536,1,13059,11,11,75766260937212688,75766260937212688,1
41,gcc-O3-v3,20260917,932,17,measure,31,dependency,sum_twice,uniform,65536,64,1001484,11,11,2381470745755881728,2381470745755881728,1
41,gcc-O3-v3,20260917,933,17,measure,32,small,sum_one,uniform,8,131072,377306,11,11,11724155215337095168,11724155215337095168,1
41,gcc-O3-v3,20260917,934,17,measure,33,small,sum_one,uniform,12,87381,315328,11,11,18208879310165819389,18208879310165819389,1
41,gcc-O3-v3,20260917,935,17,measure,34,small,sum_one,uniform,768,1365,111215,11,11,6760326044614544011,6760326044614544011,1
41,gcc-O3-v3,20260917,936,17,measure,35,branch,filter_copy,p900,65536,1,141173,11,11,58982,58982,1
41,gcc-O3-v3,20260917,937,17,measure,36,branch,sum_if,p1000,65536,1,15512,11,11,4485739283943968327,4485739283943968327,1
41,gcc-O3-v3,20260917,938,17,measure,37,small,sum_one,uniform,1,1048576,3817553,11,11,8452580083670974464,8452580083670974464,1
41,gcc-O3-v3,20260917,939,17,measure,38,small,sum_one,uniform,6,174762,533523,11,11,4529353940760067638,4529353940760067638,1
41,gcc-O3-v3,20260917,940,17,measure,39,small,sum_one,uniform,4,262144,646982,11,11,6027757896494481408,6027757896494481408,1
41,gcc-O3-v3,20260917,941,17,measure,40,small,sum_one,uniform,1024,1024,109300,11,11,6113767114656410624,6113767114656410624,1
41,gcc-O3-v3,20260917,942,17,measure,41,branch,sum_if,p100,65536,1,13109,11,11,3083979731501324985,3083979731501324985,1
41,gcc-O3-v3,20260917,943,17,measure,42,small,sum_one,uniform,256,4096,145504,11,11,12471836693395644416,12471836693395644416,1
41,gcc-O3-v3,20260917,944,17,measure,43,small,sum_one,uniform,3,349525,1142852,11,11,9690214761957071044,9690214761957071044,1
41,gcc-O3-v3,20260917,945,17,measure,44,branch,filter_copy_mask,p500_alternating,65536,1,28843,11,11,32768,32768,1
41,gcc-O3-v3,20260917,946,17,measure,45,branch,filter_copy,p500_sorted,65536,1,27565,11,11,32768,32768,1
41,gcc-O3-v3,20260917,947,17,measure,46,branch,filter_copy_mask,p750,65536,1,29713,11,11,49152,49152,1
41,gcc-O3-v3,20260917,948,17,measure,47,branch,filter_copy,p250,65536,1,278141,11,11,16384,16384,1
41,gcc-O3-v3,20260917,949,17,measure,48,branch,filter_copy_mask,p500_sorted,65536,1,28332,11,11,32768,32768,1
41,gcc-O3-v3,20260917,950,17,measure,49,small,sum_one,uniform,96,10922,138223,11,11,1966801938065649448,1966801938065649448,1
41,gcc-O3-v3,20260917,951,17,measure,50,dependency,chain_xor_mul,uniform,65536,64,6773278,11,11,5299772668389481216,5299772668389481216,1
41,gcc-O3-v3,20260917,952,17,measure,51,branch,filter_copy_mask,p000,65536,1,27405,11,11,0,0,1
41,gcc-O3-v3,20260917,953,17,measure,52,dependency,sum_one,uniform,65536,64,714160,11,11,1190735372877940864,1190735372877940864,1
41,gcc-O3-v3,20260917,954,18,measure,0,branch,filter_copy_mask,p500_sorted,65536,1,27527,11,11,32768,32768,1
41,gcc-O3-v3,20260917,955,18,measure,1,small,sum_one,uniform,8,131072,368747,11,11,11724155215337095168,11724155215337095168,1
41,gcc-O3-v3,20260917,956,18,measure,2,small,sum_one,uniform,256,4096,140592,11,11,12471836693395644416,12471836693395644416,1
41,gcc-O3-v3,20260917,957,18,measure,3,branch,sum_if,p100,65536,1,13368,11,11,3083979731501324985,3083979731501324985,1
41,gcc-O3-v3,20260917,958,18,measure,4,small,sum_one,uniform,24,43690,218934,11,11,5019437447312423050,5019437447312423050,1
41,gcc-O3-v3,20260917,959,18,measure,5,small,sum_one,uniform,16,65536,275882,11,11,1403062601089810432,1403062601089810432,1
41,gcc-O3-v3,20260917,960,18,measure,6,branch,sum_if,p750,65536,1,13127,11,11,14586442889165806448,14586442889165806448,1
41,gcc-O3-v3,20260917,961,18,measure,7,branch,sum_if,p900,65536,1,13215,11,11,1957202038211152021,1957202038211152021,1
41,gcc-O3-v3,20260917,962,18,measure,8,branch,filter_copy_mask,p750,65536,1,28109,11,11,49152,49152,1
41,gcc-O3-v3,20260917,963,18,measure,9,small,sum_one,uniform,1,1048576,3499653,11,11,8452580083670974464,8452580083670974464,1
41,gcc-O3-v3,20260917,964,18,measure,10,small,sum_one,uniform,768,1365,117137,11,11,6760326044614544011,6760326044614544011,1
41,gcc-O3-v3,20260917,965,18,measure,11,branch,filter_copy_mask,p500_alternating,65536,1,27690,11,11,32768,32768,1
41,gcc-O3-v3,20260917,966,18,measure,12,small,sum_one,uniform,64,16384,151074,11,11,14815439244071927808,14815439244071927808,1
41,gcc-O3-v3,20260917,967,18,measure,13,branch,filter_copy,p1000,65536,1,27451,11,11,65536,65536,1
41,gcc-O3-v3,20260917,968,18,measure,14,branch,sum_if,p500_alternating,65536,1,13056,11,11,4196774058536912234,4196774058536912234,1
41,gcc-O3-v3,20260917,969,18,measure,15,branch,sum_if,p500_sorted,65536,1,13055,11,11,2213941836433581612,2213941836433581612,1
41,gcc-O3-v3,20260917,970,18,measure,16,branch,filter_copy,p750,65536,1,268575,11,11,49152,49152,1
41,gcc-O3-v3,20260917,971,18,measure,17,branch,filter_copy,p250,65536,1,277820,11,11,16384,16384,1
41,gcc-O3-v3,20260917,972,18,measure,18,dependency,split_xor_mul,uniform,65536,64,1250958,11,11,8310383708453772032,8310383708453772032,1
41,gcc-O3-v3,20260917,973,18,measure,19,dependency,sum_one_bis,uniform,65536,64,453365,11,11,1190735372877940864,1190735372877940864,1
41,gcc-O3-v3,20260917,974,18,measure,20,dependency,chain_xor_mul,uniform,65536,64,6757125,11,11,5299772668389481216,5299772668389481216,1
41,gcc-O3-v3,20260917,975,18,measure,21,small,sum_one,uniform,6,174762,506317,11,11,4529353940760067638,4529353940760067638,1
41,gcc-O3-v3,20260917,976,18,measure,22,branch,sum_if,p500,65536,1,13269,11,11,261284744287062128,261284744287062128,1
41,gcc-O3-v3,20260917,977,18,measure,23,branch,sum_if,p000,65536,1,13205,11,11,0,0,1
41,gcc-O3-v3,20260917,978,18,measure,24,dependency,sum_one,uniform,65536,64,499741,11,11,1190735372877940864,1190735372877940864,1
41,gcc-O3-v3,20260917,979,18,measure,25,small,sum_one,uniform,2,524288,1715897,11,11,14489530702789345280,14489530702789345280,1
41,gcc-O3-v3,20260917,980,18,measure,26,dependency,sum_four,uniform,65536,64,642898,11,11,1190735372877940864,1190735372877940864,1
41,gcc-O3-v3,20260917,981,18,measure,27,branch,filter_copy_mask,p1000,65536,1,29349,11,11,65536,65536,1
41,gcc-O3-v3,20260917,982,18,measure,28,small,sum_one,uniform,512,2048,122569,11,11,6127788314265579520,6127788314265579520,1
41,gcc-O3-v3,20260917,983,18,measure,29,branch,filter_copy,p500,65536,1,373007,11,11,32768,32768,1
41,gcc-O3-v3,20260917,984,18,measure,30,branch,filter_copy_mask,p100,65536,1,28457,11,11,6554,6554,1
41,gcc-O3-v3,20260917,985,18,measure,31,small,sum_one,uniform,48,21845,210218,11,11,18173204259618227916,18173204259618227916,1
41,gcc-O3-v3,20260917,986,18,measure,32,small,sum_one,uniform,96,10922,135772,11,11,1966801938065649448,1966801938065649448,1
41,gcc-O3-v3,20260917,987,18,measure,33,small,sum_one,uniform,128,8192,128126,11,11,17503531059042279424,17503531059042279424,1
41,gcc-O3-v3,20260917,988,18,measure,34,dependency,sum_twice,uniform,65536,64,1000875,11,11,2381470745755881728,2381470745755881728,1
41,gcc-O3-v3,20260917,989,18,measure,35,small,sum_one,uniform,3,349525,1015780,11,11,9690214761957071044,9690214761957071044,1
41,gcc-O3-v3,20260917,990,18,measure,36,branch,filter_copy_mask,p250,65536,1,29278,11,11,16384,16384,1
41,gcc-O3-v3,20260917,991,18,measure,37,branch,filter_copy_mask,p500,65536,1,29407,11,11,32768,32768,1
41,gcc-O3-v3,20260917,992,18,measure,38,branch,sum_if,p1000,65536,1,13043,11,11,4485739283943968327,4485739283943968327,1
41,gcc-O3-v3,20260917,993,18,measure,39,small,sum_one,uniform,4,262144,633394,11,11,6027757896494481408,6027757896494481408,1
41,gcc-O3-v3,20260917,994,18,measure,40,branch,filter_copy_mask,p900,65536,1,28085,11,11,58982,58982,1
41,gcc-O3-v3,20260917,995,18,measure,41,branch,filter_copy,p100,65536,1,153776,11,11,6554,6554,1
41,gcc-O3-v3,20260917,996,18,measure,42,small,sum_one,uniform,12,87381,318795,11,11,18208879310165819389,18208879310165819389,1
41,gcc-O3-v3,20260917,997,18,measure,43,branch,sum_if,p250,65536,1,13601,11,11,75766260937212688,75766260937212688,1
41,gcc-O3-v3,20260917,998,18,measure,44,branch,filter_copy,p500_sorted,65536,1,26995,11,11,32768,32768,1
41,gcc-O3-v3,20260917,999,18,measure,45,small,sum_one,uniform,192,5461,165771,11,11,17901819518249685373,17901819518249685373,1
41,gcc-O3-v3,20260917,1000,18,measure,46,small,sum_one,uniform,1024,1024,109602,11,11,6113767114656410624,6113767114656410624,1
41,gcc-O3-v3,20260917,1001,18,measure,47,branch,filter_copy,p900,65536,1,142911,11,11,58982,58982,1
41,gcc-O3-v3,20260917,1002,18,measure,48,branch,filter_copy_mask,p000,65536,1,27161,11,11,0,0,1
41,gcc-O3-v3,20260917,1003,18,measure,49,small,sum_one,uniform,32,32768,197131,11,11,4730905112462327808,4730905112462327808,1
41,gcc-O3-v3,20260917,1004,18,measure,50,small,sum_one,uniform,384,2730,127391,11,11,5767785928059657782,5767785928059657782,1
41,gcc-O3-v3,20260917,1005,18,measure,51,branch,filter_copy,p500_alternating,65536,1,26598,11,11,32768,32768,1
41,gcc-O3-v3,20260917,1006,18,measure,52,branch,filter_copy,p000,65536,1,26398,11,11,0,0,1
41,gcc-O3-v3,20260917,1007,19,measure,0,branch,filter_copy,p100,65536,1,147480,11,11,6554,6554,1
41,gcc-O3-v3,20260917,1008,19,measure,1,branch,sum_if,p100,65536,1,15649,11,11,3083979731501324985,3083979731501324985,1
41,gcc-O3-v3,20260917,1009,19,measure,2,small,sum_one,uniform,768,1365,114577,11,11,6760326044614544011,6760326044614544011,1
41,gcc-O3-v3,20260917,1010,19,measure,3,dependency,sum_one_bis,uniform,65536,64,504375,11,11,1190735372877940864,1190735372877940864,1
41,gcc-O3-v3,20260917,1011,19,measure,4,branch,filter_copy_mask,p900,65536,1,28276,11,11,58982,58982,1
41,gcc-O3-v3,20260917,1012,19,measure,5,branch,filter_copy,p500_alternating,65536,1,27652,11,11,32768,32768,1
41,gcc-O3-v3,20260917,1013,19,measure,6,small,sum_one,uniform,8,131072,381086,11,11,11724155215337095168,11724155215337095168,1
41,gcc-O3-v3,20260917,1014,19,measure,7,small,sum_one,uniform,64,16384,151303,11,11,14815439244071927808,14815439244071927808,1
41,gcc-O3-v3,20260917,1015,19,measure,8,small,sum_one,uniform,4,262144,635806,11,11,6027757896494481408,6027757896494481408,1
41,gcc-O3-v3,20260917,1016,19,measure,9,small,sum_one,uniform,32,32768,200652,11,11,4730905112462327808,4730905112462327808,1
41,gcc-O3-v3,20260917,1017,19,measure,10,small,sum_one,uniform,24,43690,218982,11,11,5019437447312423050,5019437447312423050,1
41,gcc-O3-v3,20260917,1018,19,measure,11,dependency,sum_four,uniform,65536,64,633119,11,11,1190735372877940864,1190735372877940864,1
41,gcc-O3-v3,20260917,1019,19,measure,12,small,sum_one,uniform,3,349525,1133981,11,11,9690214761957071044,9690214761957071044,1
41,gcc-O3-v3,20260917,1020,19,measure,13,branch,filter_copy_mask,p750,65536,1,29277,11,11,49152,49152,1
41,gcc-O3-v3,20260917,1021,19,measure,14,branch,sum_if,p750,65536,1,13492,11,11,14586442889165806448,14586442889165806448,1
41,gcc-O3-v3,20260917,1022,19,measure,15,branch,sum_if,p250,65536,1,12995,11,11,75766260937212688,75766260937212688,1
41,gcc-O3-v3,20260917,1023,19,measure,16,dependency,sum_twice,uniform,65536,64,1010148,11,11,2381470745755881728,2381470745755881728,1
41,gcc-O3-v3,20260917,1024,19,measure,17,branch,filter_copy,p900,65536,1,141676,11,11,58982,58982,1
41,gcc-O3-v3,20260917,1025,19,measure,18,small,sum_one,uniform,1,1048576,3871101,11,11,8452580083670974464,8452580083670974464,1
41,gcc-O3-v3,20260917,1026,19,measure,19,small,sum_one,uniform,384,2730,132117,11,11,5767785928059657782,5767785928059657782,1
41,gcc-O3-v3,20260917,1027,19,measure,20,branch,filter_copy_mask,p500_sorted,65536,1,27525,11,11,32768,32768,1
41,gcc-O3-v3,20260917,1028,19,measure,21,small,sum_one,uniform,512,2048,123106,11,11,6127788314265579520,6127788314265579520,1
41,gcc-O3-v3,20260917,1029,19,measure,22,small,sum_one,uniform,1024,1024,112200,11,11,6113767114656410624,6113767114656410624,1
41,gcc-O3-v3,20260917,1030,19,measure,23,dependency,chain_xor_mul,uniform,65536,64,6803566,11,11,5299772668389481216,5299772668389481216,1
41,gcc-O3-v3,20260917,1031,19,measure,24,branch,sum_if,p500,65536,1,13528,11,11,261284744287062128,261284744287062128,1
41,gcc-O3-v3,20260917,1032,19,measure,25,small,sum_one,uniform,16,65536,276354,11,11,1403062601089810432,1403062601089810432,1
41,gcc-O3-v3,20260917,1033,19,measure,26,branch,filter_copy,p000,65536,1,26407,11,11,0,0,1
41,gcc-O3-v3,20260917,1034,19,measure,27,small,sum_one,uniform,2,524288,1832512,11,11,14489530702789345280,14489530702789345280,1
41,gcc-O3-v3,20260917,1035,19,measure,28,branch,filter_copy_mask,p250,65536,1,28248,11,11,16384,16384,1
41,gcc-O3-v3,20260917,1036,19,measure,29,branch,sum_if,p900,65536,1,17245,11,11,1957202038211152021,1957202038211152021,1
41,gcc-O3-v3,20260917,1037,19,measure,30,dependency,split_xor_mul,uniform,65536,64,1313355,11,11,8310383708453772032,8310383708453772032,1
41,gcc-O3-v3,20260917,1038,19,measure,31,branch,filter_copy_mask,p1000,65536,1,29718,11,11,65536,65536,1
41,gcc-O3-v3,20260917,1039,19,measure,32,small,sum_one,uniform,256,4096,142863,11,11,12471836693395644416,12471836693395644416,1
41,gcc-O3-v3,20260917,1040,19,measure,33,branch,filter_copy,p1000,65536,1,26445,11,11,65536,65536,1
41,gcc-O3-v3,20260917,1041,19,measure,34,small,sum_one,uniform,128,8192,128712,11,11,17503531059042279424,17503531059042279424,1
41,gcc-O3-v3,20260917,1042,19,measure,35,branch,filter_copy_mask,p500_alternating,65536,1,27651,11,11,32768,32768,1
41,gcc-O3-v3,20260917,1043,19,measure,36,small,sum_one,uniform,192,5461,160898,11,11,17901819518249685373,17901819518249685373,1
41,gcc-O3-v3,20260917,1044,19,measure,37,branch,filter_copy_mask,p000,65536,1,27179,11,11,0,0,1
41,gcc-O3-v3,20260917,1045,19,measure,38,branch,filter_copy_mask,p100,65536,1,27236,11,11,6554,6554,1
41,gcc-O3-v3,20260917,1046,19,measure,39,branch,filter_copy,p250,65536,1,268440,11,11,16384,16384,1
41,gcc-O3-v3,20260917,1047,19,measure,40,branch,filter_copy,p750,65536,1,266164,11,11,49152,49152,1
41,gcc-O3-v3,20260917,1048,19,measure,41,small,sum_one,uniform,12,87381,315258,11,11,18208879310165819389,18208879310165819389,1
41,gcc-O3-v3,20260917,1049,19,measure,42,branch,sum_if,p1000,65536,1,13288,11,11,4485739283943968327,4485739283943968327,1
41,gcc-O3-v3,20260917,1050,19,measure,43,small,sum_one,uniform,96,10922,135813,11,11,1966801938065649448,1966801938065649448,1
41,gcc-O3-v3,20260917,1051,19,measure,44,branch,sum_if,p500_sorted,65536,1,13142,11,11,2213941836433581612,2213941836433581612,1
41,gcc-O3-v3,20260917,1052,19,measure,45,branch,filter_copy_mask,p500,65536,1,27999,11,11,32768,32768,1
41,gcc-O3-v3,20260917,1053,19,measure,46,branch,sum_if,p500_alternating,65536,1,18566,11,11,4196774058536912234,4196774058536912234,1
41,gcc-O3-v3,20260917,1054,19,measure,47,dependency,sum_one,uniform,65536,64,498763,11,11,1190735372877940864,1190735372877940864,1
41,gcc-O3-v3,20260917,1055,19,measure,48,small,sum_one,uniform,48,21845,210176,11,11,18173204259618227916,18173204259618227916,1
41,gcc-O3-v3,20260917,1056,19,measure,49,branch,filter_copy,p500_sorted,65536,1,26968,11,11,32768,32768,1
41,gcc-O3-v3,20260917,1057,19,measure,50,branch,sum_if,p000,65536,1,13110,11,11,0,0,1
41,gcc-O3-v3,20260917,1058,19,measure,51,small,sum_one,uniform,6,174762,553401,11,11,4529353940760067638,4529353940760067638,1
41,gcc-O3-v3,20260917,1059,19,measure,52,branch,filter_copy,p500,65536,1,371313,11,11,32768,32768,1
41,gcc-O3-v3,20260917,1060,20,measure,0,branch,filter_copy_mask,p500_alternating,65536,1,28174,11,11,32768,32768,1
41,gcc-O3-v3,20260917,1061,20,measure,1,small,sum_one,uniform,256,4096,159209,11,11,12471836693395644416,12471836693395644416,1
41,gcc-O3-v3,20260917,1062,20,measure,2,branch,sum_if,p500_sorted,65536,1,13052,11,11,2213941836433581612,2213941836433581612,1
41,gcc-O3-v3,20260917,1063,20,measure,3,branch,filter_copy_mask,p250,65536,1,27909,11,11,16384,16384,1
41,gcc-O3-v3,20260917,1064,20,measure,4,branch,filter_copy_mask,p500_sorted,65536,1,27130,11,11,32768,32768,1
41,gcc-O3-v3,20260917,1065,20,measure,5,branch,filter_copy,p000,65536,1,26377,11,11,0,0,1
41,gcc-O3-v3,20260917,1066,20,measure,6,small,sum_one,uniform,1024,1024,112212,11,11,6113767114656410624,6113767114656410624,1
41,gcc-O3-v3,20260917,1067,20,measure,7,small,sum_one,uniform,3,349525,1102106,11,11,9690214761957071044,9690214761957071044,1
41,gcc-O3-v3,20260917,1068,20,measure,8,branch,filter_copy_mask,p750,65536,1,28090,11,11,49152,49152,1
41,gcc-O3-v3,20260917,1069,20,measure,9,small,sum_one,uniform,512,2048,118651,11,11,6127788314265579520,6127788314265579520,1
41,gcc-O3-v3,20260917,1070,20,measure,10,branch,filter_copy_mask,p1000,65536,1,27801,11,11,65536,65536,1
41,gcc-O3-v3,20260917,1071,20,measure,11,small,sum_one,uniform,128,8192,128188,11,11,17503531059042279424,17503531059042279424,1
41,gcc-O3-v3,20260917,1072,20,measure,12,branch,filter_copy,p250,65536,1,268591,11,11,16384,16384,1
41,gcc-O3-v3,20260917,1073,20,measure,13,branch,sum_if,p750,65536,1,15555,11,11,14586442889165806448,14586442889165806448,1
41,gcc-O3-v3,20260917,1074,20,measure,14,branch,filter_copy,p750,65536,1,270521,11,11,49152,49152,1
41,gcc-O3-v3,20260917,1075,20,measure,15,branch,filter_copy,p1000,65536,1,26736,11,11,65536,65536,1
41,gcc-O3-v3,20260917,1076,20,measure,16,dependency,sum_one_bis,uniform,65536,64,501203,11,11,1190735372877940864,1190735372877940864,1
41,gcc-O3-v3,20260917,1077,20,measure,17,small,sum_one,uniform,768,1365,114518,11,11,6760326044614544011,6760326044614544011,1
41,gcc-O3-v3,20260917,1078,20,measure,18,small,sum_one,uniform,2,524288,1690577,11,11,14489530702789345280,14489530702789345280,1
41,gcc-O3-v3,20260917,1079,20,measure,19,small,sum_one,uniform,16,65536,275907,11,11,1403062601089810432,1403062601089810432,1
41,gcc-O3-v3,20260917,1080,20,measure,20,branch,sum_if,p900,65536,1,13104,11,11,1957202038211152021,1957202038211152021,1
41,gcc-O3-v3,20260917,1081,20,measure,21,small,sum_one,uniform,96,10922,135827,11,11,1966801938065649448,1966801938065649448,1
41,gcc-O3-v3,20260917,1082,20,measure,22,branch,filter_copy,p500_sorted,65536,1,27163,11,11,32768,32768,1
41,gcc-O3-v3,20260917,1083,20,measure,23,small,sum_one,uniform,24,43690,223718,11,11,5019437447312423050,5019437447312423050,1
41,gcc-O3-v3,20260917,1084,20,measure,24,branch,filter_copy,p500,65536,1,371865,11,11,32768,32768,1
41,gcc-O3-v3,20260917,1085,20,measure,25,small,sum_one,uniform,6,174762,499147,11,11,4529353940760067638,4529353940760067638,1
41,gcc-O3-v3,20260917,1086,20,measure,26,small,sum_one,uniform,32,32768,197100,11,11,4730905112462327808,4730905112462327808,1
41,gcc-O3-v3,20260917,1087,20,measure,27,branch,sum_if,p1000,65536,1,13113,11,11,4485739283943968327,4485739283943968327,1
41,gcc-O3-v3,20260917,1088,20,measure,28,small,sum_one,uniform,192,5461,193000,11,11,17901819518249685373,17901819518249685373,1
41,gcc-O3-v3,20260917,1089,20,measure,29,small,sum_one,uniform,48,21845,212555,11,11,18173204259618227916,18173204259618227916,1
41,gcc-O3-v3,20260917,1090,20,measure,30,dependency,sum_twice,uniform,65536,64,1005809,11,11,2381470745755881728,2381470745755881728,1
41,gcc-O3-v3,20260917,1091,20,measure,31,branch,sum_if,p500_alternating,65536,1,12997,11,11,4196774058536912234,4196774058536912234,1
41,gcc-O3-v3,20260917,1092,20,measure,32,branch,sum_if,p500,65536,1,13072,11,11,261284744287062128,261284744287062128,1
41,gcc-O3-v3,20260917,1093,20,measure,33,branch,filter_copy,p500_alternating,65536,1,26574,11,11,32768,32768,1
41,gcc-O3-v3,20260917,1094,20,measure,34,small,sum_one,uniform,1,1048576,4093375,11,11,8452580083670974464,8452580083670974464,1
41,gcc-O3-v3,20260917,1095,20,measure,35,dependency,sum_four,uniform,65536,64,639891,11,11,1190735372877940864,1190735372877940864,1
41,gcc-O3-v3,20260917,1096,20,measure,36,branch,sum_if,p100,65536,1,13149,11,11,3083979731501324985,3083979731501324985,1
41,gcc-O3-v3,20260917,1097,20,measure,37,branch,filter_copy_mask,p900,65536,1,28235,11,11,58982,58982,1
41,gcc-O3-v3,20260917,1098,20,measure,38,branch,filter_copy_mask,p000,65536,1,28245,11,11,0,0,1
41,gcc-O3-v3,20260917,1099,20,measure,39,small,sum_one,uniform,64,16384,171097,11,11,14815439244071927808,14815439244071927808,1
41,gcc-O3-v3,20260917,1100,20,measure,40,dependency,split_xor_mul,uniform,65536,64,1485318,11,11,8310383708453772032,8310383708453772032,1
41,gcc-O3-v3,20260917,1101,20,measure,41,small,sum_one,uniform,4,262144,743927,11,11,6027757896494481408,6027757896494481408,1
41,gcc-O3-v3,20260917,1102,20,measure,42,branch,filter_copy_mask,p100,65536,1,27851,11,11,6554,6554,1
41,gcc-O3-v3,20260917,1103,20,measure,43,small,sum_one,uniform,12,87381,318752,11,11,18208879310165819389,18208879310165819389,1
41,gcc-O3-v3,20260917,1104,20,measure,44,small,sum_one,uniform,8,131072,367802,11,11,11724155215337095168,11724155215337095168,1
41,gcc-O3-v3,20260917,1105,20,measure,45,branch,sum_if,p000,65536,1,13275,11,11,0,0,1
41,gcc-O3-v3,20260917,1106,20,measure,46,branch,filter_copy,p900,65536,1,143175,11,11,58982,58982,1
41,gcc-O3-v3,20260917,1107,20,measure,47,branch,sum_if,p250,65536,1,13071,11,11,75766260937212688,75766260937212688,1
41,gcc-O3-v3,20260917,1108,20,measure,48,small,sum_one,uniform,384,2730,123228,11,11,5767785928059657782,5767785928059657782,1
41,gcc-O3-v3,20260917,1109,20,measure,49,dependency,chain_xor_mul,uniform,65536,64,6748762,11,11,5299772668389481216,5299772668389481216,1
41,gcc-O3-v3,20260917,1110,20,measure,50,dependency,sum_one,uniform,65536,64,501467,11,11,1190735372877940864,1190735372877940864,1
41,gcc-O3-v3,20260917,1111,20,measure,51,branch,filter_copy,p100,65536,1,147415,11,11,6554,6554,1
41,gcc-O3-v3,20260917,1112,20,measure,52,branch,filter_copy_mask,p500,65536,1,28452,11,11,32768,32768,1
