run_id,build,seed,sample,round,phase,position,part,label,dataset,n,calls,elapsed_ns,cpu_before,cpu_after,result,expected,output_ok
54,gcc-O2,20260917,0,0,warmup,0,branch,filter_copy,p000,65536,1,26443,11,11,0,0,1
54,gcc-O2,20260917,1,0,warmup,1,branch,filter_copy_mask,p500_alternating,65536,1,28265,11,11,32768,32768,1
54,gcc-O2,20260917,2,0,warmup,2,small,sum_one,uniform,1,1048576,1758233,11,11,8452580083670974464,8452580083670974464,1
54,gcc-O2,20260917,3,0,warmup,3,small,sum_one,uniform,2,524288,1102510,11,11,14489530702789345280,14489530702789345280,1
54,gcc-O2,20260917,4,0,warmup,4,small,sum_one,uniform,1024,1024,444261,11,11,6113767114656410624,6113767114656410624,1
54,gcc-O2,20260917,5,0,warmup,5,branch,filter_copy,p500_sorted,65536,1,27625,11,11,32768,32768,1
54,gcc-O2,20260917,6,0,warmup,6,small,sum_one,uniform,32,32768,510521,11,11,4730905112462327808,4730905112462327808,1
54,gcc-O2,20260917,7,0,warmup,7,branch,filter_copy_mask,p500_sorted,65536,1,28590,11,11,32768,32768,1
54,gcc-O2,20260917,8,0,warmup,8,branch,filter_copy,p900,65536,1,143678,11,11,58982,58982,1
54,gcc-O2,20260917,9,0,warmup,9,dependency,sum_one_bis,uniform,65536,64,1777535,11,11,1190735372877940864,1190735372877940864,1
54,gcc-O2,20260917,10,0,warmup,10,dependency,split_xor_mul,uniform,65536,64,2358785,11,11,8310383708453772032,8310383708453772032,1
54,gcc-O2,20260917,11,0,warmup,11,small,sum_one,uniform,16,65536,576405,11,11,1403062601089810432,1403062601089810432,1
54,gcc-O2,20260917,12,0,warmup,12,small,sum_one,uniform,24,43690,556439,11,11,5019437447312423050,5019437447312423050,1
54,gcc-O2,20260917,13,0,warmup,13,branch,filter_copy,p250,65536,1,297745,11,11,16384,16384,1
54,gcc-O2,20260917,14,0,warmup,14,branch,sum_if,p250,65536,1,54848,11,11,75766260937212688,75766260937212688,1
54,gcc-O2,20260917,15,0,warmup,15,small,sum_one,uniform,192,5461,683402,11,11,17901819518249685373,17901819518249685373,1
54,gcc-O2,20260917,16,0,warmup,16,branch,sum_if,p100,65536,1,54758,11,11,3083979731501324985,3083979731501324985,1
54,gcc-O2,20260917,17,0,warmup,17,small,sum_one,uniform,768,1365,441082,11,11,6760326044614544011,6760326044614544011,1
54,gcc-O2,20260917,18,0,warmup,18,small,sum_one,uniform,8,131072,718869,11,11,11724155215337095168,11724155215337095168,1
54,gcc-O2,20260917,19,0,warmup,19,branch,filter_copy_mask,p500,65536,1,29578,11,11,32768,32768,1
54,gcc-O2,20260917,20,0,warmup,20,branch,filter_copy_mask,p900,65536,1,28691,11,11,58982,58982,1
54,gcc-O2,20260917,21,0,warmup,21,branch,filter_copy_mask,p1000,65536,1,28863,11,11,65536,65536,1
54,gcc-O2,20260917,22,0,warmup,22,small,sum_one,uniform,384,2730,435028,11,11,5767785928059657782,5767785928059657782,1
54,gcc-O2,20260917,23,0,warmup,23,small,sum_one,uniform,512,2048,439267,11,11,6127788314265579520,6127788314265579520,1
54,gcc-O2,20260917,24,0,warmup,24,branch,filter_copy,p500_alternating,65536,1,27602,11,11,32768,32768,1
54,gcc-O2,20260917,25,0,warmup,25,small,sum_one,uniform,12,87381,702962,11,11,18208879310165819389,18208879310165819389,1
54,gcc-O2,20260917,26,0,warmup,26,small,sum_one,uniform,3,349525,1034095,11,11,9690214761957071044,9690214761957071044,1
54,gcc-O2,20260917,27,0,warmup,27,branch,filter_copy_mask,p100,65536,1,28463,11,11,6554,6554,1
54,gcc-O2,20260917,28,0,warmup,28,branch,sum_if,p900,65536,1,54791,11,11,1957202038211152021,1957202038211152021,1
54,gcc-O2,20260917,29,0,warmup,29,branch,filter_copy,p500,65536,1,372422,11,11,32768,32768,1
54,gcc-O2,20260917,30,0,warmup,30,branch,sum_if,p500_alternating,65536,1,54785,11,11,4196774058536912234,4196774058536912234,1
54,gcc-O2,20260917,31,0,warmup,31,small,sum_one,uniform,4,262144,962346,11,11,6027757896494481408,6027757896494481408,1
54,gcc-O2,20260917,32,0,warmup,32,small,sum_one,uniform,96,10922,527586,11,11,1966801938065649448,1966801938065649448,1
54,gcc-O2,20260917,33,0,warmup,33,branch,filter_copy,p1000,65536,1,28366,11,11,65536,65536,1
54,gcc-O2,20260917,34,0,warmup,34,dependency,chain_xor_mul,uniform,65536,64,7054315,11,11,5299772668389481216,5299772668389481216,1
54,gcc-O2,20260917,35,0,warmup,35,branch,filter_copy_mask,p000,65536,1,27165,11,11,0,0,1
54,gcc-O2,20260917,36,0,warmup,36,small,sum_one,uniform,6,174762,760497,11,11,4529353940760067638,4529353940760067638,1
54,gcc-O2,20260917,37,0,warmup,37,small,sum_one,uniform,128,8192,447178,11,11,17503531059042279424,17503531059042279424,1
54,gcc-O2,20260917,38,0,warmup,38,branch,sum_if,p500_sorted,65536,1,54764,11,11,2213941836433581612,2213941836433581612,1
54,gcc-O2,20260917,39,0,warmup,39,small,sum_one,uniform,256,4096,439914,11,11,12471836693395644416,12471836693395644416,1
54,gcc-O2,20260917,40,0,warmup,40,dependency,sum_one,uniform,65536,64,1758432,11,11,1190735372877940864,1190735372877940864,1
54,gcc-O2,20260917,41,0,warmup,41,dependency,sum_four,uniform,65536,64,576080,11,11,1190735372877940864,1190735372877940864,1
54,gcc-O2,20260917,42,0,warmup,42,branch,sum_if,p750,65536,1,52558,11,11,14586442889165806448,14586442889165806448,1
54,gcc-O2,20260917,43,0,warmup,43,dependency,sum_twice,uniform,65536,64,3504599,11,11,2381470745755881728,2381470745755881728,1
54,gcc-O2,20260917,44,0,warmup,44,branch,sum_if,p1000,65536,1,54770,11,11,4485739283943968327,4485739283943968327,1
54,gcc-O2,20260917,45,0,warmup,45,branch,sum_if,p000,65536,1,59053,11,11,0,0,1
54,gcc-O2,20260917,46,0,warmup,46,branch,filter_copy,p750,65536,1,271712,11,11,49152,49152,1
54,gcc-O2,20260917,47,0,warmup,47,branch,sum_if,p500,65536,1,54785,11,11,261284744287062128,261284744287062128,1
54,gcc-O2,20260917,48,0,warmup,48,small,sum_one,uniform,64,16384,649350,11,11,14815439244071927808,14815439244071927808,1
54,gcc-O2,20260917,49,0,warmup,49,branch,filter_copy_mask,p750,65536,1,29866,11,11,49152,49152,1
54,gcc-O2,20260917,50,0,warmup,50,branch,filter_copy,p100,65536,1,151655,11,11,6554,6554,1
54,gcc-O2,20260917,51,0,warmup,51,branch,filter_copy_mask,p250,65536,1,29431,11,11,16384,16384,1
54,gcc-O2,20260917,52,0,warmup,52,small,sum_one,uniform,48,21845,773597,11,11,18173204259618227916,18173204259618227916,1
54,gcc-O2,20260917,53,1,measure,0,branch,filter_copy,p500_sorted,65536,1,26810,11,11,32768,32768,1
54,gcc-O2,20260917,54,1,measure,1,small,sum_one,uniform,768,1365,421364,11,11,6760326044614544011,6760326044614544011,1
54,gcc-O2,20260917,55,1,measure,2,small,sum_one,uniform,6,174762,758916,11,11,4529353940760067638,4529353940760067638,1
54,gcc-O2,20260917,56,1,measure,3,branch,sum_if,p100,65536,1,54766,11,11,3083979731501324985,3083979731501324985,1
54,gcc-O2,20260917,57,1,measure,4,branch,filter_copy_mask,p500,65536,1,31403,11,11,32768,32768,1
54,gcc-O2,20260917,58,1,measure,5,dependency,sum_one_bis,uniform,65536,64,1780697,11,11,1190735372877940864,1190735372877940864,1
54,gcc-O2,20260917,59,1,measure,6,dependency,chain_xor_mul,uniform,65536,64,7483566,11,11,5299772668389481216,5299772668389481216,1
54,gcc-O2,20260917,60,1,measure,7,branch,sum_if,p250,65536,1,52573,11,11,75766260937212688,75766260937212688,1
54,gcc-O2,20260917,61,1,measure,8,small,sum_one,uniform,16,65536,553066,11,11,1403062601089810432,1403062601089810432,1
54,gcc-O2,20260917,62,1,measure,9,branch,sum_if,p1000,65536,1,52561,11,11,4485739283943968327,4485739283943968327,1
54,gcc-O2,20260917,63,1,measure,10,dependency,sum_four,uniform,65536,64,582407,11,11,1190735372877940864,1190735372877940864,1
54,gcc-O2,20260917,64,1,measure,11,small,sum_one,uniform,64,16384,591972,11,11,14815439244071927808,14815439244071927808,1
54,gcc-O2,20260917,65,1,measure,12,small,sum_one,uniform,128,8192,456919,11,11,17503531059042279424,17503531059042279424,1
54,gcc-O2,20260917,66,1,measure,13,small,sum_one,uniform,12,87381,604892,11,11,18208879310165819389,18208879310165819389,1
54,gcc-O2,20260917,67,1,measure,14,small,sum_one,uniform,256,4096,417775,11,11,12471836693395644416,12471836693395644416,1
54,gcc-O2,20260917,68,1,measure,15,small,sum_one,uniform,32,32768,491712,11,11,4730905112462327808,4730905112462327808,1
54,gcc-O2,20260917,69,1,measure,16,branch,filter_copy,p500,65536,1,377679,11,11,32768,32768,1
54,gcc-O2,20260917,70,1,measure,17,small,sum_one,uniform,96,10922,506365,11,11,1966801938065649448,1966801938065649448,1
54,gcc-O2,20260917,71,1,measure,18,branch,sum_if,p900,65536,1,52552,11,11,1957202038211152021,1957202038211152021,1
54,gcc-O2,20260917,72,1,measure,19,small,sum_one,uniform,48,21845,726650,11,11,18173204259618227916,18173204259618227916,1
54,gcc-O2,20260917,73,1,measure,20,small,sum_one,uniform,1024,1024,421929,11,11,6113767114656410624,6113767114656410624,1
54,gcc-O2,20260917,74,1,measure,21,branch,filter_copy,p100,65536,1,150134,11,11,6554,6554,1
54,gcc-O2,20260917,75,1,measure,22,branch,filter_copy_mask,p100,65536,1,27900,11,11,6554,6554,1
54,gcc-O2,20260917,76,1,measure,23,branch,filter_copy_mask,p500_alternating,65536,1,27602,11,11,32768,32768,1
54,gcc-O2,20260917,77,1,measure,24,branch,filter_copy,p900,65536,1,147407,11,11,58982,58982,1
54,gcc-O2,20260917,78,1,measure,25,small,sum_one,uniform,4,262144,897154,11,11,6027757896494481408,6027757896494481408,1
54,gcc-O2,20260917,79,1,measure,26,dependency,sum_twice,uniform,65536,64,3383510,11,11,2381470745755881728,2381470745755881728,1
54,gcc-O2,20260917,80,1,measure,27,branch,sum_if,p750,65536,1,56187,11,11,14586442889165806448,14586442889165806448,1
54,gcc-O2,20260917,81,1,measure,28,branch,sum_if,p500_alternating,65536,1,52568,11,11,4196774058536912234,4196774058536912234,1
54,gcc-O2,20260917,82,1,measure,29,branch,sum_if,p500,65536,1,56779,11,11,261284744287062128,261284744287062128,1
54,gcc-O2,20260917,83,1,measure,30,branch,filter_copy_mask,p900,65536,1,28048,11,11,58982,58982,1
54,gcc-O2,20260917,84,1,measure,31,small,sum_one,uniform,2,524288,1053457,11,11,14489530702789345280,14489530702789345280,1
54,gcc-O2,20260917,85,1,measure,32,branch,filter_copy_mask,p750,65536,1,28599,11,11,49152,49152,1
54,gcc-O2,20260917,86,1,measure,33,dependency,sum_one,uniform,65536,64,1698149,11,11,1190735372877940864,1190735372877940864,1
54,gcc-O2,20260917,87,1,measure,34,branch,filter_copy,p750,65536,1,262387,11,11,49152,49152,1
54,gcc-O2,20260917,88,1,measure,35,small,sum_one,uniform,8,131072,688465,11,11,11724155215337095168,11724155215337095168,1
54,gcc-O2,20260917,89,1,measure,36,small,sum_one,uniform,3,349525,987633,11,11,9690214761957071044,9690214761957071044,1
54,gcc-O2,20260917,90,1,measure,37,small,sum_one,uniform,384,2730,420306,11,11,5767785928059657782,5767785928059657782,1
54,gcc-O2,20260917,91,1,measure,38,branch,filter_copy,p1000,65536,1,28644,11,11,65536,65536,1
54,gcc-O2,20260917,92,1,measure,39,branch,filter_copy_mask,p250,65536,1,28342,11,11,16384,16384,1
54,gcc-O2,20260917,93,1,measure,40,small,sum_one,uniform,192,5461,424159,11,11,17901819518249685373,17901819518249685373,1
54,gcc-O2,20260917,94,1,measure,41,branch,filter_copy_mask,p1000,65536,1,27827,11,11,65536,65536,1
54,gcc-O2,20260917,95,1,measure,42,small,sum_one,uniform,24,43690,510059,11,11,5019437447312423050,5019437447312423050,1
54,gcc-O2,20260917,96,1,measure,43,small,sum_one,uniform,1,1048576,1691505,11,11,8452580083670974464,8452580083670974464,1
54,gcc-O2,20260917,97,1,measure,44,dependency,split_xor_mul,uniform,65536,64,2169628,11,11,8310383708453772032,8310383708453772032,1
54,gcc-O2,20260917,98,1,measure,45,branch,filter_copy_mask,p500_sorted,65536,1,27668,11,11,32768,32768,1
54,gcc-O2,20260917,99,1,measure,46,branch,filter_copy_mask,p000,65536,1,27260,11,11,0,0,1
54,gcc-O2,20260917,100,1,measure,47,small,sum_one,uniform,512,2048,415697,11,11,6127788314265579520,6127788314265579520,1
54,gcc-O2,20260917,101,1,measure,48,branch,sum_if,p000,65536,1,52571,11,11,0,0,1
54,gcc-O2,20260917,102,1,measure,49,branch,filter_copy,p500_alternating,65536,1,26581,11,11,32768,32768,1
54,gcc-O2,20260917,103,1,measure,50,branch,filter_copy,p000,65536,1,26384,11,11,0,0,1
54,gcc-O2,20260917,104,1,measure,51,branch,filter_copy,p250,65536,1,271669,11,11,16384,16384,1
54,gcc-O2,20260917,105,1,measure,52,branch,sum_if,p500_sorted,65536,1,52563,11,11,2213941836433581612,2213941836433581612,1
54,gcc-O2,20260917,106,2,measure,0,branch,sum_if,p1000,65536,1,52543,11,11,4485739283943968327,4485739283943968327,1
54,gcc-O2,20260917,107,2,measure,1,branch,filter_copy,p250,65536,1,268741,11,11,16384,16384,1
54,gcc-O2,20260917,108,2,measure,2,branch,sum_if,p500_sorted,65536,1,52568,11,11,2213941836433581612,2213941836433581612,1
54,gcc-O2,20260917,109,2,measure,3,branch,filter_copy_mask,p500,65536,1,28170,11,11,32768,32768,1
54,gcc-O2,20260917,110,2,measure,4,small,sum_one,uniform,384,2730,413089,11,11,5767785928059657782,5767785928059657782,1
54,gcc-O2,20260917,111,2,measure,5,small,sum_one,uniform,3,349525,987057,11,11,9690214761957071044,9690214761957071044,1
54,gcc-O2,20260917,112,2,measure,6,small,sum_one,uniform,32,32768,491007,11,11,4730905112462327808,4730905112462327808,1
54,gcc-O2,20260917,113,2,measure,7,small,sum_one,uniform,64,16384,617153,11,11,14815439244071927808,14815439244071927808,1
54,gcc-O2,20260917,114,2,measure,8,small,sum_one,uniform,128,8192,459061,11,11,17503531059042279424,17503531059042279424,1
54,gcc-O2,20260917,115,2,measure,9,branch,filter_copy_mask,p900,65536,1,27669,11,11,58982,58982,1
54,gcc-O2,20260917,116,2,measure,10,dependency,split_xor_mul,uniform,65536,64,2213488,11,11,8310383708453772032,8310383708453772032,1
54,gcc-O2,20260917,117,2,measure,11,dependency,sum_four,uniform,65536,64,599309,11,11,1190735372877940864,1190735372877940864,1
54,gcc-O2,20260917,118,2,measure,12,small,sum_one,uniform,48,21845,624573,11,11,18173204259618227916,18173204259618227916,1
54,gcc-O2,20260917,119,2,measure,13,branch,sum_if,p250,65536,1,52578,11,11,75766260937212688,75766260937212688,1
54,gcc-O2,20260917,120,2,measure,14,branch,sum_if,p750,65536,1,52594,11,11,14586442889165806448,14586442889165806448,1
54,gcc-O2,20260917,121,2,measure,15,branch,filter_copy,p750,65536,1,276233,11,11,49152,49152,1
54,gcc-O2,20260917,122,2,measure,16,branch,filter_copy_mask,p750,65536,1,30669,11,11,49152,49152,1
54,gcc-O2,20260917,123,2,measure,17,small,sum_one,uniform,4,262144,905287,11,11,6027757896494481408,6027757896494481408,1
54,gcc-O2,20260917,124,2,measure,18,small,sum_one,uniform,16,65536,557490,11,11,1403062601089810432,1403062601089810432,1
54,gcc-O2,20260917,125,2,measure,19,dependency,sum_one_bis,uniform,65536,64,1688551,11,11,1190735372877940864,1190735372877940864,1
54,gcc-O2,20260917,126,2,measure,20,branch,filter_copy,p100,65536,1,146310,11,11,6554,6554,1
54,gcc-O2,20260917,127,2,measure,21,small,sum_one,uniform,768,1365,421864,11,11,6760326044614544011,6760326044614544011,1
54,gcc-O2,20260917,128,2,measure,22,branch,sum_if,p000,65536,1,52551,11,11,0,0,1
54,gcc-O2,20260917,129,2,measure,23,small,sum_one,uniform,256,4096,420624,11,11,12471836693395644416,12471836693395644416,1
54,gcc-O2,20260917,130,2,measure,24,branch,filter_copy,p900,65536,1,146513,11,11,58982,58982,1
54,gcc-O2,20260917,131,2,measure,25,dependency,sum_one,uniform,65536,64,1709186,11,11,1190735372877940864,1190735372877940864,1
54,gcc-O2,20260917,132,2,measure,26,branch,filter_copy_mask,p250,65536,1,27986,11,11,16384,16384,1
54,gcc-O2,20260917,133,2,measure,27,branch,filter_copy,p000,65536,1,26488,11,11,0,0,1
54,gcc-O2,20260917,134,2,measure,28,small,sum_one,uniform,8,131072,685984,11,11,11724155215337095168,11724155215337095168,1
54,gcc-O2,20260917,135,2,measure,29,branch,filter_copy,p500_sorted,65536,1,26665,11,11,32768,32768,1
54,gcc-O2,20260917,136,2,measure,30,small,sum_one,uniform,6,174762,740827,11,11,4529353940760067638,4529353940760067638,1
54,gcc-O2,20260917,137,2,measure,31,branch,filter_copy,p500,65536,1,372578,11,11,32768,32768,1
54,gcc-O2,20260917,138,2,measure,32,branch,filter_copy_mask,p100,65536,1,27506,11,11,6554,6554,1
54,gcc-O2,20260917,139,2,measure,33,small,sum_one,uniform,1024,1024,422645,11,11,6113767114656410624,6113767114656410624,1
54,gcc-O2,20260917,140,2,measure,34,branch,filter_copy_mask,p000,65536,1,27448,11,11,0,0,1
54,gcc-O2,20260917,141,2,measure,35,branch,filter_copy,p500_alternating,65536,1,26574,11,11,32768,32768,1
54,gcc-O2,20260917,142,2,measure,36,small,sum_one,uniform,24,43690,550182,11,11,5019437447312423050,5019437447312423050,1
54,gcc-O2,20260917,143,2,measure,37,branch,sum_if,p100,65536,1,52546,11,11,3083979731501324985,3083979731501324985,1
54,gcc-O2,20260917,144,2,measure,38,branch,filter_copy_mask,p1000,65536,1,28134,11,11,65536,65536,1
54,gcc-O2,20260917,145,2,measure,39,branch,filter_copy_mask,p500_sorted,65536,1,26898,11,11,32768,32768,1
54,gcc-O2,20260917,146,2,measure,40,dependency,chain_xor_mul,uniform,65536,64,6746566,11,11,5299772668389481216,5299772668389481216,1
54,gcc-O2,20260917,147,2,measure,41,dependency,sum_twice,uniform,65536,64,3384702,11,11,2381470745755881728,2381470745755881728,1
54,gcc-O2,20260917,148,2,measure,42,branch,filter_copy,p1000,65536,1,27672,11,11,65536,65536,1
54,gcc-O2,20260917,149,2,measure,43,small,sum_one,uniform,12,87381,597873,11,11,18208879310165819389,18208879310165819389,1
54,gcc-O2,20260917,150,2,measure,44,small,sum_one,uniform,2,524288,1071206,11,11,14489530702789345280,14489530702789345280,1
54,gcc-O2,20260917,151,2,measure,45,small,sum_one,uniform,512,2048,428637,11,11,6127788314265579520,6127788314265579520,1
54,gcc-O2,20260917,152,2,measure,46,small,sum_one,uniform,192,5461,418843,11,11,17901819518249685373,17901819518249685373,1
54,gcc-O2,20260917,153,2,measure,47,branch,sum_if,p500,65536,1,52569,11,11,261284744287062128,261284744287062128,1
54,gcc-O2,20260917,154,2,measure,48,branch,sum_if,p900,65536,1,52549,11,11,1957202038211152021,1957202038211152021,1
54,gcc-O2,20260917,155,2,measure,49,small,sum_one,uniform,96,10922,512813,11,11,1966801938065649448,1966801938065649448,1
54,gcc-O2,20260917,156,2,measure,50,branch,sum_if,p500_alternating,65536,1,52562,11,11,4196774058536912234,4196774058536912234,1
54,gcc-O2,20260917,157,2,measure,51,branch,filter_copy_mask,p500_alternating,65536,1,28219,11,11,32768,32768,1
54,gcc-O2,20260917,158,2,measure,52,small,sum_one,uniform,1,1048576,1690120,11,11,8452580083670974464,8452580083670974464,1
54,gcc-O2,20260917,159,3,measure,0,small,sum_one,uniform,768,1365,433992,11,11,6760326044614544011,6760326044614544011,1
54,gcc-O2,20260917,160,3,measure,1,branch,sum_if,p250,65536,1,52580,11,11,75766260937212688,75766260937212688,1
54,gcc-O2,20260917,161,3,measure,2,small,sum_one,uniform,384,2730,422253,11,11,5767785928059657782,5767785928059657782,1
54,gcc-O2,20260917,162,3,measure,3,branch,filter_copy_mask,p900,65536,1,27676,11,11,58982,58982,1
54,gcc-O2,20260917,163,3,measure,4,dependency,sum_twice,uniform,65536,64,3426668,11,11,2381470745755881728,2381470745755881728,1
54,gcc-O2,20260917,164,3,measure,5,branch,filter_copy,p100,65536,1,146615,11,11,6554,6554,1
54,gcc-O2,20260917,165,3,measure,6,branch,filter_copy_mask,p100,65536,1,27833,11,11,6554,6554,1
54,gcc-O2,20260917,166,3,measure,7,small,sum_one,uniform,1024,1024,421447,11,11,6113767114656410624,6113767114656410624,1
54,gcc-O2,20260917,167,3,measure,8,branch,filter_copy_mask,p500_alternating,65536,1,27904,11,11,32768,32768,1
54,gcc-O2,20260917,168,3,measure,9,small,sum_one,uniform,64,16384,612207,11,11,14815439244071927808,14815439244071927808,1
54,gcc-O2,20260917,169,3,measure,10,small,sum_one,uniform,128,8192,456775,11,11,17503531059042279424,17503531059042279424,1
54,gcc-O2,20260917,170,3,measure,11,small,sum_one,uniform,256,4096,420181,11,11,12471836693395644416,12471836693395644416,1
54,gcc-O2,20260917,171,3,measure,12,dependency,chain_xor_mul,uniform,65536,64,6742560,11,11,5299772668389481216,5299772668389481216,1
54,gcc-O2,20260917,172,3,measure,13,branch,filter_copy,p750,65536,1,267617,11,11,49152,49152,1
54,gcc-O2,20260917,173,3,measure,14,branch,sum_if,p750,65536,1,52585,11,11,14586442889165806448,14586442889165806448,1
54,gcc-O2,20260917,174,3,measure,15,small,sum_one,uniform,8,131072,687970,11,11,11724155215337095168,11724155215337095168,1
54,gcc-O2,20260917,175,3,measure,16,small,sum_one,uniform,24,43690,512615,11,11,5019437447312423050,5019437447312423050,1
54,gcc-O2,20260917,176,3,measure,17,small,sum_one,uniform,192,5461,424079,11,11,17901819518249685373,17901819518249685373,1
54,gcc-O2,20260917,177,3,measure,18,branch,filter_copy,p500_sorted,65536,1,26599,11,11,32768,32768,1
54,gcc-O2,20260917,178,3,measure,19,branch,filter_copy,p250,65536,1,264074,11,11,16384,16384,1
54,gcc-O2,20260917,179,3,measure,20,small,sum_one,uniform,2,524288,1058281,11,11,14489530702789345280,14489530702789345280,1
54,gcc-O2,20260917,180,3,measure,21,small,sum_one,uniform,16,65536,560865,11,11,1403062601089810432,1403062601089810432,1
54,gcc-O2,20260917,181,3,measure,22,branch,filter_copy,p500_alternating,65536,1,26620,11,11,32768,32768,1
54,gcc-O2,20260917,182,3,measure,23,branch,sum_if,p100,65536,1,52546,11,11,3083979731501324985,3083979731501324985,1
54,gcc-O2,20260917,183,3,measure,24,small,sum_one,uniform,6,174762,749793,11,11,4529353940760067638,4529353940760067638,1
54,gcc-O2,20260917,184,3,measure,25,dependency,sum_one_bis,uniform,65536,64,1688643,11,11,1190735372877940864,1190735372877940864,1
54,gcc-O2,20260917,185,3,measure,26,small,sum_one,uniform,512,2048,421599,11,11,6127788314265579520,6127788314265579520,1
54,gcc-O2,20260917,186,3,measure,27,branch,filter_copy_mask,p250,65536,1,34031,11,11,16384,16384,1
54,gcc-O2,20260917,187,3,measure,28,branch,filter_copy,p900,65536,1,143292,11,11,58982,58982,1
54,gcc-O2,20260917,188,3,measure,29,branch,sum_if,p500_sorted,65536,1,52560,11,11,2213941836433581612,2213941836433581612,1
54,gcc-O2,20260917,189,3,measure,30,branch,filter_copy,p1000,65536,1,26762,11,11,65536,65536,1
54,gcc-O2,20260917,190,3,measure,31,dependency,sum_four,uniform,65536,64,574066,11,11,1190735372877940864,1190735372877940864,1
54,gcc-O2,20260917,191,3,measure,32,small,sum_one,uniform,3,349525,983829,11,11,9690214761957071044,9690214761957071044,1
54,gcc-O2,20260917,192,3,measure,33,branch,sum_if,p1000,65536,1,52563,11,11,4485739283943968327,4485739283943968327,1
54,gcc-O2,20260917,193,3,measure,34,branch,filter_copy,p000,65536,1,26452,11,11,0,0,1
54,gcc-O2,20260917,194,3,measure,35,branch,filter_copy_mask,p000,65536,1,27422,11,11,0,0,1
54,gcc-O2,20260917,195,3,measure,36,dependency,sum_one,uniform,65536,64,1694241,11,11,1190735372877940864,1190735372877940864,1
54,gcc-O2,20260917,196,3,measure,37,branch,sum_if,p500_alternating,65536,1,52563,11,11,4196774058536912234,4196774058536912234,1
54,gcc-O2,20260917,197,3,measure,38,small,sum_one,uniform,48,21845,698373,11,11,18173204259618227916,18173204259618227916,1
54,gcc-O2,20260917,198,3,measure,39,branch,filter_copy,p500,65536,1,374793,11,11,32768,32768,1
54,gcc-O2,20260917,199,3,measure,40,small,sum_one,uniform,96,10922,469550,11,11,1966801938065649448,1966801938065649448,1
54,gcc-O2,20260917,200,3,measure,41,branch,sum_if,p900,65536,1,52572,11,11,1957202038211152021,1957202038211152021,1
54,gcc-O2,20260917,201,3,measure,42,small,sum_one,uniform,12,87381,596399,11,11,18208879310165819389,18208879310165819389,1
54,gcc-O2,20260917,202,3,measure,43,branch,sum_if,p000,65536,1,52548,11,11,0,0,1
54,gcc-O2,20260917,203,3,measure,44,small,sum_one,uniform,32,32768,487942,11,11,4730905112462327808,4730905112462327808,1
54,gcc-O2,20260917,204,3,measure,45,branch,filter_copy_mask,p750,65536,1,28444,11,11,49152,49152,1
54,gcc-O2,20260917,205,3,measure,46,small,sum_one,uniform,1,1048576,1695283,11,11,8452580083670974464,8452580083670974464,1
54,gcc-O2,20260917,206,3,measure,47,branch,filter_copy_mask,p500,65536,1,28381,11,11,32768,32768,1
54,gcc-O2,20260917,207,3,measure,48,branch,filter_copy_mask,p1000,65536,1,27476,11,11,65536,65536,1
54,gcc-O2,20260917,208,3,measure,49,dependency,split_xor_mul,uniform,65536,64,2265523,11,11,8310383708453772032,8310383708453772032,1
54,gcc-O2,20260917,209,3,measure,50,branch,filter_copy_mask,p500_sorted,65536,1,27276,11,11,32768,32768,1
54,gcc-O2,20260917,210,3,measure,51,small,sum_one,uniform,4,262144,895469,11,11,6027757896494481408,6027757896494481408,1
54,gcc-O2,20260917,211,3,measure,52,branch,sum_if,p500,65536,1,52578,11,11,261284744287062128,261284744287062128,1
54,gcc-O2,20260917,212,4,measure,0,small,sum_one,uniform,32,32768,604366,11,11,4730905112462327808,4730905112462327808,1
54,gcc-O2,20260917,213,4,measure,1,branch,sum_if,p500,65536,1,54959,11,11,261284744287062128,261284744287062128,1
54,gcc-O2,20260917,214,4,measure,2,branch,filter_copy,p500_sorted,65536,1,28821,11,11,32768,32768,1
54,gcc-O2,20260917,215,4,measure,3,small,sum_one,uniform,4,262144,1000811,11,11,6027757896494481408,6027757896494481408,1
54,gcc-O2,20260917,216,4,measure,4,branch,filter_copy_mask,p500_sorted,65536,1,49429,11,11,32768,32768,1
54,gcc-O2,20260917,217,4,measure,5,small,sum_one,uniform,8,131072,859254,11,11,11724155215337095168,11724155215337095168,1
54,gcc-O2,20260917,218,4,measure,6,branch,filter_copy_mask,p500_alternating,65536,1,28028,11,11,32768,32768,1
54,gcc-O2,20260917,219,4,measure,7,small,sum_one,uniform,2,524288,1087151,11,11,14489530702789345280,14489530702789345280,1
54,gcc-O2,20260917,220,4,measure,8,branch,filter_copy,p000,65536,1,27467,11,11,0,0,1
54,gcc-O2,20260917,221,4,measure,9,small,sum_one,uniform,1,1048576,2001502,11,11,8452580083670974464,8452580083670974464,1
54,gcc-O2,20260917,222,4,measure,10,branch,sum_if,p900,65536,1,54820,11,11,1957202038211152021,1957202038211152021,1
54,gcc-O2,20260917,223,4,measure,11,branch,sum_if,p500_sorted,65536,1,54761,11,11,2213941836433581612,2213941836433581612,1
54,gcc-O2,20260917,224,4,measure,12,small,sum_one,uniform,64,16384,592909,11,11,14815439244071927808,14815439244071927808,1
54,gcc-O2,20260917,225,4,measure,13,dependency,sum_four,uniform,65536,64,577656,11,11,1190735372877940864,1190735372877940864,1
54,gcc-O2,20260917,226,4,measure,14,branch,filter_copy,p250,65536,1,273477,11,11,16384,16384,1
54,gcc-O2,20260917,227,4,measure,15,branch,filter_copy_mask,p750,65536,1,28882,11,11,49152,49152,1
54,gcc-O2,20260917,228,4,measure,16,small,sum_one,uniform,96,10922,495994,11,11,1966801938065649448,1966801938065649448,1
54,gcc-O2,20260917,229,4,measure,17,branch,filter_copy,p100,65536,1,146076,11,11,6554,6554,1
54,gcc-O2,20260917,230,4,measure,18,branch,sum_if,p1000,65536,1,52572,11,11,4485739283943968327,4485739283943968327,1
54,gcc-O2,20260917,231,4,measure,19,small,sum_one,uniform,384,2730,413086,11,11,5767785928059657782,5767785928059657782,1
54,gcc-O2,20260917,232,4,measure,20,dependency,sum_one_bis,uniform,65536,64,1703783,11,11,1190735372877940864,1190735372877940864,1
54,gcc-O2,20260917,233,4,measure,21,branch,sum_if,p000,65536,1,52564,11,11,0,0,1
54,gcc-O2,20260917,234,4,measure,22,dependency,sum_one,uniform,65536,64,1702679,11,11,1190735372877940864,1190735372877940864,1
54,gcc-O2,20260917,235,4,measure,23,small,sum_one,uniform,24,43690,510754,11,11,5019437447312423050,5019437447312423050,1
54,gcc-O2,20260917,236,4,measure,24,small,sum_one,uniform,192,5461,422374,11,11,17901819518249685373,17901819518249685373,1
54,gcc-O2,20260917,237,4,measure,25,branch,sum_if,p250,65536,1,52564,11,11,75766260937212688,75766260937212688,1
54,gcc-O2,20260917,238,4,measure,26,small,sum_one,uniform,128,8192,462658,11,11,17503531059042279424,17503531059042279424,1
54,gcc-O2,20260917,239,4,measure,27,branch,filter_copy,p1000,65536,1,31296,11,11,65536,65536,1
54,gcc-O2,20260917,240,4,measure,28,small,sum_one,uniform,1024,1024,425544,11,11,6113767114656410624,6113767114656410624,1
54,gcc-O2,20260917,241,4,measure,29,branch,filter_copy_mask,p500,65536,1,28258,11,11,32768,32768,1
54,gcc-O2,20260917,242,4,measure,30,dependency,split_xor_mul,uniform,65536,64,2243071,11,11,8310383708453772032,8310383708453772032,1
54,gcc-O2,20260917,243,4,measure,31,branch,filter_copy_mask,p900,65536,1,27482,11,11,58982,58982,1
54,gcc-O2,20260917,244,4,measure,32,branch,filter_copy,p750,65536,1,267040,11,11,49152,49152,1
54,gcc-O2,20260917,245,4,measure,33,small,sum_one,uniform,512,2048,415902,11,11,6127788314265579520,6127788314265579520,1
54,gcc-O2,20260917,246,4,measure,34,branch,sum_if,p100,65536,1,52602,11,11,3083979731501324985,3083979731501324985,1
54,gcc-O2,20260917,247,4,measure,35,branch,sum_if,p500_alternating,65536,1,52563,11,11,4196774058536912234,4196774058536912234,1
54,gcc-O2,20260917,248,4,measure,36,branch,filter_copy,p500_alternating,65536,1,26469,11,11,32768,32768,1
54,gcc-O2,20260917,249,4,measure,37,branch,filter_copy,p900,65536,1,147561,11,11,58982,58982,1
54,gcc-O2,20260917,250,4,measure,38,small,sum_one,uniform,256,4096,419298,11,11,12471836693395644416,12471836693395644416,1
54,gcc-O2,20260917,251,4,measure,39,branch,filter_copy_mask,p1000,65536,1,27301,11,11,65536,65536,1
54,gcc-O2,20260917,252,4,measure,40,branch,filter_copy_mask,p000,65536,1,27119,11,11,0,0,1
54,gcc-O2,20260917,253,4,measure,41,small,sum_one,uniform,6,174762,779817,11,11,4529353940760067638,4529353940760067638,1
54,gcc-O2,20260917,254,4,measure,42,dependency,sum_twice,uniform,65536,64,3384376,11,11,2381470745755881728,2381470745755881728,1
54,gcc-O2,20260917,255,4,measure,43,branch,filter_copy_mask,p250,65536,1,28532,11,11,16384,16384,1
54,gcc-O2,20260917,256,4,measure,44,dependency,chain_xor_mul,uniform,65536,64,6790964,11,11,5299772668389481216,5299772668389481216,1
54,gcc-O2,20260917,257,4,measure,45,branch,filter_copy_mask,p100,65536,1,27678,11,11,6554,6554,1
54,gcc-O2,20260917,258,4,measure,46,small,sum_one,uniform,12,87381,617376,11,11,18208879310165819389,18208879310165819389,1
54,gcc-O2,20260917,259,4,measure,47,small,sum_one,uniform,768,1365,422690,11,11,6760326044614544011,6760326044614544011,1
54,gcc-O2,20260917,260,4,measure,48,branch,filter_copy,p500,65536,1,374356,11,11,32768,32768,1
54,gcc-O2,20260917,261,4,measure,49,small,sum_one,uniform,3,349525,983115,11,11,9690214761957071044,9690214761957071044,1
54,gcc-O2,20260917,262,4,measure,50,branch,sum_if,p750,65536,1,53141,11,11,14586442889165806448,14586442889165806448,1
54,gcc-O2,20260917,263,4,measure,51,small,sum_one,uniform,48,21845,672353,11,11,18173204259618227916,18173204259618227916,1
54,gcc-O2,20260917,264,4,measure,52,small,sum_one,uniform,16,65536,555801,11,11,1403062601089810432,1403062601089810432,1
54,gcc-O2,20260917,265,5,measure,0,small,sum_one,uniform,1024,1024,426639,11,11,6113767114656410624,6113767114656410624,1
54,gcc-O2,20260917,266,5,measure,1,branch,sum_if,p500_alternating,65536,1,52568,11,11,4196774058536912234,4196774058536912234,1
54,gcc-O2,20260917,267,5,measure,2,dependency,chain_xor_mul,uniform,65536,64,6741373,11,11,5299772668389481216,5299772668389481216,1
54,gcc-O2,20260917,268,5,measure,3,branch,filter_copy,p500,65536,1,375676,11,11,32768,32768,1
54,gcc-O2,20260917,269,5,measure,4,branch,filter_copy_mask,p500_sorted,65536,1,27698,11,11,32768,32768,1
54,gcc-O2,20260917,270,5,measure,5,branch,filter_copy_mask,p500_alternating,65536,1,27590,11,11,32768,32768,1
54,gcc-O2,20260917,271,5,measure,6,small,sum_one,uniform,32,32768,494199,11,11,4730905112462327808,4730905112462327808,1
54,gcc-O2,20260917,272,5,measure,7,small,sum_one,uniform,256,4096,417186,11,11,12471836693395644416,12471836693395644416,1
54,gcc-O2,20260917,273,5,measure,8,small,sum_one,uniform,16,65536,554352,11,11,1403062601089810432,1403062601089810432,1
54,gcc-O2,20260917,274,5,measure,9,small,sum_one,uniform,4,262144,899835,11,11,6027757896494481408,6027757896494481408,1
54,gcc-O2,20260917,275,5,measure,10,branch,filter_copy_mask,p250,65536,1,28508,11,11,16384,16384,1
54,gcc-O2,20260917,276,5,measure,11,branch,filter_copy,p750,65536,1,264397,11,11,49152,49152,1
54,gcc-O2,20260917,277,5,measure,12,dependency,sum_twice,uniform,65536,64,3380479,11,11,2381470745755881728,2381470745755881728,1
54,gcc-O2,20260917,278,5,measure,13,small,sum_one,uniform,64,16384,597684,11,11,14815439244071927808,14815439244071927808,1
54,gcc-O2,20260917,279,5,measure,14,branch,filter_copy_mask,p1000,65536,1,29991,11,11,65536,65536,1
54,gcc-O2,20260917,280,5,measure,15,small,sum_one,uniform,96,10922,506662,11,11,1966801938065649448,1966801938065649448,1
54,gcc-O2,20260917,281,5,measure,16,dependency,sum_one,uniform,65536,64,1695087,11,11,1190735372877940864,1190735372877940864,1
54,gcc-O2,20260917,282,5,measure,17,dependency,split_xor_mul,uniform,65536,64,2250907,11,11,8310383708453772032,8310383708453772032,1
54,gcc-O2,20260917,283,5,measure,18,small,sum_one,uniform,768,1365,423992,11,11,6760326044614544011,6760326044614544011,1
54,gcc-O2,20260917,284,5,measure,19,small,sum_one,uniform,12,87381,599968,11,11,18208879310165819389,18208879310165819389,1
54,gcc-O2,20260917,285,5,measure,20,small,sum_one,uniform,192,5461,421283,11,11,17901819518249685373,17901819518249685373,1
54,gcc-O2,20260917,286,5,measure,21,branch,filter_copy,p000,65536,1,26433,11,11,0,0,1
54,gcc-O2,20260917,287,5,measure,22,branch,filter_copy,p900,65536,1,148626,11,11,58982,58982,1
54,gcc-O2,20260917,288,5,measure,23,branch,filter_copy,p500_sorted,65536,1,26478,11,11,32768,32768,1
54,gcc-O2,20260917,289,5,measure,24,small,sum_one,uniform,8,131072,685911,11,11,11724155215337095168,11724155215337095168,1
54,gcc-O2,20260917,290,5,measure,25,branch,filter_copy,p500_alternating,65536,1,26411,11,11,32768,32768,1
54,gcc-O2,20260917,291,5,measure,26,small,sum_one,uniform,1,1048576,1688611,11,11,8452580083670974464,8452580083670974464,1
54,gcc-O2,20260917,292,5,measure,27,branch,sum_if,p900,65536,1,52557,11,11,1957202038211152021,1957202038211152021,1
54,gcc-O2,20260917,293,5,measure,28,branch,sum_if,p500_sorted,65536,1,52550,11,11,2213941836433581612,2213941836433581612,1
54,gcc-O2,20260917,294,5,measure,29,dependency,sum_one_bis,uniform,65536,64,1690355,11,11,1190735372877940864,1190735372877940864,1
54,gcc-O2,20260917,295,5,measure,30,branch,filter_copy_mask,p750,65536,1,27970,11,11,49152,49152,1
54,gcc-O2,20260917,296,5,measure,31,small,sum_one,uniform,512,2048,415353,11,11,6127788314265579520,6127788314265579520,1
54,gcc-O2,20260917,297,5,measure,32,branch,sum_if,p100,65536,1,52574,11,11,3083979731501324985,3083979731501324985,1
54,gcc-O2,20260917,298,5,measure,33,branch,sum_if,p500,65536,1,52551,11,11,261284744287062128,261284744287062128,1
54,gcc-O2,20260917,299,5,measure,34,small,sum_one,uniform,384,2730,428310,11,11,5767785928059657782,5767785928059657782,1
54,gcc-O2,20260917,300,5,measure,35,small,sum_one,uniform,6,174762,736414,11,11,4529353940760067638,4529353940760067638,1
54,gcc-O2,20260917,301,5,measure,36,branch,filter_copy,p1000,65536,1,27517,11,11,65536,65536,1
54,gcc-O2,20260917,302,5,measure,37,branch,filter_copy_mask,p900,65536,1,27287,11,11,58982,58982,1
54,gcc-O2,20260917,303,5,measure,38,branch,sum_if,p250,65536,1,52578,11,11,75766260937212688,75766260937212688,1
54,gcc-O2,20260917,304,5,measure,39,branch,filter_copy_mask,p000,65536,1,27096,11,11,0,0,1
54,gcc-O2,20260917,305,5,measure,40,small,sum_one,uniform,48,21845,725396,11,11,18173204259618227916,18173204259618227916,1
54,gcc-O2,20260917,306,5,measure,41,dependency,sum_four,uniform,65536,64,584018,11,11,1190735372877940864,1190735372877940864,1
54,gcc-O2,20260917,307,5,measure,42,branch,filter_copy,p100,65536,1,147901,11,11,6554,6554,1
54,gcc-O2,20260917,308,5,measure,43,branch,filter_copy,p250,65536,1,262009,11,11,16384,16384,1
54,gcc-O2,20260917,309,5,measure,44,small,sum_one,uniform,24,43690,510792,11,11,5019437447312423050,5019437447312423050,1
54,gcc-O2,20260917,310,5,measure,45,branch,sum_if,p1000,65536,1,52564,11,11,4485739283943968327,4485739283943968327,1
54,gcc-O2,20260917,311,5,measure,46,small,sum_one,uniform,128,8192,458493,11,11,17503531059042279424,17503531059042279424,1
54,gcc-O2,20260917,312,5,measure,47,branch,sum_if,p750,65536,1,52585,11,11,14586442889165806448,14586442889165806448,1
54,gcc-O2,20260917,313,5,measure,48,branch,filter_copy_mask,p500,65536,1,28096,11,11,32768,32768,1
54,gcc-O2,20260917,314,5,measure,49,branch,filter_copy_mask,p100,65536,1,27629,11,11,6554,6554,1
54,gcc-O2,20260917,315,5,measure,50,branch,sum_if,p000,65536,1,52582,11,11,0,0,1
54,gcc-O2,20260917,316,5,measure,51,small,sum_one,uniform,3,349525,982829,11,11,9690214761957071044,9690214761957071044,1
54,gcc-O2,20260917,317,5,measure,52,small,sum_one,uniform,2,524288,1054555,11,11,14489530702789345280,14489530702789345280,1
54,gcc-O2,20260917,318,6,measure,0,branch,filter_copy_mask,p900,65536,1,27416,11,11,58982,58982,1
54,gcc-O2,20260917,319,6,measure,1,branch,sum_if,p750,65536,1,52569,11,11,14586442889165806448,14586442889165806448,1
54,gcc-O2,20260917,320,6,measure,2,branch,filter_copy_mask,p500_alternating,65536,1,28056,11,11,32768,32768,1
54,gcc-O2,20260917,321,6,measure,3,branch,sum_if,p500_alternating,65536,1,52557,11,11,4196774058536912234,4196774058536912234,1
54,gcc-O2,20260917,322,6,measure,4,branch,filter_copy,p000,65536,1,26403,11,11,0,0,1
54,gcc-O2,20260917,323,6,measure,5,branch,filter_copy,p100,65536,1,151554,11,11,6554,6554,1
54,gcc-O2,20260917,324,6,measure,6,dependency,sum_four,uniform,65536,64,576822,11,11,1190735372877940864,1190735372877940864,1
54,gcc-O2,20260917,325,6,measure,7,branch,sum_if,p1000,65536,1,52565,11,11,4485739283943968327,4485739283943968327,1
54,gcc-O2,20260917,326,6,measure,8,branch,filter_copy,p500,65536,1,373059,11,11,32768,32768,1
54,gcc-O2,20260917,327,6,measure,9,small,sum_one,uniform,32,32768,490622,11,11,4730905112462327808,4730905112462327808,1
54,gcc-O2,20260917,328,6,measure,10,dependency,split_xor_mul,uniform,65536,64,2232177,11,11,8310383708453772032,8310383708453772032,1
54,gcc-O2,20260917,329,6,measure,11,small,sum_one,uniform,384,2730,412378,11,11,5767785928059657782,5767785928059657782,1
54,gcc-O2,20260917,330,6,measure,12,small,sum_one,uniform,8,131072,686140,11,11,11724155215337095168,11724155215337095168,1
54,gcc-O2,20260917,331,6,measure,13,small,sum_one,uniform,4,262144,897731,11,11,6027757896494481408,6027757896494481408,1
54,gcc-O2,20260917,332,6,measure,14,small,sum_one,uniform,48,21845,739178,11,11,18173204259618227916,18173204259618227916,1
54,gcc-O2,20260917,333,6,measure,15,small,sum_one,uniform,6,174762,735544,11,11,4529353940760067638,4529353940760067638,1
54,gcc-O2,20260917,334,6,measure,16,branch,filter_copy,p500_sorted,65536,1,26566,11,11,32768,32768,1
54,gcc-O2,20260917,335,6,measure,17,branch,filter_copy_mask,p500_sorted,65536,1,27230,11,11,32768,32768,1
54,gcc-O2,20260917,336,6,measure,18,small,sum_one,uniform,96,10922,508430,11,11,1966801938065649448,1966801938065649448,1
54,gcc-O2,20260917,337,6,measure,19,branch,filter_copy,p250,65536,1,265057,11,11,16384,16384,1
54,gcc-O2,20260917,338,6,measure,20,small,sum_one,uniform,512,2048,421105,11,11,6127788314265579520,6127788314265579520,1
54,gcc-O2,20260917,339,6,measure,21,dependency,sum_one,uniform,65536,64,1692432,11,11,1190735372877940864,1190735372877940864,1
54,gcc-O2,20260917,340,6,measure,22,small,sum_one,uniform,768,1365,425897,11,11,6760326044614544011,6760326044614544011,1
54,gcc-O2,20260917,341,6,measure,23,branch,sum_if,p100,65536,1,52551,11,11,3083979731501324985,3083979731501324985,1
54,gcc-O2,20260917,342,6,measure,24,small,sum_one,uniform,24,43690,509294,11,11,5019437447312423050,5019437447312423050,1
54,gcc-O2,20260917,343,6,measure,25,branch,filter_copy,p500_alternating,65536,1,27473,11,11,32768,32768,1
54,gcc-O2,20260917,344,6,measure,26,small,sum_one,uniform,2,524288,1058207,11,11,14489530702789345280,14489530702789345280,1
54,gcc-O2,20260917,345,6,measure,27,small,sum_one,uniform,1024,1024,423583,11,11,6113767114656410624,6113767114656410624,1
54,gcc-O2,20260917,346,6,measure,28,small,sum_one,uniform,256,4096,418159,11,11,12471836693395644416,12471836693395644416,1
54,gcc-O2,20260917,347,6,measure,29,small,sum_one,uniform,16,65536,553891,11,11,1403062601089810432,1403062601089810432,1
54,gcc-O2,20260917,348,6,measure,30,branch,filter_copy_mask,p250,65536,1,28452,11,11,16384,16384,1
54,gcc-O2,20260917,349,6,measure,31,branch,sum_if,p900,65536,1,52585,11,11,1957202038211152021,1957202038211152021,1
54,gcc-O2,20260917,350,6,measure,32,branch,filter_copy_mask,p100,65536,1,27913,11,11,6554,6554,1
54,gcc-O2,20260917,351,6,measure,33,small,sum_one,uniform,128,8192,438094,11,11,17503531059042279424,17503531059042279424,1
54,gcc-O2,20260917,352,6,measure,34,branch,filter_copy_mask,p000,65536,1,27165,11,11,0,0,1
54,gcc-O2,20260917,353,6,measure,35,branch,filter_copy_mask,p750,65536,1,28300,11,11,49152,49152,1
54,gcc-O2,20260917,354,6,measure,36,small,sum_one,uniform,1,1048576,1689825,11,11,8452580083670974464,8452580083670974464,1
54,gcc-O2,20260917,355,6,measure,37,dependency,sum_twice,uniform,65536,64,3381363,11,11,2381470745755881728,2381470745755881728,1
54,gcc-O2,20260917,356,6,measure,38,small,sum_one,uniform,3,349525,983878,11,11,9690214761957071044,9690214761957071044,1
54,gcc-O2,20260917,357,6,measure,39,branch,filter_copy,p750,65536,1,267656,11,11,49152,49152,1
54,gcc-O2,20260917,358,6,measure,40,branch,filter_copy,p900,65536,1,140676,11,11,58982,58982,1
54,gcc-O2,20260917,359,6,measure,41,small,sum_one,uniform,12,87381,597620,11,11,18208879310165819389,18208879310165819389,1
54,gcc-O2,20260917,360,6,measure,42,small,sum_one,uniform,192,5461,423887,11,11,17901819518249685373,17901819518249685373,1
54,gcc-O2,20260917,361,6,measure,43,small,sum_one,uniform,64,16384,601493,11,11,14815439244071927808,14815439244071927808,1
54,gcc-O2,20260917,362,6,measure,44,branch,sum_if,p500_sorted,65536,1,52559,11,11,2213941836433581612,2213941836433581612,1
54,gcc-O2,20260917,363,6,measure,45,branch,filter_copy_mask,p500,65536,1,27909,11,11,32768,32768,1
54,gcc-O2,20260917,364,6,measure,46,dependency,chain_xor_mul,uniform,65536,64,6740088,11,11,5299772668389481216,5299772668389481216,1
54,gcc-O2,20260917,365,6,measure,47,branch,filter_copy_mask,p1000,65536,1,28292,11,11,65536,65536,1
54,gcc-O2,20260917,366,6,measure,48,branch,sum_if,p250,65536,1,52577,11,11,75766260937212688,75766260937212688,1
54,gcc-O2,20260917,367,6,measure,49,dependency,sum_one_bis,uniform,65536,64,1732359,11,11,1190735372877940864,1190735372877940864,1
54,gcc-O2,20260917,368,6,measure,50,branch,filter_copy,p1000,65536,1,26720,11,11,65536,65536,1
54,gcc-O2,20260917,369,6,measure,51,branch,sum_if,p000,65536,1,57098,11,11,0,0,1
54,gcc-O2,20260917,370,6,measure,52,branch,sum_if,p500,65536,1,54781,11,11,261284744287062128,261284744287062128,1
54,gcc-O2,20260917,371,7,measure,0,branch,sum_if,p250,65536,1,52567,11,11,75766260937212688,75766260937212688,1
54,gcc-O2,20260917,372,7,measure,1,dependency,sum_four,uniform,65536,64,580453,11,11,1190735372877940864,1190735372877940864,1
54,gcc-O2,20260917,373,7,measure,2,branch,filter_copy_mask,p000,65536,1,27187,11,11,0,0,1
54,gcc-O2,20260917,374,7,measure,3,branch,sum_if,p750,65536,1,59599,11,11,14586442889165806448,14586442889165806448,1
54,gcc-O2,20260917,375,7,measure,4,small,sum_one,uniform,2,524288,1186391,11,11,14489530702789345280,14489530702789345280,1
54,gcc-O2,20260917,376,7,measure,5,branch,filter_copy_mask,p500_alternating,65536,1,28759,11,11,32768,32768,1
54,gcc-O2,20260917,377,7,measure,6,small,sum_one,uniform,384,2730,430031,11,11,5767785928059657782,5767785928059657782,1
54,gcc-O2,20260917,378,7,measure,7,branch,filter_copy_mask,p100,65536,1,28860,11,11,6554,6554,1
54,gcc-O2,20260917,379,7,measure,8,branch,sum_if,p500_alternating,65536,1,54760,11,11,4196774058536912234,4196774058536912234,1
54,gcc-O2,20260917,380,7,measure,9,branch,sum_if,p500_sorted,65536,1,54753,11,11,2213941836433581612,2213941836433581612,1
54,gcc-O2,20260917,381,7,measure,10,dependency,sum_one,uniform,65536,64,1799959,11,11,1190735372877940864,1190735372877940864,1
54,gcc-O2,20260917,382,7,measure,11,dependency,chain_xor_mul,uniform,65536,64,7412844,11,11,5299772668389481216,5299772668389481216,1
54,gcc-O2,20260917,383,7,measure,12,small,sum_one,uniform,768,1365,428743,11,11,6760326044614544011,6760326044614544011,1
54,gcc-O2,20260917,384,7,measure,13,branch,filter_copy_mask,p1000,65536,1,29594,11,11,65536,65536,1
54,gcc-O2,20260917,385,7,measure,14,branch,sum_if,p500,65536,1,57313,11,11,261284744287062128,261284744287062128,1
54,gcc-O2,20260917,386,7,measure,15,small,sum_one,uniform,192,5461,407902,11,11,17901819518249685373,17901819518249685373,1
54,gcc-O2,20260917,387,7,measure,16,small,sum_one,uniform,8,131072,705726,11,11,11724155215337095168,11724155215337095168,1
54,gcc-O2,20260917,388,7,measure,17,branch,filter_copy_mask,p750,65536,1,28295,11,11,49152,49152,1
54,gcc-O2,20260917,389,7,measure,18,small,sum_one,uniform,48,21845,656743,11,11,18173204259618227916,18173204259618227916,1
54,gcc-O2,20260917,390,7,measure,19,small,sum_one,uniform,6,174762,845270,11,11,4529353940760067638,4529353940760067638,1
54,gcc-O2,20260917,391,7,measure,20,branch,filter_copy,p500,65536,1,381767,11,11,32768,32768,1
54,gcc-O2,20260917,392,7,measure,21,branch,filter_copy,p250,65536,1,279784,11,11,16384,16384,1
54,gcc-O2,20260917,393,7,measure,22,dependency,sum_one_bis,uniform,65536,64,1774402,11,11,1190735372877940864,1190735372877940864,1
54,gcc-O2,20260917,394,7,measure,23,branch,filter_copy,p100,65536,1,144737,11,11,6554,6554,1
54,gcc-O2,20260917,395,7,measure,24,small,sum_one,uniform,4,262144,898062,11,11,6027757896494481408,6027757896494481408,1
54,gcc-O2,20260917,396,7,measure,25,branch,sum_if,p900,65536,1,52583,11,11,1957202038211152021,1957202038211152021,1
54,gcc-O2,20260917,397,7,measure,26,small,sum_one,uniform,1024,1024,424422,11,11,6113767114656410624,6113767114656410624,1
54,gcc-O2,20260917,398,7,measure,27,branch,filter_copy,p500_sorted,65536,1,26909,11,11,32768,32768,1
54,gcc-O2,20260917,399,7,measure,28,dependency,sum_twice,uniform,65536,64,3374883,11,11,2381470745755881728,2381470745755881728,1
54,gcc-O2,20260917,400,7,measure,29,small,sum_one,uniform,3,349525,983062,11,11,9690214761957071044,9690214761957071044,1
54,gcc-O2,20260917,401,7,measure,30,small,sum_one,uniform,12,87381,599239,11,11,18208879310165819389,18208879310165819389,1
54,gcc-O2,20260917,402,7,measure,31,branch,sum_if,p100,65536,1,52569,11,11,3083979731501324985,3083979731501324985,1
54,gcc-O2,20260917,403,7,measure,32,dependency,split_xor_mul,uniform,65536,64,2173712,11,11,8310383708453772032,8310383708453772032,1
54,gcc-O2,20260917,404,7,measure,33,branch,filter_copy,p000,65536,1,26367,11,11,0,0,1
54,gcc-O2,20260917,405,7,measure,34,branch,filter_copy_mask,p500,65536,1,27651,11,11,32768,32768,1
54,gcc-O2,20260917,406,7,measure,35,small,sum_one,uniform,512,2048,415248,11,11,6127788314265579520,6127788314265579520,1
54,gcc-O2,20260917,407,7,measure,36,branch,filter_copy_mask,p900,65536,1,27714,11,11,58982,58982,1
54,gcc-O2,20260917,408,7,measure,37,branch,filter_copy_mask,p250,65536,1,28076,11,11,16384,16384,1
54,gcc-O2,20260917,409,7,measure,38,small,sum_one,uniform,64,16384,590156,11,11,14815439244071927808,14815439244071927808,1
54,gcc-O2,20260917,410,7,measure,39,branch,filter_copy,p500_alternating,65536,1,26701,11,11,32768,32768,1
54,gcc-O2,20260917,411,7,measure,40,small,sum_one,uniform,96,10922,515097,11,11,1966801938065649448,1966801938065649448,1
54,gcc-O2,20260917,412,7,measure,41,small,sum_one,uniform,1,1048576,1691387,11,11,8452580083670974464,8452580083670974464,1
54,gcc-O2,20260917,413,7,measure,42,small,sum_one,uniform,256,4096,407549,11,11,12471836693395644416,12471836693395644416,1
54,gcc-O2,20260917,414,7,measure,43,branch,filter_copy,p900,65536,1,129573,11,11,58982,58982,1
54,gcc-O2,20260917,415,7,measure,44,branch,filter_copy_mask,p500_sorted,65536,1,27283,11,11,32768,32768,1
54,gcc-O2,20260917,416,7,measure,45,small,sum_one,uniform,24,43690,517338,11,11,5019437447312423050,5019437447312423050,1
54,gcc-O2,20260917,417,7,measure,46,branch,filter_copy,p750,65536,1,262478,11,11,49152,49152,1
54,gcc-O2,20260917,418,7,measure,47,branch,sum_if,p000,65536,1,52569,11,11,0,0,1
54,gcc-O2,20260917,419,7,measure,48,branch,filter_copy,p1000,65536,1,26795,11,11,65536,65536,1
54,gcc-O2,20260917,420,7,measure,49,small,sum_one,uniform,128,8192,437785,11,11,17503531059042279424,17503531059042279424,1
54,gcc-O2,20260917,421,7,measure,50,small,sum_one,uniform,16,65536,551789,11,11,1403062601089810432,1403062601089810432,1
54,gcc-O2,20260917,422,7,measure,51,branch,sum_if,p1000,65536,1,52572,11,11,4485739283943968327,4485739283943968327,1
54,gcc-O2,20260917,423,7,measure,52,small,sum_one,uniform,32,32768,491548,11,11,4730905112462327808,4730905112462327808,1
54,gcc-O2,20260917,424,8,measure,0,branch,filter_copy_mask,p1000,65536,1,27306,11,11,65536,65536,1
54,gcc-O2,20260917,425,8,measure,1,branch,filter_copy_mask,p500,65536,1,27834,11,11,32768,32768,1
54,gcc-O2,20260917,426,8,measure,2,small,sum_one,uniform,512,2048,416157,11,11,6127788314265579520,6127788314265579520,1
54,gcc-O2,20260917,427,8,measure,3,branch,sum_if,p500_sorted,65536,1,54857,11,11,2213941836433581612,2213941836433581612,1
54,gcc-O2,20260917,428,8,measure,4,dependency,split_xor_mul,uniform,65536,64,2267808,11,11,8310383708453772032,8310383708453772032,1
54,gcc-O2,20260917,429,8,measure,5,branch,filter_copy,p500,65536,1,373397,11,11,32768,32768,1
54,gcc-O2,20260917,430,8,measure,6,branch,sum_if,p000,65536,1,52554,11,11,0,0,1
54,gcc-O2,20260917,431,8,measure,7,branch,filter_copy,p750,65536,1,263759,11,11,49152,49152,1
54,gcc-O2,20260917,432,8,measure,8,branch,sum_if,p750,65536,1,52566,11,11,14586442889165806448,14586442889165806448,1
54,gcc-O2,20260917,433,8,measure,9,small,sum_one,uniform,768,1365,423670,11,11,6760326044614544011,6760326044614544011,1
54,gcc-O2,20260917,434,8,measure,10,dependency,sum_twice,uniform,65536,64,3377141,11,11,2381470745755881728,2381470745755881728,1
54,gcc-O2,20260917,435,8,measure,11,branch,sum_if,p100,65536,1,52580,11,11,3083979731501324985,3083979731501324985,1
54,gcc-O2,20260917,436,8,measure,12,small,sum_one,uniform,3,349525,987839,11,11,9690214761957071044,9690214761957071044,1
54,gcc-O2,20260917,437,8,measure,13,branch,filter_copy_mask,p500_sorted,65536,1,27566,11,11,32768,32768,1
54,gcc-O2,20260917,438,8,measure,14,branch,filter_copy_mask,p750,65536,1,28862,11,11,49152,49152,1
54,gcc-O2,20260917,439,8,measure,15,small,sum_one,uniform,384,2730,423359,11,11,5767785928059657782,5767785928059657782,1
54,gcc-O2,20260917,440,8,measure,16,branch,filter_copy,p1000,65536,1,26689,11,11,65536,65536,1
54,gcc-O2,20260917,441,8,measure,17,dependency,chain_xor_mul,uniform,65536,64,6737710,11,11,5299772668389481216,5299772668389481216,1
54,gcc-O2,20260917,442,8,measure,18,small,sum_one,uniform,256,4096,417322,11,11,12471836693395644416,12471836693395644416,1
54,gcc-O2,20260917,443,8,measure,19,branch,filter_copy,p900,65536,1,143309,11,11,58982,58982,1
54,gcc-O2,20260917,444,8,measure,20,branch,filter_copy,p250,65536,1,274734,11,11,16384,16384,1
54,gcc-O2,20260917,445,8,measure,21,small,sum_one,uniform,24,43690,509292,11,11,5019437447312423050,5019437447312423050,1
54,gcc-O2,20260917,446,8,measure,22,small,sum_one,uniform,1024,1024,427888,11,11,6113767114656410624,6113767114656410624,1
54,gcc-O2,20260917,447,8,measure,23,small,sum_one,uniform,64,16384,616482,11,11,14815439244071927808,14815439244071927808,1
54,gcc-O2,20260917,448,8,measure,24,small,sum_one,uniform,8,131072,778724,11,11,11724155215337095168,11724155215337095168,1
54,gcc-O2,20260917,449,8,measure,25,small,sum_one,uniform,48,21845,729821,11,11,18173204259618227916,18173204259618227916,1
54,gcc-O2,20260917,450,8,measure,26,small,sum_one,uniform,192,5461,418961,11,11,17901819518249685373,17901819518249685373,1
54,gcc-O2,20260917,451,8,measure,27,branch,filter_copy_mask,p900,65536,1,27531,11,11,58982,58982,1
54,gcc-O2,20260917,452,8,measure,28,small,sum_one,uniform,12,87381,595500,11,11,18208879310165819389,18208879310165819389,1
54,gcc-O2,20260917,453,8,measure,29,small,sum_one,uniform,1,1048576,1691332,11,11,8452580083670974464,8452580083670974464,1
54,gcc-O2,20260917,454,8,measure,30,branch,sum_if,p1000,65536,1,52548,11,11,4485739283943968327,4485739283943968327,1
54,gcc-O2,20260917,455,8,measure,31,branch,filter_copy,p000,65536,1,26356,11,11,0,0,1
54,gcc-O2,20260917,456,8,measure,32,branch,sum_if,p250,65536,1,52563,11,11,75766260937212688,75766260937212688,1
54,gcc-O2,20260917,457,8,measure,33,small,sum_one,uniform,4,262144,918735,11,11,6027757896494481408,6027757896494481408,1
54,gcc-O2,20260917,458,8,measure,34,small,sum_one,uniform,32,32768,487835,11,11,4730905112462327808,4730905112462327808,1
54,gcc-O2,20260917,459,8,measure,35,dependency,sum_one,uniform,65536,64,1694568,11,11,1190735372877940864,1190735372877940864,1
54,gcc-O2,20260917,460,8,measure,36,branch,filter_copy_mask,p250,65536,1,28203,11,11,16384,16384,1
54,gcc-O2,20260917,461,8,measure,37,small,sum_one,uniform,2,524288,1057946,11,11,14489530702789345280,14489530702789345280,1
54,gcc-O2,20260917,462,8,measure,38,branch,sum_if,p500_alternating,65536,1,52557,11,11,4196774058536912234,4196774058536912234,1
54,gcc-O2,20260917,463,8,measure,39,branch,filter_copy_mask,p500_alternating,65536,1,27690,11,11,32768,32768,1
54,gcc-O2,20260917,464,8,measure,40,branch,filter_copy_mask,p100,65536,1,27789,11,11,6554,6554,1
54,gcc-O2,20260917,465,8,measure,41,branch,filter_copy_mask,p000,65536,1,28499,11,11,0,0,1
54,gcc-O2,20260917,466,8,measure,42,branch,sum_if,p900,65536,1,52548,11,11,1957202038211152021,1957202038211152021,1
54,gcc-O2,20260917,467,8,measure,43,small,sum_one,uniform,6,174762,742056,11,11,4529353940760067638,4529353940760067638,1
54,gcc-O2,20260917,468,8,measure,44,small,sum_one,uniform,16,65536,551675,11,11,1403062601089810432,1403062601089810432,1
54,gcc-O2,20260917,469,8,measure,45,small,sum_one,uniform,128,8192,457040,11,11,17503531059042279424,17503531059042279424,1
54,gcc-O2,20260917,470,8,measure,46,branch,filter_copy,p500_sorted,65536,1,27062,11,11,32768,32768,1
54,gcc-O2,20260917,471,8,measure,47,small,sum_one,uniform,96,10922,512657,11,11,1966801938065649448,1966801938065649448,1
54,gcc-O2,20260917,472,8,measure,48,branch,filter_copy,p100,65536,1,148313,11,11,6554,6554,1
54,gcc-O2,20260917,473,8,measure,49,branch,sum_if,p500,65536,1,52593,11,11,261284744287062128,261284744287062128,1
54,gcc-O2,20260917,474,8,measure,50,dependency,sum_four,uniform,65536,64,577545,11,11,1190735372877940864,1190735372877940864,1
54,gcc-O2,20260917,475,8,measure,51,dependency,sum_one_bis,uniform,65536,64,1688105,11,11,1190735372877940864,1190735372877940864,1
54,gcc-O2,20260917,476,8,measure,52,branch,filter_copy,p500_alternating,65536,1,26422,11,11,32768,32768,1
54,gcc-O2,20260917,477,9,measure,0,branch,sum_if,p500_alternating,65536,1,52561,11,11,4196774058536912234,4196774058536912234,1
54,gcc-O2,20260917,478,9,measure,1,branch,filter_copy,p500,65536,1,370214,11,11,32768,32768,1
54,gcc-O2,20260917,479,9,measure,2,small,sum_one,uniform,24,43690,509979,11,11,5019437447312423050,5019437447312423050,1
54,gcc-O2,20260917,480,9,measure,3,dependency,chain_xor_mul,uniform,65536,64,6735609,11,11,5299772668389481216,5299772668389481216,1
54,gcc-O2,20260917,481,9,measure,4,branch,sum_if,p100,65536,1,52559,11,11,3083979731501324985,3083979731501324985,1
54,gcc-O2,20260917,482,9,measure,5,branch,filter_copy,p500_alternating,65536,1,26399,11,11,32768,32768,1
54,gcc-O2,20260917,483,9,measure,6,branch,filter_copy,p900,65536,1,142670,11,11,58982,58982,1
54,gcc-O2,20260917,484,9,measure,7,small,sum_one,uniform,48,21845,733125,11,11,18173204259618227916,18173204259618227916,1
54,gcc-O2,20260917,485,9,measure,8,dependency,sum_four,uniform,65536,64,606305,11,11,1190735372877940864,1190735372877940864,1
54,gcc-O2,20260917,486,9,measure,9,branch,sum_if,p500,65536,1,52574,11,11,261284744287062128,261284744287062128,1
54,gcc-O2,20260917,487,9,measure,10,dependency,sum_one_bis,uniform,65536,64,1694423,11,11,1190735372877940864,1190735372877940864,1
54,gcc-O2,20260917,488,9,measure,11,branch,filter_copy,p1000,65536,1,27016,11,11,65536,65536,1
54,gcc-O2,20260917,489,9,measure,12,branch,filter_copy_mask,p250,65536,1,28103,11,11,16384,16384,1
54,gcc-O2,20260917,490,9,measure,13,small,sum_one,uniform,3,349525,983168,11,11,9690214761957071044,9690214761957071044,1
54,gcc-O2,20260917,491,9,measure,14,branch,filter_copy,p250,65536,1,268210,11,11,16384,16384,1
54,gcc-O2,20260917,492,9,measure,15,branch,sum_if,p500_sorted,65536,1,52547,11,11,2213941836433581612,2213941836433581612,1
54,gcc-O2,20260917,493,9,measure,16,small,sum_one,uniform,6,174762,735540,11,11,4529353940760067638,4529353940760067638,1
54,gcc-O2,20260917,494,9,measure,17,small,sum_one,uniform,1024,1024,423147,11,11,6113767114656410624,6113767114656410624,1
54,gcc-O2,20260917,495,9,measure,18,branch,filter_copy,p100,65536,1,145549,11,11,6554,6554,1
54,gcc-O2,20260917,496,9,measure,19,small,sum_one,uniform,32,32768,491423,11,11,4730905112462327808,4730905112462327808,1
54,gcc-O2,20260917,497,9,measure,20,branch,sum_if,p900,65536,1,52574,11,11,1957202038211152021,1957202038211152021,1
54,gcc-O2,20260917,498,9,measure,21,small,sum_one,uniform,256,4096,421215,11,11,12471836693395644416,12471836693395644416,1
54,gcc-O2,20260917,499,9,measure,22,branch,filter_copy_mask,p500_sorted,65536,1,27381,11,11,32768,32768,1
54,gcc-O2,20260917,500,9,measure,23,branch,sum_if,p750,65536,1,52566,11,11,14586442889165806448,14586442889165806448,1
54,gcc-O2,20260917,501,9,measure,24,branch,filter_copy_mask,p100,65536,1,27790,11,11,6554,6554,1
54,gcc-O2,20260917,502,9,measure,25,small,sum_one,uniform,1,1048576,1688542,11,11,8452580083670974464,8452580083670974464,1
54,gcc-O2,20260917,503,9,measure,26,small,sum_one,uniform,384,2730,424948,11,11,5767785928059657782,5767785928059657782,1
54,gcc-O2,20260917,504,9,measure,27,branch,sum_if,p000,65536,1,52574,11,11,0,0,1
54,gcc-O2,20260917,505,9,measure,28,branch,filter_copy,p500_sorted,65536,1,26898,11,11,32768,32768,1
54,gcc-O2,20260917,506,9,measure,29,small,sum_one,uniform,512,2048,424652,11,11,6127788314265579520,6127788314265579520,1
54,gcc-O2,20260917,507,9,measure,30,small,sum_one,uniform,192,5461,419011,11,11,17901819518249685373,17901819518249685373,1
54,gcc-O2,20260917,508,9,measure,31,branch,filter_copy,p000,65536,1,26325,11,11,0,0,1
54,gcc-O2,20260917,509,9,measure,32,small,sum_one,uniform,16,65536,553997,11,11,1403062601089810432,1403062601089810432,1
54,gcc-O2,20260917,510,9,measure,33,branch,filter_copy_mask,p750,65536,1,27881,11,11,49152,49152,1
54,gcc-O2,20260917,511,9,measure,34,small,sum_one,uniform,8,131072,683365,11,11,11724155215337095168,11724155215337095168,1
54,gcc-O2,20260917,512,9,measure,35,small,sum_one,uniform,128,8192,433105,11,11,17503531059042279424,17503531059042279424,1
54,gcc-O2,20260917,513,9,measure,36,branch,filter_copy_mask,p900,65536,1,27871,11,11,58982,58982,1
54,gcc-O2,20260917,514,9,measure,37,small,sum_one,uniform,12,87381,599812,11,11,18208879310165819389,18208879310165819389,1
54,gcc-O2,20260917,515,9,measure,38,branch,sum_if,p1000,65536,1,52582,11,11,4485739283943968327,4485739283943968327,1
54,gcc-O2,20260917,516,9,measure,39,small,sum_one,uniform,768,1365,417280,11,11,6760326044614544011,6760326044614544011,1
54,gcc-O2,20260917,517,9,measure,40,branch,filter_copy_mask,p500_alternating,65536,1,30498,11,11,32768,32768,1
54,gcc-O2,20260917,518,9,measure,41,branch,sum_if,p250,65536,1,52568,11,11,75766260937212688,75766260937212688,1
54,gcc-O2,20260917,519,9,measure,42,small,sum_one,uniform,96,10922,476521,11,11,1966801938065649448,1966801938065649448,1
54,gcc-O2,20260917,520,9,measure,43,dependency,split_xor_mul,uniform,65536,64,2273254,11,11,8310383708453772032,8310383708453772032,1
54,gcc-O2,20260917,521,9,measure,44,branch,filter_copy_mask,p500,65536,1,27935,11,11,32768,32768,1
54,gcc-O2,20260917,522,9,measure,45,branch,filter_copy_mask,p000,65536,1,27202,11,11,0,0,1
54,gcc-O2,20260917,523,9,measure,46,dependency,sum_one,uniform,65536,64,1688964,11,11,1190735372877940864,1190735372877940864,1
54,gcc-O2,20260917,524,9,measure,47,dependency,sum_twice,uniform,65536,64,3379359,11,11,2381470745755881728,2381470745755881728,1
54,gcc-O2,20260917,525,9,measure,48,small,sum_one,uniform,64,16384,576829,11,11,14815439244071927808,14815439244071927808,1
54,gcc-O2,20260917,526,9,measure,49,small,sum_one,uniform,4,262144,900368,11,11,6027757896494481408,6027757896494481408,1
54,gcc-O2,20260917,527,9,measure,50,branch,filter_copy,p750,65536,1,264988,11,11,49152,49152,1
54,gcc-O2,20260917,528,9,measure,51,small,sum_one,uniform,2,524288,1057764,11,11,14489530702789345280,14489530702789345280,1
54,gcc-O2,20260917,529,9,measure,52,branch,filter_copy_mask,p1000,65536,1,27484,11,11,65536,65536,1
54,gcc-O2,20260917,530,10,measure,0,branch,filter_copy_mask,p100,65536,1,27856,11,11,6554,6554,1
54,gcc-O2,20260917,531,10,measure,1,branch,filter_copy_mask,p500,65536,1,27876,11,11,32768,32768,1
54,gcc-O2,20260917,532,10,measure,2,small,sum_one,uniform,64,16384,587065,11,11,14815439244071927808,14815439244071927808,1
54,gcc-O2,20260917,533,10,measure,3,small,sum_one,uniform,8,131072,686822,11,11,11724155215337095168,11724155215337095168,1
54,gcc-O2,20260917,534,10,measure,4,small,sum_one,uniform,48,21845,716363,11,11,18173204259618227916,18173204259618227916,1
54,gcc-O2,20260917,535,10,measure,5,branch,sum_if,p500,65536,1,52576,11,11,261284744287062128,261284744287062128,1
54,gcc-O2,20260917,536,10,measure,6,branch,sum_if,p100,65536,1,56481,11,11,3083979731501324985,3083979731501324985,1
54,gcc-O2,20260917,537,10,measure,7,branch,filter_copy_mask,p500_sorted,65536,1,27157,11,11,32768,32768,1
54,gcc-O2,20260917,538,10,measure,8,branch,sum_if,p900,65536,1,52576,11,11,1957202038211152021,1957202038211152021,1
54,gcc-O2,20260917,539,10,measure,9,branch,sum_if,p250,65536,1,52554,11,11,75766260937212688,75766260937212688,1
54,gcc-O2,20260917,540,10,measure,10,branch,sum_if,p1000,65536,1,52553,11,11,4485739283943968327,4485739283943968327,1
54,gcc-O2,20260917,541,10,measure,11,branch,filter_copy_mask,p500_alternating,65536,1,27540,11,11,32768,32768,1
54,gcc-O2,20260917,542,10,measure,12,small,sum_one,uniform,96,10922,476704,11,11,1966801938065649448,1966801938065649448,1
54,gcc-O2,20260917,543,10,measure,13,branch,filter_copy,p500_sorted,65536,1,26541,11,11,32768,32768,1
54,gcc-O2,20260917,544,10,measure,14,dependency,sum_twice,uniform,65536,64,3385674,11,11,2381470745755881728,2381470745755881728,1
54,gcc-O2,20260917,545,10,measure,15,branch,filter_copy_mask,p750,65536,1,28071,11,11,49152,49152,1
54,gcc-O2,20260917,546,10,measure,16,branch,sum_if,p500_sorted,65536,1,52546,11,11,2213941836433581612,2213941836433581612,1
54,gcc-O2,20260917,547,10,measure,17,small,sum_one,uniform,6,174762,738019,11,11,4529353940760067638,4529353940760067638,1
54,gcc-O2,20260917,548,10,measure,18,branch,sum_if,p500_alternating,65536,1,52573,11,11,4196774058536912234,4196774058536912234,1
54,gcc-O2,20260917,549,10,measure,19,branch,filter_copy,p1000,65536,1,29316,11,11,65536,65536,1
54,gcc-O2,20260917,550,10,measure,20,branch,filter_copy_mask,p250,65536,1,28149,11,11,16384,16384,1
54,gcc-O2,20260917,551,10,measure,21,small,sum_one,uniform,4,262144,1052426,11,11,6027757896494481408,6027757896494481408,1
54,gcc-O2,20260917,552,10,measure,22,branch,filter_copy,p250,65536,1,271531,11,11,16384,16384,1
54,gcc-O2,20260917,553,10,measure,23,branch,filter_copy,p900,65536,1,144552,11,11,58982,58982,1
54,gcc-O2,20260917,554,10,measure,24,branch,filter_copy_mask,p000,65536,1,27298,11,11,0,0,1
54,gcc-O2,20260917,555,10,measure,25,small,sum_one,uniform,24,43690,509320,11,11,5019437447312423050,5019437447312423050,1
54,gcc-O2,20260917,556,10,measure,26,small,sum_one,uniform,3,349525,990644,11,11,9690214761957071044,9690214761957071044,1
54,gcc-O2,20260917,557,10,measure,27,branch,sum_if,p750,65536,1,56768,11,11,14586442889165806448,14586442889165806448,1
54,gcc-O2,20260917,558,10,measure,28,dependency,chain_xor_mul,uniform,65536,64,6796057,11,11,5299772668389481216,5299772668389481216,1
54,gcc-O2,20260917,559,10,measure,29,small,sum_one,uniform,32,32768,494138,11,11,4730905112462327808,4730905112462327808,1
54,gcc-O2,20260917,560,10,measure,30,small,sum_one,uniform,1,1048576,1685639,11,11,8452580083670974464,8452580083670974464,1
54,gcc-O2,20260917,561,10,measure,31,small,sum_one,uniform,12,87381,603973,11,11,18208879310165819389,18208879310165819389,1
54,gcc-O2,20260917,562,10,measure,32,small,sum_one,uniform,16,65536,551709,11,11,1403062601089810432,1403062601089810432,1
54,gcc-O2,20260917,563,10,measure,33,small,sum_one,uniform,192,5461,425015,11,11,17901819518249685373,17901819518249685373,1
54,gcc-O2,20260917,564,10,measure,34,branch,filter_copy,p100,65536,1,149246,11,11,6554,6554,1
54,gcc-O2,20260917,565,10,measure,35,branch,sum_if,p000,65536,1,55155,11,11,0,0,1
54,gcc-O2,20260917,566,10,measure,36,branch,filter_copy,p000,65536,1,26344,11,11,0,0,1
54,gcc-O2,20260917,567,10,measure,37,dependency,sum_four,uniform,65536,64,586248,11,11,1190735372877940864,1190735372877940864,1
54,gcc-O2,20260917,568,10,measure,38,small,sum_one,uniform,384,2730,420397,11,11,5767785928059657782,5767785928059657782,1
54,gcc-O2,20260917,569,10,measure,39,branch,filter_copy_mask,p900,65536,1,27740,11,11,58982,58982,1
54,gcc-O2,20260917,570,10,measure,40,branch,filter_copy,p750,65536,1,264911,11,11,49152,49152,1
54,gcc-O2,20260917,571,10,measure,41,dependency,sum_one_bis,uniform,65536,64,1689959,11,11,1190735372877940864,1190735372877940864,1
54,gcc-O2,20260917,572,10,measure,42,small,sum_one,uniform,2,524288,1058153,11,11,14489530702789345280,14489530702789345280,1
54,gcc-O2,20260917,573,10,measure,43,small,sum_one,uniform,768,1365,417188,11,11,6760326044614544011,6760326044614544011,1
54,gcc-O2,20260917,574,10,measure,44,branch,filter_copy,p500_alternating,65536,1,26540,11,11,32768,32768,1
54,gcc-O2,20260917,575,10,measure,45,small,sum_one,uniform,256,4096,421199,11,11,12471836693395644416,12471836693395644416,1
54,gcc-O2,20260917,576,10,measure,46,branch,filter_copy_mask,p1000,65536,1,27474,11,11,65536,65536,1
54,gcc-O2,20260917,577,10,measure,47,dependency,sum_one,uniform,65536,64,1734321,11,11,1190735372877940864,1190735372877940864,1
54,gcc-O2,20260917,578,10,measure,48,branch,filter_copy,p500,65536,1,377802,11,11,32768,32768,1
54,gcc-O2,20260917,579,10,measure,49,small,sum_one,uniform,1024,1024,420835,11,11,6113767114656410624,6113767114656410624,1
54,gcc-O2,20260917,580,10,measure,50,dependency,split_xor_mul,uniform,65536,64,2289905,11,11,8310383708453772032,8310383708453772032,1
54,gcc-O2,20260917,581,10,measure,51,small,sum_one,uniform,512,2048,421442,11,11,6127788314265579520,6127788314265579520,1
54,gcc-O2,20260917,582,10,measure,52,small,sum_one,uniform,128,8192,491405,11,11,17503531059042279424,17503531059042279424,1
54,gcc-O2,20260917,583,11,measure,0,branch,filter_copy_mask,p250,65536,1,28336,11,11,16384,16384,1
54,gcc-O2,20260917,584,11,measure,1,branch,filter_copy_mask,p500_sorted,65536,1,26970,11,11,32768,32768,1
54,gcc-O2,20260917,585,11,measure,2,branch,filter_copy,p500,65536,1,370694,11,11,32768,32768,1
54,gcc-O2,20260917,586,11,measure,3,small,sum_one,uniform,6,174762,740177,11,11,4529353940760067638,4529353940760067638,1
54,gcc-O2,20260917,587,11,measure,4,dependency,sum_one_bis,uniform,65536,64,1696093,11,11,1190735372877940864,1190735372877940864,1
54,gcc-O2,20260917,588,11,measure,5,branch,filter_copy,p000,65536,1,26441,11,11,0,0,1
54,gcc-O2,20260917,589,11,measure,6,branch,sum_if,p500,65536,1,52554,11,11,261284744287062128,261284744287062128,1
54,gcc-O2,20260917,590,11,measure,7,branch,filter_copy_mask,p1000,65536,1,27864,11,11,65536,65536,1
54,gcc-O2,20260917,591,11,measure,8,small,sum_one,uniform,192,5461,408114,11,11,17901819518249685373,17901819518249685373,1
54,gcc-O2,20260917,592,11,measure,9,branch,filter_copy,p900,65536,1,141330,11,11,58982,58982,1
54,gcc-O2,20260917,593,11,measure,10,branch,filter_copy_mask,p750,65536,1,28450,11,11,49152,49152,1
54,gcc-O2,20260917,594,11,measure,11,branch,sum_if,p1000,65536,1,52564,11,11,4485739283943968327,4485739283943968327,1
54,gcc-O2,20260917,595,11,measure,12,small,sum_one,uniform,48,21845,697427,11,11,18173204259618227916,18173204259618227916,1
54,gcc-O2,20260917,596,11,measure,13,branch,sum_if,p500_sorted,65536,1,52572,11,11,2213941836433581612,2213941836433581612,1
54,gcc-O2,20260917,597,11,measure,14,small,sum_one,uniform,512,2048,506996,11,11,6127788314265579520,6127788314265579520,1
54,gcc-O2,20260917,598,11,measure,15,small,sum_one,uniform,3,349525,1153290,11,11,9690214761957071044,9690214761957071044,1
54,gcc-O2,20260917,599,11,measure,16,small,sum_one,uniform,24,43690,964414,11,11,5019437447312423050,5019437447312423050,1
54,gcc-O2,20260917,600,11,measure,17,dependency,sum_one,uniform,65536,64,1775351,11,11,1190735372877940864,1190735372877940864,1
54,gcc-O2,20260917,601,11,measure,18,branch,sum_if,p750,65536,1,52602,11,11,14586442889165806448,14586442889165806448,1
54,gcc-O2,20260917,602,11,measure,19,small,sum_one,uniform,8,131072,683030,11,11,11724155215337095168,11724155215337095168,1
54,gcc-O2,20260917,603,11,measure,20,branch,sum_if,p250,65536,1,52569,11,11,75766260937212688,75766260937212688,1
54,gcc-O2,20260917,604,11,measure,21,branch,sum_if,p900,65536,1,52571,11,11,1957202038211152021,1957202038211152021,1
54,gcc-O2,20260917,605,11,measure,22,branch,filter_copy,p500_alternating,65536,1,26511,11,11,32768,32768,1
54,gcc-O2,20260917,606,11,measure,23,branch,filter_copy,p1000,65536,1,26742,11,11,65536,65536,1
54,gcc-O2,20260917,607,11,measure,24,branch,filter_copy_mask,p900,65536,1,27773,11,11,58982,58982,1
54,gcc-O2,20260917,608,11,measure,25,small,sum_one,uniform,1,1048576,1692185,11,11,8452580083670974464,8452580083670974464,1
54,gcc-O2,20260917,609,11,measure,26,branch,filter_copy,p500_sorted,65536,1,26491,11,11,32768,32768,1
54,gcc-O2,20260917,610,11,measure,27,branch,filter_copy_mask,p000,65536,1,27130,11,11,0,0,1
54,gcc-O2,20260917,611,11,measure,28,branch,filter_copy_mask,p500,65536,1,27725,11,11,32768,32768,1
54,gcc-O2,20260917,612,11,measure,29,small,sum_one,uniform,16,65536,551700,11,11,1403062601089810432,1403062601089810432,1
54,gcc-O2,20260917,613,11,measure,30,branch,filter_copy,p100,65536,1,146096,11,11,6554,6554,1
54,gcc-O2,20260917,614,11,measure,31,small,sum_one,uniform,96,10922,483045,11,11,1966801938065649448,1966801938065649448,1
54,gcc-O2,20260917,615,11,measure,32,small,sum_one,uniform,64,16384,600199,11,11,14815439244071927808,14815439244071927808,1
54,gcc-O2,20260917,616,11,measure,33,small,sum_one,uniform,32,32768,491116,11,11,4730905112462327808,4730905112462327808,1
54,gcc-O2,20260917,617,11,measure,34,branch,sum_if,p500_alternating,65536,1,52577,11,11,4196774058536912234,4196774058536912234,1
54,gcc-O2,20260917,618,11,measure,35,small,sum_one,uniform,2,524288,1053226,11,11,14489530702789345280,14489530702789345280,1
54,gcc-O2,20260917,619,11,measure,36,small,sum_one,uniform,768,1365,420808,11,11,6760326044614544011,6760326044614544011,1
54,gcc-O2,20260917,620,11,measure,37,small,sum_one,uniform,256,4096,422254,11,11,12471836693395644416,12471836693395644416,1
54,gcc-O2,20260917,621,11,measure,38,dependency,chain_xor_mul,uniform,65536,64,6736291,11,11,5299772668389481216,5299772668389481216,1
54,gcc-O2,20260917,622,11,measure,39,small,sum_one,uniform,128,8192,458618,11,11,17503531059042279424,17503531059042279424,1
54,gcc-O2,20260917,623,11,measure,40,small,sum_one,uniform,384,2730,420928,11,11,5767785928059657782,5767785928059657782,1
54,gcc-O2,20260917,624,11,measure,41,small,sum_one,uniform,12,87381,601889,11,11,18208879310165819389,18208879310165819389,1
54,gcc-O2,20260917,625,11,measure,42,small,sum_one,uniform,1024,1024,421895,11,11,6113767114656410624,6113767114656410624,1
54,gcc-O2,20260917,626,11,measure,43,branch,filter_copy,p750,65536,1,264849,11,11,49152,49152,1
54,gcc-O2,20260917,627,11,measure,44,branch,filter_copy_mask,p500_alternating,65536,1,27908,11,11,32768,32768,1
54,gcc-O2,20260917,628,11,measure,45,branch,filter_copy_mask,p100,65536,1,28028,11,11,6554,6554,1
54,gcc-O2,20260917,629,11,measure,46,branch,filter_copy,p250,65536,1,272696,11,11,16384,16384,1
54,gcc-O2,20260917,630,11,measure,47,branch,sum_if,p000,65536,1,52585,11,11,0,0,1
54,gcc-O2,20260917,631,11,measure,48,dependency,split_xor_mul,uniform,65536,64,2260123,11,11,8310383708453772032,8310383708453772032,1
54,gcc-O2,20260917,632,11,measure,49,branch,sum_if,p100,65536,1,53257,11,11,3083979731501324985,3083979731501324985,1
54,gcc-O2,20260917,633,11,measure,50,dependency,sum_twice,uniform,65536,64,3394527,11,11,2381470745755881728,2381470745755881728,1
54,gcc-O2,20260917,634,11,measure,51,dependency,sum_four,uniform,65536,64,574103,11,11,1190735372877940864,1190735372877940864,1
54,gcc-O2,20260917,635,11,measure,52,small,sum_one,uniform,4,262144,1140131,11,11,6027757896494481408,6027757896494481408,1
54,gcc-O2,20260917,636,12,measure,0,branch,filter_copy,p500_sorted,65536,1,26870,11,11,32768,32768,1
54,gcc-O2,20260917,637,12,measure,1,small,sum_one,uniform,512,2048,422072,11,11,6127788314265579520,6127788314265579520,1
54,gcc-O2,20260917,638,12,measure,2,small,sum_one,uniform,96,10922,529662,11,11,1966801938065649448,1966801938065649448,1
54,gcc-O2,20260917,639,12,measure,3,branch,filter_copy_mask,p250,65536,1,29692,11,11,16384,16384,1
54,gcc-O2,20260917,640,12,measure,4,small,sum_one,uniform,6,174762,768788,11,11,4529353940760067638,4529353940760067638,1
54,gcc-O2,20260917,641,12,measure,5,small,sum_one,uniform,768,1365,446211,11,11,6760326044614544011,6760326044614544011,1
54,gcc-O2,20260917,642,12,measure,6,branch,filter_copy,p500_alternating,65536,1,27574,11,11,32768,32768,1
54,gcc-O2,20260917,643,12,measure,7,small,sum_one,uniform,16,65536,579319,11,11,1403062601089810432,1403062601089810432,1
54,gcc-O2,20260917,644,12,measure,8,branch,filter_copy,p250,65536,1,282940,11,11,16384,16384,1
54,gcc-O2,20260917,645,12,measure,9,dependency,sum_twice,uniform,65536,64,3487845,11,11,2381470745755881728,2381470745755881728,1
54,gcc-O2,20260917,646,12,measure,10,dependency,split_xor_mul,uniform,65536,64,2251923,11,11,8310383708453772032,8310383708453772032,1
54,gcc-O2,20260917,647,12,measure,11,branch,filter_copy,p900,65536,1,143772,11,11,58982,58982,1
54,gcc-O2,20260917,648,12,measure,12,branch,sum_if,p500_sorted,65536,1,55358,11,11,2213941836433581612,2213941836433581612,1
54,gcc-O2,20260917,649,12,measure,13,branch,filter_copy,p750,65536,1,264735,11,11,49152,49152,1
54,gcc-O2,20260917,650,12,measure,14,small,sum_one,uniform,24,43690,514599,11,11,5019437447312423050,5019437447312423050,1
54,gcc-O2,20260917,651,12,measure,15,branch,sum_if,p100,65536,1,52591,11,11,3083979731501324985,3083979731501324985,1
54,gcc-O2,20260917,652,12,measure,16,small,sum_one,uniform,3,349525,982899,11,11,9690214761957071044,9690214761957071044,1
54,gcc-O2,20260917,653,12,measure,17,small,sum_one,uniform,2,524288,1058019,11,11,14489530702789345280,14489530702789345280,1
54,gcc-O2,20260917,654,12,measure,18,small,sum_one,uniform,4,262144,895940,11,11,6027757896494481408,6027757896494481408,1
54,gcc-O2,20260917,655,12,measure,19,small,sum_one,uniform,384,2730,419039,11,11,5767785928059657782,5767785928059657782,1
54,gcc-O2,20260917,656,12,measure,20,branch,filter_copy,p500,65536,1,370465,11,11,32768,32768,1
54,gcc-O2,20260917,657,12,measure,21,branch,sum_if,p750,65536,1,52568,11,11,14586442889165806448,14586442889165806448,1
54,gcc-O2,20260917,658,12,measure,22,branch,filter_copy_mask,p1000,65536,1,27766,11,11,65536,65536,1
54,gcc-O2,20260917,659,12,measure,23,branch,sum_if,p1000,65536,1,52560,11,11,4485739283943968327,4485739283943968327,1
54,gcc-O2,20260917,660,12,measure,24,small,sum_one,uniform,1,1048576,1688203,11,11,8452580083670974464,8452580083670974464,1
54,gcc-O2,20260917,661,12,measure,25,branch,filter_copy_mask,p500_alternating,65536,1,27818,11,11,32768,32768,1
54,gcc-O2,20260917,662,12,measure,26,dependency,sum_one_bis,uniform,65536,64,1692585,11,11,1190735372877940864,1190735372877940864,1
54,gcc-O2,20260917,663,12,measure,27,small,sum_one,uniform,8,131072,689743,11,11,11724155215337095168,11724155215337095168,1
54,gcc-O2,20260917,664,12,measure,28,small,sum_one,uniform,1024,1024,421857,11,11,6113767114656410624,6113767114656410624,1
54,gcc-O2,20260917,665,12,measure,29,branch,filter_copy_mask,p000,65536,1,27178,11,11,0,0,1
54,gcc-O2,20260917,666,12,measure,30,branch,sum_if,p000,65536,1,52583,11,11,0,0,1
54,gcc-O2,20260917,667,12,measure,31,branch,sum_if,p500_alternating,65536,1,52565,11,11,4196774058536912234,4196774058536912234,1
54,gcc-O2,20260917,668,12,measure,32,dependency,sum_one,uniform,65536,64,1688192,11,11,1190735372877940864,1190735372877940864,1
54,gcc-O2,20260917,669,12,measure,33,branch,filter_copy,p000,65536,1,26377,11,11,0,0,1
54,gcc-O2,20260917,670,12,measure,34,small,sum_one,uniform,32,32768,491790,11,11,4730905112462327808,4730905112462327808,1
54,gcc-O2,20260917,671,12,measure,35,small,sum_one,uniform,64,16384,603437,11,11,14815439244071927808,14815439244071927808,1
54,gcc-O2,20260917,672,12,measure,36,branch,filter_copy_mask,p750,65536,1,28411,11,11,49152,49152,1
54,gcc-O2,20260917,673,12,measure,37,branch,filter_copy,p1000,65536,1,26606,11,11,65536,65536,1
54,gcc-O2,20260917,674,12,measure,38,small,sum_one,uniform,12,87381,599734,11,11,18208879310165819389,18208879310165819389,1
54,gcc-O2,20260917,675,12,measure,39,branch,filter_copy_mask,p500,65536,1,28249,11,11,32768,32768,1
54,gcc-O2,20260917,676,12,measure,40,small,sum_one,uniform,256,4096,419465,11,11,12471836693395644416,12471836693395644416,1
54,gcc-O2,20260917,677,12,measure,41,branch,filter_copy_mask,p900,65536,1,28182,11,11,58982,58982,1
54,gcc-O2,20260917,678,12,measure,42,small,sum_one,uniform,192,5461,416322,11,11,17901819518249685373,17901819518249685373,1
54,gcc-O2,20260917,679,12,measure,43,small,sum_one,uniform,48,21845,713561,11,11,18173204259618227916,18173204259618227916,1
54,gcc-O2,20260917,680,12,measure,44,dependency,sum_four,uniform,65536,64,584515,11,11,1190735372877940864,1190735372877940864,1
54,gcc-O2,20260917,681,12,measure,45,dependency,chain_xor_mul,uniform,65536,64,6735587,11,11,5299772668389481216,5299772668389481216,1
54,gcc-O2,20260917,682,12,measure,46,small,sum_one,uniform,128,8192,457922,11,11,17503531059042279424,17503531059042279424,1
54,gcc-O2,20260917,683,12,measure,47,branch,sum_if,p250,65536,1,52590,11,11,75766260937212688,75766260937212688,1
54,gcc-O2,20260917,684,12,measure,48,branch,filter_copy_mask,p100,65536,1,28733,11,11,6554,6554,1
54,gcc-O2,20260917,685,12,measure,49,branch,filter_copy,p100,65536,1,157552,11,11,6554,6554,1
54,gcc-O2,20260917,686,12,measure,50,branch,sum_if,p500,65536,1,52585,11,11,261284744287062128,261284744287062128,1
54,gcc-O2,20260917,687,12,measure,51,branch,sum_if,p900,65536,1,52570,11,11,1957202038211152021,1957202038211152021,1
54,gcc-O2,20260917,688,12,measure,52,branch,filter_copy_mask,p500_sorted,65536,1,27500,11,11,32768,32768,1
54,gcc-O2,20260917,689,13,measure,0,branch,filter_copy,p100,65536,1,145546,11,11,6554,6554,1
54,gcc-O2,20260917,690,13,measure,1,branch,filter_copy,p500_sorted,65536,1,26500,11,11,32768,32768,1
54,gcc-O2,20260917,691,13,measure,2,branch,sum_if,p100,65536,1,54766,11,11,3083979731501324985,3083979731501324985,1
54,gcc-O2,20260917,692,13,measure,3,small,sum_one,uniform,32,32768,508153,11,11,4730905112462327808,4730905112462327808,1
54,gcc-O2,20260917,693,13,measure,4,branch,sum_if,p000,65536,1,54752,11,11,0,0,1
54,gcc-O2,20260917,694,13,measure,5,small,sum_one,uniform,24,43690,525172,11,11,5019437447312423050,5019437447312423050,1
54,gcc-O2,20260917,695,13,measure,6,branch,filter_copy_mask,p250,65536,1,28416,11,11,16384,16384,1
54,gcc-O2,20260917,696,13,measure,7,branch,filter_copy,p500,65536,1,383622,11,11,32768,32768,1
54,gcc-O2,20260917,697,13,measure,8,small,sum_one,uniform,256,4096,425456,11,11,12471836693395644416,12471836693395644416,1
54,gcc-O2,20260917,698,13,measure,9,branch,filter_copy_mask,p1000,65536,1,28887,11,11,65536,65536,1
54,gcc-O2,20260917,699,13,measure,10,dependency,sum_one,uniform,65536,64,1758327,11,11,1190735372877940864,1190735372877940864,1
54,gcc-O2,20260917,700,13,measure,11,small,sum_one,uniform,6,174762,773281,11,11,4529353940760067638,4529353940760067638,1
54,gcc-O2,20260917,701,13,measure,12,dependency,chain_xor_mul,uniform,65536,64,6759634,11,11,5299772668389481216,5299772668389481216,1
54,gcc-O2,20260917,702,13,measure,13,branch,filter_copy,p750,65536,1,269803,11,11,49152,49152,1
54,gcc-O2,20260917,703,13,measure,14,small,sum_one,uniform,2,524288,1058035,11,11,14489530702789345280,14489530702789345280,1
54,gcc-O2,20260917,704,13,measure,15,small,sum_one,uniform,192,5461,406943,11,11,17901819518249685373,17901819518249685373,1
54,gcc-O2,20260917,705,13,measure,16,branch,filter_copy,p250,65536,1,266283,11,11,16384,16384,1
54,gcc-O2,20260917,706,13,measure,17,dependency,sum_twice,uniform,65536,64,3372599,11,11,2381470745755881728,2381470745755881728,1
54,gcc-O2,20260917,707,13,measure,18,small,sum_one,uniform,1024,1024,422433,11,11,6113767114656410624,6113767114656410624,1
54,gcc-O2,20260917,708,13,measure,19,dependency,sum_one_bis,uniform,65536,64,1696066,11,11,1190735372877940864,1190735372877940864,1
54,gcc-O2,20260917,709,13,measure,20,branch,filter_copy,p500_alternating,65536,1,26490,11,11,32768,32768,1
54,gcc-O2,20260917,710,13,measure,21,small,sum_one,uniform,1,1048576,1688129,11,11,8452580083670974464,8452580083670974464,1
54,gcc-O2,20260917,711,13,measure,22,small,sum_one,uniform,384,2730,419474,11,11,5767785928059657782,5767785928059657782,1
54,gcc-O2,20260917,712,13,measure,23,small,sum_one,uniform,512,2048,421077,11,11,6127788314265579520,6127788314265579520,1
54,gcc-O2,20260917,713,13,measure,24,branch,sum_if,p500_sorted,65536,1,52575,11,11,2213941836433581612,2213941836433581612,1
54,gcc-O2,20260917,714,13,measure,25,branch,sum_if,p900,65536,1,52580,11,11,1957202038211152021,1957202038211152021,1
54,gcc-O2,20260917,715,13,measure,26,small,sum_one,uniform,12,87381,601641,11,11,18208879310165819389,18208879310165819389,1
54,gcc-O2,20260917,716,13,measure,27,branch,filter_copy_mask,p000,65536,1,29856,11,11,0,0,1
54,gcc-O2,20260917,717,13,measure,28,small,sum_one,uniform,96,10922,475731,11,11,1966801938065649448,1966801938065649448,1
54,gcc-O2,20260917,718,13,measure,29,dependency,split_xor_mul,uniform,65536,64,2216427,11,11,8310383708453772032,8310383708453772032,1
54,gcc-O2,20260917,719,13,measure,30,small,sum_one,uniform,16,65536,553868,11,11,1403062601089810432,1403062601089810432,1
54,gcc-O2,20260917,720,13,measure,31,branch,filter_copy,p900,65536,1,143903,11,11,58982,58982,1
54,gcc-O2,20260917,721,13,measure,32,branch,sum_if,p750,65536,1,52592,11,11,14586442889165806448,14586442889165806448,1
54,gcc-O2,20260917,722,13,measure,33,branch,sum_if,p1000,65536,1,52582,11,11,4485739283943968327,4485739283943968327,1
54,gcc-O2,20260917,723,13,measure,34,small,sum_one,uniform,4,262144,895335,11,11,6027757896494481408,6027757896494481408,1
54,gcc-O2,20260917,724,13,measure,35,branch,filter_copy,p1000,65536,1,26698,11,11,65536,65536,1
54,gcc-O2,20260917,725,13,measure,36,branch,filter_copy_mask,p100,65536,1,27781,11,11,6554,6554,1
54,gcc-O2,20260917,726,13,measure,37,branch,filter_copy,p000,65536,1,26434,11,11,0,0,1
54,gcc-O2,20260917,727,13,measure,38,branch,filter_copy_mask,p500_alternating,65536,1,27420,11,11,32768,32768,1
54,gcc-O2,20260917,728,13,measure,39,branch,filter_copy_mask,p500_sorted,65536,1,27455,11,11,32768,32768,1
54,gcc-O2,20260917,729,13,measure,40,small,sum_one,uniform,8,131072,685801,11,11,11724155215337095168,11724155215337095168,1
54,gcc-O2,20260917,730,13,measure,41,small,sum_one,uniform,768,1365,422114,11,11,6760326044614544011,6760326044614544011,1
54,gcc-O2,20260917,731,13,measure,42,small,sum_one,uniform,48,21845,739082,11,11,18173204259618227916,18173204259618227916,1
54,gcc-O2,20260917,732,13,measure,43,branch,sum_if,p250,65536,1,52581,11,11,75766260937212688,75766260937212688,1
54,gcc-O2,20260917,733,13,measure,44,branch,filter_copy_mask,p500,65536,1,28042,11,11,32768,32768,1
54,gcc-O2,20260917,734,13,measure,45,small,sum_one,uniform,64,16384,593462,11,11,14815439244071927808,14815439244071927808,1
54,gcc-O2,20260917,735,13,measure,46,small,sum_one,uniform,3,349525,987985,11,11,9690214761957071044,9690214761957071044,1
54,gcc-O2,20260917,736,13,measure,47,branch,sum_if,p500_alternating,65536,1,52573,11,11,4196774058536912234,4196774058536912234,1
54,gcc-O2,20260917,737,13,measure,48,branch,filter_copy_mask,p750,65536,1,28274,11,11,49152,49152,1
54,gcc-O2,20260917,738,13,measure,49,small,sum_one,uniform,128,8192,455674,11,11,17503531059042279424,17503531059042279424,1
54,gcc-O2,20260917,739,13,measure,50,branch,filter_copy_mask,p900,65536,1,27358,11,11,58982,58982,1
54,gcc-O2,20260917,740,13,measure,51,dependency,sum_four,uniform,65536,64,597162,11,11,1190735372877940864,1190735372877940864,1
54,gcc-O2,20260917,741,13,measure,52,branch,sum_if,p500,65536,1,52567,11,11,261284744287062128,261284744287062128,1
54,gcc-O2,20260917,742,14,measure,0,small,sum_one,uniform,1024,1024,498723,11,11,6113767114656410624,6113767114656410624,1
54,gcc-O2,20260917,743,14,measure,1,branch,sum_if,p500_sorted,65536,1,52558,11,11,2213941836433581612,2213941836433581612,1
54,gcc-O2,20260917,744,14,measure,2,small,sum_one,uniform,32,32768,489138,11,11,4730905112462327808,4730905112462327808,1
54,gcc-O2,20260917,745,14,measure,3,small,sum_one,uniform,384,2730,502013,11,11,5767785928059657782,5767785928059657782,1
54,gcc-O2,20260917,746,14,measure,4,branch,sum_if,p750,65536,1,52563,11,11,14586442889165806448,14586442889165806448,1
54,gcc-O2,20260917,747,14,measure,5,dependency,sum_one,uniform,65536,64,1707030,11,11,1190735372877940864,1190735372877940864,1
54,gcc-O2,20260917,748,14,measure,6,small,sum_one,uniform,192,5461,419314,11,11,17901819518249685373,17901819518249685373,1
54,gcc-O2,20260917,749,14,measure,7,small,sum_one,uniform,64,16384,608101,11,11,14815439244071927808,14815439244071927808,1
54,gcc-O2,20260917,750,14,measure,8,branch,sum_if,p100,65536,1,52567,11,11,3083979731501324985,3083979731501324985,1
54,gcc-O2,20260917,751,14,measure,9,branch,filter_copy_mask,p000,65536,1,27162,11,11,0,0,1
54,gcc-O2,20260917,752,14,measure,10,branch,sum_if,p500,65536,1,52561,11,11,261284744287062128,261284744287062128,1
54,gcc-O2,20260917,753,14,measure,11,branch,filter_copy_mask,p900,65536,1,27614,11,11,58982,58982,1
54,gcc-O2,20260917,754,14,measure,12,branch,filter_copy,p250,65536,1,272459,11,11,16384,16384,1
54,gcc-O2,20260917,755,14,measure,13,branch,sum_if,p500_alternating,65536,1,52555,11,11,4196774058536912234,4196774058536912234,1
54,gcc-O2,20260917,756,14,measure,14,dependency,sum_twice,uniform,65536,64,3460705,11,11,2381470745755881728,2381470745755881728,1
54,gcc-O2,20260917,757,14,measure,15,small,sum_one,uniform,3,349525,986811,11,11,9690214761957071044,9690214761957071044,1
54,gcc-O2,20260917,758,14,measure,16,small,sum_one,uniform,2,524288,1083793,11,11,14489530702789345280,14489530702789345280,1
54,gcc-O2,20260917,759,14,measure,17,branch,sum_if,p1000,65536,1,52589,11,11,4485739283943968327,4485739283943968327,1
54,gcc-O2,20260917,760,14,measure,18,branch,filter_copy,p500,65536,1,370360,11,11,32768,32768,1
54,gcc-O2,20260917,761,14,measure,19,branch,sum_if,p900,65536,1,52576,11,11,1957202038211152021,1957202038211152021,1
54,gcc-O2,20260917,762,14,measure,20,small,sum_one,uniform,128,8192,444037,11,11,17503531059042279424,17503531059042279424,1
54,gcc-O2,20260917,763,14,measure,21,branch,filter_copy,p000,65536,1,26374,11,11,0,0,1
54,gcc-O2,20260917,764,14,measure,22,small,sum_one,uniform,16,65536,556362,11,11,1403062601089810432,1403062601089810432,1
54,gcc-O2,20260917,765,14,measure,23,small,sum_one,uniform,256,4096,412277,11,11,12471836693395644416,12471836693395644416,1
54,gcc-O2,20260917,766,14,measure,24,branch,filter_copy,p500_alternating,65536,1,26371,11,11,32768,32768,1
54,gcc-O2,20260917,767,14,measure,25,branch,filter_copy_mask,p750,65536,1,27951,11,11,49152,49152,1
54,gcc-O2,20260917,768,14,measure,26,small,sum_one,uniform,4,262144,896734,11,11,6027757896494481408,6027757896494481408,1
54,gcc-O2,20260917,769,14,measure,27,dependency,chain_xor_mul,uniform,65536,64,6739751,11,11,5299772668389481216,5299772668389481216,1
54,gcc-O2,20260917,770,14,measure,28,branch,filter_copy,p100,65536,1,152780,11,11,6554,6554,1
54,gcc-O2,20260917,771,14,measure,29,dependency,sum_one_bis,uniform,65536,64,1704460,11,11,1190735372877940864,1190735372877940864,1
54,gcc-O2,20260917,772,14,measure,30,small,sum_one,uniform,512,2048,428093,11,11,6127788314265579520,6127788314265579520,1
54,gcc-O2,20260917,773,14,measure,31,branch,filter_copy,p1000,65536,1,27041,11,11,65536,65536,1
54,gcc-O2,20260917,774,14,measure,32,branch,filter_copy_mask,p1000,65536,1,27293,11,11,65536,65536,1
54,gcc-O2,20260917,775,14,measure,33,small,sum_one,uniform,96,10922,487539,11,11,1966801938065649448,1966801938065649448,1
54,gcc-O2,20260917,776,14,measure,34,branch,filter_copy,p500_sorted,65536,1,26469,11,11,32768,32768,1
54,gcc-O2,20260917,777,14,measure,35,branch,sum_if,p250,65536,1,52570,11,11,75766260937212688,75766260937212688,1
54,gcc-O2,20260917,778,14,measure,36,branch,sum_if,p000,65536,1,52568,11,11,0,0,1
54,gcc-O2,20260917,779,14,measure,37,small,sum_one,uniform,24,43690,507919,11,11,5019437447312423050,5019437447312423050,1
54,gcc-O2,20260917,780,14,measure,38,small,sum_one,uniform,1,1048576,1690170,11,11,8452580083670974464,8452580083670974464,1
54,gcc-O2,20260917,781,14,measure,39,branch,filter_copy_mask,p500,65536,1,27761,11,11,32768,32768,1
54,gcc-O2,20260917,782,14,measure,40,branch,filter_copy,p900,65536,1,143262,11,11,58982,58982,1
54,gcc-O2,20260917,783,14,measure,41,branch,filter_copy_mask,p250,65536,1,28225,11,11,16384,16384,1
54,gcc-O2,20260917,784,14,measure,42,branch,filter_copy_mask,p500_alternating,65536,1,27922,11,11,32768,32768,1
54,gcc-O2,20260917,785,14,measure,43,branch,filter_copy,p750,65536,1,272458,11,11,49152,49152,1
54,gcc-O2,20260917,786,14,measure,44,small,sum_one,uniform,8,131072,683006,11,11,11724155215337095168,11724155215337095168,1
54,gcc-O2,20260917,787,14,measure,45,branch,filter_copy_mask,p100,65536,1,33110,11,11,6554,6554,1
54,gcc-O2,20260917,788,14,measure,46,small,sum_one,uniform,48,21845,633556,11,11,18173204259618227916,18173204259618227916,1
54,gcc-O2,20260917,789,14,measure,47,small,sum_one,uniform,12,87381,597333,11,11,18208879310165819389,18208879310165819389,1
54,gcc-O2,20260917,790,14,measure,48,dependency,sum_four,uniform,65536,64,613325,11,11,1190735372877940864,1190735372877940864,1
54,gcc-O2,20260917,791,14,measure,49,small,sum_one,uniform,6,174762,742467,11,11,4529353940760067638,4529353940760067638,1
54,gcc-O2,20260917,792,14,measure,50,small,sum_one,uniform,768,1365,422132,11,11,6760326044614544011,6760326044614544011,1
54,gcc-O2,20260917,793,14,measure,51,branch,filter_copy_mask,p500_sorted,65536,1,27638,11,11,32768,32768,1
54,gcc-O2,20260917,794,14,measure,52,dependency,split_xor_mul,uniform,65536,64,2175729,11,11,8310383708453772032,8310383708453772032,1
54,gcc-O2,20260917,795,15,measure,0,branch,filter_copy_mask,p1000,65536,1,27819,11,11,65536,65536,1
54,gcc-O2,20260917,796,15,measure,1,small,sum_one,uniform,768,1365,426162,11,11,6760326044614544011,6760326044614544011,1
54,gcc-O2,20260917,797,15,measure,2,small,sum_one,uniform,512,2048,425184,11,11,6127788314265579520,6127788314265579520,1
54,gcc-O2,20260917,798,15,measure,3,small,sum_one,uniform,12,87381,766018,11,11,18208879310165819389,18208879310165819389,1
54,gcc-O2,20260917,799,15,measure,4,branch,sum_if,p100,65536,1,52560,11,11,3083979731501324985,3083979731501324985,1
54,gcc-O2,20260917,800,15,measure,5,branch,filter_copy_mask,p500_sorted,65536,1,27567,11,11,32768,32768,1
54,gcc-O2,20260917,801,15,measure,6,small,sum_one,uniform,96,10922,494097,11,11,1966801938065649448,1966801938065649448,1
54,gcc-O2,20260917,802,15,measure,7,dependency,split_xor_mul,uniform,65536,64,2255873,11,11,8310383708453772032,8310383708453772032,1
54,gcc-O2,20260917,803,15,measure,8,small,sum_one,uniform,8,131072,682993,11,11,11724155215337095168,11724155215337095168,1
54,gcc-O2,20260917,804,15,measure,9,small,sum_one,uniform,16,65536,558670,11,11,1403062601089810432,1403062601089810432,1
54,gcc-O2,20260917,805,15,measure,10,branch,sum_if,p250,65536,1,54792,11,11,75766260937212688,75766260937212688,1
54,gcc-O2,20260917,806,15,measure,11,branch,filter_copy_mask,p000,65536,1,27307,11,11,0,0,1
54,gcc-O2,20260917,807,15,measure,12,small,sum_one,uniform,128,8192,490194,11,11,17503531059042279424,17503531059042279424,1
54,gcc-O2,20260917,808,15,measure,13,branch,sum_if,p750,65536,1,52596,11,11,14586442889165806448,14586442889165806448,1
54,gcc-O2,20260917,809,15,measure,14,small,sum_one,uniform,24,43690,517052,11,11,5019437447312423050,5019437447312423050,1
54,gcc-O2,20260917,810,15,measure,15,branch,filter_copy,p1000,65536,1,27421,11,11,65536,65536,1
54,gcc-O2,20260917,811,15,measure,16,dependency,chain_xor_mul,uniform,65536,64,6739883,11,11,5299772668389481216,5299772668389481216,1
54,gcc-O2,20260917,812,15,measure,17,small,sum_one,uniform,3,349525,996598,11,11,9690214761957071044,9690214761957071044,1
54,gcc-O2,20260917,813,15,measure,18,branch,sum_if,p1000,65536,1,52573,11,11,4485739283943968327,4485739283943968327,1
54,gcc-O2,20260917,814,15,measure,19,branch,filter_copy,p500,65536,1,372820,11,11,32768,32768,1
54,gcc-O2,20260917,815,15,measure,20,small,sum_one,uniform,384,2730,426784,11,11,5767785928059657782,5767785928059657782,1
54,gcc-O2,20260917,816,15,measure,21,small,sum_one,uniform,6,174762,739981,11,11,4529353940760067638,4529353940760067638,1
54,gcc-O2,20260917,817,15,measure,22,branch,filter_copy,p250,65536,1,272121,11,11,16384,16384,1
54,gcc-O2,20260917,818,15,measure,23,branch,filter_copy_mask,p100,65536,1,28304,11,11,6554,6554,1
54,gcc-O2,20260917,819,15,measure,24,small,sum_one,uniform,32,32768,487221,11,11,4730905112462327808,4730905112462327808,1
54,gcc-O2,20260917,820,15,measure,25,branch,filter_copy_mask,p750,65536,1,28163,11,11,49152,49152,1
54,gcc-O2,20260917,821,15,measure,26,branch,filter_copy_mask,p500,65536,1,28212,11,11,32768,32768,1
54,gcc-O2,20260917,822,15,measure,27,branch,sum_if,p500_alternating,65536,1,52572,11,11,4196774058536912234,4196774058536912234,1
54,gcc-O2,20260917,823,15,measure,28,branch,sum_if,p500,65536,1,52573,11,11,261284744287062128,261284744287062128,1
54,gcc-O2,20260917,824,15,measure,29,branch,sum_if,p500_sorted,65536,1,52559,11,11,2213941836433581612,2213941836433581612,1
54,gcc-O2,20260917,825,15,measure,30,small,sum_one,uniform,2,524288,1058016,11,11,14489530702789345280,14489530702789345280,1
54,gcc-O2,20260917,826,15,measure,31,branch,filter_copy,p500_sorted,65536,1,26714,11,11,32768,32768,1
54,gcc-O2,20260917,827,15,measure,32,branch,filter_copy_mask,p500_alternating,65536,1,27904,11,11,32768,32768,1
54,gcc-O2,20260917,828,15,measure,33,small,sum_one,uniform,192,5461,410326,11,11,17901819518249685373,17901819518249685373,1
54,gcc-O2,20260917,829,15,measure,34,branch,sum_if,p000,65536,1,52550,11,11,0,0,1
54,gcc-O2,20260917,830,15,measure,35,branch,filter_copy,p000,65536,1,26345,11,11,0,0,1
54,gcc-O2,20260917,831,15,measure,36,small,sum_one,uniform,256,4096,422445,11,11,12471836693395644416,12471836693395644416,1
54,gcc-O2,20260917,832,15,measure,37,dependency,sum_one,uniform,65536,64,1687317,11,11,1190735372877940864,1190735372877940864,1
54,gcc-O2,20260917,833,15,measure,38,small,sum_one,uniform,1024,1024,426663,11,11,6113767114656410624,6113767114656410624,1
54,gcc-O2,20260917,834,15,measure,39,small,sum_one,uniform,64,16384,628583,11,11,14815439244071927808,14815439244071927808,1
54,gcc-O2,20260917,835,15,measure,40,small,sum_one,uniform,48,21845,741069,11,11,18173204259618227916,18173204259618227916,1
54,gcc-O2,20260917,836,15,measure,41,branch,filter_copy,p100,65536,1,145378,11,11,6554,6554,1
54,gcc-O2,20260917,837,15,measure,42,branch,filter_copy,p750,65536,1,265622,11,11,49152,49152,1
54,gcc-O2,20260917,838,15,measure,43,branch,filter_copy,p500_alternating,65536,1,26437,11,11,32768,32768,1
54,gcc-O2,20260917,839,15,measure,44,dependency,sum_twice,uniform,65536,64,3372305,11,11,2381470745755881728,2381470745755881728,1
54,gcc-O2,20260917,840,15,measure,45,dependency,sum_four,uniform,65536,64,576554,11,11,1190735372877940864,1190735372877940864,1
54,gcc-O2,20260917,841,15,measure,46,small,sum_one,uniform,1,1048576,1710863,11,11,8452580083670974464,8452580083670974464,1
54,gcc-O2,20260917,842,15,measure,47,branch,filter_copy,p900,65536,1,146620,11,11,58982,58982,1
54,gcc-O2,20260917,843,15,measure,48,branch,filter_copy_mask,p900,65536,1,28583,11,11,58982,58982,1
54,gcc-O2,20260917,844,15,measure,49,small,sum_one,uniform,4,262144,937434,11,11,6027757896494481408,6027757896494481408,1
54,gcc-O2,20260917,845,15,measure,50,branch,filter_copy_mask,p250,65536,1,29592,11,11,16384,16384,1
54,gcc-O2,20260917,846,15,measure,51,branch,sum_if,p900,65536,1,54796,11,11,1957202038211152021,1957202038211152021,1
54,gcc-O2,20260917,847,15,measure,52,dependency,sum_one_bis,uniform,65536,64,1723717,11,11,1190735372877940864,1190735372877940864,1
54,gcc-O2,20260917,848,16,measure,0,small,sum_one,uniform,768,1365,424340,11,11,6760326044614544011,6760326044614544011,1
54,gcc-O2,20260917,849,16,measure,1,small,sum_one,uniform,2,524288,1180059,11,11,14489530702789345280,14489530702789345280,1
54,gcc-O2,20260917,850,16,measure,2,branch,filter_copy,p500_sorted,65536,1,27940,11,11,32768,32768,1
54,gcc-O2,20260917,851,16,measure,3,small,sum_one,uniform,384,2730,429977,11,11,5767785928059657782,5767785928059657782,1
54,gcc-O2,20260917,852,16,measure,4,dependency,sum_four,uniform,65536,64,578429,11,11,1190735372877940864,1190735372877940864,1
54,gcc-O2,20260917,853,16,measure,5,dependency,sum_one_bis,uniform,65536,64,1736276,11,11,1190735372877940864,1190735372877940864,1
54,gcc-O2,20260917,854,16,measure,6,small,sum_one,uniform,24,43690,519632,11,11,5019437447312423050,5019437447312423050,1
54,gcc-O2,20260917,855,16,measure,7,branch,filter_copy_mask,p100,65536,1,27957,11,11,6554,6554,1
54,gcc-O2,20260917,856,16,measure,8,branch,filter_copy,p500_alternating,65536,1,27502,11,11,32768,32768,1
54,gcc-O2,20260917,857,16,measure,9,dependency,sum_one,uniform,65536,64,1733002,11,11,1190735372877940864,1190735372877940864,1
54,gcc-O2,20260917,858,16,measure,10,dependency,split_xor_mul,uniform,65536,64,2229924,11,11,8310383708453772032,8310383708453772032,1
54,gcc-O2,20260917,859,16,measure,11,small,sum_one,uniform,1,1048576,1825414,11,11,8452580083670974464,8452580083670974464,1
54,gcc-O2,20260917,860,16,measure,12,branch,filter_copy,p750,65536,1,273228,11,11,49152,49152,1
54,gcc-O2,20260917,861,16,measure,13,small,sum_one,uniform,12,87381,625536,11,11,18208879310165819389,18208879310165819389,1
54,gcc-O2,20260917,862,16,measure,14,small,sum_one,uniform,16,65536,581509,11,11,1403062601089810432,1403062601089810432,1
54,gcc-O2,20260917,863,16,measure,15,branch,filter_copy,p900,65536,1,149671,11,11,58982,58982,1
54,gcc-O2,20260917,864,16,measure,16,branch,sum_if,p250,65536,1,54780,11,11,75766260937212688,75766260937212688,1
54,gcc-O2,20260917,865,16,measure,17,small,sum_one,uniform,192,5461,416761,11,11,17901819518249685373,17901819518249685373,1
54,gcc-O2,20260917,866,16,measure,18,small,sum_one,uniform,128,8192,437298,11,11,17503531059042279424,17503531059042279424,1
54,gcc-O2,20260917,867,16,measure,19,small,sum_one,uniform,64,16384,622482,11,11,14815439244071927808,14815439244071927808,1
54,gcc-O2,20260917,868,16,measure,20,branch,sum_if,p750,65536,1,54760,11,11,14586442889165806448,14586442889165806448,1
54,gcc-O2,20260917,869,16,measure,21,small,sum_one,uniform,1024,1024,436270,11,11,6113767114656410624,6113767114656410624,1
54,gcc-O2,20260917,870,16,measure,22,branch,sum_if,p500_sorted,65536,1,54614,11,11,2213941836433581612,2213941836433581612,1
54,gcc-O2,20260917,871,16,measure,23,branch,filter_copy_mask,p000,65536,1,27091,11,11,0,0,1
54,gcc-O2,20260917,872,16,measure,24,small,sum_one,uniform,4,262144,901981,11,11,6027757896494481408,6027757896494481408,1
54,gcc-O2,20260917,873,16,measure,25,small,sum_one,uniform,32,32768,507551,11,11,4730905112462327808,4730905112462327808,1
54,gcc-O2,20260917,874,16,measure,26,branch,filter_copy,p100,65536,1,154120,11,11,6554,6554,1
54,gcc-O2,20260917,875,16,measure,27,small,sum_one,uniform,3,349525,1014427,11,11,9690214761957071044,9690214761957071044,1
54,gcc-O2,20260917,876,16,measure,28,branch,sum_if,p500_alternating,65536,1,52566,11,11,4196774058536912234,4196774058536912234,1
54,gcc-O2,20260917,877,16,measure,29,branch,filter_copy,p250,65536,1,269396,11,11,16384,16384,1
54,gcc-O2,20260917,878,16,measure,30,small,sum_one,uniform,48,21845,712838,11,11,18173204259618227916,18173204259618227916,1
54,gcc-O2,20260917,879,16,measure,31,small,sum_one,uniform,96,10922,522027,11,11,1966801938065649448,1966801938065649448,1
54,gcc-O2,20260917,880,16,measure,32,small,sum_one,uniform,512,2048,421791,11,11,6127788314265579520,6127788314265579520,1
54,gcc-O2,20260917,881,16,measure,33,branch,filter_copy_mask,p500,65536,1,27764,11,11,32768,32768,1
54,gcc-O2,20260917,882,16,measure,34,branch,filter_copy_mask,p900,65536,1,28016,11,11,58982,58982,1
54,gcc-O2,20260917,883,16,measure,35,small,sum_one,uniform,256,4096,421102,11,11,12471836693395644416,12471836693395644416,1
54,gcc-O2,20260917,884,16,measure,36,dependency,chain_xor_mul,uniform,65536,64,6740129,11,11,5299772668389481216,5299772668389481216,1
54,gcc-O2,20260917,885,16,measure,37,branch,sum_if,p900,65536,1,52554,11,11,1957202038211152021,1957202038211152021,1
54,gcc-O2,20260917,886,16,measure,38,branch,filter_copy_mask,p1000,65536,1,27745,11,11,65536,65536,1
54,gcc-O2,20260917,887,16,measure,39,branch,filter_copy_mask,p750,65536,1,27964,11,11,49152,49152,1
54,gcc-O2,20260917,888,16,measure,40,branch,sum_if,p1000,65536,1,52553,11,11,4485739283943968327,4485739283943968327,1
54,gcc-O2,20260917,889,16,measure,41,small,sum_one,uniform,8,131072,691046,11,11,11724155215337095168,11724155215337095168,1
54,gcc-O2,20260917,890,16,measure,42,branch,filter_copy,p1000,65536,1,26407,11,11,65536,65536,1
54,gcc-O2,20260917,891,16,measure,43,branch,filter_copy,p500,65536,1,368494,11,11,32768,32768,1
54,gcc-O2,20260917,892,16,measure,44,branch,filter_copy_mask,p500_sorted,65536,1,27724,11,11,32768,32768,1
54,gcc-O2,20260917,893,16,measure,45,branch,sum_if,p100,65536,1,52568,11,11,3083979731501324985,3083979731501324985,1
54,gcc-O2,20260917,894,16,measure,46,small,sum_one,uniform,6,174762,735557,11,11,4529353940760067638,4529353940760067638,1
54,gcc-O2,20260917,895,16,measure,47,branch,filter_copy_mask,p500_alternating,65536,1,30448,11,11,32768,32768,1
54,gcc-O2,20260917,896,16,measure,48,dependency,sum_twice,uniform,65536,64,3376532,11,11,2381470745755881728,2381470745755881728,1
54,gcc-O2,20260917,897,16,measure,49,branch,sum_if,p500,65536,1,52564,11,11,261284744287062128,261284744287062128,1
54,gcc-O2,20260917,898,16,measure,50,branch,filter_copy,p000,65536,1,26346,11,11,0,0,1
54,gcc-O2,20260917,899,16,measure,51,branch,sum_if,p000,65536,1,52570,11,11,0,0,1
54,gcc-O2,20260917,900,16,measure,52,branch,filter_copy_mask,p250,65536,1,27994,11,11,16384,16384,1
54,gcc-O2,20260917,901,17,measure,0,branch,filter_copy,p000,65536,1,26350,11,11,0,0,1
54,gcc-O2,20260917,902,17,measure,1,branch,filter_copy_mask,p250,65536,1,28187,11,11,16384,16384,1
54,gcc-O2,20260917,903,17,measure,2,branch,filter_copy,p100,65536,1,147916,11,11,6554,6554,1
54,gcc-O2,20260917,904,17,measure,3,branch,sum_if,p500_sorted,65536,1,52554,11,11,2213941836433581612,2213941836433581612,1
54,gcc-O2,20260917,905,17,measure,4,branch,filter_copy,p250,65536,1,339808,11,11,16384,16384,1
54,gcc-O2,20260917,906,17,measure,5,branch,filter_copy_mask,p750,65536,1,28226,11,11,49152,49152,1
54,gcc-O2,20260917,907,17,measure,6,small,sum_one,uniform,96,10922,512080,11,11,1966801938065649448,1966801938065649448,1
54,gcc-O2,20260917,908,17,measure,7,dependency,sum_one_bis,uniform,65536,64,1687206,11,11,1190735372877940864,1190735372877940864,1
54,gcc-O2,20260917,909,17,measure,8,branch,filter_copy,p500_sorted,65536,1,26630,11,11,32768,32768,1
54,gcc-O2,20260917,910,17,measure,9,small,sum_one,uniform,1024,1024,425753,11,11,6113767114656410624,6113767114656410624,1
54,gcc-O2,20260917,911,17,measure,10,small,sum_one,uniform,384,2730,422513,11,11,5767785928059657782,5767785928059657782,1
54,gcc-O2,20260917,912,17,measure,11,small,sum_one,uniform,6,174762,784803,11,11,4529353940760067638,4529353940760067638,1
54,gcc-O2,20260917,913,17,measure,12,branch,filter_copy_mask,p1000,65536,1,27788,11,11,65536,65536,1
54,gcc-O2,20260917,914,17,measure,13,branch,sum_if,p900,65536,1,52574,11,11,1957202038211152021,1957202038211152021,1
54,gcc-O2,20260917,915,17,measure,14,small,sum_one,uniform,128,8192,432323,11,11,17503531059042279424,17503531059042279424,1
54,gcc-O2,20260917,916,17,measure,15,branch,filter_copy,p500_alternating,65536,1,26359,11,11,32768,32768,1
54,gcc-O2,20260917,917,17,measure,16,small,sum_one,uniform,24,43690,513721,11,11,5019437447312423050,5019437447312423050,1
54,gcc-O2,20260917,918,17,measure,17,branch,sum_if,p000,65536,1,52589,11,11,0,0,1
54,gcc-O2,20260917,919,17,measure,18,small,sum_one,uniform,768,1365,421989,11,11,6760326044614544011,6760326044614544011,1
54,gcc-O2,20260917,920,17,measure,19,small,sum_one,uniform,1,1048576,1689849,11,11,8452580083670974464,8452580083670974464,1
54,gcc-O2,20260917,921,17,measure,20,dependency,sum_twice,uniform,65536,64,3381126,11,11,2381470745755881728,2381470745755881728,1
54,gcc-O2,20260917,922,17,measure,21,small,sum_one,uniform,64,16384,599005,11,11,14815439244071927808,14815439244071927808,1
54,gcc-O2,20260917,923,17,measure,22,small,sum_one,uniform,4,262144,914520,11,11,6027757896494481408,6027757896494481408,1
54,gcc-O2,20260917,924,17,measure,23,small,sum_one,uniform,8,131072,683033,11,11,11724155215337095168,11724155215337095168,1
54,gcc-O2,20260917,925,17,measure,24,branch,filter_copy_mask,p500_alternating,65536,1,27803,11,11,32768,32768,1
54,gcc-O2,20260917,926,17,measure,25,branch,filter_copy,p750,65536,1,267169,11,11,49152,49152,1
54,gcc-O2,20260917,927,17,measure,26,branch,filter_copy_mask,p900,65536,1,27896,11,11,58982,58982,1
54,gcc-O2,20260917,928,17,measure,27,branch,sum_if,p1000,65536,1,52573,11,11,4485739283943968327,4485739283943968327,1
54,gcc-O2,20260917,929,17,measure,28,dependency,split_xor_mul,uniform,65536,64,2330645,11,11,8310383708453772032,8310383708453772032,1
54,gcc-O2,20260917,930,17,measure,29,small,sum_one,uniform,32,32768,489201,11,11,4730905112462327808,4730905112462327808,1
54,gcc-O2,20260917,931,17,measure,30,branch,filter_copy_mask,p500,65536,1,27615,11,11,32768,32768,1
54,gcc-O2,20260917,932,17,measure,31,branch,sum_if,p500_alternating,65536,1,52557,11,11,4196774058536912234,4196774058536912234,1
54,gcc-O2,20260917,933,17,measure,32,dependency,sum_one,uniform,65536,64,1693873,11,11,1190735372877940864,1190735372877940864,1
54,gcc-O2,20260917,934,17,measure,33,branch,filter_copy,p1000,65536,1,26936,11,11,65536,65536,1
54,gcc-O2,20260917,935,17,measure,34,small,sum_one,uniform,48,21845,633876,11,11,18173204259618227916,18173204259618227916,1
54,gcc-O2,20260917,936,17,measure,35,branch,filter_copy,p900,65536,1,142537,11,11,58982,58982,1
54,gcc-O2,20260917,937,17,measure,36,dependency,chain_xor_mul,uniform,65536,64,6738513,11,11,5299772668389481216,5299772668389481216,1
54,gcc-O2,20260917,938,17,measure,37,branch,filter_copy_mask,p500_sorted,65536,1,27166,11,11,32768,32768,1
54,gcc-O2,20260917,939,17,measure,38,small,sum_one,uniform,512,2048,423907,11,11,6127788314265579520,6127788314265579520,1
54,gcc-O2,20260917,940,17,measure,39,small,sum_one,uniform,12,87381,599977,11,11,18208879310165819389,18208879310165819389,1
54,gcc-O2,20260917,941,17,measure,40,small,sum_one,uniform,2,524288,1094937,11,11,14489530702789345280,14489530702789345280,1
54,gcc-O2,20260917,942,17,measure,41,small,sum_one,uniform,3,349525,987653,11,11,9690214761957071044,9690214761957071044,1
54,gcc-O2,20260917,943,17,measure,42,branch,filter_copy,p500,65536,1,369875,11,11,32768,32768,1
54,gcc-O2,20260917,944,17,measure,43,branch,sum_if,p750,65536,1,52564,11,11,14586442889165806448,14586442889165806448,1
54,gcc-O2,20260917,945,17,measure,44,branch,sum_if,p500,65536,1,52568,11,11,261284744287062128,261284744287062128,1
54,gcc-O2,20260917,946,17,measure,45,branch,filter_copy_mask,p100,65536,1,28213,11,11,6554,6554,1
54,gcc-O2,20260917,947,17,measure,46,branch,filter_copy_mask,p000,65536,1,27317,11,11,0,0,1
54,gcc-O2,20260917,948,17,measure,47,dependency,sum_four,uniform,65536,64,574379,11,11,1190735372877940864,1190735372877940864,1
54,gcc-O2,20260917,949,17,measure,48,branch,sum_if,p100,65536,1,52574,11,11,3083979731501324985,3083979731501324985,1
54,gcc-O2,20260917,950,17,measure,49,branch,sum_if,p250,65536,1,54474,11,11,75766260937212688,75766260937212688,1
54,gcc-O2,20260917,951,17,measure,50,small,sum_one,uniform,256,4096,420191,11,11,12471836693395644416,12471836693395644416,1
54,gcc-O2,20260917,952,17,measure,51,small,sum_one,uniform,192,5461,417243,11,11,17901819518249685373,17901819518249685373,1
54,gcc-O2,20260917,953,17,measure,52,small,sum_one,uniform,16,65536,558230,11,11,1403062601089810432,1403062601089810432,1
54,gcc-O2,20260917,954,18,measure,0,branch,filter_copy_mask,p500_alternating,65536,1,27741,11,11,32768,32768,1
54,gcc-O2,20260917,955,18,measure,1,branch,sum_if,p500_alternating,65536,1,52575,11,11,4196774058536912234,4196774058536912234,1
54,gcc-O2,20260917,956,18,measure,2,branch,filter_copy_mask,p1000,65536,1,27500,11,11,65536,65536,1
54,gcc-O2,20260917,957,18,measure,3,branch,filter_copy,p000,65536,1,26428,11,11,0,0,1
54,gcc-O2,20260917,958,18,measure,4,small,sum_one,uniform,12,87381,601088,11,11,18208879310165819389,18208879310165819389,1
54,gcc-O2,20260917,959,18,measure,5,dependency,sum_one_bis,uniform,65536,64,1714914,11,11,1190735372877940864,1190735372877940864,1
54,gcc-O2,20260917,960,18,measure,6,branch,filter_copy,p1000,65536,1,26982,11,11,65536,65536,1
54,gcc-O2,20260917,961,18,measure,7,branch,sum_if,p500,65536,1,54736,11,11,261284744287062128,261284744287062128,1
54,gcc-O2,20260917,962,18,measure,8,branch,filter_copy,p500_alternating,65536,1,26463,11,11,32768,32768,1
54,gcc-O2,20260917,963,18,measure,9,branch,filter_copy_mask,p250,65536,1,28538,11,11,16384,16384,1
54,gcc-O2,20260917,964,18,measure,10,small,sum_one,uniform,6,174762,738188,11,11,4529353940760067638,4529353940760067638,1
54,gcc-O2,20260917,965,18,measure,11,branch,filter_copy_mask,p500_sorted,65536,1,27129,11,11,32768,32768,1
54,gcc-O2,20260917,966,18,measure,12,dependency,sum_one,uniform,65536,64,1687437,11,11,1190735372877940864,1190735372877940864,1
54,gcc-O2,20260917,967,18,measure,13,dependency,split_xor_mul,uniform,65536,64,2200998,11,11,8310383708453772032,8310383708453772032,1
54,gcc-O2,20260917,968,18,measure,14,branch,filter_copy,p900,65536,1,143864,11,11,58982,58982,1
54,gcc-O2,20260917,969,18,measure,15,branch,filter_copy,p500,65536,1,371834,11,11,32768,32768,1
54,gcc-O2,20260917,970,18,measure,16,branch,sum_if,p750,65536,1,52575,11,11,14586442889165806448,14586442889165806448,1
54,gcc-O2,20260917,971,18,measure,17,small,sum_one,uniform,8,131072,690915,11,11,11724155215337095168,11724155215337095168,1
54,gcc-O2,20260917,972,18,measure,18,branch,filter_copy_mask,p900,65536,1,27606,11,11,58982,58982,1
54,gcc-O2,20260917,973,18,measure,19,branch,sum_if,p250,65536,1,52560,11,11,75766260937212688,75766260937212688,1
54,gcc-O2,20260917,974,18,measure,20,branch,filter_copy,p100,65536,1,148137,11,11,6554,6554,1
54,gcc-O2,20260917,975,18,measure,21,small,sum_one,uniform,256,4096,408469,11,11,12471836693395644416,12471836693395644416,1
54,gcc-O2,20260917,976,18,measure,22,small,sum_one,uniform,24,43690,512045,11,11,5019437447312423050,5019437447312423050,1
54,gcc-O2,20260917,977,18,measure,23,small,sum_one,uniform,2,524288,1143192,11,11,14489530702789345280,14489530702789345280,1
54,gcc-O2,20260917,978,18,measure,24,small,sum_one,uniform,32,32768,490673,11,11,4730905112462327808,4730905112462327808,1
54,gcc-O2,20260917,979,18,measure,25,small,sum_one,uniform,512,2048,421220,11,11,6127788314265579520,6127788314265579520,1
54,gcc-O2,20260917,980,18,measure,26,small,sum_one,uniform,384,2730,421481,11,11,5767785928059657782,5767785928059657782,1
54,gcc-O2,20260917,981,18,measure,27,small,sum_one,uniform,4,262144,895998,11,11,6027757896494481408,6027757896494481408,1
54,gcc-O2,20260917,982,18,measure,28,branch,filter_copy,p750,65536,1,256389,11,11,49152,49152,1
54,gcc-O2,20260917,983,18,measure,29,branch,sum_if,p900,65536,1,52566,11,11,1957202038211152021,1957202038211152021,1
54,gcc-O2,20260917,984,18,measure,30,branch,sum_if,p100,65536,1,52560,11,11,3083979731501324985,3083979731501324985,1
54,gcc-O2,20260917,985,18,measure,31,branch,filter_copy,p250,65536,1,266331,11,11,16384,16384,1
54,gcc-O2,20260917,986,18,measure,32,small,sum_one,uniform,3,349525,982612,11,11,9690214761957071044,9690214761957071044,1
54,gcc-O2,20260917,987,18,measure,33,branch,sum_if,p000,65536,1,52592,11,11,0,0,1
54,gcc-O2,20260917,988,18,measure,34,branch,sum_if,p500_sorted,65536,1,52566,11,11,2213941836433581612,2213941836433581612,1
54,gcc-O2,20260917,989,18,measure,35,branch,filter_copy_mask,p750,65536,1,27692,11,11,49152,49152,1
54,gcc-O2,20260917,990,18,measure,36,branch,filter_copy_mask,p500,65536,1,27999,11,11,32768,32768,1
54,gcc-O2,20260917,991,18,measure,37,small,sum_one,uniform,96,10922,509601,11,11,1966801938065649448,1966801938065649448,1
54,gcc-O2,20260917,992,18,measure,38,small,sum_one,uniform,16,65536,551729,11,11,1403062601089810432,1403062601089810432,1
54,gcc-O2,20260917,993,18,measure,39,branch,filter_copy_mask,p100,65536,1,27630,11,11,6554,6554,1
54,gcc-O2,20260917,994,18,measure,40,branch,filter_copy,p500_sorted,65536,1,26581,11,11,32768,32768,1
54,gcc-O2,20260917,995,18,measure,41,dependency,sum_four,uniform,65536,64,594906,11,11,1190735372877940864,1190735372877940864,1
54,gcc-O2,20260917,996,18,measure,42,small,sum_one,uniform,1,1048576,1714438,11,11,8452580083670974464,8452580083670974464,1
54,gcc-O2,20260917,997,18,measure,43,small,sum_one,uniform,64,16384,622831,11,11,14815439244071927808,14815439244071927808,1
54,gcc-O2,20260917,998,18,measure,44,small,sum_one,uniform,128,8192,461030,11,11,17503531059042279424,17503531059042279424,1
54,gcc-O2,20260917,999,18,measure,45,branch,sum_if,p1000,65536,1,52919,11,11,4485739283943968327,4485739283943968327,1
54,gcc-O2,20260917,1000,18,measure,46,small,sum_one,uniform,48,21845,674691,11,11,18173204259618227916,18173204259618227916,1
54,gcc-O2,20260917,1001,18,measure,47,small,sum_one,uniform,1024,1024,421721,11,11,6113767114656410624,6113767114656410624,1
54,gcc-O2,20260917,1002,18,measure,48,dependency,sum_twice,uniform,65536,64,3379487,11,11,2381470745755881728,2381470745755881728,1
54,gcc-O2,20260917,1003,18,measure,49,dependency,chain_xor_mul,uniform,65536,64,6736530,11,11,5299772668389481216,5299772668389481216,1
54,gcc-O2,20260917,1004,18,measure,50,branch,filter_copy_mask,p000,65536,1,27269,11,11,0,0,1
54,gcc-O2,20260917,1005,18,measure,51,small,sum_one,uniform,192,5461,401751,11,11,17901819518249685373,17901819518249685373,1
54,gcc-O2,20260917,1006,18,measure,52,small,sum_one,uniform,768,1365,412212,11,11,6760326044614544011,6760326044614544011,1
54,gcc-O2,20260917,1007,19,measure,0,small,sum_one,uniform,512,2048,422251,11,11,6127788314265579520,6127788314265579520,1
54,gcc-O2,20260917,1008,19,measure,1,small,sum_one,uniform,4,262144,925802,11,11,6027757896494481408,6027757896494481408,1
54,gcc-O2,20260917,1009,19,measure,2,branch,filter_copy_mask,p500,65536,1,29048,11,11,32768,32768,1
54,gcc-O2,20260917,1010,19,measure,3,dependency,sum_one_bis,uniform,65536,64,1733325,11,11,1190735372877940864,1190735372877940864,1
54,gcc-O2,20260917,1011,19,measure,4,small,sum_one,uniform,1,1048576,1761022,11,11,8452580083670974464,8452580083670974464,1
54,gcc-O2,20260917,1012,19,measure,5,small,sum_one,uniform,24,43690,533477,11,11,5019437447312423050,5019437447312423050,1
54,gcc-O2,20260917,1013,19,measure,6,small,sum_one,uniform,768,1365,439585,11,11,6760326044614544011,6760326044614544011,1
54,gcc-O2,20260917,1014,19,measure,7,branch,sum_if,p900,65536,1,54754,11,11,1957202038211152021,1957202038211152021,1
54,gcc-O2,20260917,1015,19,measure,8,branch,filter_copy,p100,65536,1,152372,11,11,6554,6554,1
54,gcc-O2,20260917,1016,19,measure,9,branch,sum_if,p750,65536,1,54777,11,11,14586442889165806448,14586442889165806448,1
54,gcc-O2,20260917,1017,19,measure,10,small,sum_one,uniform,1024,1024,442466,11,11,6113767114656410624,6113767114656410624,1
54,gcc-O2,20260917,1018,19,measure,11,small,sum_one,uniform,6,174762,769667,11,11,4529353940760067638,4529353940760067638,1
54,gcc-O2,20260917,1019,19,measure,12,branch,sum_if,p500,65536,1,54758,11,11,261284744287062128,261284744287062128,1
54,gcc-O2,20260917,1020,19,measure,13,branch,sum_if,p500_alternating,65536,1,54761,11,11,4196774058536912234,4196774058536912234,1
54,gcc-O2,20260917,1021,19,measure,14,branch,sum_if,p000,65536,1,54769,11,11,0,0,1
54,gcc-O2,20260917,1022,19,measure,15,branch,sum_if,p250,65536,1,54772,11,11,75766260937212688,75766260937212688,1
54,gcc-O2,20260917,1023,19,measure,16,small,sum_one,uniform,96,10922,532949,11,11,1966801938065649448,1966801938065649448,1
54,gcc-O2,20260917,1024,19,measure,17,branch,filter_copy_mask,p1000,65536,1,30345,11,11,65536,65536,1
54,gcc-O2,20260917,1025,19,measure,18,small,sum_one,uniform,48,21845,742229,11,11,18173204259618227916,18173204259618227916,1
54,gcc-O2,20260917,1026,19,measure,19,dependency,split_xor_mul,uniform,65536,64,2368461,11,11,8310383708453772032,8310383708453772032,1
54,gcc-O2,20260917,1027,19,measure,20,branch,filter_copy_mask,p000,65536,1,28126,11,11,0,0,1
54,gcc-O2,20260917,1028,19,measure,21,branch,sum_if,p500_sorted,65536,1,54760,11,11,2213941836433581612,2213941836433581612,1
54,gcc-O2,20260917,1029,19,measure,22,small,sum_one,uniform,8,131072,718476,11,11,11724155215337095168,11724155215337095168,1
54,gcc-O2,20260917,1030,19,measure,23,branch,sum_if,p1000,65536,1,54774,11,11,4485739283943968327,4485739283943968327,1
54,gcc-O2,20260917,1031,19,measure,24,branch,filter_copy_mask,p250,65536,1,28887,11,11,16384,16384,1
54,gcc-O2,20260917,1032,19,measure,25,small,sum_one,uniform,384,2730,439385,11,11,5767785928059657782,5767785928059657782,1
54,gcc-O2,20260917,1033,19,measure,26,small,sum_one,uniform,64,16384,629253,11,11,14815439244071927808,14815439244071927808,1
54,gcc-O2,20260917,1034,19,measure,27,dependency,sum_four,uniform,65536,64,578337,11,11,1190735372877940864,1190735372877940864,1
54,gcc-O2,20260917,1035,19,measure,28,dependency,sum_twice,uniform,65536,64,3488553,11,11,2381470745755881728,2381470745755881728,1
54,gcc-O2,20260917,1036,19,measure,29,branch,filter_copy,p500_alternating,65536,1,27633,11,11,32768,32768,1
54,gcc-O2,20260917,1037,19,measure,30,branch,filter_copy_mask,p500_alternating,65536,1,28737,11,11,32768,32768,1
54,gcc-O2,20260917,1038,19,measure,31,branch,filter_copy_mask,p500_sorted,65536,1,28286,11,11,32768,32768,1
54,gcc-O2,20260917,1039,19,measure,32,small,sum_one,uniform,32,32768,512106,11,11,4730905112462327808,4730905112462327808,1
54,gcc-O2,20260917,1040,19,measure,33,branch,filter_copy,p750,65536,1,278878,11,11,49152,49152,1
54,gcc-O2,20260917,1041,19,measure,34,branch,filter_copy,p500,65536,1,393310,11,11,32768,32768,1
54,gcc-O2,20260917,1042,19,measure,35,branch,filter_copy,p500_sorted,65536,1,27656,11,11,32768,32768,1
54,gcc-O2,20260917,1043,19,measure,36,small,sum_one,uniform,12,87381,629466,11,11,18208879310165819389,18208879310165819389,1
54,gcc-O2,20260917,1044,19,measure,37,small,sum_one,uniform,3,349525,1028378,11,11,9690214761957071044,9690214761957071044,1
54,gcc-O2,20260917,1045,19,measure,38,branch,filter_copy_mask,p900,65536,1,28790,11,11,58982,58982,1
54,gcc-O2,20260917,1046,19,measure,39,branch,sum_if,p100,65536,1,54782,11,11,3083979731501324985,3083979731501324985,1
54,gcc-O2,20260917,1047,19,measure,40,branch,filter_copy_mask,p100,65536,1,29393,11,11,6554,6554,1
54,gcc-O2,20260917,1048,19,measure,41,branch,filter_copy,p250,65536,1,286790,11,11,16384,16384,1
54,gcc-O2,20260917,1049,19,measure,42,small,sum_one,uniform,256,4096,426113,11,11,12471836693395644416,12471836693395644416,1
54,gcc-O2,20260917,1050,19,measure,43,small,sum_one,uniform,128,8192,469133,11,11,17503531059042279424,17503531059042279424,1
54,gcc-O2,20260917,1051,19,measure,44,branch,filter_copy_mask,p750,65536,1,29667,11,11,49152,49152,1
54,gcc-O2,20260917,1052,19,measure,45,small,sum_one,uniform,2,524288,1102270,11,11,14489530702789345280,14489530702789345280,1
54,gcc-O2,20260917,1053,19,measure,46,small,sum_one,uniform,16,65536,576590,11,11,1403062601089810432,1403062601089810432,1
54,gcc-O2,20260917,1054,19,measure,47,small,sum_one,uniform,192,5461,424844,11,11,17901819518249685373,17901819518249685373,1
54,gcc-O2,20260917,1055,19,measure,48,branch,filter_copy,p900,65536,1,133339,11,11,58982,58982,1
54,gcc-O2,20260917,1056,19,measure,49,branch,filter_copy,p1000,65536,1,27685,11,11,65536,65536,1
54,gcc-O2,20260917,1057,19,measure,50,dependency,sum_one,uniform,65536,64,1771651,11,11,1190735372877940864,1190735372877940864,1
54,gcc-O2,20260917,1058,19,measure,51,branch,filter_copy,p000,65536,1,27506,11,11,0,0,1
54,gcc-O2,20260917,1059,19,measure,52,dependency,chain_xor_mul,uniform,65536,64,6772308,11,11,5299772668389481216,5299772668389481216,1
54,gcc-O2,20260917,1060,20,measure,0,branch,sum_if,p500,65536,1,52590,11,11,261284744287062128,261284744287062128,1
54,gcc-O2,20260917,1061,20,measure,1,branch,filter_copy,p900,65536,1,139190,11,11,58982,58982,1
54,gcc-O2,20260917,1062,20,measure,2,small,sum_one,uniform,16,65536,554638,11,11,1403062601089810432,1403062601089810432,1
54,gcc-O2,20260917,1063,20,measure,3,branch,filter_copy,p100,65536,1,148586,11,11,6554,6554,1
54,gcc-O2,20260917,1064,20,measure,4,dependency,sum_one,uniform,65536,64,1690531,11,11,1190735372877940864,1190735372877940864,1
54,gcc-O2,20260917,1065,20,measure,5,branch,filter_copy,p500,65536,1,374614,11,11,32768,32768,1
54,gcc-O2,20260917,1066,20,measure,6,small,sum_one,uniform,192,5461,410773,11,11,17901819518249685373,17901819518249685373,1
54,gcc-O2,20260917,1067,20,measure,7,small,sum_one,uniform,12,87381,601760,11,11,18208879310165819389,18208879310165819389,1
54,gcc-O2,20260917,1068,20,measure,8,small,sum_one,uniform,1,1048576,1719340,11,11,8452580083670974464,8452580083670974464,1
54,gcc-O2,20260917,1069,20,measure,9,branch,filter_copy_mask,p000,65536,1,27222,11,11,0,0,1
54,gcc-O2,20260917,1070,20,measure,10,small,sum_one,uniform,96,10922,476381,11,11,1966801938065649448,1966801938065649448,1
54,gcc-O2,20260917,1071,20,measure,11,small,sum_one,uniform,768,1365,416740,11,11,6760326044614544011,6760326044614544011,1
54,gcc-O2,20260917,1072,20,measure,12,branch,sum_if,p500_alternating,65536,1,55131,11,11,4196774058536912234,4196774058536912234,1
54,gcc-O2,20260917,1073,20,measure,13,small,sum_one,uniform,1024,1024,414125,11,11,6113767114656410624,6113767114656410624,1
54,gcc-O2,20260917,1074,20,measure,14,branch,sum_if,p750,65536,1,52547,11,11,14586442889165806448,14586442889165806448,1
54,gcc-O2,20260917,1075,20,measure,15,small,sum_one,uniform,64,16384,576892,11,11,14815439244071927808,14815439244071927808,1
54,gcc-O2,20260917,1076,20,measure,16,branch,filter_copy_mask,p250,65536,1,28346,11,11,16384,16384,1
54,gcc-O2,20260917,1077,20,measure,17,branch,sum_if,p1000,65536,1,52565,11,11,4485739283943968327,4485739283943968327,1
54,gcc-O2,20260917,1078,20,measure,18,small,sum_one,uniform,6,174762,742638,11,11,4529353940760067638,4529353940760067638,1
54,gcc-O2,20260917,1079,20,measure,19,dependency,sum_four,uniform,65536,64,573883,11,11,1190735372877940864,1190735372877940864,1
54,gcc-O2,20260917,1080,20,measure,20,small,sum_one,uniform,8,131072,689655,11,11,11724155215337095168,11724155215337095168,1
54,gcc-O2,20260917,1081,20,measure,21,branch,sum_if,p000,65536,1,52564,11,11,0,0,1
54,gcc-O2,20260917,1082,20,measure,22,small,sum_one,uniform,24,43690,563517,11,11,5019437447312423050,5019437447312423050,1
54,gcc-O2,20260917,1083,20,measure,23,dependency,split_xor_mul,uniform,65536,64,2287407,11,11,8310383708453772032,8310383708453772032,1
54,gcc-O2,20260917,1084,20,measure,24,small,sum_one,uniform,128,8192,430035,11,11,17503531059042279424,17503531059042279424,1
54,gcc-O2,20260917,1085,20,measure,25,dependency,chain_xor_mul,uniform,65536,64,6737471,11,11,5299772668389481216,5299772668389481216,1
54,gcc-O2,20260917,1086,20,measure,26,branch,filter_copy,p750,65536,1,265745,11,11,49152,49152,1
54,gcc-O2,20260917,1087,20,measure,27,small,sum_one,uniform,3,349525,987714,11,11,9690214761957071044,9690214761957071044,1
54,gcc-O2,20260917,1088,20,measure,28,branch,sum_if,p900,65536,1,52578,11,11,1957202038211152021,1957202038211152021,1
54,gcc-O2,20260917,1089,20,measure,29,small,sum_one,uniform,2,524288,1058105,11,11,14489530702789345280,14489530702789345280,1
54,gcc-O2,20260917,1090,20,measure,30,small,sum_one,uniform,256,4096,408511,11,11,12471836693395644416,12471836693395644416,1
54,gcc-O2,20260917,1091,20,measure,31,branch,sum_if,p500_sorted,65536,1,52576,11,11,2213941836433581612,2213941836433581612,1
54,gcc-O2,20260917,1092,20,measure,32,branch,filter_copy_mask,p750,65536,1,29161,11,11,49152,49152,1
54,gcc-O2,20260917,1093,20,measure,33,dependency,sum_twice,uniform,65536,64,3378473,11,11,2381470745755881728,2381470745755881728,1
54,gcc-O2,20260917,1094,20,measure,34,branch,filter_copy,p000,65536,1,26437,11,11,0,0,1
54,gcc-O2,20260917,1095,20,measure,35,branch,filter_copy_mask,p900,65536,1,27572,11,11,58982,58982,1
54,gcc-O2,20260917,1096,20,measure,36,small,sum_one,uniform,32,32768,489146,11,11,4730905112462327808,4730905112462327808,1
54,gcc-O2,20260917,1097,20,measure,37,branch,filter_copy,p250,65536,1,271830,11,11,16384,16384,1
54,gcc-O2,20260917,1098,20,measure,38,branch,sum_if,p250,65536,1,52568,11,11,75766260937212688,75766260937212688,1
54,gcc-O2,20260917,1099,20,measure,39,branch,filter_copy,p1000,65536,1,26734,11,11,65536,65536,1
54,gcc-O2,20260917,1100,20,measure,40,branch,sum_if,p100,65536,1,52565,11,11,3083979731501324985,3083979731501324985,1
54,gcc-O2,20260917,1101,20,measure,41,small,sum_one,uniform,384,2730,423095,11,11,5767785928059657782,5767785928059657782,1
54,gcc-O2,20260917,1102,20,measure,42,branch,filter_copy,p500_sorted,65536,1,26668,11,11,32768,32768,1
54,gcc-O2,20260917,1103,20,measure,43,branch,filter_copy,p500_alternating,65536,1,26384,11,11,32768,32768,1
54,gcc-O2,20260917,1104,20,measure,44,small,sum_one,uniform,48,21845,776463,11,11,18173204259618227916,18173204259618227916,1
54,gcc-O2,20260917,1105,20,measure,45,small,sum_one,uniform,512,2048,425862,11,11,6127788314265579520,6127788314265579520,1
54,gcc-O2,20260917,1106,20,measure,46,dependency,sum_one_bis,uniform,65536,64,1693194,11,11,1190735372877940864,1190735372877940864,1
54,gcc-O2,20260917,1107,20,measure,47,branch,filter_copy_mask,p500_sorted,65536,1,27456,11,11,32768,32768,1
54,gcc-O2,20260917,1108,20,measure,48,branch,filter_copy_mask,p100,65536,1,27795,11,11,6554,6554,1
54,gcc-O2,20260917,1109,20,measure,49,branch,filter_copy_mask,p500_alternating,65536,1,27483,11,11,32768,32768,1
54,gcc-O2,20260917,1110,20,measure,50,branch,filter_copy_mask,p500,65536,1,27791,11,11,32768,32768,1
54,gcc-O2,20260917,1111,20,measure,51,branch,filter_copy_mask,p1000,65536,1,27442,11,11,65536,65536,1
54,gcc-O2,20260917,1112,20,measure,52,small,sum_one,uniform,4,262144,1038155,11,11,6027757896494481408,6027757896494481408,1
