run_id,build,seed,sample,round,phase,position,part,label,dataset,n,calls,elapsed_ns,cpu_before,cpu_after,result,expected,output_ok
70,gcc-scalar,20260917,0,0,warmup,0,small,sum_one,uniform,1,1048576,1743948,11,11,8452580083670974464,8452580083670974464,1
70,gcc-scalar,20260917,1,0,warmup,1,small,sum_one,uniform,192,5461,423663,11,11,17901819518249685373,17901819518249685373,1
70,gcc-scalar,20260917,2,0,warmup,2,branch,sum_if,p000,65536,1,27518,11,11,0,0,1
70,gcc-scalar,20260917,3,0,warmup,3,small,sum_one,uniform,128,8192,447491,11,11,17503531059042279424,17503531059042279424,1
70,gcc-scalar,20260917,4,0,warmup,4,branch,sum_if,p100,65536,1,154603,11,11,3083979731501324985,3083979731501324985,1
70,gcc-scalar,20260917,5,0,warmup,5,small,sum_one,uniform,256,4096,425565,11,11,12471836693395644416,12471836693395644416,1
70,gcc-scalar,20260917,6,0,warmup,6,small,sum_one,uniform,12,87381,716555,11,11,18208879310165819389,18208879310165819389,1
70,gcc-scalar,20260917,7,0,warmup,7,branch,sum_if,p1000,65536,1,27564,11,11,4485739283943968327,4485739283943968327,1
70,gcc-scalar,20260917,8,0,warmup,8,dependency,sum_four,uniform,65536,64,1183798,11,11,1190735372877940864,1190735372877940864,1
70,gcc-scalar,20260917,9,0,warmup,9,branch,sum_if,p750,65536,1,266345,11,11,14586442889165806448,14586442889165806448,1
70,gcc-scalar,20260917,10,0,warmup,10,branch,filter_copy,p900,65536,1,142419,11,11,58982,58982,1
70,gcc-scalar,20260917,11,0,warmup,11,dependency,chain_xor_mul,uniform,65536,64,7102900,11,11,5299772668389481216,5299772668389481216,1
70,gcc-scalar,20260917,12,0,warmup,12,dependency,sum_one,uniform,65536,64,1864931,11,11,1190735372877940864,1190735372877940864,1
70,gcc-scalar,20260917,13,0,warmup,13,small,sum_one,uniform,16,65536,584221,11,11,1403062601089810432,1403062601089810432,1
70,gcc-scalar,20260917,14,0,warmup,14,branch,filter_copy,p1000,65536,1,84936,11,11,65536,65536,1
70,gcc-scalar,20260917,15,0,warmup,15,small,sum_one,uniform,64,16384,594612,11,11,14815439244071927808,14815439244071927808,1
70,gcc-scalar,20260917,16,0,warmup,16,branch,filter_copy_mask,p000,65536,1,28921,11,11,0,0,1
70,gcc-scalar,20260917,17,0,warmup,17,small,sum_one,uniform,6,174762,774524,11,11,4529353940760067638,4529353940760067638,1
70,gcc-scalar,20260917,18,0,warmup,18,branch,sum_if,p500_alternating,65536,1,27506,11,11,4196774058536912234,4196774058536912234,1
70,gcc-scalar,20260917,19,0,warmup,19,small,sum_one,uniform,3,349525,1033732,11,11,9690214761957071044,9690214761957071044,1
70,gcc-scalar,20260917,20,0,warmup,20,small,sum_one,uniform,48,21845,650988,11,11,18173204259618227916,18173204259618227916,1
70,gcc-scalar,20260917,21,0,warmup,21,branch,sum_if,p500,65536,1,373741,11,11,261284744287062128,261284744287062128,1
70,gcc-scalar,20260917,22,0,warmup,22,small,sum_one,uniform,24,43690,538870,11,11,5019437447312423050,5019437447312423050,1
70,gcc-scalar,20260917,23,0,warmup,23,branch,filter_copy,p500_sorted,65536,1,48028,11,11,32768,32768,1
70,gcc-scalar,20260917,24,0,warmup,24,branch,filter_copy,p000,65536,1,27845,11,11,0,0,1
70,gcc-scalar,20260917,25,0,warmup,25,branch,filter_copy,p500_alternating,65536,1,29665,11,11,32768,32768,1
70,gcc-scalar,20260917,26,0,warmup,26,branch,filter_copy,p500,65536,1,369603,11,11,32768,32768,1
70,gcc-scalar,20260917,27,0,warmup,27,small,sum_one,uniform,1024,1024,440328,11,11,6113767114656410624,6113767114656410624,1
70,gcc-scalar,20260917,28,0,warmup,28,small,sum_one,uniform,2,524288,1181287,11,11,14489530702789345280,14489530702789345280,1
70,gcc-scalar,20260917,29,0,warmup,29,branch,filter_copy,p750,65536,1,259433,11,11,49152,49152,1
70,gcc-scalar,20260917,30,0,warmup,30,small,sum_one,uniform,4,262144,934888,11,11,6027757896494481408,6027757896494481408,1
70,gcc-scalar,20260917,31,0,warmup,31,branch,sum_if,p900,65536,1,142920,11,11,1957202038211152021,1957202038211152021,1
70,gcc-scalar,20260917,32,0,warmup,32,branch,filter_copy_mask,p500_sorted,65536,1,34299,11,11,32768,32768,1
70,gcc-scalar,20260917,33,0,warmup,33,dependency,sum_twice,uniform,65536,64,3638378,11,11,2381470745755881728,2381470745755881728,1
70,gcc-scalar,20260917,34,0,warmup,34,branch,sum_if,p250,65536,1,278266,11,11,75766260937212688,75766260937212688,1
70,gcc-scalar,20260917,35,0,warmup,35,branch,filter_copy,p100,65536,1,150455,11,11,6554,6554,1
70,gcc-scalar,20260917,36,0,warmup,36,dependency,split_xor_mul,uniform,65536,64,2585244,11,11,8310383708453772032,8310383708453772032,1
70,gcc-scalar,20260917,37,0,warmup,37,small,sum_one,uniform,512,2048,442719,11,11,6127788314265579520,6127788314265579520,1
70,gcc-scalar,20260917,38,0,warmup,38,branch,filter_copy_mask,p1000,65536,1,68369,11,11,65536,65536,1
70,gcc-scalar,20260917,39,0,warmup,39,branch,filter_copy_mask,p250,65536,1,28896,11,11,16384,16384,1
70,gcc-scalar,20260917,40,0,warmup,40,branch,filter_copy_mask,p900,65536,1,33364,11,11,58982,58982,1
70,gcc-scalar,20260917,41,0,warmup,41,small,sum_one,uniform,8,131072,711800,11,11,11724155215337095168,11724155215337095168,1
70,gcc-scalar,20260917,42,0,warmup,42,small,sum_one,uniform,384,2730,441850,11,11,5767785928059657782,5767785928059657782,1
70,gcc-scalar,20260917,43,0,warmup,43,small,sum_one,uniform,768,1365,439791,11,11,6760326044614544011,6760326044614544011,1
70,gcc-scalar,20260917,44,0,warmup,44,small,sum_one,uniform,32,32768,510253,11,11,4730905112462327808,4730905112462327808,1
70,gcc-scalar,20260917,45,0,warmup,45,dependency,sum_one_bis,uniform,65536,64,1761127,11,11,1190735372877940864,1190735372877940864,1
70,gcc-scalar,20260917,46,0,warmup,46,branch,filter_copy,p250,65536,1,271978,11,11,16384,16384,1
70,gcc-scalar,20260917,47,0,warmup,47,branch,filter_copy_mask,p500,65536,1,34646,11,11,32768,32768,1
70,gcc-scalar,20260917,48,0,warmup,48,branch,filter_copy_mask,p750,65536,1,39115,11,11,49152,49152,1
70,gcc-scalar,20260917,49,0,warmup,49,branch,filter_copy_mask,p100,65536,1,28777,11,11,6554,6554,1
70,gcc-scalar,20260917,50,0,warmup,50,branch,sum_if,p500_sorted,65536,1,27829,11,11,2213941836433581612,2213941836433581612,1
70,gcc-scalar,20260917,51,0,warmup,51,small,sum_one,uniform,96,10922,496261,11,11,1966801938065649448,1966801938065649448,1
70,gcc-scalar,20260917,52,0,warmup,52,branch,filter_copy_mask,p500_alternating,65536,1,31506,11,11,32768,32768,1
70,gcc-scalar,20260917,53,1,measure,0,small,sum_one,uniform,48,21845,634133,11,11,18173204259618227916,18173204259618227916,1
70,gcc-scalar,20260917,54,1,measure,1,branch,filter_copy,p000,65536,1,26654,11,11,0,0,1
70,gcc-scalar,20260917,55,1,measure,2,branch,filter_copy_mask,p750,65536,1,36064,11,11,49152,49152,1
70,gcc-scalar,20260917,56,1,measure,3,branch,sum_if,p500_sorted,65536,1,28996,11,11,2213941836433581612,2213941836433581612,1
70,gcc-scalar,20260917,57,1,measure,4,branch,filter_copy_mask,p250,65536,1,30998,11,11,16384,16384,1
70,gcc-scalar,20260917,58,1,measure,5,dependency,split_xor_mul,uniform,65536,64,3059859,11,11,8310383708453772032,8310383708453772032,1
70,gcc-scalar,20260917,59,1,measure,6,branch,sum_if,p500,65536,1,381881,11,11,261284744287062128,261284744287062128,1
70,gcc-scalar,20260917,60,1,measure,7,small,sum_one,uniform,16,65536,589734,11,11,1403062601089810432,1403062601089810432,1
70,gcc-scalar,20260917,61,1,measure,8,small,sum_one,uniform,24,43690,540600,11,11,5019437447312423050,5019437447312423050,1
70,gcc-scalar,20260917,62,1,measure,9,branch,filter_copy,p500_sorted,65536,1,33523,11,11,32768,32768,1
70,gcc-scalar,20260917,63,1,measure,10,dependency,sum_one,uniform,65536,64,2176324,11,11,1190735372877940864,1190735372877940864,1
70,gcc-scalar,20260917,64,1,measure,11,branch,filter_copy,p1000,65536,1,48961,11,11,65536,65536,1
70,gcc-scalar,20260917,65,1,measure,12,small,sum_one,uniform,1024,1024,439950,11,11,6113767114656410624,6113767114656410624,1
70,gcc-scalar,20260917,66,1,measure,13,small,sum_one,uniform,384,2730,437943,11,11,5767785928059657782,5767785928059657782,1
70,gcc-scalar,20260917,67,1,measure,14,branch,sum_if,p250,65536,1,273803,11,11,75766260937212688,75766260937212688,1
70,gcc-scalar,20260917,68,1,measure,15,small,sum_one,uniform,2,524288,1097860,11,11,14489530702789345280,14489530702789345280,1
70,gcc-scalar,20260917,69,1,measure,16,branch,sum_if,p750,65536,1,279852,11,11,14586442889165806448,14586442889165806448,1
70,gcc-scalar,20260917,70,1,measure,17,branch,filter_copy,p750,65536,1,273580,11,11,49152,49152,1
70,gcc-scalar,20260917,71,1,measure,18,small,sum_one,uniform,32,32768,509319,11,11,4730905112462327808,4730905112462327808,1
70,gcc-scalar,20260917,72,1,measure,19,small,sum_one,uniform,12,87381,696459,11,11,18208879310165819389,18208879310165819389,1
70,gcc-scalar,20260917,73,1,measure,20,small,sum_one,uniform,4,262144,933511,11,11,6027757896494481408,6027757896494481408,1
70,gcc-scalar,20260917,74,1,measure,21,small,sum_one,uniform,6,174762,769532,11,11,4529353940760067638,4529353940760067638,1
70,gcc-scalar,20260917,75,1,measure,22,small,sum_one,uniform,64,16384,609881,11,11,14815439244071927808,14815439244071927808,1
70,gcc-scalar,20260917,76,1,measure,23,branch,filter_copy_mask,p000,65536,1,28309,11,11,0,0,1
70,gcc-scalar,20260917,77,1,measure,24,small,sum_one,uniform,1,1048576,1759654,11,11,8452580083670974464,8452580083670974464,1
70,gcc-scalar,20260917,78,1,measure,25,branch,filter_copy_mask,p1000,65536,1,43704,11,11,65536,65536,1
70,gcc-scalar,20260917,79,1,measure,26,branch,filter_copy_mask,p500_alternating,65536,1,30174,11,11,32768,32768,1
70,gcc-scalar,20260917,80,1,measure,27,branch,sum_if,p1000,65536,1,27490,11,11,4485739283943968327,4485739283943968327,1
70,gcc-scalar,20260917,81,1,measure,28,branch,filter_copy,p100,65536,1,150963,11,11,6554,6554,1
70,gcc-scalar,20260917,82,1,measure,29,small,sum_one,uniform,768,1365,435174,11,11,6760326044614544011,6760326044614544011,1
70,gcc-scalar,20260917,83,1,measure,30,branch,filter_copy,p500,65536,1,386493,11,11,32768,32768,1
70,gcc-scalar,20260917,84,1,measure,31,branch,sum_if,p900,65536,1,150085,11,11,1957202038211152021,1957202038211152021,1
70,gcc-scalar,20260917,85,1,measure,32,small,sum_one,uniform,3,349525,1030110,11,11,9690214761957071044,9690214761957071044,1
70,gcc-scalar,20260917,86,1,measure,33,branch,sum_if,p000,65536,1,27594,11,11,0,0,1
70,gcc-scalar,20260917,87,1,measure,34,small,sum_one,uniform,128,8192,451572,11,11,17503531059042279424,17503531059042279424,1
70,gcc-scalar,20260917,88,1,measure,35,branch,filter_copy,p500_alternating,65536,1,28703,11,11,32768,32768,1
70,gcc-scalar,20260917,89,1,measure,36,branch,filter_copy,p900,65536,1,167050,11,11,58982,58982,1
70,gcc-scalar,20260917,90,1,measure,37,small,sum_one,uniform,256,4096,436123,11,11,12471836693395644416,12471836693395644416,1
70,gcc-scalar,20260917,91,1,measure,38,dependency,sum_one_bis,uniform,65536,64,1785389,11,11,1190735372877940864,1190735372877940864,1
70,gcc-scalar,20260917,92,1,measure,39,dependency,chain_xor_mul,uniform,65536,64,7357081,11,11,5299772668389481216,5299772668389481216,1
70,gcc-scalar,20260917,93,1,measure,40,dependency,sum_twice,uniform,65536,64,3611294,11,11,2381470745755881728,2381470745755881728,1
70,gcc-scalar,20260917,94,1,measure,41,dependency,sum_four,uniform,65536,64,1191767,11,11,1190735372877940864,1190735372877940864,1
70,gcc-scalar,20260917,95,1,measure,42,small,sum_one,uniform,96,10922,533074,11,11,1966801938065649448,1966801938065649448,1
70,gcc-scalar,20260917,96,1,measure,43,branch,sum_if,p100,65536,1,156791,11,11,3083979731501324985,3083979731501324985,1
70,gcc-scalar,20260917,97,1,measure,44,small,sum_one,uniform,192,5461,423713,11,11,17901819518249685373,17901819518249685373,1
70,gcc-scalar,20260917,98,1,measure,45,branch,filter_copy_mask,p900,65536,1,54868,11,11,58982,58982,1
70,gcc-scalar,20260917,99,1,measure,46,branch,filter_copy_mask,p500_sorted,65536,1,29485,11,11,32768,32768,1
70,gcc-scalar,20260917,100,1,measure,47,branch,filter_copy_mask,p100,65536,1,28786,11,11,6554,6554,1
70,gcc-scalar,20260917,101,1,measure,48,branch,filter_copy,p250,65536,1,284240,11,11,16384,16384,1
70,gcc-scalar,20260917,102,1,measure,49,branch,sum_if,p500_alternating,65536,1,28405,11,11,4196774058536912234,4196774058536912234,1
70,gcc-scalar,20260917,103,1,measure,50,small,sum_one,uniform,8,131072,711666,11,11,11724155215337095168,11724155215337095168,1
70,gcc-scalar,20260917,104,1,measure,51,branch,filter_copy_mask,p500,65536,1,31118,11,11,32768,32768,1
70,gcc-scalar,20260917,105,1,measure,52,small,sum_one,uniform,512,2048,438201,11,11,6127788314265579520,6127788314265579520,1
70,gcc-scalar,20260917,106,2,measure,0,branch,sum_if,p250,65536,1,271052,11,11,75766260937212688,75766260937212688,1
70,gcc-scalar,20260917,107,2,measure,1,dependency,chain_xor_mul,uniform,65536,64,7063833,11,11,5299772668389481216,5299772668389481216,1
70,gcc-scalar,20260917,108,2,measure,2,small,sum_one,uniform,1,1048576,1759348,11,11,8452580083670974464,8452580083670974464,1
70,gcc-scalar,20260917,109,2,measure,3,small,sum_one,uniform,768,1365,440845,11,11,6760326044614544011,6760326044614544011,1
70,gcc-scalar,20260917,110,2,measure,4,branch,filter_copy_mask,p250,65536,1,33942,11,11,16384,16384,1
70,gcc-scalar,20260917,111,2,measure,5,branch,sum_if,p750,65536,1,277949,11,11,14586442889165806448,14586442889165806448,1
70,gcc-scalar,20260917,112,2,measure,6,branch,filter_copy,p750,65536,1,280096,11,11,49152,49152,1
70,gcc-scalar,20260917,113,2,measure,7,branch,sum_if,p500_alternating,65536,1,27570,11,11,4196774058536912234,4196774058536912234,1
70,gcc-scalar,20260917,114,2,measure,8,branch,filter_copy_mask,p500_alternating,65536,1,29469,11,11,32768,32768,1
70,gcc-scalar,20260917,115,2,measure,9,small,sum_one,uniform,16,65536,578311,11,11,1403062601089810432,1403062601089810432,1
70,gcc-scalar,20260917,116,2,measure,10,branch,filter_copy_mask,p750,65536,1,30887,11,11,49152,49152,1
70,gcc-scalar,20260917,117,2,measure,11,branch,filter_copy,p250,65536,1,284536,11,11,16384,16384,1
70,gcc-scalar,20260917,118,2,measure,12,branch,filter_copy,p1000,65536,1,50216,11,11,65536,65536,1
70,gcc-scalar,20260917,119,2,measure,13,branch,sum_if,p000,65536,1,27795,11,11,0,0,1
70,gcc-scalar,20260917,120,2,measure,14,small,sum_one,uniform,2,524288,1102313,11,11,14489530702789345280,14489530702789345280,1
70,gcc-scalar,20260917,121,2,measure,15,small,sum_one,uniform,96,10922,485810,11,11,1966801938065649448,1966801938065649448,1
70,gcc-scalar,20260917,122,2,measure,16,dependency,sum_four,uniform,65536,64,1177306,11,11,1190735372877940864,1190735372877940864,1
70,gcc-scalar,20260917,123,2,measure,17,small,sum_one,uniform,192,5461,433303,11,11,17901819518249685373,17901819518249685373,1
70,gcc-scalar,20260917,124,2,measure,18,branch,filter_copy_mask,p900,65536,1,50097,11,11,58982,58982,1
70,gcc-scalar,20260917,125,2,measure,19,branch,filter_copy,p500,65536,1,386062,11,11,32768,32768,1
70,gcc-scalar,20260917,126,2,measure,20,branch,filter_copy_mask,p500_sorted,65536,1,29698,11,11,32768,32768,1
70,gcc-scalar,20260917,127,2,measure,21,dependency,split_xor_mul,uniform,65536,64,2500391,11,11,8310383708453772032,8310383708453772032,1
70,gcc-scalar,20260917,128,2,measure,22,small,sum_one,uniform,512,2048,437510,11,11,6127788314265579520,6127788314265579520,1
70,gcc-scalar,20260917,129,2,measure,23,branch,filter_copy_mask,p000,65536,1,31872,11,11,0,0,1
70,gcc-scalar,20260917,130,2,measure,24,branch,filter_copy_mask,p1000,65536,1,58131,11,11,65536,65536,1
70,gcc-scalar,20260917,131,2,measure,25,small,sum_one,uniform,8,131072,716024,11,11,11724155215337095168,11724155215337095168,1
70,gcc-scalar,20260917,132,2,measure,26,branch,filter_copy,p500_sorted,65536,1,28431,11,11,32768,32768,1
70,gcc-scalar,20260917,133,2,measure,27,dependency,sum_one,uniform,65536,64,1765443,11,11,1190735372877940864,1190735372877940864,1
70,gcc-scalar,20260917,134,2,measure,28,small,sum_one,uniform,4,262144,939414,11,11,6027757896494481408,6027757896494481408,1
70,gcc-scalar,20260917,135,2,measure,29,small,sum_one,uniform,48,21845,649867,11,11,18173204259618227916,18173204259618227916,1
70,gcc-scalar,20260917,136,2,measure,30,dependency,sum_one_bis,uniform,65536,64,1765577,11,11,1190735372877940864,1190735372877940864,1
70,gcc-scalar,20260917,137,2,measure,31,branch,filter_copy,p000,65536,1,27792,11,11,0,0,1
70,gcc-scalar,20260917,138,2,measure,32,branch,filter_copy,p100,65536,1,154132,11,11,6554,6554,1
70,gcc-scalar,20260917,139,2,measure,33,small,sum_one,uniform,6,174762,766822,11,11,4529353940760067638,4529353940760067638,1
70,gcc-scalar,20260917,140,2,measure,34,small,sum_one,uniform,32,32768,512942,11,11,4730905112462327808,4730905112462327808,1
70,gcc-scalar,20260917,141,2,measure,35,branch,sum_if,p500_sorted,65536,1,28198,11,11,2213941836433581612,2213941836433581612,1
70,gcc-scalar,20260917,142,2,measure,36,small,sum_one,uniform,3,349525,1024938,11,11,9690214761957071044,9690214761957071044,1
70,gcc-scalar,20260917,143,2,measure,37,branch,sum_if,p500,65536,1,386052,11,11,261284744287062128,261284744287062128,1
70,gcc-scalar,20260917,144,2,measure,38,small,sum_one,uniform,128,8192,446008,11,11,17503531059042279424,17503531059042279424,1
70,gcc-scalar,20260917,145,2,measure,39,dependency,sum_twice,uniform,65536,64,3594264,11,11,2381470745755881728,2381470745755881728,1
70,gcc-scalar,20260917,146,2,measure,40,branch,filter_copy_mask,p100,65536,1,29151,11,11,6554,6554,1
70,gcc-scalar,20260917,147,2,measure,41,branch,filter_copy,p900,65536,1,156040,11,11,58982,58982,1
70,gcc-scalar,20260917,148,2,measure,42,small,sum_one,uniform,384,2730,442003,11,11,5767785928059657782,5767785928059657782,1
70,gcc-scalar,20260917,149,2,measure,43,small,sum_one,uniform,24,43690,532886,11,11,5019437447312423050,5019437447312423050,1
70,gcc-scalar,20260917,150,2,measure,44,small,sum_one,uniform,64,16384,628271,11,11,14815439244071927808,14815439244071927808,1
70,gcc-scalar,20260917,151,2,measure,45,branch,filter_copy,p500_alternating,65536,1,28599,11,11,32768,32768,1
70,gcc-scalar,20260917,152,2,measure,46,small,sum_one,uniform,256,4096,439289,11,11,12471836693395644416,12471836693395644416,1
70,gcc-scalar,20260917,153,2,measure,47,small,sum_one,uniform,12,87381,695397,11,11,18208879310165819389,18208879310165819389,1
70,gcc-scalar,20260917,154,2,measure,48,small,sum_one,uniform,1024,1024,443218,11,11,6113767114656410624,6113767114656410624,1
70,gcc-scalar,20260917,155,2,measure,49,branch,sum_if,p1000,65536,1,27978,11,11,4485739283943968327,4485739283943968327,1
70,gcc-scalar,20260917,156,2,measure,50,branch,sum_if,p900,65536,1,149801,11,11,1957202038211152021,1957202038211152021,1
70,gcc-scalar,20260917,157,2,measure,51,branch,filter_copy_mask,p500,65536,1,46655,11,11,32768,32768,1
70,gcc-scalar,20260917,158,2,measure,52,branch,sum_if,p100,65536,1,156420,11,11,3083979731501324985,3083979731501324985,1
70,gcc-scalar,20260917,159,3,measure,0,small,sum_one,uniform,512,2048,423381,11,11,6127788314265579520,6127788314265579520,1
70,gcc-scalar,20260917,160,3,measure,1,branch,sum_if,p750,65536,1,272501,11,11,14586442889165806448,14586442889165806448,1
70,gcc-scalar,20260917,161,3,measure,2,branch,filter_copy,p100,65536,1,152883,11,11,6554,6554,1
70,gcc-scalar,20260917,162,3,measure,3,branch,sum_if,p900,65536,1,149124,11,11,1957202038211152021,1957202038211152021,1
70,gcc-scalar,20260917,163,3,measure,4,small,sum_one,uniform,48,21845,694671,11,11,18173204259618227916,18173204259618227916,1
70,gcc-scalar,20260917,164,3,measure,5,small,sum_one,uniform,64,16384,606302,11,11,14815439244071927808,14815439244071927808,1
70,gcc-scalar,20260917,165,3,measure,6,branch,filter_copy_mask,p500_alternating,65536,1,40034,11,11,32768,32768,1
70,gcc-scalar,20260917,166,3,measure,7,branch,filter_copy_mask,p900,65536,1,51792,11,11,58982,58982,1
70,gcc-scalar,20260917,167,3,measure,8,small,sum_one,uniform,96,10922,534241,11,11,1966801938065649448,1966801938065649448,1
70,gcc-scalar,20260917,168,3,measure,9,small,sum_one,uniform,768,1365,440819,11,11,6760326044614544011,6760326044614544011,1
70,gcc-scalar,20260917,169,3,measure,10,dependency,sum_twice,uniform,65536,64,3891629,11,11,2381470745755881728,2381470745755881728,1
70,gcc-scalar,20260917,170,3,measure,11,branch,sum_if,p100,65536,1,156140,11,11,3083979731501324985,3083979731501324985,1
70,gcc-scalar,20260917,171,3,measure,12,branch,filter_copy,p500_sorted,65536,1,36061,11,11,32768,32768,1
70,gcc-scalar,20260917,172,3,measure,13,dependency,split_xor_mul,uniform,65536,64,2474706,11,11,8310383708453772032,8310383708453772032,1
70,gcc-scalar,20260917,173,3,measure,14,small,sum_one,uniform,4,262144,934188,11,11,6027757896494481408,6027757896494481408,1
70,gcc-scalar,20260917,174,3,measure,15,branch,filter_copy,p000,65536,1,27483,11,11,0,0,1
70,gcc-scalar,20260917,175,3,measure,16,branch,filter_copy,p250,65536,1,279906,11,11,16384,16384,1
70,gcc-scalar,20260917,176,3,measure,17,branch,filter_copy,p750,65536,1,270814,11,11,49152,49152,1
70,gcc-scalar,20260917,177,3,measure,18,small,sum_one,uniform,1,1048576,1761286,11,11,8452580083670974464,8452580083670974464,1
70,gcc-scalar,20260917,178,3,measure,19,dependency,sum_four,uniform,65536,64,1175640,11,11,1190735372877940864,1190735372877940864,1
70,gcc-scalar,20260917,179,3,measure,20,dependency,sum_one,uniform,65536,64,1805813,11,11,1190735372877940864,1190735372877940864,1
70,gcc-scalar,20260917,180,3,measure,21,small,sum_one,uniform,128,8192,481684,11,11,17503531059042279424,17503531059042279424,1
70,gcc-scalar,20260917,181,3,measure,22,branch,filter_copy,p500_alternating,65536,1,28905,11,11,32768,32768,1
70,gcc-scalar,20260917,182,3,measure,23,small,sum_one,uniform,16,65536,574964,11,11,1403062601089810432,1403062601089810432,1
70,gcc-scalar,20260917,183,3,measure,24,small,sum_one,uniform,6,174762,770385,11,11,4529353940760067638,4529353940760067638,1
70,gcc-scalar,20260917,184,3,measure,25,branch,filter_copy_mask,p1000,65536,1,66394,11,11,65536,65536,1
70,gcc-scalar,20260917,185,3,measure,26,small,sum_one,uniform,32,32768,515277,11,11,4730905112462327808,4730905112462327808,1
70,gcc-scalar,20260917,186,3,measure,27,branch,sum_if,p250,65536,1,274448,11,11,75766260937212688,75766260937212688,1
70,gcc-scalar,20260917,187,3,measure,28,dependency,chain_xor_mul,uniform,65536,64,7243556,11,11,5299772668389481216,5299772668389481216,1
70,gcc-scalar,20260917,188,3,measure,29,branch,filter_copy_mask,p100,65536,1,28904,11,11,6554,6554,1
70,gcc-scalar,20260917,189,3,measure,30,small,sum_one,uniform,1024,1024,440802,11,11,6113767114656410624,6113767114656410624,1
70,gcc-scalar,20260917,190,3,measure,31,small,sum_one,uniform,24,43690,534128,11,11,5019437447312423050,5019437447312423050,1
70,gcc-scalar,20260917,191,3,measure,32,branch,sum_if,p000,65536,1,28406,11,11,0,0,1
70,gcc-scalar,20260917,192,3,measure,33,small,sum_one,uniform,192,5461,438082,11,11,17901819518249685373,17901819518249685373,1
70,gcc-scalar,20260917,193,3,measure,34,branch,filter_copy_mask,p500_sorted,65536,1,48022,11,11,32768,32768,1
70,gcc-scalar,20260917,194,3,measure,35,small,sum_one,uniform,3,349525,1151515,11,11,9690214761957071044,9690214761957071044,1
70,gcc-scalar,20260917,195,3,measure,36,small,sum_one,uniform,256,4096,439593,11,11,12471836693395644416,12471836693395644416,1
70,gcc-scalar,20260917,196,3,measure,37,branch,filter_copy,p1000,65536,1,64491,11,11,65536,65536,1
70,gcc-scalar,20260917,197,3,measure,38,branch,filter_copy_mask,p750,65536,1,41689,11,11,49152,49152,1
70,gcc-scalar,20260917,198,3,measure,39,small,sum_one,uniform,2,524288,1207095,11,11,14489530702789345280,14489530702789345280,1
70,gcc-scalar,20260917,199,3,measure,40,branch,sum_if,p500_sorted,65536,1,171830,11,11,2213941836433581612,2213941836433581612,1
70,gcc-scalar,20260917,200,3,measure,41,branch,filter_copy,p900,65536,1,197599,11,11,58982,58982,1
70,gcc-scalar,20260917,201,3,measure,42,branch,sum_if,p500,65536,1,382096,11,11,261284744287062128,261284744287062128,1
70,gcc-scalar,20260917,202,3,measure,43,branch,sum_if,p500_alternating,65536,1,27514,11,11,4196774058536912234,4196774058536912234,1
70,gcc-scalar,20260917,203,3,measure,44,dependency,sum_one_bis,uniform,65536,64,1760034,11,11,1190735372877940864,1190735372877940864,1
70,gcc-scalar,20260917,204,3,measure,45,small,sum_one,uniform,8,131072,716500,11,11,11724155215337095168,11724155215337095168,1
70,gcc-scalar,20260917,205,3,measure,46,branch,sum_if,p1000,65536,1,27741,11,11,4485739283943968327,4485739283943968327,1
70,gcc-scalar,20260917,206,3,measure,47,branch,filter_copy_mask,p000,65536,1,29037,11,11,0,0,1
70,gcc-scalar,20260917,207,3,measure,48,branch,filter_copy_mask,p500,65536,1,40519,11,11,32768,32768,1
70,gcc-scalar,20260917,208,3,measure,49,branch,filter_copy,p500,65536,1,386785,11,11,32768,32768,1
70,gcc-scalar,20260917,209,3,measure,50,small,sum_one,uniform,12,87381,620803,11,11,18208879310165819389,18208879310165819389,1
70,gcc-scalar,20260917,210,3,measure,51,small,sum_one,uniform,384,2730,443053,11,11,5767785928059657782,5767785928059657782,1
70,gcc-scalar,20260917,211,3,measure,52,branch,filter_copy_mask,p250,65536,1,29983,11,11,16384,16384,1
70,gcc-scalar,20260917,212,4,measure,0,small,sum_one,uniform,16,65536,553245,11,11,1403062601089810432,1403062601089810432,1
70,gcc-scalar,20260917,213,4,measure,1,branch,filter_copy_mask,p900,65536,1,52347,11,11,58982,58982,1
70,gcc-scalar,20260917,214,4,measure,2,dependency,sum_four,uniform,65536,64,1171215,11,11,1190735372877940864,1190735372877940864,1
70,gcc-scalar,20260917,215,4,measure,3,branch,filter_copy,p500_sorted,65536,1,29932,11,11,32768,32768,1
70,gcc-scalar,20260917,216,4,measure,4,small,sum_one,uniform,2,524288,1098689,11,11,14489530702789345280,14489530702789345280,1
70,gcc-scalar,20260917,217,4,measure,5,branch,sum_if,p000,65536,1,27682,11,11,0,0,1
70,gcc-scalar,20260917,218,4,measure,6,small,sum_one,uniform,768,1365,429861,11,11,6760326044614544011,6760326044614544011,1
70,gcc-scalar,20260917,219,4,measure,7,small,sum_one,uniform,12,87381,624473,11,11,18208879310165819389,18208879310165819389,1
70,gcc-scalar,20260917,220,4,measure,8,branch,filter_copy_mask,p000,65536,1,28429,11,11,0,0,1
70,gcc-scalar,20260917,221,4,measure,9,branch,sum_if,p750,65536,1,279178,11,11,14586442889165806448,14586442889165806448,1
70,gcc-scalar,20260917,222,4,measure,10,branch,sum_if,p900,65536,1,152417,11,11,1957202038211152021,1957202038211152021,1
70,gcc-scalar,20260917,223,4,measure,11,small,sum_one,uniform,256,4096,426529,11,11,12471836693395644416,12471836693395644416,1
70,gcc-scalar,20260917,224,4,measure,12,small,sum_one,uniform,48,21845,747066,11,11,18173204259618227916,18173204259618227916,1
70,gcc-scalar,20260917,225,4,measure,13,branch,filter_copy_mask,p250,65536,1,30072,11,11,16384,16384,1
70,gcc-scalar,20260917,226,4,measure,14,branch,sum_if,p500,65536,1,389629,11,11,261284744287062128,261284744287062128,1
70,gcc-scalar,20260917,227,4,measure,15,branch,filter_copy_mask,p1000,65536,1,126747,11,11,65536,65536,1
70,gcc-scalar,20260917,228,4,measure,16,small,sum_one,uniform,24,43690,532899,11,11,5019437447312423050,5019437447312423050,1
70,gcc-scalar,20260917,229,4,measure,17,dependency,sum_twice,uniform,65536,64,3772553,11,11,2381470745755881728,2381470745755881728,1
70,gcc-scalar,20260917,230,4,measure,18,small,sum_one,uniform,384,2730,442332,11,11,5767785928059657782,5767785928059657782,1
70,gcc-scalar,20260917,231,4,measure,19,small,sum_one,uniform,64,16384,652581,11,11,14815439244071927808,14815439244071927808,1
70,gcc-scalar,20260917,232,4,measure,20,dependency,sum_one_bis,uniform,65536,64,1798820,11,11,1190735372877940864,1190735372877940864,1
70,gcc-scalar,20260917,233,4,measure,21,small,sum_one,uniform,4,262144,934201,11,11,6027757896494481408,6027757896494481408,1
70,gcc-scalar,20260917,234,4,measure,22,small,sum_one,uniform,512,2048,436861,11,11,6127788314265579520,6127788314265579520,1
70,gcc-scalar,20260917,235,4,measure,23,small,sum_one,uniform,32,32768,506379,11,11,4730905112462327808,4730905112462327808,1
70,gcc-scalar,20260917,236,4,measure,24,branch,filter_copy_mask,p500_alternating,65536,1,35424,11,11,32768,32768,1
70,gcc-scalar,20260917,237,4,measure,25,dependency,chain_xor_mul,uniform,65536,64,7082910,11,11,5299772668389481216,5299772668389481216,1
70,gcc-scalar,20260917,238,4,measure,26,dependency,split_xor_mul,uniform,65536,64,2315225,11,11,8310383708453772032,8310383708453772032,1
70,gcc-scalar,20260917,239,4,measure,27,small,sum_one,uniform,192,5461,436269,11,11,17901819518249685373,17901819518249685373,1
70,gcc-scalar,20260917,240,4,measure,28,small,sum_one,uniform,1024,1024,442627,11,11,6113767114656410624,6113767114656410624,1
70,gcc-scalar,20260917,241,4,measure,29,branch,sum_if,p500_sorted,65536,1,27641,11,11,2213941836433581612,2213941836433581612,1
70,gcc-scalar,20260917,242,4,measure,30,branch,filter_copy,p250,65536,1,284346,11,11,16384,16384,1
70,gcc-scalar,20260917,243,4,measure,31,branch,sum_if,p250,65536,1,274180,11,11,75766260937212688,75766260937212688,1
70,gcc-scalar,20260917,244,4,measure,32,branch,filter_copy,p1000,65536,1,54670,11,11,65536,65536,1
70,gcc-scalar,20260917,245,4,measure,33,branch,filter_copy,p100,65536,1,157422,11,11,6554,6554,1
70,gcc-scalar,20260917,246,4,measure,34,small,sum_one,uniform,8,131072,711710,11,11,11724155215337095168,11724155215337095168,1
70,gcc-scalar,20260917,247,4,measure,35,branch,filter_copy_mask,p500_sorted,65536,1,35584,11,11,32768,32768,1
70,gcc-scalar,20260917,248,4,measure,36,small,sum_one,uniform,96,10922,531739,11,11,1966801938065649448,1966801938065649448,1
70,gcc-scalar,20260917,249,4,measure,37,small,sum_one,uniform,3,349525,1025974,11,11,9690214761957071044,9690214761957071044,1
70,gcc-scalar,20260917,250,4,measure,38,branch,filter_copy,p500_alternating,65536,1,28249,11,11,32768,32768,1
70,gcc-scalar,20260917,251,4,measure,39,branch,filter_copy_mask,p750,65536,1,41200,11,11,49152,49152,1
70,gcc-scalar,20260917,252,4,measure,40,small,sum_one,uniform,1,1048576,1761783,11,11,8452580083670974464,8452580083670974464,1
70,gcc-scalar,20260917,253,4,measure,41,branch,sum_if,p100,65536,1,151756,11,11,3083979731501324985,3083979731501324985,1
70,gcc-scalar,20260917,254,4,measure,42,branch,filter_copy_mask,p100,65536,1,29010,11,11,6554,6554,1
70,gcc-scalar,20260917,255,4,measure,43,branch,filter_copy,p750,65536,1,281421,11,11,49152,49152,1
70,gcc-scalar,20260917,256,4,measure,44,branch,sum_if,p1000,65536,1,27534,11,11,4485739283943968327,4485739283943968327,1
70,gcc-scalar,20260917,257,4,measure,45,small,sum_one,uniform,128,8192,470615,11,11,17503531059042279424,17503531059042279424,1
70,gcc-scalar,20260917,258,4,measure,46,branch,filter_copy,p900,65536,1,148023,11,11,58982,58982,1
70,gcc-scalar,20260917,259,4,measure,47,small,sum_one,uniform,6,174762,766461,11,11,4529353940760067638,4529353940760067638,1
70,gcc-scalar,20260917,260,4,measure,48,branch,filter_copy,p000,65536,1,27517,11,11,0,0,1
70,gcc-scalar,20260917,261,4,measure,49,dependency,sum_one,uniform,65536,64,1940482,11,11,1190735372877940864,1190735372877940864,1
70,gcc-scalar,20260917,262,4,measure,50,branch,filter_copy_mask,p500,65536,1,40091,11,11,32768,32768,1
70,gcc-scalar,20260917,263,4,measure,51,branch,filter_copy,p500,65536,1,391395,11,11,32768,32768,1
70,gcc-scalar,20260917,264,4,measure,52,branch,sum_if,p500_alternating,65536,1,27653,11,11,4196774058536912234,4196774058536912234,1
70,gcc-scalar,20260917,265,5,measure,0,branch,filter_copy,p500,65536,1,372555,11,11,32768,32768,1
70,gcc-scalar,20260917,266,5,measure,1,branch,filter_copy_mask,p500_alternating,65536,1,37347,11,11,32768,32768,1
70,gcc-scalar,20260917,267,5,measure,2,small,sum_one,uniform,1024,1024,440353,11,11,6113767114656410624,6113767114656410624,1
70,gcc-scalar,20260917,268,5,measure,3,small,sum_one,uniform,512,2048,439862,11,11,6127788314265579520,6127788314265579520,1
70,gcc-scalar,20260917,269,5,measure,4,dependency,sum_four,uniform,65536,64,1231817,11,11,1190735372877940864,1190735372877940864,1
70,gcc-scalar,20260917,270,5,measure,5,small,sum_one,uniform,128,8192,477660,11,11,17503531059042279424,17503531059042279424,1
70,gcc-scalar,20260917,271,5,measure,6,branch,filter_copy_mask,p1000,65536,1,75290,11,11,65536,65536,1
70,gcc-scalar,20260917,272,5,measure,7,small,sum_one,uniform,6,174762,773695,11,11,4529353940760067638,4529353940760067638,1
70,gcc-scalar,20260917,273,5,measure,8,small,sum_one,uniform,48,21845,649763,11,11,18173204259618227916,18173204259618227916,1
70,gcc-scalar,20260917,274,5,measure,9,branch,sum_if,p000,65536,1,28913,11,11,0,0,1
70,gcc-scalar,20260917,275,5,measure,10,branch,filter_copy_mask,p500,65536,1,46200,11,11,32768,32768,1
70,gcc-scalar,20260917,276,5,measure,11,branch,filter_copy,p500_alternating,65536,1,28812,11,11,32768,32768,1
70,gcc-scalar,20260917,277,5,measure,12,branch,sum_if,p1000,65536,1,27533,11,11,4485739283943968327,4485739283943968327,1
70,gcc-scalar,20260917,278,5,measure,13,branch,filter_copy,p750,65536,1,276809,11,11,49152,49152,1
70,gcc-scalar,20260917,279,5,measure,14,branch,sum_if,p900,65536,1,148556,11,11,1957202038211152021,1957202038211152021,1
70,gcc-scalar,20260917,280,5,measure,15,branch,filter_copy,p1000,65536,1,46966,11,11,65536,65536,1
70,gcc-scalar,20260917,281,5,measure,16,small,sum_one,uniform,2,524288,1099212,11,11,14489530702789345280,14489530702789345280,1
70,gcc-scalar,20260917,282,5,measure,17,branch,filter_copy_mask,p750,65536,1,32173,11,11,49152,49152,1
70,gcc-scalar,20260917,283,5,measure,18,branch,sum_if,p250,65536,1,272256,11,11,75766260937212688,75766260937212688,1
70,gcc-scalar,20260917,284,5,measure,19,branch,filter_copy_mask,p500_sorted,65536,1,30927,11,11,32768,32768,1
70,gcc-scalar,20260917,285,5,measure,20,small,sum_one,uniform,24,43690,553472,11,11,5019437447312423050,5019437447312423050,1
70,gcc-scalar,20260917,286,5,measure,21,small,sum_one,uniform,32,32768,507522,11,11,4730905112462327808,4730905112462327808,1
70,gcc-scalar,20260917,287,5,measure,22,small,sum_one,uniform,256,4096,440545,11,11,12471836693395644416,12471836693395644416,1
70,gcc-scalar,20260917,288,5,measure,23,small,sum_one,uniform,3,349525,1025581,11,11,9690214761957071044,9690214761957071044,1
70,gcc-scalar,20260917,289,5,measure,24,branch,sum_if,p500,65536,1,391128,11,11,261284744287062128,261284744287062128,1
70,gcc-scalar,20260917,290,5,measure,25,dependency,sum_one,uniform,65536,64,1769963,11,11,1190735372877940864,1190735372877940864,1
70,gcc-scalar,20260917,291,5,measure,26,small,sum_one,uniform,1,1048576,1758639,11,11,8452580083670974464,8452580083670974464,1
70,gcc-scalar,20260917,292,5,measure,27,branch,filter_copy,p100,65536,1,153934,11,11,6554,6554,1
70,gcc-scalar,20260917,293,5,measure,28,branch,filter_copy_mask,p100,65536,1,28860,11,11,6554,6554,1
70,gcc-scalar,20260917,294,5,measure,29,branch,filter_copy,p000,65536,1,27530,11,11,0,0,1
70,gcc-scalar,20260917,295,5,measure,30,branch,sum_if,p100,65536,1,165773,11,11,3083979731501324985,3083979731501324985,1
70,gcc-scalar,20260917,296,5,measure,31,small,sum_one,uniform,96,10922,495683,11,11,1966801938065649448,1966801938065649448,1
70,gcc-scalar,20260917,297,5,measure,32,branch,filter_copy,p250,65536,1,272382,11,11,16384,16384,1
70,gcc-scalar,20260917,298,5,measure,33,small,sum_one,uniform,8,131072,715381,11,11,11724155215337095168,11724155215337095168,1
70,gcc-scalar,20260917,299,5,measure,34,branch,sum_if,p750,65536,1,277834,11,11,14586442889165806448,14586442889165806448,1
70,gcc-scalar,20260917,300,5,measure,35,branch,filter_copy_mask,p000,65536,1,28334,11,11,0,0,1
70,gcc-scalar,20260917,301,5,measure,36,small,sum_one,uniform,4,262144,934854,11,11,6027757896494481408,6027757896494481408,1
70,gcc-scalar,20260917,302,5,measure,37,dependency,sum_twice,uniform,65536,64,3926561,11,11,2381470745755881728,2381470745755881728,1
70,gcc-scalar,20260917,303,5,measure,38,small,sum_one,uniform,64,16384,623095,11,11,14815439244071927808,14815439244071927808,1
70,gcc-scalar,20260917,304,5,measure,39,small,sum_one,uniform,192,5461,429797,11,11,17901819518249685373,17901819518249685373,1
70,gcc-scalar,20260917,305,5,measure,40,dependency,chain_xor_mul,uniform,65536,64,7170812,11,11,5299772668389481216,5299772668389481216,1
70,gcc-scalar,20260917,306,5,measure,41,dependency,sum_one_bis,uniform,65536,64,1774290,11,11,1190735372877940864,1190735372877940864,1
70,gcc-scalar,20260917,307,5,measure,42,small,sum_one,uniform,16,65536,586283,11,11,1403062601089810432,1403062601089810432,1
70,gcc-scalar,20260917,308,5,measure,43,branch,filter_copy_mask,p900,65536,1,67684,11,11,58982,58982,1
70,gcc-scalar,20260917,309,5,measure,44,small,sum_one,uniform,384,2730,438342,11,11,5767785928059657782,5767785928059657782,1
70,gcc-scalar,20260917,310,5,measure,45,dependency,split_xor_mul,uniform,65536,64,2411632,11,11,8310383708453772032,8310383708453772032,1
70,gcc-scalar,20260917,311,5,measure,46,branch,sum_if,p500_sorted,65536,1,33788,11,11,2213941836433581612,2213941836433581612,1
70,gcc-scalar,20260917,312,5,measure,47,branch,filter_copy,p900,65536,1,142625,11,11,58982,58982,1
70,gcc-scalar,20260917,313,5,measure,48,branch,filter_copy_mask,p250,65536,1,29110,11,11,16384,16384,1
70,gcc-scalar,20260917,314,5,measure,49,branch,sum_if,p500_alternating,65536,1,27534,11,11,4196774058536912234,4196774058536912234,1
70,gcc-scalar,20260917,315,5,measure,50,small,sum_one,uniform,12,87381,627058,11,11,18208879310165819389,18208879310165819389,1
70,gcc-scalar,20260917,316,5,measure,51,small,sum_one,uniform,768,1365,440119,11,11,6760326044614544011,6760326044614544011,1
70,gcc-scalar,20260917,317,5,measure,52,branch,filter_copy,p500_sorted,65536,1,44965,11,11,32768,32768,1
70,gcc-scalar,20260917,318,6,measure,0,branch,filter_copy_mask,p900,65536,1,42432,11,11,58982,58982,1
70,gcc-scalar,20260917,319,6,measure,1,small,sum_one,uniform,64,16384,602306,11,11,14815439244071927808,14815439244071927808,1
70,gcc-scalar,20260917,320,6,measure,2,dependency,sum_one,uniform,65536,64,1863474,11,11,1190735372877940864,1190735372877940864,1
70,gcc-scalar,20260917,321,6,measure,3,small,sum_one,uniform,16,65536,579265,11,11,1403062601089810432,1403062601089810432,1
70,gcc-scalar,20260917,322,6,measure,4,branch,filter_copy,p750,65536,1,270644,11,11,49152,49152,1
70,gcc-scalar,20260917,323,6,measure,5,small,sum_one,uniform,512,2048,433062,11,11,6127788314265579520,6127788314265579520,1
70,gcc-scalar,20260917,324,6,measure,6,branch,filter_copy,p250,65536,1,279375,11,11,16384,16384,1
70,gcc-scalar,20260917,325,6,measure,7,small,sum_one,uniform,384,2730,443230,11,11,5767785928059657782,5767785928059657782,1
70,gcc-scalar,20260917,326,6,measure,8,branch,filter_copy_mask,p500_sorted,65536,1,56691,11,11,32768,32768,1
70,gcc-scalar,20260917,327,6,measure,9,small,sum_one,uniform,4,262144,940939,11,11,6027757896494481408,6027757896494481408,1
70,gcc-scalar,20260917,328,6,measure,10,small,sum_one,uniform,6,174762,772271,11,11,4529353940760067638,4529353940760067638,1
70,gcc-scalar,20260917,329,6,measure,11,small,sum_one,uniform,32,32768,509777,11,11,4730905112462327808,4730905112462327808,1
70,gcc-scalar,20260917,330,6,measure,12,branch,filter_copy,p000,65536,1,27548,11,11,0,0,1
70,gcc-scalar,20260917,331,6,measure,13,small,sum_one,uniform,192,5461,425336,11,11,17901819518249685373,17901819518249685373,1
70,gcc-scalar,20260917,332,6,measure,14,branch,filter_copy_mask,p250,65536,1,30347,11,11,16384,16384,1
70,gcc-scalar,20260917,333,6,measure,15,branch,sum_if,p000,65536,1,27754,11,11,0,0,1
70,gcc-scalar,20260917,334,6,measure,16,branch,sum_if,p500_alternating,65536,1,28232,11,11,4196774058536912234,4196774058536912234,1
70,gcc-scalar,20260917,335,6,measure,17,branch,filter_copy,p500_alternating,65536,1,33459,11,11,32768,32768,1
70,gcc-scalar,20260917,336,6,measure,18,branch,sum_if,p500_sorted,65536,1,28168,11,11,2213941836433581612,2213941836433581612,1
70,gcc-scalar,20260917,337,6,measure,19,small,sum_one,uniform,128,8192,487314,11,11,17503531059042279424,17503531059042279424,1
70,gcc-scalar,20260917,338,6,measure,20,branch,filter_copy_mask,p750,65536,1,36958,11,11,49152,49152,1
70,gcc-scalar,20260917,339,6,measure,21,branch,sum_if,p100,65536,1,156998,11,11,3083979731501324985,3083979731501324985,1
70,gcc-scalar,20260917,340,6,measure,22,branch,filter_copy_mask,p500,65536,1,32056,11,11,32768,32768,1
70,gcc-scalar,20260917,341,6,measure,23,branch,sum_if,p1000,65536,1,27472,11,11,4485739283943968327,4485739283943968327,1
70,gcc-scalar,20260917,342,6,measure,24,small,sum_one,uniform,24,43690,535857,11,11,5019437447312423050,5019437447312423050,1
70,gcc-scalar,20260917,343,6,measure,25,small,sum_one,uniform,768,1365,440943,11,11,6760326044614544011,6760326044614544011,1
70,gcc-scalar,20260917,344,6,measure,26,small,sum_one,uniform,8,131072,737774,11,11,11724155215337095168,11724155215337095168,1
70,gcc-scalar,20260917,345,6,measure,27,branch,filter_copy,p500,65536,1,394356,11,11,32768,32768,1
70,gcc-scalar,20260917,346,6,measure,28,dependency,sum_one_bis,uniform,65536,64,1876269,11,11,1190735372877940864,1190735372877940864,1
70,gcc-scalar,20260917,347,6,measure,29,branch,sum_if,p500,65536,1,399621,11,11,261284744287062128,261284744287062128,1
70,gcc-scalar,20260917,348,6,measure,30,dependency,sum_four,uniform,65536,64,1363629,11,11,1190735372877940864,1190735372877940864,1
70,gcc-scalar,20260917,349,6,measure,31,dependency,split_xor_mul,uniform,65536,64,2806228,11,11,8310383708453772032,8310383708453772032,1
70,gcc-scalar,20260917,350,6,measure,32,branch,sum_if,p250,65536,1,297097,11,11,75766260937212688,75766260937212688,1
70,gcc-scalar,20260917,351,6,measure,33,branch,sum_if,p750,65536,1,279604,11,11,14586442889165806448,14586442889165806448,1
70,gcc-scalar,20260917,352,6,measure,34,branch,filter_copy_mask,p100,65536,1,29648,11,11,6554,6554,1
70,gcc-scalar,20260917,353,6,measure,35,branch,filter_copy,p500_sorted,65536,1,44506,11,11,32768,32768,1
70,gcc-scalar,20260917,354,6,measure,36,small,sum_one,uniform,256,4096,438631,11,11,12471836693395644416,12471836693395644416,1
70,gcc-scalar,20260917,355,6,measure,37,small,sum_one,uniform,2,524288,1116145,11,11,14489530702789345280,14489530702789345280,1
70,gcc-scalar,20260917,356,6,measure,38,dependency,sum_twice,uniform,65536,64,3707673,11,11,2381470745755881728,2381470745755881728,1
70,gcc-scalar,20260917,357,6,measure,39,small,sum_one,uniform,48,21845,798272,11,11,18173204259618227916,18173204259618227916,1
70,gcc-scalar,20260917,358,6,measure,40,branch,filter_copy_mask,p000,65536,1,28523,11,11,0,0,1
70,gcc-scalar,20260917,359,6,measure,41,dependency,chain_xor_mul,uniform,65536,64,7053423,11,11,5299772668389481216,5299772668389481216,1
70,gcc-scalar,20260917,360,6,measure,42,branch,sum_if,p900,65536,1,160463,11,11,1957202038211152021,1957202038211152021,1
70,gcc-scalar,20260917,361,6,measure,43,small,sum_one,uniform,1,1048576,1771462,11,11,8452580083670974464,8452580083670974464,1
70,gcc-scalar,20260917,362,6,measure,44,small,sum_one,uniform,3,349525,1026653,11,11,9690214761957071044,9690214761957071044,1
70,gcc-scalar,20260917,363,6,measure,45,small,sum_one,uniform,12,87381,699648,11,11,18208879310165819389,18208879310165819389,1
70,gcc-scalar,20260917,364,6,measure,46,branch,filter_copy_mask,p500_alternating,65536,1,50915,11,11,32768,32768,1
70,gcc-scalar,20260917,365,6,measure,47,small,sum_one,uniform,1024,1024,440936,11,11,6113767114656410624,6113767114656410624,1
70,gcc-scalar,20260917,366,6,measure,48,branch,filter_copy,p100,65536,1,149763,11,11,6554,6554,1
70,gcc-scalar,20260917,367,6,measure,49,branch,filter_copy_mask,p1000,65536,1,74664,11,11,65536,65536,1
70,gcc-scalar,20260917,368,6,measure,50,branch,filter_copy,p1000,65536,1,37811,11,11,65536,65536,1
70,gcc-scalar,20260917,369,6,measure,51,branch,filter_copy,p900,65536,1,150078,11,11,58982,58982,1
70,gcc-scalar,20260917,370,6,measure,52,small,sum_one,uniform,96,10922,498422,11,11,1966801938065649448,1966801938065649448,1
70,gcc-scalar,20260917,371,7,measure,0,branch,sum_if,p100,65536,1,156201,11,11,3083979731501324985,3083979731501324985,1
70,gcc-scalar,20260917,372,7,measure,1,branch,sum_if,p900,65536,1,149233,11,11,1957202038211152021,1957202038211152021,1
70,gcc-scalar,20260917,373,7,measure,2,small,sum_one,uniform,32,32768,535435,11,11,4730905112462327808,4730905112462327808,1
70,gcc-scalar,20260917,374,7,measure,3,branch,filter_copy_mask,p1000,65536,1,45187,11,11,65536,65536,1
70,gcc-scalar,20260917,375,7,measure,4,dependency,sum_twice,uniform,65536,64,3784744,11,11,2381470745755881728,2381470745755881728,1
70,gcc-scalar,20260917,376,7,measure,5,branch,sum_if,p750,65536,1,269966,11,11,14586442889165806448,14586442889165806448,1
70,gcc-scalar,20260917,377,7,measure,6,branch,filter_copy,p000,65536,1,27817,11,11,0,0,1
70,gcc-scalar,20260917,378,7,measure,7,branch,sum_if,p500_sorted,65536,1,29411,11,11,2213941836433581612,2213941836433581612,1
70,gcc-scalar,20260917,379,7,measure,8,branch,filter_copy_mask,p900,65536,1,61392,11,11,58982,58982,1
70,gcc-scalar,20260917,380,7,measure,9,branch,filter_copy,p750,65536,1,275063,11,11,49152,49152,1
70,gcc-scalar,20260917,381,7,measure,10,small,sum_one,uniform,8,131072,825417,11,11,11724155215337095168,11724155215337095168,1
70,gcc-scalar,20260917,382,7,measure,11,small,sum_one,uniform,2,524288,1101805,11,11,14489530702789345280,14489530702789345280,1
70,gcc-scalar,20260917,383,7,measure,12,branch,filter_copy,p500_sorted,65536,1,61355,11,11,32768,32768,1
70,gcc-scalar,20260917,384,7,measure,13,branch,filter_copy,p500_alternating,65536,1,29035,11,11,32768,32768,1
70,gcc-scalar,20260917,385,7,measure,14,branch,sum_if,p250,65536,1,282437,11,11,75766260937212688,75766260937212688,1
70,gcc-scalar,20260917,386,7,measure,15,small,sum_one,uniform,128,8192,480629,11,11,17503531059042279424,17503531059042279424,1
70,gcc-scalar,20260917,387,7,measure,16,small,sum_one,uniform,96,10922,532419,11,11,1966801938065649448,1966801938065649448,1
70,gcc-scalar,20260917,388,7,measure,17,small,sum_one,uniform,12,87381,625042,11,11,18208879310165819389,18208879310165819389,1
70,gcc-scalar,20260917,389,7,measure,18,branch,filter_copy,p100,65536,1,151728,11,11,6554,6554,1
70,gcc-scalar,20260917,390,7,measure,19,branch,filter_copy,p1000,65536,1,60049,11,11,65536,65536,1
70,gcc-scalar,20260917,391,7,measure,20,branch,filter_copy_mask,p750,65536,1,33954,11,11,49152,49152,1
70,gcc-scalar,20260917,392,7,measure,21,branch,filter_copy,p250,65536,1,281784,11,11,16384,16384,1
70,gcc-scalar,20260917,393,7,measure,22,small,sum_one,uniform,64,16384,625512,11,11,14815439244071927808,14815439244071927808,1
70,gcc-scalar,20260917,394,7,measure,23,branch,sum_if,p500_alternating,65536,1,70050,11,11,4196774058536912234,4196774058536912234,1
70,gcc-scalar,20260917,395,7,measure,24,small,sum_one,uniform,512,2048,450729,11,11,6127788314265579520,6127788314265579520,1
70,gcc-scalar,20260917,396,7,measure,25,branch,filter_copy_mask,p500,65536,1,46537,11,11,32768,32768,1
70,gcc-scalar,20260917,397,7,measure,26,small,sum_one,uniform,3,349525,1046248,11,11,9690214761957071044,9690214761957071044,1
70,gcc-scalar,20260917,398,7,measure,27,branch,filter_copy,p900,65536,1,153146,11,11,58982,58982,1
70,gcc-scalar,20260917,399,7,measure,28,dependency,sum_one,uniform,65536,64,1868973,11,11,1190735372877940864,1190735372877940864,1
70,gcc-scalar,20260917,400,7,measure,29,small,sum_one,uniform,1,1048576,1792462,11,11,8452580083670974464,8452580083670974464,1
70,gcc-scalar,20260917,401,7,measure,30,small,sum_one,uniform,4,262144,936018,11,11,6027757896494481408,6027757896494481408,1
70,gcc-scalar,20260917,402,7,measure,31,branch,filter_copy_mask,p500_alternating,65536,1,44100,11,11,32768,32768,1
70,gcc-scalar,20260917,403,7,measure,32,small,sum_one,uniform,1024,1024,441363,11,11,6113767114656410624,6113767114656410624,1
70,gcc-scalar,20260917,404,7,measure,33,small,sum_one,uniform,24,43690,539171,11,11,5019437447312423050,5019437447312423050,1
70,gcc-scalar,20260917,405,7,measure,34,small,sum_one,uniform,768,1365,440318,11,11,6760326044614544011,6760326044614544011,1
70,gcc-scalar,20260917,406,7,measure,35,dependency,split_xor_mul,uniform,65536,64,2523212,11,11,8310383708453772032,8310383708453772032,1
70,gcc-scalar,20260917,407,7,measure,36,branch,filter_copy_mask,p250,65536,1,29311,11,11,16384,16384,1
70,gcc-scalar,20260917,408,7,measure,37,branch,sum_if,p500,65536,1,389677,11,11,261284744287062128,261284744287062128,1
70,gcc-scalar,20260917,409,7,measure,38,branch,filter_copy,p500,65536,1,392098,11,11,32768,32768,1
70,gcc-scalar,20260917,410,7,measure,39,small,sum_one,uniform,256,4096,451040,11,11,12471836693395644416,12471836693395644416,1
70,gcc-scalar,20260917,411,7,measure,40,branch,filter_copy_mask,p000,65536,1,28390,11,11,0,0,1
70,gcc-scalar,20260917,412,7,measure,41,small,sum_one,uniform,384,2730,448624,11,11,5767785928059657782,5767785928059657782,1
70,gcc-scalar,20260917,413,7,measure,42,small,sum_one,uniform,16,65536,666337,11,11,1403062601089810432,1403062601089810432,1
70,gcc-scalar,20260917,414,7,measure,43,small,sum_one,uniform,6,174762,846598,11,11,4529353940760067638,4529353940760067638,1
70,gcc-scalar,20260917,415,7,measure,44,branch,filter_copy_mask,p100,65536,1,28466,11,11,6554,6554,1
70,gcc-scalar,20260917,416,7,measure,45,dependency,chain_xor_mul,uniform,65536,64,7022571,11,11,5299772668389481216,5299772668389481216,1
70,gcc-scalar,20260917,417,7,measure,46,small,sum_one,uniform,192,5461,419247,11,11,17901819518249685373,17901819518249685373,1
70,gcc-scalar,20260917,418,7,measure,47,branch,sum_if,p1000,65536,1,26473,11,11,4485739283943968327,4485739283943968327,1
70,gcc-scalar,20260917,419,7,measure,48,dependency,sum_four,uniform,65536,64,1156342,11,11,1190735372877940864,1190735372877940864,1
70,gcc-scalar,20260917,420,7,measure,49,branch,filter_copy_mask,p500_sorted,65536,1,63429,11,11,32768,32768,1
70,gcc-scalar,20260917,421,7,measure,50,branch,sum_if,p000,65536,1,45310,11,11,0,0,1
70,gcc-scalar,20260917,422,7,measure,51,dependency,sum_one_bis,uniform,65536,64,1916060,11,11,1190735372877940864,1190735372877940864,1
70,gcc-scalar,20260917,423,7,measure,52,small,sum_one,uniform,48,21845,730210,11,11,18173204259618227916,18173204259618227916,1
70,gcc-scalar,20260917,424,8,measure,0,branch,sum_if,p750,65536,1,259260,11,11,14586442889165806448,14586442889165806448,1
70,gcc-scalar,20260917,425,8,measure,1,small,sum_one,uniform,768,1365,431345,11,11,6760326044614544011,6760326044614544011,1
70,gcc-scalar,20260917,426,8,measure,2,branch,filter_copy,p500,65536,1,366213,11,11,32768,32768,1
70,gcc-scalar,20260917,427,8,measure,3,dependency,chain_xor_mul,uniform,65536,64,6829996,11,11,5299772668389481216,5299772668389481216,1
70,gcc-scalar,20260917,428,8,measure,4,small,sum_one,uniform,512,2048,421649,11,11,6127788314265579520,6127788314265579520,1
70,gcc-scalar,20260917,429,8,measure,5,small,sum_one,uniform,1024,1024,450180,11,11,6113767114656410624,6113767114656410624,1
70,gcc-scalar,20260917,430,8,measure,6,small,sum_one,uniform,3,349525,994129,11,11,9690214761957071044,9690214761957071044,1
70,gcc-scalar,20260917,431,8,measure,7,branch,filter_copy,p1000,65536,1,69741,11,11,65536,65536,1
70,gcc-scalar,20260917,432,8,measure,8,small,sum_one,uniform,48,21845,657358,11,11,18173204259618227916,18173204259618227916,1
70,gcc-scalar,20260917,433,8,measure,9,dependency,split_xor_mul,uniform,65536,64,2470654,11,11,8310383708453772032,8310383708453772032,1
70,gcc-scalar,20260917,434,8,measure,10,branch,filter_copy_mask,p900,65536,1,42722,11,11,58982,58982,1
70,gcc-scalar,20260917,435,8,measure,11,branch,filter_copy,p750,65536,1,261936,11,11,49152,49152,1
70,gcc-scalar,20260917,436,8,measure,12,small,sum_one,uniform,192,5461,413000,11,11,17901819518249685373,17901819518249685373,1
70,gcc-scalar,20260917,437,8,measure,13,small,sum_one,uniform,32,32768,510482,11,11,4730905112462327808,4730905112462327808,1
70,gcc-scalar,20260917,438,8,measure,14,small,sum_one,uniform,2,524288,1168874,11,11,14489530702789345280,14489530702789345280,1
70,gcc-scalar,20260917,439,8,measure,15,branch,sum_if,p100,65536,1,154877,11,11,3083979731501324985,3083979731501324985,1
70,gcc-scalar,20260917,440,8,measure,16,small,sum_one,uniform,16,65536,575973,11,11,1403062601089810432,1403062601089810432,1
70,gcc-scalar,20260917,441,8,measure,17,small,sum_one,uniform,4,262144,935126,11,11,6027757896494481408,6027757896494481408,1
70,gcc-scalar,20260917,442,8,measure,18,branch,filter_copy_mask,p250,65536,1,29341,11,11,16384,16384,1
70,gcc-scalar,20260917,443,8,measure,19,branch,sum_if,p500_alternating,65536,1,27514,11,11,4196774058536912234,4196774058536912234,1
70,gcc-scalar,20260917,444,8,measure,20,branch,filter_copy,p250,65536,1,281234,11,11,16384,16384,1
70,gcc-scalar,20260917,445,8,measure,21,small,sum_one,uniform,8,131072,719714,11,11,11724155215337095168,11724155215337095168,1
70,gcc-scalar,20260917,446,8,measure,22,branch,sum_if,p000,65536,1,27682,11,11,0,0,1
70,gcc-scalar,20260917,447,8,measure,23,small,sum_one,uniform,384,2730,439382,11,11,5767785928059657782,5767785928059657782,1
70,gcc-scalar,20260917,448,8,measure,24,small,sum_one,uniform,96,10922,537440,11,11,1966801938065649448,1966801938065649448,1
70,gcc-scalar,20260917,449,8,measure,25,dependency,sum_four,uniform,65536,64,1349858,11,11,1190735372877940864,1190735372877940864,1
70,gcc-scalar,20260917,450,8,measure,26,dependency,sum_one,uniform,65536,64,1907254,11,11,1190735372877940864,1190735372877940864,1
70,gcc-scalar,20260917,451,8,measure,27,branch,filter_copy_mask,p750,65536,1,44902,11,11,49152,49152,1
70,gcc-scalar,20260917,452,8,measure,28,small,sum_one,uniform,256,4096,439183,11,11,12471836693395644416,12471836693395644416,1
70,gcc-scalar,20260917,453,8,measure,29,branch,sum_if,p500_sorted,65536,1,27794,11,11,2213941836433581612,2213941836433581612,1
70,gcc-scalar,20260917,454,8,measure,30,branch,sum_if,p900,65536,1,140427,11,11,1957202038211152021,1957202038211152021,1
70,gcc-scalar,20260917,455,8,measure,31,branch,filter_copy_mask,p500_alternating,65536,1,31222,11,11,32768,32768,1
70,gcc-scalar,20260917,456,8,measure,32,branch,filter_copy_mask,p500,65536,1,30588,11,11,32768,32768,1
70,gcc-scalar,20260917,457,8,measure,33,branch,filter_copy,p500_sorted,65536,1,29284,11,11,32768,32768,1
70,gcc-scalar,20260917,458,8,measure,34,branch,filter_copy_mask,p100,65536,1,28875,11,11,6554,6554,1
70,gcc-scalar,20260917,459,8,measure,35,small,sum_one,uniform,24,43690,533413,11,11,5019437447312423050,5019437447312423050,1
70,gcc-scalar,20260917,460,8,measure,36,branch,filter_copy_mask,p500_sorted,65536,1,34444,11,11,32768,32768,1
70,gcc-scalar,20260917,461,8,measure,37,small,sum_one,uniform,128,8192,479717,11,11,17503531059042279424,17503531059042279424,1
70,gcc-scalar,20260917,462,8,measure,38,branch,filter_copy,p000,65536,1,27643,11,11,0,0,1
70,gcc-scalar,20260917,463,8,measure,39,branch,sum_if,p500,65536,1,376581,11,11,261284744287062128,261284744287062128,1
70,gcc-scalar,20260917,464,8,measure,40,branch,filter_copy,p100,65536,1,149161,11,11,6554,6554,1
70,gcc-scalar,20260917,465,8,measure,41,branch,filter_copy_mask,p1000,65536,1,52259,11,11,65536,65536,1
70,gcc-scalar,20260917,466,8,measure,42,branch,filter_copy_mask,p000,65536,1,27280,11,11,0,0,1
70,gcc-scalar,20260917,467,8,measure,43,branch,sum_if,p1000,65536,1,26462,11,11,4485739283943968327,4485739283943968327,1
70,gcc-scalar,20260917,468,8,measure,44,branch,filter_copy,p500_alternating,65536,1,28241,11,11,32768,32768,1
70,gcc-scalar,20260917,469,8,measure,45,small,sum_one,uniform,6,174762,783723,11,11,4529353940760067638,4529353940760067638,1
70,gcc-scalar,20260917,470,8,measure,46,small,sum_one,uniform,1,1048576,1759927,11,11,8452580083670974464,8452580083670974464,1
70,gcc-scalar,20260917,471,8,measure,47,dependency,sum_one_bis,uniform,65536,64,1889308,11,11,1190735372877940864,1190735372877940864,1
70,gcc-scalar,20260917,472,8,measure,48,branch,sum_if,p250,65536,1,282101,11,11,75766260937212688,75766260937212688,1
70,gcc-scalar,20260917,473,8,measure,49,small,sum_one,uniform,12,87381,719778,11,11,18208879310165819389,18208879310165819389,1
70,gcc-scalar,20260917,474,8,measure,50,dependency,sum_twice,uniform,65536,64,4144885,11,11,2381470745755881728,2381470745755881728,1
70,gcc-scalar,20260917,475,8,measure,51,small,sum_one,uniform,64,16384,619195,11,11,14815439244071927808,14815439244071927808,1
70,gcc-scalar,20260917,476,8,measure,52,branch,filter_copy,p900,65536,1,167330,11,11,58982,58982,1
70,gcc-scalar,20260917,477,9,measure,0,small,sum_one,uniform,6,174762,824441,11,11,4529353940760067638,4529353940760067638,1
70,gcc-scalar,20260917,478,9,measure,1,branch,sum_if,p250,65536,1,275796,11,11,75766260937212688,75766260937212688,1
70,gcc-scalar,20260917,479,9,measure,2,branch,sum_if,p500,65536,1,376089,11,11,261284744287062128,261284744287062128,1
70,gcc-scalar,20260917,480,9,measure,3,small,sum_one,uniform,4,262144,962066,11,11,6027757896494481408,6027757896494481408,1
70,gcc-scalar,20260917,481,9,measure,4,branch,filter_copy_mask,p100,65536,1,44955,11,11,6554,6554,1
70,gcc-scalar,20260917,482,9,measure,5,small,sum_one,uniform,2,524288,1167255,11,11,14489530702789345280,14489530702789345280,1
70,gcc-scalar,20260917,483,9,measure,6,branch,filter_copy_mask,p500_alternating,65536,1,34176,11,11,32768,32768,1
70,gcc-scalar,20260917,484,9,measure,7,small,sum_one,uniform,48,21845,818143,11,11,18173204259618227916,18173204259618227916,1
70,gcc-scalar,20260917,485,9,measure,8,branch,sum_if,p500_sorted,65536,1,28918,11,11,2213941836433581612,2213941836433581612,1
70,gcc-scalar,20260917,486,9,measure,9,small,sum_one,uniform,12,87381,780608,11,11,18208879310165819389,18208879310165819389,1
70,gcc-scalar,20260917,487,9,measure,10,branch,filter_copy_mask,p500,65536,1,31590,11,11,32768,32768,1
70,gcc-scalar,20260917,488,9,measure,11,dependency,sum_four,uniform,65536,64,1198786,11,11,1190735372877940864,1190735372877940864,1
70,gcc-scalar,20260917,489,9,measure,12,dependency,sum_one,uniform,65536,64,1843808,11,11,1190735372877940864,1190735372877940864,1
70,gcc-scalar,20260917,490,9,measure,13,branch,filter_copy,p000,65536,1,26450,11,11,0,0,1
70,gcc-scalar,20260917,491,9,measure,14,branch,filter_copy_mask,p250,65536,1,37372,11,11,16384,16384,1
70,gcc-scalar,20260917,492,9,measure,15,branch,filter_copy,p500_alternating,65536,1,36787,11,11,32768,32768,1
70,gcc-scalar,20260917,493,9,measure,16,small,sum_one,uniform,768,1365,435903,11,11,6760326044614544011,6760326044614544011,1
70,gcc-scalar,20260917,494,9,measure,17,small,sum_one,uniform,96,10922,619084,11,11,1966801938065649448,1966801938065649448,1
70,gcc-scalar,20260917,495,9,measure,18,branch,filter_copy_mask,p750,65536,1,117549,11,11,49152,49152,1
70,gcc-scalar,20260917,496,9,measure,19,dependency,sum_twice,uniform,65536,64,3854150,11,11,2381470745755881728,2381470745755881728,1
70,gcc-scalar,20260917,497,9,measure,20,branch,filter_copy,p1000,65536,1,72563,11,11,65536,65536,1
70,gcc-scalar,20260917,498,9,measure,21,branch,sum_if,p750,65536,1,266116,11,11,14586442889165806448,14586442889165806448,1
70,gcc-scalar,20260917,499,9,measure,22,small,sum_one,uniform,256,4096,423026,11,11,12471836693395644416,12471836693395644416,1
70,gcc-scalar,20260917,500,9,measure,23,branch,sum_if,p500_alternating,65536,1,26569,11,11,4196774058536912234,4196774058536912234,1
70,gcc-scalar,20260917,501,9,measure,24,branch,filter_copy,p100,65536,1,149183,11,11,6554,6554,1
70,gcc-scalar,20260917,502,9,measure,25,dependency,sum_one_bis,uniform,65536,64,1878065,11,11,1190735372877940864,1190735372877940864,1
70,gcc-scalar,20260917,503,9,measure,26,small,sum_one,uniform,64,16384,652725,11,11,14815439244071927808,14815439244071927808,1
70,gcc-scalar,20260917,504,9,measure,27,branch,filter_copy_mask,p500_sorted,65536,1,40288,11,11,32768,32768,1
70,gcc-scalar,20260917,505,9,measure,28,small,sum_one,uniform,32,32768,541127,11,11,4730905112462327808,4730905112462327808,1
70,gcc-scalar,20260917,506,9,measure,29,small,sum_one,uniform,384,2730,437108,11,11,5767785928059657782,5767785928059657782,1
70,gcc-scalar,20260917,507,9,measure,30,small,sum_one,uniform,16,65536,646689,11,11,1403062601089810432,1403062601089810432,1
70,gcc-scalar,20260917,508,9,measure,31,small,sum_one,uniform,1024,1024,423701,11,11,6113767114656410624,6113767114656410624,1
70,gcc-scalar,20260917,509,9,measure,32,small,sum_one,uniform,3,349525,1277744,11,11,9690214761957071044,9690214761957071044,1
70,gcc-scalar,20260917,510,9,measure,33,small,sum_one,uniform,192,5461,460725,11,11,17901819518249685373,17901819518249685373,1
70,gcc-scalar,20260917,511,9,measure,34,branch,filter_copy,p500,65536,1,365052,11,11,32768,32768,1
70,gcc-scalar,20260917,512,9,measure,35,branch,filter_copy_mask,p000,65536,1,27640,11,11,0,0,1
70,gcc-scalar,20260917,513,9,measure,36,small,sum_one,uniform,1,1048576,1945451,11,11,8452580083670974464,8452580083670974464,1
70,gcc-scalar,20260917,514,9,measure,37,branch,filter_copy_mask,p1000,65536,1,61273,11,11,65536,65536,1
70,gcc-scalar,20260917,515,9,measure,38,branch,filter_copy,p250,65536,1,267542,11,11,16384,16384,1
70,gcc-scalar,20260917,516,9,measure,39,branch,filter_copy,p500_sorted,65536,1,50304,11,11,32768,32768,1
70,gcc-scalar,20260917,517,9,measure,40,small,sum_one,uniform,8,131072,763767,11,11,11724155215337095168,11724155215337095168,1
70,gcc-scalar,20260917,518,9,measure,41,branch,sum_if,p900,65536,1,140233,11,11,1957202038211152021,1957202038211152021,1
70,gcc-scalar,20260917,519,9,measure,42,small,sum_one,uniform,512,2048,434144,11,11,6127788314265579520,6127788314265579520,1
70,gcc-scalar,20260917,520,9,measure,43,branch,filter_copy,p900,65536,1,142356,11,11,58982,58982,1
70,gcc-scalar,20260917,521,9,measure,44,branch,filter_copy,p750,65536,1,266345,11,11,49152,49152,1
70,gcc-scalar,20260917,522,9,measure,45,dependency,chain_xor_mul,uniform,65536,64,6967568,11,11,5299772668389481216,5299772668389481216,1
70,gcc-scalar,20260917,523,9,measure,46,branch,sum_if,p100,65536,1,148912,11,11,3083979731501324985,3083979731501324985,1
70,gcc-scalar,20260917,524,9,measure,47,branch,filter_copy_mask,p900,65536,1,70675,11,11,58982,58982,1
70,gcc-scalar,20260917,525,9,measure,48,branch,sum_if,p000,65536,1,37299,11,11,0,0,1
70,gcc-scalar,20260917,526,9,measure,49,small,sum_one,uniform,128,8192,497989,11,11,17503531059042279424,17503531059042279424,1
70,gcc-scalar,20260917,527,9,measure,50,branch,sum_if,p1000,65536,1,27428,11,11,4485739283943968327,4485739283943968327,1
70,gcc-scalar,20260917,528,9,measure,51,dependency,split_xor_mul,uniform,65536,64,2540606,11,11,8310383708453772032,8310383708453772032,1
70,gcc-scalar,20260917,529,9,measure,52,small,sum_one,uniform,24,43690,617135,11,11,5019437447312423050,5019437447312423050,1
70,gcc-scalar,20260917,530,10,measure,0,small,sum_one,uniform,8,131072,706097,11,11,11724155215337095168,11724155215337095168,1
70,gcc-scalar,20260917,531,10,measure,1,branch,sum_if,p500_alternating,65536,1,66289,11,11,4196774058536912234,4196774058536912234,1
70,gcc-scalar,20260917,532,10,measure,2,branch,filter_copy_mask,p100,65536,1,46286,11,11,6554,6554,1
70,gcc-scalar,20260917,533,10,measure,3,branch,sum_if,p000,65536,1,26511,11,11,0,0,1
70,gcc-scalar,20260917,534,10,measure,4,small,sum_one,uniform,96,10922,518041,11,11,1966801938065649448,1966801938065649448,1
70,gcc-scalar,20260917,535,10,measure,5,branch,sum_if,p900,65536,1,139821,11,11,1957202038211152021,1957202038211152021,1
70,gcc-scalar,20260917,536,10,measure,6,branch,filter_copy,p000,65536,1,26547,11,11,0,0,1
70,gcc-scalar,20260917,537,10,measure,7,branch,sum_if,p250,65536,1,293469,11,11,75766260937212688,75766260937212688,1
70,gcc-scalar,20260917,538,10,measure,8,dependency,sum_one,uniform,65536,64,1942190,11,11,1190735372877940864,1190735372877940864,1
70,gcc-scalar,20260917,539,10,measure,9,small,sum_one,uniform,512,2048,439368,11,11,6127788314265579520,6127788314265579520,1
70,gcc-scalar,20260917,540,10,measure,10,small,sum_one,uniform,256,4096,447029,11,11,12471836693395644416,12471836693395644416,1
70,gcc-scalar,20260917,541,10,measure,11,branch,filter_copy_mask,p900,65536,1,60521,11,11,58982,58982,1
70,gcc-scalar,20260917,542,10,measure,12,small,sum_one,uniform,4,262144,990009,11,11,6027757896494481408,6027757896494481408,1
70,gcc-scalar,20260917,543,10,measure,13,branch,filter_copy,p1000,65536,1,67611,11,11,65536,65536,1
70,gcc-scalar,20260917,544,10,measure,14,small,sum_one,uniform,128,8192,665881,11,11,17503531059042279424,17503531059042279424,1
70,gcc-scalar,20260917,545,10,measure,15,branch,filter_copy_mask,p250,65536,1,53862,11,11,16384,16384,1
70,gcc-scalar,20260917,546,10,measure,16,branch,filter_copy,p250,65536,1,284877,11,11,16384,16384,1
70,gcc-scalar,20260917,547,10,measure,17,branch,filter_copy,p500_sorted,65536,1,55307,11,11,32768,32768,1
70,gcc-scalar,20260917,548,10,measure,18,branch,filter_copy_mask,p1000,65536,1,67086,11,11,65536,65536,1
70,gcc-scalar,20260917,549,10,measure,19,branch,filter_copy,p100,65536,1,145410,11,11,6554,6554,1
70,gcc-scalar,20260917,550,10,measure,20,branch,filter_copy,p900,65536,1,134907,11,11,58982,58982,1
70,gcc-scalar,20260917,551,10,measure,21,small,sum_one,uniform,32,32768,503676,11,11,4730905112462327808,4730905112462327808,1
70,gcc-scalar,20260917,552,10,measure,22,branch,sum_if,p750,65536,1,281545,11,11,14586442889165806448,14586442889165806448,1
70,gcc-scalar,20260917,553,10,measure,23,small,sum_one,uniform,16,65536,576411,11,11,1403062601089810432,1403062601089810432,1
70,gcc-scalar,20260917,554,10,measure,24,small,sum_one,uniform,64,16384,615946,11,11,14815439244071927808,14815439244071927808,1
70,gcc-scalar,20260917,555,10,measure,25,small,sum_one,uniform,3,349525,1023208,11,11,9690214761957071044,9690214761957071044,1
70,gcc-scalar,20260917,556,10,measure,26,small,sum_one,uniform,12,87381,714809,11,11,18208879310165819389,18208879310165819389,1
70,gcc-scalar,20260917,557,10,measure,27,small,sum_one,uniform,384,2730,444416,11,11,5767785928059657782,5767785928059657782,1
70,gcc-scalar,20260917,558,10,measure,28,dependency,sum_one_bis,uniform,65536,64,1809585,11,11,1190735372877940864,1190735372877940864,1
70,gcc-scalar,20260917,559,10,measure,29,dependency,sum_four,uniform,65536,64,1239628,11,11,1190735372877940864,1190735372877940864,1
70,gcc-scalar,20260917,560,10,measure,30,branch,sum_if,p1000,65536,1,27894,11,11,4485739283943968327,4485739283943968327,1
70,gcc-scalar,20260917,561,10,measure,31,small,sum_one,uniform,48,21845,766439,11,11,18173204259618227916,18173204259618227916,1
70,gcc-scalar,20260917,562,10,measure,32,small,sum_one,uniform,6,174762,778909,11,11,4529353940760067638,4529353940760067638,1
70,gcc-scalar,20260917,563,10,measure,33,branch,filter_copy,p750,65536,1,272458,11,11,49152,49152,1
70,gcc-scalar,20260917,564,10,measure,34,branch,filter_copy,p500,65536,1,360091,11,11,32768,32768,1
70,gcc-scalar,20260917,565,10,measure,35,branch,filter_copy_mask,p500_alternating,65536,1,30258,11,11,32768,32768,1
70,gcc-scalar,20260917,566,10,measure,36,dependency,split_xor_mul,uniform,65536,64,2478489,11,11,8310383708453772032,8310383708453772032,1
70,gcc-scalar,20260917,567,10,measure,37,branch,sum_if,p500,65536,1,428019,11,11,261284744287062128,261284744287062128,1
70,gcc-scalar,20260917,568,10,measure,38,branch,sum_if,p500_sorted,65536,1,26965,11,11,2213941836433581612,2213941836433581612,1
70,gcc-scalar,20260917,569,10,measure,39,branch,filter_copy_mask,p500,65536,1,43755,11,11,32768,32768,1
70,gcc-scalar,20260917,570,10,measure,40,small,sum_one,uniform,1,1048576,1779060,11,11,8452580083670974464,8452580083670974464,1
70,gcc-scalar,20260917,571,10,measure,41,dependency,chain_xor_mul,uniform,65536,64,7255863,11,11,5299772668389481216,5299772668389481216,1
70,gcc-scalar,20260917,572,10,measure,42,small,sum_one,uniform,1024,1024,432464,11,11,6113767114656410624,6113767114656410624,1
70,gcc-scalar,20260917,573,10,measure,43,small,sum_one,uniform,768,1365,449623,11,11,6760326044614544011,6760326044614544011,1
70,gcc-scalar,20260917,574,10,measure,44,small,sum_one,uniform,192,5461,425913,11,11,17901819518249685373,17901819518249685373,1
70,gcc-scalar,20260917,575,10,measure,45,branch,filter_copy,p500_alternating,65536,1,65584,11,11,32768,32768,1
70,gcc-scalar,20260917,576,10,measure,46,small,sum_one,uniform,24,43690,536783,11,11,5019437447312423050,5019437447312423050,1
70,gcc-scalar,20260917,577,10,measure,47,branch,filter_copy_mask,p750,65536,1,61584,11,11,49152,49152,1
70,gcc-scalar,20260917,578,10,measure,48,branch,sum_if,p100,65536,1,145485,11,11,3083979731501324985,3083979731501324985,1
70,gcc-scalar,20260917,579,10,measure,49,branch,filter_copy_mask,p500_sorted,65536,1,30825,11,11,32768,32768,1
70,gcc-scalar,20260917,580,10,measure,50,dependency,sum_twice,uniform,65536,64,3423975,11,11,2381470745755881728,2381470745755881728,1
70,gcc-scalar,20260917,581,10,measure,51,branch,filter_copy_mask,p000,65536,1,65167,11,11,0,0,1
70,gcc-scalar,20260917,582,10,measure,52,small,sum_one,uniform,2,524288,1888736,11,11,14489530702789345280,14489530702789345280,1
70,gcc-scalar,20260917,583,11,measure,0,branch,filter_copy_mask,p1000,65536,1,165719,11,11,65536,65536,1
70,gcc-scalar,20260917,584,11,measure,1,small,sum_one,uniform,3,349525,1033066,11,11,9690214761957071044,9690214761957071044,1
70,gcc-scalar,20260917,585,11,measure,2,branch,filter_copy_mask,p100,65536,1,34696,11,11,6554,6554,1
70,gcc-scalar,20260917,586,11,measure,3,branch,filter_copy_mask,p500_sorted,65536,1,31390,11,11,32768,32768,1
70,gcc-scalar,20260917,587,11,measure,4,small,sum_one,uniform,16,65536,577271,11,11,1403062601089810432,1403062601089810432,1
70,gcc-scalar,20260917,588,11,measure,5,branch,filter_copy,p900,65536,1,142139,11,11,58982,58982,1
70,gcc-scalar,20260917,589,11,measure,6,branch,sum_if,p000,65536,1,26679,11,11,0,0,1
70,gcc-scalar,20260917,590,11,measure,7,small,sum_one,uniform,128,8192,443718,11,11,17503531059042279424,17503531059042279424,1
70,gcc-scalar,20260917,591,11,measure,8,branch,filter_copy,p000,65536,1,27569,11,11,0,0,1
70,gcc-scalar,20260917,592,11,measure,9,branch,sum_if,p250,65536,1,270275,11,11,75766260937212688,75766260937212688,1
70,gcc-scalar,20260917,593,11,measure,10,small,sum_one,uniform,192,5461,421634,11,11,17901819518249685373,17901819518249685373,1
70,gcc-scalar,20260917,594,11,measure,11,branch,filter_copy,p250,65536,1,277660,11,11,16384,16384,1
70,gcc-scalar,20260917,595,11,measure,12,branch,filter_copy_mask,p250,65536,1,28074,11,11,16384,16384,1
70,gcc-scalar,20260917,596,11,measure,13,branch,filter_copy_mask,p750,65536,1,37038,11,11,49152,49152,1
70,gcc-scalar,20260917,597,11,measure,14,branch,filter_copy,p750,65536,1,268107,11,11,49152,49152,1
70,gcc-scalar,20260917,598,11,measure,15,dependency,sum_twice,uniform,65536,64,3413743,11,11,2381470745755881728,2381470745755881728,1
70,gcc-scalar,20260917,599,11,measure,16,branch,filter_copy_mask,p900,65536,1,39065,11,11,58982,58982,1
70,gcc-scalar,20260917,600,11,measure,17,branch,sum_if,p500_sorted,65536,1,26551,11,11,2213941836433581612,2213941836433581612,1
70,gcc-scalar,20260917,601,11,measure,18,small,sum_one,uniform,768,1365,426368,11,11,6760326044614544011,6760326044614544011,1
70,gcc-scalar,20260917,602,11,measure,19,small,sum_one,uniform,8,131072,690578,11,11,11724155215337095168,11724155215337095168,1
70,gcc-scalar,20260917,603,11,measure,20,dependency,sum_one,uniform,65536,64,1702037,11,11,1190735372877940864,1190735372877940864,1
70,gcc-scalar,20260917,604,11,measure,21,dependency,sum_four,uniform,65536,64,1123583,11,11,1190735372877940864,1190735372877940864,1
70,gcc-scalar,20260917,605,11,measure,22,small,sum_one,uniform,256,4096,418139,11,11,12471836693395644416,12471836693395644416,1
70,gcc-scalar,20260917,606,11,measure,23,branch,sum_if,p750,65536,1,250321,11,11,14586442889165806448,14586442889165806448,1
70,gcc-scalar,20260917,607,11,measure,24,branch,filter_copy,p500_sorted,65536,1,45822,11,11,32768,32768,1
70,gcc-scalar,20260917,608,11,measure,25,small,sum_one,uniform,6,174762,766975,11,11,4529353940760067638,4529353940760067638,1
70,gcc-scalar,20260917,609,11,measure,26,dependency,sum_one_bis,uniform,65536,64,1782562,11,11,1190735372877940864,1190735372877940864,1
70,gcc-scalar,20260917,610,11,measure,27,dependency,split_xor_mul,uniform,65536,64,2342281,11,11,8310383708453772032,8310383708453772032,1
70,gcc-scalar,20260917,611,11,measure,28,dependency,chain_xor_mul,uniform,65536,64,6878849,11,11,5299772668389481216,5299772668389481216,1
70,gcc-scalar,20260917,612,11,measure,29,small,sum_one,uniform,2,524288,1089497,11,11,14489530702789345280,14489530702789345280,1
70,gcc-scalar,20260917,613,11,measure,30,branch,sum_if,p1000,65536,1,27624,11,11,4485739283943968327,4485739283943968327,1
70,gcc-scalar,20260917,614,11,measure,31,branch,filter_copy,p500_alternating,65536,1,28140,11,11,32768,32768,1
70,gcc-scalar,20260917,615,11,measure,32,branch,filter_copy,p500,65536,1,398897,11,11,32768,32768,1
70,gcc-scalar,20260917,616,11,measure,33,branch,sum_if,p900,65536,1,140314,11,11,1957202038211152021,1957202038211152021,1
70,gcc-scalar,20260917,617,11,measure,34,small,sum_one,uniform,1,1048576,1821654,11,11,8452580083670974464,8452580083670974464,1
70,gcc-scalar,20260917,618,11,measure,35,small,sum_one,uniform,12,87381,861689,11,11,18208879310165819389,18208879310165819389,1
70,gcc-scalar,20260917,619,11,measure,36,branch,filter_copy_mask,p000,65536,1,28502,11,11,0,0,1
70,gcc-scalar,20260917,620,11,measure,37,branch,filter_copy,p100,65536,1,153442,11,11,6554,6554,1
70,gcc-scalar,20260917,621,11,measure,38,small,sum_one,uniform,384,2730,438377,11,11,5767785928059657782,5767785928059657782,1
70,gcc-scalar,20260917,622,11,measure,39,small,sum_one,uniform,48,21845,685231,11,11,18173204259618227916,18173204259618227916,1
70,gcc-scalar,20260917,623,11,measure,40,small,sum_one,uniform,1024,1024,436129,11,11,6113767114656410624,6113767114656410624,1
70,gcc-scalar,20260917,624,11,measure,41,branch,filter_copy,p1000,65536,1,76222,11,11,65536,65536,1
70,gcc-scalar,20260917,625,11,measure,42,small,sum_one,uniform,64,16384,616068,11,11,14815439244071927808,14815439244071927808,1
70,gcc-scalar,20260917,626,11,measure,43,branch,sum_if,p100,65536,1,150235,11,11,3083979731501324985,3083979731501324985,1
70,gcc-scalar,20260917,627,11,measure,44,branch,filter_copy_mask,p500,65536,1,31847,11,11,32768,32768,1
70,gcc-scalar,20260917,628,11,measure,45,small,sum_one,uniform,4,262144,937289,11,11,6027757896494481408,6027757896494481408,1
70,gcc-scalar,20260917,629,11,measure,46,small,sum_one,uniform,24,43690,536630,11,11,5019437447312423050,5019437447312423050,1
70,gcc-scalar,20260917,630,11,measure,47,branch,filter_copy_mask,p500_alternating,65536,1,31706,11,11,32768,32768,1
70,gcc-scalar,20260917,631,11,measure,48,small,sum_one,uniform,32,32768,509903,11,11,4730905112462327808,4730905112462327808,1
70,gcc-scalar,20260917,632,11,measure,49,branch,sum_if,p500,65536,1,369822,11,11,261284744287062128,261284744287062128,1
70,gcc-scalar,20260917,633,11,measure,50,small,sum_one,uniform,96,10922,497939,11,11,1966801938065649448,1966801938065649448,1
70,gcc-scalar,20260917,634,11,measure,51,small,sum_one,uniform,512,2048,440668,11,11,6127788314265579520,6127788314265579520,1
70,gcc-scalar,20260917,635,11,measure,52,branch,sum_if,p500_alternating,65536,1,30675,11,11,4196774058536912234,4196774058536912234,1
70,gcc-scalar,20260917,636,12,measure,0,branch,filter_copy,p000,65536,1,27139,11,11,0,0,1
70,gcc-scalar,20260917,637,12,measure,1,small,sum_one,uniform,1,1048576,1733978,11,11,8452580083670974464,8452580083670974464,1
70,gcc-scalar,20260917,638,12,measure,2,small,sum_one,uniform,4,262144,909022,11,11,6027757896494481408,6027757896494481408,1
70,gcc-scalar,20260917,639,12,measure,3,branch,sum_if,p500_sorted,65536,1,28060,11,11,2213941836433581612,2213941836433581612,1
70,gcc-scalar,20260917,640,12,measure,4,branch,filter_copy,p500_alternating,65536,1,33646,11,11,32768,32768,1
70,gcc-scalar,20260917,641,12,measure,5,branch,filter_copy,p750,65536,1,279099,11,11,49152,49152,1
70,gcc-scalar,20260917,642,12,measure,6,dependency,sum_twice,uniform,65536,64,3969738,11,11,2381470745755881728,2381470745755881728,1
70,gcc-scalar,20260917,643,12,measure,7,small,sum_one,uniform,2,524288,1136660,11,11,14489530702789345280,14489530702789345280,1
70,gcc-scalar,20260917,644,12,measure,8,small,sum_one,uniform,6,174762,868082,11,11,4529353940760067638,4529353940760067638,1
70,gcc-scalar,20260917,645,12,measure,9,branch,filter_copy_mask,p1000,65536,1,45612,11,11,65536,65536,1
70,gcc-scalar,20260917,646,12,measure,10,small,sum_one,uniform,1024,1024,424707,11,11,6113767114656410624,6113767114656410624,1
70,gcc-scalar,20260917,647,12,measure,11,branch,sum_if,p000,65536,1,26717,11,11,0,0,1
70,gcc-scalar,20260917,648,12,measure,12,branch,filter_copy_mask,p900,65536,1,35614,11,11,58982,58982,1
70,gcc-scalar,20260917,649,12,measure,13,small,sum_one,uniform,64,16384,622574,11,11,14815439244071927808,14815439244071927808,1
70,gcc-scalar,20260917,650,12,measure,14,small,sum_one,uniform,768,1365,426990,11,11,6760326044614544011,6760326044614544011,1
70,gcc-scalar,20260917,651,12,measure,15,dependency,chain_xor_mul,uniform,65536,64,6870214,11,11,5299772668389481216,5299772668389481216,1
70,gcc-scalar,20260917,652,12,measure,16,branch,filter_copy,p250,65536,1,270242,11,11,16384,16384,1
70,gcc-scalar,20260917,653,12,measure,17,small,sum_one,uniform,3,349525,1031722,11,11,9690214761957071044,9690214761957071044,1
70,gcc-scalar,20260917,654,12,measure,18,branch,sum_if,p900,65536,1,136638,11,11,1957202038211152021,1957202038211152021,1
70,gcc-scalar,20260917,655,12,measure,19,branch,sum_if,p1000,65536,1,26348,11,11,4485739283943968327,4485739283943968327,1
70,gcc-scalar,20260917,656,12,measure,20,branch,sum_if,p250,65536,1,264713,11,11,75766260937212688,75766260937212688,1
70,gcc-scalar,20260917,657,12,measure,21,branch,filter_copy,p500,65536,1,377473,11,11,32768,32768,1
70,gcc-scalar,20260917,658,12,measure,22,branch,filter_copy_mask,p000,65536,1,29040,11,11,0,0,1
70,gcc-scalar,20260917,659,12,measure,23,branch,filter_copy_mask,p750,65536,1,45796,11,11,49152,49152,1
70,gcc-scalar,20260917,660,12,measure,24,dependency,split_xor_mul,uniform,65536,64,2335761,11,11,8310383708453772032,8310383708453772032,1
70,gcc-scalar,20260917,661,12,measure,25,small,sum_one,uniform,8,131072,688947,11,11,11724155215337095168,11724155215337095168,1
70,gcc-scalar,20260917,662,12,measure,26,branch,filter_copy_mask,p250,65536,1,28724,11,11,16384,16384,1
70,gcc-scalar,20260917,663,12,measure,27,dependency,sum_one,uniform,65536,64,1930117,11,11,1190735372877940864,1190735372877940864,1
70,gcc-scalar,20260917,664,12,measure,28,branch,filter_copy_mask,p500,65536,1,38115,11,11,32768,32768,1
70,gcc-scalar,20260917,665,12,measure,29,small,sum_one,uniform,96,10922,508038,11,11,1966801938065649448,1966801938065649448,1
70,gcc-scalar,20260917,666,12,measure,30,branch,filter_copy,p900,65536,1,154064,11,11,58982,58982,1
70,gcc-scalar,20260917,667,12,measure,31,branch,filter_copy_mask,p100,65536,1,27719,11,11,6554,6554,1
70,gcc-scalar,20260917,668,12,measure,32,small,sum_one,uniform,32,32768,493857,11,11,4730905112462327808,4730905112462327808,1
70,gcc-scalar,20260917,669,12,measure,33,dependency,sum_one_bis,uniform,65536,64,1797622,11,11,1190735372877940864,1190735372877940864,1
70,gcc-scalar,20260917,670,12,measure,34,branch,sum_if,p750,65536,1,261442,11,11,14586442889165806448,14586442889165806448,1
70,gcc-scalar,20260917,671,12,measure,35,branch,sum_if,p500_alternating,65536,1,26578,11,11,4196774058536912234,4196774058536912234,1
70,gcc-scalar,20260917,672,12,measure,36,small,sum_one,uniform,16,65536,562794,11,11,1403062601089810432,1403062601089810432,1
70,gcc-scalar,20260917,673,12,measure,37,small,sum_one,uniform,48,21845,678914,11,11,18173204259618227916,18173204259618227916,1
70,gcc-scalar,20260917,674,12,measure,38,dependency,sum_four,uniform,65536,64,1188677,11,11,1190735372877940864,1190735372877940864,1
70,gcc-scalar,20260917,675,12,measure,39,small,sum_one,uniform,384,2730,406155,11,11,5767785928059657782,5767785928059657782,1
70,gcc-scalar,20260917,676,12,measure,40,small,sum_one,uniform,24,43690,515060,11,11,5019437447312423050,5019437447312423050,1
70,gcc-scalar,20260917,677,12,measure,41,branch,sum_if,p500,65536,1,366989,11,11,261284744287062128,261284744287062128,1
70,gcc-scalar,20260917,678,12,measure,42,small,sum_one,uniform,256,4096,408638,11,11,12471836693395644416,12471836693395644416,1
70,gcc-scalar,20260917,679,12,measure,43,small,sum_one,uniform,192,5461,417273,11,11,17901819518249685373,17901819518249685373,1
70,gcc-scalar,20260917,680,12,measure,44,branch,filter_copy_mask,p500_alternating,65536,1,43282,11,11,32768,32768,1
70,gcc-scalar,20260917,681,12,measure,45,small,sum_one,uniform,128,8192,457722,11,11,17503531059042279424,17503531059042279424,1
70,gcc-scalar,20260917,682,12,measure,46,small,sum_one,uniform,12,87381,672866,11,11,18208879310165819389,18208879310165819389,1
70,gcc-scalar,20260917,683,12,measure,47,branch,filter_copy_mask,p500_sorted,65536,1,27905,11,11,32768,32768,1
70,gcc-scalar,20260917,684,12,measure,48,small,sum_one,uniform,512,2048,430716,11,11,6127788314265579520,6127788314265579520,1
70,gcc-scalar,20260917,685,12,measure,49,branch,filter_copy,p100,65536,1,150834,11,11,6554,6554,1
70,gcc-scalar,20260917,686,12,measure,50,branch,filter_copy,p1000,65536,1,64254,11,11,65536,65536,1
70,gcc-scalar,20260917,687,12,measure,51,branch,sum_if,p100,65536,1,144592,11,11,3083979731501324985,3083979731501324985,1
70,gcc-scalar,20260917,688,12,measure,52,branch,filter_copy,p500_sorted,65536,1,33236,11,11,32768,32768,1
70,gcc-scalar,20260917,689,13,measure,0,branch,filter_copy,p900,65536,1,149162,11,11,58982,58982,1
70,gcc-scalar,20260917,690,13,measure,1,branch,filter_copy_mask,p500_alternating,65536,1,29235,11,11,32768,32768,1
70,gcc-scalar,20260917,691,13,measure,2,branch,filter_copy,p100,65536,1,147608,11,11,6554,6554,1
70,gcc-scalar,20260917,692,13,measure,3,branch,filter_copy_mask,p500_sorted,65536,1,31819,11,11,32768,32768,1
70,gcc-scalar,20260917,693,13,measure,4,branch,filter_copy,p1000,65536,1,51806,11,11,65536,65536,1
70,gcc-scalar,20260917,694,13,measure,5,small,sum_one,uniform,96,10922,542000,11,11,1966801938065649448,1966801938065649448,1
70,gcc-scalar,20260917,695,13,measure,6,branch,filter_copy,p500_alternating,65536,1,55539,11,11,32768,32768,1
70,gcc-scalar,20260917,696,13,measure,7,branch,filter_copy,p750,65536,1,260916,11,11,49152,49152,1
70,gcc-scalar,20260917,697,13,measure,8,branch,sum_if,p000,65536,1,26621,11,11,0,0,1
70,gcc-scalar,20260917,698,13,measure,9,branch,sum_if,p750,65536,1,260781,11,11,14586442889165806448,14586442889165806448,1
70,gcc-scalar,20260917,699,13,measure,10,small,sum_one,uniform,4,262144,1029352,11,11,6027757896494481408,6027757896494481408,1
70,gcc-scalar,20260917,700,13,measure,11,branch,sum_if,p500,65536,1,361948,11,11,261284744287062128,261284744287062128,1
70,gcc-scalar,20260917,701,13,measure,12,branch,filter_copy_mask,p100,65536,1,28210,11,11,6554,6554,1
70,gcc-scalar,20260917,702,13,measure,13,dependency,chain_xor_mul,uniform,65536,64,6820827,11,11,5299772668389481216,5299772668389481216,1
70,gcc-scalar,20260917,703,13,measure,14,dependency,sum_one_bis,uniform,65536,64,1758025,11,11,1190735372877940864,1190735372877940864,1
70,gcc-scalar,20260917,704,13,measure,15,branch,filter_copy_mask,p500,65536,1,38023,11,11,32768,32768,1
70,gcc-scalar,20260917,705,13,measure,16,small,sum_one,uniform,512,2048,422727,11,11,6127788314265579520,6127788314265579520,1
70,gcc-scalar,20260917,706,13,measure,17,small,sum_one,uniform,256,4096,414439,11,11,12471836693395644416,12471836693395644416,1
70,gcc-scalar,20260917,707,13,measure,18,branch,sum_if,p100,65536,1,146842,11,11,3083979731501324985,3083979731501324985,1
70,gcc-scalar,20260917,708,13,measure,19,small,sum_one,uniform,48,21845,714729,11,11,18173204259618227916,18173204259618227916,1
70,gcc-scalar,20260917,709,13,measure,20,branch,sum_if,p250,65536,1,262043,11,11,75766260937212688,75766260937212688,1
70,gcc-scalar,20260917,710,13,measure,21,small,sum_one,uniform,6,174762,806153,11,11,4529353940760067638,4529353940760067638,1
70,gcc-scalar,20260917,711,13,measure,22,small,sum_one,uniform,384,2730,430807,11,11,5767785928059657782,5767785928059657782,1
70,gcc-scalar,20260917,712,13,measure,23,branch,filter_copy_mask,p900,65536,1,47874,11,11,58982,58982,1
70,gcc-scalar,20260917,713,13,measure,24,small,sum_one,uniform,2,524288,1425996,11,11,14489530702789345280,14489530702789345280,1
70,gcc-scalar,20260917,714,13,measure,25,branch,sum_if,p1000,65536,1,26611,11,11,4485739283943968327,4485739283943968327,1
70,gcc-scalar,20260917,715,13,measure,26,branch,filter_copy_mask,p1000,65536,1,50871,11,11,65536,65536,1
70,gcc-scalar,20260917,716,13,measure,27,small,sum_one,uniform,1,1048576,1690181,11,11,8452580083670974464,8452580083670974464,1
70,gcc-scalar,20260917,717,13,measure,28,branch,filter_copy,p500_sorted,65536,1,28292,11,11,32768,32768,1
70,gcc-scalar,20260917,718,13,measure,29,small,sum_one,uniform,64,16384,584534,11,11,14815439244071927808,14815439244071927808,1
70,gcc-scalar,20260917,719,13,measure,30,small,sum_one,uniform,8,131072,686009,11,11,11724155215337095168,11724155215337095168,1
70,gcc-scalar,20260917,720,13,measure,31,branch,filter_copy_mask,p250,65536,1,27581,11,11,16384,16384,1
70,gcc-scalar,20260917,721,13,measure,32,dependency,sum_twice,uniform,65536,64,3390638,11,11,2381470745755881728,2381470745755881728,1
70,gcc-scalar,20260917,722,13,measure,33,branch,sum_if,p900,65536,1,150400,11,11,1957202038211152021,1957202038211152021,1
70,gcc-scalar,20260917,723,13,measure,34,branch,filter_copy_mask,p750,65536,1,46481,11,11,49152,49152,1
70,gcc-scalar,20260917,724,13,measure,35,small,sum_one,uniform,32,32768,488515,11,11,4730905112462327808,4730905112462327808,1
70,gcc-scalar,20260917,725,13,measure,36,branch,sum_if,p500_alternating,65536,1,26917,11,11,4196774058536912234,4196774058536912234,1
70,gcc-scalar,20260917,726,13,measure,37,branch,filter_copy,p250,65536,1,265292,11,11,16384,16384,1
70,gcc-scalar,20260917,727,13,measure,38,small,sum_one,uniform,3,349525,985094,11,11,9690214761957071044,9690214761957071044,1
70,gcc-scalar,20260917,728,13,measure,39,dependency,split_xor_mul,uniform,65536,64,2211408,11,11,8310383708453772032,8310383708453772032,1
70,gcc-scalar,20260917,729,13,measure,40,small,sum_one,uniform,768,1365,424313,11,11,6760326044614544011,6760326044614544011,1
70,gcc-scalar,20260917,730,13,measure,41,small,sum_one,uniform,128,8192,428993,11,11,17503531059042279424,17503531059042279424,1
70,gcc-scalar,20260917,731,13,measure,42,dependency,sum_four,uniform,65536,64,1121431,11,11,1190735372877940864,1190735372877940864,1
70,gcc-scalar,20260917,732,13,measure,43,branch,filter_copy_mask,p000,65536,1,27089,11,11,0,0,1
70,gcc-scalar,20260917,733,13,measure,44,dependency,sum_one,uniform,65536,64,1690935,11,11,1190735372877940864,1190735372877940864,1
70,gcc-scalar,20260917,734,13,measure,45,small,sum_one,uniform,16,65536,553228,11,11,1403062601089810432,1403062601089810432,1
70,gcc-scalar,20260917,735,13,measure,46,small,sum_one,uniform,12,87381,669472,11,11,18208879310165819389,18208879310165819389,1
70,gcc-scalar,20260917,736,13,measure,47,small,sum_one,uniform,1024,1024,421533,11,11,6113767114656410624,6113767114656410624,1
70,gcc-scalar,20260917,737,13,measure,48,small,sum_one,uniform,192,5461,422521,11,11,17901819518249685373,17901819518249685373,1
70,gcc-scalar,20260917,738,13,measure,49,branch,filter_copy,p000,65536,1,26416,11,11,0,0,1
70,gcc-scalar,20260917,739,13,measure,50,branch,filter_copy,p500,65536,1,368551,11,11,32768,32768,1
70,gcc-scalar,20260917,740,13,measure,51,small,sum_one,uniform,24,43690,513012,11,11,5019437447312423050,5019437447312423050,1
70,gcc-scalar,20260917,741,13,measure,52,branch,sum_if,p500_sorted,65536,1,26500,11,11,2213941836433581612,2213941836433581612,1
70,gcc-scalar,20260917,742,14,measure,0,branch,filter_copy_mask,p250,65536,1,28656,11,11,16384,16384,1
70,gcc-scalar,20260917,743,14,measure,1,branch,filter_copy,p000,65536,1,26408,11,11,0,0,1
70,gcc-scalar,20260917,744,14,measure,2,branch,sum_if,p100,65536,1,152055,11,11,3083979731501324985,3083979731501324985,1
70,gcc-scalar,20260917,745,14,measure,3,small,sum_one,uniform,192,5461,406865,11,11,17901819518249685373,17901819518249685373,1
70,gcc-scalar,20260917,746,14,measure,4,branch,filter_copy,p750,65536,1,266779,11,11,49152,49152,1
70,gcc-scalar,20260917,747,14,measure,5,branch,sum_if,p750,65536,1,262461,11,11,14586442889165806448,14586442889165806448,1
70,gcc-scalar,20260917,748,14,measure,6,branch,filter_copy,p900,65536,1,144844,11,11,58982,58982,1
70,gcc-scalar,20260917,749,14,measure,7,dependency,sum_twice,uniform,65536,64,3405984,11,11,2381470745755881728,2381470745755881728,1
70,gcc-scalar,20260917,750,14,measure,8,small,sum_one,uniform,64,16384,612471,11,11,14815439244071927808,14815439244071927808,1
70,gcc-scalar,20260917,751,14,measure,9,small,sum_one,uniform,1024,1024,422975,11,11,6113767114656410624,6113767114656410624,1
70,gcc-scalar,20260917,752,14,measure,10,small,sum_one,uniform,3,349525,984492,11,11,9690214761957071044,9690214761957071044,1
70,gcc-scalar,20260917,753,14,measure,11,branch,filter_copy,p500,65536,1,370723,11,11,32768,32768,1
70,gcc-scalar,20260917,754,14,measure,12,small,sum_one,uniform,4,262144,896522,11,11,6027757896494481408,6027757896494481408,1
70,gcc-scalar,20260917,755,14,measure,13,small,sum_one,uniform,128,8192,459172,11,11,17503531059042279424,17503531059042279424,1
70,gcc-scalar,20260917,756,14,measure,14,branch,filter_copy_mask,p000,65536,1,27225,11,11,0,0,1
70,gcc-scalar,20260917,757,14,measure,15,dependency,sum_one,uniform,65536,64,1701208,11,11,1190735372877940864,1190735372877940864,1
70,gcc-scalar,20260917,758,14,measure,16,dependency,sum_four,uniform,65536,64,1130877,11,11,1190735372877940864,1190735372877940864,1
70,gcc-scalar,20260917,759,14,measure,17,small,sum_one,uniform,384,2730,420208,11,11,5767785928059657782,5767785928059657782,1
70,gcc-scalar,20260917,760,14,measure,18,branch,sum_if,p500_sorted,65536,1,27103,11,11,2213941836433581612,2213941836433581612,1
70,gcc-scalar,20260917,761,14,measure,19,branch,filter_copy_mask,p1000,65536,1,54413,11,11,65536,65536,1
70,gcc-scalar,20260917,762,14,measure,20,branch,filter_copy_mask,p100,65536,1,27734,11,11,6554,6554,1
70,gcc-scalar,20260917,763,14,measure,21,branch,filter_copy_mask,p900,65536,1,30267,11,11,58982,58982,1
70,gcc-scalar,20260917,764,14,measure,22,small,sum_one,uniform,16,65536,555361,11,11,1403062601089810432,1403062601089810432,1
70,gcc-scalar,20260917,765,14,measure,23,small,sum_one,uniform,256,4096,418208,11,11,12471836693395644416,12471836693395644416,1
70,gcc-scalar,20260917,766,14,measure,24,small,sum_one,uniform,2,524288,1146141,11,11,14489530702789345280,14489530702789345280,1
70,gcc-scalar,20260917,767,14,measure,25,branch,filter_copy,p100,65536,1,152006,11,11,6554,6554,1
70,gcc-scalar,20260917,768,14,measure,26,branch,filter_copy_mask,p500,65536,1,29106,11,11,32768,32768,1
70,gcc-scalar,20260917,769,14,measure,27,branch,filter_copy,p1000,65536,1,44498,11,11,65536,65536,1
70,gcc-scalar,20260917,770,14,measure,28,small,sum_one,uniform,12,87381,669299,11,11,18208879310165819389,18208879310165819389,1
70,gcc-scalar,20260917,771,14,measure,29,branch,filter_copy,p500_alternating,65536,1,26587,11,11,32768,32768,1
70,gcc-scalar,20260917,772,14,measure,30,branch,sum_if,p250,65536,1,284414,11,11,75766260937212688,75766260937212688,1
70,gcc-scalar,20260917,773,14,measure,31,branch,filter_copy_mask,p500_alternating,65536,1,29300,11,11,32768,32768,1
70,gcc-scalar,20260917,774,14,measure,32,small,sum_one,uniform,24,43690,509507,11,11,5019437447312423050,5019437447312423050,1
70,gcc-scalar,20260917,775,14,measure,33,branch,sum_if,p500,65536,1,380581,11,11,261284744287062128,261284744287062128,1
70,gcc-scalar,20260917,776,14,measure,34,small,sum_one,uniform,96,10922,501937,11,11,1966801938065649448,1966801938065649448,1
70,gcc-scalar,20260917,777,14,measure,35,branch,sum_if,p900,65536,1,156514,11,11,1957202038211152021,1957202038211152021,1
70,gcc-scalar,20260917,778,14,measure,36,small,sum_one,uniform,1,1048576,1687167,11,11,8452580083670974464,8452580083670974464,1
70,gcc-scalar,20260917,779,14,measure,37,small,sum_one,uniform,32,32768,492148,11,11,4730905112462327808,4730905112462327808,1
70,gcc-scalar,20260917,780,14,measure,38,branch,filter_copy,p250,65536,1,264044,11,11,16384,16384,1
70,gcc-scalar,20260917,781,14,measure,39,small,sum_one,uniform,8,131072,690123,11,11,11724155215337095168,11724155215337095168,1
70,gcc-scalar,20260917,782,14,measure,40,small,sum_one,uniform,6,174762,739007,11,11,4529353940760067638,4529353940760067638,1
70,gcc-scalar,20260917,783,14,measure,41,branch,sum_if,p000,65536,1,26410,11,11,0,0,1
70,gcc-scalar,20260917,784,14,measure,42,branch,sum_if,p1000,65536,1,26418,11,11,4485739283943968327,4485739283943968327,1
70,gcc-scalar,20260917,785,14,measure,43,dependency,split_xor_mul,uniform,65536,64,2482276,11,11,8310383708453772032,8310383708453772032,1
70,gcc-scalar,20260917,786,14,measure,44,dependency,chain_xor_mul,uniform,65536,64,6875294,11,11,5299772668389481216,5299772668389481216,1
70,gcc-scalar,20260917,787,14,measure,45,branch,filter_copy,p500_sorted,65536,1,43731,11,11,32768,32768,1
70,gcc-scalar,20260917,788,14,measure,46,branch,filter_copy_mask,p750,65536,1,37854,11,11,49152,49152,1
70,gcc-scalar,20260917,789,14,measure,47,dependency,sum_one_bis,uniform,65536,64,1703021,11,11,1190735372877940864,1190735372877940864,1
70,gcc-scalar,20260917,790,14,measure,48,small,sum_one,uniform,512,2048,431103,11,11,6127788314265579520,6127788314265579520,1
70,gcc-scalar,20260917,791,14,measure,49,small,sum_one,uniform,768,1365,422501,11,11,6760326044614544011,6760326044614544011,1
70,gcc-scalar,20260917,792,14,measure,50,branch,filter_copy_mask,p500_sorted,65536,1,31715,11,11,32768,32768,1
70,gcc-scalar,20260917,793,14,measure,51,branch,sum_if,p500_alternating,65536,1,26686,11,11,4196774058536912234,4196774058536912234,1
70,gcc-scalar,20260917,794,14,measure,52,small,sum_one,uniform,48,21845,749290,11,11,18173204259618227916,18173204259618227916,1
70,gcc-scalar,20260917,795,15,measure,0,dependency,sum_one,uniform,65536,64,1734628,11,11,1190735372877940864,1190735372877940864,1
70,gcc-scalar,20260917,796,15,measure,1,small,sum_one,uniform,4,262144,933816,11,11,6027757896494481408,6027757896494481408,1
70,gcc-scalar,20260917,797,15,measure,2,small,sum_one,uniform,32,32768,506405,11,11,4730905112462327808,4730905112462327808,1
70,gcc-scalar,20260917,798,15,measure,3,branch,sum_if,p500_alternating,65536,1,37325,11,11,4196774058536912234,4196774058536912234,1
70,gcc-scalar,20260917,799,15,measure,4,branch,filter_copy_mask,p250,65536,1,29071,11,11,16384,16384,1
70,gcc-scalar,20260917,800,15,measure,5,branch,filter_copy_mask,p500_alternating,65536,1,40613,11,11,32768,32768,1
70,gcc-scalar,20260917,801,15,measure,6,branch,filter_copy_mask,p000,65536,1,28260,11,11,0,0,1
70,gcc-scalar,20260917,802,15,measure,7,small,sum_one,uniform,768,1365,429353,11,11,6760326044614544011,6760326044614544011,1
70,gcc-scalar,20260917,803,15,measure,8,branch,filter_copy_mask,p500,65536,1,31600,11,11,32768,32768,1
70,gcc-scalar,20260917,804,15,measure,9,branch,sum_if,p500,65536,1,383609,11,11,261284744287062128,261284744287062128,1
70,gcc-scalar,20260917,805,15,measure,10,small,sum_one,uniform,6,174762,770287,11,11,4529353940760067638,4529353940760067638,1
70,gcc-scalar,20260917,806,15,measure,11,branch,sum_if,p250,65536,1,291094,11,11,75766260937212688,75766260937212688,1
70,gcc-scalar,20260917,807,15,measure,12,dependency,sum_one_bis,uniform,65536,64,1758544,11,11,1190735372877940864,1190735372877940864,1
70,gcc-scalar,20260917,808,15,measure,13,small,sum_one,uniform,2,524288,1098058,11,11,14489530702789345280,14489530702789345280,1
70,gcc-scalar,20260917,809,15,measure,14,dependency,chain_xor_mul,uniform,65536,64,6987817,11,11,5299772668389481216,5299772668389481216,1
70,gcc-scalar,20260917,810,15,measure,15,small,sum_one,uniform,1,1048576,1685742,11,11,8452580083670974464,8452580083670974464,1
70,gcc-scalar,20260917,811,15,measure,16,branch,filter_copy,p750,65536,1,273462,11,11,49152,49152,1
70,gcc-scalar,20260917,812,15,measure,17,dependency,sum_four,uniform,65536,64,1182633,11,11,1190735372877940864,1190735372877940864,1
70,gcc-scalar,20260917,813,15,measure,18,branch,sum_if,p900,65536,1,140431,11,11,1957202038211152021,1957202038211152021,1
70,gcc-scalar,20260917,814,15,measure,19,branch,filter_copy_mask,p750,65536,1,42933,11,11,49152,49152,1
70,gcc-scalar,20260917,815,15,measure,20,branch,sum_if,p750,65536,1,260203,11,11,14586442889165806448,14586442889165806448,1
70,gcc-scalar,20260917,816,15,measure,21,small,sum_one,uniform,8,131072,687055,11,11,11724155215337095168,11724155215337095168,1
70,gcc-scalar,20260917,817,15,measure,22,dependency,sum_twice,uniform,65536,64,3403637,11,11,2381470745755881728,2381470745755881728,1
70,gcc-scalar,20260917,818,15,measure,23,branch,sum_if,p1000,65536,1,26362,11,11,4485739283943968327,4485739283943968327,1
70,gcc-scalar,20260917,819,15,measure,24,branch,sum_if,p500_sorted,65536,1,26458,11,11,2213941836433581612,2213941836433581612,1
70,gcc-scalar,20260917,820,15,measure,25,branch,filter_copy,p250,65536,1,270199,11,11,16384,16384,1
70,gcc-scalar,20260917,821,15,measure,26,branch,filter_copy,p1000,65536,1,67172,11,11,65536,65536,1
70,gcc-scalar,20260917,822,15,measure,27,small,sum_one,uniform,512,2048,428824,11,11,6127788314265579520,6127788314265579520,1
70,gcc-scalar,20260917,823,15,measure,28,small,sum_one,uniform,16,65536,555308,11,11,1403062601089810432,1403062601089810432,1
70,gcc-scalar,20260917,824,15,measure,29,branch,filter_copy_mask,p1000,65536,1,29721,11,11,65536,65536,1
70,gcc-scalar,20260917,825,15,measure,30,branch,sum_if,p000,65536,1,29486,11,11,0,0,1
70,gcc-scalar,20260917,826,15,measure,31,small,sum_one,uniform,24,43690,523326,11,11,5019437447312423050,5019437447312423050,1
70,gcc-scalar,20260917,827,15,measure,32,small,sum_one,uniform,384,2730,412436,11,11,5767785928059657782,5767785928059657782,1
70,gcc-scalar,20260917,828,15,measure,33,small,sum_one,uniform,192,5461,409523,11,11,17901819518249685373,17901819518249685373,1
70,gcc-scalar,20260917,829,15,measure,34,branch,filter_copy,p100,65536,1,148802,11,11,6554,6554,1
70,gcc-scalar,20260917,830,15,measure,35,branch,filter_copy,p500_alternating,65536,1,26856,11,11,32768,32768,1
70,gcc-scalar,20260917,831,15,measure,36,small,sum_one,uniform,96,10922,510349,11,11,1966801938065649448,1966801938065649448,1
70,gcc-scalar,20260917,832,15,measure,37,branch,filter_copy,p500,65536,1,374331,11,11,32768,32768,1
70,gcc-scalar,20260917,833,15,measure,38,branch,filter_copy_mask,p900,65536,1,42198,11,11,58982,58982,1
70,gcc-scalar,20260917,834,15,measure,39,branch,filter_copy_mask,p500_sorted,65536,1,27445,11,11,32768,32768,1
70,gcc-scalar,20260917,835,15,measure,40,dependency,split_xor_mul,uniform,65536,64,2228008,11,11,8310383708453772032,8310383708453772032,1
70,gcc-scalar,20260917,836,15,measure,41,small,sum_one,uniform,12,87381,596532,11,11,18208879310165819389,18208879310165819389,1
70,gcc-scalar,20260917,837,15,measure,42,small,sum_one,uniform,256,4096,414205,11,11,12471836693395644416,12471836693395644416,1
70,gcc-scalar,20260917,838,15,measure,43,branch,filter_copy_mask,p100,65536,1,28264,11,11,6554,6554,1
70,gcc-scalar,20260917,839,15,measure,44,branch,sum_if,p100,65536,1,151421,11,11,3083979731501324985,3083979731501324985,1
70,gcc-scalar,20260917,840,15,measure,45,small,sum_one,uniform,48,21845,632892,11,11,18173204259618227916,18173204259618227916,1
70,gcc-scalar,20260917,841,15,measure,46,small,sum_one,uniform,128,8192,449150,11,11,17503531059042279424,17503531059042279424,1
70,gcc-scalar,20260917,842,15,measure,47,small,sum_one,uniform,1024,1024,421737,11,11,6113767114656410624,6113767114656410624,1
70,gcc-scalar,20260917,843,15,measure,48,branch,filter_copy,p900,65536,1,144382,11,11,58982,58982,1
70,gcc-scalar,20260917,844,15,measure,49,branch,filter_copy,p500_sorted,65536,1,27482,11,11,32768,32768,1
70,gcc-scalar,20260917,845,15,measure,50,small,sum_one,uniform,64,16384,627947,11,11,14815439244071927808,14815439244071927808,1
70,gcc-scalar,20260917,846,15,measure,51,small,sum_one,uniform,3,349525,1007411,11,11,9690214761957071044,9690214761957071044,1
70,gcc-scalar,20260917,847,15,measure,52,branch,filter_copy,p000,65536,1,26396,11,11,0,0,1
70,gcc-scalar,20260917,848,16,measure,0,dependency,sum_four,uniform,65536,64,1154256,11,11,1190735372877940864,1190735372877940864,1
70,gcc-scalar,20260917,849,16,measure,1,branch,filter_copy_mask,p500_alternating,65536,1,31004,11,11,32768,32768,1
70,gcc-scalar,20260917,850,16,measure,2,branch,filter_copy,p000,65536,1,26350,11,11,0,0,1
70,gcc-scalar,20260917,851,16,measure,3,dependency,chain_xor_mul,uniform,65536,64,7367676,11,11,5299772668389481216,5299772668389481216,1
70,gcc-scalar,20260917,852,16,measure,4,branch,sum_if,p500,65536,1,381021,11,11,261284744287062128,261284744287062128,1
70,gcc-scalar,20260917,853,16,measure,5,small,sum_one,uniform,48,21845,771499,11,11,18173204259618227916,18173204259618227916,1
70,gcc-scalar,20260917,854,16,measure,6,branch,filter_copy_mask,p500,65536,1,34437,11,11,32768,32768,1
70,gcc-scalar,20260917,855,16,measure,7,branch,filter_copy,p500_sorted,65536,1,26533,11,11,32768,32768,1
70,gcc-scalar,20260917,856,16,measure,8,small,sum_one,uniform,12,87381,601135,11,11,18208879310165819389,18208879310165819389,1
70,gcc-scalar,20260917,857,16,measure,9,small,sum_one,uniform,24,43690,509076,11,11,5019437447312423050,5019437447312423050,1
70,gcc-scalar,20260917,858,16,measure,10,small,sum_one,uniform,6,174762,738408,11,11,4529353940760067638,4529353940760067638,1
70,gcc-scalar,20260917,859,16,measure,11,dependency,sum_one,uniform,65536,64,1699875,11,11,1190735372877940864,1190735372877940864,1
70,gcc-scalar,20260917,860,16,measure,12,branch,filter_copy,p1000,65536,1,52260,11,11,65536,65536,1
70,gcc-scalar,20260917,861,16,measure,13,small,sum_one,uniform,8,131072,688678,11,11,11724155215337095168,11724155215337095168,1
70,gcc-scalar,20260917,862,16,measure,14,branch,filter_copy_mask,p100,65536,1,27683,11,11,6554,6554,1
70,gcc-scalar,20260917,863,16,measure,15,branch,filter_copy,p500_alternating,65536,1,26491,11,11,32768,32768,1
70,gcc-scalar,20260917,864,16,measure,16,small,sum_one,uniform,512,2048,415924,11,11,6127788314265579520,6127788314265579520,1
70,gcc-scalar,20260917,865,16,measure,17,branch,sum_if,p500_alternating,65536,1,26451,11,11,4196774058536912234,4196774058536912234,1
70,gcc-scalar,20260917,866,16,measure,18,small,sum_one,uniform,64,16384,566637,11,11,14815439244071927808,14815439244071927808,1
70,gcc-scalar,20260917,867,16,measure,19,branch,filter_copy_mask,p250,65536,1,27568,11,11,16384,16384,1
70,gcc-scalar,20260917,868,16,measure,20,dependency,sum_one_bis,uniform,65536,64,1693473,11,11,1190735372877940864,1190735372877940864,1
70,gcc-scalar,20260917,869,16,measure,21,small,sum_one,uniform,96,10922,511447,11,11,1966801938065649448,1966801938065649448,1
70,gcc-scalar,20260917,870,16,measure,22,branch,sum_if,p750,65536,1,262147,11,11,14586442889165806448,14586442889165806448,1
70,gcc-scalar,20260917,871,16,measure,23,small,sum_one,uniform,768,1365,424995,11,11,6760326044614544011,6760326044614544011,1
70,gcc-scalar,20260917,872,16,measure,24,branch,filter_copy,p900,65536,1,142147,11,11,58982,58982,1
70,gcc-scalar,20260917,873,16,measure,25,small,sum_one,uniform,192,5461,408097,11,11,17901819518249685373,17901819518249685373,1
70,gcc-scalar,20260917,874,16,measure,26,small,sum_one,uniform,32,32768,491070,11,11,4730905112462327808,4730905112462327808,1
70,gcc-scalar,20260917,875,16,measure,27,branch,filter_copy_mask,p750,65536,1,29251,11,11,49152,49152,1
70,gcc-scalar,20260917,876,16,measure,28,small,sum_one,uniform,1,1048576,1688656,11,11,8452580083670974464,8452580083670974464,1
70,gcc-scalar,20260917,877,16,measure,29,dependency,split_xor_mul,uniform,65536,64,2258467,11,11,8310383708453772032,8310383708453772032,1
70,gcc-scalar,20260917,878,16,measure,30,branch,filter_copy_mask,p000,65536,1,27266,11,11,0,0,1
70,gcc-scalar,20260917,879,16,measure,31,small,sum_one,uniform,3,349525,984556,11,11,9690214761957071044,9690214761957071044,1
70,gcc-scalar,20260917,880,16,measure,32,small,sum_one,uniform,128,8192,429111,11,11,17503531059042279424,17503531059042279424,1
70,gcc-scalar,20260917,881,16,measure,33,branch,sum_if,p000,65536,1,26431,11,11,0,0,1
70,gcc-scalar,20260917,882,16,measure,34,branch,filter_copy,p250,65536,1,280581,11,11,16384,16384,1
70,gcc-scalar,20260917,883,16,measure,35,small,sum_one,uniform,1024,1024,425904,11,11,6113767114656410624,6113767114656410624,1
70,gcc-scalar,20260917,884,16,measure,36,branch,sum_if,p100,65536,1,152133,11,11,3083979731501324985,3083979731501324985,1
70,gcc-scalar,20260917,885,16,measure,37,small,sum_one,uniform,2,524288,1056495,11,11,14489530702789345280,14489530702789345280,1
70,gcc-scalar,20260917,886,16,measure,38,branch,filter_copy_mask,p900,65536,1,44146,11,11,58982,58982,1
70,gcc-scalar,20260917,887,16,measure,39,branch,filter_copy,p100,65536,1,145806,11,11,6554,6554,1
70,gcc-scalar,20260917,888,16,measure,40,dependency,sum_twice,uniform,65536,64,3375316,11,11,2381470745755881728,2381470745755881728,1
70,gcc-scalar,20260917,889,16,measure,41,small,sum_one,uniform,384,2730,420270,11,11,5767785928059657782,5767785928059657782,1
70,gcc-scalar,20260917,890,16,measure,42,branch,sum_if,p900,65536,1,148643,11,11,1957202038211152021,1957202038211152021,1
70,gcc-scalar,20260917,891,16,measure,43,branch,filter_copy,p750,65536,1,260315,11,11,49152,49152,1
70,gcc-scalar,20260917,892,16,measure,44,branch,sum_if,p1000,65536,1,26328,11,11,4485739283943968327,4485739283943968327,1
70,gcc-scalar,20260917,893,16,measure,45,small,sum_one,uniform,256,4096,420387,11,11,12471836693395644416,12471836693395644416,1
70,gcc-scalar,20260917,894,16,measure,46,branch,filter_copy,p500,65536,1,367939,11,11,32768,32768,1
70,gcc-scalar,20260917,895,16,measure,47,small,sum_one,uniform,16,65536,556161,11,11,1403062601089810432,1403062601089810432,1
70,gcc-scalar,20260917,896,16,measure,48,branch,filter_copy_mask,p1000,65536,1,43961,11,11,65536,65536,1
70,gcc-scalar,20260917,897,16,measure,49,branch,sum_if,p500_sorted,65536,1,26452,11,11,2213941836433581612,2213941836433581612,1
70,gcc-scalar,20260917,898,16,measure,50,branch,filter_copy_mask,p500_sorted,65536,1,27470,11,11,32768,32768,1
70,gcc-scalar,20260917,899,16,measure,51,branch,sum_if,p250,65536,1,270963,11,11,75766260937212688,75766260937212688,1
70,gcc-scalar,20260917,900,16,measure,52,small,sum_one,uniform,4,262144,900432,11,11,6027757896494481408,6027757896494481408,1
70,gcc-scalar,20260917,901,17,measure,0,small,sum_one,uniform,4,262144,910919,11,11,6027757896494481408,6027757896494481408,1
70,gcc-scalar,20260917,902,17,measure,1,branch,filter_copy,p900,65536,1,142062,11,11,58982,58982,1
70,gcc-scalar,20260917,903,17,measure,2,small,sum_one,uniform,1,1048576,1692147,11,11,8452580083670974464,8452580083670974464,1
70,gcc-scalar,20260917,904,17,measure,3,branch,filter_copy,p500_sorted,65536,1,29057,11,11,32768,32768,1
70,gcc-scalar,20260917,905,17,measure,4,small,sum_one,uniform,6,174762,738517,11,11,4529353940760067638,4529353940760067638,1
70,gcc-scalar,20260917,906,17,measure,5,small,sum_one,uniform,64,16384,576860,11,11,14815439244071927808,14815439244071927808,1
70,gcc-scalar,20260917,907,17,measure,6,branch,filter_copy_mask,p900,65536,1,29179,11,11,58982,58982,1
70,gcc-scalar,20260917,908,17,measure,7,branch,sum_if,p000,65536,1,27129,11,11,0,0,1
70,gcc-scalar,20260917,909,17,measure,8,dependency,split_xor_mul,uniform,65536,64,2284973,11,11,8310383708453772032,8310383708453772032,1
70,gcc-scalar,20260917,910,17,measure,9,branch,filter_copy,p250,65536,1,262044,11,11,16384,16384,1
70,gcc-scalar,20260917,911,17,measure,10,branch,filter_copy,p000,65536,1,26581,11,11,0,0,1
70,gcc-scalar,20260917,912,17,measure,11,dependency,sum_one_bis,uniform,65536,64,1757843,11,11,1190735372877940864,1190735372877940864,1
70,gcc-scalar,20260917,913,17,measure,12,branch,sum_if,p500,65536,1,369390,11,11,261284744287062128,261284744287062128,1
70,gcc-scalar,20260917,914,17,measure,13,branch,filter_copy,p500_alternating,65536,1,37953,11,11,32768,32768,1
70,gcc-scalar,20260917,915,17,measure,14,branch,filter_copy,p500,65536,1,373067,11,11,32768,32768,1
70,gcc-scalar,20260917,916,17,measure,15,branch,sum_if,p750,65536,1,256859,11,11,14586442889165806448,14586442889165806448,1
70,gcc-scalar,20260917,917,17,measure,16,small,sum_one,uniform,384,2730,412976,11,11,5767785928059657782,5767785928059657782,1
70,gcc-scalar,20260917,918,17,measure,17,small,sum_one,uniform,256,4096,408809,11,11,12471836693395644416,12471836693395644416,1
70,gcc-scalar,20260917,919,17,measure,18,branch,filter_copy,p1000,65536,1,46988,11,11,65536,65536,1
70,gcc-scalar,20260917,920,17,measure,19,branch,filter_copy_mask,p500_alternating,65536,1,28983,11,11,32768,32768,1
70,gcc-scalar,20260917,921,17,measure,20,branch,sum_if,p100,65536,1,147618,11,11,3083979731501324985,3083979731501324985,1
70,gcc-scalar,20260917,922,17,measure,21,branch,sum_if,p900,65536,1,133876,11,11,1957202038211152021,1957202038211152021,1
70,gcc-scalar,20260917,923,17,measure,22,branch,filter_copy,p100,65536,1,148828,11,11,6554,6554,1
70,gcc-scalar,20260917,924,17,measure,23,small,sum_one,uniform,1024,1024,423353,11,11,6113767114656410624,6113767114656410624,1
70,gcc-scalar,20260917,925,17,measure,24,small,sum_one,uniform,12,87381,613260,11,11,18208879310165819389,18208879310165819389,1
70,gcc-scalar,20260917,926,17,measure,25,branch,filter_copy_mask,p100,65536,1,27861,11,11,6554,6554,1
70,gcc-scalar,20260917,927,17,measure,26,small,sum_one,uniform,512,2048,415922,11,11,6127788314265579520,6127788314265579520,1
70,gcc-scalar,20260917,928,17,measure,27,branch,sum_if,p500_sorted,65536,1,26757,11,11,2213941836433581612,2213941836433581612,1
70,gcc-scalar,20260917,929,17,measure,28,small,sum_one,uniform,128,8192,446222,11,11,17503531059042279424,17503531059042279424,1
70,gcc-scalar,20260917,930,17,measure,29,dependency,sum_four,uniform,65536,64,1122230,11,11,1190735372877940864,1190735372877940864,1
70,gcc-scalar,20260917,931,17,measure,30,small,sum_one,uniform,3,349525,984801,11,11,9690214761957071044,9690214761957071044,1
70,gcc-scalar,20260917,932,17,measure,31,small,sum_one,uniform,192,5461,408023,11,11,17901819518249685373,17901819518249685373,1
70,gcc-scalar,20260917,933,17,measure,32,branch,sum_if,p250,65536,1,260503,11,11,75766260937212688,75766260937212688,1
70,gcc-scalar,20260917,934,17,measure,33,branch,sum_if,p1000,65536,1,26349,11,11,4485739283943968327,4485739283943968327,1
70,gcc-scalar,20260917,935,17,measure,34,branch,filter_copy,p750,65536,1,267380,11,11,49152,49152,1
70,gcc-scalar,20260917,936,17,measure,35,branch,filter_copy_mask,p500_sorted,65536,1,28287,11,11,32768,32768,1
70,gcc-scalar,20260917,937,17,measure,36,small,sum_one,uniform,8,131072,683577,11,11,11724155215337095168,11724155215337095168,1
70,gcc-scalar,20260917,938,17,measure,37,branch,filter_copy_mask,p750,65536,1,28471,11,11,49152,49152,1
70,gcc-scalar,20260917,939,17,measure,38,branch,sum_if,p500_alternating,65536,1,26386,11,11,4196774058536912234,4196774058536912234,1
70,gcc-scalar,20260917,940,17,measure,39,branch,filter_copy_mask,p250,65536,1,27633,11,11,16384,16384,1
70,gcc-scalar,20260917,941,17,measure,40,branch,filter_copy_mask,p000,65536,1,27156,11,11,0,0,1
70,gcc-scalar,20260917,942,17,measure,41,small,sum_one,uniform,2,524288,1054604,11,11,14489530702789345280,14489530702789345280,1
70,gcc-scalar,20260917,943,17,measure,42,small,sum_one,uniform,24,43690,513309,11,11,5019437447312423050,5019437447312423050,1
70,gcc-scalar,20260917,944,17,measure,43,branch,filter_copy_mask,p1000,65536,1,53174,11,11,65536,65536,1
70,gcc-scalar,20260917,945,17,measure,44,dependency,sum_twice,uniform,65536,64,3381674,11,11,2381470745755881728,2381470745755881728,1
70,gcc-scalar,20260917,946,17,measure,45,small,sum_one,uniform,768,1365,422143,11,11,6760326044614544011,6760326044614544011,1
70,gcc-scalar,20260917,947,17,measure,46,branch,filter_copy_mask,p500,65536,1,29848,11,11,32768,32768,1
70,gcc-scalar,20260917,948,17,measure,47,small,sum_one,uniform,32,32768,493392,11,11,4730905112462327808,4730905112462327808,1
70,gcc-scalar,20260917,949,17,measure,48,dependency,chain_xor_mul,uniform,65536,64,6747591,11,11,5299772668389481216,5299772668389481216,1
70,gcc-scalar,20260917,950,17,measure,49,small,sum_one,uniform,48,21845,712391,11,11,18173204259618227916,18173204259618227916,1
70,gcc-scalar,20260917,951,17,measure,50,small,sum_one,uniform,96,10922,510576,11,11,1966801938065649448,1966801938065649448,1
70,gcc-scalar,20260917,952,17,measure,51,dependency,sum_one,uniform,65536,64,1691255,11,11,1190735372877940864,1190735372877940864,1
70,gcc-scalar,20260917,953,17,measure,52,small,sum_one,uniform,16,65536,551864,11,11,1403062601089810432,1403062601089810432,1
70,gcc-scalar,20260917,954,18,measure,0,branch,filter_copy_mask,p500_alternating,65536,1,29576,11,11,32768,32768,1
70,gcc-scalar,20260917,955,18,measure,1,small,sum_one,uniform,2,524288,1063777,11,11,14489530702789345280,14489530702789345280,1
70,gcc-scalar,20260917,956,18,measure,2,branch,filter_copy,p250,65536,1,278905,11,11,16384,16384,1
70,gcc-scalar,20260917,957,18,measure,3,branch,filter_copy,p500_alternating,65536,1,27955,11,11,32768,32768,1
70,gcc-scalar,20260917,958,18,measure,4,branch,sum_if,p100,65536,1,146804,11,11,3083979731501324985,3083979731501324985,1
70,gcc-scalar,20260917,959,18,measure,5,branch,sum_if,p500,65536,1,374957,11,11,261284744287062128,261284744287062128,1
70,gcc-scalar,20260917,960,18,measure,6,small,sum_one,uniform,128,8192,460429,11,11,17503531059042279424,17503531059042279424,1
70,gcc-scalar,20260917,961,18,measure,7,branch,filter_copy,p500_sorted,65536,1,30291,11,11,32768,32768,1
70,gcc-scalar,20260917,962,18,measure,8,branch,filter_copy,p750,65536,1,277568,11,11,49152,49152,1
70,gcc-scalar,20260917,963,18,measure,9,small,sum_one,uniform,4,262144,903715,11,11,6027757896494481408,6027757896494481408,1
70,gcc-scalar,20260917,964,18,measure,10,small,sum_one,uniform,8,131072,683146,11,11,11724155215337095168,11724155215337095168,1
70,gcc-scalar,20260917,965,18,measure,11,small,sum_one,uniform,512,2048,422397,11,11,6127788314265579520,6127788314265579520,1
70,gcc-scalar,20260917,966,18,measure,12,branch,filter_copy_mask,p1000,65536,1,43572,11,11,65536,65536,1
70,gcc-scalar,20260917,967,18,measure,13,branch,filter_copy_mask,p750,65536,1,29938,11,11,49152,49152,1
70,gcc-scalar,20260917,968,18,measure,14,small,sum_one,uniform,24,43690,509353,11,11,5019437447312423050,5019437447312423050,1
70,gcc-scalar,20260917,969,18,measure,15,small,sum_one,uniform,192,5461,420402,11,11,17901819518249685373,17901819518249685373,1
70,gcc-scalar,20260917,970,18,measure,16,small,sum_one,uniform,256,4096,418104,11,11,12471836693395644416,12471836693395644416,1
70,gcc-scalar,20260917,971,18,measure,17,branch,filter_copy,p100,65536,1,147309,11,11,6554,6554,1
70,gcc-scalar,20260917,972,18,measure,18,branch,sum_if,p900,65536,1,137272,11,11,1957202038211152021,1957202038211152021,1
70,gcc-scalar,20260917,973,18,measure,19,dependency,sum_one,uniform,65536,64,1692700,11,11,1190735372877940864,1190735372877940864,1
70,gcc-scalar,20260917,974,18,measure,20,small,sum_one,uniform,12,87381,601326,11,11,18208879310165819389,18208879310165819389,1
70,gcc-scalar,20260917,975,18,measure,21,dependency,sum_twice,uniform,65536,64,3722698,11,11,2381470745755881728,2381470745755881728,1
70,gcc-scalar,20260917,976,18,measure,22,small,sum_one,uniform,6,174762,739576,11,11,4529353940760067638,4529353940760067638,1
70,gcc-scalar,20260917,977,18,measure,23,branch,filter_copy_mask,p900,65536,1,50248,11,11,58982,58982,1
70,gcc-scalar,20260917,978,18,measure,24,dependency,chain_xor_mul,uniform,65536,64,6842267,11,11,5299772668389481216,5299772668389481216,1
70,gcc-scalar,20260917,979,18,measure,25,branch,filter_copy,p1000,65536,1,36310,11,11,65536,65536,1
70,gcc-scalar,20260917,980,18,measure,26,branch,sum_if,p500_sorted,65536,1,26431,11,11,2213941836433581612,2213941836433581612,1
70,gcc-scalar,20260917,981,18,measure,27,branch,sum_if,p750,65536,1,252890,11,11,14586442889165806448,14586442889165806448,1
70,gcc-scalar,20260917,982,18,measure,28,small,sum_one,uniform,1,1048576,1688301,11,11,8452580083670974464,8452580083670974464,1
70,gcc-scalar,20260917,983,18,measure,29,branch,filter_copy_mask,p250,65536,1,28472,11,11,16384,16384,1
70,gcc-scalar,20260917,984,18,measure,30,branch,filter_copy_mask,p500_sorted,65536,1,33911,11,11,32768,32768,1
70,gcc-scalar,20260917,985,18,measure,31,small,sum_one,uniform,1024,1024,422207,11,11,6113767114656410624,6113767114656410624,1
70,gcc-scalar,20260917,986,18,measure,32,dependency,sum_four,uniform,65536,64,1130308,11,11,1190735372877940864,1190735372877940864,1
70,gcc-scalar,20260917,987,18,measure,33,branch,filter_copy_mask,p500,65536,1,31460,11,11,32768,32768,1
70,gcc-scalar,20260917,988,18,measure,34,small,sum_one,uniform,48,21845,736205,11,11,18173204259618227916,18173204259618227916,1
70,gcc-scalar,20260917,989,18,measure,35,branch,sum_if,p1000,65536,1,26965,11,11,4485739283943968327,4485739283943968327,1
70,gcc-scalar,20260917,990,18,measure,36,small,sum_one,uniform,64,16384,578998,11,11,14815439244071927808,14815439244071927808,1
70,gcc-scalar,20260917,991,18,measure,37,branch,sum_if,p250,65536,1,262026,11,11,75766260937212688,75766260937212688,1
70,gcc-scalar,20260917,992,18,measure,38,small,sum_one,uniform,96,10922,506446,11,11,1966801938065649448,1966801938065649448,1
70,gcc-scalar,20260917,993,18,measure,39,branch,filter_copy,p000,65536,1,26372,11,11,0,0,1
70,gcc-scalar,20260917,994,18,measure,40,dependency,split_xor_mul,uniform,65536,64,2289634,11,11,8310383708453772032,8310383708453772032,1
70,gcc-scalar,20260917,995,18,measure,41,branch,filter_copy,p900,65536,1,173207,11,11,58982,58982,1
70,gcc-scalar,20260917,996,18,measure,42,small,sum_one,uniform,32,32768,488052,11,11,4730905112462327808,4730905112462327808,1
70,gcc-scalar,20260917,997,18,measure,43,branch,filter_copy_mask,p100,65536,1,27765,11,11,6554,6554,1
70,gcc-scalar,20260917,998,18,measure,44,branch,filter_copy_mask,p000,65536,1,27230,11,11,0,0,1
70,gcc-scalar,20260917,999,18,measure,45,small,sum_one,uniform,3,349525,1111592,11,11,9690214761957071044,9690214761957071044,1
70,gcc-scalar,20260917,1000,18,measure,46,small,sum_one,uniform,384,2730,437378,11,11,5767785928059657782,5767785928059657782,1
70,gcc-scalar,20260917,1001,18,measure,47,branch,sum_if,p500_alternating,65536,1,26902,11,11,4196774058536912234,4196774058536912234,1
70,gcc-scalar,20260917,1002,18,measure,48,branch,filter_copy,p500,65536,1,373433,11,11,32768,32768,1
70,gcc-scalar,20260917,1003,18,measure,49,dependency,sum_one_bis,uniform,65536,64,1690153,11,11,1190735372877940864,1190735372877940864,1
70,gcc-scalar,20260917,1004,18,measure,50,small,sum_one,uniform,16,65536,554751,11,11,1403062601089810432,1403062601089810432,1
70,gcc-scalar,20260917,1005,18,measure,51,small,sum_one,uniform,768,1365,417230,11,11,6760326044614544011,6760326044614544011,1
70,gcc-scalar,20260917,1006,18,measure,52,branch,sum_if,p000,65536,1,26549,11,11,0,0,1
70,gcc-scalar,20260917,1007,19,measure,0,small,sum_one,uniform,256,4096,408875,11,11,12471836693395644416,12471836693395644416,1
70,gcc-scalar,20260917,1008,19,measure,1,small,sum_one,uniform,384,2730,419524,11,11,5767785928059657782,5767785928059657782,1
70,gcc-scalar,20260917,1009,19,measure,2,branch,filter_copy_mask,p500,65536,1,31036,11,11,32768,32768,1
70,gcc-scalar,20260917,1010,19,measure,3,branch,sum_if,p500_sorted,65536,1,27533,11,11,2213941836433581612,2213941836433581612,1
70,gcc-scalar,20260917,1011,19,measure,4,small,sum_one,uniform,192,5461,431989,11,11,17901819518249685373,17901819518249685373,1
70,gcc-scalar,20260917,1012,19,measure,5,branch,filter_copy,p250,65536,1,262568,11,11,16384,16384,1
70,gcc-scalar,20260917,1013,19,measure,6,small,sum_one,uniform,4,262144,899102,11,11,6027757896494481408,6027757896494481408,1
70,gcc-scalar,20260917,1014,19,measure,7,dependency,sum_one_bis,uniform,65536,64,1724146,11,11,1190735372877940864,1190735372877940864,1
70,gcc-scalar,20260917,1015,19,measure,8,branch,sum_if,p000,65536,1,26543,11,11,0,0,1
70,gcc-scalar,20260917,1016,19,measure,9,dependency,sum_one,uniform,65536,64,1690618,11,11,1190735372877940864,1190735372877940864,1
70,gcc-scalar,20260917,1017,19,measure,10,small,sum_one,uniform,64,16384,597567,11,11,14815439244071927808,14815439244071927808,1
70,gcc-scalar,20260917,1018,19,measure,11,branch,sum_if,p900,65536,1,135083,11,11,1957202038211152021,1957202038211152021,1
70,gcc-scalar,20260917,1019,19,measure,12,branch,filter_copy,p500_sorted,65536,1,35348,11,11,32768,32768,1
70,gcc-scalar,20260917,1020,19,measure,13,branch,filter_copy_mask,p750,65536,1,74422,11,11,49152,49152,1
70,gcc-scalar,20260917,1021,19,measure,14,small,sum_one,uniform,512,2048,408997,11,11,6127788314265579520,6127788314265579520,1
70,gcc-scalar,20260917,1022,19,measure,15,branch,sum_if,p250,65536,1,264075,11,11,75766260937212688,75766260937212688,1
70,gcc-scalar,20260917,1023,19,measure,16,branch,filter_copy_mask,p000,65536,1,27412,11,11,0,0,1
70,gcc-scalar,20260917,1024,19,measure,17,small,sum_one,uniform,768,1365,425093,11,11,6760326044614544011,6760326044614544011,1
70,gcc-scalar,20260917,1025,19,measure,18,small,sum_one,uniform,1,1048576,1701780,11,11,8452580083670974464,8452580083670974464,1
70,gcc-scalar,20260917,1026,19,measure,19,dependency,split_xor_mul,uniform,65536,64,2245470,11,11,8310383708453772032,8310383708453772032,1
70,gcc-scalar,20260917,1027,19,measure,20,small,sum_one,uniform,128,8192,426415,11,11,17503531059042279424,17503531059042279424,1
70,gcc-scalar,20260917,1028,19,measure,21,branch,filter_copy_mask,p500_alternating,65536,1,31905,11,11,32768,32768,1
70,gcc-scalar,20260917,1029,19,measure,22,small,sum_one,uniform,96,10922,505775,11,11,1966801938065649448,1966801938065649448,1
70,gcc-scalar,20260917,1030,19,measure,23,small,sum_one,uniform,1024,1024,422016,11,11,6113767114656410624,6113767114656410624,1
70,gcc-scalar,20260917,1031,19,measure,24,branch,sum_if,p750,65536,1,256198,11,11,14586442889165806448,14586442889165806448,1
70,gcc-scalar,20260917,1032,19,measure,25,small,sum_one,uniform,6,174762,740192,11,11,4529353940760067638,4529353940760067638,1
70,gcc-scalar,20260917,1033,19,measure,26,small,sum_one,uniform,8,131072,687112,11,11,11724155215337095168,11724155215337095168,1
70,gcc-scalar,20260917,1034,19,measure,27,branch,filter_copy,p750,65536,1,258628,11,11,49152,49152,1
70,gcc-scalar,20260917,1035,19,measure,28,branch,filter_copy,p100,65536,1,145295,11,11,6554,6554,1
70,gcc-scalar,20260917,1036,19,measure,29,branch,filter_copy_mask,p1000,65536,1,44762,11,11,65536,65536,1
70,gcc-scalar,20260917,1037,19,measure,30,branch,filter_copy_mask,p900,65536,1,30722,11,11,58982,58982,1
70,gcc-scalar,20260917,1038,19,measure,31,branch,sum_if,p100,65536,1,148298,11,11,3083979731501324985,3083979731501324985,1
70,gcc-scalar,20260917,1039,19,measure,32,branch,filter_copy_mask,p100,65536,1,27807,11,11,6554,6554,1
70,gcc-scalar,20260917,1040,19,measure,33,branch,filter_copy,p500_alternating,65536,1,32845,11,11,32768,32768,1
70,gcc-scalar,20260917,1041,19,measure,34,branch,sum_if,p1000,65536,1,26434,11,11,4485739283943968327,4485739283943968327,1
70,gcc-scalar,20260917,1042,19,measure,35,small,sum_one,uniform,12,87381,599440,11,11,18208879310165819389,18208879310165819389,1
70,gcc-scalar,20260917,1043,19,measure,36,branch,sum_if,p500_alternating,65536,1,26693,11,11,4196774058536912234,4196774058536912234,1
70,gcc-scalar,20260917,1044,19,measure,37,branch,filter_copy_mask,p250,65536,1,27785,11,11,16384,16384,1
70,gcc-scalar,20260917,1045,19,measure,38,branch,filter_copy,p500,65536,1,372302,11,11,32768,32768,1
70,gcc-scalar,20260917,1046,19,measure,39,small,sum_one,uniform,32,32768,488051,11,11,4730905112462327808,4730905112462327808,1
70,gcc-scalar,20260917,1047,19,measure,40,branch,filter_copy_mask,p500_sorted,65536,1,27569,11,11,32768,32768,1
70,gcc-scalar,20260917,1048,19,measure,41,dependency,sum_twice,uniform,65536,64,3381036,11,11,2381470745755881728,2381470745755881728,1
70,gcc-scalar,20260917,1049,19,measure,42,dependency,sum_four,uniform,65536,64,1122350,11,11,1190735372877940864,1190735372877940864,1
70,gcc-scalar,20260917,1050,19,measure,43,small,sum_one,uniform,3,349525,983207,11,11,9690214761957071044,9690214761957071044,1
70,gcc-scalar,20260917,1051,19,measure,44,branch,filter_copy,p1000,65536,1,57989,11,11,65536,65536,1
70,gcc-scalar,20260917,1052,19,measure,45,branch,filter_copy,p900,65536,1,142787,11,11,58982,58982,1
70,gcc-scalar,20260917,1053,19,measure,46,small,sum_one,uniform,24,43690,513351,11,11,5019437447312423050,5019437447312423050,1
70,gcc-scalar,20260917,1054,19,measure,47,dependency,chain_xor_mul,uniform,65536,64,6769001,11,11,5299772668389481216,5299772668389481216,1
70,gcc-scalar,20260917,1055,19,measure,48,small,sum_one,uniform,48,21845,735496,11,11,18173204259618227916,18173204259618227916,1
70,gcc-scalar,20260917,1056,19,measure,49,branch,filter_copy,p000,65536,1,26670,11,11,0,0,1
70,gcc-scalar,20260917,1057,19,measure,50,branch,sum_if,p500,65536,1,373220,11,11,261284744287062128,261284744287062128,1
70,gcc-scalar,20260917,1058,19,measure,51,small,sum_one,uniform,16,65536,551749,11,11,1403062601089810432,1403062601089810432,1
70,gcc-scalar,20260917,1059,19,measure,52,small,sum_one,uniform,2,524288,1053455,11,11,14489530702789345280,14489530702789345280,1
70,gcc-scalar,20260917,1060,20,measure,0,branch,filter_copy_mask,p500_sorted,65536,1,33897,11,11,32768,32768,1
70,gcc-scalar,20260917,1061,20,measure,1,small,sum_one,uniform,24,43690,512380,11,11,5019437447312423050,5019437447312423050,1
70,gcc-scalar,20260917,1062,20,measure,2,small,sum_one,uniform,192,5461,405185,11,11,17901819518249685373,17901819518249685373,1
70,gcc-scalar,20260917,1063,20,measure,3,dependency,split_xor_mul,uniform,65536,64,2288706,11,11,8310383708453772032,8310383708453772032,1
70,gcc-scalar,20260917,1064,20,measure,4,small,sum_one,uniform,512,2048,415241,11,11,6127788314265579520,6127788314265579520,1
70,gcc-scalar,20260917,1065,20,measure,5,branch,filter_copy,p750,65536,1,263690,11,11,49152,49152,1
70,gcc-scalar,20260917,1066,20,measure,6,small,sum_one,uniform,1024,1024,425785,11,11,6113767114656410624,6113767114656410624,1
70,gcc-scalar,20260917,1067,20,measure,7,branch,filter_copy,p1000,65536,1,39166,11,11,65536,65536,1
70,gcc-scalar,20260917,1068,20,measure,8,small,sum_one,uniform,16,65536,554969,11,11,1403062601089810432,1403062601089810432,1
70,gcc-scalar,20260917,1069,20,measure,9,small,sum_one,uniform,96,10922,476119,11,11,1966801938065649448,1966801938065649448,1
70,gcc-scalar,20260917,1070,20,measure,10,small,sum_one,uniform,32,32768,491663,11,11,4730905112462327808,4730905112462327808,1
70,gcc-scalar,20260917,1071,20,measure,11,small,sum_one,uniform,4,262144,895682,11,11,6027757896494481408,6027757896494481408,1
70,gcc-scalar,20260917,1072,20,measure,12,branch,sum_if,p500_alternating,65536,1,26408,11,11,4196774058536912234,4196774058536912234,1
70,gcc-scalar,20260917,1073,20,measure,13,small,sum_one,uniform,6,174762,738753,11,11,4529353940760067638,4529353940760067638,1
70,gcc-scalar,20260917,1074,20,measure,14,small,sum_one,uniform,384,2730,412185,11,11,5767785928059657782,5767785928059657782,1
70,gcc-scalar,20260917,1075,20,measure,15,branch,filter_copy_mask,p500,65536,1,28640,11,11,32768,32768,1
70,gcc-scalar,20260917,1076,20,measure,16,branch,filter_copy,p100,65536,1,148996,11,11,6554,6554,1
70,gcc-scalar,20260917,1077,20,measure,17,small,sum_one,uniform,256,4096,417485,11,11,12471836693395644416,12471836693395644416,1
70,gcc-scalar,20260917,1078,20,measure,18,small,sum_one,uniform,12,87381,600069,11,11,18208879310165819389,18208879310165819389,1
70,gcc-scalar,20260917,1079,20,measure,19,branch,filter_copy_mask,p750,65536,1,34158,11,11,49152,49152,1
70,gcc-scalar,20260917,1080,20,measure,20,branch,filter_copy_mask,p1000,65536,1,33904,11,11,65536,65536,1
70,gcc-scalar,20260917,1081,20,measure,21,dependency,sum_twice,uniform,65536,64,3405034,11,11,2381470745755881728,2381470745755881728,1
70,gcc-scalar,20260917,1082,20,measure,22,branch,sum_if,p100,65536,1,147287,11,11,3083979731501324985,3083979731501324985,1
70,gcc-scalar,20260917,1083,20,measure,23,dependency,sum_four,uniform,65536,64,1122170,11,11,1190735372877940864,1190735372877940864,1
70,gcc-scalar,20260917,1084,20,measure,24,branch,sum_if,p250,65536,1,259418,11,11,75766260937212688,75766260937212688,1
70,gcc-scalar,20260917,1085,20,measure,25,branch,filter_copy_mask,p100,65536,1,27708,11,11,6554,6554,1
70,gcc-scalar,20260917,1086,20,measure,26,small,sum_one,uniform,1,1048576,1688786,11,11,8452580083670974464,8452580083670974464,1
70,gcc-scalar,20260917,1087,20,measure,27,small,sum_one,uniform,8,131072,685870,11,11,11724155215337095168,11724155215337095168,1
70,gcc-scalar,20260917,1088,20,measure,28,branch,filter_copy_mask,p000,65536,1,27404,11,11,0,0,1
70,gcc-scalar,20260917,1089,20,measure,29,branch,sum_if,p000,65536,1,26397,11,11,0,0,1
70,gcc-scalar,20260917,1090,20,measure,30,branch,filter_copy,p900,65536,1,144008,11,11,58982,58982,1
70,gcc-scalar,20260917,1091,20,measure,31,branch,filter_copy,p500_alternating,65536,1,26453,11,11,32768,32768,1
70,gcc-scalar,20260917,1092,20,measure,32,branch,filter_copy,p500_sorted,65536,1,26735,11,11,32768,32768,1
70,gcc-scalar,20260917,1093,20,measure,33,branch,filter_copy_mask,p250,65536,1,27773,11,11,16384,16384,1
70,gcc-scalar,20260917,1094,20,measure,34,small,sum_one,uniform,48,21845,693904,11,11,18173204259618227916,18173204259618227916,1
70,gcc-scalar,20260917,1095,20,measure,35,branch,filter_copy_mask,p500_alternating,65536,1,28739,11,11,32768,32768,1
70,gcc-scalar,20260917,1096,20,measure,36,small,sum_one,uniform,768,1365,421681,11,11,6760326044614544011,6760326044614544011,1
70,gcc-scalar,20260917,1097,20,measure,37,branch,sum_if,p500,65536,1,372209,11,11,261284744287062128,261284744287062128,1
70,gcc-scalar,20260917,1098,20,measure,38,branch,filter_copy_mask,p900,65536,1,34318,11,11,58982,58982,1
70,gcc-scalar,20260917,1099,20,measure,39,branch,sum_if,p500_sorted,65536,1,26509,11,11,2213941836433581612,2213941836433581612,1
70,gcc-scalar,20260917,1100,20,measure,40,small,sum_one,uniform,2,524288,1054275,11,11,14489530702789345280,14489530702789345280,1
70,gcc-scalar,20260917,1101,20,measure,41,dependency,sum_one,uniform,65536,64,1687849,11,11,1190735372877940864,1190735372877940864,1
70,gcc-scalar,20260917,1102,20,measure,42,small,sum_one,uniform,128,8192,457630,11,11,17503531059042279424,17503531059042279424,1
70,gcc-scalar,20260917,1103,20,measure,43,branch,sum_if,p900,65536,1,137744,11,11,1957202038211152021,1957202038211152021,1
70,gcc-scalar,20260917,1104,20,measure,44,dependency,chain_xor_mul,uniform,65536,64,6747077,11,11,5299772668389481216,5299772668389481216,1
70,gcc-scalar,20260917,1105,20,measure,45,dependency,sum_one_bis,uniform,65536,64,1690023,11,11,1190735372877940864,1190735372877940864,1
70,gcc-scalar,20260917,1106,20,measure,46,branch,filter_copy,p250,65536,1,264420,11,11,16384,16384,1
70,gcc-scalar,20260917,1107,20,measure,47,small,sum_one,uniform,3,349525,984411,11,11,9690214761957071044,9690214761957071044,1
70,gcc-scalar,20260917,1108,20,measure,48,branch,sum_if,p1000,65536,1,26629,11,11,4485739283943968327,4485739283943968327,1
70,gcc-scalar,20260917,1109,20,measure,49,branch,sum_if,p750,65536,1,257650,11,11,14586442889165806448,14586442889165806448,1
70,gcc-scalar,20260917,1110,20,measure,50,branch,filter_copy,p000,65536,1,26583,11,11,0,0,1
70,gcc-scalar,20260917,1111,20,measure,51,small,sum_one,uniform,64,16384,596308,11,11,14815439244071927808,14815439244071927808,1
70,gcc-scalar,20260917,1112,20,measure,52,branch,filter_copy,p500,65536,1,372695,11,11,32768,32768,1
