run_id,core,pages,seed,sample,round,phase,position,label,bytes,accesses,start,salt,elapsed_ns,second_elapsed_ns,faults,cpu_before,cpu_after,result,expected
3,P,2m,20260919,0,0,warmup,0,chase_random_double,1048576,524288,20919,10523935110838126958,6394377,0,0,11,11,34359476224,34359476224
3,P,2m,20260919,1,0,warmup,1,chase_random_double,32768,524288,503,4786765066533535540,1091637,0,0,11,11,1073479680,1073479680
3,P,2m,20260919,2,0,warmup,2,chase_random,8192,262144,769,16825772732013822714,535597,0,0,11,11,134086656,134086656
3,P,2m,20260919,3,0,warmup,3,chase_random_double,262144,524288,3619,13463584929969035470,3323343,0,0,11,11,8589672448,8589672448
3,P,2m,20260919,4,0,warmup,4,chase_random_double,134217728,524288,47835,4699218439069069664,156338479,0,0,11,11,4396568362196,4396568362196
3,P,2m,20260919,5,0,warmup,5,independent_random_bis,16777216,1048576,538288,4666501013920629206,16686099,0,0,11,11,1099268902725,1099268902725
3,P,2m,20260919,6,0,warmup,6,independent_random,32768,1048576,1197,9691904280903462244,2533413,0,0,11,11,2146128239,2146128239
3,P,2m,20260919,7,0,warmup,7,chase_sequential,8192,262144,163,16566060431656908527,841147,0,0,11,11,134086656,134086656
3,P,2m,20260919,8,0,warmup,8,independent_random_bis,32768,1048576,339,3546749331912520217,1639072,0,0,11,11,2146952929,2146952929
3,P,2m,20260919,9,0,warmup,9,independent_random_bis,262144,1048576,17465,1158721977352763918,1501330,0,0,11,11,17190802489,17190802489
3,P,2m,20260919,10,0,warmup,10,independent_random,4096,1048576,44,10030939547755206272,1360207,0,0,11,11,267922422,267922422
3,P,2m,20260919,11,0,warmup,11,chase_sequential,2097152,262144,93898,18060033710379776584,941685,0,0,11,11,34359607296,34359607296
3,P,2m,20260919,12,0,warmup,12,independent_random_bis,268435456,1048576,24048107,5978435840461933327,17228211,0,0,11,11,17581573135252,17581573135252
3,P,2m,20260919,13,0,warmup,13,page_fault_touch,16777216,4096,1060852,4929911745979502734,2846541,68638,8,11,11,8192,8192
3,P,2m,20260919,14,0,warmup,14,chase_random,8388608,262144,579003,4247019086258900146,60521842,0,0,11,11,137226572677,137226572677
3,P,2m,20260919,15,0,warmup,15,chase_sequential,134217728,262144,13259990,14221434859133259448,1184512,0,0,11,11,3510386425856,3510386425856
3,P,2m,20260919,16,0,warmup,16,independent_random_bis,2097152,1048576,169727,1105799234028772960,4343565,0,0,11,11,137452529691,137452529691
3,P,2m,20260919,17,0,warmup,17,independent_random,33554432,1048576,3092158,2817916320124398558,16735783,0,0,11,11,2198269641268,2198269641268
3,P,2m,20260919,18,0,warmup,18,independent_random,67108864,1048576,3269416,1498645449210506969,18118986,0,0,11,11,4396669611039,4396669611039
3,P,2m,20260919,19,0,warmup,19,chase_random_double,16777216,524288,429192,8659697043269861113,185045723,0,0,11,11,549884612844,549884612844
3,P,2m,20260919,20,0,warmup,20,chase_random,67108864,262144,1647834,15086972445265001052,100399820,0,0,11,11,1098630891828,1098630891828
3,P,2m,20260919,21,0,warmup,21,chase_random,1048576,262144,31276,3871807319556287244,6551094,0,0,11,11,17179738112,17179738112
3,P,2m,20260919,22,0,warmup,22,chase_sequential,33554432,262144,1470231,1180398517888142391,982110,0,0,11,11,419771842560,419771842560
3,P,2m,20260919,23,0,warmup,23,chase_random,4096,262144,188,12447851690240033508,660824,0,0,11,11,66977792,66977792
3,P,2m,20260919,24,0,warmup,24,chase_random,16384,262144,633,5704400200700464671,708486,0,0,11,11,268304384,268304384
3,P,2m,20260919,25,0,warmup,25,chase_random_double,16384,524288,1819,139316835861403182,1321502,0,0,11,11,536608768,536608768
3,P,2m,20260919,26,0,warmup,26,chase_random,4194304,262144,273966,13485678144997141953,54321285,0,0,11,11,68787047264,68787047264
3,P,2m,20260919,27,0,warmup,27,independent_random,8388608,1048576,587141,3461808521929807568,16752390,0,0,11,11,549931299469,549931299469
3,P,2m,20260919,28,0,warmup,28,chase_sequential,262144,262144,24046,5342376773515978625,1700415,0,0,11,11,4294836224,4294836224
3,P,2m,20260919,29,0,warmup,29,chase_random_double,131072,524288,11462,1215085661659658171,3867795,0,0,11,11,4294705152,4294705152
3,P,2m,20260919,30,0,warmup,30,independent_random,4194304,1048576,187960,11242264821602654737,9293647,0,0,11,11,274827897579,274827897579
3,P,2m,20260919,31,0,warmup,31,chase_random,16777216,262144,1668571,475501698696860772,92535896,0,0,11,11,275002082146,275002082146
3,P,2m,20260919,32,0,warmup,32,chase_random_double,2097152,524288,135214,11483208711631572904,29104060,0,0,11,11,68719214592,68719214592
3,P,2m,20260919,33,0,warmup,33,independent_random_bis,33554432,1048576,1595970,819707324354632140,18506367,0,0,11,11,2198634764791,2198634764791
3,P,2m,20260919,34,0,warmup,34,chase_random_double,8388608,524288,176140,13458688081931246873,155169942,0,0,11,11,274986848515,274986848515
3,P,2m,20260919,35,0,warmup,35,independent_random_bis,65536,1048576,8152,7356650259458541087,2883359,0,0,11,11,4288827477,4288827477
3,P,2m,20260919,36,0,warmup,36,chase_sequential,65536,262144,3605,5916834774672050070,782685,0,0,11,11,1073610752,1073610752
3,P,2m,20260919,37,0,warmup,37,chase_random_double,67108864,524288,5098392,1256638364829499332,207698271,0,0,11,11,2199162607460,2199162607460
3,P,2m,20260919,38,0,warmup,38,chase_random_double,4096,524288,73,1165897167233686697,2681900,0,0,11,11,133955584,133955584
3,P,2m,20260919,39,0,warmup,39,chase_random,131072,262144,294,8209441124405723554,2001401,0,0,11,11,2147352576,2147352576
3,P,2m,20260919,40,0,warmup,40,independent_random_bis,4194304,1048576,88982,14334907434542385358,8823325,0,0,11,11,274950460714,274950460714
3,P,2m,20260919,41,0,warmup,41,chase_random_double,4194304,524288,450276,6234665400398218280,17117743,0,0,11,11,137438691328,137438691328
3,P,2m,20260919,42,0,warmup,42,chase_sequential,1048576,262144,14148,5222701238757222659,942999,0,0,11,11,17179738112,17179738112
3,P,2m,20260919,43,0,warmup,43,chase_random,524288,262144,19726,11617587776095843927,4920292,0,0,11,11,8589803520,8589803520
3,P,2m,20260919,44,0,warmup,44,independent_random_bis,16384,1048576,1688,1051618560298404199,1383011,0,0,11,11,1073501999,1073501999
3,P,2m,20260919,45,0,warmup,45,independent_random,2097152,1048576,237661,16093210245144665754,4064795,0,0,11,11,137350886196,137350886196
3,P,2m,20260919,46,0,warmup,46,independent_random,524288,1048576,62828,2772733877499181491,2044294,0,0,11,11,34387107991,34387107991
3,P,2m,20260919,47,0,warmup,47,chase_sequential,32768,262144,2847,7394500027535363491,761070,0,0,11,11,536739840,536739840
3,P,2m,20260919,48,0,warmup,48,chase_random_double,8192,524288,671,13480658720872237029,1416611,0,0,11,11,268173312,268173312
3,P,2m,20260919,49,0,warmup,49,page_fault_touch,268435456,65536,7915712,3643669186183851287,174416766,1464955,128,11,11,131072,131072
3,P,2m,20260919,50,0,warmup,50,independent_random,134217728,1048576,15268003,11818050929677473636,14810435,0,0,11,11,8788391442485,8788391442485
3,P,2m,20260919,51,0,warmup,51,independent_random,131072,1048576,666,15737175334171777588,1696543,0,0,11,11,8591861703,8591861703
3,P,2m,20260919,52,0,warmup,52,independent_random_bis,524288,1048576,33728,14114577333860830986,1714076,0,0,11,11,34359203010,34359203010
3,P,2m,20260919,53,0,warmup,53,independent_random_bis,8388608,1048576,71266,9716009430595540291,10238803,0,0,11,11,549631090677,549631090677
3,P,2m,20260919,54,0,warmup,54,independent_random_bis,8192,1048576,389,694058956711415591,1693741,0,0,11,11,536090154,536090154
3,P,2m,20260919,55,0,warmup,55,chase_sequential,268435456,262144,27561912,2380665512930883541,1019101,0,0,11,11,7259549466624,7259549466624
3,P,2m,20260919,56,0,warmup,56,independent_random_bis,134217728,1048576,6121545,629857036575816466,14856589,0,0,11,11,8800349566711,8800349566711
3,P,2m,20260919,57,0,warmup,57,chase_sequential,4096,262144,14,9999404835335748372,880958,0,0,11,11,66977792,66977792
3,P,2m,20260919,58,0,warmup,58,chase_random_double,65536,524288,7529,17903712042162342952,2788688,0,0,11,11,2147221504,2147221504
3,P,2m,20260919,59,0,warmup,59,chase_random,268435456,262144,4925401,15949583487057119626,80152982,0,0,11,11,4399822387351,4399822387351
3,P,2m,20260919,60,0,warmup,60,chase_random,262144,262144,32584,6094565934485685267,3831676,0,0,11,11,4294836224,4294836224
3,P,2m,20260919,61,0,warmup,61,chase_sequential,16384,262144,620,3409055122336041989,801469,0,0,11,11,268304384,268304384
3,P,2m,20260919,62,0,warmup,62,chase_random,65536,262144,1945,5420686415176446046,1257402,0,0,11,11,1073610752,1073610752
3,P,2m,20260919,63,0,warmup,63,chase_random_double,268435456,524288,21392579,10035053417676030304,168586391,0,0,11,11,8787440774568,8787440774568
3,P,2m,20260919,64,0,warmup,64,independent_random,65536,1048576,4431,10678816831149103716,2759538,0,0,11,11,4290185437,4290185437
3,P,2m,20260919,65,0,warmup,65,independent_random,8192,1048576,935,16040334528729185877,1446258,0,0,11,11,536460143,536460143
3,P,2m,20260919,66,0,warmup,66,chase_sequential,524288,262144,57322,12312736655136706211,731684,0,0,11,11,8589803520,8589803520
3,P,2m,20260919,67,0,warmup,67,chase_random,32768,262144,4078,14000741787460049028,690384,0,0,11,11,536739840,536739840
3,P,2m,20260919,68,0,warmup,68,chase_sequential,4194304,262144,268288,1276466786151727226,989148,0,0,11,11,101468471296,101468471296
3,P,2m,20260919,69,0,warmup,69,chase_sequential,16777216,262144,1369652,10578208662035672108,992830,0,0,11,11,393405661184,393405661184
3,P,2m,20260919,70,0,warmup,70,chase_sequential,67108864,262144,5171168,17463103290692660851,1004124,0,0,11,11,1389950271488,1389950271488
3,P,2m,20260919,71,0,warmup,71,independent_random_bis,1048576,1048576,28035,11547194792629982708,1861635,0,0,11,11,68695325241,68695325241
3,P,2m,20260919,72,0,warmup,72,independent_random,268435456,1048576,30319462,10679210125775867771,21461122,0,0,11,11,17602647394720,17602647394720
3,P,2m,20260919,73,0,warmup,73,independent_random,16777216,1048576,2090648,15338207812365983960,16343385,0,0,11,11,1099686389706,1099686389706
3,P,2m,20260919,74,0,warmup,74,chase_sequential,131072,262144,12918,11847496890043801297,1485374,0,0,11,11,2147352576,2147352576
3,P,2m,20260919,75,0,warmup,75,independent_random,262144,1048576,25499,7645368462159148176,1935627,0,0,11,11,17193639810,17193639810
3,P,2m,20260919,76,0,warmup,76,independent_random,16384,1048576,1709,18172467470345033921,1441505,0,0,11,11,1072575721,1072575721
3,P,2m,20260919,77,0,warmup,77,independent_random_bis,4096,1048576,262,2305308608661710495,1361102,0,0,11,11,267604725,267604725
3,P,2m,20260919,78,0,warmup,78,chase_random,134217728,262144,909649,4568297636908407722,91908423,0,0,11,11,2202574986099,2202574986099
3,P,2m,20260919,79,0,warmup,79,independent_random_bis,131072,1048576,3204,15622275295580069086,3077828,0,0,11,11,8589733272,8589733272
3,P,2m,20260919,80,0,warmup,80,chase_random_double,33554432,524288,1674020,6253976075259898726,199888242,0,0,11,11,1099703209600,1099703209600
3,P,2m,20260919,81,0,warmup,81,chase_sequential,8388608,262144,564598,5222312095506451686,1910285,0,0,11,11,182365585408,182365585408
3,P,2m,20260919,82,0,warmup,82,chase_random,2097152,262144,151643,13662974560823006609,12300315,0,0,11,11,34359607296,34359607296
3,P,2m,20260919,83,0,warmup,83,independent_random,1048576,1048576,97072,13551846532280414562,2288496,0,0,11,11,68668076156,68668076156
3,P,2m,20260919,84,0,warmup,84,chase_random_double,524288,524288,14030,2025660925577909741,7502677,0,0,11,11,17179607040,17179607040
3,P,2m,20260919,85,0,warmup,85,chase_random,33554432,262144,4007198,2949795551549189814,96905474,0,0,11,11,549967692657,549967692657
3,P,2m,20260919,86,0,warmup,86,independent_random_bis,67108864,1048576,1600809,10122547053486101793,20987540,0,0,11,11,4393919571517,4393919571517
3,P,2m,20260919,87,1,measure,0,independent_random,1048576,1048576,1222,12593025302367530992,3190166,0,0,11,11,68724723383,68724723383
3,P,2m,20260919,88,1,measure,1,independent_random,524288,1048576,15470,5917758379483666275,1661903,0,0,11,11,34392755603,34392755603
3,P,2m,20260919,89,1,measure,2,independent_random_bis,8192,1048576,138,9691137747364536154,1401599,0,0,11,11,536714681,536714681
3,P,2m,20260919,90,1,measure,3,chase_sequential,134217728,262144,9244894,13285529112880053845,982374,0,0,11,11,2457853100032,2457853100032
3,P,2m,20260919,91,1,measure,4,chase_random_double,262144,524288,8245,5590308660810755068,4253497,0,0,11,11,8589672448,8589672448
3,P,2m,20260919,92,1,measure,5,independent_random_bis,2097152,1048576,9278,7645966238442412620,2712813,0,0,11,11,137446068990,137446068990
3,P,2m,20260919,93,1,measure,6,independent_random_bis,33554432,1048576,2164397,4331372211345142742,17993175,0,0,11,11,2198578820183,2198578820183
3,P,2m,20260919,94,1,measure,7,chase_random_double,16384,524288,560,1177507543809088225,2538398,0,0,11,11,536608768,536608768
3,P,2m,20260919,95,1,measure,8,chase_random_double,8192,524288,984,14167585576882272164,1441670,0,0,11,11,268173312,268173312
3,P,2m,20260919,96,1,measure,9,chase_random_double,8388608,524288,980360,7290801951050308181,155042194,0,0,11,11,274755626523,274755626523
3,P,2m,20260919,97,1,measure,10,chase_sequential,262144,262144,5114,1350577263780980282,1756592,0,0,11,11,4294836224,4294836224
3,P,2m,20260919,98,1,measure,11,chase_random_double,16777216,524288,533714,16488215440829915169,182293563,0,0,11,11,549606632941,549606632941
3,P,2m,20260919,99,1,measure,12,independent_random_bis,65536,1048576,6850,12167628900080093170,2798237,0,0,11,11,4291931299,4291931299
3,P,2m,20260919,100,1,measure,13,chase_random,262144,262144,32068,12892051502795852149,2556269,0,0,11,11,4294836224,4294836224
3,P,2m,20260919,101,1,measure,14,chase_random_double,268435456,524288,383008,3248726814089415793,214628934,0,0,11,11,8791750720664,8791750720664
3,P,2m,20260919,102,1,measure,15,chase_random_double,1048576,524288,107615,3946315021717031707,8612088,0,0,11,11,34359476224,34359476224
3,P,2m,20260919,103,1,measure,16,chase_random,8192,262144,286,4594103158601625538,669528,0,0,11,11,134086656,134086656
3,P,2m,20260919,104,1,measure,17,chase_sequential,32768,262144,3508,16626613645427797836,661029,0,0,11,11,536739840,536739840
3,P,2m,20260919,105,1,measure,18,independent_random_bis,134217728,1048576,10978440,2351104608093734382,21659933,0,0,11,11,8796899931002,8796899931002
3,P,2m,20260919,106,1,measure,19,independent_random_bis,32768,1048576,249,4762020289301578031,2507330,0,0,11,11,2144911708,2144911708
3,P,2m,20260919,107,1,measure,20,independent_random_bis,8388608,1048576,1004171,16968639711860028180,16359955,0,0,11,11,549521843857,549521843857
3,P,2m,20260919,108,1,measure,21,independent_random,134217728,1048576,8045571,12611282348171072835,22225398,0,0,11,11,8790039735953,8790039735953
3,P,2m,20260919,109,1,measure,22,chase_random_double,32768,524288,56,15578727977716997579,3037432,0,0,11,11,1073479680,1073479680
3,P,2m,20260919,110,1,measure,23,chase_random,16777216,262144,1786817,15384362448446377793,93529142,0,0,11,11,274983031191,274983031191
3,P,2m,20260919,111,1,measure,24,independent_random,2097152,1048576,110385,6817123613770969562,6991943,0,0,11,11,137500617991,137500617991
3,P,2m,20260919,112,1,measure,25,independent_random,4096,1048576,295,3879033022266060560,2164905,0,0,11,11,267911609,267911609
3,P,2m,20260919,113,1,measure,26,chase_sequential,1048576,262144,66911,13979440575858352333,833684,0,0,11,11,17179738112,17179738112
3,P,2m,20260919,114,1,measure,27,chase_random,134217728,262144,6894861,3951541746742325870,103230695,0,0,11,11,2200446201602,2200446201602
3,P,2m,20260919,115,1,measure,28,independent_random,16384,1048576,1757,8834070010191599955,2740936,0,0,11,11,1074116686,1074116686
3,P,2m,20260919,116,1,measure,29,chase_random_double,33554432,524288,4024268,5837918182334826328,201458010,0,0,11,11,1099062118686,1099062118686
3,P,2m,20260919,117,1,measure,30,chase_random,8388608,262144,651911,1393672223186900686,76658114,0,0,11,11,137420384249,137420384249
3,P,2m,20260919,118,1,measure,31,chase_random,131072,262144,7782,815806192066715033,3463253,0,0,11,11,2147352576,2147352576
3,P,2m,20260919,119,1,measure,32,chase_random,16384,262144,296,7851562677985788384,757411,0,0,11,11,268304384,268304384
3,P,2m,20260919,120,1,measure,33,independent_random_bis,67108864,1048576,4721774,17644161865012350190,19931769,0,0,11,11,4395793103195,4395793103195
3,P,2m,20260919,121,1,measure,34,chase_sequential,268435456,262144,13300692,12091572551750195985,1739442,0,0,11,11,3521056210944,3521056210944
3,P,2m,20260919,122,1,measure,35,chase_random_double,131072,524288,14344,1964887093910166637,3723792,0,0,11,11,4294705152,4294705152
3,P,2m,20260919,123,1,measure,36,chase_sequential,16777216,262144,2041611,13791661600990250285,986694,0,0,11,11,136277786624,136277786624
3,P,2m,20260919,124,1,measure,37,independent_random_bis,16384,1048576,1894,16864522850742467920,1604096,0,0,11,11,1073140651,1073140651
3,P,2m,20260919,125,1,measure,38,page_fault_touch,16777216,4096,141434,8989321737527982870,2730656,100702,8,11,11,8192,8192
3,P,2m,20260919,126,1,measure,39,chase_sequential,33554432,262144,358418,2968085117962844641,991085,0,0,11,11,128316735488,128316735488
3,P,2m,20260919,127,1,measure,40,independent_random,8192,1048576,492,5606801310229445522,1366204,0,0,11,11,536892655,536892655
3,P,2m,20260919,128,1,measure,41,chase_sequential,65536,262144,5237,17904385511881322317,664989,0,0,11,11,1073610752,1073610752
3,P,2m,20260919,129,1,measure,42,chase_random_double,2097152,524288,102994,13617809963840531045,17825952,0,0,11,11,68719214592,68719214592
3,P,2m,20260919,130,1,measure,43,independent_random_bis,268435456,1048576,12533771,12539607922917354911,19128887,0,0,11,11,17590194447458,17590194447458
3,P,2m,20260919,131,1,measure,44,independent_random,8388608,1048576,408946,14664428683776970311,15007402,0,0,11,11,549249067840,549249067840
3,P,2m,20260919,132,1,measure,45,chase_random,1048576,262144,24593,18012214565658696839,6464879,0,0,11,11,17179738112,17179738112
3,P,2m,20260919,133,1,measure,46,independent_random_bis,262144,1048576,22483,11675713456317143034,1530569,0,0,11,11,17170825596,17170825596
3,P,2m,20260919,134,1,measure,47,chase_sequential,16384,262144,1764,1601401725057299783,658255,0,0,11,11,268304384,268304384
3,P,2m,20260919,135,1,measure,48,chase_sequential,67108864,262144,5322660,16291410529128206157,969782,0,0,11,11,1429662990336,1429662990336
3,P,2m,20260919,136,1,measure,49,chase_random,524288,262144,60622,5960334001427907826,3419766,0,0,11,11,8589803520,8589803520
3,P,2m,20260919,137,1,measure,50,chase_sequential,8192,262144,139,14114655943301783742,711038,0,0,11,11,134086656,134086656
3,P,2m,20260919,138,1,measure,51,independent_random_bis,4096,1048576,76,3013024746789002293,1388193,0,0,11,11,267864075,267864075
3,P,2m,20260919,139,1,measure,52,independent_random,262144,1048576,20092,3911183447215428383,1456335,0,0,11,11,17166804978,17166804978
3,P,2m,20260919,140,1,measure,53,independent_random,67108864,1048576,5902257,13320299208162462089,15963657,0,0,11,11,4399239335093,4399239335093
3,P,2m,20260919,141,1,measure,54,chase_sequential,131072,262144,13966,14828540182158480928,1339515,0,0,11,11,2147352576,2147352576
3,P,2m,20260919,142,1,measure,55,chase_sequential,8388608,262144,643508,16416899243818803190,1000714,0,0,11,11,203051368448,203051368448
3,P,2m,20260919,143,1,measure,56,independent_random,65536,1048576,3599,5679048908014385644,1590900,0,0,11,11,4290305500,4290305500
3,P,2m,20260919,144,1,measure,57,independent_random,268435456,1048576,19814572,8821399806150751647,17069327,0,0,11,11,17594402293236,17594402293236
3,P,2m,20260919,145,1,measure,58,chase_random_double,65536,524288,7017,4134199282466126349,3539362,0,0,11,11,2147221504,2147221504
3,P,2m,20260919,146,1,measure,59,chase_random,32768,262144,1510,7749957019594592675,766535,0,0,11,11,536739840,536739840
3,P,2m,20260919,147,1,measure,60,chase_sequential,524288,262144,12656,12999038272610494339,776486,0,0,11,11,8589803520,8589803520
3,P,2m,20260919,148,1,measure,61,independent_random,4194304,1048576,523020,11012350362880110051,11681736,0,0,11,11,274884014253,274884014253
3,P,2m,20260919,149,1,measure,62,chase_random_double,4096,524288,227,4098539417048802613,2403981,0,0,11,11,133955584,133955584
3,P,2m,20260919,150,1,measure,63,independent_random_bis,524288,1048576,14179,16064553554332745521,1996841,0,0,11,11,34356822152,34356822152
3,P,2m,20260919,151,1,measure,64,independent_random,32768,1048576,3507,9405234998589093787,1442291,0,0,11,11,2145088546,2145088546
3,P,2m,20260919,152,1,measure,65,chase_sequential,4096,262144,475,17605291780167154812,664592,0,0,11,11,66977792,66977792
3,P,2m,20260919,153,1,measure,66,independent_random_bis,1048576,1048576,91893,7387334687146192937,2203201,0,0,11,11,68714921761,68714921761
3,P,2m,20260919,154,1,measure,67,chase_random,33554432,262144,3675028,8287876100153128126,89965390,0,0,11,11,549117400257,549117400257
3,P,2m,20260919,155,1,measure,68,chase_random_double,524288,524288,54986,5605037079648483109,6581553,0,0,11,11,17179607040,17179607040
3,P,2m,20260919,156,1,measure,69,chase_random,67108864,262144,4488108,12586164741099021039,101652758,0,0,11,11,1099541911269,1099541911269
3,P,2m,20260919,157,1,measure,70,chase_random,2097152,262144,98617,7724263082356141153,14092800,0,0,11,11,34359607296,34359607296
3,P,2m,20260919,158,1,measure,71,independent_random_bis,16777216,1048576,1726982,7081823037463672224,15616968,0,0,11,11,1099770328310,1099770328310
3,P,2m,20260919,159,1,measure,72,independent_random,33554432,1048576,1933905,7400692571853983615,18914212,0,0,11,11,2200557565857,2200557565857
3,P,2m,20260919,160,1,measure,73,independent_random_bis,4194304,1048576,278939,17868329497621041276,10176245,0,0,11,11,274889619255,274889619255
3,P,2m,20260919,161,1,measure,74,chase_random,268435456,262144,8472238,14195638732454618637,90311511,0,0,11,11,4405464183659,4405464183659
3,P,2m,20260919,162,1,measure,75,chase_sequential,2097152,262144,193595,15674052209196444673,1695225,0,0,11,11,34359607296,34359607296
3,P,2m,20260919,163,1,measure,76,chase_sequential,4194304,262144,369096,10206014504948395097,1141757,0,0,11,11,75042258944,75042258944
3,P,2m,20260919,164,1,measure,77,chase_random_double,4194304,524288,77398,8182278016352065095,79994066,0,0,11,11,137438691328,137438691328
3,P,2m,20260919,165,1,measure,78,chase_random_double,134217728,524288,14287087,15590922888223138153,213217087,0,0,11,11,4399994912557,4399994912557
3,P,2m,20260919,166,1,measure,79,independent_random_bis,131072,1048576,12259,14006815784587274153,2842203,0,0,11,11,8586914439,8586914439
3,P,2m,20260919,167,1,measure,80,chase_random,65536,262144,7800,2005933838035554004,1277122,0,0,11,11,1073610752,1073610752
3,P,2m,20260919,168,1,measure,81,chase_random_double,67108864,524288,6360408,1984553974755037078,204867572,0,0,11,11,2200390097358,2200390097358
3,P,2m,20260919,169,1,measure,82,independent_random,131072,1048576,7172,6201027821675684630,2782339,0,0,11,11,8597822394,8597822394
3,P,2m,20260919,170,1,measure,83,chase_random,4194304,262144,283782,2481689322186664569,48212087,0,0,11,11,68739989417,68739989417
3,P,2m,20260919,171,1,measure,84,chase_random,4096,262144,84,3251631662568231091,1853274,0,0,11,11,66977792,66977792
3,P,2m,20260919,172,1,measure,85,page_fault_touch,268435456,65536,31664080,3654776524410604631,36672708,2061002,128,11,11,131072,131072
3,P,2m,20260919,173,1,measure,86,independent_random,16777216,1048576,738898,6355882809141007089,12425946,0,0,11,11,1099310661614,1099310661614
3,P,2m,20260919,174,2,measure,0,chase_random,67108864,262144,6102642,17035968977716531531,92334107,0,0,11,11,1098844049200,1098844049200
3,P,2m,20260919,175,2,measure,1,independent_random_bis,32768,1048576,1544,11119081514949277965,2800755,0,0,11,11,2145452407,2145452407
3,P,2m,20260919,176,2,measure,2,chase_random_double,65536,524288,7252,1991980086561519147,2358240,0,0,11,11,2147221504,2147221504
3,P,2m,20260919,177,2,measure,3,chase_random,262144,262144,301,4896507768551020251,2489181,0,0,11,11,4294836224,4294836224
3,P,2m,20260919,178,2,measure,4,independent_random,131072,1048576,6670,12572188516152341600,1520482,0,0,11,11,8594244970,8594244970
3,P,2m,20260919,179,2,measure,5,chase_sequential,33554432,262144,3531400,13017671214669956031,993715,0,0,11,11,960094928896,960094928896
3,P,2m,20260919,180,2,measure,6,chase_sequential,4096,262144,476,5323790806563855877,658135,0,0,11,11,66977792,66977792
3,P,2m,20260919,181,2,measure,7,independent_random_bis,65536,1048576,3543,17851664575786786637,1426431,0,0,11,11,4293952278,4293952278
3,P,2m,20260919,182,2,measure,8,chase_random_double,134217728,524288,14912837,9417223014675129261,209703370,0,0,11,11,4396606583898,4396606583898
3,P,2m,20260919,183,2,measure,9,independent_random_bis,8388608,1048576,392529,8273859161126066330,17884750,0,0,11,11,549754630977,549754630977
3,P,2m,20260919,184,2,measure,10,chase_sequential,131072,262144,6421,7939728737762534880,1516509,0,0,11,11,2147352576,2147352576
3,P,2m,20260919,185,2,measure,11,chase_random_double,1048576,524288,35168,17166067102613744399,8771980,0,0,11,11,34359476224,34359476224
3,P,2m,20260919,186,2,measure,12,independent_random_bis,33554432,1048576,3077418,5306851620924103849,17500652,0,0,11,11,2200552816696,2200552816696
3,P,2m,20260919,187,2,measure,13,independent_random_bis,262144,1048576,32538,2097588082381417474,2725640,0,0,11,11,17182049942,17182049942
3,P,2m,20260919,188,2,measure,14,independent_random,4194304,1048576,364549,14252468610324914507,7948809,0,0,11,11,274829036196,274829036196
3,P,2m,20260919,189,2,measure,15,chase_random,4194304,262144,192633,4168980156760812063,8062228,0,0,11,11,68603725431,68603725431
3,P,2m,20260919,190,2,measure,16,chase_random_double,16777216,524288,2041631,14204031756876619596,184551303,0,0,11,11,549676233252,549676233252
3,P,2m,20260919,191,2,measure,17,chase_random_double,262144,524288,15173,4845575133646557858,5724861,0,0,11,11,8589672448,8589672448
3,P,2m,20260919,192,2,measure,18,chase_random,16777216,262144,1713182,10979509956303725904,85126433,0,0,11,11,274833045766,274833045766
3,P,2m,20260919,193,2,measure,19,independent_random,16384,1048576,1611,13189919144104643166,2743479,0,0,11,11,1073043786,1073043786
3,P,2m,20260919,194,2,measure,20,independent_random_bis,268435456,1048576,19284860,1653992364890518467,21810762,0,0,11,11,17607869101332,17607869101332
3,P,2m,20260919,195,2,measure,21,chase_random_double,131072,524288,14277,7388776647286189102,4763697,0,0,11,11,4294705152,4294705152
3,P,2m,20260919,196,2,measure,22,chase_random_double,4096,524288,49,5426008866105975365,1325668,0,0,11,11,133955584,133955584
3,P,2m,20260919,197,2,measure,23,independent_random_bis,8192,1048576,474,2342225861284671126,1367944,0,0,11,11,536825691,536825691
3,P,2m,20260919,198,2,measure,24,chase_random_double,32768,524288,2653,15053653306985575520,1365775,0,0,11,11,1073479680,1073479680
3,P,2m,20260919,199,2,measure,25,chase_random_double,67108864,524288,2003632,3557297279025488077,202979973,0,0,11,11,2199868689107,2199868689107
3,P,2m,20260919,200,2,measure,26,independent_random,2097152,1048576,72455,16564372975834574613,7454379,0,0,11,11,137311988312,137311988312
3,P,2m,20260919,201,2,measure,27,independent_random,4096,1048576,313,5218361957981472655,2147007,0,0,11,11,267795192,267795192
3,P,2m,20260919,202,2,measure,28,chase_random,8388608,262144,30545,598092010159751990,80192716,0,0,11,11,137237020560,137237020560
3,P,2m,20260919,203,2,measure,29,chase_random_double,4194304,524288,154960,339917722953628123,110068620,0,0,11,11,137438691328,137438691328
3,P,2m,20260919,204,2,measure,30,independent_random_bis,134217728,1048576,170440,875123079725279410,22600119,0,0,11,11,8797310709916,8797310709916
3,P,2m,20260919,205,2,measure,31,independent_random,8388608,1048576,812050,17593089587595353302,17093397,0,0,11,11,549769001375,549769001375
3,P,2m,20260919,206,2,measure,32,chase_random_double,8192,524288,403,17720865275211726991,2470364,0,0,11,11,268173312,268173312
3,P,2m,20260919,207,2,measure,33,chase_random,131072,262144,13765,12770130593338261757,2037980,0,0,11,11,2147352576,2147352576
3,P,2m,20260919,208,2,measure,34,independent_random_bis,4096,1048576,174,6369829727250702111,1381556,0,0,11,11,267978116,267978116
3,P,2m,20260919,209,2,measure,35,independent_random,134217728,1048576,10223767,10999906702866181315,20809365,0,0,11,11,8799817603727,8799817603727
3,P,2m,20260919,210,2,measure,36,chase_sequential,67108864,262144,8131348,7537391332956782750,1844038,0,0,11,11,2124973735936,2124973735936
3,P,2m,20260919,211,2,measure,37,chase_sequential,4194304,262144,203729,8489886587499391811,1086918,0,0,11,11,87765942272,87765942272
3,P,2m,20260919,212,2,measure,38,chase_sequential,16384,262144,130,6992190855385924158,708084,0,0,11,11,268304384,268304384
3,P,2m,20260919,213,2,measure,39,chase_random_double,33554432,524288,2763350,18330262942606178664,196458800,0,0,11,11,1099083277826,1099083277826
3,P,2m,20260919,214,2,measure,40,page_fault_touch,268435456,65536,1661463,17634088630827036789,34442915,966740,128,11,11,131072,131072
3,P,2m,20260919,215,2,measure,41,independent_random,33554432,1048576,74945,4065678398136736301,14842918,0,0,11,11,2196865381250,2196865381250
3,P,2m,20260919,216,2,measure,42,chase_random,8192,262144,806,6335011878375034275,1060840,0,0,11,11,134086656,134086656
3,P,2m,20260919,217,2,measure,43,independent_random,65536,1048576,3709,17314985380073305973,2173054,0,0,11,11,4298880102,4298880102
3,P,2m,20260919,218,2,measure,44,chase_random_double,524288,524288,37785,7731833281694421289,7322077,0,0,11,11,17179607040,17179607040
3,P,2m,20260919,219,2,measure,45,independent_random_bis,524288,1048576,35007,395845299538776992,1401338,0,0,11,11,34366072739,34366072739
3,P,2m,20260919,220,2,measure,46,independent_random_bis,2097152,1048576,240126,14908530704415564112,2369873,0,0,11,11,137415086180,137415086180
3,P,2m,20260919,221,2,measure,47,chase_random,524288,262144,19246,3038686025216508817,3521154,0,0,11,11,8589803520,8589803520
3,P,2m,20260919,222,2,measure,48,chase_random,268435456,262144,19191387,5479922859783361403,93199462,0,0,11,11,4390706830663,4390706830663
3,P,2m,20260919,223,2,measure,49,chase_sequential,134217728,262144,10405116,6065790534315435994,1852061,0,0,11,11,2761998336000,2761998336000
3,P,2m,20260919,224,2,measure,50,chase_random,32768,262144,2494,7634195634747601507,926464,0,0,11,11,536739840,536739840
3,P,2m,20260919,225,2,measure,51,independent_random,262144,1048576,28623,15270866823821045257,1598544,0,0,11,11,17188161174,17188161174
3,P,2m,20260919,226,2,measure,52,independent_random,524288,1048576,57476,14718224855573258128,1543876,0,0,11,11,34357531851,34357531851
3,P,2m,20260919,227,2,measure,53,chase_sequential,2097152,262144,125240,3815268598814908877,941638,0,0,11,11,34359607296,34359607296
3,P,2m,20260919,228,2,measure,54,independent_random_bis,16384,1048576,2018,14683055770668500747,1371412,0,0,11,11,1072495839,1072495839
3,P,2m,20260919,229,2,measure,55,chase_random,65536,262144,1250,516848249594332095,1197881,0,0,11,11,1073610752,1073610752
3,P,2m,20260919,230,2,measure,56,chase_random,4096,262144,20,3442411867270181202,678250,0,0,11,11,66977792,66977792
3,P,2m,20260919,231,2,measure,57,chase_sequential,32768,262144,2578,17579740194601122968,661261,0,0,11,11,536739840,536739840
3,P,2m,20260919,232,2,measure,58,page_fault_touch,16777216,4096,1034415,12201855001166700027,2689879,62084,8,11,11,8192,8192
3,P,2m,20260919,233,2,measure,59,independent_random,32768,1048576,1096,7982057826297945341,1464733,0,0,11,11,2147357560,2147357560
3,P,2m,20260919,234,2,measure,60,independent_random_bis,16777216,1048576,1191964,15543286260031613487,14543595,0,0,11,11,1099460090959,1099460090959
3,P,2m,20260919,235,2,measure,61,independent_random,268435456,1048576,5430465,12620274489195313768,18138932,0,0,11,11,17595006052479,17595006052479
3,P,2m,20260919,236,2,measure,62,independent_random_bis,4194304,1048576,370694,3125413504321778824,9575376,0,0,11,11,274934105149,274934105149
3,P,2m,20260919,237,2,measure,63,chase_sequential,8388608,262144,294471,18384436675025052983,1434328,0,0,11,11,111553413120,111553413120
3,P,2m,20260919,238,2,measure,64,chase_sequential,268435456,262144,10565173,12241984343604759750,1081055,0,0,11,11,2803956318208,2803956318208
3,P,2m,20260919,239,2,measure,65,independent_random,16777216,1048576,1956552,10156930136017466287,14709513,0,0,11,11,1100730616482,1100730616482
3,P,2m,20260919,240,2,measure,66,independent_random_bis,1048576,1048576,98479,13914062912419732393,2899310,0,0,11,11,68759364806,68759364806
3,P,2m,20260919,241,2,measure,67,chase_random,2097152,262144,99063,13400315298573345558,12107424,0,0,11,11,34359607296,34359607296
3,P,2m,20260919,242,2,measure,68,chase_sequential,8192,262144,883,12057532503623772158,984753,0,0,11,11,134086656,134086656
3,P,2m,20260919,243,2,measure,69,independent_random_bis,67108864,1048576,122791,8533116209157406152,16677552,0,0,11,11,4401846083663,4401846083663
3,P,2m,20260919,244,2,measure,70,chase_random,134217728,262144,4112745,4831176450807572405,104042584,0,0,11,11,2203087465348,2203087465348
3,P,2m,20260919,245,2,measure,71,independent_random,1048576,1048576,38858,824659760482060178,3279941,0,0,11,11,68809183854,68809183854
3,P,2m,20260919,246,2,measure,72,independent_random_bis,131072,1048576,8797,13900941739941179859,1543473,0,0,11,11,8586444517,8586444517
3,P,2m,20260919,247,2,measure,73,chase_sequential,16777216,262144,1689344,13105733194291020880,977462,0,0,11,11,477211000832,477211000832
3,P,2m,20260919,248,2,measure,74,independent_random,67108864,1048576,1924064,2966758208275299890,19359855,0,0,11,11,4395029467124,4395029467124
3,P,2m,20260919,249,2,measure,75,chase_random,1048576,262144,118121,2709192790733179336,6342602,0,0,11,11,17179738112,17179738112
3,P,2m,20260919,250,2,measure,76,chase_sequential,65536,262144,7461,2855863634672785864,674746,0,0,11,11,1073610752,1073610752
3,P,2m,20260919,251,2,measure,77,chase_random_double,2097152,524288,59785,667037259294640099,14605559,0,0,11,11,68719214592,68719214592
3,P,2m,20260919,252,2,measure,78,chase_random_double,16384,524288,76,14541884990166345856,1565320,0,0,11,11,536608768,536608768
3,P,2m,20260919,253,2,measure,79,chase_random,16384,262144,1085,11449560358912132621,688929,0,0,11,11,268304384,268304384
3,P,2m,20260919,254,2,measure,80,chase_sequential,262144,262144,21252,1370958994484685161,671900,0,0,11,11,4294836224,4294836224
3,P,2m,20260919,255,2,measure,81,independent_random,8192,1048576,488,15553202947957539334,1368095,0,0,11,11,536319661,536319661
3,P,2m,20260919,256,2,measure,82,chase_random,33554432,262144,3369675,10058658697623821128,95241662,0,0,11,11,548925366999,548925366999
3,P,2m,20260919,257,2,measure,83,chase_random_double,268435456,524288,14885633,11659999764954039971,221486899,0,0,11,11,8797884843519,8797884843519
3,P,2m,20260919,258,2,measure,84,chase_random_double,8388608,524288,466319,14168294789912574407,155067156,0,0,11,11,275111179044,275111179044
3,P,2m,20260919,259,2,measure,85,chase_sequential,1048576,262144,1427,16633422182983233809,1823222,0,0,11,11,17179738112,17179738112
3,P,2m,20260919,260,2,measure,86,chase_sequential,524288,262144,58550,14597716239954639078,946419,0,0,11,11,8589803520,8589803520
3,P,2m,20260919,261,3,measure,0,chase_sequential,33554432,262144,3815422,2340203605044466076,1018751,0,0,11,11,1034549592064,1034549592064
3,P,2m,20260919,262,3,measure,1,chase_random,16384,262144,745,12452367071372096499,671956,0,0,11,11,268304384,268304384
3,P,2m,20260919,263,3,measure,2,page_fault_touch,268435456,65536,18597967,10623937437732875930,33495577,1359141,128,11,11,131072,131072
3,P,2m,20260919,264,3,measure,3,chase_sequential,131072,262144,5890,13282224829448395787,784478,0,0,11,11,2147352576,2147352576
3,P,2m,20260919,265,3,measure,4,independent_random,67108864,1048576,4384708,12185388235380391977,14579873,0,0,11,11,4400985222624,4400985222624
3,P,2m,20260919,266,3,measure,5,chase_random,131072,262144,15183,3027370596625675798,2370868,0,0,11,11,2147352576,2147352576
3,P,2m,20260919,267,3,measure,6,independent_random_bis,134217728,1048576,14025336,12172643698605787916,15617504,0,0,11,11,8795076792749,8795076792749
3,P,2m,20260919,268,3,measure,7,chase_random_double,65536,524288,5420,9703514690214709796,3235369,0,0,11,11,2147221504,2147221504
3,P,2m,20260919,269,3,measure,8,chase_sequential,268435456,262144,14260267,3971216632425569383,1041048,0,0,11,11,3772603039744,3772603039744
3,P,2m,20260919,270,3,measure,9,chase_sequential,8192,262144,442,11853369438142010548,662065,0,0,11,11,134086656,134086656
3,P,2m,20260919,271,3,measure,10,chase_random_double,16384,524288,1379,7422113038412295955,1337382,0,0,11,11,536608768,536608768
3,P,2m,20260919,272,3,measure,11,independent_random_bis,524288,1048576,45374,4200648491490022774,1773811,0,0,11,11,34350262650,34350262650
3,P,2m,20260919,273,3,measure,12,independent_random,131072,1048576,2883,12319157084078581459,1458661,0,0,11,11,8595625333,8595625333
3,P,2m,20260919,274,3,measure,13,independent_random_bis,4194304,1048576,457778,10074562731615151148,6523083,0,0,11,11,275155905236,275155905236
3,P,2m,20260919,275,3,measure,14,chase_random,67108864,262144,2139861,14488764445764772119,84747608,0,0,11,11,1101062236221,1101062236221
3,P,2m,20260919,276,3,measure,15,independent_random_bis,131072,1048576,4884,3220612473476062172,2848931,0,0,11,11,8587575637,8587575637
3,P,2m,20260919,277,3,measure,16,independent_random_bis,16384,1048576,378,416236879099222020,1557627,0,0,11,11,1073294184,1073294184
3,P,2m,20260919,278,3,measure,17,independent_random,16777216,1048576,1780966,14403675438807102014,17385521,0,0,11,11,1099245600621,1099245600621
3,P,2m,20260919,279,3,measure,18,independent_random,8192,1048576,180,18401860316416590080,2536479,0,0,11,11,536398851,536398851
3,P,2m,20260919,280,3,measure,19,independent_random,4194304,1048576,1888,10832268170204063007,9828077,0,0,11,11,274513742097,274513742097
3,P,2m,20260919,281,3,measure,20,independent_random,268435456,1048576,15956707,12797971478488538809,20388571,0,0,11,11,17599651531420,17599651531420
3,P,2m,20260919,282,3,measure,21,chase_random_double,33554432,524288,2932812,15977358868280776729,198392266,0,0,11,11,1100669495532,1100669495532
3,P,2m,20260919,283,3,measure,22,chase_sequential,67108864,262144,5527451,12593746347498251929,1829399,0,0,11,11,1483347722240,1483347722240
3,P,2m,20260919,284,3,measure,23,page_fault_touch,16777216,4096,262959,4403695668432546973,2856996,62807,8,11,11,8192,8192
3,P,2m,20260919,285,3,measure,24,chase_random_double,4096,524288,458,4803696826495912677,1438485,0,0,11,11,133955584,133955584
3,P,2m,20260919,286,3,measure,25,independent_random,524288,1048576,26134,12499946253989443672,1790869,0,0,11,11,34368864712,34368864712
3,P,2m,20260919,287,3,measure,26,chase_sequential,16777216,262144,1928742,18375676834297358643,911500,0,0,11,11,343393304576,343393304576
3,P,2m,20260919,288,3,measure,27,independent_random_bis,8388608,1048576,682270,7752938592658734765,17554093,0,0,11,11,550427619913,550427619913
3,P,2m,20260919,289,3,measure,28,chase_random,33554432,262144,4119491,16246434584117081111,101422229,0,0,11,11,549841865740,549841865740
3,P,2m,20260919,290,3,measure,29,chase_sequential,65536,262144,3757,4415258715071564187,1932787,0,0,11,11,1073610752,1073610752
3,P,2m,20260919,291,3,measure,30,independent_random,65536,1048576,333,2844198621855911477,1718344,0,0,11,11,4295030176,4295030176
3,P,2m,20260919,292,3,measure,31,chase_random_double,262144,524288,5749,10056703208413390432,4630250,0,0,11,11,8589672448,8589672448
3,P,2m,20260919,293,3,measure,32,chase_random,16777216,262144,428800,3121603637263108944,93420426,0,0,11,11,274917770471,274917770471
3,P,2m,20260919,294,3,measure,33,chase_random,1048576,262144,99428,2796527897283920510,6664069,0,0,11,11,17179738112,17179738112
3,P,2m,20260919,295,3,measure,34,independent_random,16384,1048576,953,7147049288018287704,1398417,0,0,11,11,1071790961,1071790961
3,P,2m,20260919,296,3,measure,35,chase_random,8388608,262144,1016295,9734952781638385051,70782098,0,0,11,11,137379461457,137379461457
3,P,2m,20260919,297,3,measure,36,chase_sequential,8388608,262144,448965,4067641090143651783,1814852,0,0,11,11,152053088256,152053088256
3,P,2m,20260919,298,3,measure,37,chase_random_double,4194304,524288,343300,8615652157604087663,94438574,0,0,11,11,137438691328,137438691328
3,P,2m,20260919,299,3,measure,38,chase_random_double,32768,524288,828,921693481987333392,2637771,0,0,11,11,1073479680,1073479680
3,P,2m,20260919,300,3,measure,39,independent_random_bis,268435456,1048576,13931568,7520746415775332942,22221965,0,0,11,11,17592664174146,17592664174146
3,P,2m,20260919,301,3,measure,40,independent_random,1048576,1048576,114443,8710960197286896855,3129261,0,0,11,11,68739120190,68739120190
3,P,2m,20260919,302,3,measure,41,chase_random,4096,262144,57,8674639791665490738,736630,0,0,11,11,66977792,66977792
3,P,2m,20260919,303,3,measure,42,chase_random_double,134217728,524288,5537630,17782196791379039114,207010426,0,0,11,11,4393334855871,4393334855871
3,P,2m,20260919,304,3,measure,43,independent_random,8388608,1048576,729244,14838861680742521780,17491436,0,0,11,11,549979576225,549979576225
3,P,2m,20260919,305,3,measure,44,chase_random_double,16777216,524288,1555671,9560972182978473806,168889254,0,0,11,11,549904453369,549904453369
3,P,2m,20260919,306,3,measure,45,independent_random_bis,4096,1048576,317,13128352288183331034,2668592,0,0,11,11,267993728,267993728
3,P,2m,20260919,307,3,measure,46,independent_random_bis,16777216,1048576,375212,4713961201556377413,16995562,0,0,11,11,1099494526309,1099494526309
3,P,2m,20260919,308,3,measure,47,chase_random_double,67108864,524288,2767769,12281508106678050437,205160095,0,0,11,11,2200669519709,2200669519709
3,P,2m,20260919,309,3,measure,48,chase_random,2097152,262144,171805,5841458309096454403,14013723,0,0,11,11,34359607296,34359607296
3,P,2m,20260919,310,3,measure,49,independent_random,262144,1048576,4732,12517896440207698266,1978610,0,0,11,11,17175052390,17175052390
3,P,2m,20260919,311,3,measure,50,independent_random_bis,8192,1048576,441,14125182781972804120,1417144,0,0,11,11,536582915,536582915
3,P,2m,20260919,312,3,measure,51,chase_sequential,524288,262144,12019,11588614973152080696,737121,0,0,11,11,8589803520,8589803520
3,P,2m,20260919,313,3,measure,52,independent_random,32768,1048576,529,13037007126205995093,1507791,0,0,11,11,2146204523,2146204523
3,P,2m,20260919,314,3,measure,53,chase_sequential,134217728,262144,7025865,829822170434838892,1010497,0,0,11,11,1876147961856,1876147961856
3,P,2m,20260919,315,3,measure,54,independent_random,134217728,1048576,16020610,493802979275512995,19851535,0,0,11,11,8798952271715,8798952271715
3,P,2m,20260919,316,3,measure,55,chase_random_double,268435456,524288,2750956,6923071865028917801,215196017,0,0,11,11,8792718783457,8792718783457
3,P,2m,20260919,317,3,measure,56,chase_random,32768,262144,3727,17858759130750361009,1811010,0,0,11,11,536739840,536739840
3,P,2m,20260919,318,3,measure,57,independent_random_bis,262144,1048576,11762,15883789693198353902,1788936,0,0,11,11,17185424686,17185424686
3,P,2m,20260919,319,3,measure,58,chase_random,268435456,262144,32851701,13796338951938153364,107158929,0,0,11,11,4407121811009,4407121811009
3,P,2m,20260919,320,3,measure,59,chase_sequential,16384,262144,1113,12115652341718326978,1855685,0,0,11,11,268304384,268304384
3,P,2m,20260919,321,3,measure,60,chase_random,4194304,262144,251324,3096276505687568309,54444749,0,0,11,11,68592073592,68592073592
3,P,2m,20260919,322,3,measure,61,chase_sequential,262144,262144,5000,9378423898616949933,1589133,0,0,11,11,4294836224,4294836224
3,P,2m,20260919,323,3,measure,62,chase_sequential,32768,262144,2818,14638407275261470924,881547,0,0,11,11,536739840,536739840
3,P,2m,20260919,324,3,measure,63,independent_random_bis,2097152,1048576,199670,18276274534903777450,2889914,0,0,11,11,137471995829,137471995829
3,P,2m,20260919,325,3,measure,64,independent_random,2097152,1048576,123848,5634703431420810549,1659367,0,0,11,11,137416693754,137416693754
3,P,2m,20260919,326,3,measure,65,independent_random,33554432,1048576,3681790,5790427103043194773,17997159,0,0,11,11,2198788001627,2198788001627
3,P,2m,20260919,327,3,measure,66,chase_random_double,524288,524288,8061,6449304830952797056,6431879,0,0,11,11,17179607040,17179607040
3,P,2m,20260919,328,3,measure,67,independent_random_bis,67108864,1048576,7153518,10296541116394016114,18850083,0,0,11,11,4395643655830,4395643655830
3,P,2m,20260919,329,3,measure,68,independent_random_bis,1048576,1048576,100180,6818748826026845843,3235326,0,0,11,11,68682196452,68682196452
3,P,2m,20260919,330,3,measure,69,independent_random_bis,32768,1048576,2248,16550720760985475753,1616395,0,0,11,11,2147755101,2147755101
3,P,2m,20260919,331,3,measure,70,chase_sequential,2097152,262144,123831,8224310974123567641,788182,0,0,11,11,34359607296,34359607296
3,P,2m,20260919,332,3,measure,71,independent_random,4096,1048576,424,5912339035493149356,1367585,0,0,11,11,267717874,267717874
3,P,2m,20260919,333,3,measure,72,chase_sequential,1048576,262144,88600,5761255133985135614,804332,0,0,11,11,17179738112,17179738112
3,P,2m,20260919,334,3,measure,73,chase_random_double,8192,524288,13,14265167903552195399,1321572,0,0,11,11,268173312,268173312
3,P,2m,20260919,335,3,measure,74,chase_random,8192,262144,212,18337484743112011127,659312,0,0,11,11,134086656,134086656
3,P,2m,20260919,336,3,measure,75,chase_random_double,8388608,524288,192879,18167289381901405161,149646939,0,0,11,11,274925858670,274925858670
3,P,2m,20260919,337,3,measure,76,chase_random,524288,262144,23348,14776832640586200130,4692042,0,0,11,11,8589803520,8589803520
3,P,2m,20260919,338,3,measure,77,chase_random,134217728,262144,2407792,11411128080044694395,107661997,0,0,11,11,2195108541500,2195108541500
3,P,2m,20260919,339,3,measure,78,chase_sequential,4194304,262144,88353,18392658547575894758,1868655,0,0,11,11,57520816128,57520816128
3,P,2m,20260919,340,3,measure,79,independent_random_bis,65536,1048576,5940,4197948527530447888,2208248,0,0,11,11,4289033258,4289033258
3,P,2m,20260919,341,3,measure,80,chase_random_double,131072,524288,11127,2779480719052799748,3744187,0,0,11,11,4294705152,4294705152
3,P,2m,20260919,342,3,measure,81,chase_random,262144,262144,11456,11740711366623803335,2607466,0,0,11,11,4294836224,4294836224
3,P,2m,20260919,343,3,measure,82,chase_random_double,1048576,524288,43004,14762013305915917635,7546792,0,0,11,11,34359476224,34359476224
3,P,2m,20260919,344,3,measure,83,independent_random_bis,33554432,1048576,503499,16493041996272180066,17975266,0,0,11,11,2198490448853,2198490448853
3,P,2m,20260919,345,3,measure,84,chase_sequential,4096,262144,244,16677300465112777709,1658744,0,0,11,11,66977792,66977792
3,P,2m,20260919,346,3,measure,85,chase_random_double,2097152,524288,157655,7114644443244641760,18632084,0,0,11,11,68719214592,68719214592
3,P,2m,20260919,347,3,measure,86,chase_random,65536,262144,7327,7799025999913541043,1890164,0,0,11,11,1073610752,1073610752
3,P,2m,20260919,348,4,measure,0,independent_random,8192,1048576,101,8003393484450290001,1624608,0,0,11,11,536567669,536567669
3,P,2m,20260919,349,4,measure,1,independent_random,2097152,1048576,199101,8749074438926705137,3266217,0,0,11,11,137461632158,137461632158
3,P,2m,20260919,350,4,measure,2,independent_random,262144,1048576,337,13167304596836292063,1992808,0,0,11,11,17181663781,17181663781
3,P,2m,20260919,351,4,measure,3,chase_random_double,33554432,524288,3446828,15134514111269965529,134911246,0,0,11,11,1099389982577,1099389982577
3,P,2m,20260919,352,4,measure,4,independent_random_bis,524288,1048576,24795,8190719373638459243,2927662,0,0,11,11,34362738739,34362738739
3,P,2m,20260919,353,4,measure,5,chase_random_double,131072,524288,6001,8747286988876956900,3818819,0,0,11,11,4294705152,4294705152
3,P,2m,20260919,354,4,measure,6,independent_random_bis,4096,1048576,72,4012696122659439299,1383410,0,0,11,11,268117822,268117822
3,P,2m,20260919,355,4,measure,7,chase_sequential,262144,262144,27486,13515391228518748192,687658,0,0,11,11,4294836224,4294836224
3,P,2m,20260919,356,4,measure,8,chase_random_double,268435456,524288,29287677,3212773468913993316,214846808,0,0,11,11,8804040198463,8804040198463
3,P,2m,20260919,357,4,measure,9,chase_sequential,67108864,262144,6343424,294431935132939006,1906484,0,0,11,11,1697250148352,1697250148352
3,P,2m,20260919,358,4,measure,10,chase_random_double,4096,524288,3,13483109457570626002,1494805,0,0,11,11,133955584,133955584
3,P,2m,20260919,359,4,measure,11,independent_random,4194304,1048576,511738,12213255038757334027,12749317,0,0,11,11,274819379376,274819379376
3,P,2m,20260919,360,4,measure,12,chase_random_double,134217728,524288,12768560,10511577704272658377,203258417,0,0,11,11,4400638870106,4400638870106
3,P,2m,20260919,361,4,measure,13,chase_sequential,8388608,262144,427913,16541744376930427402,1435813,0,0,11,11,146534432768,146534432768
3,P,2m,20260919,362,4,measure,14,independent_random_bis,32768,1048576,618,6691439754276165653,1754209,0,0,11,11,2147036124,2147036124
3,P,2m,20260919,363,4,measure,15,chase_random_double,1048576,524288,121477,531041238276389141,9426620,0,0,11,11,34359476224,34359476224
3,P,2m,20260919,364,4,measure,16,independent_random,16384,1048576,1681,2919425700604355983,1362026,0,0,11,11,1072561892,1072561892
3,P,2m,20260919,365,4,measure,17,chase_random,8388608,262144,461455,5520498574817662623,74553054,0,0,11,11,137703229009,137703229009
3,P,2m,20260919,366,4,measure,18,independent_random,134217728,1048576,1328081,11615803942868249788,22260707,0,0,11,11,8796834048446,8796834048446
3,P,2m,20260919,367,4,measure,19,independent_random_bis,8388608,1048576,845088,13283648406404794904,16507274,0,0,11,11,550061158148,550061158148
3,P,2m,20260919,368,4,measure,20,chase_random,2097152,262144,195818,12835238204885415190,13629799,0,0,11,11,34359607296,34359607296
3,P,2m,20260919,369,4,measure,21,chase_sequential,32768,262144,241,6325968904801349525,1252981,0,0,11,11,536739840,536739840
3,P,2m,20260919,370,4,measure,22,chase_random_double,67108864,524288,6832374,17284878286701790629,201025968,0,0,11,11,2200215383751,2200215383751
3,P,2m,20260919,371,4,measure,23,independent_random_bis,8192,1048576,27,2226400713793753196,2373379,0,0,11,11,536352761,536352761
3,P,2m,20260919,372,4,measure,24,chase_sequential,8192,262144,822,4972226048115479892,789818,0,0,11,11,134086656,134086656
3,P,2m,20260919,373,4,measure,25,independent_random_bis,33554432,1048576,53217,1390521939454329240,15022057,0,0,11,11,2201747433970,2201747433970
3,P,2m,20260919,374,4,measure,26,independent_random_bis,131072,1048576,2504,17130238226631178202,2197654,0,0,11,11,8585849731,8585849731
3,P,2m,20260919,375,4,measure,27,chase_random_double,65536,524288,3650,17584068471456131728,3156135,0,0,11,11,2147221504,2147221504
3,P,2m,20260919,376,4,measure,28,chase_random,524288,262144,23618,7224834172133147026,5135285,0,0,11,11,8589803520,8589803520
3,P,2m,20260919,377,4,measure,29,chase_sequential,1048576,262144,18063,12993695893537803085,873817,0,0,11,11,17179738112,17179738112
3,P,2m,20260919,378,4,measure,30,independent_random,67108864,1048576,3497631,12307798138464120559,17098413,0,0,11,11,4397758922740,4397758922740
3,P,2m,20260919,379,4,measure,31,independent_random_bis,4194304,1048576,314628,557336249222398151,9720847,0,0,11,11,274989813249,274989813249
3,P,2m,20260919,380,4,measure,32,independent_random,4096,1048576,355,8572400296165853037,2165844,0,0,11,11,267750570,267750570
3,P,2m,20260919,381,4,measure,33,chase_sequential,65536,262144,1406,7670654244610859997,723438,0,0,11,11,1073610752,1073610752
3,P,2m,20260919,382,4,measure,34,independent_random_bis,2097152,1048576,178680,8361096756820904764,2572835,0,0,11,11,137478644039,137478644039
3,P,2m,20260919,383,4,measure,35,chase_sequential,4194304,262144,245448,5519151572567771859,981192,0,0,11,11,98702327808,98702327808
3,P,2m,20260919,384,4,measure,36,independent_random,524288,1048576,23708,10065535274989327732,1758195,0,0,11,11,34380836697,34380836697
3,P,2m,20260919,385,4,measure,37,chase_random,131072,262144,2030,12127079447101909314,2014800,0,0,11,11,2147352576,2147352576
3,P,2m,20260919,386,4,measure,38,page_fault_touch,268435456,65536,32484813,10090126820126855287,33072117,1294553,128,11,11,131072,131072
3,P,2m,20260919,387,4,measure,39,independent_random,16777216,1048576,248649,5397545441414584573,11102142,0,0,11,11,1099034449589,1099034449589
3,P,2m,20260919,388,4,measure,40,independent_random_bis,65536,1048576,1293,152194621212952063,1416664,0,0,11,11,4295561940,4295561940
3,P,2m,20260919,389,4,measure,41,independent_random,268435456,1048576,17540169,8772476294077549229,14928961,0,0,11,11,17592104520688,17592104520688
3,P,2m,20260919,390,4,measure,42,chase_random_double,8192,524288,717,17256329277359977311,1571462,0,0,11,11,268173312,268173312
3,P,2m,20260919,391,4,measure,43,chase_random_double,262144,524288,19534,9274010720967406648,4467802,0,0,11,11,8589672448,8589672448
3,P,2m,20260919,392,4,measure,44,chase_sequential,131072,262144,1271,17305381059303875328,660903,0,0,11,11,2147352576,2147352576
3,P,2m,20260919,393,4,measure,45,chase_random_double,524288,524288,34059,16103469132657993505,4791678,0,0,11,11,17179607040,17179607040
3,P,2m,20260919,394,4,measure,46,independent_random,131072,1048576,2472,8852762101697621192,1362077,0,0,11,11,8591746349,8591746349
3,P,2m,20260919,395,4,measure,47,independent_random,65536,1048576,2191,2194421218518760637,1300124,0,0,11,11,4293136612,4293136612
3,P,2m,20260919,396,4,measure,48,chase_random,16384,262144,1566,16696905790530464127,622155,0,0,11,11,268304384,268304384
3,P,2m,20260919,397,4,measure,49,independent_random_bis,268435456,1048576,28546871,12771884870289274467,14546609,0,0,11,11,17585825893287,17585825893287
3,P,2m,20260919,398,4,measure,50,independent_random,8388608,1048576,171997,17285060719944357305,11506417,0,0,11,11,549627061405,549627061405
3,P,2m,20260919,399,4,measure,51,chase_sequential,33554432,262144,2577089,5567674007623895798,1024914,0,0,11,11,709928026112,709928026112
3,P,2m,20260919,400,4,measure,52,chase_random,16777216,262144,1506610,10758463658310048197,64275019,0,0,11,11,274816359856,274816359856
3,P,2m,20260919,401,4,measure,53,chase_random_double,32768,524288,1920,4798341396037494200,2488041,0,0,11,11,1073479680,1073479680
3,P,2m,20260919,402,4,measure,54,chase_random,268435456,262144,21475867,949198804217433163,105075595,0,0,11,11,4395032238793,4395032238793
3,P,2m,20260919,403,4,measure,55,chase_random,65536,262144,1303,9828322273092577843,2494547,0,0,11,11,1073610752,1073610752
3,P,2m,20260919,404,4,measure,56,independent_random_bis,16777216,1048576,1231216,5869571858049191774,18599336,0,0,11,11,1099897150658,1099897150658
3,P,2m,20260919,405,4,measure,57,chase_random,134217728,262144,9935865,5773915499006082491,101593646,0,0,11,11,2197643578137,2197643578137
3,P,2m,20260919,406,4,measure,58,chase_sequential,16384,262144,73,14810840178033133858,1017352,0,0,11,11,268304384,268304384
3,P,2m,20260919,407,4,measure,59,independent_random_bis,1048576,1048576,53956,16556277770284293236,2476891,0,0,11,11,68670697648,68670697648
3,P,2m,20260919,408,4,measure,60,page_fault_touch,16777216,4096,209188,2440186135674237061,2827566,156255,8,11,11,8192,8192
3,P,2m,20260919,409,4,measure,61,chase_random,33554432,262144,38753,408988874458484620,74004814,0,0,11,11,549072107425,549072107425
3,P,2m,20260919,410,4,measure,62,chase_random_double,2097152,524288,144662,10431498892160468285,19119314,0,0,11,11,68719214592,68719214592
3,P,2m,20260919,411,4,measure,63,chase_random_double,8388608,524288,580918,8206429556764626251,149927051,0,0,11,11,274762297085,274762297085
3,P,2m,20260919,412,4,measure,64,chase_sequential,268435456,262144,18365904,9166774646478536859,1757595,0,0,11,11,4848871145472,4848871145472
3,P,2m,20260919,413,4,measure,65,independent_random,33554432,1048576,3748339,14107660370325147756,18774318,0,0,11,11,2197081639314,2197081639314
3,P,2m,20260919,414,4,measure,66,chase_random,4194304,262144,21044,13733196214595245,53874474,0,0,11,11,68727652549,68727652549
3,P,2m,20260919,415,4,measure,67,chase_random,67108864,262144,2895054,2645017119879825362,101516417,0,0,11,11,1101505961682,1101505961682
3,P,2m,20260919,416,4,measure,68,independent_random_bis,16384,1048576,291,15995089224326075884,2938585,0,0,11,11,1073407909,1073407909
3,P,2m,20260919,417,4,measure,69,chase_random,4096,262144,307,16349164298690969033,739772,0,0,11,11,66977792,66977792
3,P,2m,20260919,418,4,measure,70,chase_random,8192,262144,763,8238835191352587929,669719,0,0,11,11,134086656,134086656
3,P,2m,20260919,419,4,measure,71,chase_sequential,16777216,262144,771493,6729659405862578368,1000870,0,0,11,11,236601868288,236601868288
3,P,2m,20260919,420,4,measure,72,independent_random_bis,134217728,1048576,12974144,5905337440159774359,20616440,0,0,11,11,8794286160818,8794286160818
3,P,2m,20260919,421,4,measure,73,independent_random_bis,67108864,1048576,2945216,9134630429765688884,21391439,0,0,11,11,4397894162903,4397894162903
3,P,2m,20260919,422,4,measure,74,chase_random_double,4194304,524288,330272,11874088504639297609,98932378,0,0,11,11,137438691328,137438691328
3,P,2m,20260919,423,4,measure,75,chase_sequential,4096,262144,409,9126291959436164221,1615016,0,0,11,11,66977792,66977792
3,P,2m,20260919,424,4,measure,76,independent_random,32768,1048576,199,5721056226473155882,1659863,0,0,11,11,2145990074,2145990074
3,P,2m,20260919,425,4,measure,77,chase_random_double,16384,524288,937,18142818874766681907,1348209,0,0,11,11,536608768,536608768
3,P,2m,20260919,426,4,measure,78,chase_random,32768,262144,3570,3899847168659165263,950650,0,0,11,11,536739840,536739840
3,P,2m,20260919,427,4,measure,79,chase_random,1048576,262144,75627,2487777456524345272,6267221,0,0,11,11,17179738112,17179738112
3,P,2m,20260919,428,4,measure,80,chase_sequential,134217728,262144,6623012,8171948441293061935,969247,0,0,11,11,1770542465024,1770542465024
3,P,2m,20260919,429,4,measure,81,chase_sequential,524288,262144,1711,10590737100754801206,745062,0,0,11,11,8589803520,8589803520
3,P,2m,20260919,430,4,measure,82,chase_random_double,16777216,524288,1957723,15227134733185119670,183699276,0,0,11,11,550006506244,550006506244
3,P,2m,20260919,431,4,measure,83,independent_random,1048576,1048576,78466,14386466812124029076,3305150,0,0,11,11,68780601572,68780601572
3,P,2m,20260919,432,4,measure,84,chase_sequential,2097152,262144,255463,12590344888085913999,1010833,0,0,11,11,34359607296,34359607296
3,P,2m,20260919,433,4,measure,85,independent_random_bis,262144,1048576,15483,14475778238233594411,1478157,0,0,11,11,17180050296,17180050296
3,P,2m,20260919,434,4,measure,86,chase_random,262144,262144,18855,4751775089020606505,1881027,0,0,11,11,4294836224,4294836224
3,P,2m,20260919,435,5,measure,0,chase_random_double,1048576,524288,39465,9455528244972886680,7830932,0,0,11,11,34359476224,34359476224
3,P,2m,20260919,436,5,measure,1,independent_random_bis,268435456,1048576,1776916,4080543296413652732,22541136,0,0,11,11,17595761806875,17595761806875
3,P,2m,20260919,437,5,measure,2,independent_random_bis,16384,1048576,698,6329359285656186340,2735898,0,0,11,11,1072785919,1072785919
3,P,2m,20260919,438,5,measure,3,independent_random,268435456,1048576,15163653,1681634750137815219,21468131,0,0,11,11,17601831506878,17601831506878
3,P,2m,20260919,439,5,measure,4,independent_random,16777216,1048576,2017150,13367950062084385788,19108759,0,0,11,11,1099169918426,1099169918426
3,P,2m,20260919,440,5,measure,5,page_fault_touch,268435456,65536,17409926,5929032858737580452,33580060,1519175,128,11,11,131072,131072
3,P,2m,20260919,441,5,measure,6,independent_random_bis,8388608,1048576,722502,467662992013275127,10022970,0,0,11,11,549490976263,549490976263
3,P,2m,20260919,442,5,measure,7,independent_random,16384,1048576,1079,1822256839858832192,1518884,0,0,11,11,1073975190,1073975190
3,P,2m,20260919,443,5,measure,8,chase_random_double,8192,524288,851,9520312930509965225,1422249,0,0,11,11,268173312,268173312
3,P,2m,20260919,444,5,measure,9,independent_random_bis,8192,1048576,826,1054259829886367138,1400877,0,0,11,11,536446743,536446743
3,P,2m,20260919,445,5,measure,10,independent_random,67108864,1048576,2147227,8724911520823757278,14346688,0,0,11,11,4400298637215,4400298637215
3,P,2m,20260919,446,5,measure,11,chase_random_double,16384,524288,1233,14526439362419119776,1632765,0,0,11,11,536608768,536608768
3,P,2m,20260919,447,5,measure,12,chase_random_double,2097152,524288,100390,9858253865196766370,12944361,0,0,11,11,68719214592,68719214592
3,P,2m,20260919,448,5,measure,13,chase_random,4096,262144,291,4044356519876009739,789496,0,0,11,11,66977792,66977792
3,P,2m,20260919,449,5,measure,14,independent_random_bis,1048576,1048576,46667,14184430742437944576,1932757,0,0,11,11,68699490589,68699490589
3,P,2m,20260919,450,5,measure,15,chase_random_double,32768,524288,1609,10873541137649203366,1526670,0,0,11,11,1073479680,1073479680
3,P,2m,20260919,451,5,measure,16,chase_random_double,8388608,524288,940939,8778365068579803449,40431972,0,0,11,11,274720252544,274720252544
3,P,2m,20260919,452,5,measure,17,chase_sequential,16777216,262144,243808,1116749875969089123,1095199,0,0,11,11,98272411648,98272411648
3,P,2m,20260919,453,5,measure,18,independent_random_bis,262144,1048576,8773,3568449273487142199,1761733,0,0,11,11,17189251990,17189251990
3,P,2m,20260919,454,5,measure,19,chase_random_double,4194304,524288,476590,3298863666429775654,69039238,0,0,11,11,137438691328,137438691328
3,P,2m,20260919,455,5,measure,20,independent_random_bis,2097152,1048576,149863,5932991118889354343,5504847,0,0,11,11,137354136924,137354136924
3,P,2m,20260919,456,5,measure,21,chase_sequential,2097152,262144,76153,11355405642613185571,1133640,0,0,11,11,34359607296,34359607296
3,P,2m,20260919,457,5,measure,22,independent_random,262144,1048576,11407,15547025479389121566,1899432,0,0,11,11,17166158226,17166158226
3,P,2m,20260919,458,5,measure,23,independent_random,4194304,1048576,282739,7426782813767740722,9097803,0,0,11,11,274471283906,274471283906
3,P,2m,20260919,459,5,measure,24,independent_random_bis,524288,1048576,9060,8420638739403034450,2659221,0,0,11,11,34344118186,34344118186
3,P,2m,20260919,460,5,measure,25,chase_random,1048576,262144,120781,18070471061719290360,5066902,0,0,11,11,17179738112,17179738112
3,P,2m,20260919,461,5,measure,26,independent_random_bis,134217728,1048576,2188070,4018976767212731159,16815494,0,0,11,11,8797590718648,8797590718648
3,P,2m,20260919,462,5,measure,27,independent_random,65536,1048576,2321,7266138427012597021,2473075,0,0,11,11,4293969670,4293969670
3,P,2m,20260919,463,5,measure,28,chase_random,16777216,262144,163367,9750746054964666244,88190375,0,0,11,11,274663531079,274663531079
3,P,2m,20260919,464,5,measure,29,chase_random_double,16777216,524288,887611,11260091304257117856,177744580,0,0,11,11,550106186880,550106186880
3,P,2m,20260919,465,5,measure,30,chase_random_double,65536,524288,4213,5443310006896379627,3580063,0,0,11,11,2147221504,2147221504
3,P,2m,20260919,466,5,measure,31,chase_random,32768,262144,3492,8865256843627890844,723934,0,0,11,11,536739840,536739840
3,P,2m,20260919,467,5,measure,32,chase_random,524288,262144,24726,12525362987636622380,5032868,0,0,11,11,8589803520,8589803520
3,P,2m,20260919,468,5,measure,33,chase_random_double,33554432,524288,2049446,16481538586625152952,196484454,0,0,11,11,1098683535783,1098683535783
3,P,2m,20260919,469,5,measure,34,chase_sequential,67108864,262144,1554192,17817892315628040693,1800934,0,0,11,11,441781714944,441781714944
3,P,2m,20260919,470,5,measure,35,chase_sequential,134217728,262144,12883327,17203850747337570233,1116590,0,0,11,11,3411646480384,3411646480384
3,P,2m,20260919,471,5,measure,36,chase_sequential,262144,262144,5520,3486281406764196433,764788,0,0,11,11,4294836224,4294836224
3,P,2m,20260919,472,5,measure,37,independent_random_bis,33554432,1048576,3200233,4677223114272021016,15369850,0,0,11,11,2198653320716,2198653320716
3,P,2m,20260919,473,5,measure,38,independent_random,8388608,1048576,189633,9157074436017972351,14143397,0,0,11,11,549264442935,549264442935
3,P,2m,20260919,474,5,measure,39,chase_random,8192,262144,282,10380247665626229484,971893,0,0,11,11,134086656,134086656
3,P,2m,20260919,475,5,measure,40,chase_random_double,4096,524288,426,10595567568966459668,1893893,0,0,11,11,133955584,133955584
3,P,2m,20260919,476,5,measure,41,independent_random,4096,1048576,161,8580494399743246892,1617407,0,0,11,11,267994222,267994222
3,P,2m,20260919,477,5,measure,42,independent_random_bis,4096,1048576,499,11074008028779174282,1514991,0,0,11,11,268005108,268005108
3,P,2m,20260919,478,5,measure,43,chase_random,16384,262144,359,4151873874862068121,756803,0,0,11,11,268304384,268304384
3,P,2m,20260919,479,5,measure,44,chase_sequential,65536,262144,1415,7728786983939037189,733522,0,0,11,11,1073610752,1073610752
3,P,2m,20260919,480,5,measure,45,chase_random_double,134217728,524288,4004688,18007503655884487383,224420469,0,0,11,11,4402053452013,4402053452013
3,P,2m,20260919,481,5,measure,46,chase_sequential,4194304,262144,450473,16592119240831961709,1790404,0,0,11,11,53709766656,53709766656
3,P,2m,20260919,482,5,measure,47,independent_random,134217728,1048576,7535819,5244928129555434319,20572173,0,0,11,11,8790209901882,8790209901882
3,P,2m,20260919,483,5,measure,48,chase_random,8388608,262144,487771,7650314947181389646,78952244,0,0,11,11,137337828376,137337828376
3,P,2m,20260919,484,5,measure,49,chase_sequential,1048576,262144,10794,9877289778570975955,1658658,0,0,11,11,17179738112,17179738112
3,P,2m,20260919,485,5,measure,50,independent_random_bis,4194304,1048576,171775,10754457477029914359,10293788,0,0,11,11,274919089356,274919089356
3,P,2m,20260919,486,5,measure,51,chase_random_double,131072,524288,8227,7381619686204157306,4586685,0,0,11,11,4294705152,4294705152
3,P,2m,20260919,487,5,measure,52,chase_random,2097152,262144,247229,77125812436949737,11428469,0,0,11,11,34359607296,34359607296
3,P,2m,20260919,488,5,measure,53,independent_random_bis,32768,1048576,3731,3041979944893826677,1835608,0,0,11,11,2146767110,2146767110
3,P,2m,20260919,489,5,measure,54,independent_random,131072,1048576,6864,17351834930295366296,1474287,0,0,11,11,8589666184,8589666184
3,P,2m,20260919,490,5,measure,55,chase_random,4194304,262144,229532,5911588585442999294,8602371,0,0,11,11,68741642611,68741642611
3,P,2m,20260919,491,5,measure,56,independent_random_bis,131072,1048576,13129,8348505035727603319,1697921,0,0,11,11,8590939501,8590939501
3,P,2m,20260919,492,5,measure,57,independent_random,2097152,1048576,161002,15497749049411015188,2559111,0,0,11,11,137281846734,137281846734
3,P,2m,20260919,493,5,measure,58,independent_random,33554432,1048576,3143974,3675076115065582869,15653745,0,0,11,11,2197878817420,2197878817420
3,P,2m,20260919,494,5,measure,59,independent_random_bis,67108864,1048576,5033965,4353570170679093177,17925821,0,0,11,11,4399047703317,4399047703317
3,P,2m,20260919,495,5,measure,60,chase_random_double,67108864,524288,841203,7110225225590407871,175506614,0,0,11,11,2199366779311,2199366779311
3,P,2m,20260919,496,5,measure,61,chase_random,262144,262144,11902,9155746061994780112,3697865,0,0,11,11,4294836224,4294836224
3,P,2m,20260919,497,5,measure,62,independent_random,8192,1048576,40,2475720846447306369,1361514,0,0,11,11,536506221,536506221
3,P,2m,20260919,498,5,measure,63,chase_random_double,268435456,524288,326976,2443204109754398430,212592221,0,0,11,11,8794364172691,8794364172691
3,P,2m,20260919,499,5,measure,64,chase_random,134217728,262144,7785701,2007831931720280048,105825624,0,0,11,11,2195633355482,2195633355482
3,P,2m,20260919,500,5,measure,65,independent_random,524288,1048576,31210,6506735781106021019,3740640,0,0,11,11,34370884312,34370884312
3,P,2m,20260919,501,5,measure,66,chase_sequential,16384,262144,1874,6085675147394036120,773936,0,0,11,11,268304384,268304384
3,P,2m,20260919,502,5,measure,67,chase_random,268435456,262144,26960639,12700508478503005532,108638990,0,0,11,11,4402540145651,4402540145651
3,P,2m,20260919,503,5,measure,68,chase_random_double,524288,524288,41519,8676215793000037004,6616779,0,0,11,11,17179607040,17179607040
3,P,2m,20260919,504,5,measure,69,chase_random,33554432,262144,3013633,3123712743135141578,100968282,0,0,11,11,550648281697,550648281697
3,P,2m,20260919,505,5,measure,70,independent_random_bis,65536,1048576,2341,1807835457278076960,2877500,0,0,11,11,4295240413,4295240413
3,P,2m,20260919,506,5,measure,71,chase_sequential,33554432,262144,1221915,16823935616498650444,1026987,0,0,11,11,354677293056,354677293056
3,P,2m,20260919,507,5,measure,72,independent_random,32768,1048576,2370,1781750114275214496,1371629,0,0,11,11,2146454978,2146454978
3,P,2m,20260919,508,5,measure,73,chase_sequential,32768,262144,1998,12268885734526011709,665670,0,0,11,11,536739840,536739840
3,P,2m,20260919,509,5,measure,74,chase_sequential,4096,262144,478,18438233488016806723,657623,0,0,11,11,66977792,66977792
3,P,2m,20260919,510,5,measure,75,independent_random_bis,16777216,1048576,811367,13304904948019980474,14596746,0,0,11,11,1099489250606,1099489250606
3,P,2m,20260919,511,5,measure,76,chase_sequential,131072,262144,16375,12953081512416573971,1335025,0,0,11,11,2147352576,2147352576
3,P,2m,20260919,512,5,measure,77,chase_sequential,268435456,262144,3055139,10540892742283306655,1097691,0,0,11,11,835245965312,835245965312
3,P,2m,20260919,513,5,measure,78,chase_random,67108864,262144,2091273,5930177981134959158,100130794,0,0,11,11,1099312141945,1099312141945
3,P,2m,20260919,514,5,measure,79,page_fault_touch,16777216,4096,800027,10964580902641492703,3480439,130630,8,11,11,8192,8192
3,P,2m,20260919,515,5,measure,80,chase_sequential,8192,262144,1017,10625725725767521563,673745,0,0,11,11,134086656,134086656
3,P,2m,20260919,516,5,measure,81,chase_random_double,262144,524288,11921,6550400910810952083,4391112,0,0,11,11,8589672448,8589672448
3,P,2m,20260919,517,5,measure,82,chase_random,131072,262144,13752,10375291786850500759,1901504,0,0,11,11,2147352576,2147352576
3,P,2m,20260919,518,5,measure,83,chase_random,65536,262144,2508,3187401513634323218,1171955,0,0,11,11,1073610752,1073610752
3,P,2m,20260919,519,5,measure,84,chase_sequential,524288,262144,48321,14399359225774431204,754884,0,0,11,11,8589803520,8589803520
3,P,2m,20260919,520,5,measure,85,independent_random,1048576,1048576,51477,8632936400373350579,1877734,0,0,11,11,68704549328,68704549328
3,P,2m,20260919,521,5,measure,86,chase_sequential,8388608,262144,1037904,4302344730298112018,1051777,0,0,11,11,42752409600,42752409600
3,P,2m,20260919,522,6,measure,0,independent_random_bis,8192,1048576,802,13941957727119658882,1378811,0,0,11,11,536511172,536511172
3,P,2m,20260919,523,6,measure,1,chase_random_double,8388608,524288,373476,7350529479377955905,132649686,0,0,11,11,274958004334,274958004334
3,P,2m,20260919,524,6,measure,2,chase_random_double,524288,524288,52452,12890056940228154895,6648664,0,0,11,11,17179607040,17179607040
3,P,2m,20260919,525,6,measure,3,independent_random,262144,1048576,13861,6211370954489150025,1450916,0,0,11,11,17181657512,17181657512
3,P,2m,20260919,526,6,measure,4,chase_random,16384,262144,558,10561337578616174588,683673,0,0,11,11,268304384,268304384
3,P,2m,20260919,527,6,measure,5,independent_random_bis,32768,1048576,2157,831997807651807041,1371614,0,0,11,11,2145848942,2145848942
3,P,2m,20260919,528,6,measure,6,chase_sequential,16384,262144,517,12359594505851115531,660576,0,0,11,11,268304384,268304384
3,P,2m,20260919,529,6,measure,7,chase_sequential,8192,262144,416,12525598709417587791,660923,0,0,11,11,134086656,134086656
3,P,2m,20260919,530,6,measure,8,independent_random_bis,262144,1048576,25857,5956086327656609197,1405903,0,0,11,11,17179911192,17179911192
3,P,2m,20260919,531,6,measure,9,independent_random,524288,1048576,26022,8500662671851790779,1401142,0,0,11,11,34352501482,34352501482
3,P,2m,20260919,532,6,measure,10,page_fault_touch,16777216,4096,581304,410193754082125844,2631363,54946,8,11,11,8192,8192
3,P,2m,20260919,533,6,measure,11,chase_sequential,524288,262144,34446,9136656624400007840,675088,0,0,11,11,8589803520,8589803520
3,P,2m,20260919,534,6,measure,12,chase_sequential,33554432,262144,2756012,12778506394151409501,1018812,0,0,11,11,756831617024,756831617024
3,P,2m,20260919,535,6,measure,13,chase_sequential,2097152,262144,168479,1844566799616534108,1002423,0,0,11,11,34359607296,34359607296
3,P,2m,20260919,536,6,measure,14,chase_random_double,134217728,524288,108901,14478736781447436085,205951629,0,0,11,11,4401989597470,4401989597470
3,P,2m,20260919,537,6,measure,15,chase_random,32768,262144,143,678473993914822344,1947539,0,0,11,11,536739840,536739840
3,P,2m,20260919,538,6,measure,16,independent_random,67108864,1048576,7597753,468288741109293388,19879248,0,0,11,11,4400544372917,4400544372917
3,P,2m,20260919,539,6,measure,17,chase_random,8388608,262144,814092,5324256420568907395,74174234,0,0,11,11,137225275555,137225275555
3,P,2m,20260919,540,6,measure,18,chase_sequential,1048576,262144,107194,6586046297134261401,1684586,0,0,11,11,17179738112,17179738112
3,P,2m,20260919,541,6,measure,19,chase_random_double,16777216,524288,2052162,3557691142475636738,153359607,0,0,11,11,549981331535,549981331535
3,P,2m,20260919,542,6,measure,20,independent_random,4194304,1048576,378799,14271612943156479467,14682011,0,0,11,11,274765091080,274765091080
3,P,2m,20260919,543,6,measure,21,independent_random,1048576,1048576,11087,4262100147270633968,3032962,0,0,11,11,68718876164,68718876164
3,P,2m,20260919,544,6,measure,22,independent_random,65536,1048576,2096,9293779696610042306,1515327,0,0,11,11,4294447953,4294447953
3,P,2m,20260919,545,6,measure,23,chase_random_double,8192,524288,289,9686451650020676490,1326288,0,0,11,11,268173312,268173312
3,P,2m,20260919,546,6,measure,24,independent_random_bis,65536,1048576,8020,12685287846857697149,1412167,0,0,11,11,4298351839,4298351839
3,P,2m,20260919,547,6,measure,25,chase_random,2097152,262144,101383,5896162659440302842,12476509,0,0,11,11,34359607296,34359607296
3,P,2m,20260919,548,6,measure,26,chase_random,8192,262144,923,16644212772709275015,952131,0,0,11,11,134086656,134086656
3,P,2m,20260919,549,6,measure,27,chase_random_double,4096,524288,128,2684455193286302701,1519493,0,0,11,11,133955584,133955584
3,P,2m,20260919,550,6,measure,28,independent_random,2097152,1048576,186490,14175496773478888188,2765148,0,0,11,11,137427863604,137427863604
3,P,2m,20260919,551,6,measure,29,independent_random,16384,1048576,483,357966794156569120,1813389,0,0,11,11,1073864370,1073864370
3,P,2m,20260919,552,6,measure,30,independent_random,8192,1048576,195,15745667805257668623,1387570,0,0,11,11,535715901,535715901
3,P,2m,20260919,553,6,measure,31,chase_sequential,4194304,262144,185390,11038619115868269531,987426,0,0,11,11,82958483456,82958483456
3,P,2m,20260919,554,6,measure,32,independent_random_bis,33554432,1048576,313027,15826888047689383234,17223420,0,0,11,11,2199208743663,2199208743663
3,P,2m,20260919,555,6,measure,33,independent_random_bis,2097152,1048576,250727,2773137214930600597,3969446,0,0,11,11,137361050698,137361050698
3,P,2m,20260919,556,6,measure,34,independent_random_bis,67108864,1048576,7120557,13655946079556465302,18537718,0,0,11,11,4394259849949,4394259849949
3,P,2m,20260919,557,6,measure,35,chase_random_double,16384,524288,1501,11939181207670201175,2648179,0,0,11,11,536608768,536608768
3,P,2m,20260919,558,6,measure,36,chase_random,268435456,262144,7380540,887875965990334400,91281466,0,0,11,11,4389332459889,4389332459889
3,P,2m,20260919,559,6,measure,37,chase_random,16777216,262144,566903,16851251992311872938,92409397,0,0,11,11,274575044753,274575044753
3,P,2m,20260919,560,6,measure,38,chase_sequential,131072,262144,1882,1600872856958012403,2023375,0,0,11,11,2147352576,2147352576
3,P,2m,20260919,561,6,measure,39,chase_random,65536,262144,6875,11910197192867230690,1509499,0,0,11,11,1073610752,1073610752
3,P,2m,20260919,562,6,measure,40,chase_random,262144,262144,15798,6887579981050340316,2471846,0,0,11,11,4294836224,4294836224
3,P,2m,20260919,563,6,measure,41,chase_sequential,65536,262144,5994,17753123703824353411,685429,0,0,11,11,1073610752,1073610752
3,P,2m,20260919,564,6,measure,42,independent_random_bis,4096,1048576,22,7332541756015536260,1366294,0,0,11,11,267725316,267725316
3,P,2m,20260919,565,6,measure,43,chase_random,134217728,262144,3808421,12855151477905722015,106551075,0,0,11,11,2197070244280,2197070244280
3,P,2m,20260919,566,6,measure,44,independent_random_bis,16384,1048576,1215,12890030161872507464,2824123,0,0,11,11,1072946765,1072946765
3,P,2m,20260919,567,6,measure,45,independent_random_bis,524288,1048576,309,17690322387957438391,1609670,0,0,11,11,34357619636,34357619636
3,P,2m,20260919,568,6,measure,46,chase_sequential,4096,262144,101,15809069905400741751,724173,0,0,11,11,66977792,66977792
3,P,2m,20260919,569,6,measure,47,independent_random,268435456,1048576,17017900,1178526007199214925,21629178,0,0,11,11,17603252603972,17603252603972
3,P,2m,20260919,570,6,measure,48,chase_sequential,16777216,262144,860534,1108645817786713971,1830632,0,0,11,11,259943432192,259943432192
3,P,2m,20260919,571,6,measure,49,chase_random,131072,262144,15603,4000668589663705021,2093507,0,0,11,11,2147352576,2147352576
3,P,2m,20260919,572,6,measure,50,independent_random,131072,1048576,9098,1143333319399889451,1494001,0,0,11,11,8580157961,8580157961
3,P,2m,20260919,573,6,measure,51,chase_sequential,67108864,262144,7356185,11182213209280579638,960092,0,0,11,11,1962739367936,1962739367936
3,P,2m,20260919,574,6,measure,52,independent_random,33554432,1048576,2256788,2735961030422825792,17611555,0,0,11,11,2199972756724,2199972756724
3,P,2m,20260919,575,6,measure,53,chase_sequential,32768,262144,293,8961299816402580077,1611214,0,0,11,11,536739840,536739840
3,P,2m,20260919,576,6,measure,54,independent_random_bis,134217728,1048576,2077401,7815317717242782057,20818056,0,0,11,11,8796602215734,8796602215734
3,P,2m,20260919,577,6,measure,55,independent_random_bis,16777216,1048576,1804264,14607139743358465427,15544017,0,0,11,11,1099349862697,1099349862697
3,P,2m,20260919,578,6,measure,56,independent_random,16777216,1048576,1875523,14203594399683693287,7463150,0,0,11,11,1099295863796,1099295863796
3,P,2m,20260919,579,6,measure,57,chase_sequential,8388608,262144,39788,1715616120616689994,1023742,0,0,11,11,44789792768,44789792768
3,P,2m,20260919,580,6,measure,58,chase_random_double,65536,524288,2149,5334694907664003127,2289665,0,0,11,11,2147221504,2147221504
3,P,2m,20260919,581,6,measure,59,independent_random,8388608,1048576,136561,3540401426064545116,16990459,0,0,11,11,550012174303,550012174303
3,P,2m,20260919,582,6,measure,60,chase_random_double,2097152,524288,38113,5185195465939630943,18692194,0,0,11,11,68719214592,68719214592
3,P,2m,20260919,583,6,measure,61,chase_random_double,67108864,524288,5857164,3794613727733350592,203072645,0,0,11,11,2200874905747,2200874905747
3,P,2m,20260919,584,6,measure,62,independent_random,4096,1048576,201,6814825208071474971,2734848,0,0,11,11,267715815,267715815
3,P,2m,20260919,585,6,measure,63,chase_random,4194304,262144,238115,4041093067417543572,51247570,0,0,11,11,68718832239,68718832239
3,P,2m,20260919,586,6,measure,64,independent_random_bis,4194304,1048576,435002,13907080674785292760,16204532,0,0,11,11,274720444321,274720444321
3,P,2m,20260919,587,6,measure,65,page_fault_touch,268435456,65536,12108854,6516593175216083244,34346096,1567420,128,11,11,131072,131072
3,P,2m,20260919,588,6,measure,66,chase_sequential,134217728,262144,7679602,9922801363334171440,958701,0,0,11,11,2047521193984,2047521193984
3,P,2m,20260919,589,6,measure,67,chase_sequential,262144,262144,23977,15897396815600587065,778148,0,0,11,11,4294836224,4294836224
3,P,2m,20260919,590,6,measure,68,chase_random,67108864,262144,311684,5533105646826664961,85770718,0,0,11,11,1097683105383,1097683105383
3,P,2m,20260919,591,6,measure,69,chase_random,33554432,262144,809947,15559983767109833073,103797756,0,0,11,11,549212349362,549212349362
3,P,2m,20260919,592,6,measure,70,independent_random,134217728,1048576,11194408,4640137169251004795,21790200,0,0,11,11,8798635004646,8798635004646
3,P,2m,20260919,593,6,measure,71,chase_random_double,33554432,524288,300744,6642893300422027966,199392658,0,0,11,11,1098124859066,1098124859066
3,P,2m,20260919,594,6,measure,72,chase_random,4096,262144,318,7565142444354699913,1841125,0,0,11,11,66977792,66977792
3,P,2m,20260919,595,6,measure,73,chase_random_double,32768,524288,710,73136424733798773,1604861,0,0,11,11,1073479680,1073479680
3,P,2m,20260919,596,6,measure,74,independent_random,32768,1048576,21,6958636790417845825,1399046,0,0,11,11,2145407628,2145407628
3,P,2m,20260919,597,6,measure,75,chase_sequential,268435456,262144,16855667,4514201809507826390,987333,0,0,11,11,4452971577344,4452971577344
3,P,2m,20260919,598,6,measure,76,chase_random_double,131072,524288,13510,13684148430073933255,3436595,0,0,11,11,4294705152,4294705152
3,P,2m,20260919,599,6,measure,77,chase_random,1048576,262144,119692,11891210455073845111,5517070,0,0,11,11,17179738112,17179738112
3,P,2m,20260919,600,6,measure,78,independent_random_bis,131072,1048576,3430,17787012000883603743,1427212,0,0,11,11,8583325715,8583325715
3,P,2m,20260919,601,6,measure,79,independent_random_bis,1048576,1048576,113950,4038967124893017786,1406399,0,0,11,11,68682964476,68682964476
3,P,2m,20260919,602,6,measure,80,chase_random_double,268435456,524288,21859790,13619896892720628710,218175932,0,0,11,11,8794409268601,8794409268601
3,P,2m,20260919,603,6,measure,81,chase_random_double,262144,524288,6848,12596618882712838464,5633025,0,0,11,11,8589672448,8589672448
3,P,2m,20260919,604,6,measure,82,chase_random,524288,262144,8736,2631037328172511406,3334928,0,0,11,11,8589803520,8589803520
3,P,2m,20260919,605,6,measure,83,independent_random_bis,268435456,1048576,263001,16831273000616648973,22026598,0,0,11,11,17576490436438,17576490436438
3,P,2m,20260919,606,6,measure,84,chase_random_double,4194304,524288,189916,10617522747228955317,93423010,0,0,11,11,137438691328,137438691328
3,P,2m,20260919,607,6,measure,85,independent_random_bis,8388608,1048576,134067,14030378278309409714,18065865,0,0,11,11,549380399314,549380399314
3,P,2m,20260919,608,6,measure,86,chase_random_double,1048576,524288,8279,16777233209089440402,8487648,0,0,11,11,34359476224,34359476224
3,P,2m,20260919,609,7,measure,0,independent_random_bis,134217728,1048576,7039507,16284070200181888363,20200190,0,0,11,11,8791511247880,8791511247880
3,P,2m,20260919,610,7,measure,1,independent_random_bis,33554432,1048576,130885,6624077214242089004,19047436,0,0,11,11,2200111733368,2200111733368
3,P,2m,20260919,611,7,measure,2,chase_sequential,8388608,262144,68318,10011197900358669790,1701378,0,0,11,11,52268761088,52268761088
3,P,2m,20260919,612,7,measure,3,independent_random,65536,1048576,6642,13896806703470395762,1842735,0,0,11,11,4294598383,4294598383
3,P,2m,20260919,613,7,measure,4,independent_random_bis,16384,1048576,1687,18081635922189302578,1407372,0,0,11,11,1073238654,1073238654
3,P,2m,20260919,614,7,measure,5,independent_random,67108864,1048576,1640568,16390735814817287280,19414115,0,0,11,11,4398517822877,4398517822877
3,P,2m,20260919,615,7,measure,6,independent_random,4096,1048576,150,8963170087102689254,2757107,0,0,11,11,267986789,267986789
3,P,2m,20260919,616,7,measure,7,chase_random,32768,262144,1830,1327251051759322445,805112,0,0,11,11,536739840,536739840
3,P,2m,20260919,617,7,measure,8,independent_random_bis,4096,1048576,97,10441093068249587987,1403664,0,0,11,11,267786338,267786338
3,P,2m,20260919,618,7,measure,9,chase_random_double,2097152,524288,234404,13483288757262918400,16455974,0,0,11,11,68719214592,68719214592
3,P,2m,20260919,619,7,measure,10,chase_sequential,16384,262144,945,2823281451367234748,831754,0,0,11,11,268304384,268304384
3,P,2m,20260919,620,7,measure,11,independent_random_bis,65536,1048576,3479,14693216282570537594,1523973,0,0,11,11,4294431924,4294431924
3,P,2m,20260919,621,7,measure,12,independent_random,16384,1048576,596,5782199277592665131,1373556,0,0,11,11,1073276918,1073276918
3,P,2m,20260919,622,7,measure,13,chase_random_double,262144,524288,19907,13907627601929498874,5236464,0,0,11,11,8589672448,8589672448
3,P,2m,20260919,623,7,measure,14,chase_sequential,67108864,262144,7580208,15088913726744895876,971912,0,0,11,11,2021465653248,2021465653248
3,P,2m,20260919,624,7,measure,15,page_fault_touch,16777216,4096,1844428,10408792433003328129,2727323,61256,8,11,11,8192,8192
3,P,2m,20260919,625,7,measure,16,independent_random_bis,262144,1048576,14269,15068280893900511058,1476578,0,0,11,11,17179586585,17179586585
3,P,2m,20260919,626,7,measure,17,independent_random_bis,1048576,1048576,30250,18020739066597486889,1942266,0,0,11,11,68679121369,68679121369
3,P,2m,20260919,627,7,measure,18,chase_random,268435456,262144,14701110,15241047038807762743,98716376,0,0,11,11,4395328092617,4395328092617
3,P,2m,20260919,628,7,measure,19,chase_random,2097152,262144,84554,11945832757256854013,14071428,0,0,11,11,34359607296,34359607296
3,P,2m,20260919,629,7,measure,20,chase_random,16384,262144,1636,1292017306200030245,1336986,0,0,11,11,268304384,268304384
3,P,2m,20260919,630,7,measure,21,chase_random,8192,262144,954,2846356487700206219,983897,0,0,11,11,134086656,134086656
3,P,2m,20260919,631,7,measure,22,chase_sequential,134217728,262144,2070645,16126739584346392907,1036846,0,0,11,11,577166770176,577166770176
3,P,2m,20260919,632,7,measure,23,independent_random_bis,131072,1048576,15251,16661457824004265638,1448260,0,0,11,11,8588659201,8588659201
3,P,2m,20260919,633,7,measure,24,chase_random,65536,262144,3768,5131750681680295546,1170044,0,0,11,11,1073610752,1073610752
3,P,2m,20260919,634,7,measure,25,chase_random_double,33554432,524288,3446664,885178647462584842,190026353,0,0,11,11,1099916839367,1099916839367
3,P,2m,20260919,635,7,measure,26,chase_random,524288,262144,45871,6784694516634351899,4718824,0,0,11,11,8589803520,8589803520
3,P,2m,20260919,636,7,measure,27,chase_random_double,8192,524288,865,16529683440761936640,1374125,0,0,11,11,268173312,268173312
3,P,2m,20260919,637,7,measure,28,independent_random,32768,1048576,1896,15897018014174356575,1364999,0,0,11,11,2146749505,2146749505
3,P,2m,20260919,638,7,measure,29,independent_random_bis,524288,1048576,63971,11864462726788046806,1409429,0,0,11,11,34380718741,34380718741
3,P,2m,20260919,639,7,measure,30,independent_random,4194304,1048576,242573,12911104993875418419,10475809,0,0,11,11,274783237024,274783237024
3,P,2m,20260919,640,7,measure,31,chase_random_double,65536,524288,3298,17640044146486211953,3497865,0,0,11,11,2147221504,2147221504
3,P,2m,20260919,641,7,measure,32,chase_sequential,4096,262144,507,18268213286565605971,695687,0,0,11,11,66977792,66977792
3,P,2m,20260919,642,7,measure,33,chase_sequential,2097152,262144,50705,8028953647565831623,994585,0,0,11,11,34359607296,34359607296
3,P,2m,20260919,643,7,measure,34,independent_random_bis,268435456,1048576,17311574,14721555033037415499,21400834,0,0,11,11,17601703632168,17601703632168
3,P,2m,20260919,644,7,measure,35,chase_sequential,268435456,262144,17705800,14610630039335078914,1898240,0,0,11,11,4675828842496,4675828842496
3,P,2m,20260919,645,7,measure,36,chase_random,4194304,262144,408038,3577886894874872379,19000205,0,0,11,11,68717507091,68717507091
3,P,2m,20260919,646,7,measure,37,chase_random,67108864,262144,6299991,5501348779208346064,94465392,0,0,11,11,1099608134546,1099608134546
3,P,2m,20260919,647,7,measure,38,independent_random_bis,4194304,1048576,164419,16094851295489556955,11852885,0,0,11,11,274684483688,274684483688
3,P,2m,20260919,648,7,measure,39,independent_random_bis,2097152,1048576,200236,17738032542172626977,4517263,0,0,11,11,137433644022,137433644022
3,P,2m,20260919,649,7,measure,40,chase_sequential,131072,262144,4971,13525400487601959370,952797,0,0,11,11,2147352576,2147352576
3,P,2m,20260919,650,7,measure,41,chase_random,16777216,262144,1378093,8427739784700346744,92609900,0,0,11,11,274864136902,274864136902
3,P,2m,20260919,651,7,measure,42,chase_random,262144,262144,25388,13769026929847113917,3844076,0,0,11,11,4294836224,4294836224
3,P,2m,20260919,652,7,measure,43,independent_random,2097152,1048576,126260,3821878027927734011,2680472,0,0,11,11,137416592993,137416592993
3,P,2m,20260919,653,7,measure,44,chase_random_double,131072,524288,12406,18215488107160541033,3816671,0,0,11,11,4294705152,4294705152
3,P,2m,20260919,654,7,measure,45,independent_random,8388608,1048576,163886,9957677818570921736,14779486,0,0,11,11,549958487186,549958487186
3,P,2m,20260919,655,7,measure,46,independent_random,131072,1048576,11461,6575182058741826127,2564140,0,0,11,11,8592196411,8592196411
3,P,2m,20260919,656,7,measure,47,independent_random,268435456,1048576,24149491,435021161444570732,22019341,0,0,11,11,17592498504700,17592498504700
3,P,2m,20260919,657,7,measure,48,independent_random_bis,32768,1048576,2188,4891917703028551856,2711187,0,0,11,11,2146897212,2146897212
3,P,2m,20260919,658,7,measure,49,independent_random_bis,16777216,1048576,962319,13767060803118953928,15859089,0,0,11,11,1099786601698,1099786601698
3,P,2m,20260919,659,7,measure,50,independent_random,262144,1048576,19079,277231509534450338,2461115,0,0,11,11,17182373387,17182373387
3,P,2m,20260919,660,7,measure,51,chase_random,134217728,262144,9179680,9240966361513855723,106609665,0,0,11,11,2200044729083,2200044729083
3,P,2m,20260919,661,7,measure,52,chase_sequential,1048576,262144,16184,17828101204038904494,2157700,0,0,11,11,17179738112,17179738112
3,P,2m,20260919,662,7,measure,53,independent_random,1048576,1048576,66770,12112637334893498896,2747943,0,0,11,11,68699513585,68699513585
3,P,2m,20260919,663,7,measure,54,independent_random_bis,8192,1048576,543,3420473904168623993,1491329,0,0,11,11,536182924,536182924
3,P,2m,20260919,664,7,measure,55,chase_random_double,268435456,524288,7270507,17541310243620486345,215410960,0,0,11,11,8805675692507,8805675692507
3,P,2m,20260919,665,7,measure,56,chase_random,8388608,262144,185799,11955682248902054909,79755749,0,0,11,11,137380280510,137380280510
3,P,2m,20260919,666,7,measure,57,chase_sequential,524288,262144,47293,1574469601209483134,1851620,0,0,11,11,8589803520,8589803520
3,P,2m,20260919,667,7,measure,58,chase_random_double,524288,524288,49700,1108939517154879845,7223573,0,0,11,11,17179607040,17179607040
3,P,2m,20260919,668,7,measure,59,chase_random,131072,262144,13139,13847016168187330183,1885962,0,0,11,11,2147352576,2147352576
3,P,2m,20260919,669,7,measure,60,independent_random,33554432,1048576,652534,15993322614391211678,18867730,0,0,11,11,2199607053075,2199607053075
3,P,2m,20260919,670,7,measure,61,independent_random,16777216,1048576,1856032,4746514693378322362,17973126,0,0,11,11,1099615770175,1099615770175
3,P,2m,20260919,671,7,measure,62,chase_random,1048576,262144,67523,848136223731944228,6862346,0,0,11,11,17179738112,17179738112
3,P,2m,20260919,672,7,measure,63,page_fault_touch,268435456,65536,3774346,17317921220424779222,32252320,1471032,128,11,11,131072,131072
3,P,2m,20260919,673,7,measure,64,chase_sequential,4194304,262144,460013,2203955796718421710,1036670,0,0,11,11,51208912896,51208912896
3,P,2m,20260919,674,7,measure,65,chase_random_double,4096,524288,51,11289549983872545689,1324335,0,0,11,11,133955584,133955584
3,P,2m,20260919,675,7,measure,66,chase_random,33554432,262144,428673,9818817142124535406,83560522,0,0,11,11,549416793262,549416793262
3,P,2m,20260919,676,7,measure,67,chase_sequential,32768,262144,4037,14080015111574473016,1785634,0,0,11,11,536739840,536739840
3,P,2m,20260919,677,7,measure,68,independent_random_bis,8388608,1048576,330543,2598577237696162521,14028648,0,0,11,11,549768549847,549768549847
3,P,2m,20260919,678,7,measure,69,chase_sequential,33554432,262144,876255,4900919849599360593,1550740,0,0,11,11,264064598016,264064598016
3,P,2m,20260919,679,7,measure,70,chase_random_double,4194304,524288,224601,15669838878016698623,92612852,0,0,11,11,137438691328,137438691328
3,P,2m,20260919,680,7,measure,71,chase_sequential,16777216,262144,793631,13092058498524661602,1847570,0,0,11,11,242405212160,242405212160
3,P,2m,20260919,681,7,measure,72,chase_random,4096,262144,451,284407949899605666,887123,0,0,11,11,66977792,66977792
3,P,2m,20260919,682,7,measure,73,chase_random_double,16777216,524288,1435707,11162731056210580357,176651579,0,0,11,11,550000638859,550000638859
3,P,2m,20260919,683,7,measure,74,chase_random_double,67108864,524288,6635746,8341667822654802850,207110456,0,0,11,11,2198586743994,2198586743994
3,P,2m,20260919,684,7,measure,75,independent_random_bis,67108864,1048576,8322651,10508799047206133925,21535555,0,0,11,11,4395145899029,4395145899029
3,P,2m,20260919,685,7,measure,76,chase_random_double,16384,524288,230,17974825694481592170,2587659,0,0,11,11,536608768,536608768
3,P,2m,20260919,686,7,measure,77,chase_sequential,262144,262144,10929,13754743441235829124,770896,0,0,11,11,4294836224,4294836224
3,P,2m,20260919,687,7,measure,78,independent_random,524288,1048576,25450,15148499700341410042,1656486,0,0,11,11,34342149095,34342149095
3,P,2m,20260919,688,7,measure,79,chase_random_double,134217728,524288,6666274,14115111745885531458,214448638,0,0,11,11,4398121801282,4398121801282
3,P,2m,20260919,689,7,measure,80,chase_random_double,8388608,524288,175590,4544488485223234049,131896955,0,0,11,11,274885312928,274885312928
3,P,2m,20260919,690,7,measure,81,chase_sequential,8192,262144,594,7292249572460374238,1595507,0,0,11,11,134086656,134086656
3,P,2m,20260919,691,7,measure,82,chase_sequential,65536,262144,2399,14258719708169056105,856415,0,0,11,11,1073610752,1073610752
3,P,2m,20260919,692,7,measure,83,chase_random_double,32768,524288,2109,7695803942732420688,1474439,0,0,11,11,1073479680,1073479680
3,P,2m,20260919,693,7,measure,84,independent_random,8192,1048576,189,17440038898447071323,1435459,0,0,11,11,536335514,536335514
3,P,2m,20260919,694,7,measure,85,independent_random,134217728,1048576,13677985,3070227142837574600,20020809,0,0,11,11,8797779739261,8797779739261
3,P,2m,20260919,695,7,measure,86,chase_random_double,1048576,524288,71157,9286581603361215971,8333572,0,0,11,11,34359476224,34359476224
3,P,2m,20260919,696,8,measure,0,chase_random,131072,262144,9467,3165054983868350902,1891880,0,0,11,11,2147352576,2147352576
3,P,2m,20260919,697,8,measure,1,chase_random_double,134217728,524288,11675217,13134083010913543688,205693212,0,0,11,11,4393807496861,4393807496861
3,P,2m,20260919,698,8,measure,2,chase_random_double,4096,524288,191,11472655799662040448,2806883,0,0,11,11,133955584,133955584
3,P,2m,20260919,699,8,measure,3,chase_random,4194304,262144,523158,9370318128814672129,54500763,0,0,11,11,68764212278,68764212278
3,P,2m,20260919,700,8,measure,4,chase_random,134217728,262144,16476299,4488826944209313624,99601145,0,0,11,11,2197027119064,2197027119064
3,P,2m,20260919,701,8,measure,5,chase_sequential,4194304,262144,407652,83106687541637782,1444296,0,0,11,11,64935034880,64935034880
3,P,2m,20260919,702,8,measure,6,page_fault_touch,268435456,65536,10424629,14439614107837677586,34671619,1763688,128,11,11,131072,131072
3,P,2m,20260919,703,8,measure,7,independent_random_bis,4096,1048576,479,14804612866190877850,1705126,0,0,11,11,267889483,267889483
3,P,2m,20260919,704,8,measure,8,chase_random_double,4194304,524288,312863,16741475062029779117,87299206,0,0,11,11,137438691328,137438691328
3,P,2m,20260919,705,8,measure,9,independent_random,268435456,1048576,17220158,6532890810263368634,21104416,0,0,11,11,17601348450196,17601348450196
3,P,2m,20260919,706,8,measure,10,chase_sequential,16384,262144,622,11803240462684009839,1695617,0,0,11,11,268304384,268304384
3,P,2m,20260919,707,8,measure,11,chase_sequential,8388608,262144,743919,16732162821134121534,1064310,0,0,11,11,229373509632,229373509632
3,P,2m,20260919,708,8,measure,12,independent_random_bis,8388608,1048576,830177,15142631930324654875,13478944,0,0,11,11,549879828562,549879828562
3,P,2m,20260919,709,8,measure,13,chase_random_double,8388608,524288,402026,5064655220940481673,28404022,0,0,11,11,275070747357,275070747357
3,P,2m,20260919,710,8,measure,14,independent_random_bis,134217728,1048576,11771521,9008615452724584133,17141307,0,0,11,11,8801935919294,8801935919294
3,P,2m,20260919,711,8,measure,15,independent_random_bis,16384,1048576,1516,493291293019839683,3852306,0,0,11,11,1072953208,1072953208
3,P,2m,20260919,712,8,measure,16,chase_sequential,131072,262144,15917,17854431394637182588,1243360,0,0,11,11,2147352576,2147352576
3,P,2m,20260919,713,8,measure,17,independent_random_bis,16777216,1048576,1152844,7369325327509804977,14971641,0,0,11,11,1098418060689,1098418060689
3,P,2m,20260919,714,8,measure,18,independent_random,16384,1048576,1368,407134306033844683,2420954,0,0,11,11,1072570667,1072570667
3,P,2m,20260919,715,8,measure,19,chase_random_double,32768,524288,3923,354110458443730287,1559348,0,0,11,11,1073479680,1073479680
3,P,2m,20260919,716,8,measure,20,chase_sequential,268435456,262144,522061,14438616260303348508,973421,0,0,11,11,171214766080,171214766080
3,P,2m,20260919,717,8,measure,21,chase_random,16384,262144,1612,17834343857502981208,674419,0,0,11,11,268304384,268304384
3,P,2m,20260919,718,8,measure,22,chase_random,33554432,262144,3607278,1377545797730735204,91677025,0,0,11,11,549491627170,549491627170
3,P,2m,20260919,719,8,measure,23,chase_random,2097152,262144,114115,2134313650254133959,13859206,0,0,11,11,34359607296,34359607296
3,P,2m,20260919,720,8,measure,24,chase_sequential,1048576,262144,60146,16230359386561504967,1091427,0,0,11,11,17179738112,17179738112
3,P,2m,20260919,721,8,measure,25,independent_random,4194304,1048576,331330,12168122962780817885,8853907,0,0,11,11,274928000963,274928000963
3,P,2m,20260919,722,8,measure,26,independent_random,1048576,1048576,128901,14015356044000159884,2756701,0,0,11,11,68696153711,68696153711
3,P,2m,20260919,723,8,measure,27,independent_random,134217728,1048576,4205661,7171297906466688530,19704202,0,0,11,11,8794931043497,8794931043497
3,P,2m,20260919,724,8,measure,28,independent_random_bis,268435456,1048576,30516025,7393838950908463998,22596087,0,0,11,11,17587272139966,17587272139966
3,P,2m,20260919,725,8,measure,29,independent_random_bis,4194304,1048576,118596,17429217600527126572,6927150,0,0,11,11,274991226018,274991226018
3,P,2m,20260919,726,8,measure,30,independent_random,32768,1048576,4086,2595714263939527198,1409341,0,0,11,11,2146931677,2146931677
3,P,2m,20260919,727,8,measure,31,chase_sequential,33554432,262144,1902022,6017007358108097170,917686,0,0,11,11,532963262464,532963262464
3,P,2m,20260919,728,8,measure,32,independent_random_bis,1048576,1048576,42229,7086556250421898295,2269992,0,0,11,11,68639304227,68639304227
3,P,2m,20260919,729,8,measure,33,independent_random,8192,1048576,663,13670287851404752988,1593338,0,0,11,11,536650798,536650798
3,P,2m,20260919,730,8,measure,34,independent_random_bis,131072,1048576,1424,6033955431967981115,1485677,0,0,11,11,8589075761,8589075761
3,P,2m,20260919,731,8,measure,35,independent_random,8388608,1048576,385358,15333749477222378439,13573126,0,0,11,11,549480479382,549480479382
3,P,2m,20260919,732,8,measure,36,independent_random,33554432,1048576,377526,6517700870958457192,16165846,0,0,11,11,2198521147305,2198521147305
3,P,2m,20260919,733,8,measure,37,chase_random,8192,262144,1009,14642275988715759180,1585333,0,0,11,11,134086656,134086656
3,P,2m,20260919,734,8,measure,38,independent_random,4096,1048576,126,16033067301467719875,1713664,0,0,11,11,268086090,268086090
3,P,2m,20260919,735,8,measure,39,chase_random,262144,262144,22352,3036403308972869904,3132298,0,0,11,11,4294836224,4294836224
3,P,2m,20260919,736,8,measure,40,independent_random_bis,262144,1048576,31281,17590044174533715607,1512288,0,0,11,11,17199724351,17199724351
3,P,2m,20260919,737,8,measure,41,chase_random,16777216,262144,1945782,12957786517435984249,86009688,0,0,11,11,274997030054,274997030054
3,P,2m,20260919,738,8,measure,42,chase_random_double,524288,524288,24678,3257249261846199326,6581950,0,0,11,11,17179607040,17179607040
3,P,2m,20260919,739,8,measure,43,independent_random,524288,1048576,58729,7340225214620660982,1413702,0,0,11,11,34349578208,34349578208
3,P,2m,20260919,740,8,measure,44,chase_random,4096,262144,158,9437157681236984008,662181,0,0,11,11,66977792,66977792
3,P,2m,20260919,741,8,measure,45,chase_sequential,65536,262144,6175,5090421648349789985,673848,0,0,11,11,1073610752,1073610752
3,P,2m,20260919,742,8,measure,46,chase_sequential,8192,262144,856,9949462160695771295,660939,0,0,11,11,134086656,134086656
3,P,2m,20260919,743,8,measure,47,chase_random_double,33554432,524288,3834783,4577811998189429663,162156127,0,0,11,11,1098841154488,1098841154488
3,P,2m,20260919,744,8,measure,48,independent_random,16777216,1048576,1887223,7347719204984022736,15898114,0,0,11,11,1098544873137,1098544873137
3,P,2m,20260919,745,8,measure,49,page_fault_touch,16777216,4096,1385321,5519625187504375452,3255001,143672,8,11,11,8192,8192
3,P,2m,20260919,746,8,measure,50,independent_random_bis,32768,1048576,1197,380434044289809083,1450461,0,0,11,11,2149175640,2149175640
3,P,2m,20260919,747,8,measure,51,independent_random_bis,524288,1048576,65392,11140523552399169957,1651335,0,0,11,11,34354941651,34354941651
3,P,2m,20260919,748,8,measure,52,chase_random,268435456,262144,16553768,16107321673507802826,107877567,0,0,11,11,4398032611006,4398032611006
3,P,2m,20260919,749,8,measure,53,chase_random_double,65536,524288,7557,10654067977985289864,3739836,0,0,11,11,2147221504,2147221504
3,P,2m,20260919,750,8,measure,54,chase_random_double,16384,524288,1650,11733147575890297411,1363092,0,0,11,11,536608768,536608768
3,P,2m,20260919,751,8,measure,55,independent_random_bis,65536,1048576,274,775886881909095023,1406673,0,0,11,11,4293818123,4293818123
3,P,2m,20260919,752,8,measure,56,chase_sequential,262144,262144,30985,5249001840783623858,700759,0,0,11,11,4294836224,4294836224
3,P,2m,20260919,753,8,measure,57,chase_sequential,134217728,262144,10997199,12080613381725700078,986922,0,0,11,11,2917209341952,2917209341952
3,P,2m,20260919,754,8,measure,58,chase_random_double,268435456,524288,7963266,10252741676035911657,216494176,0,0,11,11,8799281520195,8799281520195
3,P,2m,20260919,755,8,measure,59,chase_sequential,4096,262144,23,11004624325399304203,2103663,0,0,11,11,66977792,66977792
3,P,2m,20260919,756,8,measure,60,chase_random_double,2097152,524288,174946,9578716098690440861,20254577,0,0,11,11,68719214592,68719214592
3,P,2m,20260919,757,8,measure,61,chase_random,65536,262144,7439,5365469623816214154,1460026,0,0,11,11,1073610752,1073610752
3,P,2m,20260919,758,8,measure,62,chase_random_double,8192,524288,575,5271271995060063630,1388190,0,0,11,11,268173312,268173312
3,P,2m,20260919,759,8,measure,63,independent_random,2097152,1048576,15611,7622899957467262257,2908516,0,0,11,11,137453375837,137453375837
3,P,2m,20260919,760,8,measure,64,chase_sequential,2097152,262144,42162,18015195403135966106,1108991,0,0,11,11,34359607296,34359607296
3,P,2m,20260919,761,8,measure,65,independent_random_bis,2097152,1048576,136178,11773553794934264341,2955568,0,0,11,11,137402201053,137402201053
3,P,2m,20260919,762,8,measure,66,chase_random_double,262144,524288,11820,10269917758544396486,4584868,0,0,11,11,8589672448,8589672448
3,P,2m,20260919,763,8,measure,67,chase_sequential,67108864,262144,843087,13680314014709777350,952500,0,0,11,11,255369805824,255369805824
3,P,2m,20260919,764,8,measure,68,independent_random,131072,1048576,11656,14586843468313955440,1429742,0,0,11,11,8595239238,8595239238
3,P,2m,20260919,765,8,measure,69,chase_random,8388608,262144,113206,10266563670791399524,71027559,0,0,11,11,137370097910,137370097910
3,P,2m,20260919,766,8,measure,70,chase_sequential,32768,262144,699,11097692071940263836,1642991,0,0,11,11,536739840,536739840
3,P,2m,20260919,767,8,measure,71,chase_random_double,131072,524288,11264,5370787315779072994,3715831,0,0,11,11,4294705152,4294705152
3,P,2m,20260919,768,8,measure,72,independent_random_bis,33554432,1048576,2843581,9121768792000597607,18166037,0,0,11,11,2199000403864,2199000403864
3,P,2m,20260919,769,8,measure,73,independent_random,65536,1048576,6559,2647042311000041565,2686930,0,0,11,11,4294930697,4294930697
3,P,2m,20260919,770,8,measure,74,independent_random,67108864,1048576,321583,4008401438253873969,18339494,0,0,11,11,4394724343286,4394724343286
3,P,2m,20260919,771,8,measure,75,chase_random,67108864,262144,5049257,11959392638264077647,94029378,0,0,11,11,1100656598040,1100656598040
3,P,2m,20260919,772,8,measure,76,chase_random_double,16777216,524288,927324,1972809669835500636,182561327,0,0,11,11,549894548323,549894548323
3,P,2m,20260919,773,8,measure,77,chase_random_double,67108864,524288,3360163,5343950294235300918,190665538,0,0,11,11,2197042147737,2197042147737
3,P,2m,20260919,774,8,measure,78,chase_random_double,1048576,524288,86923,1904993514385058159,10613548,0,0,11,11,34359476224,34359476224
3,P,2m,20260919,775,8,measure,79,chase_random,32768,262144,1743,17063658015427753670,738459,0,0,11,11,536739840,536739840
3,P,2m,20260919,776,8,measure,80,independent_random_bis,67108864,1048576,2365544,7036400337508830551,14422189,0,0,11,11,4400249376888,4400249376888
3,P,2m,20260919,777,8,measure,81,chase_sequential,16777216,262144,2038353,467247310681073828,1054543,0,0,11,11,142256242688,142256242688
3,P,2m,20260919,778,8,measure,82,chase_random,1048576,262144,112028,5622980065794540986,6840983,0,0,11,11,17179738112,17179738112
3,P,2m,20260919,779,8,measure,83,chase_random,524288,262144,18828,8855307418538245614,5608139,0,0,11,11,8589803520,8589803520
3,P,2m,20260919,780,8,measure,84,independent_random_bis,8192,1048576,72,15585922801245863968,2256829,0,0,11,11,536310955,536310955
3,P,2m,20260919,781,8,measure,85,independent_random,262144,1048576,27506,2932314007142796585,1800909,0,0,11,11,17183227174,17183227174
3,P,2m,20260919,782,8,measure,86,chase_sequential,524288,262144,43097,14776324968151125423,766651,0,0,11,11,8589803520,8589803520
3,P,2m,20260919,783,9,measure,0,chase_random_double,33554432,524288,146499,15493269899803639015,146956407,0,0,11,11,1099361756927,1099361756927
3,P,2m,20260919,784,9,measure,1,chase_sequential,8388608,262144,674205,16407200860965163914,1918249,0,0,11,11,211098402816,211098402816
3,P,2m,20260919,785,9,measure,2,chase_random_double,67108864,524288,3547327,2718888912104313814,194099034,0,0,11,11,2199697586648,2199697586648
3,P,2m,20260919,786,9,measure,3,independent_random,134217728,1048576,14339870,16419847837098472611,16579737,0,0,11,11,8796463908541,8796463908541
3,P,2m,20260919,787,9,measure,4,chase_random,16384,262144,1554,9655260371865833368,1696527,0,0,11,11,268304384,268304384
3,P,2m,20260919,788,9,measure,5,chase_random,1048576,262144,92320,15155235976279442638,7910555,0,0,11,11,17179738112,17179738112
3,P,2m,20260919,789,9,measure,6,independent_random_bis,268435456,1048576,26868070,17839744033052182606,18083512,0,0,11,11,17587504464311,17587504464311
3,P,2m,20260919,790,9,measure,7,independent_random_bis,4194304,1048576,57992,16736128965924067080,8301488,0,0,11,11,275097885886,275097885886
3,P,2m,20260919,791,9,measure,8,chase_sequential,2097152,262144,58444,8408036223825860980,1296870,0,0,11,11,34359607296,34359607296
3,P,2m,20260919,792,9,measure,9,chase_random,16777216,262144,1788598,4249515449414002875,91395355,0,0,11,11,275087997633,275087997633
3,P,2m,20260919,793,9,measure,10,chase_sequential,4194304,262144,268540,1836319936028610705,1628456,0,0,11,11,101402411008,101402411008
3,P,2m,20260919,794,9,measure,11,chase_random_double,2097152,524288,259052,14883434237308064466,18027874,0,0,11,11,68719214592,68719214592
3,P,2m,20260919,795,9,measure,12,chase_random,134217728,262144,6828038,7748198614684291862,107400647,0,0,11,11,2195275866238,2195275866238
3,P,2m,20260919,796,9,measure,13,chase_random_double,268435456,524288,20838468,16518018408112921402,208536534,0,0,11,11,8788800494365,8788800494365
3,P,2m,20260919,797,9,measure,14,chase_random,131072,262144,14680,2281136163564392817,3150061,0,0,11,11,2147352576,2147352576
3,P,2m,20260919,798,9,measure,15,independent_random,32768,1048576,930,11406999360044764333,1775146,0,0,11,11,2148846841,2148846841
3,P,2m,20260919,799,9,measure,16,independent_random_bis,16777216,1048576,1898073,2268561241720063580,14048953,0,0,11,11,1098219304440,1098219304440
3,P,2m,20260919,800,9,measure,17,chase_random_double,32768,524288,3176,4952294454194449620,2311900,0,0,11,11,1073479680,1073479680
3,P,2m,20260919,801,9,measure,18,chase_random_double,65536,524288,3712,17194209351542584779,2895623,0,0,11,11,2147221504,2147221504
3,P,2m,20260919,802,9,measure,19,chase_random_double,8192,524288,901,5849963097638873385,1661332,0,0,11,11,268173312,268173312
3,P,2m,20260919,803,9,measure,20,independent_random,524288,1048576,42626,5789089353926455429,1803131,0,0,11,11,34358865242,34358865242
3,P,2m,20260919,804,9,measure,21,chase_sequential,131072,262144,3846,4049912223505401243,732226,0,0,11,11,2147352576,2147352576
3,P,2m,20260919,805,9,measure,22,chase_random,8388608,262144,584104,12162623855735680913,69599977,0,0,11,11,137316240147,137316240147
3,P,2m,20260919,806,9,measure,23,independent_random,33554432,1048576,3373417,15560568032762156109,18272894,0,0,11,11,2196651459023,2196651459023
3,P,2m,20260919,807,9,measure,24,chase_random,32768,262144,240,4935223825589554462,1745643,0,0,11,11,536739840,536739840
3,P,2m,20260919,808,9,measure,25,independent_random_bis,32768,1048576,1559,17845865884558564556,1945773,0,0,11,11,2146940504,2146940504
3,P,2m,20260919,809,9,measure,26,chase_random_double,262144,524288,2245,11980802497868081149,4630523,0,0,11,11,8589672448,8589672448
3,P,2m,20260919,810,9,measure,27,chase_random,4194304,262144,484551,11763113869454518838,47911991,0,0,11,11,68836656706,68836656706
3,P,2m,20260919,811,9,measure,28,chase_sequential,1048576,262144,115820,7722088047318661056,1555956,0,0,11,11,17179738112,17179738112
3,P,2m,20260919,812,9,measure,29,chase_sequential,67108864,262144,1518491,11029284010975996734,1136393,0,0,11,11,432422912000,432422912000
3,P,2m,20260919,813,9,measure,30,chase_sequential,268435456,262144,6505611,18043305986782567254,1071912,0,0,11,11,1739766497280,1739766497280
3,P,2m,20260919,814,9,measure,31,independent_random,131072,1048576,6340,15878215099020021819,1483895,0,0,11,11,8583850634,8583850634
3,P,2m,20260919,815,9,measure,32,independent_random_bis,2097152,1048576,134978,5576017338402987510,2851302,0,0,11,11,137459575741,137459575741
3,P,2m,20260919,816,9,measure,33,chase_random,262144,262144,4770,16558286401506007887,2770096,0,0,11,11,4294836224,4294836224
3,P,2m,20260919,817,9,measure,34,chase_random,8192,262144,236,7081587527540540611,695744,0,0,11,11,134086656,134086656
3,P,2m,20260919,818,9,measure,35,chase_sequential,262144,262144,16557,7923109933963320587,712586,0,0,11,11,4294836224,4294836224
3,P,2m,20260919,819,9,measure,36,independent_random,1048576,1048576,28284,16282514169342307214,1929146,0,0,11,11,68780968402,68780968402
3,P,2m,20260919,820,9,measure,37,chase_random,4096,262144,341,5049965417364875825,720205,0,0,11,11,66977792,66977792
3,P,2m,20260919,821,9,measure,38,chase_random_double,131072,524288,1478,5985759491587209643,3357730,0,0,11,11,4294705152,4294705152
3,P,2m,20260919,822,9,measure,39,independent_random,262144,1048576,6732,17413225232715301139,1410437,0,0,11,11,17177471330,17177471330
3,P,2m,20260919,823,9,measure,40,chase_sequential,8192,262144,327,13952596060963956149,660235,0,0,11,11,134086656,134086656
3,P,2m,20260919,824,9,measure,41,independent_random,16777216,1048576,1621492,16008558003187448522,13234560,0,0,11,11,1100849349472,1100849349472
3,P,2m,20260919,825,9,measure,42,independent_random,8388608,1048576,98384,7200813066241067043,13028148,0,0,11,11,549649115277,549649115277
3,P,2m,20260919,826,9,measure,43,chase_sequential,16384,262144,234,14134541302996210665,1423291,0,0,11,11,268304384,268304384
3,P,2m,20260919,827,9,measure,44,independent_random_bis,262144,1048576,10096,9262363630830521491,1918942,0,0,11,11,17174190481,17174190481
3,P,2m,20260919,828,9,measure,45,chase_random_double,524288,524288,5131,16157678269399397877,5735714,0,0,11,11,17179607040,17179607040
3,P,2m,20260919,829,9,measure,46,chase_random_double,134217728,524288,8583780,16477876617321762016,206206804,0,0,11,11,4395633486296,4395633486296
3,P,2m,20260919,830,9,measure,47,chase_random,2097152,262144,11671,3700390566712857020,14599509,0,0,11,11,34359607296,34359607296
3,P,2m,20260919,831,9,measure,48,independent_random,8192,1048576,19,7064667546426499368,1855468,0,0,11,11,536290430,536290430
3,P,2m,20260919,832,9,measure,49,chase_random_double,8388608,524288,449881,18401404013504131401,61492402,0,0,11,11,275050679353,275050679353
3,P,2m,20260919,833,9,measure,50,independent_random_bis,67108864,1048576,6477807,7125624154292636380,20670387,0,0,11,11,4396255769131,4396255769131
3,P,2m,20260919,834,9,measure,51,independent_random_bis,4096,1048576,68,148023701788293612,2633663,0,0,11,11,268027108,268027108
3,P,2m,20260919,835,9,measure,52,chase_sequential,4096,262144,408,15369633720300106753,732205,0,0,11,11,66977792,66977792
3,P,2m,20260919,836,9,measure,53,independent_random,4096,1048576,242,2877335780893414114,1361295,0,0,11,11,267731578,267731578
3,P,2m,20260919,837,9,measure,54,chase_random,268435456,262144,9419064,16466667105064799656,106845792,0,0,11,11,4401768089086,4401768089086
3,P,2m,20260919,838,9,measure,55,independent_random,2097152,1048576,225508,9431110063056349910,6701130,0,0,11,11,137370229571,137370229571
3,P,2m,20260919,839,9,measure,56,chase_sequential,33554432,262144,1559795,17601944032021780004,1336889,0,0,11,11,443250507776,443250507776
3,P,2m,20260919,840,9,measure,57,chase_random_double,4194304,524288,260777,7005832698789199048,98007625,0,0,11,11,137438691328,137438691328
3,P,2m,20260919,841,9,measure,58,independent_random_bis,16384,1048576,1705,11174183247751086708,2591771,0,0,11,11,1073980305,1073980305
3,P,2m,20260919,842,9,measure,59,chase_random_double,16384,524288,1564,2378856075126845484,1361809,0,0,11,11,536608768,536608768
3,P,2m,20260919,843,9,measure,60,independent_random,65536,1048576,5595,5462378310111777924,1422608,0,0,11,11,4297444616,4297444616
3,P,2m,20260919,844,9,measure,61,chase_sequential,134217728,262144,754348,9385903124907043023,994079,0,0,11,11,232107409408,232107409408
3,P,2m,20260919,845,9,measure,62,chase_sequential,16777216,262144,861044,3178819679781010203,994405,0,0,11,11,260077125632,260077125632
3,P,2m,20260919,846,9,measure,63,independent_random,268435456,1048576,3229757,6703687402728726251,21525024,0,0,11,11,17602669527611,17602669527611
3,P,2m,20260919,847,9,measure,64,independent_random,67108864,1048576,6661825,2106863939008144701,20977702,0,0,11,11,4396040192136,4396040192136
3,P,2m,20260919,848,9,measure,65,independent_random,4194304,1048576,241067,767381521892607769,9969053,0,0,11,11,274826447470,274826447470
3,P,2m,20260919,849,9,measure,66,page_fault_touch,16777216,4096,1738658,17519387772059548751,3174341,137371,8,11,11,8192,8192
3,P,2m,20260919,850,9,measure,67,chase_sequential,524288,262144,20601,2929001796765925371,825270,0,0,11,11,8589803520,8589803520
3,P,2m,20260919,851,9,measure,68,page_fault_touch,268435456,65536,6032788,12257737595162351157,33171731,1224016,128,11,11,131072,131072
3,P,2m,20260919,852,9,measure,69,independent_random_bis,8388608,1048576,867846,9030003662963021989,10458770,0,0,11,11,550090882360,550090882360
3,P,2m,20260919,853,9,measure,70,chase_sequential,65536,262144,3074,17102371647388395911,705222,0,0,11,11,1073610752,1073610752
3,P,2m,20260919,854,9,measure,71,chase_random_double,16777216,524288,1801021,1428465799133343926,170809340,0,0,11,11,549856621969,549856621969
3,P,2m,20260919,855,9,measure,72,chase_random_double,1048576,524288,79120,16236931547428795699,8639761,0,0,11,11,34359476224,34359476224
3,P,2m,20260919,856,9,measure,73,independent_random_bis,524288,1048576,51720,17964071559587138889,1615397,0,0,11,11,34369597727,34369597727
3,P,2m,20260919,857,9,measure,74,independent_random_bis,134217728,1048576,11372733,9377995124976395374,21590284,0,0,11,11,8803102390892,8803102390892
3,P,2m,20260919,858,9,measure,75,independent_random_bis,131072,1048576,2064,110582978439894866,2986255,0,0,11,11,8590147397,8590147397
3,P,2m,20260919,859,9,measure,76,chase_random,65536,262144,1268,6560471436547347833,1488831,0,0,11,11,1073610752,1073610752
3,P,2m,20260919,860,9,measure,77,chase_sequential,32768,262144,3938,14644874878372653568,735962,0,0,11,11,536739840,536739840
3,P,2m,20260919,861,9,measure,78,chase_random,67108864,262144,2382976,15232860375873314012,104829234,0,0,11,11,1099642259987,1099642259987
3,P,2m,20260919,862,9,measure,79,independent_random_bis,8192,1048576,931,14634893631287449665,3007912,0,0,11,11,536448242,536448242
3,P,2m,20260919,863,9,measure,80,independent_random_bis,33554432,1048576,3245242,17740423553945242977,18911937,0,0,11,11,2198008379705,2198008379705
3,P,2m,20260919,864,9,measure,81,chase_random,524288,262144,12809,2973154123473590287,4552182,0,0,11,11,8589803520,8589803520
3,P,2m,20260919,865,9,measure,82,independent_random_bis,1048576,1048576,28485,5079291831859843278,1870034,0,0,11,11,68756030010,68756030010
3,P,2m,20260919,866,9,measure,83,chase_random,33554432,262144,3778844,8083266720659777778,59588940,0,0,11,11,549786404613,549786404613
3,P,2m,20260919,867,9,measure,84,independent_random,16384,1048576,2023,781988737694976697,2737667,0,0,11,11,1073571368,1073571368
3,P,2m,20260919,868,9,measure,85,chase_random_double,4096,524288,82,18222168495966215645,1411180,0,0,11,11,133955584,133955584
3,P,2m,20260919,869,9,measure,86,independent_random_bis,65536,1048576,3788,2133589022266647900,1723424,0,0,11,11,4296554062,4296554062
3,P,2m,20260919,870,10,measure,0,chase_sequential,4096,262144,175,4381193807883440280,715617,0,0,11,11,66977792,66977792
3,P,2m,20260919,871,10,measure,1,chase_sequential,268435456,262144,7515581,2444591048816760030,993191,0,0,11,11,2004524072960,2004524072960
3,P,2m,20260919,872,10,measure,2,chase_random,65536,262144,4776,7515288113155519995,1167301,0,0,11,11,1073610752,1073610752
3,P,2m,20260919,873,10,measure,3,chase_random_double,262144,524288,7694,5314064150901455567,4499368,0,0,11,11,8589672448,8589672448
3,P,2m,20260919,874,10,measure,4,chase_random,131072,262144,6941,9472255149699014310,1839038,0,0,11,11,2147352576,2147352576
3,P,2m,20260919,875,10,measure,5,independent_random,65536,1048576,251,17995869592050278096,1405804,0,0,11,11,4291506350,4291506350
3,P,2m,20260919,876,10,measure,6,chase_sequential,33554432,262144,1598770,13433943963899657999,962031,0,0,11,11,453467570176,453467570176
3,P,2m,20260919,877,10,measure,7,independent_random_bis,2097152,1048576,74403,11724600347939258987,3846672,0,0,11,11,137252856442,137252856442
3,P,2m,20260919,878,10,measure,8,chase_sequential,8388608,262144,897664,167431252552093856,1066107,0,0,11,11,153041633280,153041633280
3,P,2m,20260919,879,10,measure,9,independent_random_bis,262144,1048576,1340,8910582699294769020,1556021,0,0,11,11,17187076236,17187076236
3,P,2m,20260919,880,10,measure,10,independent_random_bis,4194304,1048576,463151,4560274495262232006,9147035,0,0,11,11,275163666681,275163666681
3,P,2m,20260919,881,10,measure,11,independent_random,134217728,1048576,13391327,6229156680307394256,17037896,0,0,11,11,8792862762407,8792862762407
3,P,2m,20260919,882,10,measure,12,chase_random_double,33554432,524288,2736952,16891106319920209062,189166796,0,0,11,11,1100248284027,1100248284027
3,P,2m,20260919,883,10,measure,13,independent_random,4194304,1048576,290813,4089064535476702169,15842645,0,0,11,11,275095665277,275095665277
3,P,2m,20260919,884,10,measure,14,independent_random_bis,268435456,1048576,12838726,3901247080387956229,18730685,0,0,11,11,17584039569738,17584039569738
3,P,2m,20260919,885,10,measure,15,independent_random_bis,524288,1048576,37032,12424642621582588799,2460094,0,0,11,11,34372339728,34372339728
3,P,2m,20260919,886,10,measure,16,independent_random_bis,4096,1048576,210,15970740788035878053,1520219,0,0,11,11,267870450,267870450
3,P,2m,20260919,887,10,measure,17,chase_random_double,4096,524288,219,5738462517009685930,1316090,0,0,11,11,133955584,133955584
3,P,2m,20260919,888,10,measure,18,chase_random,4194304,262144,283647,3494975781415833550,26871576,0,0,11,11,68658601126,68658601126
3,P,2m,20260919,889,10,measure,19,chase_random,32768,262144,19,14986776658517575092,1160000,0,0,11,11,536739840,536739840
3,P,2m,20260919,890,10,measure,20,chase_sequential,131072,262144,9610,7049558623626063024,1104984,0,0,11,11,2147352576,2147352576
3,P,2m,20260919,891,10,measure,21,independent_random_bis,131072,1048576,3700,14553693945452748891,2025553,0,0,11,11,8586893601,8586893601
3,P,2m,20260919,892,10,measure,22,independent_random_bis,8192,1048576,909,4005675323741225255,1633418,0,0,11,11,536308504,536308504
3,P,2m,20260919,893,10,measure,23,chase_random_double,1048576,524288,71671,9931528845143124202,9287714,0,0,11,11,34359476224,34359476224
3,P,2m,20260919,894,10,measure,24,independent_random_bis,8388608,1048576,573857,7572660860629357674,13689782,0,0,11,11,549727048940,549727048940
3,P,2m,20260919,895,10,measure,25,chase_sequential,67108864,262144,6024896,7966489220566845874,1499969,0,0,11,11,1613749944320,1613749944320
3,P,2m,20260919,896,10,measure,26,chase_random,2097152,262144,46570,6279129917657182595,12523434,0,0,11,11,34359607296,34359607296
3,P,2m,20260919,897,10,measure,27,independent_random,33554432,1048576,1675810,6150121413659096990,15815544,0,0,11,11,2199477012083,2199477012083
3,P,2m,20260919,898,10,measure,28,chase_sequential,4194304,262144,458860,2958956999061338204,1608674,0,0,11,11,51511164928,51511164928
3,P,2m,20260919,899,10,measure,29,chase_random,8388608,262144,694839,15567531575071203615,48980130,0,0,11,11,137472625491,137472625491
3,P,2m,20260919,900,10,measure,30,chase_random,524288,262144,33311,13481430821275138935,4659024,0,0,11,11,8589803520,8589803520
3,P,2m,20260919,901,10,measure,31,chase_random,1048576,262144,77700,14596168419532723490,5608961,0,0,11,11,17179738112,17179738112
3,P,2m,20260919,902,10,measure,32,chase_sequential,32768,262144,462,10993936511184033615,676971,0,0,11,11,536739840,536739840
3,P,2m,20260919,903,10,measure,33,independent_random,1048576,1048576,19118,4871528051850386489,1403803,0,0,11,11,68698642017,68698642017
3,P,2m,20260919,904,10,measure,34,independent_random_bis,134217728,1048576,13503187,4502916239413340907,19337994,0,0,11,11,8798678383141,8798678383141
3,P,2m,20260919,905,10,measure,35,chase_sequential,2097152,262144,249364,18161177313200315455,1644427,0,0,11,11,34359607296,34359607296
3,P,2m,20260919,906,10,measure,36,independent_random,4096,1048576,104,3442412421745338183,1612035,0,0,11,11,268091426,268091426
3,P,2m,20260919,907,10,measure,37,independent_random,32768,1048576,3104,11477924159094482997,1369565,0,0,11,11,2147185728,2147185728
3,P,2m,20260919,908,10,measure,38,independent_random,16384,1048576,1431,7238101325265498008,1364457,0,0,11,11,1073187468,1073187468
3,P,2m,20260919,909,10,measure,39,independent_random_bis,32768,1048576,2606,7041349730924570961,1359279,0,0,11,11,2146884916,2146884916
3,P,2m,20260919,910,10,measure,40,chase_sequential,1048576,262144,32147,879275736992265051,821240,0,0,11,11,17179738112,17179738112
3,P,2m,20260919,911,10,measure,41,chase_sequential,16384,262144,1202,8309855786232749572,665004,0,0,11,11,268304384,268304384
3,P,2m,20260919,912,10,measure,42,chase_random_double,67108864,524288,1050643,187555795404794584,201827172,0,0,11,11,2198230434768,2198230434768
3,P,2m,20260919,913,10,measure,43,independent_random,268435456,1048576,29696414,6002054751537418163,22266978,0,0,11,11,17601733812352,17601733812352
3,P,2m,20260919,914,10,measure,44,independent_random,16777216,1048576,1839560,8749776452292449857,15076340,0,0,11,11,1098769781084,1098769781084
3,P,2m,20260919,915,10,measure,45,independent_random_bis,67108864,1048576,2856535,3454404501708093315,20276107,0,0,11,11,4398700422039,4398700422039
3,P,2m,20260919,916,10,measure,46,chase_random,134217728,262144,9015993,15927867981872017892,100402805,0,0,11,11,2201082463105,2201082463105
3,P,2m,20260919,917,10,measure,47,chase_random,4096,262144,277,5157302091876108124,1842690,0,0,11,11,66977792,66977792
3,P,2m,20260919,918,10,measure,48,chase_random,33554432,262144,1184746,12447390621241581537,102112852,0,0,11,11,550012107980,550012107980
3,P,2m,20260919,919,10,measure,49,chase_random,262144,262144,28289,12963069031169911125,3865185,0,0,11,11,4294836224,4294836224
3,P,2m,20260919,920,10,measure,50,chase_random_double,268435456,524288,9495897,10476329872961136945,183281493,0,0,11,11,8791975363242,8791975363242
3,P,2m,20260919,921,10,measure,51,chase_sequential,524288,262144,4702,15960695259689281324,1844900,0,0,11,11,8589803520,8589803520
3,P,2m,20260919,922,10,measure,52,chase_random,268435456,262144,23290538,17455387338254933970,105408523,0,0,11,11,4396438934405,4396438934405
3,P,2m,20260919,923,10,measure,53,chase_random_double,2097152,524288,75464,16154261990895134995,19810746,0,0,11,11,68719214592,68719214592
3,P,2m,20260919,924,10,measure,54,chase_random,8192,262144,173,12710010255020654917,898018,0,0,11,11,134086656,134086656
3,P,2m,20260919,925,10,measure,55,independent_random,2097152,1048576,144409,3235760720201490871,2496093,0,0,11,11,137533965062,137533965062
3,P,2m,20260919,926,10,measure,56,chase_random,67108864,262144,3455997,6197133610258520507,103968045,0,0,11,11,1099056109182,1099056109182
3,P,2m,20260919,927,10,measure,57,chase_sequential,134217728,262144,15225352,4693102152559879122,1953305,0,0,11,11,4025594281984,4025594281984
3,P,2m,20260919,928,10,measure,58,chase_random_double,8388608,524288,686162,4361053241819523025,140950935,0,0,11,11,274769539607,274769539607
3,P,2m,20260919,929,10,measure,59,independent_random,8388608,1048576,459867,5192647213784104744,15412923,0,0,11,11,550032904328,550032904328
3,P,2m,20260919,930,10,measure,60,chase_random_double,16384,524288,2032,12947414680435462136,2523634,0,0,11,11,536608768,536608768
3,P,2m,20260919,931,10,measure,61,chase_random_double,16777216,524288,2041543,15893978777033782293,179847588,0,0,11,11,549683505839,549683505839
3,P,2m,20260919,932,10,measure,62,chase_sequential,262144,262144,13920,17482042689009091083,1873198,0,0,11,11,4294836224,4294836224
3,P,2m,20260919,933,10,measure,63,chase_random_double,32768,524288,1417,14373572993178332784,1679294,0,0,11,11,1073479680,1073479680
3,P,2m,20260919,934,10,measure,64,chase_random,16777216,262144,1109440,5458723655799799534,92014462,0,0,11,11,274628124269,274628124269
3,P,2m,20260919,935,10,measure,65,independent_random_bis,16384,1048576,344,14379945428876868656,2702518,0,0,11,11,1072928242,1072928242
3,P,2m,20260919,936,10,measure,66,page_fault_touch,268435456,65536,8060872,6426145274715757156,33362817,1460079,128,11,11,131072,131072
3,P,2m,20260919,937,10,measure,67,independent_random,67108864,1048576,1591569,15429284536977443948,14743231,0,0,11,11,4396854641746,4396854641746
3,P,2m,20260919,938,10,measure,68,chase_random_double,131072,524288,9422,5990770926386065854,4302444,0,0,11,11,4294705152,4294705152
3,P,2m,20260919,939,10,measure,69,independent_random,131072,1048576,14345,14661515273570708774,1413234,0,0,11,11,8592112891,8592112891
3,P,2m,20260919,940,10,measure,70,chase_random,16384,262144,1157,12062803797566471627,675596,0,0,11,11,268304384,268304384
3,P,2m,20260919,941,10,measure,71,chase_sequential,65536,262144,6459,6491554805068951506,665711,0,0,11,11,1073610752,1073610752
3,P,2m,20260919,942,10,measure,72,independent_random_bis,1048576,1048576,33259,16995008587469485028,2085830,0,0,11,11,68713753817,68713753817
3,P,2m,20260919,943,10,measure,73,chase_random_double,524288,524288,40457,14823311166637137165,5764609,0,0,11,11,17179607040,17179607040
3,P,2m,20260919,944,10,measure,74,independent_random_bis,65536,1048576,485,14049033741656601287,1422527,0,0,11,11,4294327275,4294327275
3,P,2m,20260919,945,10,measure,75,chase_random_double,8192,524288,91,7824823707630622477,1360023,0,0,11,11,268173312,268173312
3,P,2m,20260919,946,10,measure,76,chase_sequential,16777216,262144,1897514,15312218562220735414,816645,0,0,11,11,400696934400,400696934400
3,P,2m,20260919,947,10,measure,77,independent_random,262144,1048576,687,18163446751627391972,1440715,0,0,11,11,17168978609,17168978609
3,P,2m,20260919,948,10,measure,78,chase_random_double,134217728,524288,11822296,6702009974178046567,195324163,0,0,11,11,4397733213843,4397733213843
3,P,2m,20260919,949,10,measure,79,independent_random_bis,16777216,1048576,512393,18399210645556115205,16529932,0,0,11,11,1098650730869,1098650730869
3,P,2m,20260919,950,10,measure,80,chase_random_double,4194304,524288,199015,10481498179749886339,98549891,0,0,11,11,137438691328,137438691328
3,P,2m,20260919,951,10,measure,81,chase_random_double,65536,524288,4664,7641948778199245951,3568130,0,0,11,11,2147221504,2147221504
3,P,2m,20260919,952,10,measure,82,independent_random,524288,1048576,41028,11040876243973972769,1561525,0,0,11,11,34365098749,34365098749
3,P,2m,20260919,953,10,measure,83,page_fault_touch,16777216,4096,1107119,11275871790008576087,2679844,61112,8,11,11,8192,8192
3,P,2m,20260919,954,10,measure,84,independent_random_bis,33554432,1048576,1520683,17386851151370826856,19012003,0,0,11,11,2197954102576,2197954102576
3,P,2m,20260919,955,10,measure,85,chase_sequential,8192,262144,343,15559538063379618237,1590687,0,0,11,11,134086656,134086656
3,P,2m,20260919,956,10,measure,86,independent_random,8192,1048576,4,9204894886276080194,1616230,0,0,11,11,536298132,536298132
