run_id,core,pages,seed,sample,round,phase,position,label,bytes,accesses,start,salt,elapsed_ns,second_elapsed_ns,faults,cpu_before,cpu_after,result,expected
29,P,4k,20260919,0,0,warmup,0,independent_random,268435456,1048576,17446398,14627219345790991717,20560101,0,0,11,11,17591091208862,17591091208862
29,P,4k,20260919,1,0,warmup,1,chase_random_double,2097152,524288,212012,5684194626352057366,21335835,0,0,11,11,68719214592,68719214592
29,P,4k,20260919,2,0,warmup,2,independent_random_bis,32768,1048576,3951,17975977531026988972,1097622,0,0,11,11,2146736985,2146736985
29,P,4k,20260919,3,0,warmup,3,independent_random,65536,1048576,2342,3164057711475315541,1143448,0,0,11,11,4295839186,4295839186
29,P,4k,20260919,4,0,warmup,4,independent_random,16384,1048576,1480,5188278446914454791,1096328,0,0,11,11,1074474436,1074474436
29,P,4k,20260919,5,0,warmup,5,chase_sequential,16777216,262144,1792566,9296538233477115079,929738,0,0,11,11,504270028800,504270028800
29,P,4k,20260919,6,0,warmup,6,chase_random_double,268435456,524288,7976769,14336474085390313041,204457241,0,0,11,11,8792553202260,8792553202260
29,P,4k,20260919,7,0,warmup,7,chase_random,268435456,262144,3275199,650372094415533660,120273654,0,0,11,11,4396157489836,4396157489836
29,P,4k,20260919,8,0,warmup,8,chase_sequential,134217728,262144,10889632,8366838127398714021,1917093,0,0,11,11,2889011298304,2889011298304
29,P,4k,20260919,9,0,warmup,9,chase_random,1048576,262144,58031,16635311604909561002,7652662,0,0,11,11,17179738112,17179738112
29,P,4k,20260919,10,0,warmup,10,independent_random,131072,1048576,14337,18411978385394808545,1430979,0,0,11,11,8592458045,8592458045
29,P,4k,20260919,11,0,warmup,11,chase_sequential,67108864,262144,4131362,13506621918091709177,954709,0,0,11,11,1117371367424,1117371367424
29,P,4k,20260919,12,0,warmup,12,chase_sequential,1048576,262144,30911,4857905650412167797,806713,0,0,11,11,17179738112,17179738112
29,P,4k,20260919,13,0,warmup,13,chase_random,4096,262144,444,17109501530266961506,663914,0,0,11,11,66977792,66977792
29,P,4k,20260919,14,0,warmup,14,independent_random_bis,524288,1048576,25935,16607982423234550207,1839817,0,0,11,11,34342466277,34342466277
29,P,4k,20260919,15,0,warmup,15,independent_random,262144,1048576,19737,5455606383266542321,1513669,0,0,11,11,17191147390,17191147390
29,P,4k,20260919,16,0,warmup,16,independent_random,4194304,1048576,199645,13763168048272497356,11973249,0,0,11,11,274969743288,274969743288
29,P,4k,20260919,17,0,warmup,17,chase_sequential,65536,262144,4109,5611314364691276677,1481543,0,0,11,11,1073610752,1073610752
29,P,4k,20260919,18,0,warmup,18,chase_random,262144,262144,31783,14529678583793096127,2647420,0,0,11,11,4294836224,4294836224
29,P,4k,20260919,19,0,warmup,19,chase_random,65536,262144,8096,13203390464736268384,1185017,0,0,11,11,1073610752,1073610752
29,P,4k,20260919,20,0,warmup,20,chase_random_double,4194304,524288,130751,11621127233725989611,21618199,0,0,11,11,137438691328,137438691328
29,P,4k,20260919,21,0,warmup,21,independent_random_bis,131072,1048576,8307,13902786846102225140,1795164,0,0,11,11,8590317832,8590317832
29,P,4k,20260919,22,0,warmup,22,independent_random,16777216,1048576,1651633,15281977075214473896,14297508,0,0,11,11,1099743785615,1099743785615
29,P,4k,20260919,23,0,warmup,23,chase_random,524288,262144,48028,13329722857355109264,4273680,0,0,11,11,8589803520,8589803520
29,P,4k,20260919,24,0,warmup,24,independent_random,67108864,1048576,247569,994076225437725294,18876151,0,0,11,11,4399092217425,4399092217425
29,P,4k,20260919,25,0,warmup,25,independent_random,524288,1048576,43553,507245897944872930,2777919,0,0,11,11,34352142545,34352142545
29,P,4k,20260919,26,0,warmup,26,chase_random_double,131072,524288,9069,480021757482557671,4044784,0,0,11,11,4294705152,4294705152
29,P,4k,20260919,27,0,warmup,27,independent_random_bis,262144,1048576,21888,18069479752761124105,1701024,0,0,11,11,17186790208,17186790208
29,P,4k,20260919,28,0,warmup,28,chase_random_double,8388608,524288,295004,5987785731811356556,123152761,0,0,11,11,275027748980,275027748980
29,P,4k,20260919,29,0,warmup,29,chase_random,32768,262144,3367,10788364978510457762,1627296,0,0,11,11,536739840,536739840
29,P,4k,20260919,30,0,warmup,30,chase_random,4194304,262144,380113,8343040459632197897,38564977,0,0,11,11,68702123118,68702123118
29,P,4k,20260919,31,0,warmup,31,chase_random_double,32768,524288,2839,1170554372602212441,2204697,0,0,11,11,1073479680,1073479680
29,P,4k,20260919,32,0,warmup,32,chase_random,16777216,262144,1881928,9910708801396520159,95222763,0,0,11,11,275114401000,275114401000
29,P,4k,20260919,33,0,warmup,33,chase_random,67108864,262144,3089202,13518012331066588562,91863379,0,0,11,11,1098237023759,1098237023759
29,P,4k,20260919,34,0,warmup,34,independent_random,8388608,1048576,210491,15231577856371249831,16587157,0,0,11,11,549878711853,549878711853
29,P,4k,20260919,35,0,warmup,35,chase_random_double,262144,524288,10597,1493629052449044885,5320210,0,0,11,11,8589672448,8589672448
29,P,4k,20260919,36,0,warmup,36,independent_random_bis,33554432,1048576,3221741,2130144228689684506,25628327,0,0,11,11,2199825864916,2199825864916
29,P,4k,20260919,37,0,warmup,37,independent_random_bis,8192,1048576,814,9417505052409899532,2524906,0,0,11,11,536555667,536555667
29,P,4k,20260919,38,0,warmup,38,chase_random_double,1048576,524288,19918,1077334370657581709,10366340,0,0,11,11,34359476224,34359476224
29,P,4k,20260919,39,0,warmup,39,chase_sequential,33554432,262144,3767293,14093730999341579058,988472,0,0,11,11,1021932863488,1021932863488
29,P,4k,20260919,40,0,warmup,40,independent_random_bis,134217728,1048576,16726130,11644529763024693311,28003357,0,0,11,11,8790631347746,8790631347746
29,P,4k,20260919,41,0,warmup,41,independent_random,1048576,1048576,48032,7041503306005907162,3725965,0,0,11,11,68703663133,68703663133
29,P,4k,20260919,42,0,warmup,42,independent_random,4096,1048576,20,17550163547203066089,1522616,0,0,11,11,267969264,267969264
29,P,4k,20260919,43,0,warmup,43,chase_random,134217728,262144,8446573,12954084640604912433,113192698,0,0,11,11,2203205420211,2203205420211
29,P,4k,20260919,44,0,warmup,44,chase_sequential,8192,262144,630,12687262796291046802,1665922,0,0,11,11,134086656,134086656
29,P,4k,20260919,45,0,warmup,45,independent_random_bis,16777216,1048576,290956,10282124623857028179,21177678,0,0,11,11,1099185704008,1099185704008
29,P,4k,20260919,46,0,warmup,46,independent_random_bis,2097152,1048576,156622,8696892911063465517,5887211,0,0,11,11,137530484007,137530484007
29,P,4k,20260919,47,0,warmup,47,independent_random_bis,16384,1048576,1582,4845947311968724803,1672104,0,0,11,11,1074171833,1074171833
29,P,4k,20260919,48,0,warmup,48,chase_sequential,268435456,262144,12188422,13274363732061343891,914873,0,0,11,11,3229481304064,3229481304064
29,P,4k,20260919,49,0,warmup,49,independent_random,8192,1048576,442,5650725208179567160,1367859,0,0,11,11,535922254,535922254
29,P,4k,20260919,50,0,warmup,50,chase_random_double,16384,524288,559,415381625843563788,1328074,0,0,11,11,536608768,536608768
29,P,4k,20260919,51,0,warmup,51,chase_random,16384,262144,604,13557345502865122432,656861,0,0,11,11,268304384,268304384
29,P,4k,20260919,52,0,warmup,52,chase_sequential,32768,262144,1710,952452739559228943,663026,0,0,11,11,536739840,536739840
29,P,4k,20260919,53,0,warmup,53,chase_random,33554432,262144,1271928,10496855670281826206,108828520,0,0,11,11,550571651360,550571651360
29,P,4k,20260919,54,0,warmup,54,chase_random,131072,262144,13763,3179949765690811332,3632854,0,0,11,11,2147352576,2147352576
29,P,4k,20260919,55,0,warmup,55,chase_sequential,16384,262144,1856,13251315185400088153,796349,0,0,11,11,268304384,268304384
29,P,4k,20260919,56,0,warmup,56,chase_sequential,4194304,262144,265000,16782186925921505638,1019943,0,0,11,11,102330400768,102330400768
29,P,4k,20260919,57,0,warmup,57,independent_random,33554432,1048576,1610754,18429030592805764530,25645044,0,0,11,11,2198564261707,2198564261707
29,P,4k,20260919,58,0,warmup,58,independent_random,2097152,1048576,125354,3462909374312871826,5955732,0,0,11,11,137472315307,137472315307
29,P,4k,20260919,59,0,warmup,59,chase_random,8192,262144,692,2779921589043558409,984681,0,0,11,11,134086656,134086656
29,P,4k,20260919,60,0,warmup,60,chase_sequential,8388608,262144,77499,5483120572356569498,802952,0,0,11,11,54675505152,54675505152
29,P,4k,20260919,61,0,warmup,61,chase_random_double,524288,524288,5467,2385894236707333920,6128965,0,0,11,11,17179607040,17179607040
29,P,4k,20260919,62,0,warmup,62,chase_sequential,131072,262144,106,13077964388007972247,676008,0,0,11,11,2147352576,2147352576
29,P,4k,20260919,63,0,warmup,63,independent_random_bis,1048576,1048576,9863,17859638131088589913,2454079,0,0,11,11,68705071931,68705071931
29,P,4k,20260919,64,0,warmup,64,chase_sequential,262144,262144,28457,5609929223038626337,767465,0,0,11,11,4294836224,4294836224
29,P,4k,20260919,65,0,warmup,65,independent_random_bis,8388608,1048576,759534,17701137254573912145,12090467,0,0,11,11,549876685402,549876685402
29,P,4k,20260919,66,0,warmup,66,page_fault_touch,16777216,4096,1555634,18112641511752934726,9468973,168895,4096,11,11,8192,8192
29,P,4k,20260919,67,0,warmup,67,independent_random,134217728,1048576,10858523,14323147443530991078,21341416,0,0,11,11,8796121337049,8796121337049
29,P,4k,20260919,68,0,warmup,68,chase_random_double,67108864,524288,6013977,6548176068385732302,217237251,0,0,11,11,2199422732391,2199422732391
29,P,4k,20260919,69,0,warmup,69,independent_random_bis,65536,1048576,4325,12857592804539992453,2818553,0,0,11,11,4292472942,4292472942
29,P,4k,20260919,70,0,warmup,70,independent_random_bis,67108864,1048576,8145221,4752808569679764023,24295377,0,0,11,11,4400701593941,4400701593941
29,P,4k,20260919,71,0,warmup,71,chase_random_double,65536,524288,976,7143118976843320576,3511654,0,0,11,11,2147221504,2147221504
29,P,4k,20260919,72,0,warmup,72,chase_random_double,16777216,524288,1900859,16264823494359573299,190596311,0,0,11,11,549572024817,549572024817
29,P,4k,20260919,73,0,warmup,73,chase_sequential,524288,262144,5339,296652006303108771,1687267,0,0,11,11,8589803520,8589803520
29,P,4k,20260919,74,0,warmup,74,chase_random_double,8192,524288,925,15957469828636287622,1612055,0,0,11,11,268173312,268173312
29,P,4k,20260919,75,0,warmup,75,chase_random_double,4096,524288,270,9359156226931417203,1323229,0,0,11,11,133955584,133955584
29,P,4k,20260919,76,0,warmup,76,page_fault_touch,268435456,65536,19116426,14731727596036873306,117060688,2869748,65536,11,11,131072,131072
29,P,4k,20260919,77,0,warmup,77,chase_sequential,4096,262144,426,17261476705252349766,527148,0,0,11,11,66977792,66977792
29,P,4k,20260919,78,0,warmup,78,independent_random_bis,4096,1048576,365,16628818538631822341,1190946,0,0,11,11,267832714,267832714
29,P,4k,20260919,79,0,warmup,79,chase_sequential,2097152,262144,164319,13277314656936960858,959270,0,0,11,11,34359607296,34359607296
29,P,4k,20260919,80,0,warmup,80,independent_random_bis,4194304,1048576,73567,3701178688857829270,4355399,0,0,11,11,275080324459,275080324459
29,P,4k,20260919,81,0,warmup,81,independent_random,32768,1048576,2512,8393390574618865446,1276381,0,0,11,11,2145513854,2145513854
29,P,4k,20260919,82,0,warmup,82,chase_random_double,134217728,524288,1375657,3078877193688496851,177964201,0,0,11,11,4396563925171,4396563925171
29,P,4k,20260919,83,0,warmup,83,chase_random,8388608,262144,775375,14986912019435355525,81685706,0,0,11,11,137325697893,137325697893
29,P,4k,20260919,84,0,warmup,84,chase_random_double,33554432,524288,2532748,12876204566357033533,221970477,0,0,11,11,1099258147047,1099258147047
29,P,4k,20260919,85,0,warmup,85,independent_random_bis,268435456,1048576,15558631,17338892628397761841,27412115,0,0,11,11,17569013079210,17569013079210
29,P,4k,20260919,86,0,warmup,86,chase_random,2097152,262144,121073,4338223881162678395,16037025,0,0,11,11,34359607296,34359607296
29,P,4k,20260919,87,1,measure,0,chase_sequential,67108864,262144,1006394,4977200543191989242,971582,0,0,11,11,298179756032,298179756032
29,P,4k,20260919,88,1,measure,1,page_fault_touch,268435456,65536,27554128,14079028201083850381,117671687,2826559,65536,11,11,131072,131072
29,P,4k,20260919,89,1,measure,2,chase_random,67108864,262144,6505492,796725552042766305,76625216,0,0,11,11,1100413299485,1100413299485
29,P,4k,20260919,90,1,measure,3,independent_random,32768,1048576,3368,8105906753169282627,1730685,0,0,11,11,2147658938,2147658938
29,P,4k,20260919,91,1,measure,4,chase_random_double,268435456,524288,16638964,14707456384236242287,219374621,0,0,11,11,8781944895087,8781944895087
29,P,4k,20260919,92,1,measure,5,independent_random,67108864,1048576,600045,11620225393112489965,20516073,0,0,11,11,4401684291406,4401684291406
29,P,4k,20260919,93,1,measure,6,chase_random_double,8388608,524288,546747,1111958893781272938,118718122,0,0,11,11,274930689472,274930689472
29,P,4k,20260919,94,1,measure,7,chase_sequential,131072,262144,13408,15577768259167060581,1410244,0,0,11,11,2147352576,2147352576
29,P,4k,20260919,95,1,measure,8,chase_random,1048576,262144,129204,12081308276739506951,7525690,0,0,11,11,17179738112,17179738112
29,P,4k,20260919,96,1,measure,9,independent_random_bis,524288,1048576,52568,6749408289321514076,1650859,0,0,11,11,34352868732,34352868732
29,P,4k,20260919,97,1,measure,10,independent_random_bis,4194304,1048576,487865,13256171503708229232,7596820,0,0,11,11,274700206812,274700206812
29,P,4k,20260919,98,1,measure,11,chase_random,134217728,262144,11970702,627975939140834724,120628560,0,0,11,11,2199297183520,2199297183520
29,P,4k,20260919,99,1,measure,12,chase_random_double,262144,524288,1335,10180122299487253881,5959658,0,0,11,11,8589672448,8589672448
29,P,4k,20260919,100,1,measure,13,independent_random,4194304,1048576,272537,18204088684899878163,5566229,0,0,11,11,274787685663,274787685663
29,P,4k,20260919,101,1,measure,14,chase_random,32768,262144,498,12910049505643312187,883732,0,0,11,11,536739840,536739840
29,P,4k,20260919,102,1,measure,15,independent_random_bis,32768,1048576,3086,10338423988186595952,1518048,0,0,11,11,2146624558,2146624558
29,P,4k,20260919,103,1,measure,16,chase_random,16777216,262144,414728,14006880371252649554,100194176,0,0,11,11,274789104359,274789104359
29,P,4k,20260919,104,1,measure,17,page_fault_touch,16777216,4096,1393558,769354000386726282,9112242,162658,4096,11,11,8192,8192
29,P,4k,20260919,105,1,measure,18,chase_random,33554432,262144,68537,6640152671462544120,107967915,0,0,11,11,550808708209,550808708209
29,P,4k,20260919,106,1,measure,19,independent_random_bis,268435456,1048576,7856918,15779187216871016113,35378808,0,0,11,11,17616226842374,17616226842374
29,P,4k,20260919,107,1,measure,20,chase_sequential,16384,262144,334,6046091620322378245,1778579,0,0,11,11,268304384,268304384
29,P,4k,20260919,108,1,measure,21,chase_sequential,32768,262144,2756,13929991961737907632,826699,0,0,11,11,536739840,536739840
29,P,4k,20260919,109,1,measure,22,independent_random,1048576,1048576,15569,13864694230053380715,2704058,0,0,11,11,68692098764,68692098764
29,P,4k,20260919,110,1,measure,23,independent_random,33554432,1048576,1074264,1888962197744934371,25096739,0,0,11,11,2199725481380,2199725481380
29,P,4k,20260919,111,1,measure,24,independent_random_bis,134217728,1048576,2718346,7387999871362199215,31676839,0,0,11,11,8796132169757,8796132169757
29,P,4k,20260919,112,1,measure,25,chase_sequential,262144,262144,19573,1694592484938401663,1738752,0,0,11,11,4294836224,4294836224
29,P,4k,20260919,113,1,measure,26,chase_sequential,33554432,262144,2819321,12809620439494456363,1066452,0,0,11,11,773427691520,773427691520
29,P,4k,20260919,114,1,measure,27,independent_random,4096,1048576,19,5363916099923903682,1461310,0,0,11,11,268122198,268122198
29,P,4k,20260919,115,1,measure,28,chase_random,16384,262144,1204,14189573176526563097,685683,0,0,11,11,268304384,268304384
29,P,4k,20260919,116,1,measure,29,independent_random,16777216,1048576,708202,7249271604053633184,20390985,0,0,11,11,1100032374879,1100032374879
29,P,4k,20260919,117,1,measure,30,independent_random,16384,1048576,840,18293541846206362939,2443529,0,0,11,11,1073131001,1073131001
29,P,4k,20260919,118,1,measure,31,chase_random,524288,262144,38833,1733605175344077532,5281372,0,0,11,11,8589803520,8589803520
29,P,4k,20260919,119,1,measure,32,independent_random,268435456,1048576,29329892,8827484116467505463,30337366,0,0,11,11,17591150522032,17591150522032
29,P,4k,20260919,120,1,measure,33,independent_random_bis,131072,1048576,11611,4493043041229851867,3345934,0,0,11,11,8590162974,8590162974
29,P,4k,20260919,121,1,measure,34,independent_random,2097152,1048576,190357,6470849669324964289,4214221,0,0,11,11,137449393663,137449393663
29,P,4k,20260919,122,1,measure,35,chase_random_double,32768,524288,25,13954037569641996822,1610783,0,0,11,11,1073479680,1073479680
29,P,4k,20260919,123,1,measure,36,chase_sequential,524288,262144,7393,15497075742083840154,819470,0,0,11,11,8589803520,8589803520
29,P,4k,20260919,124,1,measure,37,chase_random_double,67108864,524288,3834388,9621896186086003505,227473355,0,0,11,11,2199285588085,2199285588085
29,P,4k,20260919,125,1,measure,38,chase_random,8388608,262144,780752,3360213289833771064,78469089,0,0,11,11,137674973631,137674973631
29,P,4k,20260919,126,1,measure,39,chase_random_double,4096,524288,43,13555126636687270505,2475497,0,0,11,11,133955584,133955584
29,P,4k,20260919,127,1,measure,40,independent_random_bis,262144,1048576,7180,8159484537882549070,1625385,0,0,11,11,17176532571,17176532571
29,P,4k,20260919,128,1,measure,41,independent_random_bis,16777216,1048576,931078,11380016175061766238,20939976,0,0,11,11,1099889118897,1099889118897
29,P,4k,20260919,129,1,measure,42,chase_random_double,16777216,524288,1621125,15610144668484377079,63720131,0,0,11,11,549648448622,549648448622
29,P,4k,20260919,130,1,measure,43,chase_sequential,4194304,262144,81087,12780698172079420793,1268921,0,0,11,11,55616077824,55616077824
29,P,4k,20260919,131,1,measure,44,chase_random,2097152,262144,183983,18035029079442800931,14356915,0,0,11,11,34359607296,34359607296
29,P,4k,20260919,132,1,measure,45,independent_random,134217728,1048576,3795538,12590792562603520220,24541223,0,0,11,11,8789414407828,8789414407828
29,P,4k,20260919,133,1,measure,46,chase_random_double,131072,524288,7607,1255450788437503901,4830366,0,0,11,11,4294705152,4294705152
29,P,4k,20260919,134,1,measure,47,chase_random_double,16384,524288,1247,756169107747026330,1418620,0,0,11,11,536608768,536608768
29,P,4k,20260919,135,1,measure,48,independent_random,131072,1048576,8128,5814134705526876294,1516683,0,0,11,11,8590713067,8590713067
29,P,4k,20260919,136,1,measure,49,independent_random_bis,8192,1048576,685,5982389344785613815,1524086,0,0,11,11,536089545,536089545
29,P,4k,20260919,137,1,measure,50,chase_sequential,8388608,262144,952202,3181967089453409261,1004893,0,0,11,11,110151204864,110151204864
29,P,4k,20260919,138,1,measure,51,independent_random_bis,8388608,1048576,1005437,18163313753679164852,12974488,0,0,11,11,549859719401,549859719401
29,P,4k,20260919,139,1,measure,52,chase_random_double,4194304,524288,196530,15377869682677771154,53718499,0,0,11,11,137438691328,137438691328
29,P,4k,20260919,140,1,measure,53,chase_random,4194304,262144,479078,4117491162007037956,7389777,0,0,11,11,68744295912,68744295912
29,P,4k,20260919,141,1,measure,54,chase_sequential,16777216,262144,1838594,5926795764625383993,1007129,0,0,11,11,508815605760,508815605760
29,P,4k,20260919,142,1,measure,55,independent_random_bis,16384,1048576,1980,10435767014272209131,1371603,0,0,11,11,1073102647,1073102647
29,P,4k,20260919,143,1,measure,56,chase_random_double,8192,524288,818,10513659496500091235,1329821,0,0,11,11,268173312,268173312
29,P,4k,20260919,144,1,measure,57,chase_sequential,268435456,262144,8010943,693982272076504983,949518,0,0,11,11,2134380249088,2134380249088
29,P,4k,20260919,145,1,measure,58,independent_random_bis,67108864,1048576,5641743,3907985746941779043,18145230,0,0,11,11,4399264898866,4399264898866
29,P,4k,20260919,146,1,measure,59,chase_random_double,524288,524288,25391,11666665748191135716,6722592,0,0,11,11,17179607040,17179607040
29,P,4k,20260919,147,1,measure,60,independent_random,65536,1048576,2147,16555568532925513358,1421550,0,0,11,11,4295472451,4295472451
29,P,4k,20260919,148,1,measure,61,independent_random,8388608,1048576,930422,1661692082223811333,11365318,0,0,11,11,549723595583,549723595583
29,P,4k,20260919,149,1,measure,62,chase_random,131072,262144,924,16798992201749675562,2578345,0,0,11,11,2147352576,2147352576
29,P,4k,20260919,150,1,measure,63,independent_random_bis,33554432,1048576,139575,7820735982522627057,16725821,0,0,11,11,2195944828888,2195944828888
29,P,4k,20260919,151,1,measure,64,chase_sequential,8192,262144,445,5176478234400834160,1104723,0,0,11,11,134086656,134086656
29,P,4k,20260919,152,1,measure,65,chase_random,4096,262144,213,7312246305434137634,1084139,0,0,11,11,66977792,66977792
29,P,4k,20260919,153,1,measure,66,chase_sequential,65536,262144,2170,13817631048133833803,816243,0,0,11,11,1073610752,1073610752
29,P,4k,20260919,154,1,measure,67,chase_sequential,2097152,262144,29938,3633626897065897225,1026988,0,0,11,11,34359607296,34359607296
29,P,4k,20260919,155,1,measure,68,independent_random_bis,65536,1048576,6641,10128962019598054884,1414292,0,0,11,11,4292914237,4292914237
29,P,4k,20260919,156,1,measure,69,chase_random,8192,262144,142,3464870805950105475,673359,0,0,11,11,134086656,134086656
29,P,4k,20260919,157,1,measure,70,chase_sequential,1048576,262144,44059,13084715317630510969,831053,0,0,11,11,17179738112,17179738112
29,P,4k,20260919,158,1,measure,71,independent_random_bis,4096,1048576,55,4851403265983784270,1359394,0,0,11,11,267819247,267819247
29,P,4k,20260919,159,1,measure,72,independent_random,524288,1048576,38175,4171588937912740313,1660917,0,0,11,11,34402210317,34402210317
29,P,4k,20260919,160,1,measure,73,chase_random_double,134217728,524288,12975941,736390533921847960,219385737,0,0,11,11,4396437277826,4396437277826
29,P,4k,20260919,161,1,measure,74,independent_random_bis,2097152,1048576,11360,1629704984812110328,5780827,0,0,11,11,137419599626,137419599626
29,P,4k,20260919,162,1,measure,75,chase_random_double,33554432,524288,2758683,11487003099885600838,204369663,0,0,11,11,1099379088555,1099379088555
29,P,4k,20260919,163,1,measure,76,independent_random_bis,1048576,1048576,32196,17646028908025606807,3333114,0,0,11,11,68706094332,68706094332
29,P,4k,20260919,164,1,measure,77,chase_random_double,1048576,524288,39797,1485697248305021806,5323654,0,0,11,11,34359476224,34359476224
29,P,4k,20260919,165,1,measure,78,chase_random_double,65536,524288,2172,13505869608607045384,2268046,0,0,11,11,2147221504,2147221504
29,P,4k,20260919,166,1,measure,79,chase_sequential,134217728,262144,359029,4087195534833222006,966610,0,0,11,11,128476905472,128476905472
29,P,4k,20260919,167,1,measure,80,chase_random_double,2097152,524288,102160,14291543978160301697,15375653,0,0,11,11,68719214592,68719214592
29,P,4k,20260919,168,1,measure,81,chase_random,262144,262144,2770,10881616061531946858,2643466,0,0,11,11,4294836224,4294836224
29,P,4k,20260919,169,1,measure,82,chase_random,268435456,262144,26271084,2316935428134338661,118090145,0,0,11,11,4401529389624,4401529389624
29,P,4k,20260919,170,1,measure,83,chase_sequential,4096,262144,125,10666132177952091931,1666074,0,0,11,11,66977792,66977792
29,P,4k,20260919,171,1,measure,84,independent_random,262144,1048576,29685,3603967886540158986,1791964,0,0,11,11,17176235821,17176235821
29,P,4k,20260919,172,1,measure,85,independent_random,8192,1048576,819,3292040365640619982,1362622,0,0,11,11,536511403,536511403
29,P,4k,20260919,173,1,measure,86,chase_random,65536,262144,6454,7237487912410559000,1113694,0,0,11,11,1073610752,1073610752
29,P,4k,20260919,174,2,measure,0,chase_random,268435456,262144,30415869,14829636396712697921,125200950,0,0,11,11,4394881340371,4394881340371
29,P,4k,20260919,175,2,measure,1,independent_random,16384,1048576,964,13133256991606089904,3451707,0,0,11,11,1073485087,1073485087
29,P,4k,20260919,176,2,measure,2,chase_random_double,262144,524288,16696,9625719683581219483,4081124,0,0,11,11,8589672448,8589672448
29,P,4k,20260919,177,2,measure,3,independent_random,33554432,1048576,2482225,15777655130920587720,24843690,0,0,11,11,2197075455274,2197075455274
29,P,4k,20260919,178,2,measure,4,chase_random_double,268435456,524288,5393243,9220149621824389013,224484566,0,0,11,11,8780312244824,8780312244824
29,P,4k,20260919,179,2,measure,5,chase_random,16384,262144,390,17477933730552681146,1880285,0,0,11,11,268304384,268304384
29,P,4k,20260919,180,2,measure,6,chase_random_double,4096,524288,430,478898997992717149,1768921,0,0,11,11,133955584,133955584
29,P,4k,20260919,181,2,measure,7,chase_sequential,65536,262144,4243,13060492796719712327,733650,0,0,11,11,1073610752,1073610752
29,P,4k,20260919,182,2,measure,8,independent_random,524288,1048576,138,17892892079598837032,1587905,0,0,11,11,34375335277,34375335277
29,P,4k,20260919,183,2,measure,9,chase_random_double,67108864,524288,5805682,1605190369219613278,229185175,0,0,11,11,2200540059934,2200540059934
29,P,4k,20260919,184,2,measure,10,chase_random_double,1048576,524288,117895,11451826972535580017,10461182,0,0,11,11,34359476224,34359476224
29,P,4k,20260919,185,2,measure,11,independent_random,4096,1048576,381,8649621200044997731,1362837,0,0,11,11,268037523,268037523
29,P,4k,20260919,186,2,measure,12,independent_random_bis,33554432,1048576,2940793,5722336319845261447,22175920,0,0,11,11,2200476867539,2200476867539
29,P,4k,20260919,187,2,measure,13,chase_random_double,16384,524288,163,868169216796697754,2559045,0,0,11,11,536608768,536608768
29,P,4k,20260919,188,2,measure,14,independent_random_bis,2097152,1048576,141191,5070995651861022902,3996977,0,0,11,11,137431911041,137431911041
29,P,4k,20260919,189,2,measure,15,chase_sequential,8192,262144,979,808507083336792288,773283,0,0,11,11,134086656,134086656
29,P,4k,20260919,190,2,measure,16,chase_sequential,4194304,262144,472122,270101713219633075,990316,0,0,11,11,48034611200,48034611200
29,P,4k,20260919,191,2,measure,17,independent_random_bis,8192,1048576,37,15649974100970932628,1365548,0,0,11,11,536330597,536330597
29,P,4k,20260919,192,2,measure,18,page_fault_touch,16777216,4096,1651106,14347584688834829137,8270166,76133,4096,11,11,8192,8192
29,P,4k,20260919,193,2,measure,19,chase_random,1048576,262144,16081,9962673530916075781,4836893,0,0,11,11,17179738112,17179738112
29,P,4k,20260919,194,2,measure,20,chase_random,16777216,262144,436905,10571755530049851659,85250359,0,0,11,11,274975000920,274975000920
29,P,4k,20260919,195,2,measure,21,chase_random_double,8192,524288,679,6748360697613938452,3190566,0,0,11,11,268173312,268173312
29,P,4k,20260919,196,2,measure,22,chase_random,524288,262144,22023,4228586783205796001,4156575,0,0,11,11,8589803520,8589803520
29,P,4k,20260919,197,2,measure,23,independent_random,131072,1048576,4582,2826961554077512661,1537899,0,0,11,11,8579681325,8579681325
29,P,4k,20260919,198,2,measure,24,independent_random_bis,65536,1048576,3279,15067742046830752160,1429211,0,0,11,11,4293217336,4293217336
29,P,4k,20260919,199,2,measure,25,independent_random,16777216,1048576,1454621,2033068046827552626,16762846,0,0,11,11,1098780282231,1098780282231
29,P,4k,20260919,200,2,measure,26,chase_random_double,134217728,524288,12793352,15261643453597485328,234596004,0,0,11,11,4403525696173,4403525696173
29,P,4k,20260919,201,2,measure,27,chase_random,33554432,262144,1018160,14668268158515982625,112611833,0,0,11,11,550560227512,550560227512
29,P,4k,20260919,202,2,measure,28,chase_sequential,4096,262144,244,11093228310189266539,1653487,0,0,11,11,66977792,66977792
29,P,4k,20260919,203,2,measure,29,independent_random_bis,16777216,1048576,1197235,268101623667763700,21159171,0,0,11,11,1099171280114,1099171280114
29,P,4k,20260919,204,2,measure,30,chase_random,262144,262144,20490,16080824742079752934,3603970,0,0,11,11,4294836224,4294836224
29,P,4k,20260919,205,2,measure,31,chase_sequential,8388608,262144,786769,7407616021892392878,945497,0,0,11,11,240253009920,240253009920
29,P,4k,20260919,206,2,measure,32,chase_random,8388608,262144,680307,5603760182497696458,73272609,0,0,11,11,137470222466,137470222466
29,P,4k,20260919,207,2,measure,33,chase_random,4194304,262144,105255,8349037798070708059,44430275,0,0,11,11,68778770316,68778770316
29,P,4k,20260919,208,2,measure,34,chase_random,8192,262144,364,1271326979145141312,1075733,0,0,11,11,134086656,134086656
29,P,4k,20260919,209,2,measure,35,chase_random,65536,262144,3049,1089334294817563020,1505037,0,0,11,11,1073610752,1073610752
29,P,4k,20260919,210,2,measure,36,independent_random_bis,8388608,1048576,473021,10452585572429552524,12167438,0,0,11,11,549317070605,549317070605
29,P,4k,20260919,211,2,measure,37,chase_sequential,32768,262144,3190,5164878366992234089,1347782,0,0,11,11,536739840,536739840
29,P,4k,20260919,212,2,measure,38,independent_random_bis,268435456,1048576,31263506,14356320181231246691,33113165,0,0,11,11,17608706721807,17608706721807
29,P,4k,20260919,213,2,measure,39,independent_random_bis,32768,1048576,3861,6626593356418382682,2477754,0,0,11,11,2147233754,2147233754
29,P,4k,20260919,214,2,measure,40,independent_random_bis,1048576,1048576,60221,2539533397576052634,2365719,0,0,11,11,68706025303,68706025303
29,P,4k,20260919,215,2,measure,41,chase_sequential,33554432,262144,972072,3324736690921727614,1021506,0,0,11,11,289182449664,289182449664
29,P,4k,20260919,216,2,measure,42,chase_random_double,131072,524288,1032,5741682965690562308,3491210,0,0,11,11,4294705152,4294705152
29,P,4k,20260919,217,2,measure,43,independent_random_bis,16384,1048576,162,17806869227615188476,1367776,0,0,11,11,1074939390,1074939390
29,P,4k,20260919,218,2,measure,44,independent_random,4194304,1048576,257388,17148669582279743073,7813700,0,0,11,11,274658647647,274658647647
29,P,4k,20260919,219,2,measure,45,chase_sequential,262144,262144,18118,14187532962177547616,867285,0,0,11,11,4294836224,4294836224
29,P,4k,20260919,220,2,measure,46,independent_random,32768,1048576,728,12633559076590122348,1472834,0,0,11,11,2146582840,2146582840
29,P,4k,20260919,221,2,measure,47,independent_random_bis,131072,1048576,10591,5198510309474044672,1412915,0,0,11,11,8583976686,8583976686
29,P,4k,20260919,222,2,measure,48,chase_sequential,2097152,262144,2193,9194181673006830812,972027,0,0,11,11,34359607296,34359607296
29,P,4k,20260919,223,2,measure,49,chase_random_double,32768,524288,3266,12211162417490917191,1376025,0,0,11,11,1073479680,1073479680
29,P,4k,20260919,224,2,measure,50,independent_random_bis,4194304,1048576,89387,16634974853919729269,2867826,0,0,11,11,274916597085,274916597085
29,P,4k,20260919,225,2,measure,51,chase_sequential,1048576,262144,64991,17612397511678485128,857033,0,0,11,11,17179738112,17179738112
29,P,4k,20260919,226,2,measure,52,independent_random,67108864,1048576,1347604,11992125370713049345,19756591,0,0,11,11,4394890536682,4394890536682
29,P,4k,20260919,227,2,measure,53,chase_random_double,524288,524288,45,17947038284924937363,7985678,0,0,11,11,17179607040,17179607040
29,P,4k,20260919,228,2,measure,54,chase_sequential,16384,262144,1995,3943665563367773706,661927,0,0,11,11,268304384,268304384
29,P,4k,20260919,229,2,measure,55,page_fault_touch,268435456,65536,17900873,17480394569106847866,114885466,2854917,65536,11,11,131072,131072
29,P,4k,20260919,230,2,measure,56,independent_random,2097152,1048576,52084,10944128865436341838,2237520,0,0,11,11,137390948691,137390948691
29,P,4k,20260919,231,2,measure,57,chase_random_double,65536,524288,617,11926594171692652214,1875444,0,0,11,11,2147221504,2147221504
29,P,4k,20260919,232,2,measure,58,independent_random,1048576,1048576,54804,6240833065164476410,1496273,0,0,11,11,68639914056,68639914056
29,P,4k,20260919,233,2,measure,59,chase_sequential,16777216,262144,661006,17679328440828358664,944400,0,0,11,11,207638364160,207638364160
29,P,4k,20260919,234,2,measure,60,chase_random_double,16777216,524288,1033232,9737330134410908307,121160474,0,0,11,11,549652117958,549652117958
29,P,4k,20260919,235,2,measure,61,independent_random_bis,4096,1048576,451,708161244894506798,2306268,0,0,11,11,267690190,267690190
29,P,4k,20260919,236,2,measure,62,independent_random,8192,1048576,294,14852547990908608712,1870780,0,0,11,11,536011971,536011971
29,P,4k,20260919,237,2,measure,63,chase_random,4096,262144,249,10338137096330847436,694414,0,0,11,11,66977792,66977792
29,P,4k,20260919,238,2,measure,64,independent_random,134217728,1048576,1319989,1512407636950442235,20673436,0,0,11,11,8799159838092,8799159838092
29,P,4k,20260919,239,2,measure,65,independent_random,262144,1048576,7294,10942285237402664679,2533830,0,0,11,11,17172686886,17172686886
29,P,4k,20260919,240,2,measure,66,chase_sequential,134217728,262144,1988543,17960734699447977086,938966,0,0,11,11,555644223488,555644223488
29,P,4k,20260919,241,2,measure,67,chase_random,134217728,262144,2936029,201672094603364858,102270393,0,0,11,11,2197933013955,2197933013955
29,P,4k,20260919,242,2,measure,68,chase_sequential,268435456,262144,8246681,7913052283389109007,1877992,0,0,11,11,2196177551360,2196177551360
29,P,4k,20260919,243,2,measure,69,chase_random,131072,262144,10182,4664658815053779021,2349492,0,0,11,11,2147352576,2147352576
29,P,4k,20260919,244,2,measure,70,independent_random,8388608,1048576,503126,7883051547561260451,16579139,0,0,11,11,549943898127,549943898127
29,P,4k,20260919,245,2,measure,71,independent_random_bis,67108864,1048576,7457442,12083129616385174838,28355218,0,0,11,11,4397434946248,4397434946248
29,P,4k,20260919,246,2,measure,72,independent_random_bis,262144,1048576,4560,9385324581478738226,2877552,0,0,11,11,17195420451,17195420451
29,P,4k,20260919,247,2,measure,73,chase_sequential,67108864,262144,7716429,9930058821541738321,1034272,0,0,11,11,2057175171072,2057175171072
29,P,4k,20260919,248,2,measure,74,chase_random,2097152,262144,188412,10173924481138011457,15687998,0,0,11,11,34359607296,34359607296
29,P,4k,20260919,249,2,measure,75,chase_random_double,4194304,524288,79231,1729625111937615025,52163801,0,0,11,11,137438691328,137438691328
29,P,4k,20260919,250,2,measure,76,chase_random_double,8388608,524288,1016993,3561712478359813846,71794869,0,0,11,11,275083833011,275083833011
29,P,4k,20260919,251,2,measure,77,independent_random,268435456,1048576,17494113,15098243649110614829,28272649,0,0,11,11,17588331520035,17588331520035
29,P,4k,20260919,252,2,measure,78,independent_random_bis,524288,1048576,29964,10831784642905449561,2996067,0,0,11,11,34309904086,34309904086
29,P,4k,20260919,253,2,measure,79,independent_random,65536,1048576,1875,4483176673501309167,1536902,0,0,11,11,4292273088,4292273088
29,P,4k,20260919,254,2,measure,80,chase_random_double,33554432,524288,2237425,15254807232804250413,219770665,0,0,11,11,1099007332455,1099007332455
29,P,4k,20260919,255,2,measure,81,chase_sequential,524288,262144,3240,18137636335221166579,1715292,0,0,11,11,8589803520,8589803520
29,P,4k,20260919,256,2,measure,82,chase_random,67108864,262144,3045092,9431314996465374637,94675399,0,0,11,11,1099866268155,1099866268155
29,P,4k,20260919,257,2,measure,83,chase_random,32768,262144,456,4962934715602912346,1903540,0,0,11,11,536739840,536739840
29,P,4k,20260919,258,2,measure,84,chase_random_double,2097152,524288,164277,15032607022815206475,20771968,0,0,11,11,68719214592,68719214592
29,P,4k,20260919,259,2,measure,85,chase_sequential,131072,262144,13401,8539329792897674674,719168,0,0,11,11,2147352576,2147352576
29,P,4k,20260919,260,2,measure,86,independent_random_bis,134217728,1048576,8606019,1011809060792716343,29618079,0,0,11,11,8797304326664,8797304326664
29,P,4k,20260919,261,3,measure,0,chase_random,4194304,262144,473020,4549228302459115337,43713668,0,0,11,11,68640437814,68640437814
29,P,4k,20260919,262,3,measure,1,chase_random_double,33554432,524288,499046,10279912156675643289,223206198,0,0,11,11,1099142179413,1099142179413
29,P,4k,20260919,263,3,measure,2,chase_sequential,268435456,262144,12070883,1674422780641114011,1821989,0,0,11,11,3198669160448,3198669160448
29,P,4k,20260919,264,3,measure,3,independent_random_bis,134217728,1048576,7635774,17513906657914440196,30073853,0,0,11,11,8795514434026,8795514434026
29,P,4k,20260919,265,3,measure,4,chase_random_double,262144,524288,8897,15560172903753676264,5673847,0,0,11,11,8589672448,8589672448
29,P,4k,20260919,266,3,measure,5,chase_random_double,8192,524288,6,14387775348151055101,1331910,0,0,11,11,268173312,268173312
29,P,4k,20260919,267,3,measure,6,chase_random_double,16777216,524288,856898,1309896315507652658,187322220,0,0,11,11,550044302794,550044302794
29,P,4k,20260919,268,3,measure,7,page_fault_touch,268435456,65536,16009992,12787592410368157270,119533863,1674181,65536,11,11,131072,131072
29,P,4k,20260919,269,3,measure,8,independent_random,32768,1048576,2286,3160086227782169303,1097877,0,0,11,11,2147435392,2147435392
29,P,4k,20260919,270,3,measure,9,chase_random_double,4194304,524288,25792,5008129011037949114,39996416,0,0,11,11,137438691328,137438691328
29,P,4k,20260919,271,3,measure,10,independent_random_bis,16384,1048576,1142,5455209493683212404,1092427,0,0,11,11,1073043104,1073043104
29,P,4k,20260919,272,3,measure,11,chase_random_double,2097152,524288,203005,15233922073044370958,15027597,0,0,11,11,68719214592,68719214592
29,P,4k,20260919,273,3,measure,12,chase_random_double,16384,524288,1457,13255352051157542551,1075826,0,0,11,11,536608768,536608768
29,P,4k,20260919,274,3,measure,13,chase_random,16384,262144,653,10214192831747167487,527559,0,0,11,11,268304384,268304384
29,P,4k,20260919,275,3,measure,14,chase_random,524288,262144,17544,13742966715490605273,3747023,0,0,11,11,8589803520,8589803520
29,P,4k,20260919,276,3,measure,15,independent_random_bis,131072,1048576,2493,11298193230479374625,1152375,0,0,11,11,8596164184,8596164184
29,P,4k,20260919,277,3,measure,16,chase_sequential,65536,262144,7614,6265453721910513642,528053,0,0,11,11,1073610752,1073610752
29,P,4k,20260919,278,3,measure,17,independent_random,2097152,1048576,86189,2520959824699118407,1652147,0,0,11,11,137394546615,137394546615
29,P,4k,20260919,279,3,measure,18,independent_random_bis,32768,1048576,1143,5303031696593103316,1336436,0,0,11,11,2148484955,2148484955
29,P,4k,20260919,280,3,measure,19,independent_random_bis,8388608,1048576,842856,3614828924393476145,11030360,0,0,11,11,549941930702,549941930702
29,P,4k,20260919,281,3,measure,20,independent_random,16384,1048576,1751,16252927961784726622,1093203,0,0,11,11,1072875162,1072875162
29,P,4k,20260919,282,3,measure,21,chase_random_double,65536,524288,7057,15355843241749682200,1814987,0,0,11,11,2147221504,2147221504
29,P,4k,20260919,283,3,measure,22,chase_sequential,2097152,262144,252318,4995650030571172319,575895,0,0,11,11,34359607296,34359607296
29,P,4k,20260919,284,3,measure,23,independent_random_bis,268435456,1048576,14797972,16020668111331405585,17618254,0,0,11,11,17589850307715,17589850307715
29,P,4k,20260919,285,3,measure,24,chase_random_double,134217728,524288,11714600,8341194414304414607,204269134,0,0,11,11,4398864801611,4398864801611
29,P,4k,20260919,286,3,measure,25,chase_sequential,134217728,262144,15730641,3277242936227176930,1785311,0,0,11,11,4158052761600,4158052761600
29,P,4k,20260919,287,3,measure,26,chase_random,262144,262144,15049,15718849303630468637,2686560,0,0,11,11,4294836224,4294836224
29,P,4k,20260919,288,3,measure,27,chase_random,134217728,262144,6877739,2229476705713446935,120369808,0,0,11,11,2195508856198,2195508856198
29,P,4k,20260919,289,3,measure,28,independent_random,8192,1048576,489,6671781217693626526,2820639,0,0,11,11,536844522,536844522
29,P,4k,20260919,290,3,measure,29,chase_random,65536,262144,516,16836005752681976424,1228304,0,0,11,11,1073610752,1073610752
29,P,4k,20260919,291,3,measure,30,chase_random_double,8388608,524288,580620,5132088436099296294,91897314,0,0,11,11,274914390658,274914390658
29,P,4k,20260919,292,3,measure,31,chase_random_double,67108864,524288,1198614,3338255237414068143,222658459,0,0,11,11,2200512157765,2200512157765
29,P,4k,20260919,293,3,measure,32,chase_random,67108864,262144,7269493,7172013902211791467,99896370,0,0,11,11,1099382019236,1099382019236
29,P,4k,20260919,294,3,measure,33,chase_random,4096,262144,487,4934642782343283655,1438519,0,0,11,11,66977792,66977792
29,P,4k,20260919,295,3,measure,34,chase_random_double,268435456,524288,16328484,6804329413365526216,239147417,0,0,11,11,8784439461969,8784439461969
29,P,4k,20260919,296,3,measure,35,chase_sequential,33554432,262144,3788259,12998276572771267352,1961446,0,0,11,11,1027428974592,1027428974592
29,P,4k,20260919,297,3,measure,36,chase_sequential,16777216,262144,1896030,9828737342734758282,1271010,0,0,11,11,403420086272,403420086272
29,P,4k,20260919,298,3,measure,37,chase_random_double,131072,524288,15327,50366564960101551,3679213,0,0,11,11,4294705152,4294705152
29,P,4k,20260919,299,3,measure,38,chase_random,268435456,262144,23340233,16171345667947002070,124194657,0,0,11,11,4390309361304,4390309361304
29,P,4k,20260919,300,3,measure,39,independent_random_bis,4194304,1048576,276620,7269766014336201903,10165009,0,0,11,11,274694348382,274694348382
29,P,4k,20260919,301,3,measure,40,chase_sequential,131072,262144,15424,9056961816596200813,941627,0,0,11,11,2147352576,2147352576
29,P,4k,20260919,302,3,measure,41,independent_random,67108864,1048576,4651455,13877852154354799231,26294972,0,0,11,11,4401237859285,4401237859285
29,P,4k,20260919,303,3,measure,42,independent_random,524288,1048576,20522,2812902254336921839,3090781,0,0,11,11,34340273970,34340273970
29,P,4k,20260919,304,3,measure,43,chase_sequential,4096,262144,422,10373895111442296541,720464,0,0,11,11,66977792,66977792
29,P,4k,20260919,305,3,measure,44,chase_sequential,524288,262144,33279,14153201352400763945,730715,0,0,11,11,8589803520,8589803520
29,P,4k,20260919,306,3,measure,45,independent_random,268435456,1048576,5256842,1775506734101184429,30485891,0,0,11,11,17587769595382,17587769595382
29,P,4k,20260919,307,3,measure,46,chase_sequential,1048576,262144,19111,12026362915875289900,1875836,0,0,11,11,17179738112,17179738112
29,P,4k,20260919,308,3,measure,47,chase_sequential,4194304,262144,51436,12345267410558146939,1324943,0,0,11,11,47843246080,47843246080
29,P,4k,20260919,309,3,measure,48,chase_random_double,524288,524288,39136,10087619352473268064,5486299,0,0,11,11,17179607040,17179607040
29,P,4k,20260919,310,3,measure,49,independent_random_bis,16777216,1048576,525315,1603983485937333811,16797182,0,0,11,11,1099063291742,1099063291742
29,P,4k,20260919,311,3,measure,50,independent_random,1048576,1048576,32122,14548556521053463411,3233196,0,0,11,11,68690948045,68690948045
29,P,4k,20260919,312,3,measure,51,chase_random,8192,262144,514,14155857369465697244,939429,0,0,11,11,134086656,134086656
29,P,4k,20260919,313,3,measure,52,chase_random,2097152,262144,118775,8960337938495734323,16202580,0,0,11,11,34359607296,34359607296
29,P,4k,20260919,314,3,measure,53,chase_sequential,16384,262144,295,8467445706876972580,747963,0,0,11,11,268304384,268304384
29,P,4k,20260919,315,3,measure,54,independent_random_bis,2097152,1048576,178686,2782739167325698908,2957855,0,0,11,11,137483561469,137483561469
29,P,4k,20260919,316,3,measure,55,independent_random,131072,1048576,798,7968134627704981442,1676026,0,0,11,11,8590764894,8590764894
29,P,4k,20260919,317,3,measure,56,chase_sequential,8192,262144,648,11245642295155558307,703670,0,0,11,11,134086656,134086656
29,P,4k,20260919,318,3,measure,57,independent_random,4096,1048576,117,1460774032104363007,1383700,0,0,11,11,267712808,267712808
29,P,4k,20260919,319,3,measure,58,independent_random_bis,4096,1048576,156,9824085724556129121,1369858,0,0,11,11,267724968,267724968
29,P,4k,20260919,320,3,measure,59,chase_random_double,1048576,524288,90325,4412187621464629793,5789747,0,0,11,11,34359476224,34359476224
29,P,4k,20260919,321,3,measure,60,chase_random,33554432,262144,3125240,4461032330388417915,96058022,0,0,11,11,549702812279,549702812279
29,P,4k,20260919,322,3,measure,61,chase_sequential,262144,262144,28030,14359788336201481715,1743099,0,0,11,11,4294836224,4294836224
29,P,4k,20260919,323,3,measure,62,chase_random_double,4096,524288,106,15599032119958022187,1656024,0,0,11,11,133955584,133955584
29,P,4k,20260919,324,3,measure,63,chase_random,16777216,262144,1779764,11025242005983338449,98956017,0,0,11,11,275276202007,275276202007
29,P,4k,20260919,325,3,measure,64,independent_random_bis,524288,1048576,7829,3956104667567641512,3058875,0,0,11,11,34383184635,34383184635
29,P,4k,20260919,326,3,measure,65,chase_random_double,32768,524288,2605,2641413519275435632,1620146,0,0,11,11,1073479680,1073479680
29,P,4k,20260919,327,3,measure,66,independent_random,8388608,1048576,275650,7624353351591748725,12554359,0,0,11,11,549371124926,549371124926
29,P,4k,20260919,328,3,measure,67,independent_random_bis,1048576,1048576,5872,11627777260133322905,3326292,0,0,11,11,68708242962,68708242962
29,P,4k,20260919,329,3,measure,68,independent_random_bis,65536,1048576,82,16257595417755810412,1481878,0,0,11,11,4293308071,4293308071
29,P,4k,20260919,330,3,measure,69,independent_random,262144,1048576,16008,9096898525103088058,1459472,0,0,11,11,17165393363,17165393363
29,P,4k,20260919,331,3,measure,70,independent_random_bis,8192,1048576,99,5008822562477390402,1365367,0,0,11,11,536629585,536629585
29,P,4k,20260919,332,3,measure,71,chase_random,8388608,262144,22062,5752480715452096058,19265054,0,0,11,11,137401557321,137401557321
29,P,4k,20260919,333,3,measure,72,page_fault_touch,16777216,4096,555121,11897779015599399107,8595628,80582,4096,11,11,8192,8192
29,P,4k,20260919,334,3,measure,73,chase_random,131072,262144,1664,10283467112798905638,1843079,0,0,11,11,2147352576,2147352576
29,P,4k,20260919,335,3,measure,74,chase_sequential,32768,262144,3408,5894594027380441292,663525,0,0,11,11,536739840,536739840
29,P,4k,20260919,336,3,measure,75,independent_random,65536,1048576,3182,13810517224407596047,1417594,0,0,11,11,4293676279,4293676279
29,P,4k,20260919,337,3,measure,76,chase_sequential,67108864,262144,915226,15913161437994900003,1020143,0,0,11,11,274280611840,274280611840
29,P,4k,20260919,338,3,measure,77,independent_random_bis,262144,1048576,6953,15521906049036541532,1461139,0,0,11,11,17147220289,17147220289
29,P,4k,20260919,339,3,measure,78,independent_random,134217728,1048576,15820163,17607624557680395058,19523820,0,0,11,11,8795865272352,8795865272352
29,P,4k,20260919,340,3,measure,79,chase_sequential,8388608,262144,959270,12615501458962562253,1196236,0,0,11,11,104592703488,104592703488
29,P,4k,20260919,341,3,measure,80,independent_random,33554432,1048576,2714130,7836592494506468643,17374341,0,0,11,11,2195940533678,2195940533678
29,P,4k,20260919,342,3,measure,81,independent_random_bis,67108864,1048576,5318632,12205377998834906747,21774544,0,0,11,11,4398028733027,4398028733027
29,P,4k,20260919,343,3,measure,82,independent_random_bis,33554432,1048576,3858166,10185554244883950949,19486487,0,0,11,11,2196994825388,2196994825388
29,P,4k,20260919,344,3,measure,83,chase_random,32768,262144,1009,12949440629863316069,1649745,0,0,11,11,536739840,536739840
29,P,4k,20260919,345,3,measure,84,chase_random,1048576,262144,58727,11813663133756523049,7169852,0,0,11,11,17179738112,17179738112
29,P,4k,20260919,346,3,measure,85,independent_random,16777216,1048576,711492,15116582531905205560,17676875,0,0,11,11,1099657231682,1099657231682
29,P,4k,20260919,347,3,measure,86,independent_random,4194304,1048576,9580,6460020415648796896,8727347,0,0,11,11,274885369455,274885369455
29,P,4k,20260919,348,4,measure,0,independent_random_bis,65536,1048576,838,693132231143753491,2183696,0,0,11,11,4297388714,4297388714
29,P,4k,20260919,349,4,measure,1,independent_random,65536,1048576,3248,15746619405429565572,1654745,0,0,11,11,4297881751,4297881751
29,P,4k,20260919,350,4,measure,2,chase_random,8192,262144,748,11763841124591664737,692378,0,0,11,11,134086656,134086656
29,P,4k,20260919,351,4,measure,3,independent_random_bis,8192,1048576,1023,2282892606237155999,1359525,0,0,11,11,536179428,536179428
29,P,4k,20260919,352,4,measure,4,chase_random,33554432,262144,36496,15742456353559282615,95934718,0,0,11,11,549487243106,549487243106
29,P,4k,20260919,353,4,measure,5,chase_sequential,134217728,262144,4268170,501211182532784356,1763404,0,0,11,11,1153234763776,1153234763776
29,P,4k,20260919,354,4,measure,6,page_fault_touch,268435456,65536,29023683,16669225810720927632,120361181,2823241,65536,11,11,131072,131072
29,P,4k,20260919,355,4,measure,7,chase_random,524288,262144,42584,14291990430837312604,2513294,0,0,11,11,8589803520,8589803520
29,P,4k,20260919,356,4,measure,8,chase_sequential,4194304,262144,104787,7835287504972681516,930445,0,0,11,11,61828890624,61828890624
29,P,4k,20260919,357,4,measure,9,independent_random,1048576,1048576,97031,6910120479849371592,1570584,0,0,11,11,68716418347,68716418347
29,P,4k,20260919,358,4,measure,10,chase_sequential,33554432,262144,3533200,6706416608914594199,934143,0,0,11,11,960566788096,960566788096
29,P,4k,20260919,359,4,measure,11,independent_random_bis,134217728,1048576,3143849,7043630739643027202,16793512,0,0,11,11,8791381121389,8791381121389
29,P,4k,20260919,360,4,measure,12,independent_random,268435456,1048576,57035,10937467882072739329,17699211,0,0,11,11,17600407736755,17600407736755
29,P,4k,20260919,361,4,measure,13,chase_random_double,268435456,524288,25980453,5562038342427082435,198472989,0,0,11,11,8806641340926,8806641340926
29,P,4k,20260919,362,4,measure,14,chase_sequential,8192,262144,752,17770403691146861905,1700134,0,0,11,11,134086656,134086656
29,P,4k,20260919,363,4,measure,15,independent_random_bis,268435456,1048576,16143939,2129903736774397598,33133388,0,0,11,11,17573079734841,17573079734841
29,P,4k,20260919,364,4,measure,16,chase_random,131072,262144,15269,10768252002923571756,3381577,0,0,11,11,2147352576,2147352576
29,P,4k,20260919,365,4,measure,17,chase_random,262144,262144,17809,15606626359234918964,2602216,0,0,11,11,4294836224,4294836224
29,P,4k,20260919,366,4,measure,18,chase_random,1048576,262144,113283,10962713794921534191,5557684,0,0,11,11,17179738112,17179738112
29,P,4k,20260919,367,4,measure,19,chase_random,268435456,262144,32726051,11620271642716052773,121395311,0,0,11,11,4387023377768,4387023377768
29,P,4k,20260919,368,4,measure,20,chase_sequential,1048576,262144,32078,6634522218054645286,1776688,0,0,11,11,17179738112,17179738112
29,P,4k,20260919,369,4,measure,21,independent_random,4194304,1048576,17953,4774147493168724360,7267092,0,0,11,11,274827409739,274827409739
29,P,4k,20260919,370,4,measure,22,chase_random_double,65536,524288,400,679035136392499876,2972299,0,0,11,11,2147221504,2147221504
29,P,4k,20260919,371,4,measure,23,chase_random_double,16777216,524288,1280538,14677054432626883463,194894350,0,0,11,11,549966643870,549966643870
29,P,4k,20260919,372,4,measure,24,chase_random_double,16384,524288,38,13119151815761843035,2734585,0,0,11,11,536608768,536608768
29,P,4k,20260919,373,4,measure,25,chase_random_double,33554432,524288,3643388,3122447859294703217,213046604,0,0,11,11,1098960579571,1098960579571
29,P,4k,20260919,374,4,measure,26,page_fault_touch,16777216,4096,1301037,491489934651882567,9573320,172568,4096,11,11,8192,8192
29,P,4k,20260919,375,4,measure,27,chase_sequential,262144,262144,32398,12306955481597994043,770765,0,0,11,11,4294836224,4294836224
29,P,4k,20260919,376,4,measure,28,independent_random,16777216,1048576,680597,6292175243456805306,21298501,0,0,11,11,1099674911540,1099674911540
29,P,4k,20260919,377,4,measure,29,chase_sequential,16777216,262144,573868,1967285399643822966,1730269,0,0,11,11,184795660288,184795660288
29,P,4k,20260919,378,4,measure,30,independent_random_bis,16777216,1048576,1904824,3867374942491846678,15945768,0,0,11,11,1099275324161,1099275324161
29,P,4k,20260919,379,4,measure,31,chase_sequential,8388608,262144,347316,4560694245767980239,1636667,0,0,11,11,125406412800,125406412800
29,P,4k,20260919,380,4,measure,32,chase_random,67108864,262144,2518022,16700434719682459340,115191170,0,0,11,11,1101349153106,1101349153106
29,P,4k,20260919,381,4,measure,33,chase_sequential,16384,262144,744,14315570543542094715,1802125,0,0,11,11,268304384,268304384
29,P,4k,20260919,382,4,measure,34,chase_random_double,524288,524288,55476,11614759513000126053,6781520,0,0,11,11,17179607040,17179607040
29,P,4k,20260919,383,4,measure,35,chase_random_double,8192,524288,583,1450919760644925309,1328921,0,0,11,11,268173312,268173312
29,P,4k,20260919,384,4,measure,36,independent_random_bis,4194304,1048576,472787,7478735217646446659,6954181,0,0,11,11,274880829360,274880829360
29,P,4k,20260919,385,4,measure,37,independent_random,33554432,1048576,1741388,4589360753645581448,24410770,0,0,11,11,2199871140940,2199871140940
29,P,4k,20260919,386,4,measure,38,independent_random_bis,32768,1048576,2173,740698891570735630,2674107,0,0,11,11,2148668802,2148668802
29,P,4k,20260919,387,4,measure,39,independent_random,524288,1048576,1945,7656350930244021378,1912508,0,0,11,11,34353355093,34353355093
29,P,4k,20260919,388,4,measure,40,independent_random_bis,2097152,1048576,221318,4870799180933574266,3173227,0,0,11,11,137489310167,137489310167
29,P,4k,20260919,389,4,measure,41,chase_random_double,4096,524288,266,17615580431008651948,1428510,0,0,11,11,133955584,133955584
29,P,4k,20260919,390,4,measure,42,chase_sequential,524288,262144,65308,875522745113934483,738305,0,0,11,11,8589803520,8589803520
29,P,4k,20260919,391,4,measure,43,chase_random_double,262144,524288,4110,17653031124974612275,4353796,0,0,11,11,8589672448,8589672448
29,P,4k,20260919,392,4,measure,44,chase_random_double,4194304,524288,409034,3257597192979157701,30514259,0,0,11,11,137438691328,137438691328
29,P,4k,20260919,393,4,measure,45,independent_random_bis,262144,1048576,23024,452238493588308457,1547754,0,0,11,11,17166873148,17166873148
29,P,4k,20260919,394,4,measure,46,independent_random,262144,1048576,13470,12755143080246402176,1401640,0,0,11,11,17181960176,17181960176
29,P,4k,20260919,395,4,measure,47,independent_random_bis,8388608,1048576,478332,17656441057929093774,11477049,0,0,11,11,550079480751,550079480751
29,P,4k,20260919,396,4,measure,48,chase_random_double,134217728,524288,14035628,7750969305414439631,229022006,0,0,11,11,4395310290398,4395310290398
29,P,4k,20260919,397,4,measure,49,independent_random,67108864,1048576,7860328,17445475397897356092,27182996,0,0,11,11,4394283593612,4394283593612
29,P,4k,20260919,398,4,measure,50,chase_random,65536,262144,2495,11391848127971465506,2494443,0,0,11,11,1073610752,1073610752
29,P,4k,20260919,399,4,measure,51,chase_random_double,67108864,524288,3594858,8062518752125184578,206101405,0,0,11,11,2200996991170,2200996991170
29,P,4k,20260919,400,4,measure,52,independent_random_bis,16384,1048576,76,6775244598515493888,2753729,0,0,11,11,1072756663,1072756663
29,P,4k,20260919,401,4,measure,53,chase_random_double,32768,524288,1610,17232387584680834860,1453296,0,0,11,11,1073479680,1073479680
29,P,4k,20260919,402,4,measure,54,chase_random_double,1048576,524288,35067,7473583172776458013,10524576,0,0,11,11,34359476224,34359476224
29,P,4k,20260919,403,4,measure,55,independent_random,16384,1048576,724,14242907919793844452,1363938,0,0,11,11,1072761075,1072761075
29,P,4k,20260919,404,4,measure,56,chase_sequential,131072,262144,9120,3460063321129017844,663991,0,0,11,11,2147352576,2147352576
29,P,4k,20260919,405,4,measure,57,independent_random,134217728,1048576,3965000,2127423030207685236,29141395,0,0,11,11,8811570864046,8811570864046
29,P,4k,20260919,406,4,measure,58,chase_sequential,4096,262144,268,12184413235049269764,1983911,0,0,11,11,66977792,66977792
29,P,4k,20260919,407,4,measure,59,chase_random_double,131072,524288,9354,16682660652204505341,3789742,0,0,11,11,4294705152,4294705152
29,P,4k,20260919,408,4,measure,60,independent_random,2097152,1048576,148991,4999573042992819627,3147747,0,0,11,11,137387100232,137387100232
29,P,4k,20260919,409,4,measure,61,independent_random_bis,67108864,1048576,5601737,151259728306849409,24200844,0,0,11,11,4397345945284,4397345945284
29,P,4k,20260919,410,4,measure,62,chase_sequential,268435456,262144,14547339,9798398705774000042,1762324,0,0,11,11,3847857242112,3847857242112
29,P,4k,20260919,411,4,measure,63,independent_random,8388608,1048576,477075,13130585157869770859,14343347,0,0,11,11,549619595937,549619595937
29,P,4k,20260919,412,4,measure,64,chase_sequential,67108864,262144,6321455,10782823995813519244,1438545,0,0,11,11,1691491106816,1691491106816
29,P,4k,20260919,413,4,measure,65,independent_random_bis,131072,1048576,2327,11041842670797630083,1843777,0,0,11,11,8577605277,8577605277
29,P,4k,20260919,414,4,measure,66,independent_random,8192,1048576,418,3710984104762244155,1405380,0,0,11,11,536697027,536697027
29,P,4k,20260919,415,4,measure,67,chase_sequential,2097152,262144,71489,6302401284537822984,989177,0,0,11,11,34359607296,34359607296
29,P,4k,20260919,416,4,measure,68,independent_random,4096,1048576,295,2482764400785012915,1430075,0,0,11,11,268183779,268183779
29,P,4k,20260919,417,4,measure,69,chase_sequential,32768,262144,1119,9762889010111125123,661530,0,0,11,11,536739840,536739840
29,P,4k,20260919,418,4,measure,70,chase_random,4194304,262144,350327,5876691691173578733,36161981,0,0,11,11,68765122750,68765122750
29,P,4k,20260919,419,4,measure,71,chase_random,16777216,262144,629021,13854265238901643055,97347895,0,0,11,11,274810061981,274810061981
29,P,4k,20260919,420,4,measure,72,independent_random_bis,1048576,1048576,128996,13093771130507022018,3477867,0,0,11,11,68723877439,68723877439
29,P,4k,20260919,421,4,measure,73,chase_random,16384,262144,265,17559351753177809779,756438,0,0,11,11,268304384,268304384
29,P,4k,20260919,422,4,measure,74,chase_sequential,65536,262144,8183,4298009623517222999,660673,0,0,11,11,1073610752,1073610752
29,P,4k,20260919,423,4,measure,75,chase_random,8388608,262144,435358,9949721185111035661,59952431,0,0,11,11,137375983836,137375983836
29,P,4k,20260919,424,4,measure,76,chase_random_double,2097152,524288,59731,6955830642094877739,21744634,0,0,11,11,68719214592,68719214592
29,P,4k,20260919,425,4,measure,77,independent_random_bis,4096,1048576,113,11162737092746590086,1517343,0,0,11,11,268043524,268043524
29,P,4k,20260919,426,4,measure,78,chase_random,32768,262144,2160,13745946901310751633,717177,0,0,11,11,536739840,536739840
29,P,4k,20260919,427,4,measure,79,independent_random_bis,524288,1048576,52576,3647046996152945686,1888432,0,0,11,11,34353380026,34353380026
29,P,4k,20260919,428,4,measure,80,independent_random,131072,1048576,47,12167531198660965424,1523626,0,0,11,11,8597800233,8597800233
29,P,4k,20260919,429,4,measure,81,chase_random_double,8388608,524288,548964,11608914817982570861,58865026,0,0,11,11,274801438669,274801438669
29,P,4k,20260919,430,4,measure,82,chase_random,134217728,262144,7089062,4622315750165248299,110756283,0,0,11,11,2197780269951,2197780269951
29,P,4k,20260919,431,4,measure,83,independent_random,32768,1048576,3283,13184016520384270762,3006497,0,0,11,11,2143997488,2143997488
29,P,4k,20260919,432,4,measure,84,chase_random,2097152,262144,242046,11490779995631954229,15340366,0,0,11,11,34359607296,34359607296
29,P,4k,20260919,433,4,measure,85,independent_random_bis,33554432,1048576,3059580,12481078142007849089,26650241,0,0,11,11,2200043695775,2200043695775
29,P,4k,20260919,434,4,measure,86,chase_random,4096,262144,445,13739068031403192400,1634426,0,0,11,11,66977792,66977792
29,P,4k,20260919,435,5,measure,0,chase_random,4096,262144,384,16041939687026216892,863706,0,0,11,11,66977792,66977792
29,P,4k,20260919,436,5,measure,1,chase_random,16777216,262144,738969,15619407047491936313,100900255,0,0,11,11,274579830860,274579830860
29,P,4k,20260919,437,5,measure,2,chase_random_double,131072,524288,5090,17893551112245412539,4874697,0,0,11,11,4294705152,4294705152
29,P,4k,20260919,438,5,measure,3,independent_random,131072,1048576,4938,17075332005212237930,1457295,0,0,11,11,8587418294,8587418294
29,P,4k,20260919,439,5,measure,4,independent_random_bis,262144,1048576,24413,5052069194535854635,1464736,0,0,11,11,17180853001,17180853001
29,P,4k,20260919,440,5,measure,5,chase_random,16384,262144,720,6569477641913289346,680255,0,0,11,11,268304384,268304384
29,P,4k,20260919,441,5,measure,6,chase_sequential,1048576,262144,21106,9763962810093179287,872006,0,0,11,11,17179738112,17179738112
29,P,4k,20260919,442,5,measure,7,independent_random_bis,4194304,1048576,275606,3330200187806249531,6520445,0,0,11,11,274848649944,274848649944
29,P,4k,20260919,443,5,measure,8,chase_sequential,4096,262144,471,6438191649183882365,763108,0,0,11,11,66977792,66977792
29,P,4k,20260919,444,5,measure,9,chase_random_double,65536,524288,4880,6098145457722713571,2283100,0,0,11,11,2147221504,2147221504
29,P,4k,20260919,445,5,measure,10,independent_random_bis,4096,1048576,483,15103440728980159209,1398562,0,0,11,11,267906600,267906600
29,P,4k,20260919,446,5,measure,11,independent_random,134217728,1048576,1214208,8549310938428421912,24495562,0,0,11,11,8796449659888,8796449659888
29,P,4k,20260919,447,5,measure,12,independent_random,8388608,1048576,820907,11871632650021233995,17272804,0,0,11,11,549787443589,549787443589
29,P,4k,20260919,448,5,measure,13,independent_random,16777216,1048576,1444625,9897761606090364009,20809214,0,0,11,11,1100411078083,1100411078083
29,P,4k,20260919,449,5,measure,14,independent_random,8192,1048576,253,6710441421350624054,2476574,0,0,11,11,536785056,536785056
29,P,4k,20260919,450,5,measure,15,independent_random_bis,1048576,1048576,53884,1100809778795456418,2343314,0,0,11,11,68806865506,68806865506
29,P,4k,20260919,451,5,measure,16,independent_random_bis,524288,1048576,18024,12065202080385524209,1751736,0,0,11,11,34367322314,34367322314
29,P,4k,20260919,452,5,measure,17,chase_random_double,16777216,524288,1500132,9537877787667166113,69443552,0,0,11,11,549877248761,549877248761
29,P,4k,20260919,453,5,measure,18,independent_random_bis,268435456,1048576,12354376,14249376411897612696,23559507,0,0,11,11,17591121951778,17591121951778
29,P,4k,20260919,454,5,measure,19,chase_sequential,32768,262144,3187,11807892547315753013,1427602,0,0,11,11,536739840,536739840
29,P,4k,20260919,455,5,measure,20,page_fault_touch,16777216,4096,120329,3971133629805934413,8238443,85445,4096,11,11,8192,8192
29,P,4k,20260919,456,5,measure,21,chase_random_double,32768,524288,3001,18169351247276232300,1415860,0,0,11,11,1073479680,1073479680
29,P,4k,20260919,457,5,measure,22,chase_sequential,67108864,262144,1638977,13351797807644469396,712475,0,0,11,11,464007593984,464007593984
29,P,4k,20260919,458,5,measure,23,independent_random,16384,1048576,1303,11249445509756934247,1377169,0,0,11,11,1073342876,1073342876
29,P,4k,20260919,459,5,measure,24,independent_random,4096,1048576,108,15538110532419937835,1415168,0,0,11,11,267832200,267832200
29,P,4k,20260919,460,5,measure,25,independent_random,33554432,1048576,2986403,1990821287346604340,16649374,0,0,11,11,2200288753200,2200288753200
29,P,4k,20260919,461,5,measure,26,chase_random_double,262144,524288,865,2744276916070397882,5337594,0,0,11,11,8589672448,8589672448
29,P,4k,20260919,462,5,measure,27,independent_random,2097152,1048576,207270,11582897831522768242,3389555,0,0,11,11,137302209915,137302209915
29,P,4k,20260919,463,5,measure,28,chase_random,4194304,262144,49552,5168994269773058017,34321964,0,0,11,11,68838148920,68838148920
29,P,4k,20260919,464,5,measure,29,chase_random,67108864,262144,7544567,6397380309511593170,107978806,0,0,11,11,1100610529202,1100610529202
29,P,4k,20260919,465,5,measure,30,chase_sequential,33554432,262144,1977923,17216423726483715812,1948824,0,0,11,11,552860254208,552860254208
29,P,4k,20260919,466,5,measure,31,independent_random,1048576,1048576,113558,1557945776366439552,2330111,0,0,11,11,68735656348,68735656348
29,P,4k,20260919,467,5,measure,32,independent_random_bis,8388608,1048576,619234,6857774865034416449,16346871,0,0,11,11,549441395987,549441395987
29,P,4k,20260919,468,5,measure,33,chase_random_double,524288,524288,11698,16621245404817708095,7051941,0,0,11,11,17179607040,17179607040
29,P,4k,20260919,469,5,measure,34,chase_sequential,524288,262144,32507,17806043428217609059,731889,0,0,11,11,8589803520,8589803520
29,P,4k,20260919,470,5,measure,35,chase_random_double,33554432,524288,2067853,14785105104962241353,208344267,0,0,11,11,1098315672957,1098315672957
29,P,4k,20260919,471,5,measure,36,chase_random_double,8388608,524288,163826,10176275377310455281,131387475,0,0,11,11,274728356258,274728356258
29,P,4k,20260919,472,5,measure,37,chase_sequential,16777216,262144,377037,11753879669425807813,1577006,0,0,11,11,133197594624,133197594624
29,P,4k,20260919,473,5,measure,38,chase_random_double,4194304,524288,392569,9587059661368850515,51823200,0,0,11,11,137438691328,137438691328
29,P,4k,20260919,474,5,measure,39,chase_sequential,4194304,262144,134697,4027693865894455207,1021721,0,0,11,11,69669617664,69669617664
29,P,4k,20260919,475,5,measure,40,independent_random_bis,8192,1048576,775,7980780434693952337,1402842,0,0,11,11,536371901,536371901
29,P,4k,20260919,476,5,measure,41,chase_random,134217728,262144,7417785,13595723344546349280,117655064,0,0,11,11,2197025654842,2197025654842
29,P,4k,20260919,477,5,measure,42,independent_random_bis,32768,1048576,1027,121391281968185799,2599549,0,0,11,11,2148341477,2148341477
29,P,4k,20260919,478,5,measure,43,chase_random,262144,262144,16005,16512134735108007674,3533095,0,0,11,11,4294836224,4294836224
29,P,4k,20260919,479,5,measure,44,chase_sequential,134217728,262144,6653952,11694804184073776327,995641,0,0,11,11,1778653200384,1778653200384
29,P,4k,20260919,480,5,measure,45,chase_sequential,16384,262144,722,16012908125691812055,659358,0,0,11,11,268304384,268304384
29,P,4k,20260919,481,5,measure,46,chase_random,8192,262144,693,17825793020619354427,669376,0,0,11,11,134086656,134086656
29,P,4k,20260919,482,5,measure,47,independent_random_bis,16777216,1048576,743088,12949429913200856357,22407617,0,0,11,11,1100973581042,1100973581042
29,P,4k,20260919,483,5,measure,48,chase_random,131072,262144,7090,15152683420348974098,3059292,0,0,11,11,2147352576,2147352576
29,P,4k,20260919,484,5,measure,49,page_fault_touch,268435456,65536,15372967,3273907832051280957,118420258,2816614,65536,11,11,131072,131072
29,P,4k,20260919,485,5,measure,50,independent_random,65536,1048576,5783,7623785098290334471,1249992,0,0,11,11,4290426966,4290426966
29,P,4k,20260919,486,5,measure,51,independent_random_bis,134217728,1048576,10421697,6104598841178425142,16896098,0,0,11,11,8796247551981,8796247551981
29,P,4k,20260919,487,5,measure,52,chase_random_double,2097152,524288,1302,15419352616893215336,12934370,0,0,11,11,68719214592,68719214592
29,P,4k,20260919,488,5,measure,53,chase_random,32768,262144,332,8971067029895899642,576379,0,0,11,11,536739840,536739840
29,P,4k,20260919,489,5,measure,54,chase_random,524288,262144,14896,11069904747505377093,2607953,0,0,11,11,8589803520,8589803520
29,P,4k,20260919,490,5,measure,55,chase_sequential,262144,262144,5839,8848525675235571470,543995,0,0,11,11,4294836224,4294836224
29,P,4k,20260919,491,5,measure,56,chase_random_double,268435456,524288,16345443,5541738494960558957,181922078,0,0,11,11,8802421598168,8802421598168
29,P,4k,20260919,492,5,measure,57,independent_random_bis,16384,1048576,1668,15489240643214130827,2612585,0,0,11,11,1073525329,1073525329
29,P,4k,20260919,493,5,measure,58,chase_random_double,67108864,524288,4446402,5452492818573135030,223647821,0,0,11,11,2200041806874,2200041806874
29,P,4k,20260919,494,5,measure,59,independent_random,67108864,1048576,7673503,12333799884967920420,27569046,0,0,11,11,4394261300787,4394261300787
29,P,4k,20260919,495,5,measure,60,independent_random,268435456,1048576,712830,4412222158284433602,33119506,0,0,11,11,17597594846623,17597594846623
29,P,4k,20260919,496,5,measure,61,independent_random_bis,2097152,1048576,209307,4526990952880063866,6273656,0,0,11,11,137556977486,137556977486
29,P,4k,20260919,497,5,measure,62,chase_random_double,16384,524288,1308,15016866902851860549,2029211,0,0,11,11,536608768,536608768
29,P,4k,20260919,498,5,measure,63,chase_sequential,131072,262144,10220,1278951805569805418,887429,0,0,11,11,2147352576,2147352576
29,P,4k,20260919,499,5,measure,64,independent_random,262144,1048576,20549,12584249794195299451,1604701,0,0,11,11,17183722274,17183722274
29,P,4k,20260919,500,5,measure,65,chase_random_double,8192,524288,317,15092320299297594990,1355460,0,0,11,11,268173312,268173312
29,P,4k,20260919,501,5,measure,66,chase_random,33554432,262144,140038,2846173733763801787,80491447,0,0,11,11,548751240990,548751240990
29,P,4k,20260919,502,5,measure,67,independent_random,4194304,1048576,373291,18056709712851897400,7710899,0,0,11,11,274759444028,274759444028
29,P,4k,20260919,503,5,measure,68,chase_sequential,65536,262144,4987,916044565739944368,862111,0,0,11,11,1073610752,1073610752
29,P,4k,20260919,504,5,measure,69,chase_random_double,4096,524288,486,11494933022640885457,1435003,0,0,11,11,133955584,133955584
29,P,4k,20260919,505,5,measure,70,chase_random,2097152,262144,54212,14287442897400454665,11540225,0,0,11,11,34359607296,34359607296
29,P,4k,20260919,506,5,measure,71,chase_random,268435456,262144,8177383,5949730055596763479,91606549,0,0,11,11,4406267186174,4406267186174
29,P,4k,20260919,507,5,measure,72,independent_random_bis,33554432,1048576,2170444,17588644782394641149,22195991,0,0,11,11,2199192086572,2199192086572
29,P,4k,20260919,508,5,measure,73,independent_random,524288,1048576,26719,4370300913035372794,3321779,0,0,11,11,34349666263,34349666263
29,P,4k,20260919,509,5,measure,74,independent_random_bis,131072,1048576,14087,3698659281034268601,1858685,0,0,11,11,8588464342,8588464342
29,P,4k,20260919,510,5,measure,75,chase_random,1048576,262144,95388,15343367612432740455,7987901,0,0,11,11,17179738112,17179738112
29,P,4k,20260919,511,5,measure,76,chase_sequential,268435456,262144,10746199,18055793399406091062,1001874,0,0,11,11,2851411197952,2851411197952
29,P,4k,20260919,512,5,measure,77,chase_random,65536,262144,4200,4617627338158045955,1179573,0,0,11,11,1073610752,1073610752
29,P,4k,20260919,513,5,measure,78,chase_random_double,1048576,524288,30123,18057436451729404969,9585168,0,0,11,11,34359476224,34359476224
29,P,4k,20260919,514,5,measure,79,chase_random_double,134217728,524288,7948517,13619513299818404893,240986549,0,0,11,11,4395447708914,4395447708914
29,P,4k,20260919,515,5,measure,80,independent_random_bis,65536,1048576,2111,11365041017903303257,2755134,0,0,11,11,4290839176,4290839176
29,P,4k,20260919,516,5,measure,81,independent_random_bis,67108864,1048576,3124726,5441066627156128356,26923470,0,0,11,11,4399147434374,4399147434374
29,P,4k,20260919,517,5,measure,82,chase_sequential,8192,262144,733,1233824574540706464,1625339,0,0,11,11,134086656,134086656
29,P,4k,20260919,518,5,measure,83,chase_sequential,2097152,262144,10691,14086901596597010065,1090908,0,0,11,11,34359607296,34359607296
29,P,4k,20260919,519,5,measure,84,chase_sequential,8388608,262144,353651,17747894556637244194,1013539,0,0,11,11,127067095040,127067095040
29,P,4k,20260919,520,5,measure,85,chase_random,8388608,262144,454755,17773825780156927430,73967122,0,0,11,11,137495028270,137495028270
29,P,4k,20260919,521,5,measure,86,independent_random,32768,1048576,1281,8873362130482794323,2799743,0,0,11,11,2146367446,2146367446
29,P,4k,20260919,522,6,measure,0,chase_random,262144,262144,3167,6045788800197592743,3137108,0,0,11,11,4294836224,4294836224
29,P,4k,20260919,523,6,measure,1,chase_sequential,1048576,262144,71620,3429422748381130897,829933,0,0,11,11,17179738112,17179738112
29,P,4k,20260919,524,6,measure,2,independent_random_bis,67108864,1048576,4373812,16213400955247847322,26735466,0,0,11,11,4395499765590,4395499765590
29,P,4k,20260919,525,6,measure,3,chase_random,1048576,262144,69656,15448090340206091579,7672515,0,0,11,11,17179738112,17179738112
29,P,4k,20260919,526,6,measure,4,independent_random_bis,16384,1048576,967,7314825155710811197,1391302,0,0,11,11,1074100998,1074100998
29,P,4k,20260919,527,6,measure,5,independent_random,524288,1048576,6455,9161278183475709824,1681696,0,0,11,11,34368063654,34368063654
29,P,4k,20260919,528,6,measure,6,independent_random,2097152,1048576,134893,7652920517913201562,3207058,0,0,11,11,137431788035,137431788035
29,P,4k,20260919,529,6,measure,7,chase_random,4096,262144,192,12472358375732000236,735006,0,0,11,11,66977792,66977792
29,P,4k,20260919,530,6,measure,8,page_fault_touch,16777216,4096,40868,13712692917585856569,8116172,83250,4096,11,11,8192,8192
29,P,4k,20260919,531,6,measure,9,independent_random_bis,131072,1048576,3588,16400137334954649571,1514228,0,0,11,11,8594266245,8594266245
29,P,4k,20260919,532,6,measure,10,chase_random,8192,262144,340,1038687151263435672,668623,0,0,11,11,134086656,134086656
29,P,4k,20260919,533,6,measure,11,chase_random_double,1048576,524288,114722,17840092933370466188,9717130,0,0,11,11,34359476224,34359476224
29,P,4k,20260919,534,6,measure,12,chase_sequential,2097152,262144,252523,11976329721546292760,1001588,0,0,11,11,34359607296,34359607296
29,P,4k,20260919,535,6,measure,13,independent_random,1048576,1048576,58894,135026885226568802,2045833,0,0,11,11,68618145576,68618145576
29,P,4k,20260919,536,6,measure,14,independent_random_bis,268435456,1048576,28167522,1096069549791320055,20823155,0,0,11,11,17586474709697,17586474709697
29,P,4k,20260919,537,6,measure,15,chase_random_double,8192,524288,645,3813516644225013330,2171629,0,0,11,11,268173312,268173312
29,P,4k,20260919,538,6,measure,16,chase_random,134217728,262144,1344128,17750980280364912108,108928524,0,0,11,11,2199338250178,2199338250178
29,P,4k,20260919,539,6,measure,17,independent_random_bis,1048576,1048576,86509,6303403633206993948,3190317,0,0,11,11,68711655982,68711655982
29,P,4k,20260919,540,6,measure,18,chase_random,67108864,262144,5848930,16582509195196002341,113690448,0,0,11,11,1098187234634,1098187234634
29,P,4k,20260919,541,6,measure,19,independent_random_bis,134217728,1048576,1928446,1357988536928434806,32304160,0,0,11,11,8792503172740,8792503172740
29,P,4k,20260919,542,6,measure,20,chase_random_double,134217728,524288,13524816,9012769584229636137,234046581,0,0,11,11,4399944722579,4399944722579
29,P,4k,20260919,543,6,measure,21,chase_random_double,524288,524288,54798,11311893995989284604,7049250,0,0,11,11,17179607040,17179607040
29,P,4k,20260919,544,6,measure,22,independent_random,268435456,1048576,20063952,7068065829751777518,32818665,0,0,11,11,17610394189673,17610394189673
29,P,4k,20260919,545,6,measure,23,chase_sequential,8388608,262144,693924,8187365157210064123,1922193,0,0,11,11,216267620352,216267620352
29,P,4k,20260919,546,6,measure,24,chase_sequential,67108864,262144,7849981,18210594580803328418,1157984,0,0,11,11,2092185026560,2092185026560
29,P,4k,20260919,547,6,measure,25,independent_random_bis,4194304,1048576,317033,3782789493993996243,8590687,0,0,11,11,274792111268,274792111268
29,P,4k,20260919,548,6,measure,26,chase_random,131072,262144,14587,16689578381987079976,2378514,0,0,11,11,2147352576,2147352576
29,P,4k,20260919,549,6,measure,27,chase_sequential,134217728,262144,14106432,14173882555693318837,999127,0,0,11,11,3732276117504,3732276117504
29,P,4k,20260919,550,6,measure,28,chase_random_double,268435456,524288,25610077,15376690198484223127,248765757,0,0,11,11,8802976728572,8802976728572
29,P,4k,20260919,551,6,measure,29,independent_random_bis,16777216,1048576,98721,11166994361813498985,23939041,0,0,11,11,1100191054389,1100191054389
29,P,4k,20260919,552,6,measure,30,chase_random_double,33554432,524288,3761221,12013893553661355676,201754282,0,0,11,11,1098151152215,1098151152215
29,P,4k,20260919,553,6,measure,31,chase_sequential,16777216,262144,1692895,18399360112438872535,1216675,0,0,11,11,478141874176,478141874176
29,P,4k,20260919,554,6,measure,32,independent_random_bis,32768,1048576,1534,12689695632727674005,2016486,0,0,11,11,2145904231,2145904231
29,P,4k,20260919,555,6,measure,33,independent_random_bis,65536,1048576,3901,1791220302282829145,1496259,0,0,11,11,4293223156,4293223156
29,P,4k,20260919,556,6,measure,34,independent_random_bis,262144,1048576,1011,9580285260642398817,1584106,0,0,11,11,17172317763,17172317763
29,P,4k,20260919,557,6,measure,35,chase_random,8388608,262144,382752,15247634066305856817,75083400,0,0,11,11,137414580330,137414580330
29,P,4k,20260919,558,6,measure,36,chase_random_double,4194304,524288,140744,7599590405789228112,58089086,0,0,11,11,137438691328,137438691328
29,P,4k,20260919,559,6,measure,37,independent_random,16777216,1048576,623138,5912577278928979835,22027864,0,0,11,11,1099992680560,1099992680560
29,P,4k,20260919,560,6,measure,38,chase_sequential,262144,262144,25508,2307745431704435951,1563379,0,0,11,11,4294836224,4294836224
29,P,4k,20260919,561,6,measure,39,independent_random_bis,8192,1048576,426,17815313401092705752,1664677,0,0,11,11,535854295,535854295
29,P,4k,20260919,562,6,measure,40,independent_random,131072,1048576,6541,8560303755972607356,1451168,0,0,11,11,8589547064,8589547064
29,P,4k,20260919,563,6,measure,41,independent_random,32768,1048576,2361,4733414109081637394,1375918,0,0,11,11,2145899291,2145899291
29,P,4k,20260919,564,6,measure,42,independent_random,8388608,1048576,294097,4124614627247455997,13647501,0,0,11,11,550342655130,550342655130
29,P,4k,20260919,565,6,measure,43,chase_random,524288,262144,33282,8621739369462349987,5372147,0,0,11,11,8589803520,8589803520
29,P,4k,20260919,566,6,measure,44,chase_random_double,262144,524288,27364,12774963244730036693,4573469,0,0,11,11,8589672448,8589672448
29,P,4k,20260919,567,6,measure,45,chase_sequential,16384,262144,1654,4328025379563690136,745999,0,0,11,11,268304384,268304384
29,P,4k,20260919,568,6,measure,46,independent_random,4194304,1048576,248626,6420591622938388209,6471712,0,0,11,11,275008602033,275008602033
29,P,4k,20260919,569,6,measure,47,chase_random_double,65536,524288,5202,4131569396997937641,2705448,0,0,11,11,2147221504,2147221504
29,P,4k,20260919,570,6,measure,48,chase_sequential,524288,262144,49764,1848038874878379369,732856,0,0,11,11,8589803520,8589803520
29,P,4k,20260919,571,6,measure,49,independent_random_bis,4096,1048576,452,3919456224316812315,1369402,0,0,11,11,267873278,267873278
29,P,4k,20260919,572,6,measure,50,chase_sequential,4194304,262144,207692,7663856149068706284,978214,0,0,11,11,88804818944,88804818944
29,P,4k,20260919,573,6,measure,51,chase_random,16384,262144,1335,8573816131274898769,668894,0,0,11,11,268304384,268304384
29,P,4k,20260919,574,6,measure,52,independent_random,262144,1048576,25387,9405544001577573309,1446442,0,0,11,11,17185195335,17185195335
29,P,4k,20260919,575,6,measure,53,chase_sequential,8192,262144,110,13439640892619491689,661285,0,0,11,11,134086656,134086656
29,P,4k,20260919,576,6,measure,54,independent_random,8192,1048576,453,18394346104474430494,1366738,0,0,11,11,535994443,535994443
29,P,4k,20260919,577,6,measure,55,chase_random,4194304,262144,175654,4924903276099958144,6723354,0,0,11,11,68569747545,68569747545
29,P,4k,20260919,578,6,measure,56,page_fault_touch,268435456,65536,2240895,7768091627164522456,114602919,2830291,65536,11,11,131072,131072
29,P,4k,20260919,579,6,measure,57,independent_random_bis,2097152,1048576,64735,8529968149628263858,2975128,0,0,11,11,137349885494,137349885494
29,P,4k,20260919,580,6,measure,58,independent_random,65536,1048576,1780,11495257378990847775,1144148,0,0,11,11,4296624332,4296624332
29,P,4k,20260919,581,6,measure,59,chase_sequential,4096,262144,424,15162831651245252966,531011,0,0,11,11,66977792,66977792
29,P,4k,20260919,582,6,measure,60,independent_random_bis,524288,1048576,19996,9405545174932221200,1334273,0,0,11,11,34326752940,34326752940
29,P,4k,20260919,583,6,measure,61,chase_random_double,2097152,524288,7958,12819911254607258500,7921903,0,0,11,11,68719214592,68719214592
29,P,4k,20260919,584,6,measure,62,independent_random_bis,33554432,1048576,927355,1211481199008925246,14226724,0,0,11,11,2202247371800,2202247371800
29,P,4k,20260919,585,6,measure,63,chase_random_double,32768,524288,1633,2807854991389795177,1090321,0,0,11,11,1073479680,1073479680
29,P,4k,20260919,586,6,measure,64,independent_random,67108864,1048576,6167209,6782129417801510293,15932448,0,0,11,11,4399311813843,4399311813843
29,P,4k,20260919,587,6,measure,65,chase_sequential,131072,262144,2879,766431533495586190,554738,0,0,11,11,2147352576,2147352576
29,P,4k,20260919,588,6,measure,66,chase_random,33554432,262144,2771464,15973452842810132834,58403551,0,0,11,11,550617695635,550617695635
29,P,4k,20260919,589,6,measure,67,chase_sequential,33554432,262144,3270539,6536560833831945504,1056648,0,0,11,11,891711782912,891711782912
29,P,4k,20260919,590,6,measure,68,independent_random,134217728,1048576,6382564,17669269274622078845,19160054,0,0,11,11,8787319957370,8787319957370
29,P,4k,20260919,591,6,measure,69,chase_random,16777216,262144,1967084,8745927627402032543,83103085,0,0,11,11,275097560455,275097560455
29,P,4k,20260919,592,6,measure,70,chase_random,268435456,262144,16750074,1806200086086507753,127782115,0,0,11,11,4399324452674,4399324452674
29,P,4k,20260919,593,6,measure,71,independent_random_bis,8388608,1048576,1015141,16008538633498048020,17708882,0,0,11,11,549796259528,549796259528
29,P,4k,20260919,594,6,measure,72,chase_random_double,16777216,524288,1849383,8702782651040088600,184335024,0,0,11,11,549869494615,549869494615
29,P,4k,20260919,595,6,measure,73,chase_sequential,268435456,262144,31509434,9356395124324517204,2109591,0,0,11,11,8294368673792,8294368673792
29,P,4k,20260919,596,6,measure,74,chase_random,32768,262144,3882,16310997442296919974,1466834,0,0,11,11,536739840,536739840
29,P,4k,20260919,597,6,measure,75,chase_random_double,131072,524288,11338,18279033108958763947,4072957,0,0,11,11,4294705152,4294705152
29,P,4k,20260919,598,6,measure,76,chase_sequential,65536,262144,4323,13967343876621965267,660580,0,0,11,11,1073610752,1073610752
29,P,4k,20260919,599,6,measure,77,independent_random,33554432,1048576,356642,12841308738047382664,24698494,0,0,11,11,2198488110940,2198488110940
29,P,4k,20260919,600,6,measure,78,chase_random_double,4096,524288,347,2003000188288678005,2645647,0,0,11,11,133955584,133955584
29,P,4k,20260919,601,6,measure,79,chase_random,65536,262144,2476,7509977676184127454,1332015,0,0,11,11,1073610752,1073610752
29,P,4k,20260919,602,6,measure,80,chase_random_double,67108864,524288,339386,11981489060110107685,232045987,0,0,11,11,2198868529843,2198868529843
29,P,4k,20260919,603,6,measure,81,chase_sequential,32768,262144,1047,13340830500708870388,1689658,0,0,11,11,536739840,536739840
29,P,4k,20260919,604,6,measure,82,independent_random,4096,1048576,31,16897421127644525735,1654027,0,0,11,11,267869290,267869290
29,P,4k,20260919,605,6,measure,83,chase_random_double,8388608,524288,145198,15425541081176205342,125985247,0,0,11,11,274816928945,274816928945
29,P,4k,20260919,606,6,measure,84,chase_random,2097152,262144,69058,14492141042413334084,16356226,0,0,11,11,34359607296,34359607296
29,P,4k,20260919,607,6,measure,85,independent_random,16384,1048576,288,12723622863454120341,1690154,0,0,11,11,1072651928,1072651928
29,P,4k,20260919,608,6,measure,86,chase_random_double,16384,524288,202,18230202629872637528,1386882,0,0,11,11,536608768,536608768
29,P,4k,20260919,609,7,measure,0,chase_random,8388608,262144,830461,16836650737056635471,30723397,0,0,11,11,137225993823,137225993823
29,P,4k,20260919,610,7,measure,1,chase_sequential,1048576,262144,119769,16079692829400565152,1250762,0,0,11,11,17179738112,17179738112
29,P,4k,20260919,611,7,measure,2,independent_random,16777216,1048576,1268809,15555898827655956227,17705566,0,0,11,11,1100052238244,1100052238244
29,P,4k,20260919,612,7,measure,3,independent_random,65536,1048576,6378,11999940882919441107,2719486,0,0,11,11,4294631644,4294631644
29,P,4k,20260919,613,7,measure,4,independent_random_bis,131072,1048576,11137,15192907151156624451,1528866,0,0,11,11,8592072594,8592072594
29,P,4k,20260919,614,7,measure,5,independent_random,32768,1048576,3659,16543298868580033434,1372067,0,0,11,11,2146413876,2146413876
29,P,4k,20260919,615,7,measure,6,independent_random,134217728,1048576,6022664,1666147972765986685,23957424,0,0,11,11,8791899329731,8791899329731
29,P,4k,20260919,616,7,measure,7,chase_sequential,134217728,262144,10119974,15529725208782478408,1662102,0,0,11,11,2687250071552,2687250071552
29,P,4k,20260919,617,7,measure,8,independent_random,67108864,1048576,5412181,15772393113583592751,23651684,0,0,11,11,4400217470368,4400217470368
29,P,4k,20260919,618,7,measure,9,independent_random_bis,4194304,1048576,478919,1379582870436650458,10618161,0,0,11,11,275139476292,275139476292
29,P,4k,20260919,619,7,measure,10,chase_random,262144,262144,5368,50996805736600513,3074433,0,0,11,11,4294836224,4294836224
29,P,4k,20260919,620,7,measure,11,independent_random_bis,4096,1048576,215,7644559343640878684,1366052,0,0,11,11,267755850,267755850
29,P,4k,20260919,621,7,measure,12,independent_random_bis,67108864,1048576,2767075,2155662130929061949,22024857,0,0,11,11,4397808582699,4397808582699
29,P,4k,20260919,622,7,measure,13,page_fault_touch,268435456,65536,16162524,17980370980865186028,119656025,2825286,65536,11,11,131072,131072
29,P,4k,20260919,623,7,measure,14,chase_random_double,16777216,524288,2007447,15177634781948830213,128799929,0,0,11,11,549869920495,549869920495
29,P,4k,20260919,624,7,measure,15,chase_random_double,268435456,524288,11155863,9765197338765442611,244498489,0,0,11,11,8801656977617,8801656977617
29,P,4k,20260919,625,7,measure,16,independent_random,4194304,1048576,367589,10133385751455297376,10224167,0,0,11,11,275332661887,275332661887
29,P,4k,20260919,626,7,measure,17,independent_random_bis,16384,1048576,851,11196703342924474283,1799748,0,0,11,11,1073224843,1073224843
29,P,4k,20260919,627,7,measure,18,independent_random_bis,262144,1048576,29056,1348927769875686186,1572297,0,0,11,11,17183438863,17183438863
29,P,4k,20260919,628,7,measure,19,chase_sequential,16777216,262144,1425474,2285304390489514663,961605,0,0,11,11,408039063552,408039063552
29,P,4k,20260919,629,7,measure,20,chase_random,8192,262144,181,2436369058894042708,665512,0,0,11,11,134086656,134086656
29,P,4k,20260919,630,7,measure,21,chase_random,65536,262144,1923,3325555381037836240,1173797,0,0,11,11,1073610752,1073610752
29,P,4k,20260919,631,7,measure,22,chase_random,524288,262144,5667,13832611844802871742,3866922,0,0,11,11,8589803520,8589803520
29,P,4k,20260919,632,7,measure,23,chase_random_double,67108864,524288,4898428,9302678285997896765,212047151,0,0,11,11,2199860983892,2199860983892
29,P,4k,20260919,633,7,measure,24,chase_sequential,32768,262144,1736,5713650346570206418,3276456,0,0,11,11,536739840,536739840
29,P,4k,20260919,634,7,measure,25,chase_sequential,4194304,262144,469411,9668124592978818007,1465422,0,0,11,11,48745283584,48745283584
29,P,4k,20260919,635,7,measure,26,chase_random_double,524288,524288,46691,16840340544425490965,7446357,0,0,11,11,17179607040,17179607040
29,P,4k,20260919,636,7,measure,27,chase_random,67108864,262144,2446640,5052223070255584781,112896126,0,0,11,11,1098755873637,1098755873637
29,P,4k,20260919,637,7,measure,28,chase_sequential,2097152,262144,108101,1332475766676326607,1926603,0,0,11,11,34359607296,34359607296
29,P,4k,20260919,638,7,measure,29,independent_random_bis,8192,1048576,258,1109530137002489661,1599400,0,0,11,11,536434427,536434427
29,P,4k,20260919,639,7,measure,30,independent_random,2097152,1048576,151243,7063838986587276160,3484554,0,0,11,11,137392214782,137392214782
29,P,4k,20260919,640,7,measure,31,independent_random_bis,1048576,1048576,59890,879073467468350899,2141012,0,0,11,11,68707604090,68707604090
29,P,4k,20260919,641,7,measure,32,independent_random_bis,65536,1048576,8144,9726102446148409695,1534644,0,0,11,11,4293090699,4293090699
29,P,4k,20260919,642,7,measure,33,chase_random,16384,262144,869,5441730384571078099,708255,0,0,11,11,268304384,268304384
29,P,4k,20260919,643,7,measure,34,page_fault_touch,16777216,4096,1500383,5747464516420732265,7914405,78256,4096,11,11,8192,8192
29,P,4k,20260919,644,7,measure,35,chase_random,268435456,262144,200853,18338061135174140525,118550490,0,0,11,11,4396565753348,4396565753348
29,P,4k,20260919,645,7,measure,36,chase_sequential,8192,262144,444,8682083947076347615,1949451,0,0,11,11,134086656,134086656
29,P,4k,20260919,646,7,measure,37,chase_sequential,65536,262144,3058,845547775863144195,1214304,0,0,11,11,1073610752,1073610752
29,P,4k,20260919,647,7,measure,38,chase_random_double,4096,524288,412,12314684103900805862,1592145,0,0,11,11,133955584,133955584
29,P,4k,20260919,648,7,measure,39,independent_random,524288,1048576,23211,3971204184042508707,1757340,0,0,11,11,34367229642,34367229642
29,P,4k,20260919,649,7,measure,40,chase_random,2097152,262144,85438,18189926703795885800,7488276,0,0,11,11,34359607296,34359607296
29,P,4k,20260919,650,7,measure,41,independent_random,131072,1048576,6448,12213572125710649910,1650423,0,0,11,11,8584087470,8584087470
29,P,4k,20260919,651,7,measure,42,chase_random_double,134217728,524288,16352593,12945655490757187522,232262665,0,0,11,11,4397478932910,4397478932910
29,P,4k,20260919,652,7,measure,43,independent_random,1048576,1048576,44020,5754849628868681186,3414962,0,0,11,11,68707454179,68707454179
29,P,4k,20260919,653,7,measure,44,independent_random_bis,16777216,1048576,1877563,15597538369614186485,22639675,0,0,11,11,1099301563150,1099301563150
29,P,4k,20260919,654,7,measure,45,chase_random_double,4194304,524288,235484,2582505145536931918,53583959,0,0,11,11,137438691328,137438691328
29,P,4k,20260919,655,7,measure,46,chase_random,16777216,262144,2043090,11407955053686324433,67930517,0,0,11,11,274654536531,274654536531
29,P,4k,20260919,656,7,measure,47,chase_sequential,33554432,262144,1458795,355959564273700992,1868907,0,0,11,11,416773963776,416773963776
29,P,4k,20260919,657,7,measure,48,chase_random,131072,262144,13629,9369238349072247307,2239265,0,0,11,11,2147352576,2147352576
29,P,4k,20260919,658,7,measure,49,independent_random_bis,33554432,1048576,1607085,6180187461108688974,18956329,0,0,11,11,2199348769552,2199348769552
29,P,4k,20260919,659,7,measure,50,independent_random,4096,1048576,253,10124199298666563998,2609641,0,0,11,11,267788708,267788708
29,P,4k,20260919,660,7,measure,51,chase_sequential,16384,262144,1461,14595948326548669399,756136,0,0,11,11,268304384,268304384
29,P,4k,20260919,661,7,measure,52,independent_random,268435456,1048576,23740010,1873984179186497503,30666475,0,0,11,11,17588386447910,17588386447910
29,P,4k,20260919,662,7,measure,53,chase_random_double,8192,524288,360,12615804334449939358,2707840,0,0,11,11,268173312,268173312
29,P,4k,20260919,663,7,measure,54,chase_random_double,131072,524288,16248,1787042741721209040,3558135,0,0,11,11,4294705152,4294705152
29,P,4k,20260919,664,7,measure,55,independent_random,262144,1048576,3398,9995795090693688455,1459870,0,0,11,11,17172818305,17172818305
29,P,4k,20260919,665,7,measure,56,chase_random,1048576,262144,118196,14246419168402114950,8287234,0,0,11,11,17179738112,17179738112
29,P,4k,20260919,666,7,measure,57,independent_random,16384,1048576,1627,5275324301006773151,1363826,0,0,11,11,1073585476,1073585476
29,P,4k,20260919,667,7,measure,58,chase_random_double,1048576,524288,109733,1316876004294399748,5241671,0,0,11,11,34359476224,34359476224
29,P,4k,20260919,668,7,measure,59,chase_sequential,262144,262144,2084,17638512120663742406,705335,0,0,11,11,4294836224,4294836224
29,P,4k,20260919,669,7,measure,60,chase_random_double,8388608,524288,919860,9728719503164263448,114006550,0,0,11,11,274930221948,274930221948
29,P,4k,20260919,670,7,measure,61,chase_random,33554432,262144,2412691,5604523536071207773,104985254,0,0,11,11,548977514356,548977514356
29,P,4k,20260919,671,7,measure,62,chase_random_double,16384,524288,1838,15045906030684691059,2778651,0,0,11,11,536608768,536608768
29,P,4k,20260919,672,7,measure,63,chase_random,4096,262144,180,12989597722760879595,787204,0,0,11,11,66977792,66977792
29,P,4k,20260919,673,7,measure,64,chase_random_double,65536,524288,1129,12280555959111600673,2321678,0,0,11,11,2147221504,2147221504
29,P,4k,20260919,674,7,measure,65,chase_random,32768,262144,784,10897418240862412665,725179,0,0,11,11,536739840,536739840
29,P,4k,20260919,675,7,measure,66,chase_sequential,4096,262144,179,16042138478201799807,658112,0,0,11,11,66977792,66977792
29,P,4k,20260919,676,7,measure,67,chase_random,134217728,262144,2263625,14094679203430009367,114117861,0,0,11,11,2199000543770,2199000543770
29,P,4k,20260919,677,7,measure,68,independent_random_bis,524288,1048576,15585,544915628420055666,3178637,0,0,11,11,34367933927,34367933927
29,P,4k,20260919,678,7,measure,69,chase_random,4194304,262144,101417,7645948694470229,36967695,0,0,11,11,68649437441,68649437441
29,P,4k,20260919,679,7,measure,70,chase_sequential,268435456,262144,13320570,1731819795612505644,1283770,0,0,11,11,3526267109376,3526267109376
29,P,4k,20260919,680,7,measure,71,independent_random,8192,1048576,46,7147393511576283662,1566475,0,0,11,11,536376274,536376274
29,P,4k,20260919,681,7,measure,72,chase_random_double,33554432,524288,1463947,17479256861050748436,206510963,0,0,11,11,1098872364891,1098872364891
29,P,4k,20260919,682,7,measure,73,chase_random_double,2097152,524288,215846,8594982611080920210,20857074,0,0,11,11,68719214592,68719214592
29,P,4k,20260919,683,7,measure,74,independent_random_bis,2097152,1048576,247344,15988768084572217142,2444436,0,0,11,11,137381640615,137381640615
29,P,4k,20260919,684,7,measure,75,chase_sequential,67108864,262144,5062215,12221838408936787561,947372,0,0,11,11,1361388896256,1361388896256
29,P,4k,20260919,685,7,measure,76,chase_sequential,524288,262144,42009,5600208913512406820,776121,0,0,11,11,8589803520,8589803520
29,P,4k,20260919,686,7,measure,77,independent_random,8388608,1048576,390933,7754542589770277985,13764706,0,0,11,11,550385137796,550385137796
29,P,4k,20260919,687,7,measure,78,independent_random,33554432,1048576,3876778,9359078357736306110,23959818,0,0,11,11,2199594678118,2199594678118
29,P,4k,20260919,688,7,measure,79,independent_random_bis,268435456,1048576,4872725,6564689539993485607,35685331,0,0,11,11,17589590614057,17589590614057
29,P,4k,20260919,689,7,measure,80,chase_random_double,262144,524288,18738,12552916712730174411,6180589,0,0,11,11,8589672448,8589672448
29,P,4k,20260919,690,7,measure,81,chase_random_double,32768,524288,4095,2918009301322157128,1368116,0,0,11,11,1073479680,1073479680
29,P,4k,20260919,691,7,measure,82,independent_random_bis,32768,1048576,3351,8947094135910623888,1360256,0,0,11,11,2145764734,2145764734
29,P,4k,20260919,692,7,measure,83,independent_random_bis,8388608,1048576,945955,17808083643339487680,14778950,0,0,11,11,549039823379,549039823379
29,P,4k,20260919,693,7,measure,84,chase_sequential,131072,262144,9935,3805202131358534562,1336604,0,0,11,11,2147352576,2147352576
29,P,4k,20260919,694,7,measure,85,chase_sequential,8388608,262144,98239,15282093486411297409,1098337,0,0,11,11,60112371712,60112371712
29,P,4k,20260919,695,7,measure,86,independent_random_bis,134217728,1048576,15335182,17057779675594716087,26488776,0,0,11,11,8791440009771,8791440009771
29,P,4k,20260919,696,8,measure,0,chase_sequential,134217728,262144,5796738,17524429556450773933,1775439,0,0,11,11,1553939693568,1553939693568
29,P,4k,20260919,697,8,measure,1,chase_random_double,8192,524288,164,5417434997264550641,1633944,0,0,11,11,268173312,268173312
29,P,4k,20260919,698,8,measure,2,chase_random_double,524288,524288,11492,17314021670961892758,6615028,0,0,11,11,17179607040,17179607040
29,P,4k,20260919,699,8,measure,3,chase_random,1048576,262144,85411,16347351804669896501,6187122,0,0,11,11,17179738112,17179738112
29,P,4k,20260919,700,8,measure,4,chase_sequential,2097152,262144,159396,6950443322942317785,956180,0,0,11,11,34359607296,34359607296
29,P,4k,20260919,701,8,measure,5,page_fault_touch,16777216,4096,532550,2596930592781261358,8225398,75293,4096,11,11,8192,8192
29,P,4k,20260919,702,8,measure,6,chase_random_double,131072,524288,16312,12167322676102245786,3484518,0,0,11,11,4294705152,4294705152
29,P,4k,20260919,703,8,measure,7,independent_random_bis,8388608,1048576,115198,2216951147875727849,9968237,0,0,11,11,549831927806,549831927806
29,P,4k,20260919,704,8,measure,8,independent_random_bis,4096,1048576,304,3953036073655791915,1859551,0,0,11,11,267761023,267761023
29,P,4k,20260919,705,8,measure,9,chase_random,8388608,262144,761118,18140495958725550149,11839512,0,0,11,11,137397308450,137397308450
29,P,4k,20260919,706,8,measure,10,chase_sequential,8192,262144,746,8300128615136743162,741841,0,0,11,11,134086656,134086656
29,P,4k,20260919,707,8,measure,11,chase_random,4194304,262144,55927,11733431921387957097,33067714,0,0,11,11,68664049831,68664049831
29,P,4k,20260919,708,8,measure,12,chase_random,262144,262144,21947,6013624245751986641,3046273,0,0,11,11,4294836224,4294836224
29,P,4k,20260919,709,8,measure,13,independent_random_bis,262144,1048576,3586,3141613913325769000,1510202,0,0,11,11,17173943446,17173943446
29,P,4k,20260919,710,8,measure,14,chase_sequential,524288,262144,4902,8232690361943614216,741525,0,0,11,11,8589803520,8589803520
29,P,4k,20260919,711,8,measure,15,independent_random,4194304,1048576,461508,12594628920733678248,6023733,0,0,11,11,274700260853,274700260853
29,P,4k,20260919,712,8,measure,16,chase_sequential,4194304,262144,448243,17065331258368951901,1155211,0,0,11,11,54294347776,54294347776
29,P,4k,20260919,713,8,measure,17,chase_random,524288,262144,35998,7342731793905067166,3555729,0,0,11,11,8589803520,8589803520
29,P,4k,20260919,714,8,measure,18,independent_random,1048576,1048576,96991,7840079666468591135,2022834,0,0,11,11,68690637962,68690637962
29,P,4k,20260919,715,8,measure,19,independent_random_bis,134217728,1048576,10827762,7889224462142209661,19047041,0,0,11,11,8796544489962,8796544489962
29,P,4k,20260919,716,8,measure,20,chase_random,8192,262144,176,744011299770473020,1035312,0,0,11,11,134086656,134086656
29,P,4k,20260919,717,8,measure,21,chase_random_double,8388608,524288,790805,800296047967783395,65019151,0,0,11,11,274674768713,274674768713
29,P,4k,20260919,718,8,measure,22,independent_random,16384,1048576,979,6369158673289210964,2148274,0,0,11,11,1073042538,1073042538
29,P,4k,20260919,719,8,measure,23,chase_random,16384,262144,320,1990141828757099758,740500,0,0,11,11,268304384,268304384
29,P,4k,20260919,720,8,measure,24,chase_random_double,32768,524288,2937,15799142045911704068,1384475,0,0,11,11,1073479680,1073479680
29,P,4k,20260919,721,8,measure,25,chase_random,2097152,262144,4730,1244883153705387176,13503222,0,0,11,11,34359607296,34359607296
29,P,4k,20260919,722,8,measure,26,independent_random,4096,1048576,336,7681982783882468305,1787171,0,0,11,11,268008248,268008248
29,P,4k,20260919,723,8,measure,27,chase_random_double,262144,524288,30999,6457086330794288374,5278662,0,0,11,11,8589672448,8589672448
29,P,4k,20260919,724,8,measure,28,chase_sequential,4096,262144,238,14214284712246708563,661129,0,0,11,11,66977792,66977792
29,P,4k,20260919,725,8,measure,29,independent_random,33554432,1048576,3221154,14509511179767596696,16441273,0,0,11,11,2198543456800,2198543456800
29,P,4k,20260919,726,8,measure,30,chase_random_double,4194304,524288,445280,210736212988789345,46330899,0,0,11,11,137438691328,137438691328
29,P,4k,20260919,727,8,measure,31,chase_random,67108864,262144,2129785,3369087276123082140,102426880,0,0,11,11,1099518042983,1099518042983
29,P,4k,20260919,728,8,measure,32,independent_random_bis,1048576,1048576,76575,9807121220042549979,3524230,0,0,11,11,68719945967,68719945967
29,P,4k,20260919,729,8,measure,33,chase_sequential,16384,262144,253,827546516398811171,768721,0,0,11,11,268304384,268304384
29,P,4k,20260919,730,8,measure,34,chase_sequential,33554432,262144,3220256,1780049919864046489,994177,0,0,11,11,878530396160,878530396160
29,P,4k,20260919,731,8,measure,35,chase_sequential,268435456,262144,16159787,17543225383371193571,728225,0,0,11,11,4270550810624,4270550810624
29,P,4k,20260919,732,8,measure,36,chase_random_double,16777216,524288,1885745,7220606104575981389,176237162,0,0,11,11,550124684178,550124684178
29,P,4k,20260919,733,8,measure,37,chase_random,32768,262144,3817,13109429846810125593,1900324,0,0,11,11,536739840,536739840
29,P,4k,20260919,734,8,measure,38,chase_random,4096,262144,273,2598678776209634973,864577,0,0,11,11,66977792,66977792
29,P,4k,20260919,735,8,measure,39,independent_random,268435456,1048576,31365318,4060109536890352315,34969149,0,0,11,11,17573933496303,17573933496303
29,P,4k,20260919,736,8,measure,40,independent_random,16777216,1048576,581955,7898485218598295341,23442465,0,0,11,11,1099976404150,1099976404150
29,P,4k,20260919,737,8,measure,41,independent_random_bis,65536,1048576,6245,17150561509080461145,3184648,0,0,11,11,4294729207,4294729207
29,P,4k,20260919,738,8,measure,42,chase_sequential,16777216,262144,2069236,5548531826593333103,826779,0,0,11,11,85585690624,85585690624
29,P,4k,20260919,739,8,measure,43,chase_random_double,2097152,524288,4424,18107211078851034931,19460940,0,0,11,11,68719214592,68719214592
29,P,4k,20260919,740,8,measure,44,page_fault_touch,268435456,65536,9869578,3121044854606779342,119424690,2830368,65536,11,11,131072,131072
29,P,4k,20260919,741,8,measure,45,independent_random_bis,524288,1048576,15461,15191552727442275572,1281567,0,0,11,11,34413476833,34413476833
29,P,4k,20260919,742,8,measure,46,chase_sequential,8388608,262144,584079,11525245677022681272,904631,0,0,11,11,187472412672,187472412672
29,P,4k,20260919,743,8,measure,47,chase_random_double,134217728,524288,8805846,9986287683588899011,177020346,0,0,11,11,4393704653605,4393704653605
29,P,4k,20260919,744,8,measure,48,independent_random,524288,1048576,25604,16490006722354851052,2883261,0,0,11,11,34353903225,34353903225
29,P,4k,20260919,745,8,measure,49,independent_random_bis,16384,1048576,1762,5198323316852585509,1457304,0,0,11,11,1073441581,1073441581
29,P,4k,20260919,746,8,measure,50,independent_random_bis,8192,1048576,287,8859553510813802603,1481187,0,0,11,11,536398803,536398803
29,P,4k,20260919,747,8,measure,51,independent_random_bis,268435456,1048576,28091442,6638507067341598680,26331522,0,0,11,11,17577128092747,17577128092747
29,P,4k,20260919,748,8,measure,52,chase_random_double,16384,524288,152,10317729068886734099,2641352,0,0,11,11,536608768,536608768
29,P,4k,20260919,749,8,measure,53,independent_random_bis,67108864,1048576,1930130,14959733373988387811,24318463,0,0,11,11,4398258406102,4398258406102
29,P,4k,20260919,750,8,measure,54,chase_sequential,131072,262144,2268,12500222767184126997,2018809,0,0,11,11,2147352576,2147352576
29,P,4k,20260919,751,8,measure,55,chase_random,16777216,262144,1558311,15707773317203209182,99385768,0,0,11,11,274702681462,274702681462
29,P,4k,20260919,752,8,measure,56,chase_random_double,4096,524288,291,14800464756688860597,2823750,0,0,11,11,133955584,133955584
29,P,4k,20260919,753,8,measure,57,independent_random_bis,33554432,1048576,1336197,17766983072469122991,25227212,0,0,11,11,2197884728611,2197884728611
29,P,4k,20260919,754,8,measure,58,independent_random,131072,1048576,12236,6780151284619453641,2737969,0,0,11,11,8584510887,8584510887
29,P,4k,20260919,755,8,measure,59,chase_random_double,65536,524288,3839,10557474840231507393,2323468,0,0,11,11,2147221504,2147221504
29,P,4k,20260919,756,8,measure,60,chase_sequential,1048576,262144,4252,18234908239713639389,886597,0,0,11,11,17179738112,17179738112
29,P,4k,20260919,757,8,measure,61,independent_random,262144,1048576,9748,1209784859689911384,1476653,0,0,11,11,17172437604,17172437604
29,P,4k,20260919,758,8,measure,62,independent_random,134217728,1048576,14403211,1472598860509572358,27659897,0,0,11,11,8787306413456,8787306413456
29,P,4k,20260919,759,8,measure,63,chase_random,134217728,262144,5562888,12151998690263525430,116608011,0,0,11,11,2200413760536,2200413760536
29,P,4k,20260919,760,8,measure,64,chase_random,131072,262144,10839,759552991183653738,3177400,0,0,11,11,2147352576,2147352576
29,P,4k,20260919,761,8,measure,65,chase_random_double,33554432,524288,1920455,8149947674507301260,195774165,0,0,11,11,1099400100680,1099400100680
29,P,4k,20260919,762,8,measure,66,chase_random_double,1048576,524288,79920,13767801668041456341,10157811,0,0,11,11,34359476224,34359476224
29,P,4k,20260919,763,8,measure,67,independent_random_bis,16777216,1048576,384046,16601329009852955020,20597908,0,0,11,11,1099855225373,1099855225373
29,P,4k,20260919,764,8,measure,68,independent_random_bis,4194304,1048576,224443,11035766636681343629,9116621,0,0,11,11,274903785986,274903785986
29,P,4k,20260919,765,8,measure,69,independent_random_bis,2097152,1048576,189570,2671205329530798743,4679271,0,0,11,11,137491562381,137491562381
29,P,4k,20260919,766,8,measure,70,independent_random_bis,131072,1048576,671,3114378623336478918,1697204,0,0,11,11,8585833570,8585833570
29,P,4k,20260919,767,8,measure,71,chase_sequential,262144,262144,9202,9359996530757809005,735865,0,0,11,11,4294836224,4294836224
29,P,4k,20260919,768,8,measure,72,independent_random,32768,1048576,438,17329734724314859431,1367952,0,0,11,11,2147598246,2147598246
29,P,4k,20260919,769,8,measure,73,independent_random,8192,1048576,342,3301871204800949945,1366551,0,0,11,11,536453845,536453845
29,P,4k,20260919,770,8,measure,74,chase_random,65536,262144,1445,2673690697812169674,1150473,0,0,11,11,1073610752,1073610752
29,P,4k,20260919,771,8,measure,75,chase_random,33554432,262144,1323808,9509205056692425093,104378544,0,0,11,11,550805834721,550805834721
29,P,4k,20260919,772,8,measure,76,chase_random_double,67108864,524288,1816481,4340899135925247382,232787653,0,0,11,11,2199548400389,2199548400389
29,P,4k,20260919,773,8,measure,77,chase_sequential,67108864,262144,2639572,17917953124472819084,1896617,0,0,11,11,726307569664,726307569664
29,P,4k,20260919,774,8,measure,78,independent_random_bis,32768,1048576,3442,17728155035700159871,1778908,0,0,11,11,2150683700,2150683700
29,P,4k,20260919,775,8,measure,79,independent_random,2097152,1048576,212883,13070361337733005058,4739314,0,0,11,11,137358456976,137358456976
29,P,4k,20260919,776,8,measure,80,chase_sequential,65536,262144,1302,16792760249403757455,873845,0,0,11,11,1073610752,1073610752
29,P,4k,20260919,777,8,measure,81,independent_random,65536,1048576,5778,4527054541881887432,1569783,0,0,11,11,4290116219,4290116219
29,P,4k,20260919,778,8,measure,82,chase_random_double,268435456,524288,16450924,14797496464381531888,248286101,0,0,11,11,8802330434080,8802330434080
29,P,4k,20260919,779,8,measure,83,independent_random,67108864,1048576,7467329,1673200841083379497,28099708,0,0,11,11,4398906849575,4398906849575
29,P,4k,20260919,780,8,measure,84,chase_sequential,32768,262144,3899,5215267302275209895,1805945,0,0,11,11,536739840,536739840
29,P,4k,20260919,781,8,measure,85,chase_random,268435456,262144,8554784,3677770150887591144,116503833,0,0,11,11,4391010280179,4391010280179
29,P,4k,20260919,782,8,measure,86,independent_random,8388608,1048576,265001,18202380127765244178,17753380,0,0,11,11,549679845911,549679845911
29,P,4k,20260919,783,9,measure,0,page_fault_touch,268435456,65536,28109286,2318510992734883137,121597252,1577632,65536,11,11,131072,131072
29,P,4k,20260919,784,9,measure,1,chase_random_double,16384,524288,1570,11580586134394099145,1069819,0,0,11,11,536608768,536608768
29,P,4k,20260919,785,9,measure,2,independent_random_bis,524288,1048576,39739,15844123384383701210,1357253,0,0,11,11,34372468903,34372468903
29,P,4k,20260919,786,9,measure,3,independent_random_bis,33554432,1048576,1082965,708862562861102167,15384243,0,0,11,11,2199338801214,2199338801214
29,P,4k,20260919,787,9,measure,4,chase_sequential,65536,262144,5710,10830045444761954573,534758,0,0,11,11,1073610752,1073610752
29,P,4k,20260919,788,9,measure,5,chase_random,8388608,262144,975657,17176128623343507515,53028071,0,0,11,11,137349495816,137349495816
29,P,4k,20260919,789,9,measure,6,chase_random,32768,262144,2999,8164854025811225439,767075,0,0,11,11,536739840,536739840
29,P,4k,20260919,790,9,measure,7,independent_random_bis,4096,1048576,150,1218875036059300768,1521545,0,0,11,11,267597562,267597562
29,P,4k,20260919,791,9,measure,8,chase_sequential,33554432,262144,1406795,1340687703420780136,1004292,0,0,11,11,403142475776,403142475776
29,P,4k,20260919,792,9,measure,9,independent_random,8388608,1048576,857532,520762143157849641,9314301,0,0,11,11,549234565242,549234565242
29,P,4k,20260919,793,9,measure,10,chase_random_double,4194304,524288,198513,4319053454237032101,44589340,0,0,11,11,137438691328,137438691328
29,P,4k,20260919,794,9,measure,11,chase_random,131072,262144,12631,7122512712398548436,2132905,0,0,11,11,2147352576,2147352576
29,P,4k,20260919,795,9,measure,12,chase_sequential,16384,262144,1341,3206616231212239965,700083,0,0,11,11,268304384,268304384
29,P,4k,20260919,796,9,measure,13,independent_random_bis,131072,1048576,3632,17461020503616759048,1402738,0,0,11,11,8588338604,8588338604
29,P,4k,20260919,797,9,measure,14,independent_random_bis,268435456,1048576,14039365,6518197628512830716,20046250,0,0,11,11,17591652185881,17591652185881
29,P,4k,20260919,798,9,measure,15,chase_random,4194304,262144,120676,16647014113671572035,11534595,0,0,11,11,68658326860,68658326860
29,P,4k,20260919,799,9,measure,16,chase_random,16777216,262144,369312,15702793881325769841,80565667,0,0,11,11,274862586479,274862586479
29,P,4k,20260919,800,9,measure,17,chase_random_double,32768,524288,184,5609449326934068728,2941370,0,0,11,11,1073479680,1073479680
29,P,4k,20260919,801,9,measure,18,chase_random_double,1048576,524288,124195,7802492783484885898,10276384,0,0,11,11,34359476224,34359476224
29,P,4k,20260919,802,9,measure,19,chase_random_double,268435456,524288,23725269,17784028381730961557,243082436,0,0,11,11,8789049538993,8789049538993
29,P,4k,20260919,803,9,measure,20,independent_random,33554432,1048576,2180794,701099628705816639,25936553,0,0,11,11,2200393678308,2200393678308
29,P,4k,20260919,804,9,measure,21,chase_random_double,131072,524288,10872,16314339474015687130,4919154,0,0,11,11,4294705152,4294705152
29,P,4k,20260919,805,9,measure,22,chase_random,2097152,262144,215201,14141246678801187913,17856742,0,0,11,11,34359607296,34359607296
29,P,4k,20260919,806,9,measure,23,chase_sequential,134217728,262144,8472683,18165247981945007902,1052344,0,0,11,11,2255422619648,2255422619648
29,P,4k,20260919,807,9,measure,24,independent_random_bis,16777216,1048576,254735,13196187750166443541,21222913,0,0,11,11,1098996622958,1098996622958
29,P,4k,20260919,808,9,measure,25,independent_random,4096,1048576,234,15350142374681204607,2589065,0,0,11,11,267903931,267903931
29,P,4k,20260919,809,9,measure,26,chase_random,4096,262144,245,7912456600769204695,716726,0,0,11,11,66977792,66977792
29,P,4k,20260919,810,9,measure,27,chase_sequential,67108864,262144,8293450,15816124403505822581,931440,0,0,11,11,807657668608,807657668608
29,P,4k,20260919,811,9,measure,28,independent_random,524288,1048576,23242,9595234658146523293,1642608,0,0,11,11,34374098329,34374098329
29,P,4k,20260919,812,9,measure,29,chase_sequential,4096,262144,77,5879688379372391973,666112,0,0,11,11,66977792,66977792
29,P,4k,20260919,813,9,measure,30,independent_random,32768,1048576,371,3590847619187376426,1367905,0,0,11,11,2146663844,2146663844
29,P,4k,20260919,814,9,measure,31,independent_random,16777216,1048576,1298954,7343322398076654654,14033289,0,0,11,11,1100314425612,1100314425612
29,P,4k,20260919,815,9,measure,32,independent_random_bis,8192,1048576,37,6707540777217389816,2489002,0,0,11,11,536551352,536551352
29,P,4k,20260919,816,9,measure,33,independent_random_bis,262144,1048576,12418,2635160828852710986,2546009,0,0,11,11,17189548850,17189548850
29,P,4k,20260919,817,9,measure,34,independent_random,2097152,1048576,91751,4980107650561671899,5309466,0,0,11,11,137485213137,137485213137
29,P,4k,20260919,818,9,measure,35,chase_random_double,134217728,524288,15246499,17730010685929932841,237165045,0,0,11,11,4399159757151,4399159757151
29,P,4k,20260919,819,9,measure,36,independent_random_bis,2097152,1048576,52410,12800690286404547172,5434495,0,0,11,11,137445098584,137445098584
29,P,4k,20260919,820,9,measure,37,chase_sequential,8388608,262144,754955,2477815980251866777,1046812,0,0,11,11,232266530816,232266530816
29,P,4k,20260919,821,9,measure,38,chase_random,134217728,262144,11612327,6170569328997324427,117005528,0,0,11,11,2198024036047,2198024036047
29,P,4k,20260919,822,9,measure,39,chase_sequential,524288,262144,3674,4923729890497965869,1726304,0,0,11,11,8589803520,8589803520
29,P,4k,20260919,823,9,measure,40,chase_random_double,33554432,524288,2053148,12904082058403515129,187503262,0,0,11,11,1098347367850,1098347367850
29,P,4k,20260919,824,9,measure,41,independent_random_bis,67108864,1048576,5130847,12745752797282890183,26935488,0,0,11,11,4393675380361,4393675380361
29,P,4k,20260919,825,9,measure,42,independent_random_bis,32768,1048576,2754,1493342230321084872,2718927,0,0,11,11,2145165225,2145165225
29,P,4k,20260919,826,9,measure,43,chase_sequential,2097152,262144,29812,12251235815367257203,1017792,0,0,11,11,34359607296,34359607296
29,P,4k,20260919,827,9,measure,44,independent_random,65536,1048576,6839,12365140211914350006,1436558,0,0,11,11,4291166610,4291166610
29,P,4k,20260919,828,9,measure,45,chase_random,16384,262144,374,15914375896019897101,680800,0,0,11,11,268304384,268304384
29,P,4k,20260919,829,9,measure,46,chase_sequential,1048576,262144,87936,181086103375412098,813885,0,0,11,11,17179738112,17179738112
29,P,4k,20260919,830,9,measure,47,page_fault_touch,16777216,4096,50458,7576520036000858556,8586468,86020,4096,11,11,8192,8192
29,P,4k,20260919,831,9,measure,48,independent_random_bis,16384,1048576,351,1793446760799920520,1430532,0,0,11,11,1073424877,1073424877
29,P,4k,20260919,832,9,measure,49,chase_random_double,8192,524288,899,5545093547176887273,1334058,0,0,11,11,268173312,268173312
29,P,4k,20260919,833,9,measure,50,chase_sequential,262144,262144,5978,7914959054529806159,678908,0,0,11,11,4294836224,4294836224
29,P,4k,20260919,834,9,measure,51,chase_sequential,16777216,262144,184433,3611283608195684235,996083,0,0,11,11,82707611648,82707611648
29,P,4k,20260919,835,9,measure,52,independent_random,131072,1048576,458,5941449852267012957,1440650,0,0,11,11,8601943745,8601943745
29,P,4k,20260919,836,9,measure,53,independent_random_bis,134217728,1048576,434919,13430282605003189174,22147690,0,0,11,11,8789653799480,8789653799480
29,P,4k,20260919,837,9,measure,54,independent_random,8192,1048576,869,17618969451857150571,2532272,0,0,11,11,536661553,536661553
29,P,4k,20260919,838,9,measure,55,independent_random_bis,65536,1048576,6819,6768800399036864383,1615042,0,0,11,11,4295678000,4295678000
29,P,4k,20260919,839,9,measure,56,independent_random,268435456,1048576,29388799,6762233309742308041,24735897,0,0,11,11,17596153995578,17596153995578
29,P,4k,20260919,840,9,measure,57,independent_random,134217728,1048576,11990879,8666470181012759923,27812887,0,0,11,11,8796683762301,8796683762301
29,P,4k,20260919,841,9,measure,58,chase_random_double,16777216,524288,1045786,8075098998548982501,195647496,0,0,11,11,550009498857,550009498857
29,P,4k,20260919,842,9,measure,59,chase_random,262144,262144,29578,3805483687106039013,3994264,0,0,11,11,4294836224,4294836224
29,P,4k,20260919,843,9,measure,60,chase_random_double,262144,524288,16804,15549395536911542252,3876367,0,0,11,11,8589672448,8589672448
29,P,4k,20260919,844,9,measure,61,chase_random_double,2097152,524288,151376,5219927048420387342,19628097,0,0,11,11,68719214592,68719214592
29,P,4k,20260919,845,9,measure,62,chase_random_double,524288,524288,13124,16563530774364608396,6192095,0,0,11,11,17179607040,17179607040
29,P,4k,20260919,846,9,measure,63,chase_sequential,268435456,262144,3465745,12171281244506355654,990720,0,0,11,11,942883864576,942883864576
29,P,4k,20260919,847,9,measure,64,chase_random,8192,262144,757,5484703830038887708,665005,0,0,11,11,134086656,134086656
29,P,4k,20260919,848,9,measure,65,independent_random,16384,1048576,966,2996586735353194534,1374560,0,0,11,11,1073856472,1073856472
29,P,4k,20260919,849,9,measure,66,independent_random,262144,1048576,9311,8172384008802367557,1469790,0,0,11,11,17185885013,17185885013
29,P,4k,20260919,850,9,measure,67,chase_random_double,4096,524288,114,8148986875922617211,1336730,0,0,11,11,133955584,133955584
29,P,4k,20260919,851,9,measure,68,chase_random_double,65536,524288,454,7970287835700976048,2356284,0,0,11,11,2147221504,2147221504
29,P,4k,20260919,852,9,measure,69,independent_random,67108864,1048576,2731080,11209342936167146371,19018086,0,0,11,11,4395506047428,4395506047428
29,P,4k,20260919,853,9,measure,70,chase_random_double,67108864,524288,6005095,8831150488647755233,201862937,0,0,11,11,2199538408233,2199538408233
29,P,4k,20260919,854,9,measure,71,chase_random,1048576,262144,49531,9264721684459966973,7359763,0,0,11,11,17179738112,17179738112
29,P,4k,20260919,855,9,measure,72,chase_sequential,4194304,262144,365284,8985373089939618267,957938,0,0,11,11,76041551872,76041551872
29,P,4k,20260919,856,9,measure,73,chase_random,65536,262144,3379,12505790439904490146,1135329,0,0,11,11,1073610752,1073610752
29,P,4k,20260919,857,9,measure,74,chase_random_double,8388608,524288,270522,9946506839591626362,122785680,0,0,11,11,274928863799,274928863799
29,P,4k,20260919,858,9,measure,75,chase_random,67108864,262144,6212857,13428705240127987422,115576597,0,0,11,11,1099754578466,1099754578466
29,P,4k,20260919,859,9,measure,76,chase_random,524288,262144,9012,14597598164698006564,5447938,0,0,11,11,8589803520,8589803520
29,P,4k,20260919,860,9,measure,77,chase_sequential,8192,262144,520,14193308248805642615,743110,0,0,11,11,134086656,134086656
29,P,4k,20260919,861,9,measure,78,chase_random,268435456,262144,16221902,11484737623691376073,93993198,0,0,11,11,4389772866994,4389772866994
29,P,4k,20260919,862,9,measure,79,independent_random_bis,4194304,1048576,393390,5179713603595690395,9202659,0,0,11,11,274922998162,274922998162
29,P,4k,20260919,863,9,measure,80,chase_random,33554432,262144,3471460,14327368334522045947,106010868,0,0,11,11,549538521717,549538521717
29,P,4k,20260919,864,9,measure,81,independent_random,4194304,1048576,138468,16142740781264142835,9289773,0,0,11,11,274983723007,274983723007
29,P,4k,20260919,865,9,measure,82,independent_random_bis,1048576,1048576,114047,13939871102428288951,3016768,0,0,11,11,68645815930,68645815930
29,P,4k,20260919,866,9,measure,83,independent_random_bis,8388608,1048576,362030,874246791307829352,11930038,0,0,11,11,550066734122,550066734122
29,P,4k,20260919,867,9,measure,84,independent_random,1048576,1048576,89315,16164271518929912457,3601411,0,0,11,11,68725822854,68725822854
29,P,4k,20260919,868,9,measure,85,chase_sequential,32768,262144,909,14298566577435228820,832173,0,0,11,11,536739840,536739840
29,P,4k,20260919,869,9,measure,86,chase_sequential,131072,262144,14970,7113930111664990675,760420,0,0,11,11,2147352576,2147352576
29,P,4k,20260919,870,10,measure,0,chase_sequential,8388608,262144,280164,4852576888707839416,986297,0,0,11,11,107802918912,107802918912
29,P,4k,20260919,871,10,measure,1,chase_random_double,8192,524288,49,15300091624951471461,1335389,0,0,11,11,268173312,268173312
29,P,4k,20260919,872,10,measure,2,chase_random,134217728,262144,1491936,7597986559248741330,119523720,0,0,11,11,2197785023846,2197785023846
29,P,4k,20260919,873,10,measure,3,chase_sequential,524288,262144,44943,13108662198017767441,1778096,0,0,11,11,8589803520,8589803520
29,P,4k,20260919,874,10,measure,4,independent_random,134217728,1048576,15925563,13846754769416828416,29638907,0,0,11,11,8801229149314,8801229149314
29,P,4k,20260919,875,10,measure,5,independent_random,33554432,1048576,1991405,15673805706230838072,23818764,0,0,11,11,2199939730048,2199939730048
29,P,4k,20260919,876,10,measure,6,chase_random,65536,262144,2979,10620862180279438931,2632845,0,0,11,11,1073610752,1073610752
29,P,4k,20260919,877,10,measure,7,chase_random,16384,262144,308,2212174300293478372,751671,0,0,11,11,268304384,268304384
29,P,4k,20260919,878,10,measure,8,independent_random_bis,16384,1048576,1043,9920329728630771090,1385591,0,0,11,11,1073776439,1073776439
29,P,4k,20260919,879,10,measure,9,chase_sequential,268435456,262144,7536780,348792796778531455,991405,0,0,11,11,2010081263616,2010081263616
29,P,4k,20260919,880,10,measure,10,independent_random_bis,8388608,1048576,564281,10934879174933906198,14486453,0,0,11,11,549530427662,549530427662
29,P,4k,20260919,881,10,measure,11,chase_random,524288,262144,43775,3915081839677842070,4798919,0,0,11,11,8589803520,8589803520
29,P,4k,20260919,882,10,measure,12,chase_random_double,4096,524288,359,8832452303485830049,1459525,0,0,11,11,133955584,133955584
29,P,4k,20260919,883,10,measure,13,independent_random,4096,1048576,491,566872586921418172,1382007,0,0,11,11,267724529,267724529
29,P,4k,20260919,884,10,measure,14,chase_random_double,33554432,524288,432994,3183816555652276680,205308225,0,0,11,11,1099213856540,1099213856540
29,P,4k,20260919,885,10,measure,15,chase_random_double,16777216,524288,1907320,17589517203834522852,197485544,0,0,11,11,549818810606,549818810606
29,P,4k,20260919,886,10,measure,16,chase_random,131072,262144,7635,3008705466953380232,3517612,0,0,11,11,2147352576,2147352576
29,P,4k,20260919,887,10,measure,17,chase_sequential,262144,262144,30129,6868627796044257427,787339,0,0,11,11,4294836224,4294836224
29,P,4k,20260919,888,10,measure,18,chase_sequential,4096,262144,81,18331466128746374754,670701,0,0,11,11,66977792,66977792
29,P,4k,20260919,889,10,measure,19,chase_random_double,16384,524288,903,15428766848779570200,1333261,0,0,11,11,536608768,536608768
29,P,4k,20260919,890,10,measure,20,independent_random,16777216,1048576,2025895,14495419664291974272,20227104,0,0,11,11,1098811895960,1098811895960
29,P,4k,20260919,891,10,measure,21,independent_random,8388608,1048576,56750,6312062578329849355,17862330,0,0,11,11,549956128566,549956128566
29,P,4k,20260919,892,10,measure,22,chase_random_double,4194304,524288,196601,11173912729157899803,57749743,0,0,11,11,137438691328,137438691328
29,P,4k,20260919,893,10,measure,23,chase_random,8192,262144,123,6287564283903056529,885853,0,0,11,11,134086656,134086656
29,P,4k,20260919,894,10,measure,24,independent_random,67108864,1048576,6371352,12077423473752468352,24097886,0,0,11,11,4401796578479,4401796578479
29,P,4k,20260919,895,10,measure,25,chase_sequential,16777216,262144,1662423,12849367009157984045,1864463,0,0,11,11,470153822208,470153822208
29,P,4k,20260919,896,10,measure,26,chase_random,32768,262144,2802,11163006546559406298,893321,0,0,11,11,536739840,536739840
29,P,4k,20260919,897,10,measure,27,independent_random_bis,16777216,1048576,1440795,10273694300470924348,20281952,0,0,11,11,1099219200471,1099219200471
29,P,4k,20260919,898,10,measure,28,independent_random,8192,1048576,271,8133934946818641200,2511411,0,0,11,11,536267034,536267034
29,P,4k,20260919,899,10,measure,29,chase_sequential,131072,262144,12898,16275202434715396615,757582,0,0,11,11,2147352576,2147352576
29,P,4k,20260919,900,10,measure,30,chase_random,262144,262144,8926,15172565311223147467,2380879,0,0,11,11,4294836224,4294836224
29,P,4k,20260919,901,10,measure,31,independent_random,1048576,1048576,11465,10088540001999816923,2183501,0,0,11,11,68703632609,68703632609
29,P,4k,20260919,902,10,measure,32,independent_random_bis,134217728,1048576,16638875,8044114798945870648,24463377,0,0,11,11,8796589963876,8796589963876
29,P,4k,20260919,903,10,measure,33,chase_sequential,65536,262144,3365,13346106325720235054,1755622,0,0,11,11,1073610752,1073610752
29,P,4k,20260919,904,10,measure,34,chase_random,16777216,262144,904747,4598835355286539766,62259066,0,0,11,11,274942181351,274942181351
29,P,4k,20260919,905,10,measure,35,chase_random,1048576,262144,83382,14542341802361600450,6529431,0,0,11,11,17179738112,17179738112
29,P,4k,20260919,906,10,measure,36,independent_random_bis,524288,1048576,11462,1655823314244592528,1599655,0,0,11,11,34346514333,34346514333
29,P,4k,20260919,907,10,measure,37,independent_random_bis,4096,1048576,384,1821805254372410780,1369939,0,0,11,11,267772178,267772178
29,P,4k,20260919,908,10,measure,38,chase_random,4096,262144,84,3541655798450996590,663713,0,0,11,11,66977792,66977792
29,P,4k,20260919,909,10,measure,39,chase_random_double,268435456,524288,25914581,5824020773750400475,240878426,0,0,11,11,8805419083258,8805419083258
29,P,4k,20260919,910,10,measure,40,chase_sequential,8192,262144,658,12636467535679880544,1910123,0,0,11,11,134086656,134086656
29,P,4k,20260919,911,10,measure,41,independent_random,4194304,1048576,304245,1595689768248088352,7371255,0,0,11,11,274838986963,274838986963
29,P,4k,20260919,912,10,measure,42,independent_random_bis,65536,1048576,2296,16174997766433030988,1703071,0,0,11,11,4296326443,4296326443
29,P,4k,20260919,913,10,measure,43,independent_random,32768,1048576,1304,9498051403307028335,2141260,0,0,11,11,2149363145,2149363145
29,P,4k,20260919,914,10,measure,44,chase_random_double,262144,524288,29105,1250333212740061204,4961490,0,0,11,11,8589672448,8589672448
29,P,4k,20260919,915,10,measure,45,independent_random_bis,262144,1048576,14828,10934577165872054985,1400401,0,0,11,11,17187297563,17187297563
29,P,4k,20260919,916,10,measure,46,chase_random_double,67108864,524288,605552,6244534487187208029,231262461,0,0,11,11,2198862441332,2198862441332
29,P,4k,20260919,917,10,measure,47,chase_random,33554432,262144,2448656,18186401967216904736,112290956,0,0,11,11,549669682295,549669682295
29,P,4k,20260919,918,10,measure,48,independent_random_bis,8192,1048576,823,4179747735899522045,2679672,0,0,11,11,536276837,536276837
29,P,4k,20260919,919,10,measure,49,chase_random_double,65536,524288,509,9189937110561822216,2287486,0,0,11,11,2147221504,2147221504
29,P,4k,20260919,920,10,measure,50,independent_random,65536,1048576,5239,450782439540200496,1409245,0,0,11,11,4293852827,4293852827
29,P,4k,20260919,921,10,measure,51,chase_random,268435456,262144,24740204,1679989664112714526,126204021,0,0,11,11,4407908782156,4407908782156
29,P,4k,20260919,922,10,measure,52,chase_random,67108864,262144,7233859,15008606281678320257,116976599,0,0,11,11,1100727059754,1100727059754
29,P,4k,20260919,923,10,measure,53,chase_random_double,2097152,524288,85332,11888507652855159884,21723550,0,0,11,11,68719214592,68719214592
29,P,4k,20260919,924,10,measure,54,independent_random_bis,67108864,1048576,5868844,3200506424654805433,26731316,0,0,11,11,4396819398897,4396819398897
29,P,4k,20260919,925,10,measure,55,chase_sequential,2097152,262144,156107,4569767623255408954,1871877,0,0,11,11,34359607296,34359607296
29,P,4k,20260919,926,10,measure,56,chase_random,8388608,262144,883861,17819547242429836790,73411658,0,0,11,11,137688014764,137688014764
29,P,4k,20260919,927,10,measure,57,chase_sequential,4194304,262144,441543,8046452223467466139,1333606,0,0,11,11,56050712576,56050712576
29,P,4k,20260919,928,10,measure,58,chase_random,4194304,262144,369039,3596928647443830445,35040859,0,0,11,11,68599107587,68599107587
29,P,4k,20260919,929,10,measure,59,independent_random,2097152,1048576,152476,2358937918617482788,4085785,0,0,11,11,137429617199,137429617199
29,P,4k,20260919,930,10,measure,60,chase_sequential,32768,262144,2415,10333044202223353561,882572,0,0,11,11,536739840,536739840
29,P,4k,20260919,931,10,measure,61,independent_random,16384,1048576,713,17014578413274650673,1782177,0,0,11,11,1073238127,1073238127
29,P,4k,20260919,932,10,measure,62,independent_random_bis,33554432,1048576,646602,12538517935174318163,18691366,0,0,11,11,2199897886230,2199897886230
29,P,4k,20260919,933,10,measure,63,independent_random_bis,268435456,1048576,8947934,6071828205261037928,28309260,0,0,11,11,17599013329517,17599013329517
29,P,4k,20260919,934,10,measure,64,independent_random_bis,131072,1048576,7900,2107129423798482384,2903876,0,0,11,11,8590980153,8590980153
29,P,4k,20260919,935,10,measure,65,independent_random,268435456,1048576,13008449,17054599645472473748,31411993,0,0,11,11,17592019873644,17592019873644
29,P,4k,20260919,936,10,measure,66,page_fault_touch,16777216,4096,1499797,6990605816195476337,9687977,179160,4096,11,11,8192,8192
29,P,4k,20260919,937,10,measure,67,independent_random,524288,1048576,12356,9168611195730558914,1642519,0,0,11,11,34395265077,34395265077
29,P,4k,20260919,938,10,measure,68,independent_random_bis,1048576,1048576,7241,4902658515635003662,2144343,0,0,11,11,68795646321,68795646321
29,P,4k,20260919,939,10,measure,69,independent_random,262144,1048576,18576,7345681634490717166,1667847,0,0,11,11,17164484609,17164484609
29,P,4k,20260919,940,10,measure,70,independent_random_bis,2097152,1048576,26430,2212388831965152356,4915919,0,0,11,11,137398545524,137398545524
29,P,4k,20260919,941,10,measure,71,chase_sequential,1048576,262144,18198,15709307541752874295,894581,0,0,11,11,17179738112,17179738112
29,P,4k,20260919,942,10,measure,72,independent_random_bis,32768,1048576,2456,16515364904523600473,1803243,0,0,11,11,2145865224,2145865224
29,P,4k,20260919,943,10,measure,73,chase_random_double,131072,524288,15844,13760428045502210663,3810282,0,0,11,11,4294705152,4294705152
29,P,4k,20260919,944,10,measure,74,chase_random_double,8388608,524288,968577,2627418143359999213,112731344,0,0,11,11,274991196601,274991196601
29,P,4k,20260919,945,10,measure,75,chase_sequential,134217728,262144,14581301,4986424884569574266,1504329,0,0,11,11,3856760176640,3856760176640
29,P,4k,20260919,946,10,measure,76,independent_random_bis,4194304,1048576,356681,365572602818255342,8845713,0,0,11,11,274658897720,274658897720
29,P,4k,20260919,947,10,measure,77,chase_random,2097152,262144,123229,17281941994473975188,16520170,0,0,11,11,34359607296,34359607296
29,P,4k,20260919,948,10,measure,78,chase_sequential,16384,262144,1843,16221387311489576711,954266,0,0,11,11,268304384,268304384
29,P,4k,20260919,949,10,measure,79,chase_random_double,134217728,524288,2393317,751006646890173451,236736227,0,0,11,11,4400004994750,4400004994750
29,P,4k,20260919,950,10,measure,80,chase_random_double,524288,524288,7184,10169939648041117009,7129746,0,0,11,11,17179607040,17179607040
29,P,4k,20260919,951,10,measure,81,chase_random_double,32768,524288,3245,17946931787388885204,1372244,0,0,11,11,1073479680,1073479680
29,P,4k,20260919,952,10,measure,82,chase_random_double,1048576,524288,115926,7982357212455667283,10088284,0,0,11,11,34359476224,34359476224
29,P,4k,20260919,953,10,measure,83,chase_sequential,67108864,262144,473339,14739842828196555717,993189,0,0,11,11,158442586112,158442586112
29,P,4k,20260919,954,10,measure,84,page_fault_touch,268435456,65536,17041128,16800147299297448161,119270380,2875099,65536,11,11,131072,131072
29,P,4k,20260919,955,10,measure,85,independent_random,131072,1048576,1591,1301101043562070201,1150106,0,0,11,11,8585872876,8585872876
29,P,4k,20260919,956,10,measure,86,chase_sequential,33554432,262144,272008,4841944407306124186,960050,0,0,11,11,105664872448,105664872448
