run_id,core,pages,seed,sample,round,phase,position,label,bytes,accesses,start,salt,elapsed_ns,second_elapsed_ns,faults,cpu_before,cpu_after,result,expected
20,P,4k,20260919,0,0,warmup,0,chase_random_double,268435456,524288,22917073,4051023494430683991,211166827,0,0,11,11,8781681685181,8781681685181
20,P,4k,20260919,1,0,warmup,1,chase_sequential,67108864,262144,7983961,17426169757956492397,1778095,0,0,11,11,2127307079680,2127307079680
20,P,4k,20260919,2,0,warmup,2,chase_random,65536,262144,389,17412868555146234046,1403089,0,0,11,11,1073610752,1073610752
20,P,4k,20260919,3,0,warmup,3,independent_random_bis,1048576,1048576,129214,4835869464204311966,1957797,0,0,11,11,68714451825,68714451825
20,P,4k,20260919,4,0,warmup,4,chase_sequential,131072,262144,6102,12892637003052923542,738939,0,0,11,11,2147352576,2147352576
20,P,4k,20260919,5,0,warmup,5,chase_random,16384,262144,133,2727323053769430805,668931,0,0,11,11,268304384,268304384
20,P,4k,20260919,6,0,warmup,6,independent_random_bis,4194304,1048576,158438,13716464524035558239,10056586,0,0,11,11,274944589661,274944589661
20,P,4k,20260919,7,0,warmup,7,chase_random,268435456,262144,14556793,4982297236254587288,129787439,0,0,11,11,4393055840540,4393055840540
20,P,4k,20260919,8,0,warmup,8,chase_random,2097152,262144,195898,9430593778606111974,19492194,0,0,11,11,34359607296,34359607296
20,P,4k,20260919,9,0,warmup,9,chase_random_double,1048576,524288,40250,18365160627915975020,9260180,0,0,11,11,34359476224,34359476224
20,P,4k,20260919,10,0,warmup,10,independent_random,131072,1048576,10902,5703199758707509250,1432912,0,0,11,11,8597991693,8597991693
20,P,4k,20260919,11,0,warmup,11,independent_random,8192,1048576,908,1610642863078408607,1360454,0,0,11,11,535981381,535981381
20,P,4k,20260919,12,0,warmup,12,independent_random,268435456,1048576,7012888,7558063920607872920,29821275,0,0,11,11,17580905204771,17580905204771
20,P,4k,20260919,13,0,warmup,13,independent_random,4194304,1048576,300819,9078399408531445277,10494458,0,0,11,11,274840458376,274840458376
20,P,4k,20260919,14,0,warmup,14,page_fault_touch,268435456,65536,22567996,8804336653268212636,117442030,2820454,65536,11,11,131072,131072
20,P,4k,20260919,15,0,warmup,15,chase_random_double,524288,524288,16497,11119396681103805744,4307262,0,0,11,11,17179607040,17179607040
20,P,4k,20260919,16,0,warmup,16,chase_random,16777216,262144,1992098,6038970029273492187,64460380,0,0,11,11,274667650389,274667650389
20,P,4k,20260919,17,0,warmup,17,independent_random_bis,268435456,1048576,11404703,11629836578133031064,19471701,0,0,11,11,17589880055765,17589880055765
20,P,4k,20260919,18,0,warmup,18,chase_random_double,131072,524288,9628,8660260258671618173,4452844,0,0,11,11,4294705152,4294705152
20,P,4k,20260919,19,0,warmup,19,independent_random_bis,131072,1048576,6888,2428744349345399264,1452724,0,0,11,11,8590463370,8590463370
20,P,4k,20260919,20,0,warmup,20,chase_sequential,33554432,262144,600990,1197172255747959952,975328,0,0,11,11,191905529856,191905529856
20,P,4k,20260919,21,0,warmup,21,chase_sequential,8192,262144,803,7052509051088580302,663287,0,0,11,11,134086656,134086656
20,P,4k,20260919,22,0,warmup,22,independent_random,2097152,1048576,241448,4260511676758620027,2769859,0,0,11,11,137343076325,137343076325
20,P,4k,20260919,23,0,warmup,23,independent_random_bis,134217728,1048576,10379564,4667092061266654910,18671418,0,0,11,11,8792077188403,8792077188403
20,P,4k,20260919,24,0,warmup,24,chase_random,131072,262144,8097,10075286487791396737,2400038,0,0,11,11,2147352576,2147352576
20,P,4k,20260919,25,0,warmup,25,independent_random,8388608,1048576,973390,12969544069254942419,10492360,0,0,11,11,550352732100,550352732100
20,P,4k,20260919,26,0,warmup,26,chase_random_double,67108864,524288,4573178,5668599531997358629,207416785,0,0,11,11,2199651461649,2199651461649
20,P,4k,20260919,27,0,warmup,27,chase_random,8192,262144,845,1633851832445081081,1754301,0,0,11,11,134086656,134086656
20,P,4k,20260919,28,0,warmup,28,independent_random_bis,16777216,1048576,140616,9369195960939604752,21815691,0,0,11,11,1099417909506,1099417909506
20,P,4k,20260919,29,0,warmup,29,chase_sequential,8388608,262144,1021591,12276124705408511195,1603383,0,0,11,11,55581474816,55581474816
20,P,4k,20260919,30,0,warmup,30,chase_random,33554432,262144,3961076,5624328669078221757,94801598,0,0,11,11,549963785204,549963785204
20,P,4k,20260919,31,0,warmup,31,independent_random,16384,1048576,1124,11707490347058726090,2728024,0,0,11,11,1073259017,1073259017
20,P,4k,20260919,32,0,warmup,32,independent_random_bis,262144,1048576,23390,6416565529704633235,1600554,0,0,11,11,17172770684,17172770684
20,P,4k,20260919,33,0,warmup,33,chase_random_double,16384,524288,857,11814143813088348980,1334741,0,0,11,11,536608768,536608768
20,P,4k,20260919,34,0,warmup,34,chase_random_double,4096,524288,310,6728413667804139125,1331878,0,0,11,11,133955584,133955584
20,P,4k,20260919,35,0,warmup,35,chase_sequential,16384,262144,984,896824173812884444,662576,0,0,11,11,268304384,268304384
20,P,4k,20260919,36,0,warmup,36,independent_random,1048576,1048576,81457,7418009118747421544,2511585,0,0,11,11,68705695795,68705695795
20,P,4k,20260919,37,0,warmup,37,chase_sequential,268435456,262144,9509761,17242787849923078009,1058503,0,0,11,11,2527286394880,2527286394880
20,P,4k,20260919,38,0,warmup,38,independent_random_bis,8388608,1048576,665159,12880485361021837472,14095238,0,0,11,11,549825226343,549825226343
20,P,4k,20260919,39,0,warmup,39,chase_random,262144,262144,29803,10355165817196618898,3603914,0,0,11,11,4294836224,4294836224
20,P,4k,20260919,40,0,warmup,40,independent_random,524288,1048576,14887,6603629973544164720,1631884,0,0,11,11,34378543134,34378543134
20,P,4k,20260919,41,0,warmup,41,independent_random_bis,65536,1048576,4110,4535096738179820141,1465709,0,0,11,11,4290173253,4290173253
20,P,4k,20260919,42,0,warmup,42,chase_random_double,65536,524288,7146,9815435496097540837,2332183,0,0,11,11,2147221504,2147221504
20,P,4k,20260919,43,0,warmup,43,chase_random,4194304,262144,288186,14955942684179216903,42528498,0,0,11,11,68734199023,68734199023
20,P,4k,20260919,44,0,warmup,44,chase_random,1048576,262144,72670,9280316311479090265,5272930,0,0,11,11,17179738112,17179738112
20,P,4k,20260919,45,0,warmup,45,chase_sequential,16777216,262144,142627,15658235330150134246,975407,0,0,11,11,71748419584,71748419584
20,P,4k,20260919,46,0,warmup,46,chase_sequential,262144,262144,22369,17145410098751296359,698274,0,0,11,11,4294836224,4294836224
20,P,4k,20260919,47,0,warmup,47,chase_random,4096,262144,200,2014134696544333614,662340,0,0,11,11,66977792,66977792
20,P,4k,20260919,48,0,warmup,48,chase_sequential,524288,262144,5274,190286290521491848,740722,0,0,11,11,8589803520,8589803520
20,P,4k,20260919,49,0,warmup,49,independent_random_bis,4096,1048576,104,5080321487141047261,1361330,0,0,11,11,267900100,267900100
20,P,4k,20260919,50,0,warmup,50,chase_random,524288,262144,2931,6334737419138303565,2851996,0,0,11,11,8589803520,8589803520
20,P,4k,20260919,51,0,warmup,51,chase_random,67108864,262144,580587,16312643024688454838,104538055,0,0,11,11,1100535688038,1100535688038
20,P,4k,20260919,52,0,warmup,52,chase_random_double,4194304,524288,437886,15582343592013750556,37301863,0,0,11,11,137438691328,137438691328
20,P,4k,20260919,53,0,warmup,53,chase_random,134217728,262144,8798300,17002121131792798145,117302933,0,0,11,11,2201134303198,2201134303198
20,P,4k,20260919,54,0,warmup,54,independent_random,33554432,1048576,831367,6509393145549351369,26727920,0,0,11,11,2199110399915,2199110399915
20,P,4k,20260919,55,0,warmup,55,independent_random,32768,1048576,1879,277573510201625601,2620993,0,0,11,11,2146372765,2146372765
20,P,4k,20260919,56,0,warmup,56,chase_sequential,4194304,262144,35445,15291863304728831303,978222,0,0,11,11,43651301376,43651301376
20,P,4k,20260919,57,0,warmup,57,independent_random,67108864,1048576,3224546,14761431247087513353,26427001,0,0,11,11,4397180017245,4397180017245
20,P,4k,20260919,58,0,warmup,58,independent_random_bis,32768,1048576,1973,10379459134655508291,2740933,0,0,11,11,2146000251,2146000251
20,P,4k,20260919,59,0,warmup,59,chase_random_double,134217728,524288,4825635,3355002122890371083,218417364,0,0,11,11,4396833771343,4396833771343
20,P,4k,20260919,60,0,warmup,60,chase_random,8388608,262144,958409,9923808844236528905,78897487,0,0,11,11,137728631290,137728631290
20,P,4k,20260919,61,0,warmup,61,independent_random_bis,33554432,1048576,3912654,14433698906500335645,26536569,0,0,11,11,2199968052314,2199968052314
20,P,4k,20260919,62,0,warmup,62,chase_random,32768,262144,2318,3833923074075051039,1543592,0,0,11,11,536739840,536739840
20,P,4k,20260919,63,0,warmup,63,independent_random_bis,16384,1048576,377,8467974972007312585,1671546,0,0,11,11,1072582611,1072582611
20,P,4k,20260919,64,0,warmup,64,independent_random,4096,1048576,53,10643517183391272370,1363860,0,0,11,11,268074524,268074524
20,P,4k,20260919,65,0,warmup,65,chase_sequential,134217728,262144,13195299,17319757852005054630,969674,0,0,11,11,3493428068352,3493428068352
20,P,4k,20260919,66,0,warmup,66,independent_random_bis,8192,1048576,19,2805221377128122253,1372007,0,0,11,11,536499852,536499852
20,P,4k,20260919,67,0,warmup,67,independent_random_bis,524288,1048576,37979,9999776685265586476,1784158,0,0,11,11,34353074972,34353074972
20,P,4k,20260919,68,0,warmup,68,chase_sequential,1048576,262144,107261,9165233304153816308,812074,0,0,11,11,17179738112,17179738112
20,P,4k,20260919,69,0,warmup,69,chase_random_double,33554432,524288,1843373,9351039219607154172,180377997,0,0,11,11,1100417755662,1100417755662
20,P,4k,20260919,70,0,warmup,70,independent_random_bis,67108864,1048576,6264595,3839129579985028097,28414105,0,0,11,11,4396677608558,4396677608558
20,P,4k,20260919,71,0,warmup,71,independent_random,16777216,1048576,2085724,12018640860490260641,24149604,0,0,11,11,1101415027392,1101415027392
20,P,4k,20260919,72,0,warmup,72,chase_sequential,65536,262144,1689,9924022306610151475,1604147,0,0,11,11,1073610752,1073610752
20,P,4k,20260919,73,0,warmup,73,independent_random,134217728,1048576,6840700,9487824143942448258,30369887,0,0,11,11,8802254368783,8802254368783
20,P,4k,20260919,74,0,warmup,74,independent_random,65536,1048576,6630,15954363641127348784,2823410,0,0,11,11,4294494323,4294494323
20,P,4k,20260919,75,0,warmup,75,chase_random_double,32768,524288,3069,438811921811630691,1477454,0,0,11,11,1073479680,1073479680
20,P,4k,20260919,76,0,warmup,76,independent_random_bis,2097152,1048576,47205,9354924086145590724,5573434,0,0,11,11,137403639363,137403639363
20,P,4k,20260919,77,0,warmup,77,independent_random,262144,1048576,32618,16751818944527943412,1793837,0,0,11,11,17169356996,17169356996
20,P,4k,20260919,78,0,warmup,78,chase_sequential,2097152,262144,251545,16426000845509071821,987661,0,0,11,11,34359607296,34359607296
20,P,4k,20260919,79,0,warmup,79,chase_sequential,4096,262144,70,17524432260973752645,657953,0,0,11,11,66977792,66977792
20,P,4k,20260919,80,0,warmup,80,chase_random_double,8388608,524288,451224,15283114787135471674,125592473,0,0,11,11,275008885157,275008885157
20,P,4k,20260919,81,0,warmup,81,chase_random_double,262144,524288,30794,2028601938772684715,5115512,0,0,11,11,8589672448,8589672448
20,P,4k,20260919,82,0,warmup,82,chase_random_double,2097152,524288,242921,3413311524142427696,11443544,0,0,11,11,68719214592,68719214592
20,P,4k,20260919,83,0,warmup,83,chase_sequential,32768,262144,1467,14335497047496757465,664072,0,0,11,11,536739840,536739840
20,P,4k,20260919,84,0,warmup,84,chase_random_double,8192,524288,912,2256619624521238493,1328536,0,0,11,11,268173312,268173312
20,P,4k,20260919,85,0,warmup,85,chase_random_double,16777216,524288,135388,14036556069494435827,170474357,0,0,11,11,549574139819,549574139819
20,P,4k,20260919,86,0,warmup,86,page_fault_touch,16777216,4096,2073103,16028268331984754503,9281255,81098,4096,11,11,8192,8192
20,P,4k,20260919,87,1,measure,0,chase_sequential,8192,262144,992,4974411661880767612,693400,0,0,11,11,134086656,134086656
20,P,4k,20260919,88,1,measure,1,chase_random,2097152,262144,56314,6838109705177988245,15124355,0,0,11,11,34359607296,34359607296
20,P,4k,20260919,89,1,measure,2,independent_random,524288,1048576,8756,12061316691962497354,2239461,0,0,11,11,34359586222,34359586222
20,P,4k,20260919,90,1,measure,3,independent_random_bis,268435456,1048576,31860936,16087541529621244374,26611567,0,0,11,11,17589794385167,17589794385167
20,P,4k,20260919,91,1,measure,4,chase_random_double,16777216,524288,612841,8782257271907061266,167772557,0,0,11,11,549484143904,549484143904
20,P,4k,20260919,92,1,measure,5,independent_random,4096,1048576,27,622055297442183695,2693246,0,0,11,11,267960795,267960795
20,P,4k,20260919,93,1,measure,6,chase_sequential,2097152,262144,172238,6325034668097841019,936625,0,0,11,11,34359607296,34359607296
20,P,4k,20260919,94,1,measure,7,page_fault_touch,16777216,4096,1416187,8806386902934357651,7937896,151959,4096,11,11,8192,8192
20,P,4k,20260919,95,1,measure,8,chase_sequential,268435456,262144,33070895,6576658794219763003,1034487,0,0,11,11,8703696306176,8703696306176
20,P,4k,20260919,96,1,measure,9,independent_random_bis,8192,1048576,959,4308195450835307028,1371019,0,0,11,11,536391687,536391687
20,P,4k,20260919,97,1,measure,10,chase_random_double,524288,524288,14887,12013804923682482342,6791607,0,0,11,11,17179607040,17179607040
20,P,4k,20260919,98,1,measure,11,chase_sequential,4096,262144,467,5994091874269868379,663673,0,0,11,11,66977792,66977792
20,P,4k,20260919,99,1,measure,12,chase_sequential,65536,262144,2645,6846132721650145057,670666,0,0,11,11,1073610752,1073610752
20,P,4k,20260919,100,1,measure,13,chase_random,67108864,262144,7220001,13291853755535429114,105844797,0,0,11,11,1100023558668,1100023558668
20,P,4k,20260919,101,1,measure,14,chase_sequential,33554432,262144,539746,11171116499373349550,1879471,0,0,11,11,175850782720,175850782720
20,P,4k,20260919,102,1,measure,15,chase_random,65536,262144,387,13245018378239845183,1410600,0,0,11,11,1073610752,1073610752
20,P,4k,20260919,103,1,measure,16,independent_random,65536,1048576,3331,7262471940242679035,1468673,0,0,11,11,4294310488,4294310488
20,P,4k,20260919,104,1,measure,17,chase_sequential,16777216,262144,1045279,8688728452024455284,1012286,0,0,11,11,308373225472,308373225472
20,P,4k,20260919,105,1,measure,18,chase_random_double,1048576,524288,10204,8252518923359282428,10259706,0,0,11,11,34359476224,34359476224
20,P,4k,20260919,106,1,measure,19,chase_random,4096,262144,107,7931726874772099868,667549,0,0,11,11,66977792,66977792
20,P,4k,20260919,107,1,measure,20,independent_random,67108864,1048576,8014744,16180404222035158510,21825294,0,0,11,11,4397107263284,4397107263284
20,P,4k,20260919,108,1,measure,21,independent_random,16777216,1048576,1934059,14313212606683476052,20768886,0,0,11,11,1099791476175,1099791476175
20,P,4k,20260919,109,1,measure,22,chase_random_double,32768,524288,2607,15270931287632965604,2931359,0,0,11,11,1073479680,1073479680
20,P,4k,20260919,110,1,measure,23,chase_random,32768,262144,664,67520372580949369,920769,0,0,11,11,536739840,536739840
20,P,4k,20260919,111,1,measure,24,chase_random_double,4096,524288,452,17715591163109302385,1469197,0,0,11,11,133955584,133955584
20,P,4k,20260919,112,1,measure,25,chase_random_double,8388608,524288,873219,11240375529893416793,123671987,0,0,11,11,274818201035,274818201035
20,P,4k,20260919,113,1,measure,26,chase_sequential,8388608,262144,424003,10320000546060817893,1505087,0,0,11,11,145509449728,145509449728
20,P,4k,20260919,114,1,measure,27,independent_random_bis,2097152,1048576,163093,9875075749977836391,3463839,0,0,11,11,137491519440,137491519440
20,P,4k,20260919,115,1,measure,28,independent_random,33554432,1048576,1041263,800594755626399029,25765640,0,0,11,11,2199713620058,2199713620058
20,P,4k,20260919,116,1,measure,29,independent_random_bis,524288,1048576,42162,15611585689932040302,2732427,0,0,11,11,34357433387,34357433387
20,P,4k,20260919,117,1,measure,30,chase_sequential,262144,262144,29763,8671302869139158100,832485,0,0,11,11,4294836224,4294836224
20,P,4k,20260919,118,1,measure,31,chase_random_double,2097152,524288,151324,2973178016456254612,12977364,0,0,11,11,68719214592,68719214592
20,P,4k,20260919,119,1,measure,32,independent_random,268435456,1048576,4984810,15194375222244410231,25073777,0,0,11,11,17598964514214,17598964514214
20,P,4k,20260919,120,1,measure,33,chase_random_double,4194304,524288,318357,845296060047087161,57449866,0,0,11,11,137438691328,137438691328
20,P,4k,20260919,121,1,measure,34,chase_random_double,8192,524288,619,7927399793644591440,1530842,0,0,11,11,268173312,268173312
20,P,4k,20260919,122,1,measure,35,chase_sequential,131072,262144,11967,5111385324009634,686966,0,0,11,11,2147352576,2147352576
20,P,4k,20260919,123,1,measure,36,independent_random_bis,1048576,1048576,111368,12053824815403027501,2095638,0,0,11,11,68752268053,68752268053
20,P,4k,20260919,124,1,measure,37,independent_random_bis,4194304,1048576,357565,2536058290259099339,4912694,0,0,11,11,274836745261,274836745261
20,P,4k,20260919,125,1,measure,38,independent_random,32768,1048576,3519,15295629344347690827,1407607,0,0,11,11,2147393758,2147393758
20,P,4k,20260919,126,1,measure,39,chase_random,16777216,262144,1657307,3551034917817860979,91209554,0,0,11,11,274858333801,274858333801
20,P,4k,20260919,127,1,measure,40,independent_random,2097152,1048576,133309,5573475265531538323,5996069,0,0,11,11,137281185350,137281185350
20,P,4k,20260919,128,1,measure,41,chase_random,134217728,262144,7772928,8998893993831108739,121807671,0,0,11,11,2196195335516,2196195335516
20,P,4k,20260919,129,1,measure,42,independent_random,262144,1048576,8752,13439802663169032154,3543903,0,0,11,11,17153019662,17153019662
20,P,4k,20260919,130,1,measure,43,chase_random_double,65536,524288,7218,12877074760912057592,2435326,0,0,11,11,2147221504,2147221504
20,P,4k,20260919,131,1,measure,44,chase_random,16384,262144,1141,16576951505145935265,683642,0,0,11,11,268304384,268304384
20,P,4k,20260919,132,1,measure,45,chase_random_double,131072,524288,12428,4008023648945910137,3612525,0,0,11,11,4294705152,4294705152
20,P,4k,20260919,133,1,measure,46,chase_random_double,16384,524288,103,9219922054048614761,1317691,0,0,11,11,536608768,536608768
20,P,4k,20260919,134,1,measure,47,independent_random_bis,67108864,1048576,441178,3568324845599899686,24678624,0,0,11,11,4396826124727,4396826124727
20,P,4k,20260919,135,1,measure,48,independent_random,8388608,1048576,1013877,8245084552045768082,18901189,0,0,11,11,549562946537,549562946537
20,P,4k,20260919,136,1,measure,49,independent_random,8192,1048576,44,6371635101841033619,2351196,0,0,11,11,536206275,536206275
20,P,4k,20260919,137,1,measure,50,chase_random,33554432,262144,2759013,10645252375999635259,111915041,0,0,11,11,549784619778,549784619778
20,P,4k,20260919,138,1,measure,51,chase_sequential,134217728,262144,13087003,4301959207111532875,1814777,0,0,11,11,3465038921728,3465038921728
20,P,4k,20260919,139,1,measure,52,chase_random,8388608,262144,348277,3632187253229343446,26079322,0,0,11,11,137449337585,137449337585
20,P,4k,20260919,140,1,measure,53,independent_random_bis,65536,1048576,5184,7400047067921254993,2184259,0,0,11,11,4294644851,4294644851
20,P,4k,20260919,141,1,measure,54,independent_random_bis,8388608,1048576,142119,15206184561225824901,10705072,0,0,11,11,549770161330,549770161330
20,P,4k,20260919,142,1,measure,55,chase_sequential,4194304,262144,73461,15399261668962297441,1111750,0,0,11,11,53616967680,53616967680
20,P,4k,20260919,143,1,measure,56,chase_sequential,32768,262144,2385,8450503487709603661,772320,0,0,11,11,536739840,536739840
20,P,4k,20260919,144,1,measure,57,chase_random,262144,262144,12125,14745664524369885822,3125987,0,0,11,11,4294836224,4294836224
20,P,4k,20260919,145,1,measure,58,chase_random,8192,262144,759,16550374333331880864,705776,0,0,11,11,134086656,134086656
20,P,4k,20260919,146,1,measure,59,independent_random,4194304,1048576,256626,12586571760711712262,5703637,0,0,11,11,274838425800,274838425800
20,P,4k,20260919,147,1,measure,60,chase_sequential,1048576,262144,30317,7426482651547809295,895449,0,0,11,11,17179738112,17179738112
20,P,4k,20260919,148,1,measure,61,independent_random,1048576,1048576,73390,6947200752243079087,2160427,0,0,11,11,68668807428,68668807428
20,P,4k,20260919,149,1,measure,62,independent_random_bis,33554432,1048576,1680917,9453832566008703051,19485472,0,0,11,11,2199854511470,2199854511470
20,P,4k,20260919,150,1,measure,63,chase_random_double,134217728,524288,6933292,13591189534422285540,218077954,0,0,11,11,4391844755758,4391844755758
20,P,4k,20260919,151,1,measure,64,chase_sequential,524288,262144,14124,4238279017353111710,1997696,0,0,11,11,8589803520,8589803520
20,P,4k,20260919,152,1,measure,65,independent_random,134217728,1048576,14216840,15607659802571727003,29024973,0,0,11,11,8794049888062,8794049888062
20,P,4k,20260919,153,1,measure,66,chase_random_double,33554432,524288,2002077,12035918716197536102,220075926,0,0,11,11,1099081349022,1099081349022
20,P,4k,20260919,154,1,measure,67,independent_random_bis,32768,1048576,3575,7336599661766572535,2737817,0,0,11,11,2148232035,2148232035
20,P,4k,20260919,155,1,measure,68,independent_random_bis,4096,1048576,39,1081633241106750100,1473533,0,0,11,11,267799666,267799666
20,P,4k,20260919,156,1,measure,69,independent_random_bis,131072,1048576,6548,13715967009041544296,1434399,0,0,11,11,8585047622,8585047622
20,P,4k,20260919,157,1,measure,70,chase_random_double,268435456,524288,13877606,17124302980921783895,252941514,0,0,11,11,8797186746101,8797186746101
20,P,4k,20260919,158,1,measure,71,independent_random_bis,16777216,1048576,236644,13949031319586441224,23041238,0,0,11,11,1099651742448,1099651742448
20,P,4k,20260919,159,1,measure,72,independent_random,16384,1048576,1877,17495865319318026232,2577600,0,0,11,11,1072319697,1072319697
20,P,4k,20260919,160,1,measure,73,chase_random_double,67108864,524288,6160637,6956703536519574951,236508741,0,0,11,11,2201439863655,2201439863655
20,P,4k,20260919,161,1,measure,74,chase_random,131072,262144,10716,1635078403975985337,3186313,0,0,11,11,2147352576,2147352576
20,P,4k,20260919,162,1,measure,75,chase_random,4194304,262144,23746,10052457486552045244,41005524,0,0,11,11,68572172150,68572172150
20,P,4k,20260919,163,1,measure,76,page_fault_touch,268435456,65536,1646391,3643235695010145920,119200175,2844217,65536,11,11,131072,131072
20,P,4k,20260919,164,1,measure,77,chase_random,1048576,262144,56730,9994206547978698725,4510346,0,0,11,11,17179738112,17179738112
20,P,4k,20260919,165,1,measure,78,independent_random_bis,16384,1048576,768,4896475414238841133,1497773,0,0,11,11,1073232700,1073232700
20,P,4k,20260919,166,1,measure,79,chase_random_double,262144,524288,17957,1606316873048683824,3297206,0,0,11,11,8589672448,8589672448
20,P,4k,20260919,167,1,measure,80,independent_random,131072,1048576,5939,16482341159682856535,1151153,0,0,11,11,8586230545,8586230545
20,P,4k,20260919,168,1,measure,81,independent_random_bis,262144,1048576,27822,16490282867004735895,1120635,0,0,11,11,17165719441,17165719441
20,P,4k,20260919,169,1,measure,82,chase_random,524288,262144,302,12973631436763158245,3184391,0,0,11,11,8589803520,8589803520
20,P,4k,20260919,170,1,measure,83,chase_random,268435456,262144,877035,13154130093163126917,80564200,0,0,11,11,4407865867405,4407865867405
20,P,4k,20260919,171,1,measure,84,independent_random_bis,134217728,1048576,10442034,1662552128161250088,19216421,0,0,11,11,8790499070886,8790499070886
20,P,4k,20260919,172,1,measure,85,chase_sequential,67108864,262144,6518097,6457939628250048356,1033498,0,0,11,11,1743039627264,1743039627264
20,P,4k,20260919,173,1,measure,86,chase_sequential,16384,262144,1850,17698703022731206681,1016514,0,0,11,11,268304384,268304384
20,P,4k,20260919,174,2,measure,0,chase_random,65536,262144,8073,14491059942185903773,1587384,0,0,11,11,1073610752,1073610752
20,P,4k,20260919,175,2,measure,1,chase_random,8192,262144,541,9937378000825361316,845999,0,0,11,11,134086656,134086656
20,P,4k,20260919,176,2,measure,2,chase_random_double,16384,524288,103,11118485179621411426,1620482,0,0,11,11,536608768,536608768
20,P,4k,20260919,177,2,measure,3,independent_random_bis,2097152,1048576,219293,13719174995528781699,3390544,0,0,11,11,137497364771,137497364771
20,P,4k,20260919,178,2,measure,4,chase_random,32768,262144,2233,6073518573061078377,856328,0,0,11,11,536739840,536739840
20,P,4k,20260919,179,2,measure,5,independent_random,16777216,1048576,1597183,5444515793462617370,14691857,0,0,11,11,1099932555163,1099932555163
20,P,4k,20260919,180,2,measure,6,chase_sequential,32768,262144,1948,1116713890161536435,1020833,0,0,11,11,536739840,536739840
20,P,4k,20260919,181,2,measure,7,chase_random,2097152,262144,253384,8224455449433011184,11356449,0,0,11,11,34359607296,34359607296
20,P,4k,20260919,182,2,measure,8,chase_random_double,8388608,524288,1016002,518478501340782650,117952063,0,0,11,11,274718766819,274718766819
20,P,4k,20260919,183,2,measure,9,chase_random_double,4096,524288,464,13792528806238798325,2307262,0,0,11,11,133955584,133955584
20,P,4k,20260919,184,2,measure,10,independent_random_bis,134217728,1048576,5537842,571584363428738360,27093620,0,0,11,11,8787331151573,8787331151573
20,P,4k,20260919,185,2,measure,11,independent_random_bis,65536,1048576,4842,12859630964056561223,3044434,0,0,11,11,4296955414,4296955414
20,P,4k,20260919,186,2,measure,12,independent_random_bis,33554432,1048576,4174867,2941568297936323271,24982463,0,0,11,11,2197878602761,2197878602761
20,P,4k,20260919,187,2,measure,13,chase_sequential,268435456,262144,22776585,16380499365330070828,1760018,0,0,11,11,6005104705536,6005104705536
20,P,4k,20260919,188,2,measure,14,chase_random_double,134217728,524288,6041689,1859259202960053187,237719608,0,0,11,11,4398337428677,4398337428677
20,P,4k,20260919,189,2,measure,15,chase_sequential,8388608,262144,379990,15313836364485220196,1777871,0,0,11,11,133971705856,133971705856
20,P,4k,20260919,190,2,measure,16,chase_sequential,8192,262144,194,11433901305243012739,890733,0,0,11,11,134086656,134086656
20,P,4k,20260919,191,2,measure,17,chase_sequential,131072,262144,8779,6867103019994062240,745230,0,0,11,11,2147352576,2147352576
20,P,4k,20260919,192,2,measure,18,chase_sequential,16777216,262144,426480,7143181464709824848,991445,0,0,11,11,146158780416,146158780416
20,P,4k,20260919,193,2,measure,19,chase_sequential,65536,262144,2154,170613770657086077,754428,0,0,11,11,1073610752,1073610752
20,P,4k,20260919,194,2,measure,20,independent_random,131072,1048576,1348,5681179064766541745,1429624,0,0,11,11,8589529118,8589529118
20,P,4k,20260919,195,2,measure,21,independent_random,16384,1048576,1488,13498529762162544526,1370818,0,0,11,11,1074259809,1074259809
20,P,4k,20260919,196,2,measure,22,chase_sequential,16384,262144,182,5874342618067674866,659599,0,0,11,11,268304384,268304384
20,P,4k,20260919,197,2,measure,23,chase_sequential,524288,262144,39810,10953144055872614051,731311,0,0,11,11,8589803520,8589803520
20,P,4k,20260919,198,2,measure,24,independent_random,4096,1048576,116,12616194508748184510,1367518,0,0,11,11,267968806,267968806
20,P,4k,20260919,199,2,measure,25,independent_random,262144,1048576,367,4355198364326214589,1476870,0,0,11,11,17167040620,17167040620
20,P,4k,20260919,200,2,measure,26,chase_random_double,4194304,524288,201369,8999204165029888106,51416049,0,0,11,11,137438691328,137438691328
20,P,4k,20260919,201,2,measure,27,page_fault_touch,16777216,4096,970020,10403172166309455052,8061328,83044,4096,11,11,8192,8192
20,P,4k,20260919,202,2,measure,28,chase_random,262144,262144,3638,12373600248158891786,2205897,0,0,11,11,4294836224,4294836224
20,P,4k,20260919,203,2,measure,29,independent_random_bis,4096,1048576,168,5455661933904709917,1373462,0,0,11,11,267805900,267805900
20,P,4k,20260919,204,2,measure,30,chase_random,524288,262144,13963,11855670581321328229,4166899,0,0,11,11,8589803520,8589803520
20,P,4k,20260919,205,2,measure,31,chase_random,1048576,262144,123669,715261519597680077,5737984,0,0,11,11,17179738112,17179738112
20,P,4k,20260919,206,2,measure,32,chase_random,268435456,262144,7881424,2028623235161375574,106708389,0,0,11,11,4408238960695,4408238960695
20,P,4k,20260919,207,2,measure,33,independent_random_bis,268435456,1048576,16697141,5703691343325695643,32300887,0,0,11,11,17593040858110,17593040858110
20,P,4k,20260919,208,2,measure,34,chase_random,16384,262144,228,13121588700837911428,1838551,0,0,11,11,268304384,268304384
20,P,4k,20260919,209,2,measure,35,chase_random_double,8192,524288,805,10364079761898254055,1575627,0,0,11,11,268173312,268173312
20,P,4k,20260919,210,2,measure,36,chase_random_double,524288,524288,58185,4263486278505199904,5620711,0,0,11,11,17179607040,17179607040
20,P,4k,20260919,211,2,measure,37,independent_random,134217728,1048576,1929253,17819740591636772591,27403616,0,0,11,11,8797667339431,8797667339431
20,P,4k,20260919,212,2,measure,38,chase_random,16777216,262144,150290,4906202284265742558,95291687,0,0,11,11,274565278351,274565278351
20,P,4k,20260919,213,2,measure,39,independent_random,8192,1048576,907,8006708741978996772,2297495,0,0,11,11,536225559,536225559
20,P,4k,20260919,214,2,measure,40,chase_random,4096,262144,423,10541021293625498374,774734,0,0,11,11,66977792,66977792
20,P,4k,20260919,215,2,measure,41,chase_random_double,262144,524288,7107,9336932862870046926,4636737,0,0,11,11,8589672448,8589672448
20,P,4k,20260919,216,2,measure,42,chase_sequential,134217728,262144,1840341,16289326792500273841,786139,0,0,11,11,516793958400,516793958400
20,P,4k,20260919,217,2,measure,43,independent_random,4194304,1048576,456971,4571564271689604144,7900934,0,0,11,11,274812810492,274812810492
20,P,4k,20260919,218,2,measure,44,independent_random_bis,16384,1048576,495,15906059183056612860,2013122,0,0,11,11,1072725945,1072725945
20,P,4k,20260919,219,2,measure,45,independent_random,67108864,1048576,7608183,3916585285209507355,19294683,0,0,11,11,4397431617305,4397431617305
20,P,4k,20260919,220,2,measure,46,chase_random,33554432,262144,1394241,10585230357532499902,100406272,0,0,11,11,549827645169,549827645169
20,P,4k,20260919,221,2,measure,47,independent_random,33554432,1048576,3711713,11615328316948899271,25424080,0,0,11,11,2198881749926,2198881749926
20,P,4k,20260919,222,2,measure,48,chase_random_double,67108864,524288,748418,16724315657714348741,227226397,0,0,11,11,2199109369097,2199109369097
20,P,4k,20260919,223,2,measure,49,independent_random,1048576,1048576,121932,8248628442834114347,3473969,0,0,11,11,68720462484,68720462484
20,P,4k,20260919,224,2,measure,50,independent_random_bis,67108864,1048576,4215741,16172736096913239191,25096935,0,0,11,11,4397230928880,4397230928880
20,P,4k,20260919,225,2,measure,51,chase_random,8388608,262144,153615,12603618619261484390,75333848,0,0,11,11,137500285763,137500285763
20,P,4k,20260919,226,2,measure,52,independent_random_bis,1048576,1048576,78810,948147874071321394,3462827,0,0,11,11,68743797048,68743797048
20,P,4k,20260919,227,2,measure,53,independent_random_bis,131072,1048576,2448,8727578198803256889,1539776,0,0,11,11,8582093323,8582093323
20,P,4k,20260919,228,2,measure,54,chase_sequential,33554432,262144,2399306,17253512598474361346,950773,0,0,11,11,663323279360,663323279360
20,P,4k,20260919,229,2,measure,55,chase_random_double,16777216,524288,1729714,3361046790268921626,188670821,0,0,11,11,549854207349,549854207349
20,P,4k,20260919,230,2,measure,56,chase_random_double,268435456,524288,2316320,13953250103581475044,250790680,0,0,11,11,8793294530418,8793294530418
20,P,4k,20260919,231,2,measure,57,independent_random_bis,16777216,1048576,956059,8857003700583949656,22300288,0,0,11,11,1099945128467,1099945128467
20,P,4k,20260919,232,2,measure,58,independent_random,268435456,1048576,23339230,16797415174466433232,35207749,0,0,11,11,17582825884145,17582825884145
20,P,4k,20260919,233,2,measure,59,chase_random,134217728,262144,2226209,11922951772895068896,121943801,0,0,11,11,2199530225237,2199530225237
20,P,4k,20260919,234,2,measure,60,chase_random_double,2097152,524288,142241,10559534267989565341,22040347,0,0,11,11,68719214592,68719214592
20,P,4k,20260919,235,2,measure,61,chase_random_double,1048576,524288,126268,14595068585249752596,9282864,0,0,11,11,34359476224,34359476224
20,P,4k,20260919,236,2,measure,62,chase_random_double,131072,524288,4475,9428580165337797843,3501473,0,0,11,11,4294705152,4294705152
20,P,4k,20260919,237,2,measure,63,chase_random_double,33554432,524288,61096,6520049466149564689,212179119,0,0,11,11,1099812664194,1099812664194
20,P,4k,20260919,238,2,measure,64,chase_random_double,65536,524288,1094,8563814225204900589,3779302,0,0,11,11,2147221504,2147221504
20,P,4k,20260919,239,2,measure,65,independent_random,65536,1048576,8036,6314874297007214120,1403816,0,0,11,11,4293175274,4293175274
20,P,4k,20260919,240,2,measure,66,independent_random,8388608,1048576,189640,7117403591966073227,14279846,0,0,11,11,549752206698,549752206698
20,P,4k,20260919,241,2,measure,67,independent_random_bis,524288,1048576,48885,9197253443962139431,2515259,0,0,11,11,34345766286,34345766286
20,P,4k,20260919,242,2,measure,68,chase_sequential,2097152,262144,69129,8097115837821280298,1020225,0,0,11,11,34359607296,34359607296
20,P,4k,20260919,243,2,measure,69,chase_random,4194304,262144,336225,11501484450160179752,39737073,0,0,11,11,68722091635,68722091635
20,P,4k,20260919,244,2,measure,70,independent_random_bis,32768,1048576,3267,2366661969044214519,2171145,0,0,11,11,2146435732,2146435732
20,P,4k,20260919,245,2,measure,71,independent_random_bis,4194304,1048576,58727,3485400900258252825,4593955,0,0,11,11,275351172271,275351172271
20,P,4k,20260919,246,2,measure,72,page_fault_touch,268435456,65536,25493539,10518388919730194910,116763059,2821414,65536,11,11,131072,131072
20,P,4k,20260919,247,2,measure,73,independent_random,524288,1048576,12854,4949471075519555982,1324861,0,0,11,11,34354334760,34354334760
20,P,4k,20260919,248,2,measure,74,independent_random_bis,8192,1048576,79,11522017454928566749,1119221,0,0,11,11,535833025,535833025
20,P,4k,20260919,249,2,measure,75,chase_random,131072,262144,4704,15850747922336492894,1446887,0,0,11,11,2147352576,2147352576
20,P,4k,20260919,250,2,measure,76,chase_sequential,1048576,262144,71513,3369765756917595901,805548,0,0,11,11,17179738112,17179738112
20,P,4k,20260919,251,2,measure,77,chase_sequential,262144,262144,20920,10081213233278767374,578889,0,0,11,11,4294836224,4294836224
20,P,4k,20260919,252,2,measure,78,independent_random,32768,1048576,3942,10939840814222739071,1093218,0,0,11,11,2146216169,2146216169
20,P,4k,20260919,253,2,measure,79,independent_random,2097152,1048576,96322,12662657666023811986,2266692,0,0,11,11,137551418034,137551418034
20,P,4k,20260919,254,2,measure,80,chase_sequential,4096,262144,454,116978119938885789,526844,0,0,11,11,66977792,66977792
20,P,4k,20260919,255,2,measure,81,chase_random,67108864,262144,6336097,2126819477960797238,76544325,0,0,11,11,1098409976949,1098409976949
20,P,4k,20260919,256,2,measure,82,independent_random_bis,8388608,1048576,213827,11694968196465144323,11844841,0,0,11,11,549600715847,549600715847
20,P,4k,20260919,257,2,measure,83,chase_sequential,4194304,262144,290778,15045289994262130386,1095530,0,0,11,11,95572852736,95572852736
20,P,4k,20260919,258,2,measure,84,chase_random_double,32768,524288,17,7853455029120020116,1738920,0,0,11,11,1073479680,1073479680
20,P,4k,20260919,259,2,measure,85,chase_sequential,67108864,262144,2341517,9563329349390543344,1071441,0,0,11,11,648174239744,648174239744
20,P,4k,20260919,260,2,measure,86,independent_random_bis,262144,1048576,16712,11169200315244529360,1736862,0,0,11,11,17175329292,17175329292
20,P,4k,20260919,261,3,measure,0,chase_random,1048576,262144,82910,9371451303270193491,5890205,0,0,11,11,17179738112,17179738112
20,P,4k,20260919,262,3,measure,1,chase_random_double,1048576,524288,23953,11638274127542605945,5320007,0,0,11,11,34359476224,34359476224
20,P,4k,20260919,263,3,measure,2,independent_random_bis,2097152,1048576,13053,4785875929058329395,2484503,0,0,11,11,137255101941,137255101941
20,P,4k,20260919,264,3,measure,3,chase_random,524288,262144,64008,4938050694696110858,3656581,0,0,11,11,8589803520,8589803520
20,P,4k,20260919,265,3,measure,4,chase_random_double,65536,524288,149,4037898631944902216,2193301,0,0,11,11,2147221504,2147221504
20,P,4k,20260919,266,3,measure,5,independent_random_bis,65536,1048576,6872,15295697313123687176,1318718,0,0,11,11,4294811079,4294811079
20,P,4k,20260919,267,3,measure,6,independent_random,32768,1048576,3224,14029184515005745490,1316635,0,0,11,11,2145668505,2145668505
20,P,4k,20260919,268,3,measure,7,chase_sequential,32768,262144,3026,14619339023324405330,589013,0,0,11,11,536739840,536739840
20,P,4k,20260919,269,3,measure,8,chase_sequential,8388608,262144,730132,10108714088817292110,845374,0,0,11,11,225759330304,225759330304
20,P,4k,20260919,270,3,measure,9,independent_random,4194304,1048576,345008,7535940632966354883,3734785,0,0,11,11,275068504272,275068504272
20,P,4k,20260919,271,3,measure,10,independent_random_bis,8388608,1048576,20570,4423733677207615699,8651611,0,0,11,11,549650385253,549650385253
20,P,4k,20260919,272,3,measure,11,independent_random,134217728,1048576,8061892,6794064337044316784,18119220,0,0,11,11,8805297703566,8805297703566
20,P,4k,20260919,273,3,measure,12,chase_random_double,2097152,524288,170738,6553276485577285460,12002425,0,0,11,11,68719214592,68719214592
20,P,4k,20260919,274,3,measure,13,chase_random_double,67108864,524288,4265196,8071814391351374016,207487278,0,0,11,11,2198040095432,2198040095432
20,P,4k,20260919,275,3,measure,14,chase_random_double,134217728,524288,3598919,13501357867400771015,216547392,0,0,11,11,4392079779418,4392079779418
20,P,4k,20260919,276,3,measure,15,chase_random,16384,262144,233,15588639869539126207,1731589,0,0,11,11,268304384,268304384
20,P,4k,20260919,277,3,measure,16,independent_random,33554432,1048576,3542131,15575973055212388928,24624845,0,0,11,11,2200680977421,2200680977421
20,P,4k,20260919,278,3,measure,17,independent_random,16777216,1048576,576960,835918093548050353,23667089,0,0,11,11,1099546636696,1099546636696
20,P,4k,20260919,279,3,measure,18,independent_random,2097152,1048576,228264,3931789870605874581,5753244,0,0,11,11,137418698203,137418698203
20,P,4k,20260919,280,3,measure,19,chase_random_double,8192,524288,130,13974758726461318915,1804518,0,0,11,11,268173312,268173312
20,P,4k,20260919,281,3,measure,20,independent_random,131072,1048576,8098,3661044355931757701,1503931,0,0,11,11,8586044105,8586044105
20,P,4k,20260919,282,3,measure,21,independent_random_bis,131072,1048576,1294,17724795629134150029,1402534,0,0,11,11,8595071512,8595071512
20,P,4k,20260919,283,3,measure,22,independent_random,1048576,1048576,32403,8118333832505303343,2416950,0,0,11,11,68681724823,68681724823
20,P,4k,20260919,284,3,measure,23,independent_random,4096,1048576,363,15225925689340089690,1471596,0,0,11,11,268042105,268042105
20,P,4k,20260919,285,3,measure,24,independent_random_bis,33554432,1048576,3299733,11573106685699941052,22555762,0,0,11,11,2199477968169,2199477968169
20,P,4k,20260919,286,3,measure,25,chase_sequential,134217728,262144,8065686,5344957845468324618,1350917,0,0,11,11,2148730798080,2148730798080
20,P,4k,20260919,287,3,measure,26,chase_random_double,524288,524288,37193,13326641250260178237,6810616,0,0,11,11,17179607040,17179607040
20,P,4k,20260919,288,3,measure,27,chase_random,8388608,262144,930520,12508170753858043920,74851314,0,0,11,11,137329975960,137329975960
20,P,4k,20260919,289,3,measure,28,independent_random_bis,268435456,1048576,6906475,3341276743251567883,28807858,0,0,11,11,17583648121251,17583648121251
20,P,4k,20260919,290,3,measure,29,independent_random,268435456,1048576,25536738,12310478841466403715,32833390,0,0,11,11,17590238401810,17590238401810
20,P,4k,20260919,291,3,measure,30,chase_random,16777216,262144,144808,7518504514033310502,102121304,0,0,11,11,274836528208,274836528208
20,P,4k,20260919,292,3,measure,31,chase_random,8192,262144,330,3689254160771155583,1766928,0,0,11,11,134086656,134086656
20,P,4k,20260919,293,3,measure,32,chase_random_double,16777216,524288,245322,3505338783640734489,166818692,0,0,11,11,549694191057,549694191057
20,P,4k,20260919,294,3,measure,33,chase_random,131072,262144,7086,3258121130720459769,3220383,0,0,11,11,2147352576,2147352576
20,P,4k,20260919,295,3,measure,34,chase_sequential,65536,262144,7641,15625900417053935385,695297,0,0,11,11,1073610752,1073610752
20,P,4k,20260919,296,3,measure,35,chase_random,4194304,262144,308499,8081967579646063138,40555692,0,0,11,11,68606536536,68606536536
20,P,4k,20260919,297,3,measure,36,independent_random,8388608,1048576,770493,14792344183520452156,17979876,0,0,11,11,549665487774,549665487774
20,P,4k,20260919,298,3,measure,37,chase_random,33554432,262144,3104705,15243303316359583762,112118682,0,0,11,11,550663106083,550663106083
20,P,4k,20260919,299,3,measure,38,chase_random_double,8388608,524288,332999,4793201176860900750,38911325,0,0,11,11,274691878615,274691878615
20,P,4k,20260919,300,3,measure,39,chase_sequential,16384,262144,1046,4207777973891021786,937276,0,0,11,11,268304384,268304384
20,P,4k,20260919,301,3,measure,40,chase_sequential,33554432,262144,1687866,16075337033502384628,1049474,0,0,11,11,476823552000,476823552000
20,P,4k,20260919,302,3,measure,41,chase_random,134217728,262144,752296,4762751634654461775,117271340,0,0,11,11,2198201791641,2198201791641
20,P,4k,20260919,303,3,measure,42,chase_random_double,4096,524288,506,17333875078155261646,2777227,0,0,11,11,133955584,133955584
20,P,4k,20260919,304,3,measure,43,chase_random_double,32768,524288,2610,3171797379036144484,1483579,0,0,11,11,1073479680,1073479680
20,P,4k,20260919,305,3,measure,44,chase_sequential,131072,262144,14878,6338629667803268918,681571,0,0,11,11,2147352576,2147352576
20,P,4k,20260919,306,3,measure,45,chase_sequential,524288,262144,2890,1599908714538998319,738945,0,0,11,11,8589803520,8589803520
20,P,4k,20260919,307,3,measure,46,chase_sequential,16777216,262144,1243238,12445893721426067189,1014693,0,0,11,11,360266989568,360266989568
20,P,4k,20260919,308,3,measure,47,independent_random_bis,524288,1048576,14418,399657948667216444,1721275,0,0,11,11,34364938591,34364938591
20,P,4k,20260919,309,3,measure,48,chase_sequential,2097152,262144,64542,18400868254345031520,983029,0,0,11,11,34359607296,34359607296
20,P,4k,20260919,310,3,measure,49,chase_sequential,4194304,262144,374218,6351659548696947441,987066,0,0,11,11,73699557376,73699557376
20,P,4k,20260919,311,3,measure,50,independent_random_bis,4194304,1048576,445163,7479584449404360804,6804855,0,0,11,11,274870078781,274870078781
20,P,4k,20260919,312,3,measure,51,independent_random,65536,1048576,651,3069917009772295517,1592940,0,0,11,11,4294241304,4294241304
20,P,4k,20260919,313,3,measure,52,chase_sequential,8192,262144,629,1043641914410100940,662366,0,0,11,11,134086656,134086656
20,P,4k,20260919,314,3,measure,53,independent_random_bis,134217728,1048576,7010247,14204878493305040685,23876512,0,0,11,11,8796994767179,8796994767179
20,P,4k,20260919,315,3,measure,54,chase_sequential,268435456,262144,10008822,1603580736106406157,1617233,0,0,11,11,2658112241664,2658112241664
20,P,4k,20260919,316,3,measure,55,independent_random_bis,67108864,1048576,7988609,5474060531169238168,24198982,0,0,11,11,4404285566746,4404285566746
20,P,4k,20260919,317,3,measure,56,independent_random,262144,1048576,11519,13251843746520293699,2708491,0,0,11,11,17184963295,17184963295
20,P,4k,20260919,318,3,measure,57,independent_random_bis,1048576,1048576,88663,15856568029483891372,2578676,0,0,11,11,68680512820,68680512820
20,P,4k,20260919,319,3,measure,58,chase_sequential,262144,262144,17483,6371647730754063968,891812,0,0,11,11,4294836224,4294836224
20,P,4k,20260919,320,3,measure,59,chase_random,67108864,262144,1215926,5025162876572514497,104545205,0,0,11,11,1099697127103,1099697127103
20,P,4k,20260919,321,3,measure,60,chase_sequential,1048576,262144,127498,13292244784044594849,1692553,0,0,11,11,17179738112,17179738112
20,P,4k,20260919,322,3,measure,61,independent_random_bis,32768,1048576,1454,6707177368791301378,1639408,0,0,11,11,2147802717,2147802717
20,P,4k,20260919,323,3,measure,62,independent_random,16384,1048576,1716,14938061252026464064,1389283,0,0,11,11,1073926984,1073926984
20,P,4k,20260919,324,3,measure,63,chase_random,4096,262144,73,7864553895179137591,669686,0,0,11,11,66977792,66977792
20,P,4k,20260919,325,3,measure,64,chase_random,65536,262144,5233,7135954694785891583,1153626,0,0,11,11,1073610752,1073610752
20,P,4k,20260919,326,3,measure,65,chase_sequential,67108864,262144,4099965,15330236766943177306,992595,0,0,11,11,1109140832256,1109140832256
20,P,4k,20260919,327,3,measure,66,chase_random,262144,262144,32557,3297980654945149398,2170186,0,0,11,11,4294836224,4294836224
20,P,4k,20260919,328,3,measure,67,chase_random,268435456,262144,28464822,17668218690839157349,119229219,0,0,11,11,4391066353453,4391066353453
20,P,4k,20260919,329,3,measure,68,independent_random_bis,16384,1048576,1518,9902821667047234259,2818704,0,0,11,11,1073006801,1073006801
20,P,4k,20260919,330,3,measure,69,chase_random_double,268435456,524288,31738720,12831722245485110674,249718814,0,0,11,11,8796925365322,8796925365322
20,P,4k,20260919,331,3,measure,70,independent_random_bis,8192,1048576,715,10144082596120917996,2537725,0,0,11,11,536017875,536017875
20,P,4k,20260919,332,3,measure,71,independent_random,8192,1048576,725,922731699661022487,1428058,0,0,11,11,536513192,536513192
20,P,4k,20260919,333,3,measure,72,chase_random_double,131072,524288,10826,6387381273596316179,3755592,0,0,11,11,4294705152,4294705152
20,P,4k,20260919,334,3,measure,73,chase_sequential,4096,262144,489,14953928640665588604,658533,0,0,11,11,66977792,66977792
20,P,4k,20260919,335,3,measure,74,independent_random,524288,1048576,31489,13036235525203409747,1570469,0,0,11,11,34363593091,34363593091
20,P,4k,20260919,336,3,measure,75,chase_random_double,16384,524288,1768,11615881250680249292,1357029,0,0,11,11,536608768,536608768
20,P,4k,20260919,337,3,measure,76,chase_random,2097152,262144,226172,16792577932035882583,14924428,0,0,11,11,34359607296,34359607296
20,P,4k,20260919,338,3,measure,77,independent_random_bis,16777216,1048576,576010,13224383962303280798,18369737,0,0,11,11,1099689034003,1099689034003
20,P,4k,20260919,339,3,measure,78,chase_random_double,262144,524288,31314,11587307833868699141,5689399,0,0,11,11,8589672448,8589672448
20,P,4k,20260919,340,3,measure,79,independent_random,67108864,1048576,2284556,12544198209949973782,22327201,0,0,11,11,4401218630545,4401218630545
20,P,4k,20260919,341,3,measure,80,chase_random,32768,262144,664,3329773816584742508,1809657,0,0,11,11,536739840,536739840
20,P,4k,20260919,342,3,measure,81,chase_random_double,33554432,524288,3558864,1680589123658405270,220743578,0,0,11,11,1099211539501,1099211539501
20,P,4k,20260919,343,3,measure,82,independent_random_bis,4096,1048576,351,12171626394039765735,2843769,0,0,11,11,267953436,267953436
20,P,4k,20260919,344,3,measure,83,page_fault_touch,268435456,65536,25867393,10605499208332329405,118337227,1645489,65536,11,11,131072,131072
20,P,4k,20260919,345,3,measure,84,independent_random_bis,262144,1048576,5755,9933404054152852753,1198334,0,0,11,11,17185535309,17185535309
20,P,4k,20260919,346,3,measure,85,page_fault_touch,16777216,4096,279009,15100707185218249382,6851283,76627,4096,11,11,8192,8192
20,P,4k,20260919,347,3,measure,86,chase_random_double,4194304,524288,371873,15414327703828053634,36582773,0,0,11,11,137438691328,137438691328
20,P,4k,20260919,348,4,measure,0,chase_random_double,67108864,524288,6576538,17448180119534767606,170329363,0,0,11,11,2199379931688,2199379931688
20,P,4k,20260919,349,4,measure,1,independent_random_bis,134217728,1048576,5504092,4220875589451012405,30119844,0,0,11,11,8801607907719,8801607907719
20,P,4k,20260919,350,4,measure,2,independent_random_bis,4096,1048576,371,7492014771913367243,2979181,0,0,11,11,268096822,268096822
20,P,4k,20260919,351,4,measure,3,independent_random,2097152,1048576,37323,11042012835047042502,3809947,0,0,11,11,137418270983,137418270983
20,P,4k,20260919,352,4,measure,4,independent_random,8192,1048576,601,2988300219558637479,1948422,0,0,11,11,536638004,536638004
20,P,4k,20260919,353,4,measure,5,independent_random,131072,1048576,15825,5628429908788691249,1619129,0,0,11,11,8599841967,8599841967
20,P,4k,20260919,354,4,measure,6,chase_random,16384,262144,1653,6864939622113968195,687610,0,0,11,11,268304384,268304384
20,P,4k,20260919,355,4,measure,7,chase_random_double,524288,524288,6622,7378043899772087209,7635852,0,0,11,11,17179607040,17179607040
20,P,4k,20260919,356,4,measure,8,chase_random_double,268435456,524288,31208051,6158408306783820258,245636730,0,0,11,11,8797631488663,8797631488663
20,P,4k,20260919,357,4,measure,9,chase_sequential,134217728,262144,5072987,15734997587890328437,1818478,0,0,11,11,1364212711424,1364212711424
20,P,4k,20260919,358,4,measure,10,chase_random_double,65536,524288,4128,9911306501810199635,2551261,0,0,11,11,2147221504,2147221504
20,P,4k,20260919,359,4,measure,11,chase_sequential,131072,262144,5751,8650202444363637746,684070,0,0,11,11,2147352576,2147352576
20,P,4k,20260919,360,4,measure,12,independent_random_bis,33554432,1048576,1518732,7846232748191901919,24346391,0,0,11,11,2195898794176,2195898794176
20,P,4k,20260919,361,4,measure,13,chase_random_double,2097152,524288,58292,17126207715237300394,21191468,0,0,11,11,68719214592,68719214592
20,P,4k,20260919,362,4,measure,14,chase_sequential,262144,262144,6824,10303542586604560260,768567,0,0,11,11,4294836224,4294836224
20,P,4k,20260919,363,4,measure,15,chase_random,65536,262144,7331,7471080732658769757,1163736,0,0,11,11,1073610752,1073610752
20,P,4k,20260919,364,4,measure,16,independent_random,262144,1048576,17178,8154734162168084974,1459312,0,0,11,11,17174015221,17174015221
20,P,4k,20260919,365,4,measure,17,chase_random,134217728,262144,13731564,15081056853281558621,117286076,0,0,11,11,2199117306167,2199117306167
20,P,4k,20260919,366,4,measure,18,independent_random,16384,1048576,201,13204170949169729299,2736536,0,0,11,11,1072551261,1072551261
20,P,4k,20260919,367,4,measure,19,independent_random_bis,262144,1048576,9038,15682354918297181999,1613271,0,0,11,11,17169873564,17169873564
20,P,4k,20260919,368,4,measure,20,chase_random_double,4096,524288,34,3715291834078343521,1324664,0,0,11,11,133955584,133955584
20,P,4k,20260919,369,4,measure,21,chase_sequential,8388608,262144,257253,17046900226022876587,971088,0,0,11,11,101796937728,101796937728
20,P,4k,20260919,370,4,measure,22,chase_random,8192,262144,446,10426938141280382289,664180,0,0,11,11,134086656,134086656
20,P,4k,20260919,371,4,measure,23,page_fault_touch,268435456,65536,6269328,11028890254609305811,116393445,2828401,65536,11,11,131072,131072
20,P,4k,20260919,372,4,measure,24,chase_random,67108864,262144,995398,14632552376993644026,76207157,0,0,11,11,1099271233502,1099271233502
20,P,4k,20260919,373,4,measure,25,independent_random_bis,2097152,1048576,220005,14715724756097541948,4078670,0,0,11,11,137341118287,137341118287
20,P,4k,20260919,374,4,measure,26,chase_random,2097152,262144,9563,10521882227246756974,4507453,0,0,11,11,34359607296,34359607296
20,P,4k,20260919,375,4,measure,27,independent_random_bis,8388608,1048576,456866,4742713730552988389,9919308,0,0,11,11,549795882844,549795882844
20,P,4k,20260919,376,4,measure,28,chase_random,131072,262144,15200,1689494604440315533,2071245,0,0,11,11,2147352576,2147352576
20,P,4k,20260919,377,4,measure,29,chase_random,1048576,262144,105886,3264035760941013367,5084142,0,0,11,11,17179738112,17179738112
20,P,4k,20260919,378,4,measure,30,chase_sequential,4194304,262144,106152,9394331687884365883,1030364,0,0,11,11,62186717184,62186717184
20,P,4k,20260919,379,4,measure,31,chase_sequential,65536,262144,79,13570648392034954383,666597,0,0,11,11,1073610752,1073610752
20,P,4k,20260919,380,4,measure,32,chase_random_double,4194304,524288,261803,9518085173331970613,42687163,0,0,11,11,137438691328,137438691328
20,P,4k,20260919,381,4,measure,33,independent_random_bis,268435456,1048576,30181344,6144390144135570451,20508360,0,0,11,11,17601794546966,17601794546966
20,P,4k,20260919,382,4,measure,34,chase_random,268435456,262144,13315063,8046892353975176744,109050934,0,0,11,11,4396500175032,4396500175032
20,P,4k,20260919,383,4,measure,35,chase_sequential,268435456,262144,30090223,7280875187425814313,1611061,0,0,11,11,7922331025408,7922331025408
20,P,4k,20260919,384,4,measure,36,chase_random,32768,262144,2712,997004713994969205,923549,0,0,11,11,536739840,536739840
20,P,4k,20260919,385,4,measure,37,chase_sequential,2097152,262144,114707,10814389283134544313,1019655,0,0,11,11,34359607296,34359607296
20,P,4k,20260919,386,4,measure,38,independent_random,16777216,1048576,699422,4931073215973174111,20620110,0,0,11,11,1099527060014,1099527060014
20,P,4k,20260919,387,4,measure,39,independent_random,268435456,1048576,16765189,14223055946944379910,30790967,0,0,11,11,17580717560232,17580717560232
20,P,4k,20260919,388,4,measure,40,independent_random,67108864,1048576,4563895,2424743945121481975,24217421,0,0,11,11,4395573760620,4395573760620
20,P,4k,20260919,389,4,measure,41,chase_random_double,1048576,524288,79923,4337168616501130568,11118812,0,0,11,11,34359476224,34359476224
20,P,4k,20260919,390,4,measure,42,independent_random,1048576,1048576,50249,3288910802337502033,1695348,0,0,11,11,68677283371,68677283371
20,P,4k,20260919,391,4,measure,43,independent_random_bis,16777216,1048576,53346,14534135300492790094,18479478,0,0,11,11,1098713606674,1098713606674
20,P,4k,20260919,392,4,measure,44,chase_sequential,8192,262144,357,4698258763588287532,1637114,0,0,11,11,134086656,134086656
20,P,4k,20260919,393,4,measure,45,chase_random,4096,262144,405,8879204967921253740,837714,0,0,11,11,66977792,66977792
20,P,4k,20260919,394,4,measure,46,chase_sequential,1048576,262144,13508,7232252424231013057,901055,0,0,11,11,17179738112,17179738112
20,P,4k,20260919,395,4,measure,47,chase_sequential,524288,262144,38427,16024631321752802119,743734,0,0,11,11,8589803520,8589803520
20,P,4k,20260919,396,4,measure,48,independent_random,524288,1048576,51715,2370934220313244841,1843890,0,0,11,11,34353289716,34353289716
20,P,4k,20260919,397,4,measure,49,chase_random,16777216,262144,898967,14879703821842770685,40259680,0,0,11,11,275031180794,275031180794
20,P,4k,20260919,398,4,measure,50,chase_sequential,67108864,262144,6866222,4171225573610976429,1313314,0,0,11,11,1834298507264,1834298507264
20,P,4k,20260919,399,4,measure,51,independent_random_bis,1048576,1048576,42267,16357534292617408435,2856823,0,0,11,11,68668198929,68668198929
20,P,4k,20260919,400,4,measure,52,chase_random_double,32768,524288,1573,12759126725822667475,1499231,0,0,11,11,1073479680,1073479680
20,P,4k,20260919,401,4,measure,53,independent_random_bis,67108864,1048576,443424,9873856917475419308,20632608,0,0,11,11,4401889712952,4401889712952
20,P,4k,20260919,402,4,measure,54,independent_random,4194304,1048576,98605,17281358687575480444,9773488,0,0,11,11,274796466364,274796466364
20,P,4k,20260919,403,4,measure,55,chase_sequential,33554432,262144,660217,15461029709174783423,1127662,0,0,11,11,207431532544,207431532544
20,P,4k,20260919,404,4,measure,56,independent_random_bis,4194304,1048576,11276,12528088867646586486,3033808,0,0,11,11,274983600030,274983600030
20,P,4k,20260919,405,4,measure,57,independent_random,4096,1048576,174,4088533418724779588,1360863,0,0,11,11,267767292,267767292
20,P,4k,20260919,406,4,measure,58,independent_random_bis,131072,1048576,5018,10683558492748477922,1450125,0,0,11,11,8584765565,8584765565
20,P,4k,20260919,407,4,measure,59,chase_random_double,16384,524288,1167,12152487761461853713,1349757,0,0,11,11,536608768,536608768
20,P,4k,20260919,408,4,measure,60,chase_random_double,33554432,524288,1259147,4502489306048288275,195775487,0,0,11,11,1099029952881,1099029952881
20,P,4k,20260919,409,4,measure,61,independent_random,32768,1048576,2462,3607455213572879300,2532242,0,0,11,11,2145155811,2145155811
20,P,4k,20260919,410,4,measure,62,independent_random_bis,32768,1048576,614,12456820601797920722,1566693,0,0,11,11,2144656564,2144656564
20,P,4k,20260919,411,4,measure,63,chase_sequential,16777216,262144,400457,3623440101227950554,996685,0,0,11,11,139337007104,139337007104
20,P,4k,20260919,412,4,measure,64,chase_sequential,16384,262144,1507,952259590908625325,659052,0,0,11,11,268304384,268304384
20,P,4k,20260919,413,4,measure,65,chase_random,8388608,262144,256967,10166321663668674490,75999443,0,0,11,11,137523911859,137523911859
20,P,4k,20260919,414,4,measure,66,chase_random,33554432,262144,2335586,15470645303111723054,109277417,0,0,11,11,549981597409,549981597409
20,P,4k,20260919,415,4,measure,67,independent_random,33554432,1048576,3657541,15728034069353138312,25048706,0,0,11,11,2200823046998,2200823046998
20,P,4k,20260919,416,4,measure,68,chase_random_double,262144,524288,18284,7165688031416044087,5987969,0,0,11,11,8589672448,8589672448
20,P,4k,20260919,417,4,measure,69,independent_random_bis,65536,1048576,1848,15082192242363367708,1417441,0,0,11,11,4299113977,4299113977
20,P,4k,20260919,418,4,measure,70,chase_random_double,131072,524288,5280,4173467446259101886,3456064,0,0,11,11,4294705152,4294705152
20,P,4k,20260919,419,4,measure,71,chase_random_double,8388608,524288,362547,5946624654415420725,118452416,0,0,11,11,274979493733,274979493733
20,P,4k,20260919,420,4,measure,72,chase_random,262144,262144,21550,8663543365547922054,3259660,0,0,11,11,4294836224,4294836224
20,P,4k,20260919,421,4,measure,73,page_fault_touch,16777216,4096,78660,6760857945081417658,7867402,80501,4096,11,11,8192,8192
20,P,4k,20260919,422,4,measure,74,independent_random_bis,524288,1048576,10817,8269883389372267912,1632696,0,0,11,11,34373459210,34373459210
20,P,4k,20260919,423,4,measure,75,independent_random,65536,1048576,63,3595346515253305718,1456317,0,0,11,11,4299172452,4299172452
20,P,4k,20260919,424,4,measure,76,chase_random,4194304,262144,291526,3392808091181600265,37229736,0,0,11,11,68732372786,68732372786
20,P,4k,20260919,425,4,measure,77,independent_random,8388608,1048576,173081,13623943707586391660,13109899,0,0,11,11,549671581184,549671581184
20,P,4k,20260919,426,4,measure,78,chase_random,524288,262144,8175,10586562895264340602,3632021,0,0,11,11,8589803520,8589803520
20,P,4k,20260919,427,4,measure,79,chase_random_double,134217728,524288,7134410,6945495111692500663,236121100,0,0,11,11,4388125109420,4388125109420
20,P,4k,20260919,428,4,measure,80,chase_sequential,32768,262144,3297,8346074512462439642,1257221,0,0,11,11,536739840,536739840
20,P,4k,20260919,429,4,measure,81,chase_random_double,8192,524288,228,603420244964521034,1895519,0,0,11,11,268173312,268173312
20,P,4k,20260919,430,4,measure,82,independent_random,134217728,1048576,15772418,15144072638088816289,20510132,0,0,11,11,8805474573924,8805474573924
20,P,4k,20260919,431,4,measure,83,independent_random_bis,8192,1048576,123,1313680274070949841,2041063,0,0,11,11,536375061,536375061
20,P,4k,20260919,432,4,measure,84,chase_random_double,16777216,524288,1911291,13511416075493874553,176286002,0,0,11,11,549959033902,549959033902
20,P,4k,20260919,433,4,measure,85,chase_sequential,4096,262144,95,10607689428597312859,1752960,0,0,11,11,66977792,66977792
20,P,4k,20260919,434,4,measure,86,independent_random_bis,16384,1048576,91,13267789155423768403,1839246,0,0,11,11,1073643661,1073643661
20,P,4k,20260919,435,5,measure,0,page_fault_touch,268435456,65536,31087229,8603552503162781142,117653420,2825350,65536,11,11,131072,131072
20,P,4k,20260919,436,5,measure,1,chase_sequential,524288,262144,64637,7237323455708064122,639132,0,0,11,11,8589803520,8589803520
20,P,4k,20260919,437,5,measure,2,chase_random_double,524288,524288,5881,1345620400560067347,4263070,0,0,11,11,17179607040,17179607040
20,P,4k,20260919,438,5,measure,3,chase_random,4194304,262144,1641,16380330842130689738,24029456,0,0,11,11,68763103008,68763103008
20,P,4k,20260919,439,5,measure,4,independent_random_bis,268435456,1048576,9788551,3496517454647948438,17550365,0,0,11,11,17597708995594,17597708995594
20,P,4k,20260919,440,5,measure,5,chase_sequential,131072,262144,13764,11973299023861307587,549228,0,0,11,11,2147352576,2147352576
20,P,4k,20260919,441,5,measure,6,chase_random,134217728,262144,1453699,13007563603302197405,85727239,0,0,11,11,2203118449573,2203118449573
20,P,4k,20260919,442,5,measure,7,chase_random,524288,262144,61244,12165141313586378964,4645644,0,0,11,11,8589803520,8589803520
20,P,4k,20260919,443,5,measure,8,chase_sequential,134217728,262144,4822569,7007525386497169037,1019544,0,0,11,11,1298567135232,1298567135232
20,P,4k,20260919,444,5,measure,9,independent_random_bis,65536,1048576,6518,1618354211828121654,1417379,0,0,11,11,4297181725,4297181725
20,P,4k,20260919,445,5,measure,10,chase_random_double,4096,524288,28,16212888244530912868,1323293,0,0,11,11,133955584,133955584
20,P,4k,20260919,446,5,measure,11,chase_sequential,1048576,262144,91607,13236741666561838121,810376,0,0,11,11,17179738112,17179738112
20,P,4k,20260919,447,5,measure,12,chase_random_double,4194304,524288,159027,12081988221568936670,31917412,0,0,11,11,137438691328,137438691328
20,P,4k,20260919,448,5,measure,13,chase_sequential,67108864,262144,4756385,6741298316408460725,1023132,0,0,11,11,1281217396736,1281217396736
20,P,4k,20260919,449,5,measure,14,chase_random_double,8192,524288,115,1155237912677805289,1354052,0,0,11,11,268173312,268173312
20,P,4k,20260919,450,5,measure,15,chase_sequential,33554432,262144,484608,1155727172337368354,989104,0,0,11,11,161396686848,161396686848
20,P,4k,20260919,451,5,measure,16,independent_random_bis,131072,1048576,11297,2715739481924988884,1438408,0,0,11,11,8575148711,8575148711
20,P,4k,20260919,452,5,measure,17,independent_random_bis,134217728,1048576,8061531,6988121158908090959,19010249,0,0,11,11,8799845043934,8799845043934
20,P,4k,20260919,453,5,measure,18,independent_random_bis,4096,1048576,345,6411126221103833393,2067878,0,0,11,11,268039411,268039411
20,P,4k,20260919,454,5,measure,19,independent_random,8192,1048576,910,14308736519201971231,1536811,0,0,11,11,536950206,536950206
20,P,4k,20260919,455,5,measure,20,independent_random_bis,16777216,1048576,1979222,5896347371182129564,14612351,0,0,11,11,1099115481660,1099115481660
20,P,4k,20260919,456,5,measure,21,independent_random_bis,1048576,1048576,72631,1551342770812773432,2816021,0,0,11,11,68677230585,68677230585
20,P,4k,20260919,457,5,measure,22,chase_random_double,134217728,524288,9811067,17599055316035885264,225618556,0,0,11,11,4404052373470,4404052373470
20,P,4k,20260919,458,5,measure,23,independent_random,4096,1048576,373,4904142894479745956,2747442,0,0,11,11,267931176,267931176
20,P,4k,20260919,459,5,measure,24,independent_random_bis,32768,1048576,4014,6436054891519736036,1489425,0,0,11,11,2148631953,2148631953
20,P,4k,20260919,460,5,measure,25,chase_random,16384,262144,1825,12007791758355521520,685191,0,0,11,11,268304384,268304384
20,P,4k,20260919,461,5,measure,26,independent_random,16384,1048576,743,2445968853475384353,1363552,0,0,11,11,1073420939,1073420939
20,P,4k,20260919,462,5,measure,27,chase_sequential,4194304,262144,27041,10468334126215516895,983767,0,0,11,11,41448243200,41448243200
20,P,4k,20260919,463,5,measure,28,chase_random_double,8388608,524288,206743,4537584126050638465,123553194,0,0,11,11,274758081918,274758081918
20,P,4k,20260919,464,5,measure,29,chase_random,8388608,262144,611005,2479880352434492420,27710864,0,0,11,11,137407974248,137407974248
20,P,4k,20260919,465,5,measure,30,independent_random_bis,8192,1048576,286,9420584016865814611,2079190,0,0,11,11,536645101,536645101
20,P,4k,20260919,466,5,measure,31,chase_random_double,33554432,524288,2111198,7071062906260090279,214430348,0,0,11,11,1099063402146,1099063402146
20,P,4k,20260919,467,5,measure,32,independent_random_bis,2097152,1048576,144532,6890919601416155123,5928627,0,0,11,11,137311958177,137311958177
20,P,4k,20260919,468,5,measure,33,independent_random,262144,1048576,224,15184503429094940966,2050829,0,0,11,11,17170441404,17170441404
20,P,4k,20260919,469,5,measure,34,chase_random_double,131072,524288,5058,8389595296734967632,3590998,0,0,11,11,4294705152,4294705152
20,P,4k,20260919,470,5,measure,35,independent_random,16777216,1048576,1588903,7333417674335913120,20195074,0,0,11,11,1099590925497,1099590925497
20,P,4k,20260919,471,5,measure,36,independent_random,32768,1048576,395,12645104196731999856,2618474,0,0,11,11,2146852589,2146852589
20,P,4k,20260919,472,5,measure,37,chase_random_double,16777216,524288,148340,2799805588601254920,65454463,0,0,11,11,549700501570,549700501570
20,P,4k,20260919,473,5,measure,38,chase_random_double,268435456,524288,32353498,2676873482866788280,241557040,0,0,11,11,8805572199877,8805572199877
20,P,4k,20260919,474,5,measure,39,independent_random_bis,33554432,1048576,306243,9671693419780500492,26850389,0,0,11,11,2199769932640,2199769932640
20,P,4k,20260919,475,5,measure,40,chase_random,131072,262144,14396,4873966497851871089,3252538,0,0,11,11,2147352576,2147352576
20,P,4k,20260919,476,5,measure,41,chase_random_double,32768,524288,841,5677863727799569134,1437079,0,0,11,11,1073479680,1073479680
20,P,4k,20260919,477,5,measure,42,chase_random,33554432,262144,2108595,6841316909355741588,79199536,0,0,11,11,549761240560,549761240560
20,P,4k,20260919,478,5,measure,43,chase_random,16777216,262144,2083915,3940934941980205598,97554489,0,0,11,11,274783389450,274783389450
20,P,4k,20260919,479,5,measure,44,chase_random,67108864,262144,2591113,13612014430661280531,118301223,0,0,11,11,1097999144904,1097999144904
20,P,4k,20260919,480,5,measure,45,independent_random,268435456,1048576,4580754,11258115016167492513,35506101,0,0,11,11,17591394007241,17591394007241
20,P,4k,20260919,481,5,measure,46,chase_random,2097152,262144,234747,7285169890214960691,17012102,0,0,11,11,34359607296,34359607296
20,P,4k,20260919,482,5,measure,47,independent_random,524288,1048576,43759,16030467171550656031,2281408,0,0,11,11,34348681002,34348681002
20,P,4k,20260919,483,5,measure,48,independent_random_bis,262144,1048576,18257,426325972820716118,1596371,0,0,11,11,17180208714,17180208714
20,P,4k,20260919,484,5,measure,49,independent_random,134217728,1048576,6840383,9433619273755494280,28974008,0,0,11,11,8799099524732,8799099524732
20,P,4k,20260919,485,5,measure,50,independent_random_bis,8388608,1048576,809266,2990071137436447446,17956001,0,0,11,11,550083798795,550083798795
20,P,4k,20260919,486,5,measure,51,chase_sequential,8192,262144,834,16811941024832067851,1362716,0,0,11,11,134086656,134086656
20,P,4k,20260919,487,5,measure,52,chase_random,1048576,262144,127912,11734820211054169260,7553458,0,0,11,11,17179738112,17179738112
20,P,4k,20260919,488,5,measure,53,chase_random,4096,262144,439,6248742121373101802,695041,0,0,11,11,66977792,66977792
20,P,4k,20260919,489,5,measure,54,chase_random_double,262144,524288,25384,4359417462949210736,3956558,0,0,11,11,8589672448,8589672448
20,P,4k,20260919,490,5,measure,55,chase_sequential,65536,262144,2948,5518861843085905637,658943,0,0,11,11,1073610752,1073610752
20,P,4k,20260919,491,5,measure,56,independent_random_bis,524288,1048576,58277,10083687444645695334,1539023,0,0,11,11,34403464481,34403464481
20,P,4k,20260919,492,5,measure,57,chase_sequential,32768,262144,800,940311148600242296,669419,0,0,11,11,536739840,536739840
20,P,4k,20260919,493,5,measure,58,independent_random,33554432,1048576,3604826,597440343287653642,21679471,0,0,11,11,2201448047929,2201448047929
20,P,4k,20260919,494,5,measure,59,chase_sequential,16384,262144,9,12627648607360144230,1562799,0,0,11,11,268304384,268304384
20,P,4k,20260919,495,5,measure,60,page_fault_touch,16777216,4096,449805,14441480759946459751,8226336,158716,4096,11,11,8192,8192
20,P,4k,20260919,496,5,measure,61,chase_random_double,67108864,524288,5767489,13627054786988232417,199037784,0,0,11,11,2199013069455,2199013069455
20,P,4k,20260919,497,5,measure,62,chase_random,32768,262144,2285,9853747268753268013,1843507,0,0,11,11,536739840,536739840
20,P,4k,20260919,498,5,measure,63,independent_random_bis,67108864,1048576,6348577,3337508185793962885,25663348,0,0,11,11,4394763796267,4394763796267
20,P,4k,20260919,499,5,measure,64,chase_random_double,65536,524288,3860,13629759117781434331,3683039,0,0,11,11,2147221504,2147221504
20,P,4k,20260919,500,5,measure,65,chase_random_double,1048576,524288,4736,5335259939298521926,9337904,0,0,11,11,34359476224,34359476224
20,P,4k,20260919,501,5,measure,66,chase_sequential,2097152,262144,80291,17939575679973507604,985956,0,0,11,11,34359607296,34359607296
20,P,4k,20260919,502,5,measure,67,chase_random,65536,262144,2565,13194712676548961675,1146450,0,0,11,11,1073610752,1073610752
20,P,4k,20260919,503,5,measure,68,independent_random,65536,1048576,5893,2424137284956367085,1404418,0,0,11,11,4292610563,4292610563
20,P,4k,20260919,504,5,measure,69,independent_random,1048576,1048576,3276,1726408896792598975,1988818,0,0,11,11,68706871278,68706871278
20,P,4k,20260919,505,5,measure,70,independent_random,131072,1048576,13525,6264674099848113658,1519719,0,0,11,11,8588420756,8588420756
20,P,4k,20260919,506,5,measure,71,chase_sequential,4096,262144,343,4052754283128444640,658086,0,0,11,11,66977792,66977792
20,P,4k,20260919,507,5,measure,72,chase_random,8192,262144,874,10378140708647832464,668554,0,0,11,11,134086656,134086656
20,P,4k,20260919,508,5,measure,73,independent_random,4194304,1048576,176580,16294091750998330897,6961757,0,0,11,11,274688348987,274688348987
20,P,4k,20260919,509,5,measure,74,chase_random_double,16384,524288,1243,2741624405020146524,1576428,0,0,11,11,536608768,536608768
20,P,4k,20260919,510,5,measure,75,independent_random,67108864,1048576,2537348,12859737235929858327,20725407,0,0,11,11,4398452633569,4398452633569
20,P,4k,20260919,511,5,measure,76,chase_sequential,16777216,262144,1843900,2440573409469565651,1528772,0,0,11,11,499079053312,499079053312
20,P,4k,20260919,512,5,measure,77,independent_random_bis,16384,1048576,1375,14744587411692720090,1754889,0,0,11,11,1073149138,1073149138
20,P,4k,20260919,513,5,measure,78,independent_random_bis,4194304,1048576,343720,382709133528826483,5959025,0,0,11,11,275167898004,275167898004
20,P,4k,20260919,514,5,measure,79,chase_sequential,8388608,262144,698379,15735330104822350454,1036796,0,0,11,11,217435471872,217435471872
20,P,4k,20260919,515,5,measure,80,independent_random,8388608,1048576,398203,13404815746039714280,11818505,0,0,11,11,549557185232,549557185232
20,P,4k,20260919,516,5,measure,81,chase_random_double,2097152,524288,41189,12529132705531790185,21151386,0,0,11,11,68719214592,68719214592
20,P,4k,20260919,517,5,measure,82,chase_sequential,268435456,262144,31918197,15846136042434803323,1035826,0,0,11,11,8401523441664,8401523441664
20,P,4k,20260919,518,5,measure,83,chase_random,262144,262144,19903,16368243646726139516,2689031,0,0,11,11,4294836224,4294836224
20,P,4k,20260919,519,5,measure,84,chase_sequential,262144,262144,21990,4129510555457855832,694044,0,0,11,11,4294836224,4294836224
20,P,4k,20260919,520,5,measure,85,independent_random,2097152,1048576,55327,9664863112859719480,3007139,0,0,11,11,137392210157,137392210157
20,P,4k,20260919,521,5,measure,86,chase_random,268435456,262144,14269672,5169094338916311940,109624426,0,0,11,11,4400817124448,4400817124448
20,P,4k,20260919,522,6,measure,0,independent_random,134217728,1048576,3954752,14631341857723333460,31511611,0,0,11,11,8797295669758,8797295669758
20,P,4k,20260919,523,6,measure,1,independent_random,65536,1048576,956,2219133732264124090,2821840,0,0,11,11,4291187157,4291187157
20,P,4k,20260919,524,6,measure,2,chase_random,65536,262144,1161,500341008223164775,1143264,0,0,11,11,1073610752,1073610752
20,P,4k,20260919,525,6,measure,3,chase_random,134217728,262144,7365480,14102721335256524049,111352691,0,0,11,11,2200256410061,2200256410061
20,P,4k,20260919,526,6,measure,4,independent_random_bis,268435456,1048576,11791653,12594749329067664100,34579849,0,0,11,11,17594841089676,17594841089676
20,P,4k,20260919,527,6,measure,5,chase_random,2097152,262144,43476,10487461352614443311,16069154,0,0,11,11,34359607296,34359607296
20,P,4k,20260919,528,6,measure,6,chase_sequential,268435456,262144,27520564,2006650955168219002,1128553,0,0,11,11,7248710336512,7248710336512
20,P,4k,20260919,529,6,measure,7,chase_random_double,131072,524288,14247,8831731933925982852,3703523,0,0,11,11,4294705152,4294705152
20,P,4k,20260919,530,6,measure,8,chase_sequential,16384,262144,2019,7004805242588980032,665157,0,0,11,11,268304384,268304384
20,P,4k,20260919,531,6,measure,9,independent_random_bis,67108864,1048576,580298,3512999764288605858,26423106,0,0,11,11,4401165649266,4401165649266
20,P,4k,20260919,532,6,measure,10,independent_random_bis,134217728,1048576,12551543,9836224062591479759,31425207,0,0,11,11,8799054788139,8799054788139
20,P,4k,20260919,533,6,measure,11,chase_random,8388608,262144,307766,16817243538274820493,80436385,0,0,11,11,137611716924,137611716924
20,P,4k,20260919,534,6,measure,12,chase_random,262144,262144,31872,1253444636678742274,3711371,0,0,11,11,4294836224,4294836224
20,P,4k,20260919,535,6,measure,13,independent_random,33554432,1048576,3664610,2484302292357761356,25891651,0,0,11,11,2198548484172,2198548484172
20,P,4k,20260919,536,6,measure,14,chase_sequential,131072,262144,5954,979437181418425162,1704935,0,0,11,11,2147352576,2147352576
20,P,4k,20260919,537,6,measure,15,chase_sequential,4096,262144,509,9315848175356554354,853448,0,0,11,11,66977792,66977792
20,P,4k,20260919,538,6,measure,16,independent_random_bis,131072,1048576,5661,477133924869697498,1662220,0,0,11,11,8590087855,8590087855
20,P,4k,20260919,539,6,measure,17,chase_random,67108864,262144,4895810,9518837826618076180,117324672,0,0,11,11,1098611485424,1098611485424
20,P,4k,20260919,540,6,measure,18,independent_random,1048576,1048576,83985,3206736393432257122,3574304,0,0,11,11,68725065433,68725065433
20,P,4k,20260919,541,6,measure,19,independent_random,32768,1048576,2121,462524284395385431,1498200,0,0,11,11,2146177182,2146177182
20,P,4k,20260919,542,6,measure,20,independent_random,524288,1048576,21322,10746838606227363083,1774146,0,0,11,11,34368852830,34368852830
20,P,4k,20260919,543,6,measure,21,chase_sequential,134217728,262144,9294784,12867102752442594985,1017251,0,0,11,11,2470931464192,2470931464192
20,P,4k,20260919,544,6,measure,22,chase_random,1048576,262144,109192,18144457453711763344,6808725,0,0,11,11,17179738112,17179738112
20,P,4k,20260919,545,6,measure,23,independent_random,8192,1048576,269,4352748822968455750,1362188,0,0,11,11,536330858,536330858
20,P,4k,20260919,546,6,measure,24,chase_random,524288,262144,3053,6903083417634016483,2326952,0,0,11,11,8589803520,8589803520
20,P,4k,20260919,547,6,measure,25,chase_sequential,262144,262144,20287,15790937724097469610,683187,0,0,11,11,4294836224,4294836224
20,P,4k,20260919,548,6,measure,26,chase_sequential,16777216,262144,901590,5913878916821074302,968758,0,0,11,11,270706016256,270706016256
20,P,4k,20260919,549,6,measure,27,independent_random_bis,33554432,1048576,2127099,16360112515699979196,20832628,0,0,11,11,2197928557311,2197928557311
20,P,4k,20260919,550,6,measure,28,chase_random,131072,262144,9925,17302694381072368348,3253866,0,0,11,11,2147352576,2147352576
20,P,4k,20260919,551,6,measure,29,independent_random_bis,4194304,1048576,206009,13955712825256821285,8605304,0,0,11,11,274703012928,274703012928
20,P,4k,20260919,552,6,measure,30,independent_random_bis,2097152,1048576,157420,16366554560718093689,4929178,0,0,11,11,137488133305,137488133305
20,P,4k,20260919,553,6,measure,31,independent_random,2097152,1048576,239849,14375844641181740589,2681827,0,0,11,11,137368029584,137368029584
20,P,4k,20260919,554,6,measure,32,chase_random_double,262144,524288,28277,5667501141217477513,5456916,0,0,11,11,8589672448,8589672448
20,P,4k,20260919,555,6,measure,33,page_fault_touch,268435456,65536,29389876,11894143932202960949,115407112,1590642,65536,11,11,131072,131072
20,P,4k,20260919,556,6,measure,34,chase_sequential,4194304,262144,82261,12309369168800271244,558282,0,0,11,11,55923834880,55923834880
20,P,4k,20260919,557,6,measure,35,chase_random_double,1048576,524288,44362,9069385597863226003,7164660,0,0,11,11,34359476224,34359476224
20,P,4k,20260919,558,6,measure,36,independent_random,262144,1048576,6000,8337346196021963607,1207838,0,0,11,11,17178965637,17178965637
20,P,4k,20260919,559,6,measure,37,chase_sequential,65536,262144,7273,16844246302830446046,527828,0,0,11,11,1073610752,1073610752
20,P,4k,20260919,560,6,measure,38,independent_random,16384,1048576,1346,9179208483343306309,1091647,0,0,11,11,1072594884,1072594884
20,P,4k,20260919,561,6,measure,39,chase_random_double,2097152,524288,149770,3679956763072835202,11795354,0,0,11,11,68719214592,68719214592
20,P,4k,20260919,562,6,measure,40,chase_random,16777216,262144,1808917,12286148540950195675,66357660,0,0,11,11,275020848097,275020848097
20,P,4k,20260919,563,6,measure,41,chase_random,32768,262144,1420,4551956197930203004,767820,0,0,11,11,536739840,536739840
20,P,4k,20260919,564,6,measure,42,independent_random,16777216,1048576,505706,9627932609767293629,13880753,0,0,11,11,1098951216528,1098951216528
20,P,4k,20260919,565,6,measure,43,independent_random,67108864,1048576,652778,13308057661414554291,18412082,0,0,11,11,4397973505138,4397973505138
20,P,4k,20260919,566,6,measure,44,chase_random_double,16777216,524288,733819,3607130831496085384,115287205,0,0,11,11,549806802399,549806802399
20,P,4k,20260919,567,6,measure,45,independent_random_bis,16777216,1048576,224206,12316739064353478806,16942262,0,0,11,11,1099849417894,1099849417894
20,P,4k,20260919,568,6,measure,46,independent_random,8388608,1048576,259281,2027117662430134409,15453071,0,0,11,11,549918378791,549918378791
20,P,4k,20260919,569,6,measure,47,chase_random,16384,262144,1886,13905428290856227126,1387487,0,0,11,11,268304384,268304384
20,P,4k,20260919,570,6,measure,48,independent_random_bis,65536,1048576,3159,15511086094287878667,1832494,0,0,11,11,4296719939,4296719939
20,P,4k,20260919,571,6,measure,49,chase_random_double,4194304,524288,212037,12837060807906219265,53933027,0,0,11,11,137438691328,137438691328
20,P,4k,20260919,572,6,measure,50,independent_random_bis,262144,1048576,14533,5338001917496606174,1708064,0,0,11,11,17186982870,17186982870
20,P,4k,20260919,573,6,measure,51,independent_random_bis,8388608,1048576,37432,967249373589956565,9540050,0,0,11,11,549846993603,549846993603
20,P,4k,20260919,574,6,measure,52,chase_random_double,134217728,524288,14311833,7125714645395812257,233491375,0,0,11,11,4390342911097,4390342911097
20,P,4k,20260919,575,6,measure,53,chase_sequential,2097152,262144,193916,16429240349152849273,1706975,0,0,11,11,34359607296,34359607296
20,P,4k,20260919,576,6,measure,54,chase_random_double,268435456,524288,32453202,1076311667226171351,264683808,0,0,11,11,8795634006405,8795634006405
20,P,4k,20260919,577,6,measure,55,chase_random_double,67108864,524288,5319046,11332044942350269357,208973801,0,0,11,11,2198527678939,2198527678939
20,P,4k,20260919,578,6,measure,56,independent_random_bis,1048576,1048576,85093,2098097440913432601,4000574,0,0,11,11,68721738726,68721738726
20,P,4k,20260919,579,6,measure,57,chase_sequential,524288,262144,6686,8930929612956069593,885614,0,0,11,11,8589803520,8589803520
20,P,4k,20260919,580,6,measure,58,chase_random_double,33554432,524288,376864,9129793975098225030,216069901,0,0,11,11,1099149438034,1099149438034
20,P,4k,20260919,581,6,measure,59,chase_sequential,67108864,262144,2387145,18221328778373340523,1906174,0,0,11,11,660135346176,660135346176
20,P,4k,20260919,582,6,measure,60,chase_random,4194304,262144,290327,14709298436691572497,39924974,0,0,11,11,68557973566,68557973566
20,P,4k,20260919,583,6,measure,61,chase_random_double,524288,524288,27067,17772691494714804573,6765631,0,0,11,11,17179607040,17179607040
20,P,4k,20260919,584,6,measure,62,independent_random,131072,1048576,14586,9913882105343209239,1432483,0,0,11,11,8587503465,8587503465
20,P,4k,20260919,585,6,measure,63,independent_random_bis,32768,1048576,603,18343482183718030305,1372901,0,0,11,11,2147058819,2147058819
20,P,4k,20260919,586,6,measure,64,chase_random,4096,262144,400,8722288344306199183,664521,0,0,11,11,66977792,66977792
20,P,4k,20260919,587,6,measure,65,chase_random,33554432,262144,69574,15106473155152803349,105132464,0,0,11,11,551133299140,551133299140
20,P,4k,20260919,588,6,measure,66,independent_random_bis,8192,1048576,291,7841285868634446488,2609363,0,0,11,11,536065039,536065039
20,P,4k,20260919,589,6,measure,67,chase_sequential,33554432,262144,613338,18310842850908756976,950067,0,0,11,11,195142483968,195142483968
20,P,4k,20260919,590,6,measure,68,independent_random_bis,16384,1048576,1265,5039449740880334629,1397992,0,0,11,11,1074213307,1074213307
20,P,4k,20260919,591,6,measure,69,chase_sequential,1048576,262144,106743,619849569612147051,807939,0,0,11,11,17179738112,17179738112
20,P,4k,20260919,592,6,measure,70,chase_random_double,16384,524288,461,15927762147087076212,1322260,0,0,11,11,536608768,536608768
20,P,4k,20260919,593,6,measure,71,chase_random,8192,262144,709,11204184318706659806,662899,0,0,11,11,134086656,134086656
20,P,4k,20260919,594,6,measure,72,chase_random_double,65536,524288,724,7234704026887733104,2224970,0,0,11,11,2147221504,2147221504
20,P,4k,20260919,595,6,measure,73,chase_random_double,8388608,524288,903516,13580319643925771202,127181493,0,0,11,11,274798862046,274798862046
20,P,4k,20260919,596,6,measure,74,independent_random_bis,4096,1048576,282,10613522711530175313,2373526,0,0,11,11,267927100,267927100
20,P,4k,20260919,597,6,measure,75,chase_sequential,8192,262144,792,4597064334468594593,749425,0,0,11,11,134086656,134086656
20,P,4k,20260919,598,6,measure,76,chase_sequential,8388608,262144,330268,2458755494981901661,928335,0,0,11,11,120937381888,120937381888
20,P,4k,20260919,599,6,measure,77,chase_random_double,8192,524288,176,15471361723770599975,1323080,0,0,11,11,268173312,268173312
20,P,4k,20260919,600,6,measure,78,independent_random,4194304,1048576,75468,2592661764005439269,7094973,0,0,11,11,274737741705,274737741705
20,P,4k,20260919,601,6,measure,79,independent_random_bis,524288,1048576,18799,7759461904411034710,1848266,0,0,11,11,34343885832,34343885832
20,P,4k,20260919,602,6,measure,80,chase_random_double,4096,524288,201,8333592696473243340,1361538,0,0,11,11,133955584,133955584
20,P,4k,20260919,603,6,measure,81,chase_random,268435456,262144,5864314,8137084819884352124,123768774,0,0,11,11,4394493919547,4394493919547
20,P,4k,20260919,604,6,measure,82,chase_random_double,32768,524288,3614,8455807902759889301,2710038,0,0,11,11,1073479680,1073479680
20,P,4k,20260919,605,6,measure,83,chase_sequential,32768,262144,3429,6379978360452286235,735976,0,0,11,11,536739840,536739840
20,P,4k,20260919,606,6,measure,84,independent_random,4096,1048576,135,3383197083189708755,1365618,0,0,11,11,267886438,267886438
20,P,4k,20260919,607,6,measure,85,page_fault_touch,16777216,4096,1629650,2261792895718631458,7894501,80056,4096,11,11,8192,8192
20,P,4k,20260919,608,6,measure,86,independent_random,268435456,1048576,27936261,9958577642712918444,26045036,0,0,11,11,17601374043799,17601374043799
20,P,4k,20260919,609,7,measure,0,independent_random,8388608,1048576,396270,14865793450908929044,17089414,0,0,11,11,549997428323,549997428323
20,P,4k,20260919,610,7,measure,1,independent_random_bis,262144,1048576,16966,3493629867887799835,2506915,0,0,11,11,17177773454,17177773454
20,P,4k,20260919,611,7,measure,2,chase_sequential,32768,262144,3498,12550520762145362433,734073,0,0,11,11,536739840,536739840
20,P,4k,20260919,612,7,measure,3,independent_random_bis,4096,1048576,134,9777867941540231447,1375126,0,0,11,11,268195964,268195964
20,P,4k,20260919,613,7,measure,4,chase_random,33554432,262144,2627282,16146551299358618658,108396374,0,0,11,11,549386630100,549386630100
20,P,4k,20260919,614,7,measure,5,chase_sequential,16777216,262144,427621,14826926008646633053,1855314,0,0,11,11,146457886720,146457886720
20,P,4k,20260919,615,7,measure,6,chase_random,1048576,262144,80441,15254526111271358485,7253638,0,0,11,11,17179738112,17179738112
20,P,4k,20260919,616,7,measure,7,chase_sequential,524288,262144,21670,14551044652076300558,718563,0,0,11,11,8589803520,8589803520
20,P,4k,20260919,617,7,measure,8,independent_random,32768,1048576,1593,17694325154875235305,1368216,0,0,11,11,2149002782,2149002782
20,P,4k,20260919,618,7,measure,9,independent_random,4096,1048576,428,12029525837277248147,1362904,0,0,11,11,267615435,267615435
20,P,4k,20260919,619,7,measure,10,chase_sequential,16384,262144,1408,5390564870872989406,662465,0,0,11,11,268304384,268304384
20,P,4k,20260919,620,7,measure,11,chase_random,262144,262144,20547,13378253924023519395,2050080,0,0,11,11,4294836224,4294836224
20,P,4k,20260919,621,7,measure,12,independent_random,8192,1048576,57,656125414039050705,1369523,0,0,11,11,536586364,536586364
20,P,4k,20260919,622,7,measure,13,chase_random,134217728,262144,2766581,5170804845436868450,113998648,0,0,11,11,2199591814023,2199591814023
20,P,4k,20260919,623,7,measure,14,independent_random_bis,33554432,1048576,3214796,5037254077779688122,25944309,0,0,11,11,2198860919336,2198860919336
20,P,4k,20260919,624,7,measure,15,chase_random_double,262144,524288,14718,8743536437640386990,5861849,0,0,11,11,8589672448,8589672448
20,P,4k,20260919,625,7,measure,16,chase_sequential,8192,262144,518,13707391772369112532,678266,0,0,11,11,134086656,134086656
20,P,4k,20260919,626,7,measure,17,independent_random_bis,65536,1048576,1222,56990724667007948,1423911,0,0,11,11,4291462112,4291462112
20,P,4k,20260919,627,7,measure,18,independent_random_bis,524288,1048576,25943,1331214597820204092,1674992,0,0,11,11,34341910980,34341910980
20,P,4k,20260919,628,7,measure,19,chase_sequential,134217728,262144,7415398,1252187060232359435,909060,0,0,11,11,1978261700608,1978261700608
20,P,4k,20260919,629,7,measure,20,independent_random,65536,1048576,3990,4716613151466546737,1418021,0,0,11,11,4292711846,4292711846
20,P,4k,20260919,630,7,measure,21,chase_random,4096,262144,251,5042700009812509453,663973,0,0,11,11,66977792,66977792
20,P,4k,20260919,631,7,measure,22,chase_sequential,4096,262144,27,17793418709648873840,660495,0,0,11,11,66977792,66977792
20,P,4k,20260919,632,7,measure,23,chase_random,65536,262144,6743,3589670949077924520,1084553,0,0,11,11,1073610752,1073610752
20,P,4k,20260919,633,7,measure,24,independent_random_bis,1048576,1048576,33957,10415024127624393139,1763764,0,0,11,11,68688649841,68688649841
20,P,4k,20260919,634,7,measure,25,independent_random,33554432,1048576,1648839,11457151012375894745,20124723,0,0,11,11,2199241736327,2199241736327
20,P,4k,20260919,635,7,measure,26,chase_random,67108864,262144,1094856,8283437816668009884,115217230,0,0,11,11,1099896032535,1099896032535
20,P,4k,20260919,636,7,measure,27,chase_random,2097152,262144,44241,1142532800165532488,17031118,0,0,11,11,34359607296,34359607296
20,P,4k,20260919,637,7,measure,28,chase_random_double,8192,524288,328,6199731056606678812,1821491,0,0,11,11,268173312,268173312
20,P,4k,20260919,638,7,measure,29,chase_random,4194304,262144,236844,10136265542632565175,42278486,0,0,11,11,68783212850,68783212850
20,P,4k,20260919,639,7,measure,30,chase_random_double,1048576,524288,114465,4518217700568230184,9400824,0,0,11,11,34359476224,34359476224
20,P,4k,20260919,640,7,measure,31,chase_random_double,131072,524288,14070,6140053454601445836,3532879,0,0,11,11,4294705152,4294705152
20,P,4k,20260919,641,7,measure,32,chase_sequential,1048576,262144,123514,10490153089933643211,810042,0,0,11,11,17179738112,17179738112
20,P,4k,20260919,642,7,measure,33,chase_random,16777216,262144,2082585,535823723997125136,95353342,0,0,11,11,274941791339,274941791339
20,P,4k,20260919,643,7,measure,34,chase_random_double,2097152,524288,9723,2110388578671659258,15707944,0,0,11,11,68719214592,68719214592
20,P,4k,20260919,644,7,measure,35,independent_random,1048576,1048576,36376,17081164534998734494,2129270,0,0,11,11,68716296181,68716296181
20,P,4k,20260919,645,7,measure,36,chase_random_double,16384,524288,1696,1391383789029426043,1586586,0,0,11,11,536608768,536608768
20,P,4k,20260919,646,7,measure,37,chase_sequential,33554432,262144,3603171,1455145400506287419,993465,0,0,11,11,978909265920,978909265920
20,P,4k,20260919,647,7,measure,38,independent_random_bis,268435456,1048576,25335078,1210355587821135891,27082654,0,0,11,11,17595718579530,17595718579530
20,P,4k,20260919,648,7,measure,39,chase_random,8388608,262144,353133,4906161443166135446,75273779,0,0,11,11,137295367362,137295367362
20,P,4k,20260919,649,7,measure,40,chase_random,32768,262144,2255,18383490160126444280,1619592,0,0,11,11,536739840,536739840
20,P,4k,20260919,650,7,measure,41,chase_random_double,33554432,524288,4092069,6750761178232375002,219015588,0,0,11,11,1100355636162,1100355636162
20,P,4k,20260919,651,7,measure,42,independent_random_bis,2097152,1048576,208090,10946542089408177363,6182350,0,0,11,11,137482621853,137482621853
20,P,4k,20260919,652,7,measure,43,chase_random_double,67108864,524288,5609041,8249952809479376701,234648340,0,0,11,11,2199524783417,2199524783417
20,P,4k,20260919,653,7,measure,44,independent_random_bis,8388608,1048576,941439,12149776415165599141,15812286,0,0,11,11,549512197923,549512197923
20,P,4k,20260919,654,7,measure,45,independent_random_bis,131072,1048576,8881,14059798939812087991,2444193,0,0,11,11,8594782342,8594782342
20,P,4k,20260919,655,7,measure,46,independent_random,67108864,1048576,3330505,478863119414936117,26818761,0,0,11,11,4394890168081,4394890168081
20,P,4k,20260919,656,7,measure,47,chase_sequential,67108864,262144,2867910,1836274701004969693,1716916,0,0,11,11,786165006336,786165006336
20,P,4k,20260919,657,7,measure,48,independent_random_bis,67108864,1048576,528448,10066809469389045344,25395523,0,0,11,11,4396381527224,4396381527224
20,P,4k,20260919,658,7,measure,49,independent_random,4194304,1048576,228017,3780310445929754973,10154822,0,0,11,11,274787525332,274787525332
20,P,4k,20260919,659,7,measure,50,chase_random_double,65536,524288,8162,5829531255408270945,2840190,0,0,11,11,2147221504,2147221504
20,P,4k,20260919,660,7,measure,51,chase_random_double,8388608,524288,469570,11587147535811991847,120566573,0,0,11,11,275025805052,275025805052
20,P,4k,20260919,661,7,measure,52,chase_random_double,524288,524288,27669,1130115130783972857,7161463,0,0,11,11,17179607040,17179607040
20,P,4k,20260919,662,7,measure,53,chase_sequential,2097152,262144,51701,15635739407726494136,1000451,0,0,11,11,34359607296,34359607296
20,P,4k,20260919,663,7,measure,54,chase_sequential,65536,262144,5817,16657577044740121852,668010,0,0,11,11,1073610752,1073610752
20,P,4k,20260919,664,7,measure,55,independent_random,16777216,1048576,815958,18394734731920012911,20575308,0,0,11,11,1099861088690,1099861088690
20,P,4k,20260919,665,7,measure,56,chase_random_double,32768,524288,58,14526647387670092871,2560018,0,0,11,11,1073479680,1073479680
20,P,4k,20260919,666,7,measure,57,independent_random,134217728,1048576,6387192,17005268030017449461,28469377,0,0,11,11,8795345109447,8795345109447
20,P,4k,20260919,667,7,measure,58,chase_random_double,134217728,524288,9429146,8894101922777207344,233690392,0,0,11,11,4397777030496,4397777030496
20,P,4k,20260919,668,7,measure,59,chase_random,524288,262144,21270,9498911523795100288,5800610,0,0,11,11,8589803520,8589803520
20,P,4k,20260919,669,7,measure,60,independent_random_bis,8192,1048576,150,10389836829621708772,1388154,0,0,11,11,536492582,536492582
20,P,4k,20260919,670,7,measure,61,chase_random,16384,262144,1002,14358761517897964440,675823,0,0,11,11,268304384,268304384
20,P,4k,20260919,671,7,measure,62,chase_random_double,268435456,524288,3191083,2364230616239766872,250431589,0,0,11,11,8790300112092,8790300112092
20,P,4k,20260919,672,7,measure,63,chase_random_double,16777216,524288,1495041,939436911303694022,180809980,0,0,11,11,549498675354,549498675354
20,P,4k,20260919,673,7,measure,64,independent_random_bis,4194304,1048576,506665,8294754757208190188,10786405,0,0,11,11,274565290750,274565290750
20,P,4k,20260919,674,7,measure,65,chase_random,131072,262144,16221,8770587438222071550,2490584,0,0,11,11,2147352576,2147352576
20,P,4k,20260919,675,7,measure,66,independent_random,131072,1048576,13807,11453432236955052010,1450276,0,0,11,11,8586408359,8586408359
20,P,4k,20260919,676,7,measure,67,independent_random,268435456,1048576,16309257,15895924296138973725,33026039,0,0,11,11,17584371612006,17584371612006
20,P,4k,20260919,677,7,measure,68,chase_sequential,8388608,262144,730792,1421835829109540967,1951083,0,0,11,11,225932345344,225932345344
20,P,4k,20260919,678,7,measure,69,chase_random,268435456,262144,4792362,13628347043269504061,122012900,0,0,11,11,4395885668706,4395885668706
20,P,4k,20260919,679,7,measure,70,chase_random,8192,262144,48,5772222568692142426,1775692,0,0,11,11,134086656,134086656
20,P,4k,20260919,680,7,measure,71,page_fault_touch,268435456,65536,27662452,4774490354767831487,117801783,2824563,65536,11,11,131072,131072
20,P,4k,20260919,681,7,measure,72,independent_random,16384,1048576,1025,10324325252339276629,1092088,0,0,11,11,1072648486,1072648486
20,P,4k,20260919,682,7,measure,73,chase_sequential,262144,262144,28402,8386086290343978462,577023,0,0,11,11,4294836224,4294836224
20,P,4k,20260919,683,7,measure,74,page_fault_touch,16777216,4096,1374042,5664526301192789525,6802848,147235,4096,11,11,8192,8192
20,P,4k,20260919,684,7,measure,75,chase_random_double,4194304,524288,414942,15762786657205281326,32601774,0,0,11,11,137438691328,137438691328
20,P,4k,20260919,685,7,measure,76,chase_random_double,4096,524288,86,2328839459316661924,1074477,0,0,11,11,133955584,133955584
20,P,4k,20260919,686,7,measure,77,independent_random_bis,32768,1048576,1649,12878405271367699161,1101917,0,0,11,11,2146084714,2146084714
20,P,4k,20260919,687,7,measure,78,independent_random,524288,1048576,43086,11780550224516799748,1376658,0,0,11,11,34361703495,34361703495
20,P,4k,20260919,688,7,measure,79,independent_random_bis,16384,1048576,1117,9685857281979070273,1090978,0,0,11,11,1072443416,1072443416
20,P,4k,20260919,689,7,measure,80,independent_random_bis,16777216,1048576,96965,16570272985678302353,12889712,0,0,11,11,1100059479799,1100059479799
20,P,4k,20260919,690,7,measure,81,chase_sequential,268435456,262144,23010416,8847520579696783009,943828,0,0,11,11,6066402099200,6066402099200
20,P,4k,20260919,691,7,measure,82,independent_random,262144,1048576,6422,14896019616524903562,1180596,0,0,11,11,17170334007,17170334007
20,P,4k,20260919,692,7,measure,83,chase_sequential,4194304,262144,161792,354961422537264072,926798,0,0,11,11,76772409344,76772409344
20,P,4k,20260919,693,7,measure,84,chase_sequential,131072,262144,13430,6446970955809889335,553958,0,0,11,11,2147352576,2147352576
20,P,4k,20260919,694,7,measure,85,independent_random,2097152,1048576,6238,8040964008044125606,2279246,0,0,11,11,137401600448,137401600448
20,P,4k,20260919,695,7,measure,86,independent_random_bis,134217728,1048576,11532885,8996514489705262243,16906572,0,0,11,11,8802700308571,8802700308571
20,P,4k,20260919,696,8,measure,0,independent_random_bis,131072,1048576,9705,12919387075942901883,1151883,0,0,11,11,8589061053,8589061053
20,P,4k,20260919,697,8,measure,1,chase_random_double,16777216,524288,1972004,5677269365450955054,73061191,0,0,11,11,549892959040,549892959040
20,P,4k,20260919,698,8,measure,2,chase_random_double,33554432,524288,2406059,4324178034011976974,190095427,0,0,11,11,1099591865904,1099591865904
20,P,4k,20260919,699,8,measure,3,page_fault_touch,16777216,4096,1398034,5065002154618740156,9082994,129383,4096,11,11,8192,8192
20,P,4k,20260919,700,8,measure,4,independent_random_bis,4194304,1048576,204620,8068227613949693943,6719405,0,0,11,11,275061620558,275061620558
20,P,4k,20260919,701,8,measure,5,independent_random,1048576,1048576,60898,10588371101380378489,2080572,0,0,11,11,68711611057,68711611057
20,P,4k,20260919,702,8,measure,6,chase_sequential,1048576,262144,41025,4108183869036864848,864247,0,0,11,11,17179738112,17179738112
20,P,4k,20260919,703,8,measure,7,chase_random,8192,262144,880,14793818039715353870,684881,0,0,11,11,134086656,134086656
20,P,4k,20260919,704,8,measure,8,independent_random_bis,134217728,1048576,13770807,10084561469018773588,23465659,0,0,11,11,8796521370499,8796521370499
20,P,4k,20260919,705,8,measure,9,independent_random_bis,67108864,1048576,5516301,12446254239202167714,25406172,0,0,11,11,4399762288249,4399762288249
20,P,4k,20260919,706,8,measure,10,chase_random,67108864,262144,5112842,7274375891852267906,109754587,0,0,11,11,1100239585244,1100239585244
20,P,4k,20260919,707,8,measure,11,independent_random_bis,1048576,1048576,114671,10714009457855842310,3126943,0,0,11,11,68670592426,68670592426
20,P,4k,20260919,708,8,measure,12,chase_sequential,262144,262144,28271,5355012765075071440,757825,0,0,11,11,4294836224,4294836224
20,P,4k,20260919,709,8,measure,13,chase_random_double,32768,524288,174,13351396417519009269,1347070,0,0,11,11,1073479680,1073479680
20,P,4k,20260919,710,8,measure,14,chase_random,33554432,262144,2099011,6148257101959226029,113025432,0,0,11,11,550219179698,550219179698
20,P,4k,20260919,711,8,measure,15,chase_sequential,268435456,262144,33118526,16071682114893062573,1848944,0,0,11,11,8716182487040,8716182487040
20,P,4k,20260919,712,8,measure,16,chase_sequential,8192,262144,664,113938784514879709,881507,0,0,11,11,134086656,134086656
20,P,4k,20260919,713,8,measure,17,chase_random,4096,262144,237,6003829140596997382,719015,0,0,11,11,66977792,66977792
20,P,4k,20260919,714,8,measure,18,chase_random_double,16384,524288,892,9707457593880977980,1330981,0,0,11,11,536608768,536608768
20,P,4k,20260919,715,8,measure,19,independent_random,32768,1048576,2381,15433080243672804737,1365320,0,0,11,11,2149405283,2149405283
20,P,4k,20260919,716,8,measure,20,independent_random,67108864,1048576,3049710,16649408099429030425,26779507,0,0,11,11,4395705795364,4395705795364
20,P,4k,20260919,717,8,measure,21,independent_random,16384,1048576,547,4711847925828768701,2688055,0,0,11,11,1074085426,1074085426
20,P,4k,20260919,718,8,measure,22,independent_random_bis,8192,1048576,936,15622530207536609828,1444154,0,0,11,11,536559132,536559132
20,P,4k,20260919,719,8,measure,23,independent_random,8388608,1048576,737483,7104698082083252502,16889597,0,0,11,11,550352870330,550352870330
20,P,4k,20260919,720,8,measure,24,independent_random_bis,8388608,1048576,926390,2360479339344507242,8252376,0,0,11,11,549740092155,549740092155
20,P,4k,20260919,721,8,measure,25,chase_random,131072,262144,9827,13576531264414446757,2149815,0,0,11,11,2147352576,2147352576
20,P,4k,20260919,722,8,measure,26,chase_random_double,8192,524288,182,5422400318868061724,1516982,0,0,11,11,268173312,268173312
20,P,4k,20260919,723,8,measure,27,chase_sequential,134217728,262144,9774255,3804610870666486129,985153,0,0,11,11,2596621910016,2596621910016
20,P,4k,20260919,724,8,measure,28,independent_random,524288,1048576,63353,1652054513403542483,1690865,0,0,11,11,34333574439,34333574439
20,P,4k,20260919,725,8,measure,29,chase_sequential,65536,262144,2994,2602566096171711462,684793,0,0,11,11,1073610752,1073610752
20,P,4k,20260919,726,8,measure,30,chase_random_double,262144,524288,18483,482127177188262440,4410577,0,0,11,11,8589672448,8589672448
20,P,4k,20260919,727,8,measure,31,independent_random_bis,32768,1048576,3486,8403916145268640235,1373426,0,0,11,11,2147817728,2147817728
20,P,4k,20260919,728,8,measure,32,chase_random,134217728,262144,15619426,16562080600272525304,107638166,0,0,11,11,2197668292225,2197668292225
20,P,4k,20260919,729,8,measure,33,chase_random,16384,262144,1578,7124329275439274653,1934574,0,0,11,11,268304384,268304384
20,P,4k,20260919,730,8,measure,34,chase_random_double,1048576,524288,112365,1965668391248731342,10261528,0,0,11,11,34359476224,34359476224
20,P,4k,20260919,731,8,measure,35,chase_random,16777216,262144,1095851,5605293157459983043,90302470,0,0,11,11,274912993082,274912993082
20,P,4k,20260919,732,8,measure,36,independent_random,8192,1048576,500,16343376354397166424,2287813,0,0,11,11,536406396,536406396
20,P,4k,20260919,733,8,measure,37,chase_sequential,33554432,262144,2856826,12425738629289226464,1062655,0,0,11,11,783259402240,783259402240
20,P,4k,20260919,734,8,measure,38,chase_random_double,4096,524288,12,5493567093146901648,1468130,0,0,11,11,133955584,133955584
20,P,4k,20260919,735,8,measure,39,chase_random,8388608,262144,39874,9100597519572607229,66040298,0,0,11,11,137580060464,137580060464
20,P,4k,20260919,736,8,measure,40,page_fault_touch,268435456,65536,30913320,15051594768088077798,118996146,2812422,65536,11,11,131072,131072
20,P,4k,20260919,737,8,measure,41,chase_random_double,4194304,524288,368435,9309845959904168019,32370339,0,0,11,11,137438691328,137438691328
20,P,4k,20260919,738,8,measure,42,independent_random_bis,268435456,1048576,19025014,13115849488522941644,17569990,0,0,11,11,17585576553727,17585576553727
20,P,4k,20260919,739,8,measure,43,chase_sequential,131072,262144,15411,5972906493367976006,556248,0,0,11,11,2147352576,2147352576
20,P,4k,20260919,740,8,measure,44,independent_random,268435456,1048576,15996218,17133910841172177050,17284457,0,0,11,11,17600273721555,17600273721555
20,P,4k,20260919,741,8,measure,45,chase_sequential,32768,262144,2527,15080237802949693698,579111,0,0,11,11,536739840,536739840
20,P,4k,20260919,742,8,measure,46,chase_random,1048576,262144,20002,13679213064670908021,4497793,0,0,11,11,17179738112,17179738112
20,P,4k,20260919,743,8,measure,47,chase_random_double,134217728,524288,12696259,67817708251372652,205183633,0,0,11,11,4397753264414,4397753264414
20,P,4k,20260919,744,8,measure,48,chase_sequential,524288,262144,22126,8215256033762862213,1871852,0,0,11,11,8589803520,8589803520
20,P,4k,20260919,745,8,measure,49,chase_sequential,16384,262144,451,7798581237412018306,872693,0,0,11,11,268304384,268304384
20,P,4k,20260919,746,8,measure,50,independent_random,65536,1048576,1269,2883065051700859840,1456578,0,0,11,11,4297270787,4297270787
20,P,4k,20260919,747,8,measure,51,independent_random_bis,2097152,1048576,219121,3683676376433681267,3711232,0,0,11,11,137380608785,137380608785
20,P,4k,20260919,748,8,measure,52,independent_random,33554432,1048576,2244278,8500459430283485190,24708536,0,0,11,11,2198603328637,2198603328637
20,P,4k,20260919,749,8,measure,53,independent_random,16777216,1048576,1658478,3991283532442203514,23464405,0,0,11,11,1099466344242,1099466344242
20,P,4k,20260919,750,8,measure,54,independent_random_bis,16777216,1048576,356963,3327185253755142897,18355321,0,0,11,11,1099508735955,1099508735955
20,P,4k,20260919,751,8,measure,55,independent_random_bis,262144,1048576,24123,2039505460441513063,2666863,0,0,11,11,17189022004,17189022004
20,P,4k,20260919,752,8,measure,56,chase_random,65536,262144,4935,8897313010402347223,1225630,0,0,11,11,1073610752,1073610752
20,P,4k,20260919,753,8,measure,57,chase_random_double,524288,524288,50970,5461479391347586443,6101364,0,0,11,11,17179607040,17179607040
20,P,4k,20260919,754,8,measure,58,independent_random_bis,65536,1048576,2354,3495557362144452110,1406664,0,0,11,11,4296038881,4296038881
20,P,4k,20260919,755,8,measure,59,independent_random_bis,4096,1048576,88,5017919662907042479,1364281,0,0,11,11,267854198,267854198
20,P,4k,20260919,756,8,measure,60,independent_random,134217728,1048576,10139271,5443245994827748375,23647041,0,0,11,11,8796884642561,8796884642561
20,P,4k,20260919,757,8,measure,61,chase_sequential,67108864,262144,6026037,10656452302028082813,1622503,0,0,11,11,1614049050624,1614049050624
20,P,4k,20260919,758,8,measure,62,chase_sequential,8388608,262144,963029,6772172368274040164,1077931,0,0,11,11,101636505600,101636505600
20,P,4k,20260919,759,8,measure,63,chase_random_double,67108864,524288,1448942,10879248177881190381,229377108,0,0,11,11,2199790421455,2199790421455
20,P,4k,20260919,760,8,measure,64,independent_random,2097152,1048576,69708,14107317269494462063,7276299,0,0,11,11,137469919708,137469919708
20,P,4k,20260919,761,8,measure,65,independent_random_bis,33554432,1048576,240078,3298009994770244692,24744556,0,0,11,11,2201294591202,2201294591202
20,P,4k,20260919,762,8,measure,66,chase_random,32768,262144,2555,3451675676311393099,1639105,0,0,11,11,536739840,536739840
20,P,4k,20260919,763,8,measure,67,chase_random_double,131072,524288,12760,16407952997170127046,3900528,0,0,11,11,4294705152,4294705152
20,P,4k,20260919,764,8,measure,68,chase_random_double,268435456,524288,13404457,15016204785448498010,210560481,0,0,11,11,8789162401784,8789162401784
20,P,4k,20260919,765,8,measure,69,chase_random,268435456,262144,10766627,10009259660182770218,122442336,0,0,11,11,4389635526875,4389635526875
20,P,4k,20260919,766,8,measure,70,independent_random,131072,1048576,2885,15117830397843489477,2771338,0,0,11,11,8590560614,8590560614
20,P,4k,20260919,767,8,measure,71,chase_sequential,4096,262144,500,8399242990600033853,728175,0,0,11,11,66977792,66977792
20,P,4k,20260919,768,8,measure,72,chase_random,4194304,262144,360328,18263820875592186848,41061092,0,0,11,11,68622002798,68622002798
20,P,4k,20260919,769,8,measure,73,independent_random,4194304,1048576,454432,10954659805761244266,6491978,0,0,11,11,274872265163,274872265163
20,P,4k,20260919,770,8,measure,74,independent_random,262144,1048576,29387,5248628425700148729,1759091,0,0,11,11,17184127508,17184127508
20,P,4k,20260919,771,8,measure,75,chase_random,2097152,262144,256454,15016313907154066228,15613964,0,0,11,11,34359607296,34359607296
20,P,4k,20260919,772,8,measure,76,chase_sequential,16777216,262144,1079237,3847881504991603200,1090671,0,0,11,11,317275111424,317275111424
20,P,4k,20260919,773,8,measure,77,chase_random_double,8388608,524288,415495,3516465020788457071,120082568,0,0,11,11,274859701832,274859701832
20,P,4k,20260919,774,8,measure,78,chase_random_double,2097152,524288,84069,1121591348611143097,17859192,0,0,11,11,68719214592,68719214592
20,P,4k,20260919,775,8,measure,79,chase_sequential,2097152,262144,146098,1473767780479676807,1032525,0,0,11,11,34359607296,34359607296
20,P,4k,20260919,776,8,measure,80,chase_sequential,4194304,262144,321665,18050442251435185864,989151,0,0,11,11,87476011008,87476011008
20,P,4k,20260919,777,8,measure,81,chase_random_double,65536,524288,3334,2344009187344087981,2205119,0,0,11,11,2147221504,2147221504
20,P,4k,20260919,778,8,measure,82,chase_random,262144,262144,14472,651035166332548690,2232860,0,0,11,11,4294836224,4294836224
20,P,4k,20260919,779,8,measure,83,independent_random,4096,1048576,56,10520399402714890696,1395105,0,0,11,11,267891936,267891936
20,P,4k,20260919,780,8,measure,84,independent_random_bis,16384,1048576,1678,16860279146100151763,1367328,0,0,11,11,1073455080,1073455080
20,P,4k,20260919,781,8,measure,85,chase_random,524288,262144,46300,15849918749337126148,4338993,0,0,11,11,8589803520,8589803520
20,P,4k,20260919,782,8,measure,86,independent_random_bis,524288,1048576,39969,11143788407585580221,1465930,0,0,11,11,34341500020,34341500020
20,P,4k,20260919,783,9,measure,0,chase_sequential,131072,262144,12907,4876422503545874113,659142,0,0,11,11,2147352576,2147352576
20,P,4k,20260919,784,9,measure,1,independent_random,268435456,1048576,26722116,12416977587795601235,21095616,0,0,11,11,17595559567754,17595559567754
20,P,4k,20260919,785,9,measure,2,independent_random,8192,1048576,609,15056156834506209783,2314960,0,0,11,11,536267026,536267026
20,P,4k,20260919,786,9,measure,3,independent_random_bis,4194304,1048576,276521,10601095920690273908,8401265,0,0,11,11,274601055824,274601055824
20,P,4k,20260919,787,9,measure,4,independent_random,67108864,1048576,4487196,11762693890798212884,20007854,0,0,11,11,4396498930226,4396498930226
20,P,4k,20260919,788,9,measure,5,independent_random,65536,1048576,7745,3367928527029087908,2609802,0,0,11,11,4290220258,4290220258
20,P,4k,20260919,789,9,measure,6,independent_random_bis,262144,1048576,24929,14477981577870542052,1568062,0,0,11,11,17167175260,17167175260
20,P,4k,20260919,790,9,measure,7,independent_random,524288,1048576,19268,12420336252011274040,1979493,0,0,11,11,34379791845,34379791845
20,P,4k,20260919,791,9,measure,8,chase_random_double,1048576,524288,71423,17693190916003800099,10285629,0,0,11,11,34359476224,34359476224
20,P,4k,20260919,792,9,measure,9,independent_random_bis,4096,1048576,64,11120676864351867578,1365484,0,0,11,11,267933412,267933412
20,P,4k,20260919,793,9,measure,10,chase_random_double,65536,524288,4226,7986759800681425892,2187534,0,0,11,11,2147221504,2147221504
20,P,4k,20260919,794,9,measure,11,chase_random,33554432,262144,1126479,2318026836083414704,95114737,0,0,11,11,549998323096,549998323096
20,P,4k,20260919,795,9,measure,12,independent_random,16777216,1048576,107519,6232986527218563554,22970773,0,0,11,11,1098853423864,1098853423864
20,P,4k,20260919,796,9,measure,13,chase_sequential,4096,262144,359,6542592250580321885,1747747,0,0,11,11,66977792,66977792
20,P,4k,20260919,797,9,measure,14,chase_sequential,33554432,262144,4080955,2626241371338935447,1040943,0,0,11,11,480066011136,480066011136
20,P,4k,20260919,798,9,measure,15,independent_random_bis,134217728,1048576,3305642,13362889747036922389,29488867,0,0,11,11,8793715211177,8793715211177
20,P,4k,20260919,799,9,measure,16,chase_random_double,16384,524288,1213,16237259491368013977,2629113,0,0,11,11,536608768,536608768
20,P,4k,20260919,800,9,measure,17,chase_random,1048576,262144,107448,17057889361595478664,6470891,0,0,11,11,17179738112,17179738112
20,P,4k,20260919,801,9,measure,18,chase_random_double,2097152,524288,25373,6854829357514116550,20874536,0,0,11,11,68719214592,68719214592
20,P,4k,20260919,802,9,measure,19,chase_random_double,4194304,524288,421099,12398621962304475760,50352167,0,0,11,11,137438691328,137438691328
20,P,4k,20260919,803,9,measure,20,independent_random_bis,65536,1048576,2467,13733959422312255696,1603063,0,0,11,11,4294723156,4294723156
20,P,4k,20260919,804,9,measure,21,chase_sequential,67108864,262144,6252254,6700567410959342408,973172,0,0,11,11,1673350479872,1673350479872
20,P,4k,20260919,805,9,measure,22,chase_random,131072,262144,13604,12024163773892444441,1856899,0,0,11,11,2147352576,2147352576
20,P,4k,20260919,806,9,measure,23,independent_random_bis,268435456,1048576,1768264,17859608186538960645,23480223,0,0,11,11,17577308878428,17577308878428
20,P,4k,20260919,807,9,measure,24,independent_random,8388608,1048576,842149,4798293380259832732,14725083,0,0,11,11,549709142478,549709142478
20,P,4k,20260919,808,9,measure,25,chase_random,8192,262144,742,8907254234865915909,1432780,0,0,11,11,134086656,134086656
20,P,4k,20260919,809,9,measure,26,chase_random,32768,262144,1549,17508996160641031567,1007235,0,0,11,11,536739840,536739840
20,P,4k,20260919,810,9,measure,27,chase_sequential,65536,262144,3310,10789104110968807880,780821,0,0,11,11,1073610752,1073610752
20,P,4k,20260919,811,9,measure,28,chase_sequential,16384,262144,1147,10208872249267193862,658348,0,0,11,11,268304384,268304384
20,P,4k,20260919,812,9,measure,29,chase_random_double,4096,524288,46,16371910681142820707,1324818,0,0,11,11,133955584,133955584
20,P,4k,20260919,813,9,measure,30,independent_random,16384,1048576,55,5050171424909896533,1362870,0,0,11,11,1072703262,1072703262
20,P,4k,20260919,814,9,measure,31,independent_random_bis,8388608,1048576,188553,16606564032250399855,8846722,0,0,11,11,549756709461,549756709461
20,P,4k,20260919,815,9,measure,32,chase_random,8388608,262144,368411,17266542154828355316,9495486,0,0,11,11,137385547599,137385547599
20,P,4k,20260919,816,9,measure,33,independent_random_bis,8192,1048576,770,5462254159033973548,1440927,0,0,11,11,536551324,536551324
20,P,4k,20260919,817,9,measure,34,independent_random_bis,2097152,1048576,89533,15086058703985379436,3649132,0,0,11,11,137564620567,137564620567
20,P,4k,20260919,818,9,measure,35,independent_random_bis,67108864,1048576,6924817,17289301889550444294,18742800,0,0,11,11,4403525112067,4403525112067
20,P,4k,20260919,819,9,measure,36,page_fault_touch,268435456,65536,10271914,18163581805000154893,115873639,2282171,65536,11,11,131072,131072
20,P,4k,20260919,820,9,measure,37,chase_random,134217728,262144,11727874,8451092437532152042,78369396,0,0,11,11,2197088875786,2197088875786
20,P,4k,20260919,821,9,measure,38,chase_sequential,524288,262144,60421,5868492744120136372,849748,0,0,11,11,8589803520,8589803520
20,P,4k,20260919,822,9,measure,39,chase_sequential,1048576,262144,34750,12164819344286614565,912635,0,0,11,11,17179738112,17179738112
20,P,4k,20260919,823,9,measure,40,independent_random,134217728,1048576,12953678,18401101914177172198,19024787,0,0,11,11,8797870437721,8797870437721
20,P,4k,20260919,824,9,measure,41,chase_random_double,524288,524288,65308,1264041254468605955,7718014,0,0,11,11,17179607040,17179607040
20,P,4k,20260919,825,9,measure,42,chase_sequential,4194304,262144,283619,8860186809639762162,987623,0,0,11,11,97449541632,97449541632
20,P,4k,20260919,826,9,measure,43,independent_random_bis,1048576,1048576,61641,9848765728880422075,2140616,0,0,11,11,68756064449,68756064449
20,P,4k,20260919,827,9,measure,44,independent_random_bis,16777216,1048576,522593,10123558227424328932,15110539,0,0,11,11,1099260976297,1099260976297
20,P,4k,20260919,828,9,measure,45,independent_random_bis,33554432,1048576,946423,10242316708730586951,17918756,0,0,11,11,2199550134416,2199550134416
20,P,4k,20260919,829,9,measure,46,chase_random,65536,262144,2843,10817773898540526569,1986013,0,0,11,11,1073610752,1073610752
20,P,4k,20260919,830,9,measure,47,independent_random,4194304,1048576,285629,16159528482312854996,8501064,0,0,11,11,274958759779,274958759779
20,P,4k,20260919,831,9,measure,48,chase_random_double,131072,524288,9795,17791451923106497546,4069810,0,0,11,11,4294705152,4294705152
20,P,4k,20260919,832,9,measure,49,independent_random,33554432,1048576,1980185,10617623134214217147,15995039,0,0,11,11,2200567908671,2200567908671
20,P,4k,20260919,833,9,measure,50,independent_random,1048576,1048576,73379,16420553758765440313,2743350,0,0,11,11,68737003491,68737003491
20,P,4k,20260919,834,9,measure,51,chase_sequential,32768,262144,2747,4095532842573542531,821833,0,0,11,11,536739840,536739840
20,P,4k,20260919,835,9,measure,52,chase_random_double,8192,524288,519,18306237547434898330,1384356,0,0,11,11,268173312,268173312
20,P,4k,20260919,836,9,measure,53,independent_random,2097152,1048576,95020,11578660095536800997,3048327,0,0,11,11,137391919571,137391919571
20,P,4k,20260919,837,9,measure,54,chase_random_double,16777216,524288,2021442,5795205507650468799,170586706,0,0,11,11,550094820181,550094820181
20,P,4k,20260919,838,9,measure,55,independent_random_bis,16384,1048576,661,13251552734981299339,2939700,0,0,11,11,1073851239,1073851239
20,P,4k,20260919,839,9,measure,56,chase_random,262144,262144,31418,17969566542557966961,2635602,0,0,11,11,4294836224,4294836224
20,P,4k,20260919,840,9,measure,57,independent_random_bis,131072,1048576,7543,5314996253459191592,1467939,0,0,11,11,8589907529,8589907529
20,P,4k,20260919,841,9,measure,58,chase_sequential,8388608,262144,37228,3156330806858294007,971630,0,0,11,11,44118704128,44118704128
20,P,4k,20260919,842,9,measure,59,independent_random,4096,1048576,338,2810395460800824181,1360957,0,0,11,11,268203511,268203511
20,P,4k,20260919,843,9,measure,60,chase_random,524288,262144,32201,692769371059634133,4112006,0,0,11,11,8589803520,8589803520
20,P,4k,20260919,844,9,measure,61,chase_sequential,8192,262144,145,1639931921375064877,803369,0,0,11,11,134086656,134086656
20,P,4k,20260919,845,9,measure,62,chase_random,4194304,262144,151374,2656447016187770036,39024857,0,0,11,11,68729763214,68729763214
20,P,4k,20260919,846,9,measure,63,chase_sequential,16777216,262144,1303225,16608626783529973000,1315325,0,0,11,11,375992221696,375992221696
20,P,4k,20260919,847,9,measure,64,chase_random,4096,262144,484,5263944721495125391,834151,0,0,11,11,66977792,66977792
20,P,4k,20260919,848,9,measure,65,chase_sequential,268435456,262144,148441,5388272583904194959,1000474,0,0,11,11,73272524800,73272524800
20,P,4k,20260919,849,9,measure,66,chase_random,268435456,262144,9353741,8909445503021751209,114275604,0,0,11,11,4394429892802,4394429892802
20,P,4k,20260919,850,9,measure,67,chase_random_double,32768,524288,488,16806894799074464876,2741071,0,0,11,11,1073479680,1073479680
20,P,4k,20260919,851,9,measure,68,chase_random_double,33554432,524288,3755462,11388745314508118715,220794102,0,0,11,11,1098685913868,1098685913868
20,P,4k,20260919,852,9,measure,69,chase_random,67108864,262144,6386468,17120336161789723758,119432523,0,0,11,11,1099617063725,1099617063725
20,P,4k,20260919,853,9,measure,70,chase_random_double,268435456,524288,10722275,12301268311964529904,241203250,0,0,11,11,8776795170136,8776795170136
20,P,4k,20260919,854,9,measure,71,independent_random,131072,1048576,11897,4789440587638199884,2833405,0,0,11,11,8589318309,8589318309
20,P,4k,20260919,855,9,measure,72,chase_random_double,67108864,524288,4752739,4203084715729759302,234677173,0,0,11,11,2199528643265,2199528643265
20,P,4k,20260919,856,9,measure,73,chase_sequential,262144,262144,10074,13695041469985999820,1810087,0,0,11,11,4294836224,4294836224
20,P,4k,20260919,857,9,measure,74,chase_random_double,8388608,524288,481188,9959502229265825373,124327106,0,0,11,11,274956615036,274956615036
20,P,4k,20260919,858,9,measure,75,page_fault_touch,16777216,4096,239563,13547492778203276674,8804488,74956,4096,11,11,8192,8192
20,P,4k,20260919,859,9,measure,76,chase_random_double,262144,524288,2672,6674105182158809958,4764367,0,0,11,11,8589672448,8589672448
20,P,4k,20260919,860,9,measure,77,independent_random_bis,32768,1048576,343,18266131596513923890,1367870,0,0,11,11,2148480105,2148480105
20,P,4k,20260919,861,9,measure,78,independent_random_bis,524288,1048576,60423,12157348415580222377,1663069,0,0,11,11,34388204666,34388204666
20,P,4k,20260919,862,9,measure,79,chase_sequential,2097152,262144,45743,11389114258659026772,957537,0,0,11,11,34359607296,34359607296
20,P,4k,20260919,863,9,measure,80,chase_random,16777216,262144,673664,2650424094916796993,90596785,0,0,11,11,274661972657,274661972657
20,P,4k,20260919,864,9,measure,81,chase_random_double,134217728,524288,115992,2753613206909352542,247274171,0,0,11,11,4400596766399,4400596766399
20,P,4k,20260919,865,9,measure,82,chase_random,16384,262144,927,5699650231081837523,1860908,0,0,11,11,268304384,268304384
20,P,4k,20260919,866,9,measure,83,independent_random,32768,1048576,2331,776841584179385456,1653591,0,0,11,11,2148366062,2148366062
20,P,4k,20260919,867,9,measure,84,chase_random,2097152,262144,136216,14868197134514944505,16129555,0,0,11,11,34359607296,34359607296
20,P,4k,20260919,868,9,measure,85,independent_random,262144,1048576,6602,11091465192940787787,2120198,0,0,11,11,17172017475,17172017475
20,P,4k,20260919,869,9,measure,86,chase_sequential,134217728,262144,4487641,10747932065748934407,1035214,0,0,11,11,1210767769600,1210767769600
20,P,4k,20260919,870,10,measure,0,independent_random,8192,1048576,524,14580321239847888729,1375346,0,0,11,11,536234491,536234491
20,P,4k,20260919,871,10,measure,1,chase_sequential,134217728,262144,14364732,3878417840839529919,930352,0,0,11,11,3799987912704,3799987912704
20,P,4k,20260919,872,10,measure,2,chase_sequential,262144,262144,28516,3590848743641985574,672110,0,0,11,11,4294836224,4294836224
20,P,4k,20260919,873,10,measure,3,chase_random,131072,262144,1024,5822161952143711891,1815090,0,0,11,11,2147352576,2147352576
20,P,4k,20260919,874,10,measure,4,chase_random,1048576,262144,15801,547116067235438174,6753388,0,0,11,11,17179738112,17179738112
20,P,4k,20260919,875,10,measure,5,chase_random,32768,262144,2574,3096315386417674131,685527,0,0,11,11,536739840,536739840
20,P,4k,20260919,876,10,measure,6,chase_random,67108864,262144,1284327,16752831102623611340,112127380,0,0,11,11,1100124776660,1100124776660
20,P,4k,20260919,877,10,measure,7,independent_random_bis,131072,1048576,3437,14676944627340898570,3029037,0,0,11,11,8586241908,8586241908
20,P,4k,20260919,878,10,measure,8,independent_random,4194304,1048576,494404,1090061641293687899,7888034,0,0,11,11,274880787197,274880787197
20,P,4k,20260919,879,10,measure,9,independent_random_bis,32768,1048576,1257,5025785316817451421,1755183,0,0,11,11,2148115941,2148115941
20,P,4k,20260919,880,10,measure,10,independent_random_bis,4096,1048576,79,2621626450997436451,1500579,0,0,11,11,267962168,267962168
20,P,4k,20260919,881,10,measure,11,chase_random_double,524288,524288,35930,2195795012157831309,6756467,0,0,11,11,17179607040,17179607040
20,P,4k,20260919,882,10,measure,12,chase_sequential,524288,262144,47379,3681831931769982919,713949,0,0,11,11,8589803520,8589803520
20,P,4k,20260919,883,10,measure,13,chase_random_double,8192,524288,414,9177402314768115757,1325940,0,0,11,11,268173312,268173312
20,P,4k,20260919,884,10,measure,14,chase_sequential,67108864,262144,7029052,6795389731051359517,887514,0,0,11,11,1876983414784,1876983414784
20,P,4k,20260919,885,10,measure,15,independent_random_bis,8388608,1048576,252524,6468384739330478276,12197707,0,0,11,11,549850187257,549850187257
20,P,4k,20260919,886,10,measure,16,independent_random,134217728,1048576,8261144,10086510988369571906,25282187,0,0,11,11,8791831300994,8791831300994
20,P,4k,20260919,887,10,measure,17,independent_random,65536,1048576,6201,9856590010060667601,2657388,0,0,11,11,4288584330,4288584330
20,P,4k,20260919,888,10,measure,18,chase_sequential,16777216,262144,903589,15308357769120211748,1005626,0,0,11,11,271230042112,271230042112
20,P,4k,20260919,889,10,measure,19,independent_random_bis,67108864,1048576,794558,9164537247529777592,22847392,0,0,11,11,4396631573046,4396631573046
20,P,4k,20260919,890,10,measure,20,chase_random,65536,262144,3989,3437101345601655338,2406744,0,0,11,11,1073610752,1073610752
20,P,4k,20260919,891,10,measure,21,independent_random,16384,1048576,946,8565063088015985896,1524721,0,0,11,11,1073574115,1073574115
20,P,4k,20260919,892,10,measure,22,independent_random_bis,33554432,1048576,4111451,5211951718929199451,21692488,0,0,11,11,2197721469583,2197721469583
20,P,4k,20260919,893,10,measure,23,chase_random,4194304,262144,139734,17660316207458607983,43413890,0,0,11,11,68738399615,68738399615
20,P,4k,20260919,894,10,measure,24,chase_random_double,4194304,524288,493163,14306978044399290743,20802705,0,0,11,11,137438691328,137438691328
20,P,4k,20260919,895,10,measure,25,page_fault_touch,16777216,4096,807353,2087888657911630732,8118031,93934,4096,11,11,8192,8192
20,P,4k,20260919,896,10,measure,26,chase_random_double,1048576,524288,115972,8232008234937353333,9994603,0,0,11,11,34359476224,34359476224
20,P,4k,20260919,897,10,measure,27,independent_random,32768,1048576,2985,527920736981288568,1377167,0,0,11,11,2146876069,2146876069
20,P,4k,20260919,898,10,measure,28,chase_random_double,2097152,524288,49943,7113151880475664862,16637863,0,0,11,11,68719214592,68719214592
20,P,4k,20260919,899,10,measure,29,chase_random,4096,262144,247,16370557958370091662,738389,0,0,11,11,66977792,66977792
20,P,4k,20260919,900,10,measure,30,chase_sequential,131072,262144,4143,3334599037933917501,753595,0,0,11,11,2147352576,2147352576
20,P,4k,20260919,901,10,measure,31,chase_sequential,1048576,262144,42561,5406147297745131008,873894,0,0,11,11,17179738112,17179738112
20,P,4k,20260919,902,10,measure,32,independent_random,1048576,1048576,16599,6987768255453653534,1851756,0,0,11,11,68783911740,68783911740
20,P,4k,20260919,903,10,measure,33,chase_random_double,131072,524288,14520,7356618156012239958,3571980,0,0,11,11,4294705152,4294705152
20,P,4k,20260919,904,10,measure,34,chase_sequential,268435456,262144,7141533,18095733926401367568,980235,0,0,11,11,1906469634048,1906469634048
20,P,4k,20260919,905,10,measure,35,independent_random,524288,1048576,36415,16537255448433977777,1477836,0,0,11,11,34342929219,34342929219
20,P,4k,20260919,906,10,measure,36,independent_random,268435456,1048576,3530348,3271989310646687347,18910749,0,0,11,11,17600423484203,17600423484203
20,P,4k,20260919,907,10,measure,37,independent_random_bis,16777216,1048576,1349059,15428538361114557877,13786371,0,0,11,11,1100381295907,1100381295907
20,P,4k,20260919,908,10,measure,38,independent_random_bis,268435456,1048576,29904323,5126289163512763257,22431136,0,0,11,11,17598598401787,17598598401787
20,P,4k,20260919,909,10,measure,39,chase_random_double,134217728,524288,368311,2541910612916167612,231786779,0,0,11,11,4400003280181,4400003280181
20,P,4k,20260919,910,10,measure,40,chase_sequential,32768,262144,3193,6715906699205387755,1731135,0,0,11,11,536739840,536739840
20,P,4k,20260919,911,10,measure,41,chase_sequential,33554432,262144,2607820,3134570598544999115,1119951,0,0,11,11,717983973376,717983973376
20,P,4k,20260919,912,10,measure,42,chase_random,16777216,262144,1513949,1467359495257612767,84020836,0,0,11,11,274811178497,274811178497
20,P,4k,20260919,913,10,measure,43,chase_random,16384,262144,1745,15754433619163659626,1759323,0,0,11,11,268304384,268304384
20,P,4k,20260919,914,10,measure,44,chase_random_double,65536,524288,4346,2286042295701770867,2604275,0,0,11,11,2147221504,2147221504
20,P,4k,20260919,915,10,measure,45,chase_random,2097152,262144,30895,1463489957753967114,14556505,0,0,11,11,34359607296,34359607296
20,P,4k,20260919,916,10,measure,46,chase_sequential,16384,262144,334,17061298083056332822,883927,0,0,11,11,268304384,268304384
20,P,4k,20260919,917,10,measure,47,chase_random_double,268435456,524288,1212174,1170614564234204468,249573260,0,0,11,11,8800617975564,8800617975564
20,P,4k,20260919,918,10,measure,48,chase_random,33554432,262144,215866,6233966735415936191,110207680,0,0,11,11,550534902721,550534902721
20,P,4k,20260919,919,10,measure,49,independent_random,8388608,1048576,274457,5607350960255014177,17625152,0,0,11,11,549685293264,549685293264
20,P,4k,20260919,920,10,measure,50,independent_random_bis,2097152,1048576,261521,3973026115269005876,5716507,0,0,11,11,137413670816,137413670816
20,P,4k,20260919,921,10,measure,51,independent_random,131072,1048576,7148,15481443754826879355,1888952,0,0,11,11,8590179216,8590179216
20,P,4k,20260919,922,10,measure,52,chase_random,524288,262144,26913,4011238371503043891,3847093,0,0,11,11,8589803520,8589803520
20,P,4k,20260919,923,10,measure,53,independent_random_bis,8192,1048576,168,17501758474975353166,1419857,0,0,11,11,536571227,536571227
20,P,4k,20260919,924,10,measure,54,chase_random_double,8388608,524288,141068,7308816959361675699,28891774,0,0,11,11,274850367169,274850367169
20,P,4k,20260919,925,10,measure,55,independent_random_bis,65536,1048576,7596,4564763270153365292,1746960,0,0,11,11,4295387446,4295387446
20,P,4k,20260919,926,10,measure,56,chase_random,8388608,262144,735586,11691193833730703532,11822175,0,0,11,11,137502843206,137502843206
20,P,4k,20260919,927,10,measure,57,chase_random,134217728,262144,977429,7073364305997615366,100340675,0,0,11,11,2200272134189,2200272134189
20,P,4k,20260919,928,10,measure,58,chase_random_double,262144,524288,26824,5696978108906729532,5653747,0,0,11,11,8589672448,8589672448
20,P,4k,20260919,929,10,measure,59,chase_random_double,67108864,524288,3606536,6061877414264184596,224550049,0,0,11,11,2197372183524,2197372183524
20,P,4k,20260919,930,10,measure,60,independent_random,2097152,1048576,181000,17872375022724951281,5594863,0,0,11,11,137394938962,137394938962
20,P,4k,20260919,931,10,measure,61,chase_sequential,8388608,262144,865132,18151475906727391652,1111103,0,0,11,11,178625839104,178625839104
20,P,4k,20260919,932,10,measure,62,independent_random,16777216,1048576,257217,2245747937118417904,14643651,0,0,11,11,1100621533381,1100621533381
20,P,4k,20260919,933,10,measure,63,independent_random,262144,1048576,22177,6199596027095009650,2238227,0,0,11,11,17169303491,17169303491
20,P,4k,20260919,934,10,measure,64,chase_sequential,8192,262144,52,11168729792251373667,835317,0,0,11,11,134086656,134086656
20,P,4k,20260919,935,10,measure,65,independent_random_bis,134217728,1048576,301770,17211152477612249331,20042853,0,0,11,11,8804370665420,8804370665420
20,P,4k,20260919,936,10,measure,66,page_fault_touch,268435456,65536,28166753,266113933158541257,119233155,2824564,65536,11,11,131072,131072
20,P,4k,20260919,937,10,measure,67,chase_random_double,32768,524288,1339,11940539123884653562,1078211,0,0,11,11,1073479680,1073479680
20,P,4k,20260919,938,10,measure,68,chase_sequential,4194304,262144,504847,2612331338785742935,940812,0,0,11,11,39455948800,39455948800
20,P,4k,20260919,939,10,measure,69,independent_random,4096,1048576,197,9778040218931691965,1088590,0,0,11,11,267703017,267703017
20,P,4k,20260919,940,10,measure,70,independent_random_bis,1048576,1048576,88957,16628619114600345673,1689836,0,0,11,11,68766377131,68766377131
20,P,4k,20260919,941,10,measure,71,chase_sequential,65536,262144,5993,4109094522905250504,566530,0,0,11,11,1073610752,1073610752
20,P,4k,20260919,942,10,measure,72,independent_random_bis,262144,1048576,15011,16550395336480867597,1199576,0,0,11,11,17179398502,17179398502
20,P,4k,20260919,943,10,measure,73,chase_random,268435456,262144,1525927,13278522163051271590,81570942,0,0,11,11,4403285538865,4403285538865
20,P,4k,20260919,944,10,measure,74,chase_sequential,4096,262144,268,1015362661168952581,830583,0,0,11,11,66977792,66977792
20,P,4k,20260919,945,10,measure,75,chase_random_double,33554432,524288,1255207,13594495463807666225,199723918,0,0,11,11,1099052538280,1099052538280
20,P,4k,20260919,946,10,measure,76,chase_random_double,16384,524288,1868,13937296531107737937,3167285,0,0,11,11,536608768,536608768
20,P,4k,20260919,947,10,measure,77,independent_random,33554432,1048576,2687842,8195871655976243304,22576979,0,0,11,11,2199230002450,2199230002450
20,P,4k,20260919,948,10,measure,78,chase_sequential,2097152,262144,147593,1204512270860984431,1713271,0,0,11,11,34359607296,34359607296
20,P,4k,20260919,949,10,measure,79,independent_random_bis,4194304,1048576,241983,9778104006183337206,6389986,0,0,11,11,274796999486,274796999486
20,P,4k,20260919,950,10,measure,80,independent_random_bis,524288,1048576,26460,6893711455685608880,1717779,0,0,11,11,34330808354,34330808354
20,P,4k,20260919,951,10,measure,81,independent_random_bis,16384,1048576,295,18146764859848689089,1368477,0,0,11,11,1073070955,1073070955
20,P,4k,20260919,952,10,measure,82,chase_random_double,16777216,524288,865035,18425255787498517092,188002194,0,0,11,11,549895341694,549895341694
20,P,4k,20260919,953,10,measure,83,independent_random,67108864,1048576,8361862,3290316110894076471,25716599,0,0,11,11,4393773660603,4393773660603
20,P,4k,20260919,954,10,measure,84,chase_random,8192,262144,773,4691927149886217308,1728764,0,0,11,11,134086656,134086656
20,P,4k,20260919,955,10,measure,85,chase_random,262144,262144,25096,8521568992146598717,2788723,0,0,11,11,4294836224,4294836224
20,P,4k,20260919,956,10,measure,86,chase_random_double,4096,524288,214,3313355262841485097,1356498,0,0,11,11,133955584,133955584
