run_id,core,pages,seed,sample,round,phase,position,label,bytes,accesses,start,salt,elapsed_ns,second_elapsed_ns,faults,cpu_before,cpu_after,result,expected
10,LP-E,2m,20260919,0,0,warmup,0,chase_sequential,268435456,262144,31903572,5234881864460087386,640526,0,0,21,21,8397689585664,8397689585664
10,LP-E,2m,20260919,1,0,warmup,1,independent_random_bis,4096,1048576,254,17917212250203492676,1857787,0,0,21,21,268011036,268011036
10,LP-E,2m,20260919,2,0,warmup,2,independent_random,262144,1048576,17831,271968251316234979,2238369,0,0,21,21,17160264691,17160264691
10,LP-E,2m,20260919,3,0,warmup,3,independent_random_bis,8388608,1048576,753025,10327166663769881483,26159228,0,0,21,21,549985489414,549985489414
10,LP-E,2m,20260919,4,0,warmup,4,independent_random_bis,32768,1048576,1629,4335262323717617465,1705934,0,0,21,21,2147614769,2147614769
10,LP-E,2m,20260919,5,0,warmup,5,chase_random_double,268435456,524288,7501215,5313422727605654297,199263388,0,0,21,21,8792498102833,8792498102833
10,LP-E,2m,20260919,6,0,warmup,6,independent_random_bis,268435456,1048576,18359183,3534344642952993352,32788648,0,0,21,21,17604267221111,17604267221111
10,LP-E,2m,20260919,7,0,warmup,7,independent_random,524288,1048576,15798,5282994264786405472,2483473,0,0,21,21,34393016326,34393016326
10,LP-E,2m,20260919,8,0,warmup,8,chase_sequential,8388608,262144,680300,8575180545532912869,711776,0,0,21,21,212696170496,212696170496
10,LP-E,2m,20260919,9,0,warmup,9,chase_sequential,65536,262144,6183,15089408212825046283,445344,0,0,21,21,1073610752,1073610752
10,LP-E,2m,20260919,10,0,warmup,10,chase_sequential,131072,262144,10479,9254890695991335565,439224,0,0,21,21,2147352576,2147352576
10,LP-E,2m,20260919,11,0,warmup,11,chase_sequential,2097152,262144,125338,16165119258597040534,866698,0,0,21,21,34359607296,34359607296
10,LP-E,2m,20260919,12,0,warmup,12,chase_random,8192,262144,321,14294618998388158738,633313,0,0,21,21,134086656,134086656
10,LP-E,2m,20260919,13,0,warmup,13,chase_random,131072,262144,950,6896413485475665140,2502753,0,0,21,21,2147352576,2147352576
10,LP-E,2m,20260919,14,0,warmup,14,chase_random,4096,262144,202,6763991626892871974,616176,0,0,21,21,66977792,66977792
10,LP-E,2m,20260919,15,0,warmup,15,independent_random_bis,1048576,1048576,2343,16724224438759126035,2996436,0,0,21,21,68701533036,68701533036
10,LP-E,2m,20260919,16,0,warmup,16,chase_random_double,4194304,524288,298556,2103615757195228439,116446855,0,0,21,21,137438691328,137438691328
10,LP-E,2m,20260919,17,0,warmup,17,chase_random,524288,262144,43836,5162814591989965397,4773982,0,0,21,21,8589803520,8589803520
10,LP-E,2m,20260919,18,0,warmup,18,chase_sequential,134217728,262144,1594056,4577956381322131791,847717,0,0,21,21,452231823360,452231823360
10,LP-E,2m,20260919,19,0,warmup,19,independent_random,16384,1048576,1568,15385967100294879902,1863047,0,0,21,21,1073965959,1073965959
10,LP-E,2m,20260919,20,0,warmup,20,chase_random_double,131072,524288,9583,1991112190072572111,4618596,0,0,21,21,4294705152,4294705152
10,LP-E,2m,20260919,21,0,warmup,21,chase_sequential,32768,262144,1499,16040308583803520858,615648,0,0,21,21,536739840,536739840
10,LP-E,2m,20260919,22,0,warmup,22,chase_random,134217728,262144,3021562,5970507215541009665,95647598,0,0,21,21,2197636894463,2197636894463
10,LP-E,2m,20260919,23,0,warmup,23,independent_random_bis,65536,1048576,8183,11547565995578063795,1739100,0,0,21,21,4295016064,4295016064
10,LP-E,2m,20260919,24,0,warmup,24,independent_random_bis,4194304,1048576,58335,15107938054509445109,21465192,0,0,21,21,274682258205,274682258205
10,LP-E,2m,20260919,25,0,warmup,25,chase_random_double,32768,524288,2660,16554966178021585656,1018937,0,0,21,21,1073479680,1073479680
10,LP-E,2m,20260919,26,0,warmup,26,chase_random_double,8388608,524288,384253,17700737832898757341,162171028,0,0,21,21,274939669438,274939669438
10,LP-E,2m,20260919,27,0,warmup,27,independent_random,8192,1048576,891,15863214694666112481,2005809,0,0,21,21,536430409,536430409
10,LP-E,2m,20260919,28,0,warmup,28,independent_random,1048576,1048576,36844,10865315877118231048,2932528,0,0,21,21,68701534642,68701534642
10,LP-E,2m,20260919,29,0,warmup,29,chase_random,33554432,262144,2326553,12074019963820765527,94396525,0,0,21,21,549840722272,549840722272
10,LP-E,2m,20260919,30,0,warmup,30,independent_random,32768,1048576,2786,14830407963944287216,1765020,0,0,21,21,2149298261,2149298261
10,LP-E,2m,20260919,31,0,warmup,31,independent_random,2097152,1048576,222527,9935752295681098274,5214690,0,0,21,21,137520480362,137520480362
10,LP-E,2m,20260919,32,0,warmup,32,chase_random_double,524288,524288,23824,3952402730688238586,7745739,0,0,21,21,17179607040,17179607040
10,LP-E,2m,20260919,33,0,warmup,33,chase_sequential,67108864,262144,1689353,8065386037465487381,711163,0,0,21,21,477213360128,477213360128
10,LP-E,2m,20260919,34,0,warmup,34,chase_sequential,1048576,262144,625,9082698823952693181,634074,0,0,21,21,17179738112,17179738112
10,LP-E,2m,20260919,35,0,warmup,35,chase_random_double,1048576,524288,119423,5908424909179452807,10583707,0,0,21,21,34359476224,34359476224
10,LP-E,2m,20260919,36,0,warmup,36,independent_random_bis,33554432,1048576,3795003,10295841116626520336,31848356,0,0,21,21,2198109866266,2198109866266
10,LP-E,2m,20260919,37,0,warmup,37,chase_random_double,134217728,524288,9043472,14090475295099868434,198889024,0,0,21,21,4399734263481,4399734263481
10,LP-E,2m,20260919,38,0,warmup,38,independent_random_bis,134217728,1048576,11710965,8423116877105758562,33061997,0,0,21,21,8785438593703,8785438593703
10,LP-E,2m,20260919,39,0,warmup,39,page_fault_touch,16777216,4096,1177748,13078749203809280505,4069954,185363,8,21,21,8192,8192
10,LP-E,2m,20260919,40,0,warmup,40,chase_random_double,33554432,524288,2560152,10641899541854515920,192162831,0,0,21,21,1099853254313,1099853254313
10,LP-E,2m,20260919,41,0,warmup,41,chase_random_double,262144,524288,17186,4168058429431300564,5884738,0,0,21,21,8589672448,8589672448
10,LP-E,2m,20260919,42,0,warmup,42,independent_random,8388608,1048576,89588,17605929509135464872,26644329,0,0,21,21,549606901919,549606901919
10,LP-E,2m,20260919,43,0,warmup,43,chase_sequential,8192,262144,332,9689485342900846348,616618,0,0,21,21,134086656,134086656
10,LP-E,2m,20260919,44,0,warmup,44,chase_random_double,2097152,524288,78423,6975115108862101325,19515670,0,0,21,21,68719214592,68719214592
10,LP-E,2m,20260919,45,0,warmup,45,chase_random,268435456,262144,33117215,13326156802139456393,100333816,0,0,21,21,4405915875957,4405915875957
10,LP-E,2m,20260919,46,0,warmup,46,independent_random,4194304,1048576,346694,4436899479870507284,22059155,0,0,21,21,274677497602,274677497602
10,LP-E,2m,20260919,47,0,warmup,47,chase_random_double,4096,524288,299,9273504173092024229,867883,0,0,21,21,133955584,133955584
10,LP-E,2m,20260919,48,0,warmup,48,chase_random,16384,262144,351,2522284933871317213,476188,0,0,21,21,268304384,268304384
10,LP-E,2m,20260919,49,0,warmup,49,chase_random_double,16384,524288,937,8322356660028084860,847854,0,0,21,21,536608768,536608768
10,LP-E,2m,20260919,50,0,warmup,50,chase_random,65536,262144,4727,731887164628075522,1857955,0,0,21,21,1073610752,1073610752
10,LP-E,2m,20260919,51,0,warmup,51,chase_random_double,8192,524288,932,1474218818575937187,1067045,0,0,21,21,268173312,268173312
10,LP-E,2m,20260919,52,0,warmup,52,chase_random,1048576,262144,48383,904100233166743382,8119660,0,0,21,21,17179738112,17179738112
10,LP-E,2m,20260919,53,0,warmup,53,independent_random_bis,131072,1048576,2117,9159061451233575673,1988553,0,0,21,21,8587633109,8587633109
10,LP-E,2m,20260919,54,0,warmup,54,independent_random,134217728,1048576,13054764,8712584410395146246,33932728,0,0,21,21,8796797089103,8796797089103
10,LP-E,2m,20260919,55,0,warmup,55,chase_random,67108864,262144,7505622,8549275768059200630,95358327,0,0,21,21,1101290948126,1101290948126
10,LP-E,2m,20260919,56,0,warmup,56,independent_random,4096,1048576,178,2344512085929363259,2027631,0,0,21,21,267788465,267788465
10,LP-E,2m,20260919,57,0,warmup,57,independent_random_bis,524288,1048576,37009,2996592099729917573,2529281,0,0,21,21,34349894775,34349894775
10,LP-E,2m,20260919,58,0,warmup,58,independent_random,16777216,1048576,67893,18220002490069656100,29299677,0,0,21,21,1099703272374,1099703272374
10,LP-E,2m,20260919,59,0,warmup,59,chase_sequential,4194304,262144,366443,11790814293405313833,882107,0,0,21,21,75737726976,75737726976
10,LP-E,2m,20260919,60,0,warmup,60,independent_random,131072,1048576,3639,1514460727051432839,2192165,0,0,21,21,8595349286,8595349286
10,LP-E,2m,20260919,61,0,warmup,61,chase_random_double,67108864,524288,129430,1773509462888297144,197985940,0,0,21,21,2196997893032,2196997893032
10,LP-E,2m,20260919,62,0,warmup,62,independent_random_bis,8192,1048576,890,5557082504535551705,2028831,0,0,21,21,536309067,536309067
10,LP-E,2m,20260919,63,0,warmup,63,chase_sequential,33554432,262144,3138427,5446171218558900100,858788,0,0,21,21,857079414784,857079414784
10,LP-E,2m,20260919,64,0,warmup,64,chase_random,4194304,262144,511608,285327294812879397,59421832,0,0,21,21,68681370309,68681370309
10,LP-E,2m,20260919,65,0,warmup,65,chase_random_double,16777216,524288,323141,18338115142389166081,178203730,0,0,21,21,549843169505,549843169505
10,LP-E,2m,20260919,66,0,warmup,66,chase_sequential,262144,262144,2576,1023513313393249500,469195,0,0,21,21,4294836224,4294836224
10,LP-E,2m,20260919,67,0,warmup,67,independent_random_bis,262144,1048576,24154,11566804632470005405,2072097,0,0,21,21,17192606515,17192606515
10,LP-E,2m,20260919,68,0,warmup,68,independent_random,67108864,1048576,3879929,143495264189519589,31727275,0,0,21,21,4398134263217,4398134263217
10,LP-E,2m,20260919,69,0,warmup,69,chase_sequential,16777216,262144,109916,608484100091994249,652876,0,0,21,21,63173427200,63173427200
10,LP-E,2m,20260919,70,0,warmup,70,chase_random,16777216,262144,188939,11541326244158119559,89387042,0,0,21,21,275105163847,275105163847
10,LP-E,2m,20260919,71,0,warmup,71,chase_random_double,65536,524288,4443,15676579326513568714,3187461,0,0,21,21,2147221504,2147221504
10,LP-E,2m,20260919,72,0,warmup,72,chase_random,262144,262144,29393,8005783546459222394,3609349,0,0,21,21,4294836224,4294836224
10,LP-E,2m,20260919,73,0,warmup,73,independent_random_bis,2097152,1048576,4907,10897236259833567162,5748340,0,0,21,21,137458176307,137458176307
10,LP-E,2m,20260919,74,0,warmup,74,chase_sequential,16384,262144,2025,1383273423920533949,424319,0,0,21,21,268304384,268304384
10,LP-E,2m,20260919,75,0,warmup,75,chase_random,2097152,262144,235026,8296781298422513130,5976336,0,0,21,21,34359607296,34359607296
10,LP-E,2m,20260919,76,0,warmup,76,page_fault_touch,268435456,65536,25052722,17783755509228114847,68685343,3218984,128,21,21,131072,131072
10,LP-E,2m,20260919,77,0,warmup,77,independent_random_bis,67108864,1048576,2813139,17128200009663269977,32422195,0,0,21,21,4398049956725,4398049956725
10,LP-E,2m,20260919,78,0,warmup,78,independent_random,33554432,1048576,2221180,9069898341293127696,31371714,0,0,21,21,2198675916669,2198675916669
10,LP-E,2m,20260919,79,0,warmup,79,chase_sequential,4096,262144,311,10760449994843627946,617069,0,0,21,21,66977792,66977792
10,LP-E,2m,20260919,80,0,warmup,80,independent_random,65536,1048576,6332,3790323276908969669,2110407,0,0,21,21,4292346757,4292346757
10,LP-E,2m,20260919,81,0,warmup,81,chase_random,32768,262144,2802,17132991483707209745,590959,0,0,21,21,536739840,536739840
10,LP-E,2m,20260919,82,0,warmup,82,chase_random,8388608,262144,603971,16424110721163368762,80331296,0,0,21,21,137345295748,137345295748
10,LP-E,2m,20260919,83,0,warmup,83,chase_sequential,524288,262144,35670,5101194029532843038,509193,0,0,21,21,8589803520,8589803520
10,LP-E,2m,20260919,84,0,warmup,84,independent_random_bis,16777216,1048576,451944,14312886724048262817,29091243,0,0,21,21,1098552930646,1098552930646
10,LP-E,2m,20260919,85,0,warmup,85,independent_random,268435456,1048576,18005134,5236142667047597691,32861370,0,0,21,21,17591819992624,17591819992624
10,LP-E,2m,20260919,86,0,warmup,86,independent_random_bis,16384,1048576,1352,6739033325784567538,1678671,0,0,21,21,1073130311,1073130311
10,LP-E,2m,20260919,87,1,measure,0,independent_random,134217728,1048576,1020697,571467244518445107,31554704,0,0,21,21,8797486530775,8797486530775
10,LP-E,2m,20260919,88,1,measure,1,chase_sequential,8388608,262144,540613,6503180453316659013,732336,0,0,21,21,176078061568,176078061568
10,LP-E,2m,20260919,89,1,measure,2,chase_sequential,33554432,262144,3485158,7335072808777975119,719324,0,0,21,21,947972866048,947972866048
10,LP-E,2m,20260919,90,1,measure,3,chase_random_double,1048576,524288,5888,10121470122341510341,9072670,0,0,21,21,34359476224,34359476224
10,LP-E,2m,20260919,91,1,measure,4,independent_random_bis,16777216,1048576,5865,1462779396558860694,27957180,0,0,21,21,1099979263994,1099979263994
10,LP-E,2m,20260919,92,1,measure,5,chase_random,16777216,262144,97763,13793112379922321725,83736645,0,0,21,21,274688653648,274688653648
10,LP-E,2m,20260919,93,1,measure,6,independent_random,32768,1048576,1205,6755490508913554795,1679637,0,0,21,21,2145533561,2145533561
10,LP-E,2m,20260919,94,1,measure,7,independent_random,8388608,1048576,75039,7145652308851636634,26720316,0,0,21,21,549920916221,549920916221
10,LP-E,2m,20260919,95,1,measure,8,chase_random_double,33554432,524288,2115822,15217536446715242178,191454527,0,0,21,21,1099159501990,1099159501990
10,LP-E,2m,20260919,96,1,measure,9,chase_sequential,524288,262144,35534,18011329768708460748,502627,0,0,21,21,8589803520,8589803520
10,LP-E,2m,20260919,97,1,measure,10,independent_random_bis,4096,1048576,214,16048123439742476894,1945488,0,0,21,21,268014533,268014533
10,LP-E,2m,20260919,98,1,measure,11,chase_random_double,8388608,524288,130194,6378847530121214362,159228907,0,0,21,21,275085700748,275085700748
10,LP-E,2m,20260919,99,1,measure,12,independent_random,262144,1048576,3503,8139873289275025614,2059834,0,0,21,21,17179859380,17179859380
10,LP-E,2m,20260919,100,1,measure,13,chase_random_double,67108864,524288,7581268,4789571273707546716,195304632,0,0,21,21,2197019555524,2197019555524
10,LP-E,2m,20260919,101,1,measure,14,independent_random_bis,32768,1048576,701,12959676284497517565,1678736,0,0,21,21,2145940265,2145940265
10,LP-E,2m,20260919,102,1,measure,15,independent_random_bis,262144,1048576,32736,2163289507340313606,2052243,0,0,21,21,17157865669,17157865669
10,LP-E,2m,20260919,103,1,measure,16,chase_random,65536,262144,3353,10655115664090750532,2035085,0,0,21,21,1073610752,1073610752
10,LP-E,2m,20260919,104,1,measure,17,independent_random_bis,1048576,1048576,9480,3375059413598682797,2951308,0,0,21,21,68723877981,68723877981
10,LP-E,2m,20260919,105,1,measure,18,independent_random,131072,1048576,4730,15705327795125019978,2159225,0,0,21,21,8595393345,8595393345
10,LP-E,2m,20260919,106,1,measure,19,chase_sequential,1048576,262144,60678,1416708934253120875,888298,0,0,21,21,17179738112,17179738112
10,LP-E,2m,20260919,107,1,measure,20,independent_random_bis,2097152,1048576,14497,4959799636487038812,5841849,0,0,21,21,137416306181,137416306181
10,LP-E,2m,20260919,108,1,measure,21,independent_random_bis,8388608,1048576,1013377,17446785742618460245,25904919,0,0,21,21,549668270564,549668270564
10,LP-E,2m,20260919,109,1,measure,22,chase_random_double,131072,524288,14209,16671228131980982011,4956746,0,0,21,21,4294705152,4294705152
10,LP-E,2m,20260919,110,1,measure,23,chase_random,16384,262144,547,3460004243199857971,510418,0,0,21,21,268304384,268304384
10,LP-E,2m,20260919,111,1,measure,24,chase_random,32768,262144,1421,1149593603076744766,601264,0,0,21,21,536739840,536739840
10,LP-E,2m,20260919,112,1,measure,25,independent_random,2097152,1048576,3555,4060325800499831887,5991002,0,0,21,21,137309017204,137309017204
10,LP-E,2m,20260919,113,1,measure,26,independent_random_bis,16384,1048576,1432,10734644149826374056,1865702,0,0,21,21,1073041269,1073041269
10,LP-E,2m,20260919,114,1,measure,27,chase_random_double,16384,524288,2014,13978845681802907704,850444,0,0,21,21,536608768,536608768
10,LP-E,2m,20260919,115,1,measure,28,chase_sequential,67108864,262144,2278638,12699090834828276381,723902,0,0,21,21,631690887168,631690887168
10,LP-E,2m,20260919,116,1,measure,29,chase_random_double,4096,524288,483,9457899767209568118,852148,0,0,21,21,133955584,133955584
10,LP-E,2m,20260919,117,1,measure,30,chase_random_double,16777216,524288,9198,3075954009874964491,178514416,0,0,21,21,549910572269,549910572269
10,LP-E,2m,20260919,118,1,measure,31,chase_random,1048576,262144,34323,10048135488186779256,7383377,0,0,21,21,17179738112,17179738112
10,LP-E,2m,20260919,119,1,measure,32,independent_random_bis,8192,1048576,970,18273091872123377351,1853799,0,0,21,21,536191013,536191013
10,LP-E,2m,20260919,120,1,measure,33,chase_sequential,131072,262144,9272,15485789470021526581,617434,0,0,21,21,2147352576,2147352576
10,LP-E,2m,20260919,121,1,measure,34,chase_sequential,32768,262144,3178,2905997315754782987,427766,0,0,21,21,536739840,536739840
10,LP-E,2m,20260919,122,1,measure,35,independent_random_bis,4194304,1048576,523737,7369503451093390082,22578342,0,0,21,21,274782583562,274782583562
10,LP-E,2m,20260919,123,1,measure,36,chase_random_double,65536,524288,3173,1861572423554398468,3406287,0,0,21,21,2147221504,2147221504
10,LP-E,2m,20260919,124,1,measure,37,chase_random,67108864,262144,1465404,4903073280436750948,99174869,0,0,21,21,1098782281770,1098782281770
10,LP-E,2m,20260919,125,1,measure,38,chase_random,33554432,262144,1213912,56834804148949668,95023051,0,0,21,21,549856394992,549856394992
10,LP-E,2m,20260919,126,1,measure,39,chase_random,8388608,262144,843179,11967556278117531083,81020124,0,0,21,21,137550521349,137550521349
10,LP-E,2m,20260919,127,1,measure,40,chase_random,2097152,262144,231269,14783524296993337274,15751138,0,0,21,21,34359607296,34359607296
10,LP-E,2m,20260919,128,1,measure,41,independent_random_bis,524288,1048576,52225,897215055511015402,2239410,0,0,21,21,34355882683,34355882683
10,LP-E,2m,20260919,129,1,measure,42,chase_random,268435456,262144,23274250,10810028784384684590,99271532,0,0,21,21,4398540447934,4398540447934
10,LP-E,2m,20260919,130,1,measure,43,chase_sequential,16384,262144,1653,17745126605382996591,425970,0,0,21,21,268304384,268304384
10,LP-E,2m,20260919,131,1,measure,44,chase_random_double,134217728,524288,12357294,8433643813127232012,197525234,0,0,21,21,4394475623755,4394475623755
10,LP-E,2m,20260919,132,1,measure,45,independent_random,268435456,1048576,19452919,15335222193048500779,32615120,0,0,21,21,17570787858891,17570787858891
10,LP-E,2m,20260919,133,1,measure,46,independent_random_bis,134217728,1048576,4063675,5707089394393052615,31774817,0,0,21,21,8799451415026,8799451415026
10,LP-E,2m,20260919,134,1,measure,47,chase_random_double,32768,524288,817,10497834488290737105,1006697,0,0,21,21,1073479680,1073479680
10,LP-E,2m,20260919,135,1,measure,48,independent_random,16777216,1048576,472685,1537371160432218283,29056248,0,0,21,21,1099518865783,1099518865783
10,LP-E,2m,20260919,136,1,measure,49,chase_sequential,268435456,262144,25761877,15905744031399760132,698231,0,0,21,21,6787681091584,6787681091584
10,LP-E,2m,20260919,137,1,measure,50,independent_random,524288,1048576,36217,13067857891749953030,2446942,0,0,21,21,34355821080,34355821080
10,LP-E,2m,20260919,138,1,measure,51,independent_random_bis,268435456,1048576,19552242,15142541410002342456,32345332,0,0,21,21,17593715590242,17593715590242
10,LP-E,2m,20260919,139,1,measure,52,independent_random,65536,1048576,5375,107294292083280067,2093923,0,0,21,21,4296398345,4296398345
10,LP-E,2m,20260919,140,1,measure,53,independent_random,8192,1048576,291,5963483696297069920,1666025,0,0,21,21,536051358,536051358
10,LP-E,2m,20260919,141,1,measure,54,chase_random,4096,262144,419,13456586578792810140,431913,0,0,21,21,66977792,66977792
10,LP-E,2m,20260919,142,1,measure,55,chase_random,8192,262144,221,14790949314133194024,420644,0,0,21,21,134086656,134086656
10,LP-E,2m,20260919,143,1,measure,56,chase_sequential,4096,262144,189,8651621364798097559,603406,0,0,21,21,66977792,66977792
10,LP-E,2m,20260919,144,1,measure,57,independent_random_bis,67108864,1048576,3756606,1839598750241120115,31952189,0,0,21,21,4399258331131,4399258331131
10,LP-E,2m,20260919,145,1,measure,58,page_fault_touch,268435456,65536,17600893,4157366935931172671,66388491,2932746,128,21,21,131072,131072
10,LP-E,2m,20260919,146,1,measure,59,chase_sequential,262144,262144,15579,15293992402377467019,649760,0,0,21,21,4294836224,4294836224
10,LP-E,2m,20260919,147,1,measure,60,chase_random_double,4194304,524288,404027,10388153289573364290,117485426,0,0,21,21,137438691328,137438691328
10,LP-E,2m,20260919,148,1,measure,61,independent_random,1048576,1048576,25476,8855004730123772228,2743912,0,0,21,21,68657109185,68657109185
10,LP-E,2m,20260919,149,1,measure,62,independent_random,67108864,1048576,5423800,6035503890731574099,31504701,0,0,21,21,4395543409367,4395543409367
10,LP-E,2m,20260919,150,1,measure,63,chase_random_double,8192,524288,152,15411398900558422373,862370,0,0,21,21,268173312,268173312
10,LP-E,2m,20260919,151,1,measure,64,independent_random,16384,1048576,520,6565146939046505733,2002061,0,0,21,21,1072547212,1072547212
10,LP-E,2m,20260919,152,1,measure,65,chase_sequential,2097152,262144,20070,9394092259237120116,842922,0,0,21,21,34359607296,34359607296
10,LP-E,2m,20260919,153,1,measure,66,independent_random,4194304,1048576,93330,6405149088377331646,23063098,0,0,21,21,274766254271,274766254271
10,LP-E,2m,20260919,154,1,measure,67,independent_random,4096,1048576,369,18409441096329766875,1676632,0,0,21,21,268048207,268048207
10,LP-E,2m,20260919,155,1,measure,68,chase_random,4194304,262144,105774,12028572878343560173,51159609,0,0,21,21,68837014601,68837014601
10,LP-E,2m,20260919,156,1,measure,69,chase_random_double,262144,524288,10260,4881186393709989297,5227682,0,0,21,21,8589672448,8589672448
10,LP-E,2m,20260919,157,1,measure,70,page_fault_touch,16777216,4096,611264,3192234645368532431,3938540,196896,8,21,21,8192,8192
10,LP-E,2m,20260919,158,1,measure,71,chase_sequential,65536,262144,973,4973234537248291032,433101,0,0,21,21,1073610752,1073610752
10,LP-E,2m,20260919,159,1,measure,72,independent_random_bis,33554432,1048576,1494132,4881139517689641764,28891385,0,0,21,21,2198667521812,2198667521812
10,LP-E,2m,20260919,160,1,measure,73,chase_sequential,134217728,262144,1142355,16089909233697746282,762726,0,0,21,21,333821116416,333821116416
10,LP-E,2m,20260919,161,1,measure,74,independent_random,33554432,1048576,569838,13975873705792359867,29772716,0,0,21,21,2200282393202,2200282393202
10,LP-E,2m,20260919,162,1,measure,75,chase_random,262144,262144,11740,9173982077045938203,3285756,0,0,21,21,4294836224,4294836224
10,LP-E,2m,20260919,163,1,measure,76,chase_sequential,16777216,262144,677310,13600478390671761367,715723,0,0,21,21,211912359936,211912359936
10,LP-E,2m,20260919,164,1,measure,77,chase_random,524288,262144,55735,3445698672974029583,4939038,0,0,21,21,8589803520,8589803520
10,LP-E,2m,20260919,165,1,measure,78,chase_random,134217728,262144,2950111,16159987424004555040,100575360,0,0,21,21,2197200921352,2197200921352
10,LP-E,2m,20260919,166,1,measure,79,chase_sequential,4194304,262144,267856,4519384695640486089,805668,0,0,21,21,101581717504,101581717504
10,LP-E,2m,20260919,167,1,measure,80,independent_random_bis,131072,1048576,6808,11880531688359683489,1970410,0,0,21,21,8587131995,8587131995
10,LP-E,2m,20260919,168,1,measure,81,independent_random_bis,65536,1048576,2085,3834785457950207707,1926073,0,0,21,21,4292732959,4292732959
10,LP-E,2m,20260919,169,1,measure,82,chase_random_double,524288,524288,61734,9781297212978258610,7915580,0,0,21,21,17179607040,17179607040
10,LP-E,2m,20260919,170,1,measure,83,chase_random_double,2097152,524288,113788,862056757663624201,24198165,0,0,21,21,68719214592,68719214592
10,LP-E,2m,20260919,171,1,measure,84,chase_random,131072,262144,4911,343678355084278134,2609003,0,0,21,21,2147352576,2147352576
10,LP-E,2m,20260919,172,1,measure,85,chase_sequential,8192,262144,348,14556695434991760319,425214,0,0,21,21,134086656,134086656
10,LP-E,2m,20260919,173,1,measure,86,chase_random_double,268435456,524288,27941214,6475742536666155012,202760618,0,0,21,21,8801037300315,8801037300315
10,LP-E,2m,20260919,174,2,measure,0,chase_random_double,262144,524288,24722,11553976164033566502,5569208,0,0,21,21,8589672448,8589672448
10,LP-E,2m,20260919,175,2,measure,1,chase_sequential,16777216,262144,20553,3201717185012326626,705250,0,0,21,21,39747452928,39747452928
10,LP-E,2m,20260919,176,2,measure,2,independent_random_bis,4194304,1048576,140750,1906124164475832319,22825207,0,0,21,21,274761438391,274761438391
10,LP-E,2m,20260919,177,2,measure,3,chase_random,8388608,262144,234931,11754333260189238958,80354078,0,0,21,21,137399569757,137399569757
10,LP-E,2m,20260919,178,2,measure,4,independent_random_bis,67108864,1048576,667774,10888144096493705885,32365809,0,0,21,21,4397688117797,4397688117797
10,LP-E,2m,20260919,179,2,measure,5,chase_sequential,33554432,262144,3672870,1139933543663184171,716559,0,0,21,21,997180440576,997180440576
10,LP-E,2m,20260919,180,2,measure,6,chase_sequential,131072,262144,12648,4016867170255861271,458572,0,0,21,21,2147352576,2147352576
10,LP-E,2m,20260919,181,2,measure,7,chase_random,268435456,262144,2534054,10029313777426119861,100828107,0,0,21,21,4402647338473,4402647338473
10,LP-E,2m,20260919,182,2,measure,8,independent_random_bis,134217728,1048576,15187967,17287941367298389786,33068823,0,0,21,21,8801674259023,8801674259023
10,LP-E,2m,20260919,183,2,measure,9,chase_random,33554432,262144,2656980,16313382766962496705,95718582,0,0,21,21,549695908927,549695908927
10,LP-E,2m,20260919,184,2,measure,10,chase_random_double,8388608,524288,996814,7193199911574851759,161516020,0,0,21,21,275047139621,275047139621
10,LP-E,2m,20260919,185,2,measure,11,independent_random,1048576,1048576,104435,15802420727831547060,3087115,0,0,21,21,68682318472,68682318472
10,LP-E,2m,20260919,186,2,measure,12,independent_random_bis,524288,1048576,22516,1949679633070350181,2313518,0,0,21,21,34360869110,34360869110
10,LP-E,2m,20260919,187,2,measure,13,chase_random_double,1048576,524288,54682,14265539983701624536,4727768,0,0,21,21,34359476224,34359476224
10,LP-E,2m,20260919,188,2,measure,14,chase_sequential,8192,262144,930,13296852758191374091,435489,0,0,21,21,134086656,134086656
10,LP-E,2m,20260919,189,2,measure,15,independent_random_bis,4096,1048576,358,15701677696766665408,1656587,0,0,21,21,267849599,267849599
10,LP-E,2m,20260919,190,2,measure,16,independent_random_bis,65536,1048576,7403,3391541663030684633,2106643,0,0,21,21,4290643443,4290643443
10,LP-E,2m,20260919,191,2,measure,17,chase_sequential,4096,262144,400,17315306732890374100,437378,0,0,21,21,66977792,66977792
10,LP-E,2m,20260919,192,2,measure,18,chase_sequential,8388608,262144,784961,17688584961788455906,704622,0,0,21,21,240132423680,240132423680
10,LP-E,2m,20260919,193,2,measure,19,independent_random,16777216,1048576,981433,4719726312151103706,29489792,0,0,21,21,1099024578899,1099024578899
10,LP-E,2m,20260919,194,2,measure,20,chase_random_double,268435456,524288,10014800,6295685240009957863,201922927,0,0,21,21,8797404293103,8797404293103
10,LP-E,2m,20260919,195,2,measure,21,independent_random_bis,8388608,1048576,976890,12021164835727943415,25792983,0,0,21,21,549960003122,549960003122
10,LP-E,2m,20260919,196,2,measure,22,chase_random_double,134217728,524288,13963082,15714216528386917469,201978712,0,0,21,21,4395873954868,4395873954868
10,LP-E,2m,20260919,197,2,measure,23,chase_sequential,134217728,262144,12987762,7390614123876051014,679346,0,0,21,21,3439023489024,3439023489024
10,LP-E,2m,20260919,198,2,measure,24,chase_random,1048576,262144,27243,8127748037603532920,7856096,0,0,21,21,17179738112,17179738112
10,LP-E,2m,20260919,199,2,measure,25,chase_random,65536,262144,6764,5212277200199514043,2032758,0,0,21,21,1073610752,1073610752
10,LP-E,2m,20260919,200,2,measure,26,page_fault_touch,16777216,4096,772708,13302011298457481858,4388310,181167,8,21,21,8192,8192
10,LP-E,2m,20260919,201,2,measure,27,chase_random,262144,262144,8405,18215753443870447473,3354477,0,0,21,21,4294836224,4294836224
10,LP-E,2m,20260919,202,2,measure,28,independent_random_bis,8192,1048576,573,14991405882732701284,1835346,0,0,21,21,536710558,536710558
10,LP-E,2m,20260919,203,2,measure,29,chase_random,131072,262144,13874,13422430173831980532,2714666,0,0,21,21,2147352576,2147352576
10,LP-E,2m,20260919,204,2,measure,30,chase_random,16384,262144,1652,817849631059425741,687681,0,0,21,21,268304384,268304384
10,LP-E,2m,20260919,205,2,measure,31,independent_random,134217728,1048576,5937715,2217859359080378816,32328312,0,0,21,21,8800934148930,8800934148930
10,LP-E,2m,20260919,206,2,measure,32,chase_random_double,4096,524288,394,12744377404139976776,870686,0,0,21,21,133955584,133955584
10,LP-E,2m,20260919,207,2,measure,33,chase_sequential,4194304,262144,348836,3423677157334551877,829608,0,0,21,21,80353296384,80353296384
10,LP-E,2m,20260919,208,2,measure,34,independent_random,32768,1048576,622,9612495065339708983,1864795,0,0,21,21,2146820895,2146820895
10,LP-E,2m,20260919,209,2,measure,35,page_fault_touch,268435456,65536,7556627,16548575723569189056,68155107,3109113,128,21,21,131072,131072
10,LP-E,2m,20260919,210,2,measure,36,independent_random,262144,1048576,21744,14092970857663516068,2162060,0,0,21,21,17168570478,17168570478
10,LP-E,2m,20260919,211,2,measure,37,independent_random,268435456,1048576,11415950,9214275237748338245,33825709,0,0,21,21,17606840917090,17606840917090
10,LP-E,2m,20260919,212,2,measure,38,chase_sequential,1048576,262144,49884,11796531365297364035,761117,0,0,21,21,17179738112,17179738112
10,LP-E,2m,20260919,213,2,measure,39,chase_random,8192,262144,497,5701622626894697932,461677,0,0,21,21,134086656,134086656
10,LP-E,2m,20260919,214,2,measure,40,chase_sequential,2097152,262144,62571,7070607616171804523,858802,0,0,21,21,34359607296,34359607296
10,LP-E,2m,20260919,215,2,measure,41,chase_sequential,268435456,262144,29636684,16723974180377855996,863132,0,0,21,21,7803438497792,7803438497792
10,LP-E,2m,20260919,216,2,measure,42,chase_random_double,16384,524288,2044,15965537281305768190,1070256,0,0,21,21,536608768,536608768
10,LP-E,2m,20260919,217,2,measure,43,chase_random,4096,262144,270,4733906144951237899,459931,0,0,21,21,66977792,66977792
10,LP-E,2m,20260919,218,2,measure,44,chase_random_double,33554432,524288,393660,12310358975203934287,194470190,0,0,21,21,1099410196448,1099410196448
10,LP-E,2m,20260919,219,2,measure,45,chase_random,67108864,262144,5367541,698081938405067253,98385126,0,0,21,21,1099405769378,1099405769378
10,LP-E,2m,20260919,220,2,measure,46,chase_random,4194304,262144,2221,8254283977878869189,60557924,0,0,21,21,68597754269,68597754269
10,LP-E,2m,20260919,221,2,measure,47,chase_sequential,16384,262144,1384,4404341260718376279,426524,0,0,21,21,268304384,268304384
10,LP-E,2m,20260919,222,2,measure,48,independent_random,67108864,1048576,4883573,18077168213816287875,31917113,0,0,21,21,4401062084437,4401062084437
10,LP-E,2m,20260919,223,2,measure,49,independent_random,16384,1048576,364,17875878917765372887,1871970,0,0,21,21,1074343225,1074343225
10,LP-E,2m,20260919,224,2,measure,50,chase_sequential,524288,262144,10574,17384318792009743519,500620,0,0,21,21,8589803520,8589803520
10,LP-E,2m,20260919,225,2,measure,51,chase_random_double,16777216,524288,859546,3896736004237516423,173680985,0,0,21,21,549686758838,549686758838
10,LP-E,2m,20260919,226,2,measure,52,independent_random,8388608,1048576,869743,14641574041514964254,26970931,0,0,21,21,549699736862,549699736862
10,LP-E,2m,20260919,227,2,measure,53,independent_random,65536,1048576,1457,17081722184254086618,1934710,0,0,21,21,4295771635,4295771635
10,LP-E,2m,20260919,228,2,measure,54,independent_random,8192,1048576,1021,14580335261244154448,1947204,0,0,21,21,535872821,535872821
10,LP-E,2m,20260919,229,2,measure,55,chase_random,2097152,262144,33612,5789830030441687007,16542131,0,0,21,21,34359607296,34359607296
10,LP-E,2m,20260919,230,2,measure,56,independent_random_bis,33554432,1048576,1146283,8680723143902029267,31258467,0,0,21,21,2198199862116,2198199862116
10,LP-E,2m,20260919,231,2,measure,57,independent_random_bis,1048576,1048576,89611,10499578678962755844,2804176,0,0,21,21,68761382891,68761382891
10,LP-E,2m,20260919,232,2,measure,58,chase_sequential,65536,262144,2823,6401083473707127735,434411,0,0,21,21,1073610752,1073610752
10,LP-E,2m,20260919,233,2,measure,59,chase_sequential,262144,262144,26661,13556425608891209482,483792,0,0,21,21,4294836224,4294836224
10,LP-E,2m,20260919,234,2,measure,60,chase_random,134217728,262144,15135208,856885482991951394,99760360,0,0,21,21,2199459971720,2199459971720
10,LP-E,2m,20260919,235,2,measure,61,independent_random,524288,1048576,65496,4741123614801715961,2165173,0,0,21,21,34342059310,34342059310
10,LP-E,2m,20260919,236,2,measure,62,chase_random,16777216,262144,814493,8292339902681357694,91667373,0,0,21,21,275055038279,275055038279
10,LP-E,2m,20260919,237,2,measure,63,independent_random_bis,16777216,1048576,2013835,205647298198666222,29299532,0,0,21,21,1100320144689,1100320144689
10,LP-E,2m,20260919,238,2,measure,64,chase_random_double,524288,524288,55556,18071195092582736114,7282945,0,0,21,21,17179607040,17179607040
10,LP-E,2m,20260919,239,2,measure,65,chase_random_double,4194304,524288,27428,15976337355433344452,120700564,0,0,21,21,137438691328,137438691328
10,LP-E,2m,20260919,240,2,measure,66,independent_random_bis,262144,1048576,14919,13741182477308091485,2243938,0,0,21,21,17173768348,17173768348
10,LP-E,2m,20260919,241,2,measure,67,chase_sequential,32768,262144,969,212694897998063472,428642,0,0,21,21,536739840,536739840
10,LP-E,2m,20260919,242,2,measure,68,independent_random_bis,131072,1048576,1436,3585933095962839169,2167918,0,0,21,21,8585327299,8585327299
10,LP-E,2m,20260919,243,2,measure,69,chase_random_double,8192,524288,500,15230041389183716741,877421,0,0,21,21,268173312,268173312
10,LP-E,2m,20260919,244,2,measure,70,independent_random,4194304,1048576,252960,79144627868750149,23384820,0,0,21,21,274894676764,274894676764
10,LP-E,2m,20260919,245,2,measure,71,chase_random,32768,262144,1669,6708483015722716844,589298,0,0,21,21,536739840,536739840
10,LP-E,2m,20260919,246,2,measure,72,independent_random_bis,268435456,1048576,30199625,15908332229595064666,33551766,0,0,21,21,17582277808396,17582277808396
10,LP-E,2m,20260919,247,2,measure,73,chase_sequential,67108864,262144,3921194,7584373181635441807,706591,0,0,21,21,1062277087232,1062277087232
10,LP-E,2m,20260919,248,2,measure,74,independent_random,131072,1048576,4046,16447715600275719300,1792308,0,0,21,21,8592835906,8592835906
10,LP-E,2m,20260919,249,2,measure,75,chase_random_double,67108864,524288,4301259,7199358001864420564,198928659,0,0,21,21,2198023042504,2198023042504
10,LP-E,2m,20260919,250,2,measure,76,independent_random,2097152,1048576,30455,1767718965666977249,5950429,0,0,21,21,137425637212,137425637212
10,LP-E,2m,20260919,251,2,measure,77,independent_random,33554432,1048576,3899439,1009867801435088794,30929108,0,0,21,21,2199602833364,2199602833364
10,LP-E,2m,20260919,252,2,measure,78,chase_random,524288,262144,63966,12482410681861581141,5088269,0,0,21,21,8589803520,8589803520
10,LP-E,2m,20260919,253,2,measure,79,chase_random_double,131072,524288,12786,8812284581661943225,4856395,0,0,21,21,4294705152,4294705152
10,LP-E,2m,20260919,254,2,measure,80,independent_random,4096,1048576,88,4411139221685512873,2029491,0,0,21,21,268266169,268266169
10,LP-E,2m,20260919,255,2,measure,81,independent_random_bis,32768,1048576,2357,17495576550954448150,2050115,0,0,21,21,2147556762,2147556762
10,LP-E,2m,20260919,256,2,measure,82,chase_random_double,65536,524288,5132,658813684342276411,3298280,0,0,21,21,2147221504,2147221504
10,LP-E,2m,20260919,257,2,measure,83,chase_random_double,2097152,524288,253094,4061147830232567978,21687978,0,0,21,21,68719214592,68719214592
10,LP-E,2m,20260919,258,2,measure,84,independent_random_bis,16384,1048576,118,15794899896848523764,1686452,0,0,21,21,1074275783,1074275783
10,LP-E,2m,20260919,259,2,measure,85,independent_random_bis,2097152,1048576,204750,3677045503336757222,3436506,0,0,21,21,137436452268,137436452268
10,LP-E,2m,20260919,260,2,measure,86,chase_random_double,32768,524288,3697,3481008453016735518,1392607,0,0,21,21,1073479680,1073479680
10,LP-E,2m,20260919,261,3,measure,0,chase_sequential,268435456,262144,23950871,706840067531409051,699613,0,0,21,21,6312936734720,6312936734720
10,LP-E,2m,20260919,262,3,measure,1,chase_random,8388608,262144,1001036,11809733785368692515,79474810,0,0,21,21,137672243234,137672243234
10,LP-E,2m,20260919,263,3,measure,2,independent_random,16384,1048576,412,18325909409810082828,2040693,0,0,21,21,1072881001,1072881001
10,LP-E,2m,20260919,264,3,measure,3,chase_random_double,16777216,524288,1718421,11249075204139509825,176731388,0,0,21,21,549398428862,549398428862
10,LP-E,2m,20260919,265,3,measure,4,independent_random,65536,1048576,7416,4736869458003052771,1748199,0,0,21,21,4294112465,4294112465
10,LP-E,2m,20260919,266,3,measure,5,chase_sequential,16384,262144,912,15482510096217963036,604939,0,0,21,21,268304384,268304384
10,LP-E,2m,20260919,267,3,measure,6,chase_random,262144,262144,12755,8688705921877534124,3341254,0,0,21,21,4294836224,4294836224
10,LP-E,2m,20260919,268,3,measure,7,independent_random_bis,262144,1048576,1917,4402752680573924582,2255889,0,0,21,21,17174148225,17174148225
10,LP-E,2m,20260919,269,3,measure,8,independent_random_bis,33554432,1048576,734231,16790290816558477214,30128578,0,0,21,21,2199306977035,2199306977035
10,LP-E,2m,20260919,270,3,measure,9,chase_sequential,2097152,262144,248502,16138788938909248720,730751,0,0,21,21,34359607296,34359607296
10,LP-E,2m,20260919,271,3,measure,10,independent_random,134217728,1048576,6162488,7997990361809345128,32069959,0,0,21,21,8799201004074,8799201004074
10,LP-E,2m,20260919,272,3,measure,11,independent_random_bis,16777216,1048576,1530172,10587048439442784741,29498574,0,0,21,21,1099812163041,1099812163041
10,LP-E,2m,20260919,273,3,measure,12,chase_random,8192,262144,98,11725310011058251192,637254,0,0,21,21,134086656,134086656
10,LP-E,2m,20260919,274,3,measure,13,chase_sequential,8388608,262144,834929,12684874468947018124,723733,0,0,21,21,202378444800,202378444800
10,LP-E,2m,20260919,275,3,measure,14,chase_random_double,33554432,524288,505990,15268825334825306482,188439461,0,0,21,21,1099307258984,1099307258984
10,LP-E,2m,20260919,276,3,measure,15,page_fault_touch,268435456,65536,7650593,16310977404386022835,67869420,2846136,128,21,21,131072,131072
10,LP-E,2m,20260919,277,3,measure,16,independent_random,4096,1048576,12,12911143082628888078,2047061,0,0,21,21,267962162,267962162
10,LP-E,2m,20260919,278,3,measure,17,chase_sequential,4096,262144,369,17714277145835458976,435861,0,0,21,21,66977792,66977792
10,LP-E,2m,20260919,279,3,measure,18,chase_random_double,262144,524288,21754,10925885782594498999,5214855,0,0,21,21,8589672448,8589672448
10,LP-E,2m,20260919,280,3,measure,19,chase_random_double,131072,524288,5835,14991895643663292393,4642922,0,0,21,21,4294705152,4294705152
10,LP-E,2m,20260919,281,3,measure,20,chase_sequential,524288,262144,16164,460042239698438485,501138,0,0,21,21,8589803520,8589803520
10,LP-E,2m,20260919,282,3,measure,21,chase_random_double,4194304,524288,347641,13650010199203568921,118607046,0,0,21,21,137438691328,137438691328
10,LP-E,2m,20260919,283,3,measure,22,independent_random,131072,1048576,21,553204164541555742,1961901,0,0,21,21,8587513915,8587513915
10,LP-E,2m,20260919,284,3,measure,23,independent_random_bis,268435456,1048576,10251124,7716331783830307389,32883924,0,0,21,21,17596354327853,17596354327853
10,LP-E,2m,20260919,285,3,measure,24,chase_random,2097152,262144,208484,8164715046714068884,15313683,0,0,21,21,34359607296,34359607296
10,LP-E,2m,20260919,286,3,measure,25,chase_random,32768,262144,2104,9414132161196599054,768490,0,0,21,21,536739840,536739840
10,LP-E,2m,20260919,287,3,measure,26,independent_random,67108864,1048576,470291,5357414013837394397,32766117,0,0,21,21,4399225172769,4399225172769
10,LP-E,2m,20260919,288,3,measure,27,independent_random,16777216,1048576,657234,8033308830387416675,28606226,0,0,21,21,1098978672604,1098978672604
10,LP-E,2m,20260919,289,3,measure,28,chase_random,4194304,262144,220060,15131619852679164809,55987554,0,0,21,21,68624725877,68624725877
10,LP-E,2m,20260919,290,3,measure,29,chase_random,524288,262144,28178,5089730125338796417,4617165,0,0,21,21,8589803520,8589803520
10,LP-E,2m,20260919,291,3,measure,30,chase_random,33554432,262144,1581923,14961691991292637101,88524363,0,0,21,21,549337126072,549337126072
10,LP-E,2m,20260919,292,3,measure,31,chase_random,4096,262144,400,13475096002634126761,443360,0,0,21,21,66977792,66977792
10,LP-E,2m,20260919,293,3,measure,32,chase_sequential,131072,262144,677,7317057909375321669,448635,0,0,21,21,2147352576,2147352576
10,LP-E,2m,20260919,294,3,measure,33,independent_random,1048576,1048576,127141,8970649177230016989,2597971,0,0,21,21,68722696392,68722696392
10,LP-E,2m,20260919,295,3,measure,34,independent_random_bis,16384,1048576,519,14596852886523979171,1663720,0,0,21,21,1073315089,1073315089
10,LP-E,2m,20260919,296,3,measure,35,chase_sequential,4194304,262144,94927,4558535413450557163,706029,0,0,21,21,59244150784,59244150784
10,LP-E,2m,20260919,297,3,measure,36,chase_sequential,262144,262144,19300,2846881256100953138,474786,0,0,21,21,4294836224,4294836224
10,LP-E,2m,20260919,298,3,measure,37,independent_random_bis,524288,1048576,2513,6246089502090146371,2127190,0,0,21,21,34351848500,34351848500
10,LP-E,2m,20260919,299,3,measure,38,independent_random,2097152,1048576,248289,434248198906083696,4615689,0,0,21,21,137444190714,137444190714
10,LP-E,2m,20260919,300,3,measure,39,chase_sequential,65536,262144,1163,5304154209353523290,451763,0,0,21,21,1073610752,1073610752
10,LP-E,2m,20260919,301,3,measure,40,page_fault_touch,16777216,4096,757398,9135169565868164206,3849127,171708,8,21,21,8192,8192
10,LP-E,2m,20260919,302,3,measure,41,independent_random,262144,1048576,12231,11970602595709232292,1895385,0,0,21,21,17198701870,17198701870
10,LP-E,2m,20260919,303,3,measure,42,chase_sequential,67108864,262144,7907816,9321252271517361691,695573,0,0,21,21,2107346124800,2107346124800
10,LP-E,2m,20260919,304,3,measure,43,independent_random_bis,4194304,1048576,185364,2137533777680973584,20874810,0,0,21,21,274851233603,274851233603
10,LP-E,2m,20260919,305,3,measure,44,chase_random_double,67108864,524288,2546359,177531497234258087,188302835,0,0,21,21,2199055774897,2199055774897
10,LP-E,2m,20260919,306,3,measure,45,chase_random_double,8388608,524288,819684,106144766224053573,161345353,0,0,21,21,274824416843,274824416843
10,LP-E,2m,20260919,307,3,measure,46,independent_random,4194304,1048576,49,1651640748005505212,21784455,0,0,21,21,274617815620,274617815620
10,LP-E,2m,20260919,308,3,measure,47,independent_random,8388608,1048576,215050,16136261406014148804,26132417,0,0,21,21,549174489414,549174489414
10,LP-E,2m,20260919,309,3,measure,48,chase_random,131072,262144,8738,14340644391678725429,2622122,0,0,21,21,2147352576,2147352576
10,LP-E,2m,20260919,310,3,measure,49,chase_random_double,524288,524288,51311,9744485228490666116,7345768,0,0,21,21,17179607040,17179607040
10,LP-E,2m,20260919,311,3,measure,50,independent_random_bis,4096,1048576,277,304591591249897824,2036761,0,0,21,21,267949291,267949291
10,LP-E,2m,20260919,312,3,measure,51,independent_random_bis,2097152,1048576,215608,16511684084723348293,6166710,0,0,21,21,137389434947,137389434947
10,LP-E,2m,20260919,313,3,measure,52,chase_random_double,65536,524288,1770,18162549336524878511,3320606,0,0,21,21,2147221504,2147221504
10,LP-E,2m,20260919,314,3,measure,53,independent_random_bis,131072,1048576,15536,1094753806559585399,1810527,0,0,21,21,8580440493,8580440493
10,LP-E,2m,20260919,315,3,measure,54,chase_sequential,134217728,262144,13407944,6879517112532649754,695978,0,0,21,21,3549171679232,3549171679232
10,LP-E,2m,20260919,316,3,measure,55,chase_random,16777216,262144,322594,5341010204128081730,91331239,0,0,21,21,274789391358,274789391358
10,LP-E,2m,20260919,317,3,measure,56,chase_sequential,1048576,262144,35402,3501014811595561559,614046,0,0,21,21,17179738112,17179738112
10,LP-E,2m,20260919,318,3,measure,57,chase_random_double,2097152,524288,74907,16057010169166889645,22377278,0,0,21,21,68719214592,68719214592
10,LP-E,2m,20260919,319,3,measure,58,chase_random_double,134217728,524288,10458357,2669534632995630774,200443285,0,0,21,21,4399135233250,4399135233250
10,LP-E,2m,20260919,320,3,measure,59,chase_random_double,268435456,524288,20468857,18205603848683972283,204725069,0,0,21,21,8799060615979,8799060615979
10,LP-E,2m,20260919,321,3,measure,60,chase_random_double,32768,524288,1172,8999005033374255264,1031799,0,0,21,21,1073479680,1073479680
10,LP-E,2m,20260919,322,3,measure,61,chase_random_double,4096,524288,166,10438643729610697770,1050508,0,0,21,21,133955584,133955584
10,LP-E,2m,20260919,323,3,measure,62,independent_random,33554432,1048576,70073,13515121629681125572,30999063,0,0,21,21,2199794187562,2199794187562
10,LP-E,2m,20260919,324,3,measure,63,independent_random,268435456,1048576,7684853,3167389752849687364,33934174,0,0,21,21,17603266520081,17603266520081
10,LP-E,2m,20260919,325,3,measure,64,chase_sequential,33554432,262144,1284682,5916860800315891000,670384,0,0,21,21,371131285504,371131285504
10,LP-E,2m,20260919,326,3,measure,65,independent_random_bis,67108864,1048576,619734,14592057128892989947,32560081,0,0,21,21,4401541633939,4401541633939
10,LP-E,2m,20260919,327,3,measure,66,chase_random,65536,262144,6053,12614473056604152673,1976960,0,0,21,21,1073610752,1073610752
10,LP-E,2m,20260919,328,3,measure,67,chase_random_double,16384,524288,1179,6882611587388016190,976985,0,0,21,21,536608768,536608768
10,LP-E,2m,20260919,329,3,measure,68,independent_random_bis,8192,1048576,55,7696981368848508535,1666293,0,0,21,21,536360266,536360266
10,LP-E,2m,20260919,330,3,measure,69,chase_random,1048576,262144,81702,11153463142254664142,8015216,0,0,21,21,17179738112,17179738112
10,LP-E,2m,20260919,331,3,measure,70,independent_random_bis,65536,1048576,2760,13943426820811451164,1869923,0,0,21,21,4291940272,4291940272
10,LP-E,2m,20260919,332,3,measure,71,independent_random,32768,1048576,1216,8838893387655743164,2246034,0,0,21,21,2147664614,2147664614
10,LP-E,2m,20260919,333,3,measure,72,independent_random,524288,1048576,32134,12119242089356813009,2512604,0,0,21,21,34364612149,34364612149
10,LP-E,2m,20260919,334,3,measure,73,chase_sequential,32768,262144,1427,3941301562602958723,439429,0,0,21,21,536739840,536739840
10,LP-E,2m,20260919,335,3,measure,74,chase_sequential,8192,262144,130,14926486119625145824,424663,0,0,21,21,134086656,134086656
10,LP-E,2m,20260919,336,3,measure,75,chase_random,16384,262144,471,3506774685235788387,552907,0,0,21,21,268304384,268304384
10,LP-E,2m,20260919,337,3,measure,76,chase_random,268435456,262144,4171816,14314946960863862913,101497200,0,0,21,21,4397751017485,4397751017485
10,LP-E,2m,20260919,338,3,measure,77,independent_random_bis,1048576,1048576,117386,3801972370377076108,2912614,0,0,21,21,68663774019,68663774019
10,LP-E,2m,20260919,339,3,measure,78,chase_random,134217728,262144,4095931,2957469840787160071,99179432,0,0,21,21,2201978457840,2201978457840
10,LP-E,2m,20260919,340,3,measure,79,independent_random_bis,134217728,1048576,16169503,8637485777181169245,31741549,0,0,21,21,8781542153380,8781542153380
10,LP-E,2m,20260919,341,3,measure,80,chase_random_double,1048576,524288,86049,12947585310889423645,9921843,0,0,21,21,34359476224,34359476224
10,LP-E,2m,20260919,342,3,measure,81,chase_random_double,8192,524288,555,17775572367886655458,942743,0,0,21,21,268173312,268173312
10,LP-E,2m,20260919,343,3,measure,82,independent_random_bis,32768,1048576,3766,14970939069649148406,1692568,0,0,21,21,2148009211,2148009211
10,LP-E,2m,20260919,344,3,measure,83,chase_random,67108864,262144,3126957,10176250114672564780,98216913,0,0,21,21,1100174238211,1100174238211
10,LP-E,2m,20260919,345,3,measure,84,independent_random,8192,1048576,717,1181745720252843338,2034442,0,0,21,21,536344276,536344276
10,LP-E,2m,20260919,346,3,measure,85,chase_sequential,16777216,262144,1356620,2986435054586508533,646550,0,0,21,21,389989400576,389989400576
10,LP-E,2m,20260919,347,3,measure,86,independent_random_bis,8388608,1048576,737265,8339046835910758959,26695147,0,0,21,21,549608925602,549608925602
10,LP-E,2m,20260919,348,4,measure,0,independent_random_bis,131072,1048576,833,6336676176456672206,2161798,0,0,21,21,8591593902,8591593902
10,LP-E,2m,20260919,349,4,measure,1,independent_random,8388608,1048576,861390,15760828150461807721,25826419,0,0,21,21,549808512555,549808512555
10,LP-E,2m,20260919,350,4,measure,2,chase_random,16384,262144,1121,7292555908580516945,663834,0,0,21,21,268304384,268304384
10,LP-E,2m,20260919,351,4,measure,3,chase_sequential,4194304,262144,376698,14636419709703387798,772623,0,0,21,21,73049440256,73049440256
10,LP-E,2m,20260919,352,4,measure,4,chase_random_double,4096,524288,397,10674094136591239596,852245,0,0,21,21,133955584,133955584
10,LP-E,2m,20260919,353,4,measure,5,chase_sequential,262144,262144,11170,4760149537279191970,655461,0,0,21,21,4294836224,4294836224
10,LP-E,2m,20260919,354,4,measure,6,chase_random,1048576,262144,74161,9368917816053158169,7457636,0,0,21,21,17179738112,17179738112
10,LP-E,2m,20260919,355,4,measure,7,independent_random,2097152,1048576,163277,14001776723955749083,5251945,0,0,21,21,137318001491,137318001491
10,LP-E,2m,20260919,356,4,measure,8,independent_random_bis,268435456,1048576,30673029,12431065301255918275,31862845,0,0,21,21,17581621493441,17581621493441
10,LP-E,2m,20260919,357,4,measure,9,chase_random,524288,262144,47667,271661832474651873,4609860,0,0,21,21,8589803520,8589803520
10,LP-E,2m,20260919,358,4,measure,10,chase_random_double,65536,524288,2039,14820513026036591943,3447397,0,0,21,21,2147221504,2147221504
10,LP-E,2m,20260919,359,4,measure,11,chase_random_double,16777216,524288,1053605,11992457818486406281,176598820,0,0,21,21,549608309877,549608309877
10,LP-E,2m,20260919,360,4,measure,12,chase_random_double,8388608,524288,676141,5808292607996098192,158798411,0,0,21,21,274717807303,274717807303
10,LP-E,2m,20260919,361,4,measure,13,chase_random,4194304,262144,400408,7271033780817403628,58806516,0,0,21,21,68627785131,68627785131
10,LP-E,2m,20260919,362,4,measure,14,chase_random_double,4194304,524288,77105,4311268618487752051,116498257,0,0,21,21,137438691328,137438691328
10,LP-E,2m,20260919,363,4,measure,15,independent_random_bis,4096,1048576,311,1608646212587458622,2027988,0,0,21,21,267909074,267909074
10,LP-E,2m,20260919,364,4,measure,16,chase_random,8388608,262144,631129,13999329755521493559,77658370,0,0,21,21,137624260930,137624260930
10,LP-E,2m,20260919,365,4,measure,17,chase_random,262144,262144,13157,15128810548730361639,3173661,0,0,21,21,4294836224,4294836224
10,LP-E,2m,20260919,366,4,measure,18,independent_random,65536,1048576,2508,15854640432438089730,1747863,0,0,21,21,4296888098,4296888098
10,LP-E,2m,20260919,367,4,measure,19,independent_random,67108864,1048576,6260013,9107596269689084557,30487068,0,0,21,21,4395877132287,4395877132287
10,LP-E,2m,20260919,368,4,measure,20,independent_random,8192,1048576,317,14095870182698744178,1658922,0,0,21,21,536374421,536374421
10,LP-E,2m,20260919,369,4,measure,21,chase_random,67108864,262144,8366720,9488182659749845335,97619936,0,0,21,21,1099895912680,1099895912680
10,LP-E,2m,20260919,370,4,measure,22,chase_random_double,67108864,524288,5275865,4030936710052749990,199752878,0,0,21,21,2198983480373,2198983480373
10,LP-E,2m,20260919,371,4,measure,23,chase_sequential,8192,262144,211,5372560466698794079,425984,0,0,21,21,134086656,134086656
10,LP-E,2m,20260919,372,4,measure,24,independent_random,262144,1048576,16367,8956508156732157250,2116254,0,0,21,21,17183328172,17183328172
10,LP-E,2m,20260919,373,4,measure,25,page_fault_touch,16777216,4096,766231,4293579536863806961,4034601,185412,8,21,21,8192,8192
10,LP-E,2m,20260919,374,4,measure,26,independent_random,16384,1048576,1876,13224647754978978918,1863858,0,0,21,21,1071812139,1071812139
10,LP-E,2m,20260919,375,4,measure,27,independent_random,1048576,1048576,5024,11337893563338746950,2746207,0,0,21,21,68756489837,68756489837
10,LP-E,2m,20260919,376,4,measure,28,chase_sequential,131072,262144,13469,966009467999955571,625704,0,0,21,21,2147352576,2147352576
10,LP-E,2m,20260919,377,4,measure,29,chase_sequential,4096,262144,190,14646344170343191390,423072,0,0,21,21,66977792,66977792
10,LP-E,2m,20260919,378,4,measure,30,page_fault_touch,268435456,65536,22621760,7112632949333495436,66425062,2925721,128,21,21,131072,131072
10,LP-E,2m,20260919,379,4,measure,31,chase_sequential,67108864,262144,1763818,2549553253621504127,722304,0,0,21,21,496733913088,496733913088
10,LP-E,2m,20260919,380,4,measure,32,independent_random,16777216,1048576,363352,4643987364444992867,29189122,0,0,21,21,1098939247274,1098939247274
10,LP-E,2m,20260919,381,4,measure,33,chase_sequential,2097152,262144,59762,11471026670348009528,864635,0,0,21,21,34359607296,34359607296
10,LP-E,2m,20260919,382,4,measure,34,chase_random_double,524288,524288,43795,53406946902771221,6810686,0,0,21,21,17179607040,17179607040
10,LP-E,2m,20260919,383,4,measure,35,independent_random_bis,16384,1048576,486,13823112520000132308,1866851,0,0,21,21,1073231558,1073231558
10,LP-E,2m,20260919,384,4,measure,36,chase_random,2097152,262144,257226,7966663244638873222,15598954,0,0,21,21,34359607296,34359607296
10,LP-E,2m,20260919,385,4,measure,37,independent_random_bis,16777216,1048576,1392408,18429130631733535222,28116826,0,0,21,21,1100450130666,1100450130666
10,LP-E,2m,20260919,386,4,measure,38,chase_random_double,32768,524288,2296,15446259671590365806,1000512,0,0,21,21,1073479680,1073479680
10,LP-E,2m,20260919,387,4,measure,39,chase_random_double,16384,524288,38,1954243405512627155,1085172,0,0,21,21,536608768,536608768
10,LP-E,2m,20260919,388,4,measure,40,chase_random,32768,262144,2347,4547460199358867655,448662,0,0,21,21,536739840,536739840
10,LP-E,2m,20260919,389,4,measure,41,independent_random_bis,524288,1048576,47563,3906708956118856299,2351626,0,0,21,21,34389512958,34389512958
10,LP-E,2m,20260919,390,4,measure,42,independent_random_bis,1048576,1048576,40509,3648658083381261533,3140229,0,0,21,21,68726668336,68726668336
10,LP-E,2m,20260919,391,4,measure,43,chase_random_double,262144,524288,31116,17048931631013988428,5512249,0,0,21,21,8589672448,8589672448
10,LP-E,2m,20260919,392,4,measure,44,chase_random_double,8192,524288,541,5066502531285048898,1077130,0,0,21,21,268173312,268173312
10,LP-E,2m,20260919,393,4,measure,45,independent_random_bis,8388608,1048576,178632,6599886829294791679,25837721,0,0,21,21,549904629332,549904629332
10,LP-E,2m,20260919,394,4,measure,46,chase_random_double,268435456,524288,30037764,15170440430076519250,200261446,0,0,21,21,8789161731034,8789161731034
10,LP-E,2m,20260919,395,4,measure,47,chase_sequential,524288,262144,48017,10990576893697641619,662967,0,0,21,21,8589803520,8589803520
10,LP-E,2m,20260919,396,4,measure,48,independent_random_bis,67108864,1048576,8043533,1927657027572873201,32357425,0,0,21,21,4398713261237,4398713261237
10,LP-E,2m,20260919,397,4,measure,49,chase_sequential,1048576,262144,79858,9586301672615493259,775185,0,0,21,21,17179738112,17179738112
10,LP-E,2m,20260919,398,4,measure,50,chase_sequential,65536,262144,7557,642461052752735801,431604,0,0,21,21,1073610752,1073610752
10,LP-E,2m,20260919,399,4,measure,51,chase_random,65536,262144,5195,9837892289486125911,1778095,0,0,21,21,1073610752,1073610752
10,LP-E,2m,20260919,400,4,measure,52,independent_random,268435456,1048576,1677540,9638583752407697411,33191977,0,0,21,21,17582571080065,17582571080065
10,LP-E,2m,20260919,401,4,measure,53,chase_random,134217728,262144,6115877,12499908483461455653,98594037,0,0,21,21,2202152833808,2202152833808
10,LP-E,2m,20260919,402,4,measure,54,chase_random,16777216,262144,2096528,1215682815313902431,91822242,0,0,21,21,274967684383,274967684383
10,LP-E,2m,20260919,403,4,measure,55,chase_random,8192,262144,652,12630363297131177047,465321,0,0,21,21,134086656,134086656
10,LP-E,2m,20260919,404,4,measure,56,independent_random_bis,8192,1048576,83,14010265577051530915,1784764,0,0,21,21,536832292,536832292
10,LP-E,2m,20260919,405,4,measure,57,independent_random,4096,1048576,429,10877803191055944516,1837703,0,0,21,21,268141848,268141848
10,LP-E,2m,20260919,406,4,measure,58,independent_random,524288,1048576,33634,12333916320363401188,2275223,0,0,21,21,34370559169,34370559169
10,LP-E,2m,20260919,407,4,measure,59,chase_random,131072,262144,1203,4420011266494492139,2933148,0,0,21,21,2147352576,2147352576
10,LP-E,2m,20260919,408,4,measure,60,independent_random,32768,1048576,2393,7056233579602112241,1869076,0,0,21,21,2147258001,2147258001
10,LP-E,2m,20260919,409,4,measure,61,chase_random_double,2097152,524288,233770,6431122111062191584,26058704,0,0,21,21,68719214592,68719214592
10,LP-E,2m,20260919,410,4,measure,62,chase_random,4096,262144,7,16616571909064427457,434736,0,0,21,21,66977792,66977792
10,LP-E,2m,20260919,411,4,measure,63,chase_random_double,134217728,524288,15085783,3279602057647330325,201633386,0,0,21,21,4399927535932,4399927535932
10,LP-E,2m,20260919,412,4,measure,64,chase_sequential,16384,262144,749,4900873725394940081,424782,0,0,21,21,268304384,268304384
10,LP-E,2m,20260919,413,4,measure,65,independent_random_bis,4194304,1048576,425260,12577261460104194627,22546484,0,0,21,21,274714843837,274714843837
10,LP-E,2m,20260919,414,4,measure,66,chase_random_double,33554432,524288,3597852,9544940475635714624,189251212,0,0,21,21,1100287343033,1100287343033
10,LP-E,2m,20260919,415,4,measure,67,chase_random_double,131072,524288,1154,1489938229072937356,4265692,0,0,21,21,4294705152,4294705152
10,LP-E,2m,20260919,416,4,measure,68,independent_random,4194304,1048576,115847,7582045180851975818,22086608,0,0,21,21,275090125857,275090125857
10,LP-E,2m,20260919,417,4,measure,69,chase_sequential,16777216,262144,1315802,13093066791345618905,695423,0,0,21,21,379289206784,379289206784
10,LP-E,2m,20260919,418,4,measure,70,chase_sequential,32768,262144,3870,6836261076253274926,446704,0,0,21,21,536739840,536739840
10,LP-E,2m,20260919,419,4,measure,71,independent_random_bis,262144,1048576,32235,8574553745684256614,2100504,0,0,21,21,17173881161,17173881161
10,LP-E,2m,20260919,420,4,measure,72,independent_random_bis,33554432,1048576,3355312,6292803607843149262,31514146,0,0,21,21,2198114308019,2198114308019
10,LP-E,2m,20260919,421,4,measure,73,chase_sequential,268435456,262144,10932608,5556589625783150612,879712,0,0,21,21,2900277198848,2900277198848
10,LP-E,2m,20260919,422,4,measure,74,independent_random,33554432,1048576,1785163,12915116033861001585,31774730,0,0,21,21,2198223161426,2198223161426
10,LP-E,2m,20260919,423,4,measure,75,chase_sequential,33554432,262144,3059087,13807261810544165161,851872,0,0,21,21,836280909824,836280909824
10,LP-E,2m,20260919,424,4,measure,76,chase_sequential,8388608,262144,12390,9763021018138649792,734856,0,0,21,21,37607571456,37607571456
10,LP-E,2m,20260919,425,4,measure,77,independent_random_bis,2097152,1048576,197784,16448022409726034912,6512805,0,0,21,21,137455157344,137455157344
10,LP-E,2m,20260919,426,4,measure,78,independent_random_bis,65536,1048576,1290,14601745520872558669,1967914,0,0,21,21,4295041994,4295041994
10,LP-E,2m,20260919,427,4,measure,79,independent_random,131072,1048576,7575,3053936308216195294,1990369,0,0,21,21,8595486199,8595486199
10,LP-E,2m,20260919,428,4,measure,80,chase_random,33554432,262144,4056928,4832216136512518431,98775390,0,0,21,21,549137933113,549137933113
10,LP-E,2m,20260919,429,4,measure,81,independent_random,134217728,1048576,3426456,9420880092014557975,33552945,0,0,21,21,8795097633763,8795097633763
10,LP-E,2m,20260919,430,4,measure,82,independent_random_bis,32768,1048576,766,701930022891753424,2074290,0,0,21,21,2146638242,2146638242
10,LP-E,2m,20260919,431,4,measure,83,chase_random,268435456,262144,3564021,7198742264384858915,103595171,0,0,21,21,4397233380308,4397233380308
10,LP-E,2m,20260919,432,4,measure,84,chase_sequential,134217728,262144,4669482,10563355258936284622,846535,0,0,21,21,1258436296704,1258436296704
10,LP-E,2m,20260919,433,4,measure,85,independent_random_bis,134217728,1048576,6615940,3437280530315297684,33502990,0,0,21,21,8795752599410,8795752599410
10,LP-E,2m,20260919,434,4,measure,86,chase_random_double,1048576,524288,8114,15576357459281440847,10019465,0,0,21,21,34359476224,34359476224
10,LP-E,2m,20260919,435,5,measure,0,chase_random_double,65536,524288,5084,4105729228027801415,3335261,0,0,21,21,2147221504,2147221504
10,LP-E,2m,20260919,436,5,measure,1,independent_random_bis,524288,1048576,5443,172258835789226277,2322685,0,0,21,21,34374477883,34374477883
10,LP-E,2m,20260919,437,5,measure,2,chase_random_double,2097152,524288,158752,4227194527030411422,20189110,0,0,21,21,68719214592,68719214592
10,LP-E,2m,20260919,438,5,measure,3,independent_random_bis,131072,1048576,10342,11227820926505818626,1990219,0,0,21,21,8598405778,8598405778
10,LP-E,2m,20260919,439,5,measure,4,chase_sequential,524288,262144,37172,12025454206281265029,704694,0,0,21,21,8589803520,8589803520
10,LP-E,2m,20260919,440,5,measure,5,chase_random_double,262144,524288,7783,5712659448826163731,5936151,0,0,21,21,8589672448,8589672448
10,LP-E,2m,20260919,441,5,measure,6,chase_random,131072,262144,10051,562847654137201306,1942227,0,0,21,21,2147352576,2147352576
10,LP-E,2m,20260919,442,5,measure,7,chase_random_double,16777216,524288,1591640,6489668441852513037,178045132,0,0,21,21,549896323713,549896323713
10,LP-E,2m,20260919,443,5,measure,8,independent_random_bis,67108864,1048576,2375577,6568499685729650605,30883686,0,0,21,21,4397363819837,4397363819837
10,LP-E,2m,20260919,444,5,measure,9,chase_sequential,131072,262144,4498,14994618167568052415,453560,0,0,21,21,2147352576,2147352576
10,LP-E,2m,20260919,445,5,measure,10,independent_random,16384,1048576,162,16129425368963856359,1684960,0,0,21,21,1073954067,1073954067
10,LP-E,2m,20260919,446,5,measure,11,chase_sequential,1048576,262144,116281,17583932465253912991,608870,0,0,21,21,17179738112,17179738112
10,LP-E,2m,20260919,447,5,measure,12,chase_random_double,8192,524288,598,12854364184369428103,866465,0,0,21,21,268173312,268173312
10,LP-E,2m,20260919,448,5,measure,13,chase_sequential,8192,262144,582,7007303116791365989,429833,0,0,21,21,134086656,134086656
10,LP-E,2m,20260919,449,5,measure,14,independent_random,65536,1048576,7025,1876225420086997890,1790563,0,0,21,21,4294618620,4294618620
10,LP-E,2m,20260919,450,5,measure,15,chase_random,8388608,262144,61062,4178844075705499785,82721186,0,0,21,21,137669259344,137669259344
10,LP-E,2m,20260919,451,5,measure,16,page_fault_touch,16777216,4096,901081,8821772366996546571,4603145,187130,8,21,21,8192,8192
10,LP-E,2m,20260919,452,5,measure,17,chase_random_double,268435456,524288,13228216,7833992060268624628,199375787,0,0,21,21,8801610077657,8801610077657
10,LP-E,2m,20260919,453,5,measure,18,chase_random,8192,262144,453,232268528506611204,444155,0,0,21,21,134086656,134086656
10,LP-E,2m,20260919,454,5,measure,19,chase_random,4194304,262144,343544,10168892721883274534,59904306,0,0,21,21,68687065349,68687065349
10,LP-E,2m,20260919,455,5,measure,20,chase_random_double,134217728,524288,4406007,10452035201247029115,198844276,0,0,21,21,4401764130480,4401764130480
10,LP-E,2m,20260919,456,5,measure,21,chase_random,2097152,262144,61580,8697103633610143018,15445574,0,0,21,21,34359607296,34359607296
10,LP-E,2m,20260919,457,5,measure,22,chase_random_double,4096,524288,276,17817602028105232659,857599,0,0,21,21,133955584,133955584
10,LP-E,2m,20260919,458,5,measure,23,chase_random_double,33554432,524288,1533968,18361270283130096766,189591665,0,0,21,21,1100041345263,1100041345263
10,LP-E,2m,20260919,459,5,measure,24,chase_random_double,16384,524288,933,3038079440727373620,894326,0,0,21,21,536608768,536608768
10,LP-E,2m,20260919,460,5,measure,25,independent_random_bis,16384,1048576,1073,5826067046504587361,1723153,0,0,21,21,1072180442,1072180442
10,LP-E,2m,20260919,461,5,measure,26,chase_sequential,33554432,262144,422864,8821511128983799262,702776,0,0,21,21,145210867712,145210867712
10,LP-E,2m,20260919,462,5,measure,27,independent_random,32768,1048576,2567,17049510495802903144,1694023,0,0,21,21,2146793493,2146793493
10,LP-E,2m,20260919,463,5,measure,28,chase_random,134217728,262144,16127164,1007666960689089043,99246629,0,0,21,21,2197208263226,2197208263226
10,LP-E,2m,20260919,464,5,measure,29,independent_random,131072,1048576,4553,9335943489117113583,1808584,0,0,21,21,8588615896,8588615896
10,LP-E,2m,20260919,465,5,measure,30,chase_random,1048576,262144,95984,5814441650150659571,7666020,0,0,21,21,17179738112,17179738112
10,LP-E,2m,20260919,466,5,measure,31,independent_random_bis,268435456,1048576,284227,17447133881932196539,33271991,0,0,21,21,17592161263520,17592161263520
10,LP-E,2m,20260919,467,5,measure,32,chase_sequential,268435456,262144,20506897,12868042513973309644,866671,0,0,21,21,5410119614464,5410119614464
10,LP-E,2m,20260919,468,5,measure,33,chase_random,262144,262144,29715,8207954121475352373,3339943,0,0,21,21,4294836224,4294836224
10,LP-E,2m,20260919,469,5,measure,34,independent_random_bis,32768,1048576,406,17259978392543321665,1875383,0,0,21,21,2146205655,2146205655
10,LP-E,2m,20260919,470,5,measure,35,chase_sequential,262144,262144,7724,298937342526744529,459611,0,0,21,21,4294836224,4294836224
10,LP-E,2m,20260919,471,5,measure,36,chase_random_double,67108864,524288,3566616,381567220633609163,195817924,0,0,21,21,2197910508880,2197910508880
10,LP-E,2m,20260919,472,5,measure,37,independent_random,134217728,1048576,6411193,12387014803423367811,33285375,0,0,21,21,8796894378256,8796894378256
10,LP-E,2m,20260919,473,5,measure,38,independent_random,262144,1048576,7512,11813295206701184137,2270936,0,0,21,21,17187627479,17187627479
10,LP-E,2m,20260919,474,5,measure,39,chase_sequential,4096,262144,186,992946316035730426,422561,0,0,21,21,66977792,66977792
10,LP-E,2m,20260919,475,5,measure,40,chase_sequential,16384,262144,616,10068217864752951996,606105,0,0,21,21,268304384,268304384
10,LP-E,2m,20260919,476,5,measure,41,chase_random,65536,262144,772,15279906162552018115,1703482,0,0,21,21,1073610752,1073610752
10,LP-E,2m,20260919,477,5,measure,42,independent_random,524288,1048576,60944,11394159604901733891,2467853,0,0,21,21,34355732042,34355732042
10,LP-E,2m,20260919,478,5,measure,43,independent_random_bis,2097152,1048576,246301,12340477258210156536,6147634,0,0,21,21,137383168320,137383168320
10,LP-E,2m,20260919,479,5,measure,44,chase_sequential,8388608,262144,410732,14184999109698083474,887611,0,0,21,21,142030536704,142030536704
10,LP-E,2m,20260919,480,5,measure,45,independent_random_bis,33554432,1048576,4188743,9942640678490170738,31123585,0,0,21,21,2199749245343,2199749245343
10,LP-E,2m,20260919,481,5,measure,46,chase_random,32768,262144,3142,3908311091985453140,579113,0,0,21,21,536739840,536739840
10,LP-E,2m,20260919,482,5,measure,47,chase_random,4096,262144,194,16182116545311551414,435898,0,0,21,21,66977792,66977792
10,LP-E,2m,20260919,483,5,measure,48,independent_random,268435456,1048576,9502785,14597373303925082431,33364910,0,0,21,21,17594951487595,17594951487595
10,LP-E,2m,20260919,484,5,measure,49,chase_sequential,16777216,262144,611817,14985098827786948144,684358,0,0,21,21,194743762944,194743762944
10,LP-E,2m,20260919,485,5,measure,50,chase_random_double,1048576,524288,65939,5361140781350964975,9864723,0,0,21,21,34359476224,34359476224
10,LP-E,2m,20260919,486,5,measure,51,chase_random,16777216,262144,1303087,13157779507214455582,93223891,0,0,21,21,275143549314,275143549314
10,LP-E,2m,20260919,487,5,measure,52,chase_random,67108864,262144,7409174,10921013286565431707,97397010,0,0,21,21,1100394817697,1100394817697
10,LP-E,2m,20260919,488,5,measure,53,independent_random_bis,4096,1048576,189,14219874552188588409,2037665,0,0,21,21,267997605,267997605
10,LP-E,2m,20260919,489,5,measure,54,chase_random_double,8388608,524288,200110,9075878962468093212,159931073,0,0,21,21,274717643997,274717643997
10,LP-E,2m,20260919,490,5,measure,55,independent_random,8388608,1048576,395676,2211997333917194556,26108324,0,0,21,21,550101906422,550101906422
10,LP-E,2m,20260919,491,5,measure,56,independent_random_bis,4194304,1048576,436215,9367297622466995818,22772692,0,0,21,21,274934763812,274934763812
10,LP-E,2m,20260919,492,5,measure,57,independent_random,67108864,1048576,4515957,14972099209460315109,32622219,0,0,21,21,4404326863849,4404326863849
10,LP-E,2m,20260919,493,5,measure,58,independent_random,2097152,1048576,155514,8243033831541527379,5075913,0,0,21,21,137526154195,137526154195
10,LP-E,2m,20260919,494,5,measure,59,independent_random,16777216,1048576,859799,9164294086770981649,28342543,0,0,21,21,1098645765801,1098645765801
10,LP-E,2m,20260919,495,5,measure,60,chase_sequential,2097152,262144,250858,11373305654506050710,652830,0,0,21,21,34359607296,34359607296
10,LP-E,2m,20260919,496,5,measure,61,chase_random_double,131072,524288,7914,209795998328246508,4554569,0,0,21,21,4294705152,4294705152
10,LP-E,2m,20260919,497,5,measure,62,chase_random,16384,262144,1330,4955591920909949039,667058,0,0,21,21,268304384,268304384
10,LP-E,2m,20260919,498,5,measure,63,chase_random_double,4194304,524288,514645,9320857399067297647,115475151,0,0,21,21,137438691328,137438691328
10,LP-E,2m,20260919,499,5,measure,64,independent_random,1048576,1048576,20755,3197266034898214427,2824977,0,0,21,21,68759458464,68759458464
10,LP-E,2m,20260919,500,5,measure,65,independent_random_bis,134217728,1048576,2345742,16564996670496212964,33124071,0,0,21,21,8798222008659,8798222008659
10,LP-E,2m,20260919,501,5,measure,66,chase_random,33554432,262144,2357506,14248470219982224855,96715658,0,0,21,21,550274407424,550274407424
10,LP-E,2m,20260919,502,5,measure,67,page_fault_touch,268435456,65536,18113138,4698636975840992951,68074429,3129677,128,21,21,131072,131072
10,LP-E,2m,20260919,503,5,measure,68,independent_random_bis,8192,1048576,405,1063350755393958027,3468368,0,0,21,21,536743343,536743343
10,LP-E,2m,20260919,504,5,measure,69,chase_sequential,65536,262144,5956,14259624278225258117,892289,0,0,21,21,1073610752,1073610752
10,LP-E,2m,20260919,505,5,measure,70,chase_random_double,524288,524288,9046,5917830043810893202,11200957,0,0,21,21,17179607040,17179607040
10,LP-E,2m,20260919,506,5,measure,71,chase_random_double,32768,524288,271,8839160226143899799,1955250,0,0,21,21,1073479680,1073479680
10,LP-E,2m,20260919,507,5,measure,72,independent_random,33554432,1048576,51286,13452409395981501756,30104818,0,0,21,21,2199332385912,2199332385912
10,LP-E,2m,20260919,508,5,measure,73,independent_random_bis,262144,1048576,16172,18109329655118263707,3765019,0,0,21,21,17170498508,17170498508
10,LP-E,2m,20260919,509,5,measure,74,independent_random_bis,65536,1048576,3408,6940666096234157646,3581591,0,0,21,21,4296344032,4296344032
10,LP-E,2m,20260919,510,5,measure,75,chase_random,268435456,262144,13482615,4015845491541549303,102237739,0,0,21,21,4403888877130,4403888877130
10,LP-E,2m,20260919,511,5,measure,76,independent_random,4096,1048576,161,13565386051325178482,1956636,0,0,21,21,267899298,267899298
10,LP-E,2m,20260919,512,5,measure,77,independent_random_bis,16777216,1048576,1058520,17610378168847438946,29982626,0,0,21,21,1100404781694,1100404781694
10,LP-E,2m,20260919,513,5,measure,78,chase_sequential,134217728,262144,10696733,5043011012572667890,723263,0,0,21,21,2838443982848,2838443982848
10,LP-E,2m,20260919,514,5,measure,79,independent_random,4194304,1048576,415445,9426630555220966250,23082798,0,0,21,21,274794232279,274794232279
10,LP-E,2m,20260919,515,5,measure,80,independent_random,8192,1048576,796,8785173343970130822,1864118,0,0,21,21,536731445,536731445
10,LP-E,2m,20260919,516,5,measure,81,chase_random,524288,262144,3665,12293228731429406003,4355507,0,0,21,21,8589803520,8589803520
10,LP-E,2m,20260919,517,5,measure,82,independent_random_bis,1048576,1048576,59250,4646927167404555906,3086314,0,0,21,21,68859339572,68859339572
10,LP-E,2m,20260919,518,5,measure,83,chase_sequential,67108864,262144,5137290,8047698152495748649,702233,0,0,21,21,1381069357056,1381069357056
10,LP-E,2m,20260919,519,5,measure,84,independent_random_bis,8388608,1048576,588035,5135579144961058236,26589213,0,0,21,21,550048017639,550048017639
10,LP-E,2m,20260919,520,5,measure,85,chase_sequential,32768,262144,716,10895678289969466672,452618,0,0,21,21,536739840,536739840
10,LP-E,2m,20260919,521,5,measure,86,chase_sequential,4194304,262144,4624,11516625872260679212,643717,0,0,21,21,35571761152,35571761152
10,LP-E,2m,20260919,522,6,measure,0,chase_random_double,2097152,524288,42999,4245350012508101380,20598720,0,0,21,21,68719214592,68719214592
10,LP-E,2m,20260919,523,6,measure,1,independent_random_bis,8388608,1048576,713875,9234707555017490984,26954757,0,0,21,21,550215901146,550215901146
10,LP-E,2m,20260919,524,6,measure,2,independent_random_bis,65536,1048576,1798,14402934419376984590,1929127,0,0,21,21,4293705969,4293705969
10,LP-E,2m,20260919,525,6,measure,3,independent_random_bis,2097152,1048576,36391,9461531759795564142,6235238,0,0,21,21,137352251229,137352251229
10,LP-E,2m,20260919,526,6,measure,4,independent_random,524288,1048576,11877,12141614838786083539,2533771,0,0,21,21,34345730156,34345730156
10,LP-E,2m,20260919,527,6,measure,5,chase_random,2097152,262144,65328,4874397899562774490,18479295,0,0,21,21,34359607296,34359607296
10,LP-E,2m,20260919,528,6,measure,6,independent_random,268435456,1048576,14195440,4022227536835466255,33953580,0,0,21,21,17604364359810,17604364359810
10,LP-E,2m,20260919,529,6,measure,7,chase_random,4096,262144,263,1954757528439890809,449881,0,0,21,21,66977792,66977792
10,LP-E,2m,20260919,530,6,measure,8,chase_sequential,131072,262144,4926,4519411398313196871,483929,0,0,21,21,2147352576,2147352576
10,LP-E,2m,20260919,531,6,measure,9,chase_random_double,65536,524288,923,14715701424870028841,3050042,0,0,21,21,2147221504,2147221504
10,LP-E,2m,20260919,532,6,measure,10,independent_random_bis,33554432,1048576,1841261,2239140940536049750,31481103,0,0,21,21,2199173676741,2199173676741
10,LP-E,2m,20260919,533,6,measure,11,independent_random,32768,1048576,8,3395883791976853203,2045604,0,0,21,21,2148418908,2148418908
10,LP-E,2m,20260919,534,6,measure,12,independent_random,4096,1048576,471,11805659268465436603,2030955,0,0,21,21,267623949,267623949
10,LP-E,2m,20260919,535,6,measure,13,chase_random,4194304,262144,337507,15757233731364068443,60279788,0,0,21,21,68765167533,68765167533
10,LP-E,2m,20260919,536,6,measure,14,chase_random,268435456,262144,8141751,4021619583221958342,100805741,0,0,21,21,4393732995850,4393732995850
10,LP-E,2m,20260919,537,6,measure,15,chase_random,16384,262144,1541,4127880956538613142,489867,0,0,21,21,268304384,268304384
10,LP-E,2m,20260919,538,6,measure,16,independent_random_bis,262144,1048576,27179,6579580048853951902,2085942,0,0,21,21,17179706166,17179706166
10,LP-E,2m,20260919,539,6,measure,17,chase_random_double,33554432,524288,1843904,12690318197906919315,192885113,0,0,21,21,1099178725049,1099178725049
10,LP-E,2m,20260919,540,6,measure,18,chase_random_double,32768,524288,2512,4102384052434425863,1353723,0,0,21,21,1073479680,1073479680
10,LP-E,2m,20260919,541,6,measure,19,chase_random,67108864,262144,4260238,2713638803848085608,98558222,0,0,21,21,1100271594883,1100271594883
10,LP-E,2m,20260919,542,6,measure,20,chase_random,16777216,262144,1638361,15355751724649020215,89971047,0,0,21,21,274777988570,274777988570
10,LP-E,2m,20260919,543,6,measure,21,independent_random_bis,4096,1048576,190,8376430018461258567,2031194,0,0,21,21,268048535,268048535
10,LP-E,2m,20260919,544,6,measure,22,independent_random,131072,1048576,12074,8938262277282783303,1970095,0,0,21,21,8582908726,8582908726
10,LP-E,2m,20260919,545,6,measure,23,independent_random_bis,1048576,1048576,13237,10682740195199530449,2968688,0,0,21,21,68722718274,68722718274
10,LP-E,2m,20260919,546,6,measure,24,chase_sequential,262144,262144,12326,2018108063290878882,632110,0,0,21,21,4294836224,4294836224
10,LP-E,2m,20260919,547,6,measure,25,independent_random_bis,4194304,1048576,157728,18227116608686284788,23001799,0,0,21,21,274899576600,274899576600
10,LP-E,2m,20260919,548,6,measure,26,independent_random_bis,16384,1048576,1920,4940184273706667597,2032046,0,0,21,21,1073167278,1073167278
10,LP-E,2m,20260919,549,6,measure,27,independent_random_bis,16777216,1048576,430026,244897421449144178,28351262,0,0,21,21,1098387280775,1098387280775
10,LP-E,2m,20260919,550,6,measure,28,independent_random,262144,1048576,19761,15583324082073515358,2257569,0,0,21,21,17176775599,17176775599
10,LP-E,2m,20260919,551,6,measure,29,chase_random_double,4194304,524288,17264,6766945372783459590,117782560,0,0,21,21,137438691328,137438691328
10,LP-E,2m,20260919,552,6,measure,30,chase_random_double,1048576,524288,103486,4633239208593132540,10080729,0,0,21,21,34359476224,34359476224
10,LP-E,2m,20260919,553,6,measure,31,independent_random_bis,32768,1048576,1378,11680199073665369150,1866958,0,0,21,21,2146681007,2146681007
10,LP-E,2m,20260919,554,6,measure,32,chase_random_double,524288,524288,20305,10943496410941571018,7168981,0,0,21,21,17179607040,17179607040
10,LP-E,2m,20260919,555,6,measure,33,independent_random_bis,67108864,1048576,7250026,3579729388846531162,31377820,0,0,21,21,4398543949842,4398543949842
10,LP-E,2m,20260919,556,6,measure,34,independent_random,8388608,1048576,852241,9753746455063706310,25586002,0,0,21,21,549730940765,549730940765
10,LP-E,2m,20260919,557,6,measure,35,chase_random_double,67108864,524288,3696755,8539377329378036423,187739032,0,0,21,21,2197607456454,2197607456454
10,LP-E,2m,20260919,558,6,measure,36,chase_random_double,16384,524288,676,16039341989020771485,893480,0,0,21,21,536608768,536608768
10,LP-E,2m,20260919,559,6,measure,37,chase_sequential,16777216,262144,1972399,14615139590458263206,761631,0,0,21,21,263282360320,263282360320
10,LP-E,2m,20260919,560,6,measure,38,independent_random,2097152,1048576,258132,8072610259805162579,5547654,0,0,21,21,137536787313,137536787313
10,LP-E,2m,20260919,561,6,measure,39,chase_random,134217728,262144,2795100,14982553758812076217,97504177,0,0,21,21,2202695658894,2202695658894
10,LP-E,2m,20260919,562,6,measure,40,independent_random,33554432,1048576,2896603,14926690668131102608,29977192,0,0,21,21,2198282300713,2198282300713
10,LP-E,2m,20260919,563,6,measure,41,chase_random_double,262144,524288,27105,942448070701578297,5619308,0,0,21,21,8589672448,8589672448
10,LP-E,2m,20260919,564,6,measure,42,chase_sequential,32768,262144,1390,2682549336426892329,614216,0,0,21,21,536739840,536739840
10,LP-E,2m,20260919,565,6,measure,43,chase_sequential,16384,262144,702,7568253221999666472,426791,0,0,21,21,268304384,268304384
10,LP-E,2m,20260919,566,6,measure,44,chase_sequential,65536,262144,5450,5186493575486477877,618526,0,0,21,21,1073610752,1073610752
10,LP-E,2m,20260919,567,6,measure,45,chase_random,131072,262144,15270,6373258313894560660,2668523,0,0,21,21,2147352576,2147352576
10,LP-E,2m,20260919,568,6,measure,46,page_fault_touch,268435456,65536,15372908,7949059986559458130,65243440,3055482,128,21,21,131072,131072
10,LP-E,2m,20260919,569,6,measure,47,chase_random,262144,262144,19035,17111764441994278659,3136376,0,0,21,21,4294836224,4294836224
10,LP-E,2m,20260919,570,6,measure,48,independent_random,134217728,1048576,10542305,962923126546878560,32144605,0,0,21,21,8785876058963,8785876058963
10,LP-E,2m,20260919,571,6,measure,49,chase_sequential,8192,262144,471,6712971872283328031,623456,0,0,21,21,134086656,134086656
10,LP-E,2m,20260919,572,6,measure,50,chase_random_double,268435456,524288,6196707,17367981759571731532,203217447,0,0,21,21,8789494308057,8789494308057
10,LP-E,2m,20260919,573,6,measure,51,chase_sequential,524288,262144,47733,12844712138365647956,670276,0,0,21,21,8589803520,8589803520
10,LP-E,2m,20260919,574,6,measure,52,chase_random_double,134217728,524288,7387592,4451051666696823407,195515679,0,0,21,21,4403351476439,4403351476439
10,LP-E,2m,20260919,575,6,measure,53,chase_sequential,268435456,262144,16298207,5931727173795231022,723061,0,0,21,21,4306836783104,4306836783104
10,LP-E,2m,20260919,576,6,measure,54,independent_random,8192,1048576,300,785029469197076925,1627956,0,0,21,21,536043952,536043952
10,LP-E,2m,20260919,577,6,measure,55,chase_random,65536,262144,4864,7634532666518688597,1673816,0,0,21,21,1073610752,1073610752
10,LP-E,2m,20260919,578,6,measure,56,chase_sequential,4096,262144,374,14330949089493999585,435622,0,0,21,21,66977792,66977792
10,LP-E,2m,20260919,579,6,measure,57,independent_random_bis,8192,1048576,192,7319422803539458559,1658924,0,0,21,21,536624831,536624831
10,LP-E,2m,20260919,580,6,measure,58,chase_random_double,4096,524288,254,13132047986242443383,862097,0,0,21,21,133955584,133955584
10,LP-E,2m,20260919,581,6,measure,59,chase_sequential,1048576,262144,23034,6372244606957016499,662168,0,0,21,21,17179738112,17179738112
10,LP-E,2m,20260919,582,6,measure,60,independent_random,1048576,1048576,18481,5744347101303616426,2709008,0,0,21,21,68693060620,68693060620
10,LP-E,2m,20260919,583,6,measure,61,chase_random,8192,262144,700,1587878048464797252,452160,0,0,21,21,134086656,134086656
10,LP-E,2m,20260919,584,6,measure,62,independent_random_bis,268435456,1048576,141616,1594978190697098245,31743164,0,0,21,21,17596084730533,17596084730533
10,LP-E,2m,20260919,585,6,measure,63,chase_random_double,131072,524288,12663,11126266678722040215,4692372,0,0,21,21,4294705152,4294705152
10,LP-E,2m,20260919,586,6,measure,64,chase_random,524288,262144,51196,6439377713928387207,5182003,0,0,21,21,8589803520,8589803520
10,LP-E,2m,20260919,587,6,measure,65,chase_random_double,16777216,524288,1729159,14424885428239555285,183252875,0,0,21,21,549935536160,549935536160
10,LP-E,2m,20260919,588,6,measure,66,chase_random,1048576,262144,66353,17666015835810933237,7793121,0,0,21,21,17179738112,17179738112
10,LP-E,2m,20260919,589,6,measure,67,chase_random,8388608,262144,1009239,7546085708419228456,80587367,0,0,21,21,137280123571,137280123571
10,LP-E,2m,20260919,590,6,measure,68,chase_random_double,8388608,524288,817366,18201635699989175305,161487100,0,0,21,21,274942174444,274942174444
10,LP-E,2m,20260919,591,6,measure,69,chase_random,32768,262144,3618,9343525803553566149,525282,0,0,21,21,536739840,536739840
10,LP-E,2m,20260919,592,6,measure,70,independent_random,4194304,1048576,467548,168099899634255643,23806640,0,0,21,21,274914986876,274914986876
10,LP-E,2m,20260919,593,6,measure,71,chase_sequential,33554432,262144,1422879,3684565724548475659,728953,0,0,21,21,407358799872,407358799872
10,LP-E,2m,20260919,594,6,measure,72,independent_random_bis,524288,1048576,49441,14709841738513806560,2334648,0,0,21,21,34378203840,34378203840
10,LP-E,2m,20260919,595,6,measure,73,chase_random_double,8192,524288,843,17266566396018943701,1072174,0,0,21,21,268173312,268173312
10,LP-E,2m,20260919,596,6,measure,74,page_fault_touch,16777216,4096,1044718,18281845527167966859,4317790,182509,8,21,21,8192,8192
10,LP-E,2m,20260919,597,6,measure,75,chase_sequential,67108864,262144,1816271,15850806953321451023,727665,0,0,21,21,510484152320,510484152320
10,LP-E,2m,20260919,598,6,measure,76,independent_random,65536,1048576,5931,13814895343914829915,1930666,0,0,21,21,4295644739,4295644739
10,LP-E,2m,20260919,599,6,measure,77,independent_random_bis,131072,1048576,1759,1231953154654353246,2163380,0,0,21,21,8593845396,8593845396
10,LP-E,2m,20260919,600,6,measure,78,chase_sequential,8388608,262144,721562,3567897663128200135,847817,0,0,21,21,223512756224,223512756224
10,LP-E,2m,20260919,601,6,measure,79,independent_random,16777216,1048576,1459247,3324533971436339709,29334955,0,0,21,21,1099284325668,1099284325668
10,LP-E,2m,20260919,602,6,measure,80,chase_sequential,2097152,262144,41044,15914511699835429634,855119,0,0,21,21,34359607296,34359607296
10,LP-E,2m,20260919,603,6,measure,81,independent_random,67108864,1048576,1905757,11182324759631258177,32664024,0,0,21,21,4401933986113,4401933986113
10,LP-E,2m,20260919,604,6,measure,82,independent_random,16384,1048576,1821,5110438380361063211,1667343,0,0,21,21,1072544304,1072544304
10,LP-E,2m,20260919,605,6,measure,83,chase_sequential,4194304,262144,388499,11555836044275435025,708748,0,0,21,21,69955878912,69955878912
10,LP-E,2m,20260919,606,6,measure,84,chase_sequential,134217728,262144,5088930,5380252952133356027,718164,0,0,21,21,1368392073216,1368392073216
10,LP-E,2m,20260919,607,6,measure,85,chase_random,33554432,262144,3734329,13447008638898571431,93819434,0,0,21,21,549551839786,549551839786
10,LP-E,2m,20260919,608,6,measure,86,independent_random_bis,134217728,1048576,5358765,12285638576096969616,32240457,0,0,21,21,8796899714587,8796899714587
10,LP-E,2m,20260919,609,7,measure,0,independent_random,33554432,1048576,26187,233231402557946753,29884416,0,0,21,21,2199322923052,2199322923052
10,LP-E,2m,20260919,610,7,measure,1,independent_random_bis,4096,1048576,207,10358805245002467182,1863634,0,0,21,21,267838049,267838049
10,LP-E,2m,20260919,611,7,measure,2,independent_random,8192,1048576,30,11236347744493542996,1662369,0,0,21,21,536574369,536574369
10,LP-E,2m,20260919,612,7,measure,3,chase_sequential,268435456,262144,13355952,15047103996961650287,723391,0,0,21,21,3535542288384,3535542288384
10,LP-E,2m,20260919,613,7,measure,4,chase_sequential,16384,262144,1623,7642713038814840164,448790,0,0,21,21,268304384,268304384
10,LP-E,2m,20260919,614,7,measure,5,chase_random,33554432,262144,2413130,5173017333255100932,92752978,0,0,21,21,548762498808,548762498808
10,LP-E,2m,20260919,615,7,measure,6,chase_sequential,131072,262144,9770,11156531111499136743,628258,0,0,21,21,2147352576,2147352576
10,LP-E,2m,20260919,616,7,measure,7,independent_random,268435456,1048576,24421665,9990268201666742589,32498580,0,0,21,21,17600199290267,17600199290267
10,LP-E,2m,20260919,617,7,measure,8,chase_random,16777216,262144,578687,17796392134292506174,90901066,0,0,21,21,274700841496,274700841496
10,LP-E,2m,20260919,618,7,measure,9,chase_random_double,8192,524288,288,11709507344575405655,1051733,0,0,21,21,268173312,268173312
10,LP-E,2m,20260919,619,7,measure,10,independent_random,8388608,1048576,918562,7533385923038352108,26366229,0,0,21,21,549186150790,549186150790
10,LP-E,2m,20260919,620,7,measure,11,chase_random_double,8388608,524288,601275,16976038472527092484,161915874,0,0,21,21,274963539387,274963539387
10,LP-E,2m,20260919,621,7,measure,12,chase_random,268435456,262144,6710472,14173441813070062472,102161675,0,0,21,21,4390969010364,4390969010364
10,LP-E,2m,20260919,622,7,measure,13,independent_random,4194304,1048576,462746,5281858874787009312,33729549,0,0,21,21,274857373828,274857373828
10,LP-E,2m,20260919,623,7,measure,14,chase_sequential,1048576,262144,122760,14620236704851801947,1177406,0,0,21,21,17179738112,17179738112
10,LP-E,2m,20260919,624,7,measure,15,chase_sequential,32768,262144,2589,5477070358221149949,2908504,0,0,21,21,536739840,536739840
10,LP-E,2m,20260919,625,7,measure,16,page_fault_touch,268435456,65536,5658048,9828875102573121486,89375382,3282116,128,21,21,131072,131072
10,LP-E,2m,20260919,626,7,measure,17,chase_random_double,2097152,524288,76250,4439017558272947644,26116998,0,0,21,21,68719214592,68719214592
10,LP-E,2m,20260919,627,7,measure,18,chase_sequential,524288,262144,25400,11088421658830288765,944779,0,0,21,21,8589803520,8589803520
10,LP-E,2m,20260919,628,7,measure,19,chase_random_double,67108864,524288,3763715,14071088950289637808,198253537,0,0,21,21,2198452964246,2198452964246
10,LP-E,2m,20260919,629,7,measure,20,page_fault_touch,16777216,4096,1341135,17828060219414380165,4228941,165339,8,21,21,8192,8192
10,LP-E,2m,20260919,630,7,measure,21,chase_random,16384,262144,1600,7647366669665333100,636016,0,0,21,21,268304384,268304384
10,LP-E,2m,20260919,631,7,measure,22,chase_random_double,1048576,524288,126039,3599474372332498868,10886348,0,0,21,21,34359476224,34359476224
10,LP-E,2m,20260919,632,7,measure,23,chase_random,67108864,262144,1951603,5016667773862758712,97036169,0,0,21,21,1099939843565,1099939843565
10,LP-E,2m,20260919,633,7,measure,24,independent_random_bis,32768,1048576,3414,3794571647116491025,1690039,0,0,21,21,2147100658,2147100658
10,LP-E,2m,20260919,634,7,measure,25,chase_random_double,262144,524288,18639,7488280803968119085,5732682,0,0,21,21,8589672448,8589672448
10,LP-E,2m,20260919,635,7,measure,26,chase_random,4096,262144,120,15914596592388507814,436908,0,0,21,21,66977792,66977792
10,LP-E,2m,20260919,636,7,measure,27,independent_random_bis,8192,1048576,43,9603051135184804129,1830854,0,0,21,21,536625589,536625589
10,LP-E,2m,20260919,637,7,measure,28,chase_random,32768,262144,2791,3713644158483584259,430950,0,0,21,21,536739840,536739840
10,LP-E,2m,20260919,638,7,measure,29,independent_random_bis,262144,1048576,19378,6989776868547909016,1855716,0,0,21,21,17173414280,17173414280
10,LP-E,2m,20260919,639,7,measure,30,independent_random_bis,16777216,1048576,570671,12341176544218249454,29625396,0,0,21,21,1098593694285,1098593694285
10,LP-E,2m,20260919,640,7,measure,31,chase_random,134217728,262144,302724,12925245546711344454,99233894,0,0,21,21,2198322485883,2198322485883
10,LP-E,2m,20260919,641,7,measure,32,independent_random_bis,131072,1048576,350,16913442091810708210,1970627,0,0,21,21,8585624049,8585624049
10,LP-E,2m,20260919,642,7,measure,33,chase_sequential,4194304,262144,246536,15040934361823571196,868006,0,0,21,21,98987540480,98987540480
10,LP-E,2m,20260919,643,7,measure,34,chase_sequential,65536,262144,7509,13422184692725902914,432770,0,0,21,21,1073610752,1073610752
10,LP-E,2m,20260919,644,7,measure,35,chase_random_double,16777216,524288,1851249,6079441795063499387,176618060,0,0,21,21,549804934491,549804934491
10,LP-E,2m,20260919,645,7,measure,36,chase_sequential,4096,262144,138,4268026236519237142,615426,0,0,21,21,66977792,66977792
10,LP-E,2m,20260919,646,7,measure,37,independent_random,1048576,1048576,91349,16913574560718619467,2804308,0,0,21,21,68803860017,68803860017
10,LP-E,2m,20260919,647,7,measure,38,chase_random,131072,262144,778,3482670697820365484,2764901,0,0,21,21,2147352576,2147352576
10,LP-E,2m,20260919,648,7,measure,39,chase_random,65536,262144,237,1122465071441465733,2052236,0,0,21,21,1073610752,1073610752
10,LP-E,2m,20260919,649,7,measure,40,chase_random,262144,262144,25062,15029347064795216587,3672419,0,0,21,21,4294836224,4294836224
10,LP-E,2m,20260919,650,7,measure,41,chase_random,8388608,262144,893471,8252885005205119362,81927446,0,0,21,21,137351390908,137351390908
10,LP-E,2m,20260919,651,7,measure,42,chase_sequential,134217728,262144,9912646,14954031231242786576,729826,0,0,21,21,2632900280320,2632900280320
10,LP-E,2m,20260919,652,7,measure,43,chase_random_double,524288,524288,30142,2976490988347171223,6721213,0,0,21,21,17179607040,17179607040
10,LP-E,2m,20260919,653,7,measure,44,independent_random,4096,1048576,351,7262371233237077889,2033880,0,0,21,21,268032338,268032338
10,LP-E,2m,20260919,654,7,measure,45,chase_sequential,33554432,262144,2399099,12436821806081272479,854760,0,0,21,21,663269015552,663269015552
10,LP-E,2m,20260919,655,7,measure,46,independent_random_bis,65536,1048576,6715,6845096388063072606,1950734,0,0,21,21,4297083093,4297083093
10,LP-E,2m,20260919,656,7,measure,47,independent_random_bis,2097152,1048576,248997,18034270356545888952,5238322,0,0,21,21,137414918105,137414918105
10,LP-E,2m,20260919,657,7,measure,48,independent_random,16384,1048576,798,15212724799596151391,2045595,0,0,21,21,1073242306,1073242306
10,LP-E,2m,20260919,658,7,measure,49,independent_random_bis,268435456,1048576,11701418,11320848810944340503,32877305,0,0,21,21,17571397852627,17571397852627
10,LP-E,2m,20260919,659,7,measure,50,chase_sequential,67108864,262144,3416576,16169848303646763436,870878,0,0,21,21,929994506240,929994506240
10,LP-E,2m,20260919,660,7,measure,51,chase_random_double,4096,524288,342,2651197462897674997,868288,0,0,21,21,133955584,133955584
10,LP-E,2m,20260919,661,7,measure,52,independent_random,131072,1048576,10477,12534201249245411395,1966689,0,0,21,21,8588115918,8588115918
10,LP-E,2m,20260919,662,7,measure,53,chase_random,2097152,262144,252887,7560383900218352788,16613714,0,0,21,21,34359607296,34359607296
10,LP-E,2m,20260919,663,7,measure,54,independent_random_bis,33554432,1048576,2338689,16493947546860489297,31647463,0,0,21,21,2199401938996,2199401938996
10,LP-E,2m,20260919,664,7,measure,55,chase_sequential,8192,262144,834,11180499819682396810,622981,0,0,21,21,134086656,134086656
10,LP-E,2m,20260919,665,7,measure,56,independent_random_bis,524288,1048576,38472,13094211767518564203,2471267,0,0,21,21,34355458525,34355458525
10,LP-E,2m,20260919,666,7,measure,57,independent_random_bis,67108864,1048576,2148301,14148981283910793724,32451460,0,0,21,21,4396544993227,4396544993227
10,LP-E,2m,20260919,667,7,measure,58,independent_random_bis,16384,1048576,1106,5727135017674414306,1673940,0,0,21,21,1073404470,1073404470
10,LP-E,2m,20260919,668,7,measure,59,chase_sequential,262144,262144,20614,18335580170692979940,453124,0,0,21,21,4294836224,4294836224
10,LP-E,2m,20260919,669,7,measure,60,chase_random_double,134217728,524288,4662971,8215810916803157395,201023007,0,0,21,21,4390064694435,4390064694435
10,LP-E,2m,20260919,670,7,measure,61,independent_random,65536,1048576,8075,10063895470731427885,2044105,0,0,21,21,4296268582,4296268582
10,LP-E,2m,20260919,671,7,measure,62,chase_random_double,33554432,524288,3667488,17707574770940886532,196118285,0,0,21,21,1099251043835,1099251043835
10,LP-E,2m,20260919,672,7,measure,63,independent_random,262144,1048576,8068,17920366391111929124,1891755,0,0,21,21,17178873766,17178873766
10,LP-E,2m,20260919,673,7,measure,64,chase_random,8192,262144,774,10499360777624472128,467741,0,0,21,21,134086656,134086656
10,LP-E,2m,20260919,674,7,measure,65,chase_sequential,2097152,262144,29777,10569534696940485784,685710,0,0,21,21,34359607296,34359607296
10,LP-E,2m,20260919,675,7,measure,66,independent_random,2097152,1048576,127547,9614518420253018255,4899946,0,0,21,21,137469950013,137469950013
10,LP-E,2m,20260919,676,7,measure,67,chase_sequential,16777216,262144,1157076,15600754066005306664,862737,0,0,21,21,337680138240,337680138240
10,LP-E,2m,20260919,677,7,measure,68,chase_random_double,131072,524288,15892,17776387934191689600,4902534,0,0,21,21,4294705152,4294705152
10,LP-E,2m,20260919,678,7,measure,69,chase_random,4194304,262144,302761,6489148609103443835,60036144,0,0,21,21,68787235256,68787235256
10,LP-E,2m,20260919,679,7,measure,70,independent_random,67108864,1048576,7238989,5210623397182494059,32386371,0,0,21,21,4400324712370,4400324712370
10,LP-E,2m,20260919,680,7,measure,71,chase_random_double,268435456,524288,8469327,7638574448860857832,202419034,0,0,21,21,8807319318989,8807319318989
10,LP-E,2m,20260919,681,7,measure,72,independent_random_bis,134217728,1048576,11728383,1957238566714413738,33666033,0,0,21,21,8799965239527,8799965239527
10,LP-E,2m,20260919,682,7,measure,73,independent_random,32768,1048576,2297,2760417954166222210,1877991,0,0,21,21,2146648039,2146648039
10,LP-E,2m,20260919,683,7,measure,74,independent_random,134217728,1048576,15496638,3390149722881455931,32397949,0,0,21,21,8795138334007,8795138334007
10,LP-E,2m,20260919,684,7,measure,75,chase_random,1048576,262144,1989,4011709568063347608,7885041,0,0,21,21,17179738112,17179738112
10,LP-E,2m,20260919,685,7,measure,76,chase_random_double,4194304,524288,438088,7238748713207099365,118135827,0,0,21,21,137438691328,137438691328
10,LP-E,2m,20260919,686,7,measure,77,independent_random_bis,4194304,1048576,361072,13293446591513836180,22183972,0,0,21,21,274857942617,274857942617
10,LP-E,2m,20260919,687,7,measure,78,chase_random_double,65536,524288,2127,2760774035165665527,3614714,0,0,21,21,2147221504,2147221504
10,LP-E,2m,20260919,688,7,measure,79,independent_random,524288,1048576,50714,4397671811954780690,2161282,0,0,21,21,34392691384,34392691384
10,LP-E,2m,20260919,689,7,measure,80,chase_random_double,16384,524288,1526,7554425718060564263,1092446,0,0,21,21,536608768,536608768
10,LP-E,2m,20260919,690,7,measure,81,chase_sequential,8388608,262144,337362,5262121699987064755,654938,0,0,21,21,122797031424,122797031424
10,LP-E,2m,20260919,691,7,measure,82,independent_random_bis,1048576,1048576,15998,1065472988539122847,3346047,0,0,21,21,68773726075,68773726075
10,LP-E,2m,20260919,692,7,measure,83,independent_random,16777216,1048576,1526226,12158604700287477090,29544757,0,0,21,21,1098458984704,1098458984704
10,LP-E,2m,20260919,693,7,measure,84,chase_random,524288,262144,46015,17542928897914737670,5013237,0,0,21,21,8589803520,8589803520
10,LP-E,2m,20260919,694,7,measure,85,independent_random_bis,8388608,1048576,961758,10314482330564665392,25859260,0,0,21,21,550066339840,550066339840
10,LP-E,2m,20260919,695,7,measure,86,chase_random_double,32768,524288,1844,4875843579465879503,1014615,0,0,21,21,1073479680,1073479680
10,LP-E,2m,20260919,696,8,measure,0,chase_random,131072,262144,7943,7660930662961130776,2980935,0,0,21,21,2147352576,2147352576
10,LP-E,2m,20260919,697,8,measure,1,independent_random_bis,262144,1048576,31530,9621040591178653568,2072299,0,0,21,21,17178973746,17178973746
10,LP-E,2m,20260919,698,8,measure,2,independent_random_bis,131072,1048576,2726,14056622674366094577,1903430,0,0,21,21,8590704219,8590704219
10,LP-E,2m,20260919,699,8,measure,3,chase_random_double,67108864,524288,4761860,7197707936524708627,198100486,0,0,21,21,2197797127424,2197797127424
10,LP-E,2m,20260919,700,8,measure,4,independent_random,33554432,1048576,2033161,18360973295881991532,31932310,0,0,21,21,2198066012399,2198066012399
10,LP-E,2m,20260919,701,8,measure,5,chase_sequential,4096,262144,255,12194118116313507844,621260,0,0,21,21,66977792,66977792
10,LP-E,2m,20260919,702,8,measure,6,chase_random_double,131072,524288,16229,11863367100642752060,4603404,0,0,21,21,4294705152,4294705152
10,LP-E,2m,20260919,703,8,measure,7,chase_random,4096,262144,282,6724199570861057058,445254,0,0,21,21,66977792,66977792
10,LP-E,2m,20260919,704,8,measure,8,independent_random,32768,1048576,1936,6532120309581599562,1697215,0,0,21,21,2145746969,2145746969
10,LP-E,2m,20260919,705,8,measure,9,chase_random,8192,262144,732,5402960188181845970,440904,0,0,21,21,134086656,134086656
10,LP-E,2m,20260919,706,8,measure,10,independent_random,4194304,1048576,446224,12305244971713007615,22432297,0,0,21,21,274694968499,274694968499
10,LP-E,2m,20260919,707,8,measure,11,independent_random_bis,8192,1048576,216,16115620613682016542,1806365,0,0,21,21,536163163,536163163
10,LP-E,2m,20260919,708,8,measure,12,independent_random,131072,1048576,3081,15539787113049533514,2148476,0,0,21,21,8584629350,8584629350
10,LP-E,2m,20260919,709,8,measure,13,chase_random,2097152,262144,160312,5695040701562481215,16823987,0,0,21,21,34359607296,34359607296
10,LP-E,2m,20260919,710,8,measure,14,chase_sequential,65536,262144,1534,2644636583653787004,623414,0,0,21,21,1073610752,1073610752
10,LP-E,2m,20260919,711,8,measure,15,independent_random,268435456,1048576,11741706,12737212597246854642,33155856,0,0,21,21,17581938389326,17581938389326
10,LP-E,2m,20260919,712,8,measure,16,chase_random_double,1048576,524288,602,1753740282151653697,10000980,0,0,21,21,34359476224,34359476224
10,LP-E,2m,20260919,713,8,measure,17,chase_random,134217728,262144,8173459,6808523733874752117,100663780,0,0,21,21,2192583661791,2192583661791
10,LP-E,2m,20260919,714,8,measure,18,chase_sequential,16777216,262144,1070957,14123959566682364603,713850,0,0,21,21,315104559104,315104559104
10,LP-E,2m,20260919,715,8,measure,19,chase_sequential,134217728,262144,3833555,16448173660724211708,688324,0,0,21,21,1039303049216,1039303049216
10,LP-E,2m,20260919,716,8,measure,20,chase_sequential,524288,262144,32184,5342311285274860935,669696,0,0,21,21,8589803520,8589803520
10,LP-E,2m,20260919,717,8,measure,21,chase_random_double,4194304,524288,209390,5504330450462811488,120543322,0,0,21,21,137438691328,137438691328
10,LP-E,2m,20260919,718,8,measure,22,independent_random,16777216,1048576,1812130,7748978573538744307,28481962,0,0,21,21,1098636208027,1098636208027
10,LP-E,2m,20260919,719,8,measure,23,independent_random,16384,1048576,641,15709324111115309632,1665301,0,0,21,21,1073300274,1073300274
10,LP-E,2m,20260919,720,8,measure,24,independent_random_bis,16777216,1048576,1999668,14441169466653537456,29050290,0,0,21,21,1100175736365,1100175736365
10,LP-E,2m,20260919,721,8,measure,25,chase_random,1048576,262144,70091,5169340865601092620,8340794,0,0,21,21,17179738112,17179738112
10,LP-E,2m,20260919,722,8,measure,26,chase_random,16384,262144,375,9878883485865580654,504483,0,0,21,21,268304384,268304384
10,LP-E,2m,20260919,723,8,measure,27,page_fault_touch,268435456,65536,11601550,3490165969856229241,66566221,3014026,128,21,21,131072,131072
10,LP-E,2m,20260919,724,8,measure,28,chase_random_double,16777216,524288,1309834,16105739842445308349,176573230,0,0,21,21,549973241111,549973241111
10,LP-E,2m,20260919,725,8,measure,29,independent_random_bis,4194304,1048576,250420,4582537579638382425,23042484,0,0,21,21,274878457641,274878457641
10,LP-E,2m,20260919,726,8,measure,30,independent_random_bis,268435456,1048576,25915112,2588120297438058808,33638653,0,0,21,21,17595915871267,17595915871267
10,LP-E,2m,20260919,727,8,measure,31,chase_sequential,8388608,262144,223559,13651210089217371812,733564,0,0,21,21,92964257792,92964257792
10,LP-E,2m,20260919,728,8,measure,32,chase_random_double,134217728,524288,16056054,9612177636826172236,200032924,0,0,21,21,4396018962914,4396018962914
10,LP-E,2m,20260919,729,8,measure,33,chase_sequential,1048576,262144,90969,11878442444485231233,559903,0,0,21,21,17179738112,17179738112
10,LP-E,2m,20260919,730,8,measure,34,independent_random_bis,1048576,1048576,24707,14515228019198483077,3111838,0,0,21,21,68697238862,68697238862
10,LP-E,2m,20260919,731,8,measure,35,independent_random_bis,33554432,1048576,2790438,5377342459978220841,31234297,0,0,21,21,2197755855578,2197755855578
10,LP-E,2m,20260919,732,8,measure,36,chase_sequential,268435456,262144,33401124,7207879226371235318,727704,0,0,21,21,5138333696000,5138333696000
10,LP-E,2m,20260919,733,8,measure,37,chase_random_double,16384,524288,1578,12595066542917661871,911978,0,0,21,21,536608768,536608768
10,LP-E,2m,20260919,734,8,measure,38,independent_random_bis,32768,1048576,1812,4464172823998395814,1691889,0,0,21,21,2147975302,2147975302
10,LP-E,2m,20260919,735,8,measure,39,chase_sequential,262144,262144,29999,5480264838549912923,469466,0,0,21,21,4294836224,4294836224
10,LP-E,2m,20260919,736,8,measure,40,chase_random,65536,262144,364,17631008283452400602,1665801,0,0,21,21,1073610752,1073610752
10,LP-E,2m,20260919,737,8,measure,41,chase_random,33554432,262144,1803938,15668832425074296093,93915317,0,0,21,21,550657813396,550657813396
10,LP-E,2m,20260919,738,8,measure,42,independent_random_bis,65536,1048576,6864,3292206346700007048,1818279,0,0,21,21,4291873472,4291873472
10,LP-E,2m,20260919,739,8,measure,43,chase_random_double,4096,524288,428,17843688207313889296,867064,0,0,21,21,133955584,133955584
10,LP-E,2m,20260919,740,8,measure,44,chase_random_double,268435456,524288,21908082,3624480629474861269,203967516,0,0,21,21,8800174130024,8800174130024
10,LP-E,2m,20260919,741,8,measure,45,independent_random,8388608,1048576,754267,2076517464328351948,26563796,0,0,21,21,549796224904,549796224904
10,LP-E,2m,20260919,742,8,measure,46,chase_random_double,8192,524288,605,14759748618448908348,879772,0,0,21,21,268173312,268173312
10,LP-E,2m,20260919,743,8,measure,47,chase_random_double,262144,524288,23365,8212631496965371373,5367607,0,0,21,21,8589672448,8589672448
10,LP-E,2m,20260919,744,8,measure,48,chase_random,16777216,262144,382594,16702851642563455095,91428507,0,0,21,21,274786132515,274786132515
10,LP-E,2m,20260919,745,8,measure,49,chase_sequential,131072,262144,13907,15006338978419339221,444580,0,0,21,21,2147352576,2147352576
10,LP-E,2m,20260919,746,8,measure,50,chase_random_double,524288,524288,903,12488916223078388203,7020034,0,0,21,21,17179607040,17179607040
10,LP-E,2m,20260919,747,8,measure,51,chase_sequential,33554432,262144,2107678,13959980634112128851,710581,0,0,21,21,586874748928,586874748928
10,LP-E,2m,20260919,748,8,measure,52,independent_random_bis,16384,1048576,1137,8155639452146058301,1679356,0,0,21,21,1072855099,1072855099
10,LP-E,2m,20260919,749,8,measure,53,independent_random_bis,4096,1048576,181,7315062673549301287,1660049,0,0,21,21,268058181,268058181
10,LP-E,2m,20260919,750,8,measure,54,independent_random,65536,1048576,4143,4042718655170958342,2298887,0,0,21,21,4294671227,4294671227
10,LP-E,2m,20260919,751,8,measure,55,independent_random,67108864,1048576,7566646,4215960747212683236,32199150,0,0,21,21,4402279095960,4402279095960
10,LP-E,2m,20260919,752,8,measure,56,chase_random,524288,262144,37582,2465634911172511450,4551144,0,0,21,21,8589803520,8589803520
10,LP-E,2m,20260919,753,8,measure,57,chase_random,32768,262144,1293,699740495125848767,589974,0,0,21,21,536739840,536739840
10,LP-E,2m,20260919,754,8,measure,58,chase_sequential,16384,262144,1486,12865965609645359277,436545,0,0,21,21,268304384,268304384
10,LP-E,2m,20260919,755,8,measure,59,chase_random_double,65536,524288,6552,2358455530555878838,3049691,0,0,21,21,2147221504,2147221504
10,LP-E,2m,20260919,756,8,measure,60,independent_random,1048576,1048576,115808,14467021415334166077,2830655,0,0,21,21,68711870782,68711870782
10,LP-E,2m,20260919,757,8,measure,61,independent_random_bis,134217728,1048576,9133475,14529868102935047462,32670457,0,0,21,21,8790013877049,8790013877049
10,LP-E,2m,20260919,758,8,measure,62,chase_sequential,4194304,262144,524046,7971559633891692991,665509,0,0,21,21,34423046144,34423046144
10,LP-E,2m,20260919,759,8,measure,63,independent_random_bis,524288,1048576,62018,598710667094565991,2440724,0,0,21,21,34352178453,34352178453
10,LP-E,2m,20260919,760,8,measure,64,independent_random,8192,1048576,929,4158074024422391485,1856589,0,0,21,21,536468055,536468055
10,LP-E,2m,20260919,761,8,measure,65,independent_random_bis,67108864,1048576,4509680,17277182535321107045,33124770,0,0,21,21,4396923949072,4396923949072
10,LP-E,2m,20260919,762,8,measure,66,chase_sequential,2097152,262144,253240,13815349319444436861,885701,0,0,21,21,34359607296,34359607296
10,LP-E,2m,20260919,763,8,measure,67,independent_random,262144,1048576,6992,15699063108439044366,1949707,0,0,21,21,17187990636,17187990636
10,LP-E,2m,20260919,764,8,measure,68,independent_random_bis,2097152,1048576,182756,11567117799427367832,4768866,0,0,21,21,137352156183,137352156183
10,LP-E,2m,20260919,765,8,measure,69,chase_sequential,32768,262144,1886,4993535375346283687,429861,0,0,21,21,536739840,536739840
10,LP-E,2m,20260919,766,8,measure,70,independent_random_bis,8388608,1048576,140760,4388813652985177356,24850578,0,0,21,21,550092715443,550092715443
10,LP-E,2m,20260919,767,8,measure,71,chase_random,4194304,262144,248375,12497169188989698415,62621477,0,0,21,21,68701514257,68701514257
10,LP-E,2m,20260919,768,8,measure,72,chase_random,67108864,262144,976480,4203760014915819459,97679807,0,0,21,21,1097672347821,1097672347821
10,LP-E,2m,20260919,769,8,measure,73,chase_sequential,67108864,262144,2554804,5129380273074356103,880129,0,0,21,21,704086147072,704086147072
10,LP-E,2m,20260919,770,8,measure,74,chase_random_double,32768,524288,1180,4244342340996433969,970570,0,0,21,21,1073479680,1073479680
10,LP-E,2m,20260919,771,8,measure,75,chase_random,262144,262144,29694,18090910572377239032,3246670,0,0,21,21,4294836224,4294836224
10,LP-E,2m,20260919,772,8,measure,76,chase_random_double,33554432,524288,2876098,11009006178167618655,191008450,0,0,21,21,1100699260922,1100699260922
10,LP-E,2m,20260919,773,8,measure,77,independent_random,2097152,1048576,28921,10747106474425867912,5792576,0,0,21,21,137377761992,137377761992
10,LP-E,2m,20260919,774,8,measure,78,chase_random_double,8388608,524288,903023,11306224385339139502,160512025,0,0,21,21,275040555765,275040555765
10,LP-E,2m,20260919,775,8,measure,79,independent_random,134217728,1048576,12561128,13937859201497940002,33283923,0,0,21,21,8796029180319,8796029180319
10,LP-E,2m,20260919,776,8,measure,80,chase_sequential,8192,262144,1005,16018163165823326536,442664,0,0,21,21,134086656,134086656
10,LP-E,2m,20260919,777,8,measure,81,chase_random,268435456,262144,23503107,11246465506738626140,100103904,0,0,21,21,4393432924371,4393432924371
10,LP-E,2m,20260919,778,8,measure,82,chase_random,8388608,262144,135896,10078747661328740226,74025537,0,0,21,21,137244715351,137244715351
10,LP-E,2m,20260919,779,8,measure,83,page_fault_touch,16777216,4096,2057344,4802855853907238520,4209720,179060,8,21,21,8192,8192
10,LP-E,2m,20260919,780,8,measure,84,independent_random,4096,1048576,404,17641947310847010822,1674506,0,0,21,21,267783256,267783256
10,LP-E,2m,20260919,781,8,measure,85,chase_random_double,2097152,524288,67774,6655973758037669594,19671482,0,0,21,21,68719214592,68719214592
10,LP-E,2m,20260919,782,8,measure,86,independent_random,524288,1048576,27526,12213251694986019373,2194108,0,0,21,21,34384741670,34384741670
10,LP-E,2m,20260919,783,9,measure,0,chase_random,33554432,262144,2418189,14207425300424296483,96389562,0,0,21,21,550356920423,550356920423
10,LP-E,2m,20260919,784,9,measure,1,chase_random_double,67108864,524288,7596145,17473076183390005937,192846464,0,0,21,21,2199261394830,2199261394830
10,LP-E,2m,20260919,785,9,measure,2,independent_random,67108864,1048576,3200319,6305243720952733149,30830738,0,0,21,21,4398174304478,4398174304478
10,LP-E,2m,20260919,786,9,measure,3,chase_random,262144,262144,5148,9150041868728960119,3145953,0,0,21,21,4294836224,4294836224
10,LP-E,2m,20260919,787,9,measure,4,chase_random,4096,262144,206,5284820007699780878,446104,0,0,21,21,66977792,66977792
10,LP-E,2m,20260919,788,9,measure,5,chase_sequential,8192,262144,376,14450658953769259160,425232,0,0,21,21,134086656,134086656
10,LP-E,2m,20260919,789,9,measure,6,independent_random_bis,32768,1048576,4042,1032824108257547721,1724838,0,0,21,21,2148031442,2148031442
10,LP-E,2m,20260919,790,9,measure,7,chase_random,524288,262144,60659,7900563447494109111,4647227,0,0,21,21,8589803520,8589803520
10,LP-E,2m,20260919,791,9,measure,8,chase_sequential,32768,262144,2433,6796259370881204034,608748,0,0,21,21,536739840,536739840
10,LP-E,2m,20260919,792,9,measure,9,independent_random,8192,1048576,359,2877881639808432927,2030130,0,0,21,21,536452863,536452863
10,LP-E,2m,20260919,793,9,measure,10,chase_random_double,1048576,524288,53744,12788221414982495112,10779293,0,0,21,21,34359476224,34359476224
10,LP-E,2m,20260919,794,9,measure,11,independent_random,131072,1048576,5145,8876647472847720680,2167773,0,0,21,21,8587586737,8587586737
10,LP-E,2m,20260919,795,9,measure,12,chase_random,2097152,262144,151527,11426572684574441314,16193094,0,0,21,21,34359607296,34359607296
10,LP-E,2m,20260919,796,9,measure,13,chase_random,134217728,262144,6997978,9071294855248604144,100736492,0,0,21,21,2196243388719,2196243388719
10,LP-E,2m,20260919,797,9,measure,14,chase_sequential,262144,262144,18942,12597311918401499305,458345,0,0,21,21,4294836224,4294836224
10,LP-E,2m,20260919,798,9,measure,15,independent_random_bis,4096,1048576,76,12420649369107566583,2027817,0,0,21,21,267913271,267913271
10,LP-E,2m,20260919,799,9,measure,16,independent_random,16384,1048576,1795,10857544305838275174,1850366,0,0,21,21,1074016778,1074016778
10,LP-E,2m,20260919,800,9,measure,17,chase_random_double,16384,524288,1504,15846667926726027181,1030100,0,0,21,21,536608768,536608768
10,LP-E,2m,20260919,801,9,measure,18,independent_random,4096,1048576,5,18049508205198734334,1937316,0,0,21,21,268059338,268059338
10,LP-E,2m,20260919,802,9,measure,19,chase_random_double,8192,524288,722,11868727631209016341,1048413,0,0,21,21,268173312,268173312
10,LP-E,2m,20260919,803,9,measure,20,independent_random,1048576,1048576,126684,9643329667025692520,2746812,0,0,21,21,68749757942,68749757942
10,LP-E,2m,20260919,804,9,measure,21,chase_random_double,262144,524288,20492,13790751272350458859,6279289,0,0,21,21,8589672448,8589672448
10,LP-E,2m,20260919,805,9,measure,22,independent_random,262144,1048576,29258,17518460683697487134,1897007,0,0,21,21,17184114915,17184114915
10,LP-E,2m,20260919,806,9,measure,23,independent_random_bis,16777216,1048576,1179793,16852105939521581144,30022677,0,0,21,21,1100254764904,1100254764904
10,LP-E,2m,20260919,807,9,measure,24,chase_random,8192,262144,296,15877496497252126811,463513,0,0,21,21,134086656,134086656
10,LP-E,2m,20260919,808,9,measure,25,page_fault_touch,268435456,65536,22272668,11942322419723747659,67486954,2933447,128,21,21,131072,131072
10,LP-E,2m,20260919,809,9,measure,26,independent_random,2097152,1048576,96339,8059954964573809379,6807933,0,0,21,21,137302196350,137302196350
10,LP-E,2m,20260919,810,9,measure,27,chase_random_double,4194304,524288,350652,14112622123194433981,118193486,0,0,21,21,137438691328,137438691328
10,LP-E,2m,20260919,811,9,measure,28,independent_random,32768,1048576,548,1448333381005730423,1874107,0,0,21,21,2146108632,2146108632
10,LP-E,2m,20260919,812,9,measure,29,chase_sequential,67108864,262144,7828333,480241658894138004,845931,0,0,21,21,2086510133248,2086510133248
10,LP-E,2m,20260919,813,9,measure,30,chase_sequential,1048576,262144,18250,2935100495945181386,767450,0,0,21,21,17179738112,17179738112
10,LP-E,2m,20260919,814,9,measure,31,independent_random,16777216,1048576,685006,16189250429988000838,29170561,0,0,21,21,1099063070101,1099063070101
10,LP-E,2m,20260919,815,9,measure,32,independent_random_bis,1048576,1048576,87026,7685213315968909543,2908456,0,0,21,21,68767747638,68767747638
10,LP-E,2m,20260919,816,9,measure,33,chase_random_double,4096,524288,248,12778204087581431638,1052906,0,0,21,21,133955584,133955584
10,LP-E,2m,20260919,817,9,measure,34,independent_random,4194304,1048576,249637,14344881583732767886,22970286,0,0,21,21,275156398595,275156398595
10,LP-E,2m,20260919,818,9,measure,35,chase_random,67108864,262144,1461683,14239293291972270988,99403046,0,0,21,21,1100404408229,1100404408229
10,LP-E,2m,20260919,819,9,measure,36,chase_random,65536,262144,5694,1211452467362524736,1614944,0,0,21,21,1073610752,1073610752
10,LP-E,2m,20260919,820,9,measure,37,independent_random_bis,8192,1048576,683,17276856204984521857,1836546,0,0,21,21,536277073,536277073
10,LP-E,2m,20260919,821,9,measure,38,chase_random_double,32768,524288,967,5914865490427975099,1209681,0,0,21,21,1073479680,1073479680
10,LP-E,2m,20260919,822,9,measure,39,chase_random_double,134217728,524288,10447310,6122251981347355005,187884798,0,0,21,21,4391976519260,4391976519260
10,LP-E,2m,20260919,823,9,measure,40,page_fault_touch,16777216,4096,710507,15761165938453219987,4506224,205057,8,21,21,8192,8192
10,LP-E,2m,20260919,824,9,measure,41,independent_random,33554432,1048576,2261297,9593451903983636125,31038615,0,0,21,21,2200346722120,2200346722120
10,LP-E,2m,20260919,825,9,measure,42,chase_random_double,33554432,524288,4010862,13764732121134252657,194002362,0,0,21,21,1100087346343,1100087346343
10,LP-E,2m,20260919,826,9,measure,43,chase_sequential,16777216,262144,324973,17897903386223475669,858391,0,0,21,21,119549329408,119549329408
10,LP-E,2m,20260919,827,9,measure,44,independent_random_bis,524288,1048576,10652,16228842253330108153,2468144,0,0,21,21,34347086915,34347086915
10,LP-E,2m,20260919,828,9,measure,45,chase_random_double,524288,524288,23061,1868570505654968900,4283145,0,0,21,21,17179607040,17179607040
10,LP-E,2m,20260919,829,9,measure,46,chase_sequential,8388608,262144,689307,1363799189850919459,708321,0,0,21,21,215057301504,215057301504
10,LP-E,2m,20260919,830,9,measure,47,chase_random_double,2097152,524288,215940,1430107723494857579,20820710,0,0,21,21,68719214592,68719214592
10,LP-E,2m,20260919,831,9,measure,48,chase_random,131072,262144,2982,11048445123488364719,2796765,0,0,21,21,2147352576,2147352576
10,LP-E,2m,20260919,832,9,measure,49,independent_random,65536,1048576,847,2462625277744424277,1933552,0,0,21,21,4297415126,4297415126
10,LP-E,2m,20260919,833,9,measure,50,independent_random,524288,1048576,56487,12195561781042749833,2521119,0,0,21,21,34388126256,34388126256
10,LP-E,2m,20260919,834,9,measure,51,independent_random_bis,4194304,1048576,512476,3208754673712617475,22716256,0,0,21,21,274750956172,274750956172
10,LP-E,2m,20260919,835,9,measure,52,chase_sequential,131072,262144,10200,17260151628748988284,461016,0,0,21,21,2147352576,2147352576
10,LP-E,2m,20260919,836,9,measure,53,chase_random_double,131072,524288,13645,16216831526006158465,4591025,0,0,21,21,4294705152,4294705152
10,LP-E,2m,20260919,837,9,measure,54,chase_random,16777216,262144,159567,2982068006831221190,92263527,0,0,21,21,274810721949,274810721949
10,LP-E,2m,20260919,838,9,measure,55,independent_random_bis,268435456,1048576,3951853,133248857657990732,33109159,0,0,21,21,17590536165296,17590536165296
10,LP-E,2m,20260919,839,9,measure,56,chase_sequential,33554432,262144,3408757,5321817844119781411,877344,0,0,21,21,927944802304,927944802304
10,LP-E,2m,20260919,840,9,measure,57,independent_random_bis,262144,1048576,198,16063660917201091137,2447678,0,0,21,21,17181599401,17181599401
10,LP-E,2m,20260919,841,9,measure,58,independent_random_bis,65536,1048576,7780,13651179475941100000,1750718,0,0,21,21,4297965195,4297965195
10,LP-E,2m,20260919,842,9,measure,59,independent_random,134217728,1048576,8318054,10815823088974326222,33454205,0,0,21,21,8795090689419,8795090689419
10,LP-E,2m,20260919,843,9,measure,60,chase_random_double,16777216,524288,233572,2998089025907873577,179014660,0,0,21,21,549731714155,549731714155
10,LP-E,2m,20260919,844,9,measure,61,chase_sequential,134217728,262144,11596595,16244748719184813426,852938,0,0,21,21,3074337406976,3074337406976
10,LP-E,2m,20260919,845,9,measure,62,chase_sequential,16384,262144,1472,9096531817632976009,424526,0,0,21,21,268304384,268304384
10,LP-E,2m,20260919,846,9,measure,63,chase_sequential,2097152,262144,41776,11668885268078685604,869189,0,0,21,21,34359607296,34359607296
10,LP-E,2m,20260919,847,9,measure,64,independent_random_bis,67108864,1048576,5547070,6695130941276863589,32726625,0,0,21,21,4399447883726,4399447883726
10,LP-E,2m,20260919,848,9,measure,65,chase_random,4194304,262144,76461,7319345356798417706,59971403,0,0,21,21,68602958062,68602958062
10,LP-E,2m,20260919,849,9,measure,66,chase_sequential,524288,262144,36567,17299007864351755043,517486,0,0,21,21,8589803520,8589803520
10,LP-E,2m,20260919,850,9,measure,67,independent_random_bis,131072,1048576,3852,11465195240340034111,2158623,0,0,21,21,8589010565,8589010565
10,LP-E,2m,20260919,851,9,measure,68,chase_sequential,4194304,262144,321948,670346615736580212,636305,0,0,21,21,87401824256,87401824256
10,LP-E,2m,20260919,852,9,measure,69,independent_random_bis,8388608,1048576,337076,2356680035724394952,25888181,0,0,21,21,549447302497,549447302497
10,LP-E,2m,20260919,853,9,measure,70,independent_random_bis,134217728,1048576,3972389,4665662130390708673,32737737,0,0,21,21,8794608681289,8794608681289
10,LP-E,2m,20260919,854,9,measure,71,chase_random_double,8388608,524288,692024,8861957375491994051,158480406,0,0,21,21,274961515309,274961515309
10,LP-E,2m,20260919,855,9,measure,72,chase_sequential,65536,262144,1966,14581522171372476094,630157,0,0,21,21,1073610752,1073610752
10,LP-E,2m,20260919,856,9,measure,73,chase_random,32768,262144,1084,12696289139499831306,593395,0,0,21,21,536739840,536739840
10,LP-E,2m,20260919,857,9,measure,74,chase_random,16384,262144,27,9673451000883149554,496827,0,0,21,21,268304384,268304384
10,LP-E,2m,20260919,858,9,measure,75,chase_sequential,268435456,262144,23523457,5588048860274248943,690601,0,0,21,21,6200892719104,6200892719104
10,LP-E,2m,20260919,859,9,measure,76,independent_random_bis,2097152,1048576,94657,8309595809522648661,6574953,0,0,21,21,137413249444,137413249444
10,LP-E,2m,20260919,860,9,measure,77,chase_sequential,4096,262144,269,16863113763315237066,443935,0,0,21,21,66977792,66977792
10,LP-E,2m,20260919,861,9,measure,78,independent_random,268435456,1048576,23636269,3543026985587995476,32630370,0,0,21,21,17579094423575,17579094423575
10,LP-E,2m,20260919,862,9,measure,79,independent_random,8388608,1048576,550690,2740053636079949552,25512838,0,0,21,21,549564192557,549564192557
10,LP-E,2m,20260919,863,9,measure,80,chase_random,8388608,262144,467871,9525192098441344222,79349205,0,0,21,21,137352807712,137352807712
10,LP-E,2m,20260919,864,9,measure,81,chase_random,268435456,262144,32408368,7400362407210979460,98966478,0,0,21,21,4392978296585,4392978296585
10,LP-E,2m,20260919,865,9,measure,82,chase_random_double,65536,524288,3100,10315468874173178504,3211562,0,0,21,21,2147221504,2147221504
10,LP-E,2m,20260919,866,9,measure,83,independent_random_bis,16384,1048576,1426,17975762329771780605,1862977,0,0,21,21,1073032846,1073032846
10,LP-E,2m,20260919,867,9,measure,84,independent_random_bis,33554432,1048576,262467,15316602756047327055,29365679,0,0,21,21,2198402854061,2198402854061
10,LP-E,2m,20260919,868,9,measure,85,chase_random,1048576,262144,108226,14287001000060330424,7293584,0,0,21,21,17179738112,17179738112
10,LP-E,2m,20260919,869,9,measure,86,chase_random_double,268435456,524288,16532519,9258518651220305155,185992665,0,0,21,21,8787054689689,8787054689689
10,LP-E,2m,20260919,870,10,measure,0,independent_random_bis,268435456,1048576,24907707,2414944717542949893,34488697,0,0,21,21,17586575008514,17586575008514
10,LP-E,2m,20260919,871,10,measure,1,chase_random,33554432,262144,1759008,4564586576362047394,96391389,0,0,21,21,549449159300,549449159300
10,LP-E,2m,20260919,872,10,measure,2,chase_random,16384,262144,1883,15497557693607567834,464113,0,0,21,21,268304384,268304384
10,LP-E,2m,20260919,873,10,measure,3,chase_random_double,131072,524288,8646,12821484637532619424,4814974,0,0,21,21,4294705152,4294705152
10,LP-E,2m,20260919,874,10,measure,4,independent_random,16777216,1048576,1149837,15295682150705978554,29819066,0,0,21,21,1099614447550,1099614447550
10,LP-E,2m,20260919,875,10,measure,5,independent_random,262144,1048576,7203,11988352345172334331,2271490,0,0,21,21,17168168060,17168168060
10,LP-E,2m,20260919,876,10,measure,6,chase_random_double,4194304,524288,311557,9175340614075354422,117966075,0,0,21,21,137438691328,137438691328
10,LP-E,2m,20260919,877,10,measure,7,chase_sequential,8388608,262144,763359,4303932430993580460,854855,0,0,21,21,234469588992,234469588992
10,LP-E,2m,20260919,878,10,measure,8,chase_random,16777216,262144,1468233,4162024676185311271,93747191,0,0,21,21,275010239901,275010239901
10,LP-E,2m,20260919,879,10,measure,9,chase_sequential,262144,262144,4888,12913068192776895256,467689,0,0,21,21,4294836224,4294836224
10,LP-E,2m,20260919,880,10,measure,10,independent_random,4096,1048576,69,8384327110358997287,2071850,0,0,21,21,267755486,267755486
10,LP-E,2m,20260919,881,10,measure,11,independent_random,16384,1048576,1143,15744269408627575987,1676952,0,0,21,21,1072547811,1072547811
10,LP-E,2m,20260919,882,10,measure,12,chase_random_double,16777216,524288,1707163,3744534322435721930,181222967,0,0,21,21,549588249227,549588249227
10,LP-E,2m,20260919,883,10,measure,13,independent_random_bis,8388608,1048576,298364,3956099730134248889,26090992,0,0,21,21,550133696400,550133696400
10,LP-E,2m,20260919,884,10,measure,14,independent_random,131072,1048576,5378,2596843428000002177,1975136,0,0,21,21,8583043704,8583043704
10,LP-E,2m,20260919,885,10,measure,15,independent_random,8388608,1048576,155327,553004513665499279,26963992,0,0,21,21,549965392942,549965392942
10,LP-E,2m,20260919,886,10,measure,16,independent_random_bis,134217728,1048576,11771956,13536404217091006151,32021664,0,0,21,21,8794613539012,8794613539012
10,LP-E,2m,20260919,887,10,measure,17,independent_random,134217728,1048576,9489962,10405821194154254006,33019095,0,0,21,21,8805124830245,8805124830245
10,LP-E,2m,20260919,888,10,measure,18,chase_random_double,268435456,524288,13122977,387983230045856909,203483531,0,0,21,21,8799847489319,8799847489319
10,LP-E,2m,20260919,889,10,measure,19,chase_random_double,4096,524288,335,1198371414583623056,1037625,0,0,21,21,133955584,133955584
10,LP-E,2m,20260919,890,10,measure,20,chase_sequential,16777216,262144,1619380,8442886177688993294,657004,0,0,21,21,458870358016,458870358016
10,LP-E,2m,20260919,891,10,measure,21,independent_random_bis,131072,1048576,3925,1128878321246770219,2173909,0,0,21,21,8585671456,8585671456
10,LP-E,2m,20260919,892,10,measure,22,independent_random,65536,1048576,6957,9692437808727762072,1805608,0,0,21,21,4296445146,4296445146
10,LP-E,2m,20260919,893,10,measure,23,chase_random,4194304,262144,143594,2275672998731515637,59620588,0,0,21,21,68716309103,68716309103
10,LP-E,2m,20260919,894,10,measure,24,independent_random_bis,65536,1048576,928,2670670339148442866,2156248,0,0,21,21,4296285742,4296285742
10,LP-E,2m,20260919,895,10,measure,25,chase_sequential,33554432,262144,935589,17295505435093600392,856475,0,0,21,21,279618650112,279618650112
10,LP-E,2m,20260919,896,10,measure,26,chase_sequential,524288,262144,4700,5384640138881604856,491203,0,0,21,21,8589803520,8589803520
10,LP-E,2m,20260919,897,10,measure,27,chase_random,1048576,262144,25240,16497398153446269926,7939669,0,0,21,21,17179738112,17179738112
10,LP-E,2m,20260919,898,10,measure,28,independent_random,1048576,1048576,94156,5631156307077854729,1730350,0,0,21,21,68735059662,68735059662
10,LP-E,2m,20260919,899,10,measure,29,chase_random,8388608,262144,658914,1292197686601914610,82649826,0,0,21,21,137396791779,137396791779
10,LP-E,2m,20260919,900,10,measure,30,chase_sequential,4194304,262144,210276,10450215702275114258,667054,0,0,21,21,89482199040,89482199040
10,LP-E,2m,20260919,901,10,measure,31,independent_random_bis,2097152,1048576,259207,10780456599259279118,5613811,0,0,21,21,137573900744,137573900744
10,LP-E,2m,20260919,902,10,measure,32,chase_random,67108864,262144,7877424,16117291254080987932,97709475,0,0,21,21,1098140098136,1098140098136
10,LP-E,2m,20260919,903,10,measure,33,independent_random_bis,8192,1048576,811,1270448595538652032,1927105,0,0,21,21,536385773,536385773
10,LP-E,2m,20260919,904,10,measure,34,chase_random_double,524288,524288,22181,1679130338849225522,7456898,0,0,21,21,17179607040,17179607040
10,LP-E,2m,20260919,905,10,measure,35,independent_random_bis,524288,1048576,46108,13437110665790955204,2083748,0,0,21,21,34387807726,34387807726
10,LP-E,2m,20260919,906,10,measure,36,chase_random_double,134217728,524288,685899,6236170147402132230,199999133,0,0,21,21,4397271363418,4397271363418
10,LP-E,2m,20260919,907,10,measure,37,independent_random_bis,4096,1048576,447,17151616306171070347,1677768,0,0,21,21,267855448,267855448
10,LP-E,2m,20260919,908,10,measure,38,independent_random_bis,16777216,1048576,288792,12153615476415495268,28801633,0,0,21,21,1100284496827,1100284496827
10,LP-E,2m,20260919,909,10,measure,39,chase_sequential,16384,262144,2019,6891860407354685158,428001,0,0,21,21,268304384,268304384
10,LP-E,2m,20260919,910,10,measure,40,chase_random,65536,262144,2700,9287639082149313974,1652616,0,0,21,21,1073610752,1073610752
10,LP-E,2m,20260919,911,10,measure,41,chase_sequential,1048576,262144,60408,6468837652001840278,616624,0,0,21,21,17179738112,17179738112
10,LP-E,2m,20260919,912,10,measure,42,chase_sequential,8192,262144,43,17374730021381171955,422440,0,0,21,21,134086656,134086656
10,LP-E,2m,20260919,913,10,measure,43,independent_random_bis,32768,1048576,3214,5989716009359510908,1777410,0,0,21,21,2147774659,2147774659
10,LP-E,2m,20260919,914,10,measure,44,chase_random_double,32768,524288,3585,6337277413793809323,874651,0,0,21,21,1073479680,1073479680
10,LP-E,2m,20260919,915,10,measure,45,chase_random_double,1048576,524288,119607,12723999451235910304,10470579,0,0,21,21,34359476224,34359476224
10,LP-E,2m,20260919,916,10,measure,46,page_fault_touch,16777216,4096,880818,15885976226117058943,4105852,160960,8,21,21,8192,8192
10,LP-E,2m,20260919,917,10,measure,47,chase_sequential,131072,262144,3438,159992688240877611,443445,0,0,21,21,2147352576,2147352576
10,LP-E,2m,20260919,918,10,measure,48,independent_random,33554432,1048576,2561584,5918159215873567098,30929596,0,0,21,21,2200053953185,2200053953185
10,LP-E,2m,20260919,919,10,measure,49,chase_random_double,65536,524288,2648,6877006513402371213,3263277,0,0,21,21,2147221504,2147221504
10,LP-E,2m,20260919,920,10,measure,50,chase_random_double,262144,524288,25008,4997591299351721296,5798227,0,0,21,21,8589672448,8589672448
10,LP-E,2m,20260919,921,10,measure,51,chase_sequential,4096,262144,26,13215139865449782140,611613,0,0,21,21,66977792,66977792
10,LP-E,2m,20260919,922,10,measure,52,independent_random,4194304,1048576,396950,714386265027498511,22995028,0,0,21,21,275075981885,275075981885
10,LP-E,2m,20260919,923,10,measure,53,independent_random_bis,67108864,1048576,3548623,7957289468393476965,32421382,0,0,21,21,4397345059181,4397345059181
10,LP-E,2m,20260919,924,10,measure,54,chase_random_double,8388608,524288,837189,15954411036660414260,158689585,0,0,21,21,274990687285,274990687285
10,LP-E,2m,20260919,925,10,measure,55,chase_sequential,2097152,262144,219852,11215406455018061473,866025,0,0,21,21,34359607296,34359607296
10,LP-E,2m,20260919,926,10,measure,56,independent_random_bis,1048576,1048576,59100,13123184005667100197,3104293,0,0,21,21,68740417429,68740417429
10,LP-E,2m,20260919,927,10,measure,57,chase_random,524288,262144,62751,12346149036593818867,5239013,0,0,21,21,8589803520,8589803520
10,LP-E,2m,20260919,928,10,measure,58,chase_random,134217728,262144,7291491,2101099017225643865,101839543,0,0,21,21,2201864037314,2201864037314
10,LP-E,2m,20260919,929,10,measure,59,independent_random,524288,1048576,12845,14764417729770217788,2305045,0,0,21,21,34359900074,34359900074
10,LP-E,2m,20260919,930,10,measure,60,chase_random,32768,262144,868,3127515662320755617,781781,0,0,21,21,536739840,536739840
10,LP-E,2m,20260919,931,10,measure,61,independent_random_bis,16384,1048576,882,8147319675402791913,2017082,0,0,21,21,1073743594,1073743594
10,LP-E,2m,20260919,932,10,measure,62,chase_random,268435456,262144,8932979,5979689327463576179,97129174,0,0,21,21,4394129849119,4394129849119
10,LP-E,2m,20260919,933,10,measure,63,independent_random,268435456,1048576,19969226,12877390771438976000,32014503,0,0,21,21,17600470548612,17600470548612
10,LP-E,2m,20260919,934,10,measure,64,chase_random_double,67108864,524288,4722359,15799809681075666284,198471707,0,0,21,21,2200598916110,2200598916110
10,LP-E,2m,20260919,935,10,measure,65,independent_random_bis,262144,1048576,24995,11539397801656542356,2230686,0,0,21,21,17166948419,17166948419
10,LP-E,2m,20260919,936,10,measure,66,chase_random_double,16384,524288,76,16513466037048572642,1096713,0,0,21,21,536608768,536608768
10,LP-E,2m,20260919,937,10,measure,67,chase_random,262144,262144,2497,15810157439041020992,2577879,0,0,21,21,4294836224,4294836224
10,LP-E,2m,20260919,938,10,measure,68,independent_random_bis,33554432,1048576,1749602,11541938628798614065,32085461,0,0,21,21,2199277981349,2199277981349
10,LP-E,2m,20260919,939,10,measure,69,chase_sequential,134217728,262144,999045,2315036305834209685,741208,0,0,21,21,296253259776,296253259776
10,LP-E,2m,20260919,940,10,measure,70,independent_random_bis,4194304,1048576,104967,15911583133247936898,23823954,0,0,21,21,275105649399,275105649399
10,LP-E,2m,20260919,941,10,measure,71,chase_random,131072,262144,8630,17057825305342595869,2394092,0,0,21,21,2147352576,2147352576
10,LP-E,2m,20260919,942,10,measure,72,independent_random,8192,1048576,490,7524402838725923214,2032266,0,0,21,21,536836738,536836738
10,LP-E,2m,20260919,943,10,measure,73,page_fault_touch,268435456,65536,26177283,9482283959164114304,69870875,3245108,128,21,21,131072,131072
10,LP-E,2m,20260919,944,10,measure,74,chase_sequential,65536,262144,2917,11544471279680588088,437883,0,0,21,21,1073610752,1073610752
10,LP-E,2m,20260919,945,10,measure,75,independent_random,67108864,1048576,1022453,6364265715925099669,32738406,0,0,21,21,4398574115137,4398574115137
10,LP-E,2m,20260919,946,10,measure,76,chase_sequential,268435456,262144,18787593,2444267642585530399,707213,0,0,21,21,4959414386688,4959414386688
10,LP-E,2m,20260919,947,10,measure,77,chase_sequential,67108864,262144,3504639,11935650927890027976,634296,0,0,21,21,953079693312,953079693312
10,LP-E,2m,20260919,948,10,measure,78,chase_random,2097152,262144,119903,15174495924308979476,16712123,0,0,21,21,34359607296,34359607296
10,LP-E,2m,20260919,949,10,measure,79,chase_random_double,8192,524288,762,13164374692195887604,892862,0,0,21,21,268173312,268173312
10,LP-E,2m,20260919,950,10,measure,80,independent_random,32768,1048576,4046,15190583633011392792,1871957,0,0,21,21,2147698032,2147698032
10,LP-E,2m,20260919,951,10,measure,81,chase_sequential,32768,262144,3484,15502042351133956923,430187,0,0,21,21,536739840,536739840
10,LP-E,2m,20260919,952,10,measure,82,chase_random_double,33554432,524288,89307,8843554522676185155,195577928,0,0,21,21,1099118109447,1099118109447
10,LP-E,2m,20260919,953,10,measure,83,chase_random,8192,262144,950,14428431683542803699,439677,0,0,21,21,134086656,134086656
10,LP-E,2m,20260919,954,10,measure,84,independent_random,2097152,1048576,154700,12172835203643327283,4813362,0,0,21,21,137562612471,137562612471
10,LP-E,2m,20260919,955,10,measure,85,chase_random,4096,262144,133,11170579147105630523,635500,0,0,21,21,66977792,66977792
10,LP-E,2m,20260919,956,10,measure,86,chase_random_double,2097152,524288,72441,1991038094670659225,9908799,0,0,21,21,68719214592,68719214592
