run_id,core,pages,seed,sample,round,phase,position,label,bytes,accesses,start,salt,elapsed_ns,second_elapsed_ns,faults,cpu_before,cpu_after,result,expected
31,LP-E,2m,20260919,0,0,warmup,0,independent_random,262144,1048576,31440,8587613529168371607,2267376,0,0,21,21,17178495196,17178495196
31,LP-E,2m,20260919,1,0,warmup,1,chase_random,16777216,262144,262119,7627767982209646453,91867655,0,0,21,21,274836785943,274836785943
31,LP-E,2m,20260919,2,0,warmup,2,chase_sequential,4096,262144,138,8558264358522043377,424830,0,0,21,21,66977792,66977792
31,LP-E,2m,20260919,3,0,warmup,3,independent_random_bis,131072,1048576,12359,7274030942649667992,2018900,0,0,21,21,8591556198,8591556198
31,LP-E,2m,20260919,4,0,warmup,4,chase_sequential,4194304,262144,479842,3274127804083378392,838168,0,0,21,21,46010859520,46010859520
31,LP-E,2m,20260919,5,0,warmup,5,chase_random_double,524288,524288,15566,4434870752293957415,7554073,0,0,21,21,17179607040,17179607040
31,LP-E,2m,20260919,6,0,warmup,6,chase_random_double,4194304,524288,486824,2329976285395618807,119924471,0,0,21,21,137438691328,137438691328
31,LP-E,2m,20260919,7,0,warmup,7,independent_random,33554432,1048576,3082334,4250809493239713491,32489796,0,0,21,21,2198647254230,2198647254230
31,LP-E,2m,20260919,8,0,warmup,8,independent_random,16777216,1048576,1339576,6044252305025941923,29484088,0,0,21,21,1099815290876,1099815290876
31,LP-E,2m,20260919,9,0,warmup,9,independent_random_bis,268435456,1048576,8275717,1860492182913794322,32752964,0,0,21,21,17581192812938,17581192812938
31,LP-E,2m,20260919,10,0,warmup,10,independent_random_bis,16384,1048576,1421,11959701382572897345,1683466,0,0,21,21,1073435944,1073435944
31,LP-E,2m,20260919,11,0,warmup,11,chase_random,1048576,262144,11309,5381478570899392242,7843812,0,0,21,21,17179738112,17179738112
31,LP-E,2m,20260919,12,0,warmup,12,chase_random_double,268435456,524288,13160537,12154107484583365161,202365203,0,0,21,21,8787625864361,8787625864361
31,LP-E,2m,20260919,13,0,warmup,13,independent_random,1048576,1048576,116883,1151821263438979277,3077421,0,0,21,21,68754721030,68754721030
31,LP-E,2m,20260919,14,0,warmup,14,chase_random_double,8388608,524288,664781,6912076941975035895,161206575,0,0,21,21,275062004414,275062004414
31,LP-E,2m,20260919,15,0,warmup,15,chase_random,524288,262144,4990,6942598903521290303,4522142,0,0,21,21,8589803520,8589803520
31,LP-E,2m,20260919,16,0,warmup,16,independent_random,16384,1048576,188,1928364428359350516,1846754,0,0,21,21,1072828587,1072828587
31,LP-E,2m,20260919,17,0,warmup,17,independent_random,268435456,1048576,18838930,18341140650270761761,32823478,0,0,21,21,17587277711900,17587277711900
31,LP-E,2m,20260919,18,0,warmup,18,independent_random,8388608,1048576,524406,9957405677406592888,26980113,0,0,21,21,549925671678,549925671678
31,LP-E,2m,20260919,19,0,warmup,19,chase_sequential,524288,262144,44514,1808011569992026144,531174,0,0,21,21,8589803520,8589803520
31,LP-E,2m,20260919,20,0,warmup,20,independent_random,8192,1048576,640,7745827267903881920,1867897,0,0,21,21,536524044,536524044
31,LP-E,2m,20260919,21,0,warmup,21,independent_random_bis,32768,1048576,2864,5144338210602716101,2054061,0,0,21,21,2145901246,2145901246
31,LP-E,2m,20260919,22,0,warmup,22,independent_random_bis,16777216,1048576,438909,15109555706602039148,29684110,0,0,21,21,1099531794682,1099531794682
31,LP-E,2m,20260919,23,0,warmup,23,chase_sequential,2097152,262144,153530,1259034692340806171,690722,0,0,21,21,34359607296,34359607296
31,LP-E,2m,20260919,24,0,warmup,24,chase_random,4096,262144,444,18004385754185383631,446383,0,0,21,21,66977792,66977792
31,LP-E,2m,20260919,25,0,warmup,25,chase_random_double,16384,524288,946,9691279534366111003,892572,0,0,21,21,536608768,536608768
31,LP-E,2m,20260919,26,0,warmup,26,chase_random,8388608,262144,912311,10677797788101076966,75712691,0,0,21,21,137465680769,137465680769
31,LP-E,2m,20260919,27,0,warmup,27,chase_random,65536,262144,378,15877414801018695498,1681211,0,0,21,21,1073610752,1073610752
31,LP-E,2m,20260919,28,0,warmup,28,independent_random,2097152,1048576,226195,5058549669803445532,4612485,0,0,21,21,137577009638,137577009638
31,LP-E,2m,20260919,29,0,warmup,29,chase_sequential,8388608,262144,550488,3202470577790443782,667913,0,0,21,21,178666733568,178666733568
31,LP-E,2m,20260919,30,0,warmup,30,chase_sequential,65536,262144,1138,5369338392605583218,449924,0,0,21,21,1073610752,1073610752
31,LP-E,2m,20260919,31,0,warmup,31,page_fault_touch,16777216,4096,835523,10144582070782311266,3826341,172784,8,21,21,8192,8192
31,LP-E,2m,20260919,32,0,warmup,32,chase_sequential,16384,262144,1444,8397941386856709217,434573,0,0,21,21,268304384,268304384
31,LP-E,2m,20260919,33,0,warmup,33,chase_sequential,268435456,262144,9947972,1732720150643596178,684922,0,0,21,21,2642160779264,2642160779264
31,LP-E,2m,20260919,34,0,warmup,34,chase_random_double,262144,524288,15954,14148757349864073140,5095852,0,0,21,21,8589672448,8589672448
31,LP-E,2m,20260919,35,0,warmup,35,chase_random_double,65536,524288,4057,16498576328755691433,3059063,0,0,21,21,2147221504,2147221504
31,LP-E,2m,20260919,36,0,warmup,36,independent_random_bis,4096,1048576,498,608038093588785229,1661839,0,0,21,21,267960890,267960890
31,LP-E,2m,20260919,37,0,warmup,37,chase_sequential,1048576,262144,66557,9044499068218902358,614914,0,0,21,21,17179738112,17179738112
31,LP-E,2m,20260919,38,0,warmup,38,independent_random_bis,2097152,1048576,111255,5266691639705707887,4550498,0,0,21,21,137488357026,137488357026
31,LP-E,2m,20260919,39,0,warmup,39,chase_sequential,33554432,262144,2580252,11866331875896032683,687723,0,0,21,21,710757187584,710757187584
31,LP-E,2m,20260919,40,0,warmup,40,chase_random,131072,262144,6568,18359131434095463325,2346335,0,0,21,21,2147352576,2147352576
31,LP-E,2m,20260919,41,0,warmup,41,independent_random_bis,1048576,1048576,82006,18283431221864749075,2626321,0,0,21,21,68709632329,68709632329
31,LP-E,2m,20260919,42,0,warmup,42,independent_random,67108864,1048576,5113146,9179432379156294415,29449904,0,0,21,21,4400187945556,4400187945556
31,LP-E,2m,20260919,43,0,warmup,43,independent_random,134217728,1048576,7603711,10343250606423518806,30124577,0,0,21,21,8789316500780,8789316500780
31,LP-E,2m,20260919,44,0,warmup,44,independent_random_bis,65536,1048576,5862,3738990902479742756,1769082,0,0,21,21,4295418212,4295418212
31,LP-E,2m,20260919,45,0,warmup,45,independent_random_bis,67108864,1048576,2188354,5342154580251469015,29729667,0,0,21,21,4399742216842,4399742216842
31,LP-E,2m,20260919,46,0,warmup,46,chase_random_double,2097152,524288,242461,9159940985390635852,18160362,0,0,21,21,68719214592,68719214592
31,LP-E,2m,20260919,47,0,warmup,47,chase_random_double,4096,524288,224,16556775083942773660,868065,0,0,21,21,133955584,133955584
31,LP-E,2m,20260919,48,0,warmup,48,chase_random,32768,262144,16,11272672577744634240,579182,0,0,21,21,536739840,536739840
31,LP-E,2m,20260919,49,0,warmup,49,chase_random_double,32768,524288,645,4137520642237449838,850642,0,0,21,21,1073479680,1073479680
31,LP-E,2m,20260919,50,0,warmup,50,independent_random,4194304,1048576,322677,661707360933586839,22248286,0,0,21,21,274824466156,274824466156
31,LP-E,2m,20260919,51,0,warmup,51,chase_random_double,67108864,524288,280704,5417078644511541330,197811585,0,0,21,21,2196617328119,2196617328119
31,LP-E,2m,20260919,52,0,warmup,52,chase_random,16384,262144,404,11430705846088445474,667273,0,0,21,21,268304384,268304384
31,LP-E,2m,20260919,53,0,warmup,53,chase_random,262144,262144,25385,13801523699344300438,3331957,0,0,21,21,4294836224,4294836224
31,LP-E,2m,20260919,54,0,warmup,54,chase_sequential,32768,262144,2523,1149221823788732201,442155,0,0,21,21,536739840,536739840
31,LP-E,2m,20260919,55,0,warmup,55,independent_random_bis,262144,1048576,31850,3070350034990124386,1714544,0,0,21,21,17181926228,17181926228
31,LP-E,2m,20260919,56,0,warmup,56,chase_sequential,134217728,262144,1174323,8168178640939788291,685674,0,0,21,21,342201335808,342201335808
31,LP-E,2m,20260919,57,0,warmup,57,independent_random_bis,33554432,1048576,2141810,708639229200003066,31853768,0,0,21,21,2198839650929,2198839650929
31,LP-E,2m,20260919,58,0,warmup,58,independent_random,131072,1048576,4231,15933150418763374389,1820008,0,0,21,21,8597451453,8597451453
31,LP-E,2m,20260919,59,0,warmup,59,independent_random,4096,1048576,38,4088891541682509947,2024469,0,0,21,21,268018937,268018937
31,LP-E,2m,20260919,60,0,warmup,60,chase_random,67108864,262144,7868080,13592161200810198324,99185568,0,0,21,21,1099127156735,1099127156735
31,LP-E,2m,20260919,61,0,warmup,61,chase_random_double,8192,524288,905,9387203968940221748,1055804,0,0,21,21,268173312,268173312
31,LP-E,2m,20260919,62,0,warmup,62,independent_random_bis,524288,1048576,6472,10585541116222560427,2475141,0,0,21,21,34357933318,34357933318
31,LP-E,2m,20260919,63,0,warmup,63,chase_sequential,8192,262144,586,17550307354776162541,425409,0,0,21,21,134086656,134086656
31,LP-E,2m,20260919,64,0,warmup,64,chase_random,4194304,262144,247260,10057759336818510797,60236490,0,0,21,21,68743090810,68743090810
31,LP-E,2m,20260919,65,0,warmup,65,independent_random_bis,134217728,1048576,4795135,18171895942054654136,32198068,0,0,21,21,8792671521639,8792671521639
31,LP-E,2m,20260919,66,0,warmup,66,chase_random_double,33554432,524288,2558001,5089534889683487552,191123085,0,0,21,21,1100088007418,1100088007418
31,LP-E,2m,20260919,67,0,warmup,67,chase_random,8192,262144,236,10370298150396809425,439781,0,0,21,21,134086656,134086656
31,LP-E,2m,20260919,68,0,warmup,68,chase_random,2097152,262144,121412,7277952802769210062,15230305,0,0,21,21,34359607296,34359607296
31,LP-E,2m,20260919,69,0,warmup,69,chase_sequential,131072,262144,10116,6586188448490982007,461769,0,0,21,21,2147352576,2147352576
31,LP-E,2m,20260919,70,0,warmup,70,independent_random_bis,4194304,1048576,49401,3163950730481070052,22885320,0,0,21,21,274970968092,274970968092
31,LP-E,2m,20260919,71,0,warmup,71,independent_random_bis,8192,1048576,3,882185725763864629,1848917,0,0,21,21,536423215,536423215
31,LP-E,2m,20260919,72,0,warmup,72,page_fault_touch,268435456,65536,18111082,13490783245579512942,68035486,2804183,128,21,21,131072,131072
31,LP-E,2m,20260919,73,0,warmup,73,chase_random_double,131072,524288,11048,10077960572881022347,4538360,0,0,21,21,4294705152,4294705152
31,LP-E,2m,20260919,74,0,warmup,74,chase_sequential,67108864,262144,2649426,10186236796523418126,658364,0,0,21,21,728890736640,728890736640
31,LP-E,2m,20260919,75,0,warmup,75,independent_random,65536,1048576,6789,7620338741689009627,2106846,0,0,21,21,4293762966,4293762966
31,LP-E,2m,20260919,76,0,warmup,76,independent_random,524288,1048576,56566,10751047037306154017,2322557,0,0,21,21,34369165897,34369165897
31,LP-E,2m,20260919,77,0,warmup,77,chase_random,268435456,262144,32463664,17925574931120857613,101143687,0,0,21,21,4397120600011,4397120600011
31,LP-E,2m,20260919,78,0,warmup,78,chase_random,134217728,262144,11527542,8655573035454751414,93666951,0,0,21,21,2197162860869,2197162860869
31,LP-E,2m,20260919,79,0,warmup,79,chase_random_double,16777216,524288,2084929,16088354461144396683,181515015,0,0,21,21,549531891421,549531891421
31,LP-E,2m,20260919,80,0,warmup,80,independent_random_bis,8388608,1048576,261110,626889579020714968,25046268,0,0,21,21,549201738334,549201738334
31,LP-E,2m,20260919,81,0,warmup,81,chase_random_double,134217728,524288,2419987,6843041452297841700,230472166,0,0,21,21,4394579093892,4394579093892
31,LP-E,2m,20260919,82,0,warmup,82,chase_random,33554432,262144,4128056,5468002657465601104,98173977,0,0,21,21,550394176176,550394176176
31,LP-E,2m,20260919,83,0,warmup,83,chase_random_double,1048576,524288,65152,1258889160397198570,13630167,0,0,21,21,34359476224,34359476224
31,LP-E,2m,20260919,84,0,warmup,84,independent_random,32768,1048576,1563,54237297564412141,2886514,0,0,21,21,2146848843,2146848843
31,LP-E,2m,20260919,85,0,warmup,85,chase_sequential,262144,262144,18426,12407871268792379890,865626,0,0,21,21,4294836224,4294836224
31,LP-E,2m,20260919,86,0,warmup,86,chase_sequential,16777216,262144,642299,253021984051878891,804901,0,0,21,21,202734436352,202734436352
31,LP-E,2m,20260919,87,1,measure,0,chase_sequential,33554432,262144,3188958,16807887592826799742,994639,0,0,21,21,870325813248,870325813248
31,LP-E,2m,20260919,88,1,measure,1,independent_random_bis,67108864,1048576,5876139,9293274490520073309,32872728,0,0,21,21,4401969995728,4401969995728
31,LP-E,2m,20260919,89,1,measure,2,chase_sequential,131072,262144,11479,17838733526621896627,507593,0,0,21,21,2147352576,2147352576
31,LP-E,2m,20260919,90,1,measure,3,chase_random_double,524288,524288,35719,15707567649484923179,7188574,0,0,21,21,17179607040,17179607040
31,LP-E,2m,20260919,91,1,measure,4,independent_random_bis,4194304,1048576,210922,2500902676148671361,22800905,0,0,21,21,274630765838,274630765838
31,LP-E,2m,20260919,92,1,measure,5,independent_random_bis,32768,1048576,637,4590112938856359509,2010360,0,0,21,21,2148467148,2148467148
31,LP-E,2m,20260919,93,1,measure,6,independent_random,16384,1048576,491,10883889714015289719,1860560,0,0,21,21,1073654041,1073654041
31,LP-E,2m,20260919,94,1,measure,7,independent_random_bis,131072,1048576,13387,13836919818263612241,1980626,0,0,21,21,8592473154,8592473154
31,LP-E,2m,20260919,95,1,measure,8,chase_sequential,67108864,262144,5641962,7593326870022910758,841888,0,0,21,21,1513366093824,1513366093824
31,LP-E,2m,20260919,96,1,measure,9,chase_random_double,268435456,524288,6445793,16245586973898451260,199919457,0,0,21,21,8786590739793,8786590739793
31,LP-E,2m,20260919,97,1,measure,10,chase_random,134217728,262144,9537626,1915980132930853381,99968334,0,0,21,21,2197067600023,2197067600023
31,LP-E,2m,20260919,98,1,measure,11,independent_random,262144,1048576,4788,3056284248026993434,1924914,0,0,21,21,17181101521,17181101521
31,LP-E,2m,20260919,99,1,measure,12,chase_random_double,33554432,524288,1786601,13638436149692620895,190515955,0,0,21,21,1099520851513,1099520851513
31,LP-E,2m,20260919,100,1,measure,13,independent_random_bis,2097152,1048576,189264,17328492878633417476,5700267,0,0,21,21,137411085439,137411085439
31,LP-E,2m,20260919,101,1,measure,14,chase_random_double,8388608,524288,338437,9059975775856412027,162863121,0,0,21,21,275007632754,275007632754
31,LP-E,2m,20260919,102,1,measure,15,chase_random_double,67108864,524288,2562960,1873253592865384651,195744788,0,0,21,21,2200077737058,2200077737058
31,LP-E,2m,20260919,103,1,measure,16,independent_random_bis,65536,1048576,4095,3160025189714093675,1753116,0,0,21,21,4295718676,4295718676
31,LP-E,2m,20260919,104,1,measure,17,chase_sequential,1048576,262144,16364,14129492198022446391,773908,0,0,21,21,17179738112,17179738112
31,LP-E,2m,20260919,105,1,measure,18,chase_random,8192,262144,189,13637102463790631191,633145,0,0,21,21,134086656,134086656
31,LP-E,2m,20260919,106,1,measure,19,chase_sequential,4194304,262144,486056,7041405175840725048,708270,0,0,21,21,44381896704,44381896704
31,LP-E,2m,20260919,107,1,measure,20,independent_random_bis,8388608,1048576,953097,16735820083136019953,26304398,0,0,21,21,549533413667,549533413667
31,LP-E,2m,20260919,108,1,measure,21,chase_sequential,8388608,262144,591939,12516552165325642943,668304,0,0,21,21,189532864512,189532864512
31,LP-E,2m,20260919,109,1,measure,22,chase_random_double,16777216,524288,1297126,14470103930988808404,180638550,0,0,21,21,549726762306,549726762306
31,LP-E,2m,20260919,110,1,measure,23,page_fault_touch,16777216,4096,728478,3581323607278339977,4123241,159544,8,21,21,8192,8192
31,LP-E,2m,20260919,111,1,measure,24,chase_random_double,8192,524288,736,7925646105292277230,1067395,0,0,21,21,268173312,268173312
31,LP-E,2m,20260919,112,1,measure,25,independent_random_bis,16777216,1048576,1523930,11277048028692364618,29018243,0,0,21,21,1098389274531,1098389274531
31,LP-E,2m,20260919,113,1,measure,26,independent_random,1048576,1048576,99131,2144956989009838075,2918518,0,0,21,21,68727031619,68727031619
31,LP-E,2m,20260919,114,1,measure,27,chase_random,16777216,262144,125763,9406590442002831167,91730935,0,0,21,21,275115271246,275115271246
31,LP-E,2m,20260919,115,1,measure,28,independent_random,2097152,1048576,159956,904828210787710796,6229447,0,0,21,21,137481376067,137481376067
31,LP-E,2m,20260919,116,1,measure,29,independent_random,8388608,1048576,404428,6497450915109123703,25645206,0,0,21,21,549882981432,549882981432
31,LP-E,2m,20260919,117,1,measure,30,chase_random_double,262144,524288,26528,17741035232302216779,6036034,0,0,21,21,8589672448,8589672448
31,LP-E,2m,20260919,118,1,measure,31,chase_sequential,268435456,262144,25882893,13895132475572035861,860218,0,0,21,21,6819404709888,6819404709888
31,LP-E,2m,20260919,119,1,measure,32,chase_random,65536,262144,643,778928398828455651,1811391,0,0,21,21,1073610752,1073610752
31,LP-E,2m,20260919,120,1,measure,33,independent_random_bis,1048576,1048576,26172,9200206448021331745,2889227,0,0,21,21,68663286189,68663286189
31,LP-E,2m,20260919,121,1,measure,34,independent_random,8192,1048576,366,14351719036170375980,2036188,0,0,21,21,536695325,536695325
31,LP-E,2m,20260919,122,1,measure,35,independent_random_bis,8192,1048576,521,13457729780713950699,2025893,0,0,21,21,536663098,536663098
31,LP-E,2m,20260919,123,1,measure,36,chase_random,262144,262144,10541,380132512779969615,3090192,0,0,21,21,4294836224,4294836224
31,LP-E,2m,20260919,124,1,measure,37,page_fault_touch,268435456,65536,6340058,2641331323747917727,68843874,2901909,128,21,21,131072,131072
31,LP-E,2m,20260919,125,1,measure,38,chase_random,67108864,262144,5844179,14602139539102465743,93227898,0,0,21,21,1099195746730,1099195746730
31,LP-E,2m,20260919,126,1,measure,39,independent_random,4096,1048576,418,17885914715101155286,1660087,0,0,21,21,268054054,268054054
31,LP-E,2m,20260919,127,1,measure,40,chase_random,1048576,262144,51689,11407949944341220714,7743229,0,0,21,21,17179738112,17179738112
31,LP-E,2m,20260919,128,1,measure,41,independent_random,16777216,1048576,205589,7458447507831638531,28964478,0,0,21,21,1099451110940,1099451110940
31,LP-E,2m,20260919,129,1,measure,42,chase_sequential,2097152,262144,158328,732618318694009529,870607,0,0,21,21,34359607296,34359607296
31,LP-E,2m,20260919,130,1,measure,43,independent_random_bis,524288,1048576,8325,4146146940755953497,2655601,0,0,21,21,34336142563,34336142563
31,LP-E,2m,20260919,131,1,measure,44,chase_random_double,134217728,524288,13496851,2503586723222898714,202441456,0,0,21,21,4397233234479,4397233234479
31,LP-E,2m,20260919,132,1,measure,45,independent_random,134217728,1048576,2582314,7607505754789083118,33700641,0,0,21,21,8802222268023,8802222268023
31,LP-E,2m,20260919,133,1,measure,46,chase_random,4194304,262144,44849,14420738594487647147,61478333,0,0,21,21,68728385924,68728385924
31,LP-E,2m,20260919,134,1,measure,47,independent_random,524288,1048576,62883,1376446622019282434,2507690,0,0,21,21,34366340288,34366340288
31,LP-E,2m,20260919,135,1,measure,48,chase_sequential,4096,262144,450,13479809840109005479,422708,0,0,21,21,66977792,66977792
31,LP-E,2m,20260919,136,1,measure,49,chase_sequential,8192,262144,955,18234056923241872140,613588,0,0,21,21,134086656,134086656
31,LP-E,2m,20260919,137,1,measure,50,independent_random,33554432,1048576,2589301,17456494667304392156,31779456,0,0,21,21,2198436963250,2198436963250
31,LP-E,2m,20260919,138,1,measure,51,chase_random_double,1048576,524288,77820,9486926625926051383,10053362,0,0,21,21,34359476224,34359476224
31,LP-E,2m,20260919,139,1,measure,52,chase_sequential,16384,262144,144,1735263714276209428,424585,0,0,21,21,268304384,268304384
31,LP-E,2m,20260919,140,1,measure,53,independent_random,4194304,1048576,57536,2311534994447322441,23689704,0,0,21,21,274652547340,274652547340
31,LP-E,2m,20260919,141,1,measure,54,chase_random,2097152,262144,10985,18384840609575563857,25761464,0,0,21,21,34359607296,34359607296
31,LP-E,2m,20260919,142,1,measure,55,independent_random_bis,16384,1048576,1873,10970932112964739072,1674047,0,0,21,21,1074730361,1074730361
31,LP-E,2m,20260919,143,1,measure,56,independent_random,131072,1048576,9893,11850510277766802949,2333260,0,0,21,21,8592651861,8592651861
31,LP-E,2m,20260919,144,1,measure,57,independent_random_bis,4096,1048576,243,4399374685275061954,1658576,0,0,21,21,267976864,267976864
31,LP-E,2m,20260919,145,1,measure,58,independent_random,67108864,1048576,5432829,12202319806470125969,33063452,0,0,21,21,4395298911431,4395298911431
31,LP-E,2m,20260919,146,1,measure,59,chase_random,524288,262144,57793,319247941812924124,4606100,0,0,21,21,8589803520,8589803520
31,LP-E,2m,20260919,147,1,measure,60,independent_random_bis,268435456,1048576,8728023,14441341850708892301,32563808,0,0,21,21,17592002525663,17592002525663
31,LP-E,2m,20260919,148,1,measure,61,chase_sequential,262144,262144,25171,2489060745312917525,459117,0,0,21,21,4294836224,4294836224
31,LP-E,2m,20260919,149,1,measure,62,chase_random_double,4096,524288,332,12005264761419060500,902779,0,0,21,21,133955584,133955584
31,LP-E,2m,20260919,150,1,measure,63,chase_random,4096,262144,225,16657358553062538357,461268,0,0,21,21,66977792,66977792
31,LP-E,2m,20260919,151,1,measure,64,independent_random,268435456,1048576,10176801,13536735363925282241,33405672,0,0,21,21,17577850721491,17577850721491
31,LP-E,2m,20260919,152,1,measure,65,chase_random_double,4194304,524288,317510,12872425220497801904,119206809,0,0,21,21,137438691328,137438691328
31,LP-E,2m,20260919,153,1,measure,66,chase_random_double,131072,524288,8667,10285639890312687160,4373323,0,0,21,21,4294705152,4294705152
31,LP-E,2m,20260919,154,1,measure,67,chase_sequential,32768,262144,2605,12642373109724319754,613875,0,0,21,21,536739840,536739840
31,LP-E,2m,20260919,155,1,measure,68,chase_random,131072,262144,2213,12775568566493486792,2198951,0,0,21,21,2147352576,2147352576
31,LP-E,2m,20260919,156,1,measure,69,chase_random,33554432,262144,3691617,10596607269418169529,97487673,0,0,21,21,549531747235,549531747235
31,LP-E,2m,20260919,157,1,measure,70,chase_random_double,2097152,524288,89521,8944816809873470396,20186769,0,0,21,21,68719214592,68719214592
31,LP-E,2m,20260919,158,1,measure,71,chase_random,8388608,262144,176663,16713283520218855743,83462130,0,0,21,21,137337401142,137337401142
31,LP-E,2m,20260919,159,1,measure,72,chase_sequential,65536,262144,2780,986874195680323754,455862,0,0,21,21,1073610752,1073610752
31,LP-E,2m,20260919,160,1,measure,73,chase_random_double,32768,524288,3653,11558064724885177258,1151132,0,0,21,21,1073479680,1073479680
31,LP-E,2m,20260919,161,1,measure,74,chase_random,32768,262144,3368,15152634124026423191,425707,0,0,21,21,536739840,536739840
31,LP-E,2m,20260919,162,1,measure,75,independent_random_bis,134217728,1048576,5018695,10645298035435210336,32680645,0,0,21,21,8804749884230,8804749884230
31,LP-E,2m,20260919,163,1,measure,76,independent_random_bis,262144,1048576,1352,15475758009323485802,1922602,0,0,21,21,17184042460,17184042460
31,LP-E,2m,20260919,164,1,measure,77,chase_sequential,524288,262144,44307,14362135347282608299,504049,0,0,21,21,8589803520,8589803520
31,LP-E,2m,20260919,165,1,measure,78,independent_random_bis,33554432,1048576,1238109,2521928949667186585,31542323,0,0,21,21,2197886180454,2197886180454
31,LP-E,2m,20260919,166,1,measure,79,chase_sequential,134217728,262144,8314443,3914668538634040142,865188,0,0,21,21,2213940953088,2213940953088
31,LP-E,2m,20260919,167,1,measure,80,chase_sequential,16777216,262144,811785,6071819307972258982,850889,0,0,21,21,247164174336,247164174336
31,LP-E,2m,20260919,168,1,measure,81,independent_random,32768,1048576,688,8763489915272030717,1681092,0,0,21,21,2147785953,2147785953
31,LP-E,2m,20260919,169,1,measure,82,chase_random,268435456,262144,5042788,12986544848311743099,103710157,0,0,21,21,4394005267317,4394005267317
31,LP-E,2m,20260919,170,1,measure,83,chase_random_double,65536,524288,6442,3837961070610054355,3539737,0,0,21,21,2147221504,2147221504
31,LP-E,2m,20260919,171,1,measure,84,chase_random_double,16384,524288,1610,12255062310459818521,920201,0,0,21,21,536608768,536608768
31,LP-E,2m,20260919,172,1,measure,85,independent_random,65536,1048576,5626,6025613438216888267,2065231,0,0,21,21,4293168022,4293168022
31,LP-E,2m,20260919,173,1,measure,86,chase_random,16384,262144,1894,13774246489025985628,422578,0,0,21,21,268304384,268304384
31,LP-E,2m,20260919,174,2,measure,0,independent_random,65536,1048576,1178,3243492148957461591,1993546,0,0,21,21,4295970329,4295970329
31,LP-E,2m,20260919,175,2,measure,1,chase_random,268435456,262144,24394231,9186683990631250192,99830122,0,0,21,21,4404910257247,4404910257247
31,LP-E,2m,20260919,176,2,measure,2,independent_random,16777216,1048576,952736,1187108550158506289,30201872,0,0,21,21,1099890577726,1099890577726
31,LP-E,2m,20260919,177,2,measure,3,independent_random,4096,1048576,114,3138582861270489899,1850695,0,0,21,21,268081312,268081312
31,LP-E,2m,20260919,178,2,measure,4,chase_sequential,524288,262144,58917,10272012818175100535,675458,0,0,21,21,8589803520,8589803520
31,LP-E,2m,20260919,179,2,measure,5,chase_random_double,8388608,524288,388393,12413270423414677580,164077686,0,0,21,21,274799330134,274799330134
31,LP-E,2m,20260919,180,2,measure,6,chase_random_double,2097152,524288,16863,10660671647416137588,20614389,0,0,21,21,68719214592,68719214592
31,LP-E,2m,20260919,181,2,measure,7,chase_sequential,65536,262144,7759,13063399300101527752,622427,0,0,21,21,1073610752,1073610752
31,LP-E,2m,20260919,182,2,measure,8,chase_random,262144,262144,18623,6986091607737795540,3443541,0,0,21,21,4294836224,4294836224
31,LP-E,2m,20260919,183,2,measure,9,independent_random,1048576,1048576,120356,4631299755472164417,2970989,0,0,21,21,68652422755,68652422755
31,LP-E,2m,20260919,184,2,measure,10,chase_sequential,4096,262144,87,3875621926455465298,612518,0,0,21,21,66977792,66977792
31,LP-E,2m,20260919,185,2,measure,11,chase_sequential,32768,262144,1933,16384267704724324993,428646,0,0,21,21,536739840,536739840
31,LP-E,2m,20260919,186,2,measure,12,chase_random_double,262144,524288,18041,7731392360805435007,4545799,0,0,21,21,8589672448,8589672448
31,LP-E,2m,20260919,187,2,measure,13,chase_random,2097152,262144,166523,1331702213143210235,23030277,0,0,21,21,34359607296,34359607296
31,LP-E,2m,20260919,188,2,measure,14,independent_random,262144,1048576,31765,12115744141911320536,2077363,0,0,21,21,17174096786,17174096786
31,LP-E,2m,20260919,189,2,measure,15,independent_random,33554432,1048576,4698,4777873862737385198,31243591,0,0,21,21,2199422939338,2199422939338
31,LP-E,2m,20260919,190,2,measure,16,independent_random_bis,4096,1048576,436,11289413460124445442,1672496,0,0,21,21,268046566,268046566
31,LP-E,2m,20260919,191,2,measure,17,chase_sequential,8388608,262144,34050,674573956376398425,757093,0,0,21,21,43285610496,43285610496
31,LP-E,2m,20260919,192,2,measure,18,chase_sequential,67108864,262144,974541,14032014107674519193,726849,0,0,21,21,289829683200,289829683200
31,LP-E,2m,20260919,193,2,measure,19,chase_random_double,524288,524288,27396,4990768276933229132,6864068,0,0,21,21,17179607040,17179607040
31,LP-E,2m,20260919,194,2,measure,20,chase_random,33554432,262144,3214720,3331717881240304735,95010262,0,0,21,21,550241899349,550241899349
31,LP-E,2m,20260919,195,2,measure,21,chase_sequential,1048576,262144,20239,9199811172824135041,576815,0,0,21,21,17179738112,17179738112
31,LP-E,2m,20260919,196,2,measure,22,chase_sequential,268435456,262144,2206792,9796038427228318633,835175,0,0,21,21,612856889344,612856889344
31,LP-E,2m,20260919,197,2,measure,23,page_fault_touch,16777216,4096,1728698,15992747562737135702,4252987,177267,8,21,21,8192,8192
31,LP-E,2m,20260919,198,2,measure,24,independent_random_bis,4194304,1048576,118568,16870014013673727019,22217779,0,0,21,21,274827598035,274827598035
31,LP-E,2m,20260919,199,2,measure,25,chase_random_double,8192,524288,512,13543387888010816696,875435,0,0,21,21,268173312,268173312
31,LP-E,2m,20260919,200,2,measure,26,chase_random_double,4194304,524288,12919,17286206609321805271,112542706,0,0,21,21,137438691328,137438691328
31,LP-E,2m,20260919,201,2,measure,27,independent_random_bis,16777216,1048576,1171364,13668855302362362149,28916467,0,0,21,21,1099419965882,1099419965882
31,LP-E,2m,20260919,202,2,measure,28,chase_random,134217728,262144,7545642,6300199470042053129,100290118,0,0,21,21,2198726882158,2198726882158
31,LP-E,2m,20260919,203,2,measure,29,chase_random,524288,262144,56458,4535613534346254336,4863053,0,0,21,21,8589803520,8589803520
31,LP-E,2m,20260919,204,2,measure,30,chase_sequential,16384,262144,1862,52728959039912704,841596,0,0,21,21,268304384,268304384
31,LP-E,2m,20260919,205,2,measure,31,independent_random_bis,8388608,1048576,996367,13649605694773916611,26295094,0,0,21,21,549986463381,549986463381
31,LP-E,2m,20260919,206,2,measure,32,independent_random,4194304,1048576,148293,18275164353290846506,23526805,0,0,21,21,274727670303,274727670303
31,LP-E,2m,20260919,207,2,measure,33,chase_random,131072,262144,14273,4098522104369713984,2745667,0,0,21,21,2147352576,2147352576
31,LP-E,2m,20260919,208,2,measure,34,independent_random_bis,268435456,1048576,6601683,7324140390621280591,32125379,0,0,21,21,17586975299635,17586975299635
31,LP-E,2m,20260919,209,2,measure,35,chase_random_double,32768,524288,331,333475761173975326,982939,0,0,21,21,1073479680,1073479680
31,LP-E,2m,20260919,210,2,measure,36,chase_sequential,4194304,262144,149031,11282092437680294809,754073,0,0,21,21,73427189760,73427189760
31,LP-E,2m,20260919,211,2,measure,37,independent_random_bis,16384,1048576,1622,8918484597775371931,1664881,0,0,21,21,1072471373,1072471373
31,LP-E,2m,20260919,212,2,measure,38,chase_random_double,1048576,524288,119162,12127895394117371668,10664358,0,0,21,21,34359476224,34359476224
31,LP-E,2m,20260919,213,2,measure,39,chase_random,32768,262144,2304,5838904079351246723,515105,0,0,21,21,536739840,536739840
31,LP-E,2m,20260919,214,2,measure,40,independent_random_bis,131072,1048576,6745,4564521068369989037,1990567,0,0,21,21,8592869099,8592869099
31,LP-E,2m,20260919,215,2,measure,41,independent_random,16384,1048576,993,6582866435120881451,2042434,0,0,21,21,1074201537,1074201537
31,LP-E,2m,20260919,216,2,measure,42,chase_random_double,16777216,524288,1013884,5352544917032252716,175715844,0,0,21,21,550027290793,550027290793
31,LP-E,2m,20260919,217,2,measure,43,chase_sequential,134217728,262144,14467470,11868994458291202752,865330,0,0,21,21,3826920062976,3826920062976
31,LP-E,2m,20260919,218,2,measure,44,chase_random_double,33554432,524288,849609,2126610470682709168,190987838,0,0,21,21,1099296652628,1099296652628
31,LP-E,2m,20260919,219,2,measure,45,chase_random,65536,262144,6893,9647085309821309847,1986723,0,0,21,21,1073610752,1073610752
31,LP-E,2m,20260919,220,2,measure,46,chase_random_double,134217728,524288,2997973,10027286410579558202,204121375,0,0,21,21,4393180594701,4393180594701
31,LP-E,2m,20260919,221,2,measure,47,chase_sequential,131072,262144,8906,6714998898589361032,628034,0,0,21,21,2147352576,2147352576
31,LP-E,2m,20260919,222,2,measure,48,independent_random,67108864,1048576,1477083,6474857849508765092,32806813,0,0,21,21,4397889761016,4397889761016
31,LP-E,2m,20260919,223,2,measure,49,independent_random_bis,65536,1048576,1123,11090402993650573052,1743945,0,0,21,21,4292654211,4292654211
31,LP-E,2m,20260919,224,2,measure,50,independent_random,524288,1048576,12221,3371456530775521765,2164250,0,0,21,21,34338483931,34338483931
31,LP-E,2m,20260919,225,2,measure,51,chase_random,67108864,262144,8066234,6429608362892354386,98776257,0,0,21,21,1098879416360,1098879416360
31,LP-E,2m,20260919,226,2,measure,52,chase_random_double,268435456,524288,17033408,2284406013987130167,201612169,0,0,21,21,8799085335648,8799085335648
31,LP-E,2m,20260919,227,2,measure,53,chase_random_double,67108864,524288,3842441,6899680803499718580,183110868,0,0,21,21,2199705394112,2199705394112
31,LP-E,2m,20260919,228,2,measure,54,independent_random_bis,67108864,1048576,6578740,13635548616866658375,31438255,0,0,21,21,4395220329182,4395220329182
31,LP-E,2m,20260919,229,2,measure,55,independent_random,8192,1048576,869,824529522352470704,1879347,0,0,21,21,536487450,536487450
31,LP-E,2m,20260919,230,2,measure,56,chase_random_double,131072,524288,9109,10103013221544787404,4767286,0,0,21,21,4294705152,4294705152
31,LP-E,2m,20260919,231,2,measure,57,chase_random,4194304,262144,236888,1775133204574324048,59185291,0,0,21,21,68598097113,68598097113
31,LP-E,2m,20260919,232,2,measure,58,independent_random,134217728,1048576,2214231,2898615312793837682,33464188,0,0,21,21,8795294846390,8795294846390
31,LP-E,2m,20260919,233,2,measure,59,chase_random,8388608,262144,805170,9274131170607768702,80423545,0,0,21,21,137455738169,137455738169
31,LP-E,2m,20260919,234,2,measure,60,independent_random_bis,524288,1048576,19200,175814866101767281,2509980,0,0,21,21,34318926979,34318926979
31,LP-E,2m,20260919,235,2,measure,61,chase_random_double,65536,524288,2987,12706371457827597885,3474645,0,0,21,21,2147221504,2147221504
31,LP-E,2m,20260919,236,2,measure,62,independent_random,268435456,1048576,7692999,14807086380234055036,33826595,0,0,21,21,17597633602380,17597633602380
31,LP-E,2m,20260919,237,2,measure,63,independent_random_bis,2097152,1048576,171704,16500831598863254762,5431501,0,0,21,21,137297008721,137297008721
31,LP-E,2m,20260919,238,2,measure,64,independent_random_bis,33554432,1048576,1614622,5810447726169394564,32329127,0,0,21,21,2198663945387,2198663945387
31,LP-E,2m,20260919,239,2,measure,65,chase_random,16384,262144,996,10570823989615481151,461109,0,0,21,21,268304384,268304384
31,LP-E,2m,20260919,240,2,measure,66,independent_random_bis,262144,1048576,23668,890768629460723734,2094285,0,0,21,21,17173992705,17173992705
31,LP-E,2m,20260919,241,2,measure,67,chase_random,8192,262144,385,11922486596141823011,640787,0,0,21,21,134086656,134086656
31,LP-E,2m,20260919,242,2,measure,68,independent_random,131072,1048576,12545,16587593070200156731,1986941,0,0,21,21,8592971083,8592971083
31,LP-E,2m,20260919,243,2,measure,69,chase_random,16777216,262144,87923,16287916163278972428,92339260,0,0,21,21,274645659650,274645659650
31,LP-E,2m,20260919,244,2,measure,70,chase_random,1048576,262144,93652,15147663182965328250,7907370,0,0,21,21,17179738112,17179738112
31,LP-E,2m,20260919,245,2,measure,71,independent_random_bis,134217728,1048576,10978633,17198939786308362241,33061384,0,0,21,21,8794015185667,8794015185667
31,LP-E,2m,20260919,246,2,measure,72,independent_random,2097152,1048576,75051,898592585144603167,5916613,0,0,21,21,137325543164,137325543164
31,LP-E,2m,20260919,247,2,measure,73,chase_random_double,16384,524288,1092,3694371409464460885,1108604,0,0,21,21,536608768,536608768
31,LP-E,2m,20260919,248,2,measure,74,independent_random,32768,1048576,238,6682425564410630947,1918008,0,0,21,21,2145171534,2145171534
31,LP-E,2m,20260919,249,2,measure,75,chase_sequential,33554432,262144,1419583,16963588443252554730,857432,0,0,21,21,406494773248,406494773248
31,LP-E,2m,20260919,250,2,measure,76,chase_random_double,4096,524288,333,3626131825414389235,1049980,0,0,21,21,133955584,133955584
31,LP-E,2m,20260919,251,2,measure,77,independent_random_bis,1048576,1048576,67495,15841485677611160039,2968314,0,0,21,21,68713051319,68713051319
31,LP-E,2m,20260919,252,2,measure,78,independent_random_bis,32768,1048576,2434,4424294861129038463,1859863,0,0,21,21,2148212436,2148212436
31,LP-E,2m,20260919,253,2,measure,79,independent_random_bis,8192,1048576,832,9942458738182090202,2029842,0,0,21,21,535522604,535522604
31,LP-E,2m,20260919,254,2,measure,80,chase_sequential,8192,262144,346,495218285985754311,424831,0,0,21,21,134086656,134086656
31,LP-E,2m,20260919,255,2,measure,81,chase_random,4096,262144,216,15031496340396472612,616694,0,0,21,21,66977792,66977792
31,LP-E,2m,20260919,256,2,measure,82,chase_sequential,262144,262144,9097,2974517334726506280,446315,0,0,21,21,4294836224,4294836224
31,LP-E,2m,20260919,257,2,measure,83,independent_random,8388608,1048576,470781,18433780738086318562,26232709,0,0,21,21,550408843862,550408843862
31,LP-E,2m,20260919,258,2,measure,84,chase_sequential,2097152,262144,80810,13196842749557493635,650403,0,0,21,21,34359607296,34359607296
31,LP-E,2m,20260919,259,2,measure,85,page_fault_touch,268435456,65536,33133574,2588481460424240995,69042192,3043717,128,21,21,131072,131072
31,LP-E,2m,20260919,260,2,measure,86,chase_sequential,16777216,262144,1635818,3149350933980453901,897180,0,0,21,21,463179481088,463179481088
31,LP-E,2m,20260919,261,3,measure,0,chase_random_double,4096,524288,315,105821457421805515,866089,0,0,21,21,133955584,133955584
31,LP-E,2m,20260919,262,3,measure,1,page_fault_touch,268435456,65536,16890794,2778070083405416391,67946197,3169722,128,21,21,131072,131072
31,LP-E,2m,20260919,263,3,measure,2,chase_random,262144,262144,7412,12862844170050000985,3749103,0,0,21,21,4294836224,4294836224
31,LP-E,2m,20260919,264,3,measure,3,chase_random_double,67108864,524288,3932235,10614888215862007799,198914286,0,0,21,21,2198575704951,2198575704951
31,LP-E,2m,20260919,265,3,measure,4,chase_sequential,1048576,262144,42536,1803058307701426383,610861,0,0,21,21,17179738112,17179738112
31,LP-E,2m,20260919,266,3,measure,5,chase_random_double,268435456,524288,4908606,1803459157590132172,197009986,0,0,21,21,8804975461155,8804975461155
31,LP-E,2m,20260919,267,3,measure,6,independent_random,1048576,1048576,81072,2549053019325447394,2604921,0,0,21,21,68724948819,68724948819
31,LP-E,2m,20260919,268,3,measure,7,chase_sequential,131072,262144,14779,2009346806410899534,447334,0,0,21,21,2147352576,2147352576
31,LP-E,2m,20260919,269,3,measure,8,independent_random,131072,1048576,8839,3210165975490440203,1791603,0,0,21,21,8598268352,8598268352
31,LP-E,2m,20260919,270,3,measure,9,chase_random,4096,262144,436,8143292351443822132,443234,0,0,21,21,66977792,66977792
31,LP-E,2m,20260919,271,3,measure,10,chase_random_double,524288,524288,10634,7371938228029963588,6821645,0,0,21,21,17179607040,17179607040
31,LP-E,2m,20260919,272,3,measure,11,independent_random_bis,65536,1048576,114,5883338203807624300,1798921,0,0,21,21,4297622576,4297622576
31,LP-E,2m,20260919,273,3,measure,12,chase_random,268435456,262144,21959574,1628644541636550480,99208848,0,0,21,21,4407436236603,4407436236603
31,LP-E,2m,20260919,274,3,measure,13,chase_random,16384,262144,759,15936281826034115783,471087,0,0,21,21,268304384,268304384
31,LP-E,2m,20260919,275,3,measure,14,chase_sequential,67108864,262144,7459811,6780871921041149628,712615,0,0,21,21,1989904302080,1989904302080
31,LP-E,2m,20260919,276,3,measure,15,independent_random,32768,1048576,533,5929919180936633508,1674078,0,0,21,21,2147586996,2147586996
31,LP-E,2m,20260919,277,3,measure,16,independent_random,524288,1048576,46986,149787531409453608,2505145,0,0,21,21,34345351176,34345351176
31,LP-E,2m,20260919,278,3,measure,17,independent_random_bis,16384,1048576,1952,8120750829488517385,2039641,0,0,21,21,1073164474,1073164474
31,LP-E,2m,20260919,279,3,measure,18,independent_random_bis,4096,1048576,241,3136248056697196450,1850051,0,0,21,21,267582978,267582978
31,LP-E,2m,20260919,280,3,measure,19,chase_random,134217728,262144,11650478,8034179635348984359,98532548,0,0,21,21,2197677998065,2197677998065
31,LP-E,2m,20260919,281,3,measure,20,chase_random,16777216,262144,781099,2166386416000815300,89471447,0,0,21,21,274968762540,274968762540
31,LP-E,2m,20260919,282,3,measure,21,chase_sequential,262144,262144,14881,3702613286182427117,465397,0,0,21,21,4294836224,4294836224
31,LP-E,2m,20260919,283,3,measure,22,independent_random_bis,67108864,1048576,6352132,12642817864729562554,31811550,0,0,21,21,4400242510199,4400242510199
31,LP-E,2m,20260919,284,3,measure,23,chase_sequential,65536,262144,3795,16561160474420274119,453879,0,0,21,21,1073610752,1073610752
31,LP-E,2m,20260919,285,3,measure,24,independent_random,16384,1048576,17,4927464421915630091,1669335,0,0,21,21,1072321919,1072321919
31,LP-E,2m,20260919,286,3,measure,25,chase_random_double,131072,524288,11441,3332062066908611633,4597391,0,0,21,21,4294705152,4294705152
31,LP-E,2m,20260919,287,3,measure,26,independent_random_bis,134217728,1048576,1701140,2477335499140135798,33070767,0,0,21,21,8798095505103,8798095505103
31,LP-E,2m,20260919,288,3,measure,27,independent_random_bis,32768,1048576,3858,328451912223916245,1691545,0,0,21,21,2146662772,2146662772
31,LP-E,2m,20260919,289,3,measure,28,chase_random_double,32768,524288,3919,2150500928047520345,850797,0,0,21,21,1073479680,1073479680
31,LP-E,2m,20260919,290,3,measure,29,chase_random,67108864,262144,7080464,8336187925721480812,97412957,0,0,21,21,1099056807560,1099056807560
31,LP-E,2m,20260919,291,3,measure,30,independent_random,134217728,1048576,421795,16741046201837778153,32276394,0,0,21,21,8792405235716,8792405235716
31,LP-E,2m,20260919,292,3,measure,31,independent_random,8388608,1048576,637426,11010551170509569621,26107017,0,0,21,21,550154790741,550154790741
31,LP-E,2m,20260919,293,3,measure,32,independent_random_bis,1048576,1048576,99311,16242016832006474758,2584305,0,0,21,21,68761106567,68761106567
31,LP-E,2m,20260919,294,3,measure,33,independent_random_bis,4194304,1048576,252600,13401952392730469537,23228455,0,0,21,21,274843612317,274843612317
31,LP-E,2m,20260919,295,3,measure,34,chase_random_double,65536,524288,7457,6948534062899220327,3411242,0,0,21,21,2147221504,2147221504
31,LP-E,2m,20260919,296,3,measure,35,independent_random_bis,2097152,1048576,227323,14703105427724027856,5699576,0,0,21,21,137421296563,137421296563
31,LP-E,2m,20260919,297,3,measure,36,chase_random,32768,262144,2493,10300817291905778215,655280,0,0,21,21,536739840,536739840
31,LP-E,2m,20260919,298,3,measure,37,independent_random_bis,8192,1048576,774,677687536177725703,1751233,0,0,21,21,536590927,536590927
31,LP-E,2m,20260919,299,3,measure,38,independent_random_bis,33554432,1048576,438416,18222531899960683360,31015779,0,0,21,21,2198313558751,2198313558751
31,LP-E,2m,20260919,300,3,measure,39,independent_random_bis,131072,1048576,11911,1207435163534761874,1788311,0,0,21,21,8584527535,8584527535
31,LP-E,2m,20260919,301,3,measure,40,chase_sequential,16777216,262144,11063,11511137433483867107,852697,0,0,21,21,37259706368,37259706368
31,LP-E,2m,20260919,302,3,measure,41,chase_random,524288,262144,49487,7399488037849807466,5489488,0,0,21,21,8589803520,8589803520
31,LP-E,2m,20260919,303,3,measure,42,chase_sequential,524288,262144,15617,2587679167129873191,500917,0,0,21,21,8589803520,8589803520
31,LP-E,2m,20260919,304,3,measure,43,independent_random,67108864,1048576,289734,10495942303289172412,32687299,0,0,21,21,4399008044605,4399008044605
31,LP-E,2m,20260919,305,3,measure,44,chase_sequential,2097152,262144,62798,17887946951938558978,861872,0,0,21,21,34359607296,34359607296
31,LP-E,2m,20260919,306,3,measure,45,chase_sequential,8192,262144,672,9915388082361846316,422714,0,0,21,21,134086656,134086656
31,LP-E,2m,20260919,307,3,measure,46,chase_random_double,8388608,524288,710578,17472270233108854849,159608491,0,0,21,21,274798423021,274798423021
31,LP-E,2m,20260919,308,3,measure,47,chase_random,131072,262144,6775,10253643716478249865,2502107,0,0,21,21,2147352576,2147352576
31,LP-E,2m,20260919,309,3,measure,48,independent_random,4194304,1048576,114503,6345924119604884907,22714512,0,0,21,21,274772042906,274772042906
31,LP-E,2m,20260919,310,3,measure,49,chase_random,8192,262144,327,6392680294696942241,450376,0,0,21,21,134086656,134086656
31,LP-E,2m,20260919,311,3,measure,50,independent_random,16777216,1048576,1804828,10058089381137080604,28849066,0,0,21,21,1099286835932,1099286835932
31,LP-E,2m,20260919,312,3,measure,51,chase_random_double,134217728,524288,13203448,7765965257945135095,198998235,0,0,21,21,4403314568368,4403314568368
31,LP-E,2m,20260919,313,3,measure,52,independent_random,268435456,1048576,5424470,14585796836978755594,33962873,0,0,21,21,17584868714903,17584868714903
31,LP-E,2m,20260919,314,3,measure,53,independent_random,8192,1048576,477,13892353012355169393,1864554,0,0,21,21,536478661,536478661
31,LP-E,2m,20260919,315,3,measure,54,chase_sequential,134217728,262144,16260280,13915597163135959853,741443,0,0,21,21,4296894447616,4296894447616
31,LP-E,2m,20260919,316,3,measure,55,chase_random_double,262144,524288,22639,2458077090379526363,5925333,0,0,21,21,8589672448,8589672448
31,LP-E,2m,20260919,317,3,measure,56,chase_random,65536,262144,5605,17142411464946622621,1674875,0,0,21,21,1073610752,1073610752
31,LP-E,2m,20260919,318,3,measure,57,chase_random_double,2097152,524288,228684,10718895784725348676,21455675,0,0,21,21,68719214592,68719214592
31,LP-E,2m,20260919,319,3,measure,58,chase_random,1048576,262144,69568,9911424267400048368,8887812,0,0,21,21,17179738112,17179738112
31,LP-E,2m,20260919,320,3,measure,59,independent_random_bis,268435456,1048576,1723096,18042693059869206880,33409270,0,0,21,21,17586650803003,17586650803003
31,LP-E,2m,20260919,321,3,measure,60,independent_random,65536,1048576,1634,4533613335207179064,2110072,0,0,21,21,4295026437,4295026437
31,LP-E,2m,20260919,322,3,measure,61,chase_random_double,16777216,524288,1206130,16599242946893619398,171700096,0,0,21,21,550070173236,550070173236
31,LP-E,2m,20260919,323,3,measure,62,chase_random_double,1048576,524288,47359,17839661212673125353,9948432,0,0,21,21,34359476224,34359476224
31,LP-E,2m,20260919,324,3,measure,63,chase_random_double,8192,524288,502,14958625619455841353,884620,0,0,21,21,268173312,268173312
31,LP-E,2m,20260919,325,3,measure,64,chase_random,2097152,262144,84527,16697492552490022445,25210992,0,0,21,21,34359607296,34359607296
31,LP-E,2m,20260919,326,3,measure,65,chase_random,8388608,262144,840490,9712262314343335177,82606376,0,0,21,21,137455615380,137455615380
31,LP-E,2m,20260919,327,3,measure,66,chase_sequential,32768,262144,785,3253534931363065976,435947,0,0,21,21,536739840,536739840
31,LP-E,2m,20260919,328,3,measure,67,chase_sequential,268435456,262144,31919077,15209117206597309909,709622,0,0,21,21,8401754128384,8401754128384
31,LP-E,2m,20260919,329,3,measure,68,chase_random,4194304,262144,93840,14068966860595482355,60669706,0,0,21,21,68760568815,68760568815
31,LP-E,2m,20260919,330,3,measure,69,independent_random_bis,524288,1048576,45941,7776185604261299770,2494285,0,0,21,21,34347547643,34347547643
31,LP-E,2m,20260919,331,3,measure,70,independent_random,262144,1048576,1292,2999699975166001136,1914752,0,0,21,21,17168969818,17168969818
31,LP-E,2m,20260919,332,3,measure,71,chase_random_double,33554432,524288,151517,8908923972584644320,192429225,0,0,21,21,1100414171632,1100414171632
31,LP-E,2m,20260919,333,3,measure,72,chase_sequential,16384,262144,1444,10051400175273139409,439732,0,0,21,21,268304384,268304384
31,LP-E,2m,20260919,334,3,measure,73,chase_sequential,8388608,262144,13124,9110413311947420053,704853,0,0,21,21,37799985152,37799985152
31,LP-E,2m,20260919,335,3,measure,74,independent_random,4096,1048576,173,18044816207034344585,1853794,0,0,21,21,268069575,268069575
31,LP-E,2m,20260919,336,3,measure,75,chase_random_double,4194304,524288,119811,7695354962276513829,128773707,0,0,21,21,137438691328,137438691328
31,LP-E,2m,20260919,337,3,measure,76,chase_random_double,16384,524288,1554,3474781198252690410,915750,0,0,21,21,536608768,536608768
31,LP-E,2m,20260919,338,3,measure,77,chase_sequential,4096,262144,392,2868446653031812491,435027,0,0,21,21,66977792,66977792
31,LP-E,2m,20260919,339,3,measure,78,independent_random,33554432,1048576,57544,2192103016169726282,31232138,0,0,21,21,2199265286371,2199265286371
31,LP-E,2m,20260919,340,3,measure,79,chase_random,33554432,262144,735200,11653428225692703721,98182921,0,0,21,21,549396617226,549396617226
31,LP-E,2m,20260919,341,3,measure,80,independent_random_bis,16777216,1048576,1762494,15008521263781681587,30377052,0,0,21,21,1099079880205,1099079880205
31,LP-E,2m,20260919,342,3,measure,81,chase_sequential,4194304,262144,474092,5375292783279082093,723628,0,0,21,21,47518187520,47518187520
31,LP-E,2m,20260919,343,3,measure,82,independent_random_bis,262144,1048576,6314,653088144051332328,1912865,0,0,21,21,17183874282,17183874282
31,LP-E,2m,20260919,344,3,measure,83,page_fault_touch,16777216,4096,1706918,10225907436788266017,4079101,182230,8,21,21,8192,8192
31,LP-E,2m,20260919,345,3,measure,84,independent_random,2097152,1048576,51712,16865979497673079354,5495718,0,0,21,21,137495814878,137495814878
31,LP-E,2m,20260919,346,3,measure,85,chase_sequential,33554432,262144,2612721,17073392279617854771,733664,0,0,21,21,719268741120,719268741120
31,LP-E,2m,20260919,347,3,measure,86,independent_random_bis,8388608,1048576,638607,10784670215074342758,24423957,0,0,21,21,549741972103,549741972103
31,LP-E,2m,20260919,348,4,measure,0,chase_random,134217728,262144,11322843,15606588503539361556,99074932,0,0,21,21,2198949653816,2198949653816
31,LP-E,2m,20260919,349,4,measure,1,chase_random_double,33554432,524288,2644973,8804845735970081188,195317895,0,0,21,21,1099272760251,1099272760251
31,LP-E,2m,20260919,350,4,measure,2,chase_random,1048576,262144,50481,12165131285088449392,7592308,0,0,21,21,17179738112,17179738112
31,LP-E,2m,20260919,351,4,measure,3,independent_random,4194304,1048576,304963,15475266176623237805,23400431,0,0,21,21,274874957234,274874957234
31,LP-E,2m,20260919,352,4,measure,4,chase_random_double,65536,524288,6701,4961072594759145597,3552527,0,0,21,21,2147221504,2147221504
31,LP-E,2m,20260919,353,4,measure,5,independent_random,1048576,1048576,126569,2408159671151641604,2826883,0,0,21,21,68725440776,68725440776
31,LP-E,2m,20260919,354,4,measure,6,chase_sequential,1048576,262144,71897,6180966480392265655,821662,0,0,21,21,17179738112,17179738112
31,LP-E,2m,20260919,355,4,measure,7,chase_random_double,134217728,524288,13875333,15909510011223326225,202330499,0,0,21,21,4403193721949,4403193721949
31,LP-E,2m,20260919,356,4,measure,8,chase_random_double,4096,524288,164,3719947579539232620,1053586,0,0,21,21,133955584,133955584
31,LP-E,2m,20260919,357,4,measure,9,independent_random,16777216,1048576,1581453,2585801116346890882,28700335,0,0,21,21,1100462784696,1100462784696
31,LP-E,2m,20260919,358,4,measure,10,chase_random_double,524288,524288,15352,8534545258189292200,7254855,0,0,21,21,17179607040,17179607040
31,LP-E,2m,20260919,359,4,measure,11,chase_random,4194304,262144,411901,9865862377414985622,60601194,0,0,21,21,68741377484,68741377484
31,LP-E,2m,20260919,360,4,measure,12,independent_random,16384,1048576,709,10876210204569836260,1675622,0,0,21,21,1073059037,1073059037
31,LP-E,2m,20260919,361,4,measure,13,chase_sequential,16777216,262144,384885,15798078254025267825,713597,0,0,21,21,135254900736,135254900736
31,LP-E,2m,20260919,362,4,measure,14,chase_sequential,16384,262144,1480,17730772597332781758,436107,0,0,21,21,268304384,268304384
31,LP-E,2m,20260919,363,4,measure,15,chase_sequential,131072,262144,9212,7168262777476768347,441083,0,0,21,21,2147352576,2147352576
31,LP-E,2m,20260919,364,4,measure,16,chase_random_double,4194304,524288,492225,17070532796678928134,113133495,0,0,21,21,137438691328,137438691328
31,LP-E,2m,20260919,365,4,measure,17,independent_random_bis,8388608,1048576,289557,130177021745374431,27142110,0,0,21,21,549966581710,549966581710
31,LP-E,2m,20260919,366,4,measure,18,independent_random,32768,1048576,3300,5830262603016827470,1867540,0,0,21,21,2147163599,2147163599
31,LP-E,2m,20260919,367,4,measure,19,independent_random,8388608,1048576,845829,16905711620693559678,26563241,0,0,21,21,549790933491,549790933491
31,LP-E,2m,20260919,368,4,measure,20,independent_random_bis,4194304,1048576,291197,3445239772430548845,22451745,0,0,21,21,274870277921,274870277921
31,LP-E,2m,20260919,369,4,measure,21,chase_sequential,8388608,262144,132134,4806341685736375048,718218,0,0,21,21,68997742592,68997742592
31,LP-E,2m,20260919,370,4,measure,22,chase_sequential,524288,262144,19298,14839419919043766160,513084,0,0,21,21,8589803520,8589803520
31,LP-E,2m,20260919,371,4,measure,23,independent_random_bis,134217728,1048576,2363517,15638754821556147611,32725888,0,0,21,21,8791272495854,8791272495854
31,LP-E,2m,20260919,372,4,measure,24,independent_random_bis,33554432,1048576,2883500,6187981086780619396,31372216,0,0,21,21,2196449984265,2196449984265
31,LP-E,2m,20260919,373,4,measure,25,chase_random,16384,262144,1366,14566967414126744220,494761,0,0,21,21,268304384,268304384
31,LP-E,2m,20260919,374,4,measure,26,chase_random_double,262144,524288,19740,5414115341538245192,6068711,0,0,21,21,8589672448,8589672448
31,LP-E,2m,20260919,375,4,measure,27,page_fault_touch,16777216,4096,892812,17636849842881174605,4192251,375044,8,21,21,8192,8192
31,LP-E,2m,20260919,376,4,measure,28,independent_random,262144,1048576,4453,14101670524055985999,2068937,0,0,21,21,17184733587,17184733587
31,LP-E,2m,20260919,377,4,measure,29,chase_random_double,8192,524288,341,12503191285438519323,897222,0,0,21,21,268173312,268173312
31,LP-E,2m,20260919,378,4,measure,30,chase_sequential,262144,262144,13330,1049087985429152654,639513,0,0,21,21,4294836224,4294836224
31,LP-E,2m,20260919,379,4,measure,31,independent_random_bis,131072,1048576,7820,9906746533041730567,1822746,0,0,21,21,8586873692,8586873692
31,LP-E,2m,20260919,380,4,measure,32,independent_random,65536,1048576,4148,16461483976747552644,2127760,0,0,21,21,4294161548,4294161548
31,LP-E,2m,20260919,381,4,measure,33,chase_random,65536,262144,6261,12678240670188962538,1397471,0,0,21,21,1073610752,1073610752
31,LP-E,2m,20260919,382,4,measure,34,independent_random_bis,32768,1048576,1078,1339493942298506425,2039574,0,0,21,21,2147823087,2147823087
31,LP-E,2m,20260919,383,4,measure,35,independent_random,268435456,1048576,22735901,5261123449737480718,33618225,0,0,21,21,17601238555945,17601238555945
31,LP-E,2m,20260919,384,4,measure,36,independent_random,134217728,1048576,15096690,11151821707218756791,32945286,0,0,21,21,8793372740190,8793372740190
31,LP-E,2m,20260919,385,4,measure,37,chase_sequential,2097152,262144,14511,15902163955680254016,702147,0,0,21,21,34359607296,34359607296
31,LP-E,2m,20260919,386,4,measure,38,chase_random_double,16777216,524288,142344,17498098521958413786,179933873,0,0,21,21,549403535442,549403535442
31,LP-E,2m,20260919,387,4,measure,39,chase_sequential,268435456,262144,27698013,1357511512696920942,870542,0,0,21,21,7295227527168,7295227527168
31,LP-E,2m,20260919,388,4,measure,40,independent_random_bis,1048576,1048576,89850,18390535675559808909,2817920,0,0,21,21,68652080162,68652080162
31,LP-E,2m,20260919,389,4,measure,41,chase_random,16777216,262144,1683384,13378896459997347148,90174323,0,0,21,21,275089735150,275089735150
31,LP-E,2m,20260919,390,4,measure,42,chase_random,262144,262144,31844,1852367653115762384,3239520,0,0,21,21,4294836224,4294836224
31,LP-E,2m,20260919,391,4,measure,43,chase_random_double,131072,524288,9042,1056636253682346897,5187883,0,0,21,21,4294705152,4294705152
31,LP-E,2m,20260919,392,4,measure,44,chase_random,2097152,262144,132426,7911136171601552521,16225160,0,0,21,21,34359607296,34359607296
31,LP-E,2m,20260919,393,4,measure,45,chase_random_double,2097152,524288,24461,5759082588761387748,11013962,0,0,21,21,68719214592,68719214592
31,LP-E,2m,20260919,394,4,measure,46,chase_sequential,67108864,262144,7499897,14881526025369412486,849170,0,0,21,21,2000412606464,2000412606464
31,LP-E,2m,20260919,395,4,measure,47,chase_random,67108864,262144,5010922,18376247721390297886,99075786,0,0,21,21,1101177446838,1101177446838
31,LP-E,2m,20260919,396,4,measure,48,independent_random,67108864,1048576,7778389,6604054463862614057,32836903,0,0,21,21,4395094816986,4395094816986
31,LP-E,2m,20260919,397,4,measure,49,independent_random_bis,67108864,1048576,769038,4686662699969259257,32649904,0,0,21,21,4399370348353,4399370348353
31,LP-E,2m,20260919,398,4,measure,50,independent_random,131072,1048576,6423,15405395166395817855,2155339,0,0,21,21,8584035873,8584035873
31,LP-E,2m,20260919,399,4,measure,51,chase_sequential,8192,262144,552,16065084098968388694,616021,0,0,21,21,134086656,134086656
31,LP-E,2m,20260919,400,4,measure,52,chase_random,32768,262144,1874,9806643927894334288,616159,0,0,21,21,536739840,536739840
31,LP-E,2m,20260919,401,4,measure,53,chase_sequential,134217728,262144,5828438,7594598139510302087,648646,0,0,21,21,1562249658368,1562249658368
31,LP-E,2m,20260919,402,4,measure,54,independent_random,8192,1048576,291,13876824079493179880,2036530,0,0,21,21,536977629,536977629
31,LP-E,2m,20260919,403,4,measure,55,chase_random,33554432,262144,2832612,4473650453823666578,97904401,0,0,21,21,549047686359,549047686359
31,LP-E,2m,20260919,404,4,measure,56,independent_random,524288,1048576,8006,8154112860230641063,2485294,0,0,21,21,34370513855,34370513855
31,LP-E,2m,20260919,405,4,measure,57,independent_random_bis,8192,1048576,385,18153362292153458525,2038282,0,0,21,21,535993152,535993152
31,LP-E,2m,20260919,406,4,measure,58,chase_sequential,4194304,262144,113242,8402945082162789352,657704,0,0,21,21,64045318144,64045318144
31,LP-E,2m,20260919,407,4,measure,59,independent_random_bis,16384,1048576,343,2893128368660927460,2051776,0,0,21,21,1073731058,1073731058
31,LP-E,2m,20260919,408,4,measure,60,chase_random,524288,262144,36679,10698595475090359875,2909783,0,0,21,21,8589803520,8589803520
31,LP-E,2m,20260919,409,4,measure,61,independent_random_bis,524288,1048576,54143,5696396912870193108,1717564,0,0,21,21,34377956008,34377956008
31,LP-E,2m,20260919,410,4,measure,62,chase_random_double,8388608,524288,599717,12994705712967181858,161838882,0,0,21,21,274647772537,274647772537
31,LP-E,2m,20260919,411,4,measure,63,chase_random_double,1048576,524288,22831,2157794614447860799,9568866,0,0,21,21,34359476224,34359476224
31,LP-E,2m,20260919,412,4,measure,64,chase_random_double,16384,524288,310,13845356259306717053,909459,0,0,21,21,536608768,536608768
31,LP-E,2m,20260919,413,4,measure,65,independent_random,2097152,1048576,97325,18142072501285116949,5827285,0,0,21,21,137495031056,137495031056
31,LP-E,2m,20260919,414,4,measure,66,page_fault_touch,268435456,65536,15043914,5592259954818935162,68120473,2961650,128,21,21,131072,131072
31,LP-E,2m,20260919,415,4,measure,67,chase_random,4096,262144,496,3632428364880279315,627341,0,0,21,21,66977792,66977792
31,LP-E,2m,20260919,416,4,measure,68,chase_random,8192,262144,286,8918000333679690610,455060,0,0,21,21,134086656,134086656
31,LP-E,2m,20260919,417,4,measure,69,chase_sequential,33554432,262144,3737118,12536446155464909945,875776,0,0,21,21,1014022668288,1014022668288
31,LP-E,2m,20260919,418,4,measure,70,chase_random,131072,262144,14567,15830841087608560759,2872527,0,0,21,21,2147352576,2147352576
31,LP-E,2m,20260919,419,4,measure,71,independent_random_bis,16777216,1048576,2007887,8669498105923453323,28472167,0,0,21,21,1098579066620,1098579066620
31,LP-E,2m,20260919,420,4,measure,72,chase_sequential,65536,262144,7311,547795523822069774,629920,0,0,21,21,1073610752,1073610752
31,LP-E,2m,20260919,421,4,measure,73,independent_random_bis,2097152,1048576,195879,5262927278397159297,5714698,0,0,21,21,137268563089,137268563089
31,LP-E,2m,20260919,422,4,measure,74,independent_random_bis,65536,1048576,6878,15215884819440242802,1799031,0,0,21,21,4293988152,4293988152
31,LP-E,2m,20260919,423,4,measure,75,chase_random,268435456,262144,1329158,17854763510092481823,100723170,0,0,21,21,4395540701672,4395540701672
31,LP-E,2m,20260919,424,4,measure,76,independent_random_bis,262144,1048576,8651,15443861650653585411,1945217,0,0,21,21,17185055028,17185055028
31,LP-E,2m,20260919,425,4,measure,77,independent_random_bis,268435456,1048576,28476258,2157621201602295380,33656699,0,0,21,21,17599166014541,17599166014541
31,LP-E,2m,20260919,426,4,measure,78,chase_random_double,67108864,524288,6805807,1043490917227670278,189388648,0,0,21,21,2199199455272,2199199455272
31,LP-E,2m,20260919,427,4,measure,79,chase_random_double,32768,524288,1245,17157185612474944169,1001673,0,0,21,21,1073479680,1073479680
31,LP-E,2m,20260919,428,4,measure,80,independent_random,33554432,1048576,374286,9369488263823333813,31337747,0,0,21,21,2198923391005,2198923391005
31,LP-E,2m,20260919,429,4,measure,81,chase_sequential,32768,262144,3984,8881159390160768305,430324,0,0,21,21,536739840,536739840
31,LP-E,2m,20260919,430,4,measure,82,chase_random,8388608,262144,258359,6331947761075230280,81709437,0,0,21,21,137352422842,137352422842
31,LP-E,2m,20260919,431,4,measure,83,chase_sequential,4096,262144,256,7670605352828664825,424834,0,0,21,21,66977792,66977792
31,LP-E,2m,20260919,432,4,measure,84,independent_random_bis,4096,1048576,390,17351852456085439905,2104266,0,0,21,21,268158159,268158159
31,LP-E,2m,20260919,433,4,measure,85,chase_random_double,268435456,524288,19108642,12712139550198412500,203301580,0,0,21,21,8785743762620,8785743762620
31,LP-E,2m,20260919,434,4,measure,86,independent_random,4096,1048576,249,8495354539413781644,1837680,0,0,21,21,267652840,267652840
31,LP-E,2m,20260919,435,5,measure,0,chase_random_double,16384,524288,40,10803885857732139041,1299209,0,0,21,21,536608768,536608768
31,LP-E,2m,20260919,436,5,measure,1,independent_random_bis,2097152,1048576,68009,3982400310078864781,5699808,0,0,21,21,137461679074,137461679074
31,LP-E,2m,20260919,437,5,measure,2,chase_sequential,524288,262144,45455,5981998243556343055,728320,0,0,21,21,8589803520,8589803520
31,LP-E,2m,20260919,438,5,measure,3,chase_random,65536,262144,1494,2380545364032711538,1998275,0,0,21,21,1073610752,1073610752
31,LP-E,2m,20260919,439,5,measure,4,chase_random,268435456,262144,27008804,16918941950827293058,101551091,0,0,21,21,4400532125468,4400532125468
31,LP-E,2m,20260919,440,5,measure,5,chase_random_double,32768,524288,3778,8160938397409029167,982040,0,0,21,21,1073479680,1073479680
31,LP-E,2m,20260919,441,5,measure,6,independent_random_bis,67108864,1048576,7549357,16041843834078852605,32026360,0,0,21,21,4395304078929,4395304078929
31,LP-E,2m,20260919,442,5,measure,7,chase_random,8192,262144,901,2128856856970815834,444429,0,0,21,21,134086656,134086656
31,LP-E,2m,20260919,443,5,measure,8,chase_random,134217728,262144,13187886,386537028442241378,100900407,0,0,21,21,2197779423963,2197779423963
31,LP-E,2m,20260919,444,5,measure,9,chase_random,1048576,262144,78015,10170923116508329828,7464423,0,0,21,21,17179738112,17179738112
31,LP-E,2m,20260919,445,5,measure,10,independent_random_bis,131072,1048576,11912,6408082632178161321,1985190,0,0,21,21,8589574766,8589574766
31,LP-E,2m,20260919,446,5,measure,11,independent_random_bis,33554432,1048576,3355556,18026027560657335093,31759351,0,0,21,21,2199411261593,2199411261593
31,LP-E,2m,20260919,447,5,measure,12,chase_sequential,1048576,262144,107942,7535092764824342858,659836,0,0,21,21,17179738112,17179738112
31,LP-E,2m,20260919,448,5,measure,13,chase_random_double,268435456,524288,17372253,1824799849342037861,201757285,0,0,21,21,8800860846870,8800860846870
31,LP-E,2m,20260919,449,5,measure,14,chase_random,33554432,262144,3986047,6568502372687409691,96079061,0,0,21,21,549636272665,549636272665
31,LP-E,2m,20260919,450,5,measure,15,independent_random,16384,1048576,755,1960449227262914455,2043388,0,0,21,21,1072191090,1072191090
31,LP-E,2m,20260919,451,5,measure,16,independent_random_bis,16384,1048576,24,1112588284156664387,1991129,0,0,21,21,1073469120,1073469120
31,LP-E,2m,20260919,452,5,measure,17,chase_random,4096,262144,303,14638726349051600529,435466,0,0,21,21,66977792,66977792
31,LP-E,2m,20260919,453,5,measure,18,page_fault_touch,268435456,65536,22738253,18256717996593197694,68790754,3047200,128,21,21,131072,131072
31,LP-E,2m,20260919,454,5,measure,19,chase_random_double,8388608,524288,798615,9440720156532190932,161382071,0,0,21,21,274739639500,274739639500
31,LP-E,2m,20260919,455,5,measure,20,independent_random_bis,134217728,1048576,160763,5013923341277976181,32826414,0,0,21,21,8795046285400,8795046285400
31,LP-E,2m,20260919,456,5,measure,21,independent_random_bis,65536,1048576,7666,10804525343605538724,2107399,0,0,21,21,4289758800,4289758800
31,LP-E,2m,20260919,457,5,measure,22,chase_random_double,2097152,524288,212150,14613235525140242468,22784650,0,0,21,21,68719214592,68719214592
31,LP-E,2m,20260919,458,5,measure,23,independent_random,16777216,1048576,993626,18065228026430698573,29213098,0,0,21,21,1099820620124,1099820620124
31,LP-E,2m,20260919,459,5,measure,24,independent_random_bis,8192,1048576,91,16532734208678378826,1768863,0,0,21,21,536402852,536402852
31,LP-E,2m,20260919,460,5,measure,25,independent_random,65536,1048576,3639,14391618452888834096,1949817,0,0,21,21,4296108281,4296108281
31,LP-E,2m,20260919,461,5,measure,26,chase_random,524288,262144,49545,10861315641145673720,5424351,0,0,21,21,8589803520,8589803520
31,LP-E,2m,20260919,462,5,measure,27,independent_random,268435456,1048576,12393648,1220506034149926411,32001744,0,0,21,21,17595672732520,17595672732520
31,LP-E,2m,20260919,463,5,measure,28,independent_random,8192,1048576,263,78459320004852589,1835460,0,0,21,21,535935588,535935588
31,LP-E,2m,20260919,464,5,measure,29,independent_random,67108864,1048576,3176013,685721976673076031,32678962,0,0,21,21,4396593875028,4396593875028
31,LP-E,2m,20260919,465,5,measure,30,independent_random,4096,1048576,420,3935919259935935160,2034556,0,0,21,21,267726663,267726663
31,LP-E,2m,20260919,466,5,measure,31,independent_random_bis,4194304,1048576,421261,18039594566494176575,24210029,0,0,21,21,275072223304,275072223304
31,LP-E,2m,20260919,467,5,measure,32,chase_random_double,8192,524288,836,1072928289779277758,1063125,0,0,21,21,268173312,268173312
31,LP-E,2m,20260919,468,5,measure,33,chase_random_double,262144,524288,7777,6660188210713636982,5892994,0,0,21,21,8589672448,8589672448
31,LP-E,2m,20260919,469,5,measure,34,independent_random_bis,8388608,1048576,364046,12723103507338823214,26202817,0,0,21,21,549907974039,549907974039
31,LP-E,2m,20260919,470,5,measure,35,chase_random_double,67108864,524288,6771370,17412497692313302347,201987739,0,0,21,21,2198625932700,2198625932700
31,LP-E,2m,20260919,471,5,measure,36,independent_random,4194304,1048576,111898,14070509996761552810,23315945,0,0,21,21,275034251244,275034251244
31,LP-E,2m,20260919,472,5,measure,37,independent_random_bis,16777216,1048576,273848,440905663381032958,30304870,0,0,21,21,1099550641783,1099550641783
31,LP-E,2m,20260919,473,5,measure,38,independent_random_bis,32768,1048576,417,10612434355716627929,1866811,0,0,21,21,2145884980,2145884980
31,LP-E,2m,20260919,474,5,measure,39,chase_sequential,16384,262144,1994,10101130481850845129,427146,0,0,21,21,268304384,268304384
31,LP-E,2m,20260919,475,5,measure,40,chase_random,16384,262144,1685,1493195644100992328,671188,0,0,21,21,268304384,268304384
31,LP-E,2m,20260919,476,5,measure,41,chase_sequential,2097152,262144,212388,3576847457564069173,719169,0,0,21,21,34359607296,34359607296
31,LP-E,2m,20260919,477,5,measure,42,chase_random,16777216,262144,108841,117082683267840985,92338364,0,0,21,21,274984556900,274984556900
31,LP-E,2m,20260919,478,5,measure,43,independent_random,32768,1048576,2548,4559367220802251598,1862401,0,0,21,21,2148084495,2148084495
31,LP-E,2m,20260919,479,5,measure,44,chase_sequential,4194304,262144,36655,10357277613268921916,853668,0,0,21,21,43968495616,43968495616
31,LP-E,2m,20260919,480,5,measure,45,chase_random_double,65536,524288,1020,18018104692822600874,3434019,0,0,21,21,2147221504,2147221504
31,LP-E,2m,20260919,481,5,measure,46,independent_random,2097152,1048576,61365,16163036788198707829,6275283,0,0,21,21,137415351123,137415351123
31,LP-E,2m,20260919,482,5,measure,47,chase_sequential,8388608,262144,781861,16328657714161758801,673480,0,0,21,21,239319777280,239319777280
31,LP-E,2m,20260919,483,5,measure,48,independent_random_bis,262144,1048576,25084,17388063777472657906,2087788,0,0,21,21,17172880154,17172880154
31,LP-E,2m,20260919,484,5,measure,49,chase_sequential,67108864,262144,4172841,18264696330422710542,851294,0,0,21,21,1128244838400,1128244838400
31,LP-E,2m,20260919,485,5,measure,50,independent_random_bis,524288,1048576,55187,2661928688852185647,2319665,0,0,21,21,34326352327,34326352327
31,LP-E,2m,20260919,486,5,measure,51,chase_sequential,134217728,262144,1326476,2065280763253512592,864811,0,0,21,21,382087331840,382087331840
31,LP-E,2m,20260919,487,5,measure,52,chase_random_double,33554432,524288,3481162,785543408065313501,186629536,0,0,21,21,1098465716546,1098465716546
31,LP-E,2m,20260919,488,5,measure,53,independent_random,134217728,1048576,2094216,675360749514586298,33982618,0,0,21,21,8793190721889,8793190721889
31,LP-E,2m,20260919,489,5,measure,54,chase_sequential,131072,262144,684,15616738272144353025,485951,0,0,21,21,2147352576,2147352576
31,LP-E,2m,20260919,490,5,measure,55,chase_sequential,268435456,262144,12892124,9723804603317915689,716908,0,0,21,21,3413952561152,3413952561152
31,LP-E,2m,20260919,491,5,measure,56,chase_random,131072,262144,15332,1865858374184145169,2399058,0,0,21,21,2147352576,2147352576
31,LP-E,2m,20260919,492,5,measure,57,page_fault_touch,16777216,4096,1823468,4786836044955186078,3942918,204575,8,21,21,8192,8192
31,LP-E,2m,20260919,493,5,measure,58,independent_random,1048576,1048576,48356,3211705136740258618,2770436,0,0,21,21,68614205374,68614205374
31,LP-E,2m,20260919,494,5,measure,59,independent_random,8388608,1048576,548126,16677983400762877422,25450389,0,0,21,21,549868282280,549868282280
31,LP-E,2m,20260919,495,5,measure,60,chase_random,32768,262144,2871,16507827061204509915,743345,0,0,21,21,536739840,536739840
31,LP-E,2m,20260919,496,5,measure,61,independent_random_bis,4096,1048576,446,5322601538813345154,1848582,0,0,21,21,267913865,267913865
31,LP-E,2m,20260919,497,5,measure,62,chase_random,67108864,262144,5460282,18123547156500547603,98975266,0,0,21,21,1097935630978,1097935630978
31,LP-E,2m,20260919,498,5,measure,63,independent_random_bis,1048576,1048576,89197,2854714634037582527,2886413,0,0,21,21,68769724948,68769724948
31,LP-E,2m,20260919,499,5,measure,64,chase_random_double,134217728,524288,7242801,3890572291781418961,201060814,0,0,21,21,4395529487570,4395529487570
31,LP-E,2m,20260919,500,5,measure,65,independent_random,33554432,1048576,626487,9759392453490843716,31211057,0,0,21,21,2197887355954,2197887355954
31,LP-E,2m,20260919,501,5,measure,66,chase_random_double,16777216,524288,1096361,15664698785436919354,184381869,0,0,21,21,549323177139,549323177139
31,LP-E,2m,20260919,502,5,measure,67,chase_sequential,4096,262144,482,112006965364388132,616579,0,0,21,21,66977792,66977792
31,LP-E,2m,20260919,503,5,measure,68,independent_random,262144,1048576,16958,13583989977888299498,2247865,0,0,21,21,17169026444,17169026444
31,LP-E,2m,20260919,504,5,measure,69,chase_random,2097152,262144,15492,13551527496293734179,16752891,0,0,21,21,34359607296,34359607296
31,LP-E,2m,20260919,505,5,measure,70,independent_random,524288,1048576,7442,14471433002026482956,2516909,0,0,21,21,34351418558,34351418558
31,LP-E,2m,20260919,506,5,measure,71,chase_random_double,4096,524288,206,11342218140546021167,849431,0,0,21,21,133955584,133955584
31,LP-E,2m,20260919,507,5,measure,72,chase_sequential,262144,262144,7768,1158665744999858624,469151,0,0,21,21,4294836224,4294836224
31,LP-E,2m,20260919,508,5,measure,73,chase_random,4194304,262144,402761,16628233317784214076,61047522,0,0,21,21,68761215059,68761215059
31,LP-E,2m,20260919,509,5,measure,74,chase_sequential,8192,262144,215,11268100404667003992,427207,0,0,21,21,134086656,134086656
31,LP-E,2m,20260919,510,5,measure,75,chase_random_double,1048576,524288,3989,4800282469171802258,10501710,0,0,21,21,34359476224,34359476224
31,LP-E,2m,20260919,511,5,measure,76,chase_sequential,33554432,262144,1852938,8181796432971697601,711068,0,0,21,21,520096186368,520096186368
31,LP-E,2m,20260919,512,5,measure,77,chase_sequential,65536,262144,6321,8213049448917761812,435266,0,0,21,21,1073610752,1073610752
31,LP-E,2m,20260919,513,5,measure,78,chase_random_double,131072,524288,869,5488735935586920155,4223274,0,0,21,21,4294705152,4294705152
31,LP-E,2m,20260919,514,5,measure,79,independent_random_bis,268435456,1048576,29995371,3189212893636697706,33382807,0,0,21,21,17592670518929,17592670518929
31,LP-E,2m,20260919,515,5,measure,80,independent_random,131072,1048576,1300,4351450676328878747,1790209,0,0,21,21,8598485491,8598485491
31,LP-E,2m,20260919,516,5,measure,81,chase_sequential,32768,262144,3162,739415425435639943,614701,0,0,21,21,536739840,536739840
31,LP-E,2m,20260919,517,5,measure,82,chase_random_double,4194304,524288,270425,7652652196989694728,119486434,0,0,21,21,137438691328,137438691328
31,LP-E,2m,20260919,518,5,measure,83,chase_random_double,524288,524288,54493,8581151527233189510,6623443,0,0,21,21,17179607040,17179607040
31,LP-E,2m,20260919,519,5,measure,84,chase_sequential,16777216,262144,85127,5585392095533756453,832166,0,0,21,21,56675139584,56675139584
31,LP-E,2m,20260919,520,5,measure,85,chase_random,262144,262144,4691,10185596763478354943,3514182,0,0,21,21,4294836224,4294836224
31,LP-E,2m,20260919,521,5,measure,86,chase_random,8388608,262144,508321,2176457417569661251,78805299,0,0,21,21,137424039260,137424039260
31,LP-E,2m,20260919,522,6,measure,0,independent_random_bis,1048576,1048576,9455,13873518117597355845,3009373,0,0,21,21,68723444331,68723444331
31,LP-E,2m,20260919,523,6,measure,1,chase_sequential,65536,262144,3804,4386176300052129881,624228,0,0,21,21,1073610752,1073610752
31,LP-E,2m,20260919,524,6,measure,2,chase_random,32768,262144,183,13487288428924263107,596964,0,0,21,21,536739840,536739840
31,LP-E,2m,20260919,525,6,measure,3,page_fault_touch,16777216,4096,35461,11440090660263930231,4276696,159826,8,21,21,8192,8192
31,LP-E,2m,20260919,526,6,measure,4,independent_random,131072,1048576,4115,6142557387408987761,1993392,0,0,21,21,8592892948,8592892948
31,LP-E,2m,20260919,527,6,measure,5,chase_sequential,262144,262144,3929,9533587961839472958,470054,0,0,21,21,4294836224,4294836224
31,LP-E,2m,20260919,528,6,measure,6,independent_random,2097152,1048576,252804,3937817080752562976,5774563,0,0,21,21,137385256062,137385256062
31,LP-E,2m,20260919,529,6,measure,7,independent_random_bis,16777216,1048576,2093378,14585721468770518857,29083092,0,0,21,21,1099225379035,1099225379035
31,LP-E,2m,20260919,530,6,measure,8,chase_sequential,16777216,262144,1118848,14147116503231408763,637700,0,0,21,21,327658897408,327658897408
31,LP-E,2m,20260919,531,6,measure,9,chase_sequential,2097152,262144,101005,1729872013403965410,864428,0,0,21,21,34359607296,34359607296
31,LP-E,2m,20260919,532,6,measure,10,chase_sequential,134217728,262144,1928219,16279424483627455569,856319,0,0,21,21,539830648832,539830648832
31,LP-E,2m,20260919,533,6,measure,11,chase_sequential,32768,262144,3126,7870447989541572803,622081,0,0,21,21,536739840,536739840
31,LP-E,2m,20260919,534,6,measure,12,chase_random,524288,262144,58163,12205624804702941591,4758331,0,0,21,21,8589803520,8589803520
31,LP-E,2m,20260919,535,6,measure,13,page_fault_touch,268435456,65536,18441614,12014277524492350770,67856574,2897104,128,21,21,131072,131072
31,LP-E,2m,20260919,536,6,measure,14,chase_sequential,8192,262144,435,11599547426274245095,442099,0,0,21,21,134086656,134086656
31,LP-E,2m,20260919,537,6,measure,15,independent_random_bis,8192,1048576,298,17291632973829851375,2032011,0,0,21,21,536490481,536490481
31,LP-E,2m,20260919,538,6,measure,16,independent_random,33554432,1048576,3620540,8047369511390892985,31302266,0,0,21,21,2194783425648,2194783425648
31,LP-E,2m,20260919,539,6,measure,17,chase_random,8192,262144,912,1292050568781852510,464456,0,0,21,21,134086656,134086656
31,LP-E,2m,20260919,540,6,measure,18,independent_random_bis,2097152,1048576,214761,7355203166904453835,6046522,0,0,21,21,137438737385,137438737385
31,LP-E,2m,20260919,541,6,measure,19,independent_random,134217728,1048576,4661361,12947398721862773380,32990326,0,0,21,21,8794032816238,8794032816238
31,LP-E,2m,20260919,542,6,measure,20,independent_random_bis,16384,1048576,1781,3918722002108344951,2058548,0,0,21,21,1072888758,1072888758
31,LP-E,2m,20260919,543,6,measure,21,chase_random_double,131072,524288,6368,10263605795231404571,4728341,0,0,21,21,4294705152,4294705152
31,LP-E,2m,20260919,544,6,measure,22,independent_random_bis,262144,1048576,29903,12756012351540783344,1881920,0,0,21,21,17166318421,17166318421
31,LP-E,2m,20260919,545,6,measure,23,chase_random_double,524288,524288,11275,10459759422844243845,7804108,0,0,21,21,17179607040,17179607040
31,LP-E,2m,20260919,546,6,measure,24,chase_random_double,8388608,524288,56308,9022990929639046824,159034507,0,0,21,21,274992773132,274992773132
31,LP-E,2m,20260919,547,6,measure,25,chase_sequential,524288,262144,40819,17667152332301191887,513684,0,0,21,21,8589803520,8589803520
31,LP-E,2m,20260919,548,6,measure,26,chase_random_double,262144,524288,22828,7301187665386189117,6029064,0,0,21,21,8589672448,8589672448
31,LP-E,2m,20260919,549,6,measure,27,independent_random_bis,4194304,1048576,509946,144151744936416109,23740881,0,0,21,21,274867568353,274867568353
31,LP-E,2m,20260919,550,6,measure,28,independent_random_bis,134217728,1048576,2040803,12758102282836759266,32604782,0,0,21,21,8788988741389,8788988741389
31,LP-E,2m,20260919,551,6,measure,29,chase_random,4096,262144,331,7677898292703548342,447238,0,0,21,21,66977792,66977792
31,LP-E,2m,20260919,552,6,measure,30,independent_random_bis,32768,1048576,3463,16665824336100517997,1851323,0,0,21,21,2148300734,2148300734
31,LP-E,2m,20260919,553,6,measure,31,independent_random_bis,131072,1048576,7510,7819901223699919488,2003229,0,0,21,21,8586148224,8586148224
31,LP-E,2m,20260919,554,6,measure,32,independent_random,16384,1048576,1785,839925443534731317,2224994,0,0,21,21,1072706760,1072706760
31,LP-E,2m,20260919,555,6,measure,33,chase_random_double,134217728,524288,8784457,14635601498273274812,199535883,0,0,21,21,4397072548488,4397072548488
31,LP-E,2m,20260919,556,6,measure,34,chase_sequential,8388608,262144,639223,2828543109605733182,699191,0,0,21,21,201928081408,201928081408
31,LP-E,2m,20260919,557,6,measure,35,independent_random,8388608,1048576,86676,8359568413277908743,26253228,0,0,21,21,549227914929,549227914929
31,LP-E,2m,20260919,558,6,measure,36,chase_random_double,8192,524288,518,14729936638828895722,1048329,0,0,21,21,268173312,268173312
31,LP-E,2m,20260919,559,6,measure,37,independent_random_bis,268435456,1048576,31495715,6016677216174248947,33744589,0,0,21,21,17593795340197,17593795340197
31,LP-E,2m,20260919,560,6,measure,38,chase_random,8388608,262144,435146,3429315364834795557,80723024,0,0,21,21,137634952404,137634952404
31,LP-E,2m,20260919,561,6,measure,39,independent_random,268435456,1048576,32274832,12286544072303285324,33601208,0,0,21,21,17586489959398,17586489959398
31,LP-E,2m,20260919,562,6,measure,40,chase_random_double,4194304,524288,265327,10442483091787837351,113559759,0,0,21,21,137438691328,137438691328
31,LP-E,2m,20260919,563,6,measure,41,independent_random_bis,4096,1048576,148,12714726608629605336,1670425,0,0,21,21,267979737,267979737
31,LP-E,2m,20260919,564,6,measure,42,chase_random,134217728,262144,362001,4634703247467616147,98667692,0,0,21,21,2196763892454,2196763892454
31,LP-E,2m,20260919,565,6,measure,43,chase_sequential,131072,262144,2308,8907833978485855432,457105,0,0,21,21,2147352576,2147352576
31,LP-E,2m,20260919,566,6,measure,44,independent_random_bis,67108864,1048576,668989,1507847542828349063,30070053,0,0,21,21,4398221974793,4398221974793
31,LP-E,2m,20260919,567,6,measure,45,chase_sequential,4096,262144,83,549593331954040471,425143,0,0,21,21,66977792,66977792
31,LP-E,2m,20260919,568,6,measure,46,independent_random,65536,1048576,3891,2769289860304778286,1793519,0,0,21,21,4293720530,4293720530
31,LP-E,2m,20260919,569,6,measure,47,chase_random_double,67108864,524288,6178350,11959336040406285006,199373281,0,0,21,21,2200592619362,2200592619362
31,LP-E,2m,20260919,570,6,measure,48,chase_random_double,268435456,524288,24016253,14452418028513983128,204630602,0,0,21,21,8802348041644,8802348041644
31,LP-E,2m,20260919,571,6,measure,49,chase_random,268435456,262144,24515568,9746114209670241486,101179260,0,0,21,21,4396746046735,4396746046735
31,LP-E,2m,20260919,572,6,measure,50,independent_random_bis,33554432,1048576,410394,987467336020874244,32104200,0,0,21,21,2200280993090,2200280993090
31,LP-E,2m,20260919,573,6,measure,51,independent_random,524288,1048576,41838,11532112443011535683,2676120,0,0,21,21,34322901294,34322901294
31,LP-E,2m,20260919,574,6,measure,52,chase_random,262144,262144,608,9321049398753469258,3812551,0,0,21,21,4294836224,4294836224
31,LP-E,2m,20260919,575,6,measure,53,chase_sequential,33554432,262144,2673302,9480529842180234951,708886,0,0,21,21,735149686784,735149686784
31,LP-E,2m,20260919,576,6,measure,54,chase_random_double,16384,524288,183,6543831885157276570,931716,0,0,21,21,536608768,536608768
31,LP-E,2m,20260919,577,6,measure,55,chase_random,16384,262144,1146,14893335921453436869,469007,0,0,21,21,268304384,268304384
31,LP-E,2m,20260919,578,6,measure,56,chase_sequential,16384,262144,2036,5465788996123219965,466715,0,0,21,21,268304384,268304384
31,LP-E,2m,20260919,579,6,measure,57,independent_random_bis,65536,1048576,7410,9083741761159482581,1959179,0,0,21,21,4296228128,4296228128
31,LP-E,2m,20260919,580,6,measure,58,chase_random,16777216,262144,2034320,1654951265862044133,89959911,0,0,21,21,274784165739,274784165739
31,LP-E,2m,20260919,581,6,measure,59,chase_sequential,1048576,262144,38703,9986308989080821470,638041,0,0,21,21,17179738112,17179738112
31,LP-E,2m,20260919,582,6,measure,60,chase_random_double,33554432,524288,144497,8289396162308104811,191064785,0,0,21,21,1100157905895,1100157905895
31,LP-E,2m,20260919,583,6,measure,61,chase_random,1048576,262144,122150,15482539218293673535,7582181,0,0,21,21,17179738112,17179738112
31,LP-E,2m,20260919,584,6,measure,62,independent_random,4194304,1048576,423166,13717640367133989300,23284230,0,0,21,21,275050138411,275050138411
31,LP-E,2m,20260919,585,6,measure,63,chase_random_double,1048576,524288,119136,10473043673038022746,10000204,0,0,21,21,34359476224,34359476224
31,LP-E,2m,20260919,586,6,measure,64,chase_random_double,16777216,524288,1216341,10395682143652652863,170141481,0,0,21,21,549899686170,549899686170
31,LP-E,2m,20260919,587,6,measure,65,chase_random_double,2097152,524288,210062,5963960357297423685,20818119,0,0,21,21,68719214592,68719214592
31,LP-E,2m,20260919,588,6,measure,66,chase_sequential,268435456,262144,13185984,12050657828303769087,663224,0,0,21,21,3490986196992,3490986196992
31,LP-E,2m,20260919,589,6,measure,67,independent_random_bis,8388608,1048576,510686,13727245677748861586,26610216,0,0,21,21,549481833560,549481833560
31,LP-E,2m,20260919,590,6,measure,68,chase_random,65536,262144,6847,17310698346617842298,2043498,0,0,21,21,1073610752,1073610752
31,LP-E,2m,20260919,591,6,measure,69,independent_random,262144,1048576,29130,3350712678336414528,2264481,0,0,21,21,17176858866,17176858866
31,LP-E,2m,20260919,592,6,measure,70,independent_random,16777216,1048576,447787,17540288787361395787,28936724,0,0,21,21,1099175814233,1099175814233
31,LP-E,2m,20260919,593,6,measure,71,independent_random,8192,1048576,347,14753178549158790402,1669650,0,0,21,21,535923227,535923227
31,LP-E,2m,20260919,594,6,measure,72,chase_random,2097152,262144,192221,1227728689265218642,17976063,0,0,21,21,34359607296,34359607296
31,LP-E,2m,20260919,595,6,measure,73,chase_random,4194304,262144,209441,7591428620174860764,61535926,0,0,21,21,68820640512,68820640512
31,LP-E,2m,20260919,596,6,measure,74,chase_sequential,4194304,262144,81314,18077285102191061306,745865,0,0,21,21,55675584512,55675584512
31,LP-E,2m,20260919,597,6,measure,75,independent_random,4096,1048576,316,17871610841940217537,2028677,0,0,21,21,267924175,267924175
31,LP-E,2m,20260919,598,6,measure,76,chase_random,33554432,262144,924686,5557871224725952932,97598340,0,0,21,21,549442548808,549442548808
31,LP-E,2m,20260919,599,6,measure,77,chase_random_double,4096,524288,26,2138197159396911238,861925,0,0,21,21,133955584,133955584
31,LP-E,2m,20260919,600,6,measure,78,chase_random,131072,262144,4589,17792830361485487148,2370031,0,0,21,21,2147352576,2147352576
31,LP-E,2m,20260919,601,6,measure,79,chase_random_double,65536,524288,2273,4953416981951067789,3255739,0,0,21,21,2147221504,2147221504
31,LP-E,2m,20260919,602,6,measure,80,chase_sequential,67108864,262144,5803792,13011643531238382099,880297,0,0,21,21,1555788857344,1555788857344
31,LP-E,2m,20260919,603,6,measure,81,chase_random,67108864,262144,5323166,16576621634785628555,98100120,0,0,21,21,1101021060750,1101021060750
31,LP-E,2m,20260919,604,6,measure,82,independent_random,32768,1048576,1064,3551047209143632224,1862784,0,0,21,21,2145136408,2145136408
31,LP-E,2m,20260919,605,6,measure,83,chase_random_double,32768,524288,551,4800785544916224562,871427,0,0,21,21,1073479680,1073479680
31,LP-E,2m,20260919,606,6,measure,84,independent_random,1048576,1048576,41345,6980753407873294752,2846166,0,0,21,21,68647043374,68647043374
31,LP-E,2m,20260919,607,6,measure,85,independent_random_bis,524288,1048576,18777,6805350087841390857,2500473,0,0,21,21,34337195363,34337195363
31,LP-E,2m,20260919,608,6,measure,86,independent_random,67108864,1048576,6246416,4280285240558797484,32288094,0,0,21,21,4394811114015,4394811114015
31,LP-E,2m,20260919,609,7,measure,0,chase_random,4194304,262144,251348,10505892656857067757,61363859,0,0,21,21,68809921340,68809921340
31,LP-E,2m,20260919,610,7,measure,1,chase_sequential,8192,262144,33,8150141377994518864,423072,0,0,21,21,134086656,134086656
31,LP-E,2m,20260919,611,7,measure,2,chase_sequential,134217728,262144,13750307,10779470368105546525,846031,0,0,21,21,3638920085504,3638920085504
31,LP-E,2m,20260919,612,7,measure,3,independent_random_bis,8192,1048576,918,8195363387845676223,1851095,0,0,21,21,535548840,535548840
31,LP-E,2m,20260919,613,7,measure,4,chase_sequential,32768,262144,254,6090658197973242908,440342,0,0,21,21,536739840,536739840
31,LP-E,2m,20260919,614,7,measure,5,chase_random_double,32768,524288,3547,14831005009865839742,1034666,0,0,21,21,1073479680,1073479680
31,LP-E,2m,20260919,615,7,measure,6,chase_random_double,33554432,524288,2419734,1525865276786992298,191953389,0,0,21,21,1098349626085,1098349626085
31,LP-E,2m,20260919,616,7,measure,7,independent_random,33554432,1048576,2218986,3228920332358679868,30430480,0,0,21,21,2198317253446,2198317253446
31,LP-E,2m,20260919,617,7,measure,8,independent_random_bis,33554432,1048576,405920,15012464803437875655,30849348,0,0,21,21,2197679084692,2197679084692
31,LP-E,2m,20260919,618,7,measure,9,independent_random_bis,1048576,1048576,5711,89469886644113043,2885986,0,0,21,21,68715080547,68715080547
31,LP-E,2m,20260919,619,7,measure,10,chase_sequential,33554432,262144,1501563,5682199405862078061,631181,0,0,21,21,427985338368,427985338368
31,LP-E,2m,20260919,620,7,measure,11,chase_sequential,4096,262144,73,5011250397998700948,435834,0,0,21,21,66977792,66977792
31,LP-E,2m,20260919,621,7,measure,12,chase_sequential,262144,262144,9547,11322729991466183815,449949,0,0,21,21,4294836224,4294836224
31,LP-E,2m,20260919,622,7,measure,13,independent_random_bis,4194304,1048576,135878,3719169058700195454,21450291,0,0,21,21,275005300189,275005300189
31,LP-E,2m,20260919,623,7,measure,14,chase_random,1048576,262144,61443,4273527216601523289,7644930,0,0,21,21,17179738112,17179738112
31,LP-E,2m,20260919,624,7,measure,15,page_fault_touch,16777216,4096,1991490,12260519384062131770,3971995,372719,8,21,21,8192,8192
31,LP-E,2m,20260919,625,7,measure,16,independent_random_bis,16384,1048576,737,636245136456076984,2042515,0,0,21,21,1072607242,1072607242
31,LP-E,2m,20260919,626,7,measure,17,chase_random,4096,262144,65,9616221861140116847,438663,0,0,21,21,66977792,66977792
31,LP-E,2m,20260919,627,7,measure,18,chase_random,2097152,262144,214017,9834341178554057647,16592652,0,0,21,21,34359607296,34359607296
31,LP-E,2m,20260919,628,7,measure,19,chase_random_double,8388608,524288,439230,13458706274367514012,157589003,0,0,21,21,274994743492,274994743492
31,LP-E,2m,20260919,629,7,measure,20,independent_random,4194304,1048576,212659,14175934085290998410,22099465,0,0,21,21,274737985302,274737985302
31,LP-E,2m,20260919,630,7,measure,21,chase_random_double,2097152,524288,235705,17918182372423909492,17444345,0,0,21,21,68719214592,68719214592
31,LP-E,2m,20260919,631,7,measure,22,chase_random,134217728,262144,8599528,5593098342192115481,98516973,0,0,21,21,2199873855092,2199873855092
31,LP-E,2m,20260919,632,7,measure,23,chase_random_double,16777216,524288,1341789,12266775153681121942,182998741,0,0,21,21,549632832478,549632832478
31,LP-E,2m,20260919,633,7,measure,24,independent_random,2097152,1048576,68056,8877315549550281154,4415445,0,0,21,21,137468569093,137468569093
31,LP-E,2m,20260919,634,7,measure,25,chase_random_double,4096,524288,294,11556504896366127290,877801,0,0,21,21,133955584,133955584
31,LP-E,2m,20260919,635,7,measure,26,page_fault_touch,268435456,65536,23970834,15265291159319679400,67511239,3073449,128,21,21,131072,131072
31,LP-E,2m,20260919,636,7,measure,27,chase_random_double,65536,524288,92,17876313987718315782,3600668,0,0,21,21,2147221504,2147221504
31,LP-E,2m,20260919,637,7,measure,28,chase_random_double,16384,524288,2039,8553887066944112924,1068011,0,0,21,21,536608768,536608768
31,LP-E,2m,20260919,638,7,measure,29,independent_random,131072,1048576,9598,7047217567852374182,1997292,0,0,21,21,8588157365,8588157365
31,LP-E,2m,20260919,639,7,measure,30,chase_random,16384,262144,1688,15672771848019272611,616883,0,0,21,21,268304384,268304384
31,LP-E,2m,20260919,640,7,measure,31,chase_random_double,67108864,524288,6092989,5369517659638559974,201680329,0,0,21,21,2200748283512,2200748283512
31,LP-E,2m,20260919,641,7,measure,32,chase_random,524288,262144,35276,15857590636148334345,4694193,0,0,21,21,8589803520,8589803520
31,LP-E,2m,20260919,642,7,measure,33,chase_random_double,268435456,524288,31254925,7148527717154955130,205458111,0,0,21,21,8800924572546,8800924572546
31,LP-E,2m,20260919,643,7,measure,34,independent_random_bis,32768,1048576,820,10889402700799850490,1691576,0,0,21,21,2145695787,2145695787
31,LP-E,2m,20260919,644,7,measure,35,independent_random,65536,1048576,1799,10434191024724290076,2115119,0,0,21,21,4298669091,4298669091
31,LP-E,2m,20260919,645,7,measure,36,chase_random,16777216,262144,702361,674095497273342987,90751486,0,0,21,21,274943503473,274943503473
31,LP-E,2m,20260919,646,7,measure,37,chase_sequential,2097152,262144,20856,193452290329040720,857139,0,0,21,21,34359607296,34359607296
31,LP-E,2m,20260919,647,7,measure,38,independent_random_bis,67108864,1048576,2139581,14112565317020691151,31993238,0,0,21,21,4394314960019,4394314960019
31,LP-E,2m,20260919,648,7,measure,39,chase_sequential,67108864,262144,7664433,11131546552877850411,716172,0,0,21,21,2043544731648,2043544731648
31,LP-E,2m,20260919,649,7,measure,40,chase_random,131072,262144,14755,2482969149945976486,2378227,0,0,21,21,2147352576,2147352576
31,LP-E,2m,20260919,650,7,measure,41,chase_sequential,16384,262144,1059,3055423476519539712,431947,0,0,21,21,268304384,268304384
31,LP-E,2m,20260919,651,7,measure,42,chase_random_double,262144,524288,20445,11673298096614944959,6114041,0,0,21,21,8589672448,8589672448
31,LP-E,2m,20260919,652,7,measure,43,independent_random,16777216,1048576,318510,2043386076395335947,29955825,0,0,21,21,1098550094098,1098550094098
31,LP-E,2m,20260919,653,7,measure,44,chase_random,65536,262144,5514,9984600702501596701,1843953,0,0,21,21,1073610752,1073610752
31,LP-E,2m,20260919,654,7,measure,45,independent_random_bis,2097152,1048576,140486,8270038448083672661,5719171,0,0,21,21,137401739077,137401739077
31,LP-E,2m,20260919,655,7,measure,46,independent_random,8388608,1048576,487150,11501002531845261538,27140079,0,0,21,21,549864712347,549864712347
31,LP-E,2m,20260919,656,7,measure,47,chase_sequential,268435456,262144,22304117,3277835935450382138,672985,0,0,21,21,5881250054144,5881250054144
31,LP-E,2m,20260919,657,7,measure,48,chase_sequential,8388608,262144,665255,14571180615376608843,871433,0,0,21,21,208752214016,208752214016
31,LP-E,2m,20260919,658,7,measure,49,chase_sequential,1048576,262144,74222,10347509081242700651,779950,0,0,21,21,17179738112,17179738112
31,LP-E,2m,20260919,659,7,measure,50,chase_random_double,8192,524288,536,6123056616438732061,1051642,0,0,21,21,268173312,268173312
31,LP-E,2m,20260919,660,7,measure,51,chase_random_double,1048576,524288,130578,10345302342145611505,10290194,0,0,21,21,34359476224,34359476224
31,LP-E,2m,20260919,661,7,measure,52,independent_random,1048576,1048576,52731,913781807274972164,1904538,0,0,21,21,68714329980,68714329980
31,LP-E,2m,20260919,662,7,measure,53,chase_random_double,131072,524288,16112,5527576640710443485,4465009,0,0,21,21,4294705152,4294705152
31,LP-E,2m,20260919,663,7,measure,54,independent_random,4096,1048576,365,358390746351239780,2031783,0,0,21,21,267630093,267630093
31,LP-E,2m,20260919,664,7,measure,55,independent_random_bis,65536,1048576,5115,6686673139180605995,1936781,0,0,21,21,4293827342,4293827342
31,LP-E,2m,20260919,665,7,measure,56,independent_random_bis,268435456,1048576,23388143,5006738900287136051,33175617,0,0,21,21,17585003794601,17585003794601
31,LP-E,2m,20260919,666,7,measure,57,chase_random,268435456,262144,5005764,5433972700946746736,96927509,0,0,21,21,4393803706716,4393803706716
31,LP-E,2m,20260919,667,7,measure,58,chase_random_double,134217728,524288,4452757,17087846535540346048,199150720,0,0,21,21,4400204040800,4400204040800
31,LP-E,2m,20260919,668,7,measure,59,chase_sequential,131072,262144,7534,7365008464975038916,447160,0,0,21,21,2147352576,2147352576
31,LP-E,2m,20260919,669,7,measure,60,chase_random_double,4194304,524288,109708,7920701914715476199,118664812,0,0,21,21,137438691328,137438691328
31,LP-E,2m,20260919,670,7,measure,61,independent_random,134217728,1048576,3796386,7475662405666740335,31121493,0,0,21,21,8801077333708,8801077333708
31,LP-E,2m,20260919,671,7,measure,62,independent_random,16384,1048576,411,17258251784528503524,2041713,0,0,21,21,1073086579,1073086579
31,LP-E,2m,20260919,672,7,measure,63,independent_random_bis,131072,1048576,6788,7274894431743423526,1804072,0,0,21,21,8589198394,8589198394
31,LP-E,2m,20260919,673,7,measure,64,chase_random,262144,262144,12275,1050632378964890871,3508750,0,0,21,21,4294836224,4294836224
31,LP-E,2m,20260919,674,7,measure,65,chase_sequential,65536,262144,926,14189353904329689764,441567,0,0,21,21,1073610752,1073610752
31,LP-E,2m,20260919,675,7,measure,66,independent_random,67108864,1048576,4004774,1907253670477102366,31305127,0,0,21,21,4395993262951,4395993262951
31,LP-E,2m,20260919,676,7,measure,67,chase_random,32768,262144,3969,11383933645115133393,533916,0,0,21,21,536739840,536739840
31,LP-E,2m,20260919,677,7,measure,68,chase_sequential,4194304,262144,445526,6328079588231039882,624332,0,0,21,21,55006593024,55006593024
31,LP-E,2m,20260919,678,7,measure,69,chase_sequential,16777216,262144,1590723,16058306625333440152,635624,0,0,21,21,451358097408,451358097408
31,LP-E,2m,20260919,679,7,measure,70,chase_random,8192,262144,936,14542029047531757604,451286,0,0,21,21,134086656,134086656
31,LP-E,2m,20260919,680,7,measure,71,chase_random_double,524288,524288,51865,6416926002556882479,7284813,0,0,21,21,17179607040,17179607040
31,LP-E,2m,20260919,681,7,measure,72,independent_random_bis,262144,1048576,3099,9793452950674792582,2294421,0,0,21,21,17174173613,17174173613
31,LP-E,2m,20260919,682,7,measure,73,independent_random_bis,4096,1048576,23,17416174826005780658,1677705,0,0,21,21,268059437,268059437
31,LP-E,2m,20260919,683,7,measure,74,independent_random,262144,1048576,12258,16528781721884857895,1707881,0,0,21,21,17177801770,17177801770
31,LP-E,2m,20260919,684,7,measure,75,independent_random_bis,524288,1048576,45247,9780418826461162743,1712578,0,0,21,21,34387984066,34387984066
31,LP-E,2m,20260919,685,7,measure,76,independent_random,8192,1048576,720,15360104508089485619,2018156,0,0,21,21,536710262,536710262
31,LP-E,2m,20260919,686,7,measure,77,chase_random,8388608,262144,33837,2525087366002247140,79095692,0,0,21,21,137431030638,137431030638
31,LP-E,2m,20260919,687,7,measure,78,chase_random,33554432,262144,1379894,5183615928946622895,94409631,0,0,21,21,549707791096,549707791096
31,LP-E,2m,20260919,688,7,measure,79,chase_random,67108864,262144,6145116,14703555317158214071,99099445,0,0,21,21,1100684656936,1100684656936
31,LP-E,2m,20260919,689,7,measure,80,independent_random_bis,134217728,1048576,5159870,6031585168112587402,32802488,0,0,21,21,8796433002884,8796433002884
31,LP-E,2m,20260919,690,7,measure,81,independent_random_bis,8388608,1048576,926247,10949783957289518600,25835957,0,0,21,21,549866070574,549866070574
31,LP-E,2m,20260919,691,7,measure,82,independent_random,32768,1048576,1283,6454953120392297428,2058202,0,0,21,21,2146925735,2146925735
31,LP-E,2m,20260919,692,7,measure,83,chase_sequential,524288,262144,59171,3264445651325174730,685114,0,0,21,21,8589803520,8589803520
31,LP-E,2m,20260919,693,7,measure,84,independent_random_bis,16777216,1048576,1985370,4501818835242335945,28664025,0,0,21,21,1099866157894,1099866157894
31,LP-E,2m,20260919,694,7,measure,85,independent_random,524288,1048576,51963,13332184872948403436,2156297,0,0,21,21,34359170184,34359170184
31,LP-E,2m,20260919,695,7,measure,86,independent_random,268435456,1048576,15685174,10566105032125775447,33022863,0,0,21,21,17598058299485,17598058299485
31,LP-E,2m,20260919,696,8,measure,0,independent_random_bis,16777216,1048576,1155747,13435702468023972044,29861593,0,0,21,21,1098889103827,1098889103827
31,LP-E,2m,20260919,697,8,measure,1,chase_random,8388608,262144,565967,13614037610464404873,76308001,0,0,21,21,137377967137,137377967137
31,LP-E,2m,20260919,698,8,measure,2,independent_random,16384,1048576,508,17100049815695107211,1671855,0,0,21,21,1073181908,1073181908
31,LP-E,2m,20260919,699,8,measure,3,chase_sequential,16384,262144,1283,7484461472780003009,429656,0,0,21,21,268304384,268304384
31,LP-E,2m,20260919,700,8,measure,4,chase_sequential,8192,262144,426,9482563553341997486,470872,0,0,21,21,134086656,134086656
31,LP-E,2m,20260919,701,8,measure,5,chase_sequential,4194304,262144,430672,4280647230959828159,705111,0,0,21,21,58900480000,58900480000
31,LP-E,2m,20260919,702,8,measure,6,chase_random_double,131072,524288,2867,16907191657495792594,4200282,0,0,21,21,4294705152,4294705152
31,LP-E,2m,20260919,703,8,measure,7,independent_random,262144,1048576,6318,6040715444686130005,1929370,0,0,21,21,17183300045,17183300045
31,LP-E,2m,20260919,704,8,measure,8,chase_random_double,8388608,524288,327489,16269699108546291296,159780307,0,0,21,21,275006388819,275006388819
31,LP-E,2m,20260919,705,8,measure,9,independent_random,33554432,1048576,3986839,3138990576315652471,32161827,0,0,21,21,2197439126198,2197439126198
31,LP-E,2m,20260919,706,8,measure,10,chase_random_double,4096,524288,476,16560868801640455949,856545,0,0,21,21,133955584,133955584
31,LP-E,2m,20260919,707,8,measure,11,chase_random,33554432,262144,118057,5704778493305997441,95427269,0,0,21,21,549432429520,549432429520
31,LP-E,2m,20260919,708,8,measure,12,independent_random_bis,8192,1048576,318,2306786874194430267,1963378,0,0,21,21,536027673,536027673
31,LP-E,2m,20260919,709,8,measure,13,independent_random,8388608,1048576,327267,3913249813357121482,25341719,0,0,21,21,549497973837,549497973837
31,LP-E,2m,20260919,710,8,measure,14,independent_random_bis,8388608,1048576,529332,9805784874266998689,25855050,0,0,21,21,549503417717,549503417717
31,LP-E,2m,20260919,711,8,measure,15,independent_random,4194304,1048576,207026,7125929446672050623,23055474,0,0,21,21,275041873908,275041873908
31,LP-E,2m,20260919,712,8,measure,16,chase_sequential,1048576,262144,8849,7501841675065331632,675231,0,0,21,21,17179738112,17179738112
31,LP-E,2m,20260919,713,8,measure,17,chase_sequential,134217728,262144,12643459,14935986394119912074,628272,0,0,21,21,3348766523392,3348766523392
31,LP-E,2m,20260919,714,8,measure,18,independent_random_bis,16384,1048576,1963,8737040207194911482,1861700,0,0,21,21,1072394475,1072394475
31,LP-E,2m,20260919,715,8,measure,19,chase_sequential,32768,262144,4060,6968739514744879479,441475,0,0,21,21,536739840,536739840
31,LP-E,2m,20260919,716,8,measure,20,chase_random,16384,262144,1080,11883682923145495843,422449,0,0,21,21,268304384,268304384
31,LP-E,2m,20260919,717,8,measure,21,independent_random,67108864,1048576,1656107,14294764453019221660,32040197,0,0,21,21,4398545412713,4398545412713
31,LP-E,2m,20260919,718,8,measure,22,chase_random,2097152,262144,122650,4712799319958382244,16623095,0,0,21,21,34359607296,34359607296
31,LP-E,2m,20260919,719,8,measure,23,independent_random,16777216,1048576,1399368,1265989822347276161,29251580,0,0,21,21,1099648703291,1099648703291
31,LP-E,2m,20260919,720,8,measure,24,page_fault_touch,16777216,4096,967788,8097628057650909488,4183307,185020,8,21,21,8192,8192
31,LP-E,2m,20260919,721,8,measure,25,chase_random_double,134217728,524288,5102654,5545602979592107738,201112539,0,0,21,21,4396095764510,4396095764510
31,LP-E,2m,20260919,722,8,measure,26,chase_random_double,33554432,524288,757127,9868911722740266167,189201445,0,0,21,21,1099047192485,1099047192485
31,LP-E,2m,20260919,723,8,measure,27,chase_random,131072,262144,11699,7764640821256149496,2334192,0,0,21,21,2147352576,2147352576
31,LP-E,2m,20260919,724,8,measure,28,chase_sequential,524288,262144,58823,2510921568793680900,677358,0,0,21,21,8589803520,8589803520
31,LP-E,2m,20260919,725,8,measure,29,chase_sequential,262144,262144,30098,4243396866385357957,637599,0,0,21,21,4294836224,4294836224
31,LP-E,2m,20260919,726,8,measure,30,chase_random,262144,262144,21984,6443926287752535292,3570935,0,0,21,21,4294836224,4294836224
31,LP-E,2m,20260919,727,8,measure,31,chase_random_double,524288,524288,20360,9228492299031773231,7802708,0,0,21,21,17179607040,17179607040
31,LP-E,2m,20260919,728,8,measure,32,chase_random_double,2097152,524288,170979,4766692135144010252,22156869,0,0,21,21,68719214592,68719214592
31,LP-E,2m,20260919,729,8,measure,33,independent_random_bis,33554432,1048576,1069033,8083826667551630575,31809298,0,0,21,21,2197635529970,2197635529970
31,LP-E,2m,20260919,730,8,measure,34,independent_random,131072,1048576,8439,1724069403866563581,1976314,0,0,21,21,8588340739,8588340739
31,LP-E,2m,20260919,731,8,measure,35,chase_random_double,4194304,524288,239465,7763880597119574649,120171350,0,0,21,21,137438691328,137438691328
31,LP-E,2m,20260919,732,8,measure,36,page_fault_touch,268435456,65536,32311243,753606484314389380,68096916,3516881,128,21,21,131072,131072
31,LP-E,2m,20260919,733,8,measure,37,independent_random_bis,2097152,1048576,62846,8363999814173058836,6364273,0,0,21,21,137389016166,137389016166
31,LP-E,2m,20260919,734,8,measure,38,independent_random_bis,268435456,1048576,17234879,15523750340779020767,34443486,0,0,21,21,17590332134351,17590332134351
31,LP-E,2m,20260919,735,8,measure,39,chase_random,4096,262144,287,2414332929306822979,430967,0,0,21,21,66977792,66977792
31,LP-E,2m,20260919,736,8,measure,40,independent_random_bis,4096,1048576,434,4117149270383390924,1851072,0,0,21,21,267966377,267966377
31,LP-E,2m,20260919,737,8,measure,41,chase_sequential,268435456,262144,14735099,6193617337034358250,842966,0,0,21,21,3897077399552,3897077399552
31,LP-E,2m,20260919,738,8,measure,42,independent_random,32768,1048576,425,6868122947596361735,2057592,0,0,21,21,2147654882,2147654882
31,LP-E,2m,20260919,739,8,measure,43,chase_sequential,131072,262144,10707,12112805979386360155,438381,0,0,21,21,2147352576,2147352576
31,LP-E,2m,20260919,740,8,measure,44,chase_sequential,8388608,262144,971758,1548814520379596189,849842,0,0,21,21,94771740672,94771740672
31,LP-E,2m,20260919,741,8,measure,45,independent_random_bis,524288,1048576,24429,5636789013822811641,2316812,0,0,21,21,34376702539,34376702539
31,LP-E,2m,20260919,742,8,measure,46,chase_random_double,16384,524288,22,1375493172088786377,916253,0,0,21,21,536608768,536608768
31,LP-E,2m,20260919,743,8,measure,47,independent_random_bis,32768,1048576,1602,18138723431968020236,1677151,0,0,21,21,2146709214,2146709214
31,LP-E,2m,20260919,744,8,measure,48,independent_random,8192,1048576,261,904476054796404737,2027167,0,0,21,21,536640196,536640196
31,LP-E,2m,20260919,745,8,measure,49,independent_random,4096,1048576,383,17726928982393397372,1993084,0,0,21,21,267675009,267675009
31,LP-E,2m,20260919,746,8,measure,50,chase_random_double,65536,524288,1372,4439975687806685216,3637834,0,0,21,21,2147221504,2147221504
31,LP-E,2m,20260919,747,8,measure,51,chase_sequential,4096,262144,183,4667387297551401900,423392,0,0,21,21,66977792,66977792
31,LP-E,2m,20260919,748,8,measure,52,independent_random,2097152,1048576,98114,13960231444046034279,5843362,0,0,21,21,137313684796,137313684796
31,LP-E,2m,20260919,749,8,measure,53,chase_sequential,33554432,262144,325380,4651302329930667391,724987,0,0,21,21,119656022016,119656022016
31,LP-E,2m,20260919,750,8,measure,54,chase_random_double,16777216,524288,1774668,15350962352203691704,185006450,0,0,21,21,549866654419,549866654419
31,LP-E,2m,20260919,751,8,measure,55,chase_random_double,8192,524288,660,4729744773574230280,865518,0,0,21,21,268173312,268173312
31,LP-E,2m,20260919,752,8,measure,56,chase_sequential,65536,262144,4936,4448658574384292817,441545,0,0,21,21,1073610752,1073610752
31,LP-E,2m,20260919,753,8,measure,57,chase_random,268435456,262144,9391797,16866833321219293261,103155470,0,0,21,21,4400192826576,4400192826576
31,LP-E,2m,20260919,754,8,measure,58,independent_random_bis,1048576,1048576,76366,14044433932342280869,2899862,0,0,21,21,68725720243,68725720243
31,LP-E,2m,20260919,755,8,measure,59,chase_random,1048576,262144,74702,8843154718712844631,2364242,0,0,21,21,17179738112,17179738112
31,LP-E,2m,20260919,756,8,measure,60,independent_random,1048576,1048576,119881,12202087576497976282,1772996,0,0,21,21,68692077917,68692077917
31,LP-E,2m,20260919,757,8,measure,61,chase_random,134217728,262144,13640633,17830921296439368464,102822770,0,0,21,21,2198508574024,2198508574024
31,LP-E,2m,20260919,758,8,measure,62,independent_random,268435456,1048576,16850262,8739595280636617400,33018592,0,0,21,21,17605882431876,17605882431876
31,LP-E,2m,20260919,759,8,measure,63,chase_random_double,1048576,524288,71690,9217324057016471478,10130629,0,0,21,21,34359476224,34359476224
31,LP-E,2m,20260919,760,8,measure,64,independent_random_bis,67108864,1048576,2938946,4063052456101468238,32744155,0,0,21,21,4399544140082,4399544140082
31,LP-E,2m,20260919,761,8,measure,65,independent_random_bis,262144,1048576,4032,8015080964151442951,1914406,0,0,21,21,17167071569,17167071569
31,LP-E,2m,20260919,762,8,measure,66,independent_random_bis,65536,1048576,490,15483885093850686953,2102219,0,0,21,21,4291182664,4291182664
31,LP-E,2m,20260919,763,8,measure,67,independent_random_bis,131072,1048576,577,6223865318924873558,1968821,0,0,21,21,8583653085,8583653085
31,LP-E,2m,20260919,764,8,measure,68,independent_random,134217728,1048576,4860165,13964594962861911192,33432709,0,0,21,21,8804901674842,8804901674842
31,LP-E,2m,20260919,765,8,measure,69,chase_sequential,16777216,262144,1931355,5625780912811495569,902727,0,0,21,21,338598428672,338598428672
31,LP-E,2m,20260919,766,8,measure,70,independent_random_bis,134217728,1048576,16004365,9857967403843616356,32558761,0,0,21,21,8789501705288,8789501705288
31,LP-E,2m,20260919,767,8,measure,71,chase_random,67108864,262144,7605334,1485344723480912669,96903773,0,0,21,21,1100934851215,1100934851215
31,LP-E,2m,20260919,768,8,measure,72,chase_random,4194304,262144,157150,8503039928764697311,59878836,0,0,21,21,68811914560,68811914560
31,LP-E,2m,20260919,769,8,measure,73,chase_random_double,67108864,524288,2156656,12245493882694103229,192046788,0,0,21,21,2200186313016,2200186313016
31,LP-E,2m,20260919,770,8,measure,74,chase_sequential,67108864,262144,2486508,83757463363274206,636853,0,0,21,21,686182760448,686182760448
31,LP-E,2m,20260919,771,8,measure,75,chase_random_double,268435456,524288,29981635,9932738491181415196,203221998,0,0,21,21,8786404967624,8786404967624
31,LP-E,2m,20260919,772,8,measure,76,independent_random_bis,4194304,1048576,442867,15612171456625272031,22896097,0,0,21,21,275036197123,275036197123
31,LP-E,2m,20260919,773,8,measure,77,independent_random,524288,1048576,18503,6345907340840192999,2192997,0,0,21,21,34350872505,34350872505
31,LP-E,2m,20260919,774,8,measure,78,chase_sequential,2097152,262144,121508,17649171643048008418,625148,0,0,21,21,34359607296,34359607296
31,LP-E,2m,20260919,775,8,measure,79,chase_random_double,32768,524288,1227,18092291313147515337,1175258,0,0,21,21,1073479680,1073479680
31,LP-E,2m,20260919,776,8,measure,80,chase_random,524288,262144,12956,12937394924776647509,3161198,0,0,21,21,8589803520,8589803520
31,LP-E,2m,20260919,777,8,measure,81,chase_random,32768,262144,296,17644068003585182951,429083,0,0,21,21,536739840,536739840
31,LP-E,2m,20260919,778,8,measure,82,chase_random,16777216,262144,385247,9975728752982696558,90751084,0,0,21,21,274880039666,274880039666
31,LP-E,2m,20260919,779,8,measure,83,chase_random_double,262144,524288,23138,5852257356248918693,5469501,0,0,21,21,8589672448,8589672448
31,LP-E,2m,20260919,780,8,measure,84,independent_random,65536,1048576,3669,17879851620671308756,1747264,0,0,21,21,4295915450,4295915450
31,LP-E,2m,20260919,781,8,measure,85,chase_random,65536,262144,7878,13362042357814105022,1557476,0,0,21,21,1073610752,1073610752
31,LP-E,2m,20260919,782,8,measure,86,chase_random,8192,262144,498,18104777215634447373,459259,0,0,21,21,134086656,134086656
31,LP-E,2m,20260919,783,9,measure,0,chase_random_double,524288,524288,23195,3115272219967163645,7684959,0,0,21,21,17179607040,17179607040
31,LP-E,2m,20260919,784,9,measure,1,chase_sequential,134217728,262144,13543227,5367981720951951577,689645,0,0,21,21,3584635305984,3584635305984
31,LP-E,2m,20260919,785,9,measure,2,chase_random,4096,262144,201,12552776039632338502,542321,0,0,21,21,66977792,66977792
31,LP-E,2m,20260919,786,9,measure,3,chase_sequential,65536,262144,4505,13304495022613959413,433082,0,0,21,21,1073610752,1073610752
31,LP-E,2m,20260919,787,9,measure,4,independent_random_bis,131072,1048576,3940,10273946655348921349,1805207,0,0,21,21,8589350390,8589350390
31,LP-E,2m,20260919,788,9,measure,5,independent_random,8388608,1048576,140706,11709401503710216555,26546940,0,0,21,21,549852422537,549852422537
31,LP-E,2m,20260919,789,9,measure,6,independent_random_bis,4096,1048576,18,7137854740745774471,2034637,0,0,21,21,267700806,267700806
31,LP-E,2m,20260919,790,9,measure,7,chase_sequential,268435456,262144,4899791,16474359753680682010,652383,0,0,21,21,1318810419200,1318810419200
31,LP-E,2m,20260919,791,9,measure,8,independent_random,8192,1048576,214,9053848117686684237,2220444,0,0,21,21,536282190,536282190
31,LP-E,2m,20260919,792,9,measure,9,independent_random_bis,2097152,1048576,84568,391929239296801610,7093692,0,0,21,21,137502957787,137502957787
31,LP-E,2m,20260919,793,9,measure,10,chase_random,8388608,262144,230949,6012687025434383134,81153034,0,0,21,21,137455233051,137455233051
31,LP-E,2m,20260919,794,9,measure,11,chase_sequential,131072,262144,14543,14097522381923229524,452469,0,0,21,21,2147352576,2147352576
31,LP-E,2m,20260919,795,9,measure,12,independent_random,67108864,1048576,5996492,5249092619872533097,32417906,0,0,21,21,4393642537142,4393642537142
31,LP-E,2m,20260919,796,9,measure,13,chase_random_double,8192,524288,417,7921700321459638953,1052239,0,0,21,21,268173312,268173312
31,LP-E,2m,20260919,797,9,measure,14,chase_sequential,32768,262144,568,14943330748830673316,434838,0,0,21,21,536739840,536739840
31,LP-E,2m,20260919,798,9,measure,15,chase_random,16384,262144,1127,10390364773394788668,647987,0,0,21,21,268304384,268304384
31,LP-E,2m,20260919,799,9,measure,16,chase_random,262144,262144,9876,6757143409670576538,3377321,0,0,21,21,4294836224,4294836224
31,LP-E,2m,20260919,800,9,measure,17,chase_sequential,2097152,262144,204293,10376660138099626920,684021,0,0,21,21,34359607296,34359607296
31,LP-E,2m,20260919,801,9,measure,18,page_fault_touch,16777216,4096,844961,2856156668648716667,4316867,367145,8,21,21,8192,8192
31,LP-E,2m,20260919,802,9,measure,19,independent_random_bis,16384,1048576,1489,3623464414801059035,2041992,0,0,21,21,1073553728,1073553728
31,LP-E,2m,20260919,803,9,measure,20,chase_sequential,33554432,262144,2721010,1453107440879091340,876782,0,0,21,21,747656052736,747656052736
31,LP-E,2m,20260919,804,9,measure,21,chase_random_double,8388608,524288,520343,10562130461821670885,160391709,0,0,21,21,274795076618,274795076618
31,LP-E,2m,20260919,805,9,measure,22,chase_sequential,16384,262144,820,9915809136179534840,618535,0,0,21,21,268304384,268304384
31,LP-E,2m,20260919,806,9,measure,23,chase_random_double,262144,524288,3024,9004586552190193256,5086379,0,0,21,21,8589672448,8589672448
31,LP-E,2m,20260919,807,9,measure,24,chase_random_double,131072,524288,13818,10596879003252816986,4268233,0,0,21,21,4294705152,4294705152
31,LP-E,2m,20260919,808,9,measure,25,chase_random,16777216,262144,304709,2285549898071291396,91469546,0,0,21,21,274338928408,274338928408
31,LP-E,2m,20260919,809,9,measure,26,chase_random_double,33554432,524288,2110884,2715396130257920246,193516569,0,0,21,21,1100467174853,1100467174853
31,LP-E,2m,20260919,810,9,measure,27,independent_random_bis,16777216,1048576,369328,12239203868516493608,29324603,0,0,21,21,1098849697081,1098849697081
31,LP-E,2m,20260919,811,9,measure,28,chase_random,67108864,262144,2148361,9585710244830401079,98862645,0,0,21,21,1099369580515,1099369580515
31,LP-E,2m,20260919,812,9,measure,29,independent_random,2097152,1048576,5408,16163252387508629302,4807546,0,0,21,21,137417424253,137417424253
31,LP-E,2m,20260919,813,9,measure,30,chase_random,134217728,262144,9424791,7035652627753202607,98535372,0,0,21,21,2201374095652,2201374095652
31,LP-E,2m,20260919,814,9,measure,31,chase_random_double,67108864,524288,6056276,6971618012239886767,195369089,0,0,21,21,2201191319948,2201191319948
31,LP-E,2m,20260919,815,9,measure,32,independent_random,33554432,1048576,163599,3820899370273659150,31737154,0,0,21,21,2199198834622,2199198834622
31,LP-E,2m,20260919,816,9,measure,33,chase_random,268435456,262144,30744724,16891843388707096515,100699981,0,0,21,21,4399605211083,4399605211083
31,LP-E,2m,20260919,817,9,measure,34,independent_random,1048576,1048576,52644,17184657984135344755,2695762,0,0,21,21,68681142429,68681142429
31,LP-E,2m,20260919,818,9,measure,35,independent_random,4194304,1048576,519078,14008038489017425321,23804888,0,0,21,21,274940661269,274940661269
31,LP-E,2m,20260919,819,9,measure,36,chase_sequential,4096,262144,125,10684939287663043783,621502,0,0,21,21,66977792,66977792
31,LP-E,2m,20260919,820,9,measure,37,independent_random_bis,8388608,1048576,205310,1355753082448428086,25872339,0,0,21,21,549744103415,549744103415
31,LP-E,2m,20260919,821,9,measure,38,independent_random,262144,1048576,21245,2547192421207031797,1915343,0,0,21,21,17170633044,17170633044
31,LP-E,2m,20260919,822,9,measure,39,chase_random_double,268435456,524288,7297175,13988806893684171651,200215493,0,0,21,21,8801405539366,8801405539366
31,LP-E,2m,20260919,823,9,measure,40,independent_random,32768,1048576,1158,14304111187422323433,1865428,0,0,21,21,2147081419,2147081419
31,LP-E,2m,20260919,824,9,measure,41,chase_random_double,1048576,524288,28173,12895350822323815803,10089966,0,0,21,21,34359476224,34359476224
31,LP-E,2m,20260919,825,9,measure,42,independent_random_bis,134217728,1048576,10144485,15358476873950066772,32885159,0,0,21,21,8791597574339,8791597574339
31,LP-E,2m,20260919,826,9,measure,43,independent_random_bis,4194304,1048576,502746,3609553149655814389,22172371,0,0,21,21,274821762612,274821762612
31,LP-E,2m,20260919,827,9,measure,44,independent_random_bis,32768,1048576,2779,11754782405542894229,2055955,0,0,21,21,2147710164,2147710164
31,LP-E,2m,20260919,828,9,measure,45,chase_random_double,32768,524288,1552,8410099372014192518,870671,0,0,21,21,1073479680,1073479680
31,LP-E,2m,20260919,829,9,measure,46,chase_random,33554432,262144,140574,14820133785689357590,93972073,0,0,21,21,550501889906,550501889906
31,LP-E,2m,20260919,830,9,measure,47,independent_random_bis,67108864,1048576,4344109,4196812785375569044,30740315,0,0,21,21,4402615498883,4402615498883
31,LP-E,2m,20260919,831,9,measure,48,chase_random_double,134217728,524288,13994900,8687741263583661178,199309684,0,0,21,21,4393482887936,4393482887936
31,LP-E,2m,20260919,832,9,measure,49,chase_random,131072,262144,14040,16990667389872473810,2495461,0,0,21,21,2147352576,2147352576
31,LP-E,2m,20260919,833,9,measure,50,chase_random,65536,262144,896,10610242897059000625,1902699,0,0,21,21,1073610752,1073610752
31,LP-E,2m,20260919,834,9,measure,51,chase_random_double,16777216,524288,1806991,5215686432897884119,183484401,0,0,21,21,549945188813,549945188813
31,LP-E,2m,20260919,835,9,measure,52,chase_random_double,4096,524288,275,12514843763493739552,1054140,0,0,21,21,133955584,133955584
31,LP-E,2m,20260919,836,9,measure,53,independent_random,524288,1048576,25908,10952451517642838545,2339579,0,0,21,21,34357940735,34357940735
31,LP-E,2m,20260919,837,9,measure,54,independent_random,131072,1048576,11842,7197839201797648663,1991012,0,0,21,21,8585934837,8585934837
31,LP-E,2m,20260919,838,9,measure,55,independent_random,268435456,1048576,18918328,13270414556252261042,33193393,0,0,21,21,17582944753213,17582944753213
31,LP-E,2m,20260919,839,9,measure,56,independent_random,16777216,1048576,32529,4553604656638861338,29620136,0,0,21,21,1099937057468,1099937057468
31,LP-E,2m,20260919,840,9,measure,57,chase_random_double,16384,524288,400,18034440049947300306,944264,0,0,21,21,536608768,536608768
31,LP-E,2m,20260919,841,9,measure,58,page_fault_touch,268435456,65536,28573785,16312170167792545413,68320872,3062692,128,21,21,131072,131072
31,LP-E,2m,20260919,842,9,measure,59,independent_random_bis,524288,1048576,23464,7821053159223623110,2654735,0,0,21,21,34361615123,34361615123
31,LP-E,2m,20260919,843,9,measure,60,chase_random,4194304,262144,222053,14509666814239379654,60356458,0,0,21,21,68599351279,68599351279
31,LP-E,2m,20260919,844,9,measure,61,independent_random,134217728,1048576,3542329,7049495989471598035,32807365,0,0,21,21,8800987650754,8800987650754
31,LP-E,2m,20260919,845,9,measure,62,chase_sequential,8192,262144,974,12975903340253609589,423305,0,0,21,21,134086656,134086656
31,LP-E,2m,20260919,846,9,measure,63,independent_random_bis,268435456,1048576,13051089,5536189264425641185,33522714,0,0,21,21,17591730959869,17591730959869
31,LP-E,2m,20260919,847,9,measure,64,chase_random,1048576,262144,87851,16477076499270199502,7816259,0,0,21,21,17179738112,17179738112
31,LP-E,2m,20260919,848,9,measure,65,independent_random,65536,1048576,7141,14369489143045982001,2109814,0,0,21,21,4292054532,4292054532
31,LP-E,2m,20260919,849,9,measure,66,independent_random,16384,1048576,744,1926935561197424904,1863743,0,0,21,21,1073561187,1073561187
31,LP-E,2m,20260919,850,9,measure,67,independent_random_bis,1048576,1048576,89862,3072848462466441041,1710903,0,0,21,21,68757855423,68757855423
31,LP-E,2m,20260919,851,9,measure,68,chase_random_double,4194304,524288,178977,14728009542934088734,116704159,0,0,21,21,137438691328,137438691328
31,LP-E,2m,20260919,852,9,measure,69,independent_random_bis,33554432,1048576,3616497,2027529842020298099,30670047,0,0,21,21,2198563157223,2198563157223
31,LP-E,2m,20260919,853,9,measure,70,chase_sequential,8388608,262144,645522,12244088336630610989,738526,0,0,21,21,203579326464,203579326464
31,LP-E,2m,20260919,854,9,measure,71,independent_random,4096,1048576,207,9304013955864504241,1660767,0,0,21,21,267999209,267999209
31,LP-E,2m,20260919,855,9,measure,72,independent_random_bis,65536,1048576,1746,4066387631009710350,2105592,0,0,21,21,4296348861,4296348861
31,LP-E,2m,20260919,856,9,measure,73,independent_random_bis,262144,1048576,18110,9689449073799822068,2090780,0,0,21,21,17173971720,17173971720
31,LP-E,2m,20260919,857,9,measure,74,chase_random_double,2097152,524288,110015,12953280744645516770,28321421,0,0,21,21,68719214592,68719214592
31,LP-E,2m,20260919,858,9,measure,75,independent_random_bis,8192,1048576,160,11835813665293034269,2040099,0,0,21,21,536736047,536736047
31,LP-E,2m,20260919,859,9,measure,76,chase_random,524288,262144,6340,7166434443164053414,4997883,0,0,21,21,8589803520,8589803520
31,LP-E,2m,20260919,860,9,measure,77,chase_sequential,16777216,262144,2037933,9464486140675668222,661466,0,0,21,21,143026946048,143026946048
31,LP-E,2m,20260919,861,9,measure,78,chase_sequential,67108864,262144,5917197,4380958407948305850,897026,0,0,21,21,1585517297664,1585517297664
31,LP-E,2m,20260919,862,9,measure,79,chase_random,8192,262144,524,716514241259849046,466710,0,0,21,21,134086656,134086656
31,LP-E,2m,20260919,863,9,measure,80,chase_random,32768,262144,54,10487804806435393959,593440,0,0,21,21,536739840,536739840
31,LP-E,2m,20260919,864,9,measure,81,chase_random,2097152,262144,143083,16220355094785793113,16622312,0,0,21,21,34359607296,34359607296
31,LP-E,2m,20260919,865,9,measure,82,chase_sequential,1048576,262144,67125,7460945511794663153,818725,0,0,21,21,17179738112,17179738112
31,LP-E,2m,20260919,866,9,measure,83,chase_sequential,262144,262144,13645,17572084262187573023,456944,0,0,21,21,4294836224,4294836224
31,LP-E,2m,20260919,867,9,measure,84,chase_sequential,4194304,262144,376568,10170191060450772264,643605,0,0,21,21,73083518976,73083518976
31,LP-E,2m,20260919,868,9,measure,85,chase_random_double,65536,524288,907,4960704212613104323,3586660,0,0,21,21,2147221504,2147221504
31,LP-E,2m,20260919,869,9,measure,86,chase_sequential,524288,262144,8499,3449021057072953901,495763,0,0,21,21,8589803520,8589803520
31,LP-E,2m,20260919,870,10,measure,0,chase_random_double,134217728,524288,16126263,11921144439983238652,200113722,0,0,21,21,4398424810210,4398424810210
31,LP-E,2m,20260919,871,10,measure,1,chase_sequential,33554432,262144,3594103,7551682626398295577,867374,0,0,21,21,976532144128,976532144128
31,LP-E,2m,20260919,872,10,measure,2,chase_sequential,1048576,262144,49792,10396215457991573615,828104,0,0,21,21,17179738112,17179738112
31,LP-E,2m,20260919,873,10,measure,3,chase_sequential,268435456,262144,23359939,10920474596935102411,658413,0,0,21,21,6158027456512,6158027456512
31,LP-E,2m,20260919,874,10,measure,4,chase_sequential,8388608,262144,129559,15208777343590286557,650787,0,0,21,21,68322721792,68322721792
31,LP-E,2m,20260919,875,10,measure,5,chase_random,4194304,262144,84228,18002583995022052877,59917552,0,0,21,21,68720206497,68720206497
31,LP-E,2m,20260919,876,10,measure,6,chase_sequential,16384,262144,9,7634797898445564950,424875,0,0,21,21,268304384,268304384
31,LP-E,2m,20260919,877,10,measure,7,chase_random_double,16777216,524288,1035555,12219044804429893731,181415635,0,0,21,21,550063193043,550063193043
31,LP-E,2m,20260919,878,10,measure,8,chase_sequential,4096,262144,123,2768982340027475750,422838,0,0,21,21,66977792,66977792
31,LP-E,2m,20260919,879,10,measure,9,chase_random,8192,262144,321,6015074786438801350,457390,0,0,21,21,134086656,134086656
31,LP-E,2m,20260919,880,10,measure,10,chase_sequential,16777216,262144,560717,15808176679548886901,713540,0,0,21,21,181348204544,181348204544
31,LP-E,2m,20260919,881,10,measure,11,chase_random,65536,262144,8060,36989611477373673,1607080,0,0,21,21,1073610752,1073610752
31,LP-E,2m,20260919,882,10,measure,12,independent_random_bis,4096,1048576,67,9401348121575201574,1613126,0,0,21,21,268078240,268078240
31,LP-E,2m,20260919,883,10,measure,13,independent_random,4194304,1048576,428600,13828824622079055063,23307022,0,0,21,21,274832499456,274832499456
31,LP-E,2m,20260919,884,10,measure,14,independent_random,131072,1048576,4732,11001550309127501096,2165739,0,0,21,21,8588050821,8588050821
31,LP-E,2m,20260919,885,10,measure,15,chase_sequential,131072,262144,4916,1355446817230167470,625333,0,0,21,21,2147352576,2147352576
31,LP-E,2m,20260919,886,10,measure,16,chase_random,2097152,262144,7331,13121354899831552055,17213864,0,0,21,21,34359607296,34359607296
31,LP-E,2m,20260919,887,10,measure,17,chase_random_double,8388608,524288,706782,4613588509947477132,156414806,0,0,21,21,274961713103,274961713103
31,LP-E,2m,20260919,888,10,measure,18,chase_sequential,4194304,262144,313472,18156296902570244268,703782,0,0,21,21,89623756800,89623756800
31,LP-E,2m,20260919,889,10,measure,19,chase_random,33554432,262144,1533758,13599807230182003021,91906911,0,0,21,21,549604890957,549604890957
31,LP-E,2m,20260919,890,10,measure,20,chase_random,524288,262144,28457,13510610618157845388,4578349,0,0,21,21,8589803520,8589803520
31,LP-E,2m,20260919,891,10,measure,21,independent_random,262144,1048576,23350,11198688067455994421,1920007,0,0,21,21,17173531975,17173531975
31,LP-E,2m,20260919,892,10,measure,22,independent_random,8388608,1048576,135371,8710604170801167485,26439471,0,0,21,21,550120779606,550120779606
31,LP-E,2m,20260919,893,10,measure,23,chase_sequential,262144,262144,673,4201270671417775534,465178,0,0,21,21,4294836224,4294836224
31,LP-E,2m,20260919,894,10,measure,24,independent_random,1048576,1048576,92326,14284752541771471929,2927125,0,0,21,21,68677310997,68677310997
31,LP-E,2m,20260919,895,10,measure,25,independent_random,524288,1048576,61241,18217556197613869322,2103903,0,0,21,21,34324664519,34324664519
31,LP-E,2m,20260919,896,10,measure,26,chase_random_double,4096,524288,169,153700641561503843,1229095,0,0,21,21,133955584,133955584
31,LP-E,2m,20260919,897,10,measure,27,independent_random_bis,524288,1048576,41202,5093549229435224989,1710314,0,0,21,21,34379597469,34379597469
31,LP-E,2m,20260919,898,10,measure,28,chase_sequential,134217728,262144,15045572,11883795210521567314,865274,0,0,21,21,3978466033664,3978466033664
31,LP-E,2m,20260919,899,10,measure,29,independent_random,16384,1048576,208,17004503603933893965,1871604,0,0,21,21,1072348515,1072348515
31,LP-E,2m,20260919,900,10,measure,30,independent_random,16777216,1048576,1264822,17209939776543430101,29015479,0,0,21,21,1098353008473,1098353008473
31,LP-E,2m,20260919,901,10,measure,31,independent_random,33554432,1048576,2319904,14953743646432662646,30551723,0,0,21,21,2199212552217,2199212552217
31,LP-E,2m,20260919,902,10,measure,32,chase_random,268435456,262144,26432984,9679910529176752010,99556288,0,0,21,21,4402196405761,4402196405761
31,LP-E,2m,20260919,903,10,measure,33,chase_random_double,67108864,524288,2880977,12029878007328943883,196278670,0,0,21,21,2200956584288,2200956584288
31,LP-E,2m,20260919,904,10,measure,34,chase_random,4096,262144,121,7925168617741198659,432103,0,0,21,21,66977792,66977792
31,LP-E,2m,20260919,905,10,measure,35,chase_random_double,4194304,524288,56592,9117083537923231264,113319952,0,0,21,21,137438691328,137438691328
31,LP-E,2m,20260919,906,10,measure,36,chase_random,32768,262144,2175,710896217092094774,764857,0,0,21,21,536739840,536739840
31,LP-E,2m,20260919,907,10,measure,37,chase_random,262144,262144,14105,13098799559651348850,3859781,0,0,21,21,4294836224,4294836224
31,LP-E,2m,20260919,908,10,measure,38,chase_random_double,8192,524288,802,2167665959738319617,891394,0,0,21,21,268173312,268173312
31,LP-E,2m,20260919,909,10,measure,39,chase_random,67108864,262144,5176892,2581564221969735723,98167123,0,0,21,21,1098495738773,1098495738773
31,LP-E,2m,20260919,910,10,measure,40,independent_random_bis,262144,1048576,23798,8099116378016957006,2260249,0,0,21,21,17187358797,17187358797
31,LP-E,2m,20260919,911,10,measure,41,chase_random_double,65536,524288,4343,752071445006163442,3763562,0,0,21,21,2147221504,2147221504
31,LP-E,2m,20260919,912,10,measure,42,chase_sequential,2097152,262144,92804,16537500671925308560,705551,0,0,21,21,34359607296,34359607296
31,LP-E,2m,20260919,913,10,measure,43,independent_random_bis,8192,1048576,241,4447081886863453397,1666588,0,0,21,21,536413261,536413261
31,LP-E,2m,20260919,914,10,measure,44,chase_random,8388608,262144,758831,12734839447358378206,83699364,0,0,21,21,137395330263,137395330263
31,LP-E,2m,20260919,915,10,measure,45,independent_random,134217728,1048576,9181903,5087662252365689820,33490935,0,0,21,21,8794164424088,8794164424088
31,LP-E,2m,20260919,916,10,measure,46,independent_random,8192,1048576,405,167324382295224765,1793033,0,0,21,21,536329022,536329022
31,LP-E,2m,20260919,917,10,measure,47,independent_random_bis,16777216,1048576,1266550,11623054556626155471,29926834,0,0,21,21,1099627281674,1099627281674
31,LP-E,2m,20260919,918,10,measure,48,independent_random_bis,33554432,1048576,3481144,14151161784390074958,30941979,0,0,21,21,2200058470807,2200058470807
31,LP-E,2m,20260919,919,10,measure,49,independent_random,32768,1048576,720,688893951145491273,1883408,0,0,21,21,2146159024,2146159024
31,LP-E,2m,20260919,920,10,measure,50,independent_random_bis,65536,1048576,7738,17804773727189823290,2113118,0,0,21,21,4294780360,4294780360
31,LP-E,2m,20260919,921,10,measure,51,chase_random,16384,262144,17,12457581321334745132,685247,0,0,21,21,268304384,268304384
31,LP-E,2m,20260919,922,10,measure,52,chase_sequential,67108864,262144,2311316,7137702540713586617,836625,0,0,21,21,640257228800,640257228800
31,LP-E,2m,20260919,923,10,measure,53,chase_random_double,33554432,524288,2295559,17686285024044359176,195975393,0,0,21,21,1100709697235,1100709697235
31,LP-E,2m,20260919,924,10,measure,54,chase_random_double,2097152,524288,53708,1322002499570565623,20200910,0,0,21,21,68719214592,68719214592
31,LP-E,2m,20260919,925,10,measure,55,independent_random_bis,134217728,1048576,5047644,3668726215120490616,33122891,0,0,21,21,8798651326747,8798651326747
31,LP-E,2m,20260919,926,10,measure,56,independent_random,67108864,1048576,3700407,13554850907684635002,31813540,0,0,21,21,4395605936422,4395605936422
31,LP-E,2m,20260919,927,10,measure,57,independent_random_bis,4194304,1048576,227987,18055647187762136544,22514458,0,0,21,21,274897447749,274897447749
31,LP-E,2m,20260919,928,10,measure,58,chase_random_double,16384,524288,500,15498085569843384298,1283449,0,0,21,21,536608768,536608768
31,LP-E,2m,20260919,929,10,measure,59,chase_sequential,32768,262144,3322,12207557237176968958,430636,0,0,21,21,536739840,536739840
31,LP-E,2m,20260919,930,10,measure,60,chase_sequential,524288,262144,23349,2354899661274597501,671394,0,0,21,21,8589803520,8589803520
31,LP-E,2m,20260919,931,10,measure,61,chase_random,1048576,262144,73836,17046822062611495774,7533072,0,0,21,21,17179738112,17179738112
31,LP-E,2m,20260919,932,10,measure,62,independent_random_bis,16384,1048576,1456,7580210439603831064,1849600,0,0,21,21,1073353130,1073353130
31,LP-E,2m,20260919,933,10,measure,63,independent_random,65536,1048576,1115,1382928827015243993,1937697,0,0,21,21,4288403015,4288403015
31,LP-E,2m,20260919,934,10,measure,64,chase_random_double,262144,524288,17751,14117701570666716377,5956188,0,0,21,21,8589672448,8589672448
31,LP-E,2m,20260919,935,10,measure,65,independent_random_bis,2097152,1048576,35583,9659049179725343806,6305762,0,0,21,21,137516377327,137516377327
31,LP-E,2m,20260919,936,10,measure,66,independent_random,4096,1048576,305,5430235686494232415,1852088,0,0,21,21,267857496,267857496
31,LP-E,2m,20260919,937,10,measure,67,independent_random,268435456,1048576,20344389,2715450172505297550,33130872,0,0,21,21,17579110231036,17579110231036
31,LP-E,2m,20260919,938,10,measure,68,chase_random_double,32768,524288,2379,7571061295219806002,980687,0,0,21,21,1073479680,1073479680
31,LP-E,2m,20260919,939,10,measure,69,chase_random,131072,262144,13268,6162322333467037295,2756498,0,0,21,21,2147352576,2147352576
31,LP-E,2m,20260919,940,10,measure,70,chase_sequential,8192,262144,41,7288998140919866420,613756,0,0,21,21,134086656,134086656
31,LP-E,2m,20260919,941,10,measure,71,chase_random,16777216,262144,435201,10796949074122669644,91186892,0,0,21,21,275201066657,275201066657
31,LP-E,2m,20260919,942,10,measure,72,chase_random_double,131072,524288,675,12376266353262576479,4681308,0,0,21,21,4294705152,4294705152
31,LP-E,2m,20260919,943,10,measure,73,independent_random_bis,1048576,1048576,26155,10667991823999729021,2611458,0,0,21,21,68750402145,68750402145
31,LP-E,2m,20260919,944,10,measure,74,chase_random,134217728,262144,11561049,16499005231504632456,99369983,0,0,21,21,2195943922467,2195943922467
31,LP-E,2m,20260919,945,10,measure,75,chase_random_double,268435456,524288,30079905,16660932654439905529,190421138,0,0,21,21,8794753033991,8794753033991
31,LP-E,2m,20260919,946,10,measure,76,independent_random_bis,67108864,1048576,5044093,13631225806278660014,33376717,0,0,21,21,4396815500478,4396815500478
31,LP-E,2m,20260919,947,10,measure,77,page_fault_touch,16777216,4096,687087,8797756855736697072,4271933,176341,8,21,21,8192,8192
31,LP-E,2m,20260919,948,10,measure,78,independent_random_bis,32768,1048576,2478,11578648997091228156,2058292,0,0,21,21,2146557156,2146557156
31,LP-E,2m,20260919,949,10,measure,79,independent_random_bis,131072,1048576,10311,11546401472925617032,1995994,0,0,21,21,8584402239,8584402239
31,LP-E,2m,20260919,950,10,measure,80,chase_random_double,1048576,524288,128187,4651691443636259109,10702063,0,0,21,21,34359476224,34359476224
31,LP-E,2m,20260919,951,10,measure,81,chase_sequential,65536,262144,6208,8127872382710486707,432667,0,0,21,21,1073610752,1073610752
31,LP-E,2m,20260919,952,10,measure,82,chase_random_double,524288,524288,47383,1320123644099974048,7510675,0,0,21,21,17179607040,17179607040
31,LP-E,2m,20260919,953,10,measure,83,independent_random_bis,268435456,1048576,29110255,9207385868468663267,34147809,0,0,21,21,17599778291170,17599778291170
31,LP-E,2m,20260919,954,10,measure,84,independent_random,2097152,1048576,125957,3577461959991501545,7015288,0,0,21,21,137441769652,137441769652
31,LP-E,2m,20260919,955,10,measure,85,page_fault_touch,268435456,65536,30369492,17423585477538296124,68307523,3081743,128,21,21,131072,131072
31,LP-E,2m,20260919,956,10,measure,86,independent_random_bis,8388608,1048576,306248,5725232315043815153,25125339,0,0,21,21,549884633853,549884633853
