run_id,core,pages,seed,sample,round,phase,position,label,bytes,accesses,start,salt,elapsed_ns,second_elapsed_ns,faults,cpu_before,cpu_after,result,expected
5,LP-E,4k,20260919,0,0,warmup,0,chase_random_double,8388608,524288,174600,13982347024631758054,164790099,0,0,21,21,274980160408,274980160408
5,LP-E,4k,20260919,1,0,warmup,1,independent_random,67108864,1048576,1965592,6719936738792418845,36598446,0,0,21,21,4403668225239,4403668225239
5,LP-E,4k,20260919,2,0,warmup,2,chase_random_double,134217728,524288,1255292,3505555223609859340,215426498,0,0,21,21,4400531494348,4400531494348
5,LP-E,4k,20260919,3,0,warmup,3,chase_sequential,524288,262144,34247,6984279360346818087,621208,0,0,21,21,8589803520,8589803520
5,LP-E,4k,20260919,4,0,warmup,4,independent_random_bis,4096,1048576,364,16273274651008944625,2034919,0,0,21,21,267793152,267793152
5,LP-E,4k,20260919,5,0,warmup,5,independent_random_bis,134217728,1048576,15708121,15937156964578352370,38300193,0,0,21,21,8797286254662,8797286254662
5,LP-E,4k,20260919,6,0,warmup,6,chase_sequential,65536,262144,4528,7418231411965753889,458044,0,0,21,21,1073610752,1073610752
5,LP-E,4k,20260919,7,0,warmup,7,chase_sequential,8192,262144,69,841352709398362586,423469,0,0,21,21,134086656,134086656
5,LP-E,4k,20260919,8,0,warmup,8,chase_sequential,32768,262144,3765,15605657394602200307,437125,0,0,21,21,536739840,536739840
5,LP-E,4k,20260919,9,0,warmup,9,chase_sequential,16777216,262144,102757,12791253420527836146,695892,0,0,21,21,61296738304,61296738304
5,LP-E,4k,20260919,10,0,warmup,10,chase_random,131072,262144,6083,5588427325227181289,2687718,0,0,21,21,2147352576,2147352576
5,LP-E,4k,20260919,11,0,warmup,11,chase_random_double,2097152,524288,254711,5114451830739383720,40821282,0,0,21,21,68719214592,68719214592
5,LP-E,4k,20260919,12,0,warmup,12,independent_random_bis,524288,1048576,40474,14321802989867564215,2197212,0,0,21,21,34356834204,34356834204
5,LP-E,4k,20260919,13,0,warmup,13,independent_random_bis,16384,1048576,1516,10057735166518532348,2031272,0,0,21,21,1073707419,1073707419
5,LP-E,4k,20260919,14,0,warmup,14,chase_random_double,268435456,524288,18391075,14452227518596171088,225221383,0,0,21,21,8798950979585,8798950979585
5,LP-E,4k,20260919,15,0,warmup,15,independent_random,16777216,1048576,424862,7193822523051044190,30701473,0,0,21,21,1099656998888,1099656998888
5,LP-E,4k,20260919,16,0,warmup,16,independent_random,1048576,1048576,93658,3440068306888189308,2804133,0,0,21,21,68729205706,68729205706
5,LP-E,4k,20260919,17,0,warmup,17,independent_random,65536,1048576,3520,9320461217455995529,1739560,0,0,21,21,4291582040,4291582040
5,LP-E,4k,20260919,18,0,warmup,18,independent_random_bis,33554432,1048576,3669318,11908469222839096063,33911671,0,0,21,21,2202641885640,2202641885640
5,LP-E,4k,20260919,19,0,warmup,19,chase_random,2097152,262144,56581,4196143728126956424,24620083,0,0,21,21,34359607296,34359607296
5,LP-E,4k,20260919,20,0,warmup,20,chase_random,33554432,262144,2696056,7883644991984136567,99281846,0,0,21,21,548850580386,548850580386
5,LP-E,4k,20260919,21,0,warmup,21,chase_sequential,8388608,262144,314285,14582361055204785779,863352,0,0,21,21,116747534336,116747534336
5,LP-E,4k,20260919,22,0,warmup,22,chase_random,524288,262144,13183,560864536859713158,6070626,0,0,21,21,8589803520,8589803520
5,LP-E,4k,20260919,23,0,warmup,23,independent_random,4096,1048576,271,12216766168403980713,1672927,0,0,21,21,267921824,267921824
5,LP-E,4k,20260919,24,0,warmup,24,independent_random_bis,1048576,1048576,127106,1087251127635308012,3230457,0,0,21,21,68713596422,68713596422
5,LP-E,4k,20260919,25,0,warmup,25,independent_random,16384,1048576,493,12271740289750189677,1852677,0,0,21,21,1072275063,1072275063
5,LP-E,4k,20260919,26,0,warmup,26,chase_random_double,1048576,524288,18672,16447762049573862280,6954343,0,0,21,21,34359476224,34359476224
5,LP-E,4k,20260919,27,0,warmup,27,independent_random_bis,16777216,1048576,1478027,17957574324632203864,30327385,0,0,21,21,1099163662474,1099163662474
5,LP-E,4k,20260919,28,0,warmup,28,independent_random_bis,2097152,1048576,135944,13603670359973286559,16244596,0,0,21,21,137433375864,137433375864
5,LP-E,4k,20260919,29,0,warmup,29,chase_random_double,16384,524288,655,5765342552108948022,1029926,0,0,21,21,536608768,536608768
5,LP-E,4k,20260919,30,0,warmup,30,independent_random,134217728,1048576,4087256,10675463311369097335,38998983,0,0,21,21,8804497145424,8804497145424
5,LP-E,4k,20260919,31,0,warmup,31,page_fault_touch,268435456,65536,13381216,9247648490628112350,178051997,3013073,65536,21,21,131072,131072
5,LP-E,4k,20260919,32,0,warmup,32,chase_random_double,67108864,524288,6195238,17034776471855858632,208594339,0,0,21,21,2198186480346,2198186480346
5,LP-E,4k,20260919,33,0,warmup,33,chase_random,1048576,262144,102653,8609806531447412235,9214110,0,0,21,21,17179738112,17179738112
5,LP-E,4k,20260919,34,0,warmup,34,chase_sequential,16384,262144,1718,16916080715354795269,427024,0,0,21,21,268304384,268304384
5,LP-E,4k,20260919,35,0,warmup,35,chase_sequential,4194304,262144,164035,13900637113934120340,673585,0,0,21,21,77360398336,77360398336
5,LP-E,4k,20260919,36,0,warmup,36,chase_sequential,131072,262144,7014,14606177336286697585,437796,0,0,21,21,2147352576,2147352576
5,LP-E,4k,20260919,37,0,warmup,37,independent_random,32768,1048576,3880,15518772847919905012,2044294,0,0,21,21,2147770325,2147770325
5,LP-E,4k,20260919,38,0,warmup,38,chase_random_double,4096,524288,293,3098234434299339087,875704,0,0,21,21,133955584,133955584
5,LP-E,4k,20260919,39,0,warmup,39,independent_random_bis,131072,1048576,111,5681503030462334594,1806560,0,0,21,21,8583981744,8583981744
5,LP-E,4k,20260919,40,0,warmup,40,chase_random_double,131072,524288,16256,7900018786477933286,3832261,0,0,21,21,4294705152,4294705152
5,LP-E,4k,20260919,41,0,warmup,41,independent_random_bis,4194304,1048576,64535,11094213553541700909,23126497,0,0,21,21,274944418591,274944418591
5,LP-E,4k,20260919,42,0,warmup,42,chase_sequential,268435456,262144,20801743,5964762058288497495,737583,0,0,21,21,5487411724288,5487411724288
5,LP-E,4k,20260919,43,0,warmup,43,chase_sequential,2097152,262144,133420,748848901813899107,696465,0,0,21,21,34359607296,34359607296
5,LP-E,4k,20260919,44,0,warmup,44,independent_random_bis,268435456,1048576,5878654,15050131814615193902,49853996,0,0,21,21,17593832836023,17593832836023
5,LP-E,4k,20260919,45,0,warmup,45,chase_sequential,262144,262144,115,52711920317272910,483180,0,0,21,21,4294836224,4294836224
5,LP-E,4k,20260919,46,0,warmup,46,chase_random,4194304,262144,491397,9982931897594878038,61638067,0,0,21,21,68672898195,68672898195
5,LP-E,4k,20260919,47,0,warmup,47,chase_random_double,262144,524288,11343,10850937910997766635,6467451,0,0,21,21,8589672448,8589672448
5,LP-E,4k,20260919,48,0,warmup,48,independent_random_bis,262144,1048576,18443,8246490639229827754,2079672,0,0,21,21,17184084490,17184084490
5,LP-E,4k,20260919,49,0,warmup,49,chase_random_double,16777216,524288,1834430,7260591602065711875,184446827,0,0,21,21,549561264313,549561264313
5,LP-E,4k,20260919,50,0,warmup,50,independent_random,8388608,1048576,1039808,14910911076025948885,26739229,0,0,21,21,549888300033,549888300033
5,LP-E,4k,20260919,51,0,warmup,51,chase_random,16384,262144,81,14872929962425490544,681500,0,0,21,21,268304384,268304384
5,LP-E,4k,20260919,52,0,warmup,52,chase_random_double,524288,524288,32174,17005772187947108196,8656975,0,0,21,21,17179607040,17179607040
5,LP-E,4k,20260919,53,0,warmup,53,chase_random_double,65536,524288,4450,1884850157668591806,3472465,0,0,21,21,2147221504,2147221504
5,LP-E,4k,20260919,54,0,warmup,54,chase_sequential,134217728,262144,6861222,7118976162235277147,804491,0,0,21,21,1832987787264,1832987787264
5,LP-E,4k,20260919,55,0,warmup,55,chase_random,134217728,262144,4955276,6656368677473401624,104590377,0,0,21,21,2198384406676,2198384406676
5,LP-E,4k,20260919,56,0,warmup,56,independent_random,131072,1048576,4358,8835212098168204140,1976652,0,0,21,21,8584595724,8584595724
5,LP-E,4k,20260919,57,0,warmup,57,chase_sequential,67108864,262144,3598270,31768404189757381,867333,0,0,21,21,977624498176,977624498176
5,LP-E,4k,20260919,58,0,warmup,58,chase_random,67108864,262144,3931613,12145249167105000243,103298091,0,0,21,21,1097868126002,1097868126002
5,LP-E,4k,20260919,59,0,warmup,59,chase_random,268435456,262144,3258407,14996303264699207616,112316946,0,0,21,21,4403685668964,4403685668964
5,LP-E,4k,20260919,60,0,warmup,60,chase_random,4096,262144,333,8100125733074433028,442874,0,0,21,21,66977792,66977792
5,LP-E,4k,20260919,61,0,warmup,61,chase_sequential,4096,262144,345,9089715431896593633,615633,0,0,21,21,66977792,66977792
5,LP-E,4k,20260919,62,0,warmup,62,chase_random_double,32768,524288,2247,8561774652639972661,999704,0,0,21,21,1073479680,1073479680
5,LP-E,4k,20260919,63,0,warmup,63,chase_sequential,33554432,262144,118160,3996921153198720407,713195,0,0,21,21,65334542336,65334542336
5,LP-E,4k,20260919,64,0,warmup,64,chase_random_double,33554432,524288,1528840,16051084311181999804,198556850,0,0,21,21,1098222027307,1098222027307
5,LP-E,4k,20260919,65,0,warmup,65,chase_random,262144,262144,10502,8166230674513122550,3757679,0,0,21,21,4294836224,4294836224
5,LP-E,4k,20260919,66,0,warmup,66,chase_random,65536,262144,783,4051021360532835051,1888681,0,0,21,21,1073610752,1073610752
5,LP-E,4k,20260919,67,0,warmup,67,page_fault_touch,16777216,4096,1940420,6899383218467961600,9974505,191357,4096,21,21,8192,8192
5,LP-E,4k,20260919,68,0,warmup,68,independent_random,2097152,1048576,130244,13041004879017079888,16617770,0,0,21,21,137456766145,137456766145
5,LP-E,4k,20260919,69,0,warmup,69,chase_random,16777216,262144,959544,15056982260596728989,92521371,0,0,21,21,274852683209,274852683209
5,LP-E,4k,20260919,70,0,warmup,70,independent_random_bis,8192,1048576,55,8618977450645460636,1839398,0,0,21,21,536241821,536241821
5,LP-E,4k,20260919,71,0,warmup,71,chase_random,32768,262144,634,5857054462220912215,554578,0,0,21,21,536739840,536739840
5,LP-E,4k,20260919,72,0,warmup,72,chase_random,8192,262144,120,8590172968525601462,421367,0,0,21,21,134086656,134086656
5,LP-E,4k,20260919,73,0,warmup,73,independent_random_bis,65536,1048576,2987,15517963779909430759,1929001,0,0,21,21,4295632946,4295632946
5,LP-E,4k,20260919,74,0,warmup,74,chase_sequential,1048576,262144,69999,16269346336657305570,645838,0,0,21,21,17179738112,17179738112
5,LP-E,4k,20260919,75,0,warmup,75,independent_random,4194304,1048576,70666,4026313026553631682,22134381,0,0,21,21,274969964083,274969964083
5,LP-E,4k,20260919,76,0,warmup,76,chase_random,8388608,262144,210924,11540580318002834423,83165536,0,0,21,21,137705155366,137705155366
5,LP-E,4k,20260919,77,0,warmup,77,independent_random_bis,8388608,1048576,20066,9686884971850434677,26903876,0,0,21,21,549960621573,549960621573
5,LP-E,4k,20260919,78,0,warmup,78,chase_random_double,4194304,524288,23852,1607698560688396217,121826400,0,0,21,21,137438691328,137438691328
5,LP-E,4k,20260919,79,0,warmup,79,independent_random_bis,67108864,1048576,6986163,8898144980260296964,37900443,0,0,21,21,4400348661213,4400348661213
5,LP-E,4k,20260919,80,0,warmup,80,chase_random_double,8192,524288,413,13230709243033749690,874266,0,0,21,21,268173312,268173312
5,LP-E,4k,20260919,81,0,warmup,81,independent_random,8192,1048576,301,1546501423444201842,1733294,0,0,21,21,536504164,536504164
5,LP-E,4k,20260919,82,0,warmup,82,independent_random_bis,32768,1048576,3536,4474582524685368229,1693699,0,0,21,21,2147321954,2147321954
5,LP-E,4k,20260919,83,0,warmup,83,independent_random,262144,1048576,2732,5155221118279512211,2092913,0,0,21,21,17173948842,17173948842
5,LP-E,4k,20260919,84,0,warmup,84,independent_random,524288,1048576,10054,18271425379016236501,2706942,0,0,21,21,34347392546,34347392546
5,LP-E,4k,20260919,85,0,warmup,85,independent_random,268435456,1048576,26770504,12714652344232151072,51037709,0,0,21,21,17587430798836,17587430798836
5,LP-E,4k,20260919,86,0,warmup,86,independent_random,33554432,1048576,525063,6634506128701444355,35014472,0,0,21,21,2200946298564,2200946298564
5,LP-E,4k,20260919,87,1,measure,0,independent_random,16777216,1048576,1866907,2693692686307020326,30693103,0,0,21,21,1099513240702,1099513240702
5,LP-E,4k,20260919,88,1,measure,1,independent_random_bis,67108864,1048576,3041008,9272911217483040123,36723687,0,0,21,21,4399080253598,4399080253598
5,LP-E,4k,20260919,89,1,measure,2,chase_random_double,4096,524288,242,11348139276680644963,1049472,0,0,21,21,133955584,133955584
5,LP-E,4k,20260919,90,1,measure,3,independent_random_bis,32768,1048576,453,3719004529126152061,2053830,0,0,21,21,2146654191,2146654191
5,LP-E,4k,20260919,91,1,measure,4,chase_random,2097152,262144,65135,2114786225053655035,24722929,0,0,21,21,34359607296,34359607296
5,LP-E,4k,20260919,92,1,measure,5,chase_random_double,8388608,524288,463376,3323607063171990580,158829662,0,0,21,21,274747613005,274747613005
5,LP-E,4k,20260919,93,1,measure,6,chase_random,16384,262144,300,9933534051422163423,500861,0,0,21,21,268304384,268304384
5,LP-E,4k,20260919,94,1,measure,7,chase_random,16777216,262144,1546509,9306709945292026942,92416535,0,0,21,21,274779442354,274779442354
5,LP-E,4k,20260919,95,1,measure,8,chase_random_double,268435456,524288,28431417,17479893945331259324,228387279,0,0,21,21,8790722609955,8790722609955
5,LP-E,4k,20260919,96,1,measure,9,chase_random_double,134217728,524288,10817029,2573784848031119385,212597552,0,0,21,21,4402697329341,4402697329341
5,LP-E,4k,20260919,97,1,measure,10,chase_sequential,4096,262144,191,12112477649707520794,423609,0,0,21,21,66977792,66977792
5,LP-E,4k,20260919,98,1,measure,11,independent_random,134217728,1048576,382799,12177629520390429264,38628649,0,0,21,21,8792368023229,8792368023229
5,LP-E,4k,20260919,99,1,measure,12,independent_random_bis,65536,1048576,7488,7231191587998904388,1931899,0,0,21,21,4292477453,4292477453
5,LP-E,4k,20260919,100,1,measure,13,independent_random_bis,4096,1048576,182,17943602625156035793,2028753,0,0,21,21,267985907,267985907
5,LP-E,4k,20260919,101,1,measure,14,chase_random_double,1048576,524288,104006,6642082719353106498,11702014,0,0,21,21,34359476224,34359476224
5,LP-E,4k,20260919,102,1,measure,15,chase_random_double,131072,524288,7631,17238033785406294264,4449655,0,0,21,21,4294705152,4294705152
5,LP-E,4k,20260919,103,1,measure,16,chase_random,4194304,262144,421246,17468547250207691881,62916119,0,0,21,21,68718121122,68718121122
5,LP-E,4k,20260919,104,1,measure,17,independent_random,268435456,1048576,15823353,14980349534894045314,52272106,0,0,21,21,17594080599433,17594080599433
5,LP-E,4k,20260919,105,1,measure,18,page_fault_touch,16777216,4096,1912754,1622920320057390561,9852186,165703,4096,21,21,8192,8192
5,LP-E,4k,20260919,106,1,measure,19,independent_random_bis,4194304,1048576,376702,60459854627754138,21639173,0,0,21,21,275004456026,275004456026
5,LP-E,4k,20260919,107,1,measure,20,page_fault_touch,268435456,65536,11722041,5156131820354905303,157373314,3310031,65536,21,21,131072,131072
5,LP-E,4k,20260919,108,1,measure,21,chase_random_double,65536,524288,6375,14161533115845680044,3635081,0,0,21,21,2147221504,2147221504
5,LP-E,4k,20260919,109,1,measure,22,independent_random_bis,33554432,1048576,2315538,9261662679023290942,33317435,0,0,21,21,2197804676597,2197804676597
5,LP-E,4k,20260919,110,1,measure,23,independent_random,4194304,1048576,228056,15469689018810062298,23751919,0,0,21,21,275170574135,275170574135
5,LP-E,4k,20260919,111,1,measure,24,chase_random,4096,262144,203,4421446132765055432,505397,0,0,21,21,66977792,66977792
5,LP-E,4k,20260919,112,1,measure,25,independent_random,67108864,1048576,6471906,6421253196218758713,36372891,0,0,21,21,4399914401830,4399914401830
5,LP-E,4k,20260919,113,1,measure,26,chase_sequential,16777216,262144,2049287,6592174653299482741,893575,0,0,21,21,122192265216,122192265216
5,LP-E,4k,20260919,114,1,measure,27,independent_random,262144,1048576,18612,8220063347761882717,2135629,0,0,21,21,17183060598,17183060598
5,LP-E,4k,20260919,115,1,measure,28,independent_random,1048576,1048576,81659,12937801365001080003,3221185,0,0,21,21,68667761155,68667761155
5,LP-E,4k,20260919,116,1,measure,29,chase_sequential,1048576,262144,64602,5558927997299319155,664447,0,0,21,21,17179738112,17179738112
5,LP-E,4k,20260919,117,1,measure,30,chase_random_double,16384,524288,1017,13042335867024928613,1091082,0,0,21,21,536608768,536608768
5,LP-E,4k,20260919,118,1,measure,31,chase_sequential,4194304,262144,41936,6910111706725323323,855682,0,0,21,21,45352878080,45352878080
5,LP-E,4k,20260919,119,1,measure,32,chase_sequential,262144,262144,25055,3993813265851007327,460507,0,0,21,21,4294836224,4294836224
5,LP-E,4k,20260919,120,1,measure,33,chase_sequential,33554432,262144,528745,5683097464440795756,870250,0,0,21,21,172966936576,172966936576
5,LP-E,4k,20260919,121,1,measure,34,chase_random,268435456,262144,28762990,10672042392638741451,113875190,0,0,21,21,4390316994000,4390316994000
5,LP-E,4k,20260919,122,1,measure,35,chase_sequential,8388608,262144,101423,11764426540347141344,732704,0,0,21,21,60947038208,60947038208
5,LP-E,4k,20260919,123,1,measure,36,chase_random,32768,262144,28,8600493940150794641,549802,0,0,21,21,536739840,536739840
5,LP-E,4k,20260919,124,1,measure,37,chase_random_double,2097152,524288,42715,13496087791499503701,44908617,0,0,21,21,68719214592,68719214592
5,LP-E,4k,20260919,125,1,measure,38,chase_sequential,134217728,262144,8606068,12359194648706257627,666672,0,0,21,21,2290388697088,2290388697088
5,LP-E,4k,20260919,126,1,measure,39,independent_random,2097152,1048576,107107,15596021368825298542,16866910,0,0,21,21,137486608680,137486608680
5,LP-E,4k,20260919,127,1,measure,40,independent_random_bis,16777216,1048576,454630,4363723608937416036,31075445,0,0,21,21,1098672955894,1098672955894
5,LP-E,4k,20260919,128,1,measure,41,independent_random_bis,524288,1048576,33682,3886524273699599386,2332805,0,0,21,21,34335966189,34335966189
5,LP-E,4k,20260919,129,1,measure,42,independent_random,33554432,1048576,1088899,14999938958006621720,33476647,0,0,21,21,2199679987143,2199679987143
5,LP-E,4k,20260919,130,1,measure,43,chase_sequential,16384,262144,1736,15767370077517942017,429653,0,0,21,21,268304384,268304384
5,LP-E,4k,20260919,131,1,measure,44,independent_random_bis,16384,1048576,767,14577228026740439059,1858013,0,0,21,21,1074429281,1074429281
5,LP-E,4k,20260919,132,1,measure,45,chase_random,131072,262144,16113,6571213570337147517,2699561,0,0,21,21,2147352576,2147352576
5,LP-E,4k,20260919,133,1,measure,46,chase_random,262144,262144,31423,15622697376369970234,4053294,0,0,21,21,4294836224,4294836224
5,LP-E,4k,20260919,134,1,measure,47,independent_random,131072,1048576,13112,6409438770919777901,2077752,0,0,21,21,8588452575,8588452575
5,LP-E,4k,20260919,135,1,measure,48,independent_random,65536,1048576,5031,13658001120239343407,2032555,0,0,21,21,4296507909,4296507909
5,LP-E,4k,20260919,136,1,measure,49,independent_random_bis,131072,1048576,15204,8804482157151440421,2077798,0,0,21,21,8598134261,8598134261
5,LP-E,4k,20260919,137,1,measure,50,independent_random,8192,1048576,812,15754006488550662724,1835550,0,0,21,21,536203726,536203726
5,LP-E,4k,20260919,138,1,measure,51,chase_sequential,268435456,262144,11823555,12555795815014013789,658023,0,0,21,21,3133833609216,3133833609216
5,LP-E,4k,20260919,139,1,measure,52,chase_random_double,32768,524288,966,15763124687016657886,1396954,0,0,21,21,1073479680,1073479680
5,LP-E,4k,20260919,140,1,measure,53,independent_random_bis,1048576,1048576,50721,2305469891323046625,2874770,0,0,21,21,68733535220,68733535220
5,LP-E,4k,20260919,141,1,measure,54,independent_random,4096,1048576,483,11282891266003892927,1666761,0,0,21,21,267770220,267770220
5,LP-E,4k,20260919,142,1,measure,55,chase_random_double,33554432,524288,2136112,10247119678566742413,199030938,0,0,21,21,1099327831686,1099327831686
5,LP-E,4k,20260919,143,1,measure,56,chase_sequential,8192,262144,76,6995972191779048369,617572,0,0,21,21,134086656,134086656
5,LP-E,4k,20260919,144,1,measure,57,chase_random,8388608,262144,642990,14111239722271376897,81912852,0,0,21,21,137484557013,137484557013
5,LP-E,4k,20260919,145,1,measure,58,chase_random_double,262144,524288,7460,15591821285988228347,5673344,0,0,21,21,8589672448,8589672448
5,LP-E,4k,20260919,146,1,measure,59,independent_random_bis,134217728,1048576,4772559,13995881098453572082,39668647,0,0,21,21,8795073407128,8795073407128
5,LP-E,4k,20260919,147,1,measure,60,chase_sequential,65536,262144,2847,4164282708695441575,458531,0,0,21,21,1073610752,1073610752
5,LP-E,4k,20260919,148,1,measure,61,chase_random,8192,262144,258,7497196913647701912,446371,0,0,21,21,134086656,134086656
5,LP-E,4k,20260919,149,1,measure,62,independent_random,16384,1048576,1656,11800143195743687931,1848160,0,0,21,21,1072811563,1072811563
5,LP-E,4k,20260919,150,1,measure,63,independent_random_bis,8192,1048576,758,15376779683954989717,1853624,0,0,21,21,536371426,536371426
5,LP-E,4k,20260919,151,1,measure,64,independent_random,32768,1048576,3547,10221088559079692658,1918396,0,0,21,21,2148224269,2148224269
5,LP-E,4k,20260919,152,1,measure,65,chase_random,524288,262144,51938,6562075730403481829,5385779,0,0,21,21,8589803520,8589803520
5,LP-E,4k,20260919,153,1,measure,66,chase_random_double,524288,524288,27155,15169039659672970525,6549399,0,0,21,21,17179607040,17179607040
5,LP-E,4k,20260919,154,1,measure,67,independent_random_bis,268435456,1048576,15208919,539770907004868933,51077718,0,0,21,21,17586956862409,17586956862409
5,LP-E,4k,20260919,155,1,measure,68,chase_sequential,2097152,262144,65659,11829739485021154437,643832,0,0,21,21,34359607296,34359607296
5,LP-E,4k,20260919,156,1,measure,69,chase_random_double,16777216,524288,1368231,6349966996824511675,185908384,0,0,21,21,549949526885,549949526885
5,LP-E,4k,20260919,157,1,measure,70,chase_random_double,8192,524288,373,15296562488598497358,895556,0,0,21,21,268173312,268173312
5,LP-E,4k,20260919,158,1,measure,71,chase_random,67108864,262144,3183423,7684211895186245211,102309733,0,0,21,21,1101418281620,1101418281620
5,LP-E,4k,20260919,159,1,measure,72,chase_sequential,67108864,262144,3490383,3702828907511180566,713263,0,0,21,21,949342568448,949342568448
5,LP-E,4k,20260919,160,1,measure,73,chase_random_double,4194304,524288,326324,9318281193178211920,115865548,0,0,21,21,137438691328,137438691328
5,LP-E,4k,20260919,161,1,measure,74,chase_random_double,67108864,524288,2687256,15975683867966375480,209057570,0,0,21,21,2198293178598,2198293178598
5,LP-E,4k,20260919,162,1,measure,75,chase_sequential,131072,262144,3905,67239487036287934,521308,0,0,21,21,2147352576,2147352576
5,LP-E,4k,20260919,163,1,measure,76,chase_random,33554432,262144,1566211,17613092317003253652,99384071,0,0,21,21,549180162832,549180162832
5,LP-E,4k,20260919,164,1,measure,77,independent_random,8388608,1048576,403214,2604206002463020235,26581497,0,0,21,21,550026537118,550026537118
5,LP-E,4k,20260919,165,1,measure,78,independent_random,524288,1048576,46115,494574698815542260,2258900,0,0,21,21,34358960115,34358960115
5,LP-E,4k,20260919,166,1,measure,79,independent_random_bis,8388608,1048576,379025,6651161520097651797,26772921,0,0,21,21,549778815150,549778815150
5,LP-E,4k,20260919,167,1,measure,80,chase_random,1048576,262144,49925,3069200715973303254,8508471,0,0,21,21,17179738112,17179738112
5,LP-E,4k,20260919,168,1,measure,81,independent_random_bis,2097152,1048576,45144,6783244771708902295,16667337,0,0,21,21,137387368785,137387368785
5,LP-E,4k,20260919,169,1,measure,82,independent_random_bis,262144,1048576,11770,14246395929684877001,2129842,0,0,21,21,17163145106,17163145106
5,LP-E,4k,20260919,170,1,measure,83,chase_random,134217728,262144,4026507,7160217514459025861,107094075,0,0,21,21,2198486735017,2198486735017
5,LP-E,4k,20260919,171,1,measure,84,chase_sequential,32768,262144,2492,1860650474096179456,617909,0,0,21,21,536739840,536739840
5,LP-E,4k,20260919,172,1,measure,85,chase_sequential,524288,262144,43033,17847930563128394368,503880,0,0,21,21,8589803520,8589803520
5,LP-E,4k,20260919,173,1,measure,86,chase_random,65536,262144,6768,13996167449408794423,1814817,0,0,21,21,1073610752,1073610752
5,LP-E,4k,20260919,174,2,measure,0,independent_random,16777216,1048576,1683948,13460917835014944797,29739042,0,0,21,21,1098783713719,1098783713719
5,LP-E,4k,20260919,175,2,measure,1,chase_random,4194304,262144,80665,18062725761075516628,59940833,0,0,21,21,68730509723,68730509723
5,LP-E,4k,20260919,176,2,measure,2,chase_sequential,16777216,262144,515483,18126498154222482797,730964,0,0,21,21,169490382848,169490382848
5,LP-E,4k,20260919,177,2,measure,3,chase_sequential,16384,262144,1383,11659384541765806675,425388,0,0,21,21,268304384,268304384
5,LP-E,4k,20260919,178,2,measure,4,chase_sequential,524288,262144,48172,15196417101233048513,508370,0,0,21,21,8589803520,8589803520
5,LP-E,4k,20260919,179,2,measure,5,independent_random_bis,268435456,1048576,19013893,4696431372769213186,50009052,0,0,21,21,17594987444090,17594987444090
5,LP-E,4k,20260919,180,2,measure,6,chase_random_double,33554432,524288,3810953,16060768007958220631,199092105,0,0,21,21,1100541998997,1100541998997
5,LP-E,4k,20260919,181,2,measure,7,independent_random_bis,16384,1048576,1127,6495155580280102664,1738265,0,0,21,21,1071394215,1071394215
5,LP-E,4k,20260919,182,2,measure,8,chase_random,8192,262144,183,9378349024141551334,514647,0,0,21,21,134086656,134086656
5,LP-E,4k,20260919,183,2,measure,9,chase_sequential,8388608,262144,642353,1017372491916720382,633032,0,0,21,21,202748592128,202748592128
5,LP-E,4k,20260919,184,2,measure,10,chase_random,134217728,262144,8767516,6120584179574361737,105847698,0,0,21,21,2198023273488,2198023273488
5,LP-E,4k,20260919,185,2,measure,11,independent_random,32768,1048576,1996,2865067573416067851,2055135,0,0,21,21,2147619698,2147619698
5,LP-E,4k,20260919,186,2,measure,12,chase_random,33554432,262144,1599420,12856130883579910339,102747283,0,0,21,21,549678108108,549678108108
5,LP-E,4k,20260919,187,2,measure,13,chase_sequential,4194304,262144,160744,716114679958968237,721533,0,0,21,21,76497682432,76497682432
5,LP-E,4k,20260919,188,2,measure,14,chase_sequential,4096,262144,47,3502829542278586363,422885,0,0,21,21,66977792,66977792
5,LP-E,4k,20260919,189,2,measure,15,chase_random_double,67108864,524288,1842267,15909432736983552400,207166760,0,0,21,21,2198339432373,2198339432373
5,LP-E,4k,20260919,190,2,measure,16,chase_random_double,65536,524288,5674,15088689031368219975,3077107,0,0,21,21,2147221504,2147221504
5,LP-E,4k,20260919,191,2,measure,17,independent_random_bis,262144,1048576,24288,887858325300742677,2308286,0,0,21,21,17178522927,17178522927
5,LP-E,4k,20260919,192,2,measure,18,independent_random_bis,4096,1048576,99,10176731971475843868,1854774,0,0,21,21,267837257,267837257
5,LP-E,4k,20260919,193,2,measure,19,chase_random,65536,262144,47,17345541043137849410,1564443,0,0,21,21,1073610752,1073610752
5,LP-E,4k,20260919,194,2,measure,20,independent_random_bis,32768,1048576,695,9678355848883268006,1870221,0,0,21,21,2147364622,2147364622
5,LP-E,4k,20260919,195,2,measure,21,independent_random_bis,524288,1048576,22809,9481741178554553839,2181016,0,0,21,21,34350677104,34350677104
5,LP-E,4k,20260919,196,2,measure,22,independent_random,4194304,1048576,464217,17277819620881016357,24141608,0,0,21,21,274887678381,274887678381
5,LP-E,4k,20260919,197,2,measure,23,chase_random_double,262144,524288,11975,16231180851440842803,6454316,0,0,21,21,8589672448,8589672448
5,LP-E,4k,20260919,198,2,measure,24,independent_random,4096,1048576,201,1530408598099681406,1852085,0,0,21,21,267775460,267775460
5,LP-E,4k,20260919,199,2,measure,25,independent_random,1048576,1048576,29156,5189663055116298527,3177959,0,0,21,21,68759196383,68759196383
5,LP-E,4k,20260919,200,2,measure,26,page_fault_touch,16777216,4096,773314,12256230556850316355,9310313,189536,4096,21,21,8192,8192
5,LP-E,4k,20260919,201,2,measure,27,chase_random_double,1048576,524288,35791,5587282875632768931,12120890,0,0,21,21,34359476224,34359476224
5,LP-E,4k,20260919,202,2,measure,28,independent_random,131072,1048576,14316,15824499659369762128,2162057,0,0,21,21,8595667507,8595667507
5,LP-E,4k,20260919,203,2,measure,29,chase_sequential,65536,262144,5476,18270423641328946861,620168,0,0,21,21,1073610752,1073610752
5,LP-E,4k,20260919,204,2,measure,30,chase_random,8388608,262144,608363,8783860811975486310,80415177,0,0,21,21,137689783889,137689783889
5,LP-E,4k,20260919,205,2,measure,31,chase_sequential,67108864,262144,996076,14236710711989731489,648397,0,0,21,21,295474954240,295474954240
5,LP-E,4k,20260919,206,2,measure,32,independent_random_bis,134217728,1048576,215624,116700260443881241,39783406,0,0,21,21,8788124651281,8788124651281
5,LP-E,4k,20260919,207,2,measure,33,chase_random_double,32768,524288,1738,15635172512903543802,1215805,0,0,21,21,1073479680,1073479680
5,LP-E,4k,20260919,208,2,measure,34,chase_random,16777216,262144,1321192,13920548472490466602,92717503,0,0,21,21,274389693730,274389693730
5,LP-E,4k,20260919,209,2,measure,35,independent_random,2097152,1048576,32616,3053677529775405542,16578071,0,0,21,21,137402878818,137402878818
5,LP-E,4k,20260919,210,2,measure,36,chase_random_double,524288,524288,41570,14827310363335522359,9522180,0,0,21,21,17179607040,17179607040
5,LP-E,4k,20260919,211,2,measure,37,chase_random_double,134217728,524288,3049430,865876947998669369,214285875,0,0,21,21,4387777931186,4387777931186
5,LP-E,4k,20260919,212,2,measure,38,independent_random_bis,4194304,1048576,470182,4056705032746564499,22926989,0,0,21,21,275115499523,275115499523
5,LP-E,4k,20260919,213,2,measure,39,chase_sequential,268435456,262144,16875267,1753403477726974318,732899,0,0,21,21,4458109599744,4458109599744
5,LP-E,4k,20260919,214,2,measure,40,chase_sequential,1048576,262144,37811,6293404896101650155,613170,0,0,21,21,17179738112,17179738112
5,LP-E,4k,20260919,215,2,measure,41,chase_sequential,8192,262144,504,6534328546570469702,440745,0,0,21,21,134086656,134086656
5,LP-E,4k,20260919,216,2,measure,42,independent_random_bis,65536,1048576,4443,4639178857663115567,1931623,0,0,21,21,4292540597,4292540597
5,LP-E,4k,20260919,217,2,measure,43,independent_random,8388608,1048576,687510,9978039265695666277,27074566,0,0,21,21,550188056379,550188056379
5,LP-E,4k,20260919,218,2,measure,44,chase_random_double,8192,524288,155,12683088201299783551,1062708,0,0,21,21,268173312,268173312
5,LP-E,4k,20260919,219,2,measure,45,chase_random_double,16384,524288,1847,4274104626494865189,1081801,0,0,21,21,536608768,536608768
5,LP-E,4k,20260919,220,2,measure,46,chase_random_double,4194304,524288,275694,6200891198387201633,114801219,0,0,21,21,137438691328,137438691328
5,LP-E,4k,20260919,221,2,measure,47,chase_random,32768,262144,1828,340297615432641441,597695,0,0,21,21,536739840,536739840
5,LP-E,4k,20260919,222,2,measure,48,chase_random_double,2097152,524288,74962,12880875690759591396,40637006,0,0,21,21,68719214592,68719214592
5,LP-E,4k,20260919,223,2,measure,49,independent_random,268435456,1048576,32983727,7615628931946100876,50955851,0,0,21,21,17593743418847,17593743418847
5,LP-E,4k,20260919,224,2,measure,50,independent_random,8192,1048576,178,17412527703052026530,1856301,0,0,21,21,535901007,535901007
5,LP-E,4k,20260919,225,2,measure,51,chase_random_double,131072,524288,15192,14577984340697004413,5082842,0,0,21,21,4294705152,4294705152
5,LP-E,4k,20260919,226,2,measure,52,chase_random_double,8388608,524288,905799,681598362921069140,161601312,0,0,21,21,274793714527,274793714527
5,LP-E,4k,20260919,227,2,measure,53,independent_random,262144,1048576,15317,17150458482514169861,2303853,0,0,21,21,17169586862,17169586862
5,LP-E,4k,20260919,228,2,measure,54,independent_random,67108864,1048576,5380517,16367942370934710723,37018938,0,0,21,21,4396892236422,4396892236422
5,LP-E,4k,20260919,229,2,measure,55,independent_random_bis,131072,1048576,5830,13945947769359010707,1811620,0,0,21,21,8589170235,8589170235
5,LP-E,4k,20260919,230,2,measure,56,independent_random,33554432,1048576,37638,14388338164267876974,35116252,0,0,21,21,2200259558133,2200259558133
5,LP-E,4k,20260919,231,2,measure,57,independent_random_bis,8388608,1048576,794784,761790505190277205,25715378,0,0,21,21,549286269861,549286269861
5,LP-E,4k,20260919,232,2,measure,58,chase_random,2097152,262144,123811,13130969758530176492,24873014,0,0,21,21,34359607296,34359607296
5,LP-E,4k,20260919,233,2,measure,59,independent_random,16384,1048576,1569,9348930716484656894,1692273,0,0,21,21,1072731852,1072731852
5,LP-E,4k,20260919,234,2,measure,60,independent_random_bis,33554432,1048576,3493393,10258108582528553762,34045266,0,0,21,21,2197488865849,2197488865849
5,LP-E,4k,20260919,235,2,measure,61,independent_random,134217728,1048576,1338594,16575254008731972525,39630697,0,0,21,21,8794784417828,8794784417828
5,LP-E,4k,20260919,236,2,measure,62,chase_sequential,2097152,262144,30481,17157745429571422341,666904,0,0,21,21,34359607296,34359607296
5,LP-E,4k,20260919,237,2,measure,63,chase_random,4096,262144,41,2686301005601925222,460501,0,0,21,21,66977792,66977792
5,LP-E,4k,20260919,238,2,measure,64,chase_random,268435456,262144,9729997,14968949977328646229,112066697,0,0,21,21,4395608014455,4395608014455
5,LP-E,4k,20260919,239,2,measure,65,independent_random_bis,2097152,1048576,148467,3181106720629385676,16932851,0,0,21,21,137466207875,137466207875
5,LP-E,4k,20260919,240,2,measure,66,chase_sequential,33554432,262144,83545,12690041319996095739,734348,0,0,21,21,56260427776,56260427776
5,LP-E,4k,20260919,241,2,measure,67,chase_sequential,131072,262144,16065,14693549068956482670,442389,0,0,21,21,2147352576,2147352576
5,LP-E,4k,20260919,242,2,measure,68,chase_random,524288,262144,34703,7370098432496636619,5736758,0,0,21,21,8589803520,8589803520
5,LP-E,4k,20260919,243,2,measure,69,chase_random,262144,262144,15477,6860383702797341600,3636084,0,0,21,21,4294836224,4294836224
5,LP-E,4k,20260919,244,2,measure,70,page_fault_touch,268435456,65536,11728245,9055199785236930083,162481049,3143013,65536,21,21,131072,131072
5,LP-E,4k,20260919,245,2,measure,71,chase_sequential,32768,262144,3700,13096755870543191623,431288,0,0,21,21,536739840,536739840
5,LP-E,4k,20260919,246,2,measure,72,independent_random_bis,8192,1048576,813,9798405495138916698,2039448,0,0,21,21,536231802,536231802
5,LP-E,4k,20260919,247,2,measure,73,independent_random_bis,67108864,1048576,4009792,4394060019598478187,37202972,0,0,21,21,4395145562503,4395145562503
5,LP-E,4k,20260919,248,2,measure,74,chase_sequential,134217728,262144,10720895,1814474775652259341,704909,0,0,21,21,2844777906176,2844777906176
5,LP-E,4k,20260919,249,2,measure,75,chase_random,1048576,262144,26746,7524960602827162922,8983749,0,0,21,21,17179738112,17179738112
5,LP-E,4k,20260919,250,2,measure,76,independent_random_bis,16777216,1048576,380675,15145392823565634135,30674019,0,0,21,21,1099960658404,1099960658404
5,LP-E,4k,20260919,251,2,measure,77,chase_random_double,4096,524288,155,3828172292378620852,877649,0,0,21,21,133955584,133955584
5,LP-E,4k,20260919,252,2,measure,78,chase_sequential,262144,262144,26055,4684924823647227435,462858,0,0,21,21,4294836224,4294836224
5,LP-E,4k,20260919,253,2,measure,79,chase_random_double,268435456,524288,23505331,8923107015638891892,229920940,0,0,21,21,8800623288617,8800623288617
5,LP-E,4k,20260919,254,2,measure,80,chase_random,131072,262144,8573,10057781363743856900,2545743,0,0,21,21,2147352576,2147352576
5,LP-E,4k,20260919,255,2,measure,81,independent_random,65536,1048576,2777,8987918844545940416,1740312,0,0,21,21,4296670097,4296670097
5,LP-E,4k,20260919,256,2,measure,82,independent_random,524288,1048576,63152,5693815500909610194,2755467,0,0,21,21,34346357695,34346357695
5,LP-E,4k,20260919,257,2,measure,83,independent_random_bis,1048576,1048576,11612,14419025475423490915,3675427,0,0,21,21,68716646968,68716646968
5,LP-E,4k,20260919,258,2,measure,84,chase_random,67108864,262144,6871920,18416098668364203367,105001427,0,0,21,21,1099874520338,1099874520338
5,LP-E,4k,20260919,259,2,measure,85,chase_random_double,16777216,524288,1870088,4789971972431463188,184132969,0,0,21,21,549812666574,549812666574
5,LP-E,4k,20260919,260,2,measure,86,chase_random,16384,262144,874,1439901733234617321,967805,0,0,21,21,268304384,268304384
5,LP-E,4k,20260919,261,3,measure,0,chase_random,16384,262144,999,919865373816589747,885859,0,0,21,21,268304384,268304384
5,LP-E,4k,20260919,262,3,measure,1,chase_random,33554432,262144,1009523,4165969570364397732,104885465,0,0,21,21,548820147287,548820147287
5,LP-E,4k,20260919,263,3,measure,2,chase_random_double,524288,524288,49856,17553932442978967206,15738327,0,0,21,21,17179607040,17179607040
5,LP-E,4k,20260919,264,3,measure,3,independent_random_bis,4096,1048576,71,16640467316095240389,3831197,0,0,21,21,267758106,267758106
5,LP-E,4k,20260919,265,3,measure,4,independent_random,8192,1048576,428,5023285327317392186,3830828,0,0,21,21,536391998,536391998
5,LP-E,4k,20260919,266,3,measure,5,independent_random,16777216,1048576,451888,17762928729549972093,32874107,0,0,21,21,1099493100838,1099493100838
5,LP-E,4k,20260919,267,3,measure,6,chase_random_double,65536,524288,654,10029013665472391426,6650123,0,0,21,21,2147221504,2147221504
5,LP-E,4k,20260919,268,3,measure,7,chase_random_double,33554432,524288,952550,3971252881374763623,200278844,0,0,21,21,1098000567850,1098000567850
5,LP-E,4k,20260919,269,3,measure,8,independent_random,16384,1048576,576,16633672129514362417,1900839,0,0,21,21,1073808636,1073808636
5,LP-E,4k,20260919,270,3,measure,9,chase_sequential,262144,262144,1406,13143439315006714895,462027,0,0,21,21,4294836224,4294836224
5,LP-E,4k,20260919,271,3,measure,10,chase_random,8192,262144,378,7101011771216453324,494707,0,0,21,21,134086656,134086656
5,LP-E,4k,20260919,272,3,measure,11,independent_random,2097152,1048576,10628,15229428784555574409,16410360,0,0,21,21,137475232790,137475232790
5,LP-E,4k,20260919,273,3,measure,12,chase_random,262144,262144,15321,2841212016121486548,3876026,0,0,21,21,4294836224,4294836224
5,LP-E,4k,20260919,274,3,measure,13,independent_random_bis,268435456,1048576,1415856,10925216037080880150,52902068,0,0,21,21,17603943659355,17603943659355
5,LP-E,4k,20260919,275,3,measure,14,independent_random_bis,8192,1048576,407,961644807391872788,1858700,0,0,21,21,536663312,536663312
5,LP-E,4k,20260919,276,3,measure,15,independent_random_bis,524288,1048576,53246,16333790589526868686,2532117,0,0,21,21,34362236689,34362236689
5,LP-E,4k,20260919,277,3,measure,16,independent_random,131072,1048576,11942,11969144326111965927,2024953,0,0,21,21,8594998993,8594998993
5,LP-E,4k,20260919,278,3,measure,17,independent_random,262144,1048576,28630,2749234580978761508,2444450,0,0,21,21,17182320066,17182320066
5,LP-E,4k,20260919,279,3,measure,18,chase_random_double,16777216,524288,413658,15304220917002038944,180505826,0,0,21,21,549870050564,549870050564
5,LP-E,4k,20260919,280,3,measure,19,chase_random_double,8388608,524288,1046450,4395159860093885359,165239667,0,0,21,21,275040536915,275040536915
5,LP-E,4k,20260919,281,3,measure,20,chase_sequential,131072,262144,10892,354838908283821219,451127,0,0,21,21,2147352576,2147352576
5,LP-E,4k,20260919,282,3,measure,21,chase_random,524288,262144,41829,11248628020793423894,5673522,0,0,21,21,8589803520,8589803520
5,LP-E,4k,20260919,283,3,measure,22,independent_random_bis,262144,1048576,29253,7847670905630424825,2274183,0,0,21,21,17167872420,17167872420
5,LP-E,4k,20260919,284,3,measure,23,chase_random_double,2097152,524288,119708,3657877410106389118,41516392,0,0,21,21,68719214592,68719214592
5,LP-E,4k,20260919,285,3,measure,24,independent_random,8388608,1048576,391640,4185375763597426632,25957370,0,0,21,21,549897944025,549897944025
5,LP-E,4k,20260919,286,3,measure,25,chase_sequential,2097152,262144,38755,190582807340695419,722936,0,0,21,21,34359607296,34359607296
5,LP-E,4k,20260919,287,3,measure,26,chase_sequential,524288,262144,28070,6415359976159893989,529666,0,0,21,21,8589803520,8589803520
5,LP-E,4k,20260919,288,3,measure,27,chase_random_double,1048576,524288,20203,12658610320176151813,11074585,0,0,21,21,34359476224,34359476224
5,LP-E,4k,20260919,289,3,measure,28,independent_random,524288,1048576,27212,12517547757652717363,2320366,0,0,21,21,34357500895,34357500895
5,LP-E,4k,20260919,290,3,measure,29,independent_random_bis,8388608,1048576,11055,476062095159123446,26207316,0,0,21,21,549517763867,549517763867
5,LP-E,4k,20260919,291,3,measure,30,chase_sequential,16777216,262144,887,5493793665678100542,780121,0,0,21,21,34592129024,34592129024
5,LP-E,4k,20260919,292,3,measure,31,chase_random_double,4194304,524288,66495,17488818135543511784,120492013,0,0,21,21,137438691328,137438691328
5,LP-E,4k,20260919,293,3,measure,32,chase_random,4194304,262144,302499,18338242610659325622,58499720,0,0,21,21,68837869515,68837869515
5,LP-E,4k,20260919,294,3,measure,33,chase_sequential,65536,262144,7309,3612644348637894192,621483,0,0,21,21,1073610752,1073610752
5,LP-E,4k,20260919,295,3,measure,34,chase_random_double,8192,524288,453,8306638131253956078,900478,0,0,21,21,268173312,268173312
5,LP-E,4k,20260919,296,3,measure,35,independent_random_bis,65536,1048576,5038,11382668727275411332,1738810,0,0,21,21,4296504339,4296504339
5,LP-E,4k,20260919,297,3,measure,36,independent_random_bis,16384,1048576,528,3615794494652079413,1994539,0,0,21,21,1073605786,1073605786
5,LP-E,4k,20260919,298,3,measure,37,chase_random,2097152,262144,145461,5545066640058118409,25490675,0,0,21,21,34359607296,34359607296
5,LP-E,4k,20260919,299,3,measure,38,independent_random_bis,131072,1048576,6091,3185992360011646073,1815860,0,0,21,21,8597102646,8597102646
5,LP-E,4k,20260919,300,3,measure,39,chase_random,65536,262144,1949,12231753148183704683,1983238,0,0,21,21,1073610752,1073610752
5,LP-E,4k,20260919,301,3,measure,40,chase_sequential,32768,262144,1454,18208272601133193208,427420,0,0,21,21,536739840,536739840
5,LP-E,4k,20260919,302,3,measure,41,chase_sequential,4096,262144,475,7169511378890568998,612727,0,0,21,21,66977792,66977792
5,LP-E,4k,20260919,303,3,measure,42,independent_random,4194304,1048576,2949,6809574549554514984,23604046,0,0,21,21,275228188589,275228188589
5,LP-E,4k,20260919,304,3,measure,43,chase_sequential,8388608,262144,859259,1062964317261670556,739489,0,0,21,21,183244554240,183244554240
5,LP-E,4k,20260919,305,3,measure,44,page_fault_touch,16777216,4096,238767,14953287206171301133,10059470,163953,4096,21,21,8192,8192
5,LP-E,4k,20260919,306,3,measure,45,chase_random_double,262144,524288,19341,17501087791598182317,6244264,0,0,21,21,8589672448,8589672448
5,LP-E,4k,20260919,307,3,measure,46,independent_random,4096,1048576,239,17828616370321143255,2028553,0,0,21,21,267704153,267704153
5,LP-E,4k,20260919,308,3,measure,47,chase_random_double,131072,524288,8082,6605549736725922707,4724937,0,0,21,21,4294705152,4294705152
5,LP-E,4k,20260919,309,3,measure,48,chase_random,32768,262144,2691,12908413181218604628,778338,0,0,21,21,536739840,536739840
5,LP-E,4k,20260919,310,3,measure,49,chase_random,134217728,262144,3622003,7737016854462289936,107995787,0,0,21,21,2200372361741,2200372361741
5,LP-E,4k,20260919,311,3,measure,50,chase_random,1048576,262144,70405,17393847137142765095,9004335,0,0,21,21,17179738112,17179738112
5,LP-E,4k,20260919,312,3,measure,51,independent_random_bis,1048576,1048576,9508,15787464348328584337,2125927,0,0,21,21,68737285558,68737285558
5,LP-E,4k,20260919,313,3,measure,52,chase_random,8388608,262144,307936,3778685860150806728,82617277,0,0,21,21,137500113988,137500113988
5,LP-E,4k,20260919,314,3,measure,53,independent_random,65536,1048576,5486,10240453097257311487,1923256,0,0,21,21,4295742213,4295742213
5,LP-E,4k,20260919,315,3,measure,54,chase_sequential,16384,262144,1500,18178669525285208444,617999,0,0,21,21,268304384,268304384
5,LP-E,4k,20260919,316,3,measure,55,independent_random_bis,134217728,1048576,8022804,2727898758221920702,40174096,0,0,21,21,8794386278487,8794386278487
5,LP-E,4k,20260919,317,3,measure,56,chase_random_double,4096,524288,17,12481098109827361170,1056051,0,0,21,21,133955584,133955584
5,LP-E,4k,20260919,318,3,measure,57,page_fault_touch,268435456,65536,8152237,10876290192842347250,166178195,3443897,65536,21,21,131072,131072
5,LP-E,4k,20260919,319,3,measure,58,chase_sequential,8192,262144,969,8843966982005543705,424812,0,0,21,21,134086656,134086656
5,LP-E,4k,20260919,320,3,measure,59,independent_random_bis,67108864,1048576,3604639,14740410164210843689,37002901,0,0,21,21,4394626551352,4394626551352
5,LP-E,4k,20260919,321,3,measure,60,chase_random,16777216,262144,19281,11020325357177317351,93734283,0,0,21,21,274717347561,274717347561
5,LP-E,4k,20260919,322,3,measure,61,chase_random,131072,262144,1726,18253379645378046997,2765128,0,0,21,21,2147352576,2147352576
5,LP-E,4k,20260919,323,3,measure,62,independent_random,134217728,1048576,15019089,9680805401292336101,38516020,0,0,21,21,8792199669981,8792199669981
5,LP-E,4k,20260919,324,3,measure,63,independent_random_bis,4194304,1048576,255270,5506386039044938937,23665426,0,0,21,21,274855565059,274855565059
5,LP-E,4k,20260919,325,3,measure,64,independent_random,32768,1048576,3582,9177247480978474895,1864868,0,0,21,21,2146526128,2146526128
5,LP-E,4k,20260919,326,3,measure,65,chase_random_double,16384,524288,817,1818720666783023051,1116375,0,0,21,21,536608768,536608768
5,LP-E,4k,20260919,327,3,measure,66,chase_random,67108864,262144,5366510,17257018434482139141,102706366,0,0,21,21,1099151297598,1099151297598
5,LP-E,4k,20260919,328,3,measure,67,independent_random_bis,32768,1048576,639,4123880738361070507,1681738,0,0,21,21,2145541393,2145541393
5,LP-E,4k,20260919,329,3,measure,68,chase_random,268435456,262144,5381633,17936315917697743254,113596444,0,0,21,21,4391417546257,4391417546257
5,LP-E,4k,20260919,330,3,measure,69,chase_random_double,67108864,524288,5451803,1419787497053754207,209898752,0,0,21,21,2198269816913,2198269816913
5,LP-E,4k,20260919,331,3,measure,70,independent_random_bis,33554432,1048576,568532,1273642088153459155,34291004,0,0,21,21,2197754365873,2197754365873
5,LP-E,4k,20260919,332,3,measure,71,independent_random,268435456,1048576,5859770,9957465725460021780,52606278,0,0,21,21,17586794905545,17586794905545
5,LP-E,4k,20260919,333,3,measure,72,independent_random_bis,2097152,1048576,132513,9499215653480542940,17059019,0,0,21,21,137398650273,137398650273
5,LP-E,4k,20260919,334,3,measure,73,chase_random_double,268435456,524288,5747044,15918443414982491323,231976057,0,0,21,21,8793761491040,8793761491040
5,LP-E,4k,20260919,335,3,measure,74,chase_sequential,67108864,262144,8068902,16527133306826396720,858645,0,0,21,21,2149573853184,2149573853184
5,LP-E,4k,20260919,336,3,measure,75,chase_random_double,134217728,524288,9240547,18281622395656492550,207978679,0,0,21,21,4397991235725,4397991235725
5,LP-E,4k,20260919,337,3,measure,76,independent_random_bis,16777216,1048576,798174,5403164767639815020,30460968,0,0,21,21,1099551682322,1099551682322
5,LP-E,4k,20260919,338,3,measure,77,chase_sequential,1048576,262144,18100,11225968007646134130,818980,0,0,21,21,17179738112,17179738112
5,LP-E,4k,20260919,339,3,measure,78,independent_random,33554432,1048576,2759747,6984165749302180176,33309041,0,0,21,21,2198678300688,2198678300688
5,LP-E,4k,20260919,340,3,measure,79,chase_sequential,4194304,262144,402625,12476312469320798084,742397,0,0,21,21,66252832768,66252832768
5,LP-E,4k,20260919,341,3,measure,80,chase_sequential,134217728,262144,8544904,151452610404570295,732048,0,0,21,21,2274354921472,2274354921472
5,LP-E,4k,20260919,342,3,measure,81,chase_random,4096,262144,116,10908436934035087051,429184,0,0,21,21,66977792,66977792
5,LP-E,4k,20260919,343,3,measure,82,independent_random,1048576,1048576,26423,1152176002319906583,2824137,0,0,21,21,68647717072,68647717072
5,LP-E,4k,20260919,344,3,measure,83,chase_random_double,32768,524288,2409,7792505689247542418,1038823,0,0,21,21,1073479680,1073479680
5,LP-E,4k,20260919,345,3,measure,84,independent_random,67108864,1048576,2181657,16547397907294354035,36268742,0,0,21,21,4399682520614,4399682520614
5,LP-E,4k,20260919,346,3,measure,85,chase_sequential,33554432,262144,842036,17589182750608029233,895714,0,0,21,21,255094292480,255094292480
5,LP-E,4k,20260919,347,3,measure,86,chase_sequential,268435456,262144,29012540,14718130018864170174,873648,0,0,21,21,7639822893056,7639822893056
5,LP-E,4k,20260919,348,4,measure,0,chase_random,4096,262144,408,1815036901517523134,626261,0,0,21,21,66977792,66977792
5,LP-E,4k,20260919,349,4,measure,1,chase_sequential,4096,262144,351,14922204250855517869,422584,0,0,21,21,66977792,66977792
5,LP-E,4k,20260919,350,4,measure,2,chase_random,16384,262144,227,16226354864302323033,679281,0,0,21,21,268304384,268304384
5,LP-E,4k,20260919,351,4,measure,3,chase_sequential,32768,262144,3004,901117350046390577,428847,0,0,21,21,536739840,536739840
5,LP-E,4k,20260919,352,4,measure,4,independent_random,8192,1048576,699,2646079678873563121,1858398,0,0,21,21,536525045,536525045
5,LP-E,4k,20260919,353,4,measure,5,chase_sequential,2097152,262144,162198,2696087549119601377,767843,0,0,21,21,34359607296,34359607296
5,LP-E,4k,20260919,354,4,measure,6,chase_random,268435456,262144,10405591,2445226240502157812,113441892,0,0,21,21,4400599522835,4400599522835
5,LP-E,4k,20260919,355,4,measure,7,independent_random_bis,134217728,1048576,9183230,16343071191964865810,39915421,0,0,21,21,8799432876699,8799432876699
5,LP-E,4k,20260919,356,4,measure,8,page_fault_touch,16777216,4096,888562,11771019093946509715,10459847,190755,4096,21,21,8192,8192
5,LP-E,4k,20260919,357,4,measure,9,chase_sequential,16384,262144,1935,7795982495258341958,427538,0,0,21,21,268304384,268304384
5,LP-E,4k,20260919,358,4,measure,10,chase_random,8388608,262144,744884,11724827660657477865,83343315,0,0,21,21,137394658745,137394658745
5,LP-E,4k,20260919,359,4,measure,11,chase_sequential,131072,262144,14884,6807352505312582386,640220,0,0,21,21,2147352576,2147352576
5,LP-E,4k,20260919,360,4,measure,12,chase_sequential,8388608,262144,20949,10110804422059269220,793089,0,0,21,21,39851261952,39851261952
5,LP-E,4k,20260919,361,4,measure,13,independent_random,8388608,1048576,115811,6225587696075175372,26610775,0,0,21,21,549867143972,549867143972
5,LP-E,4k,20260919,362,4,measure,14,chase_random_double,4096,524288,134,15283156610609435905,1070891,0,0,21,21,133955584,133955584
5,LP-E,4k,20260919,363,4,measure,15,chase_random,8192,262144,326,9690070931309162065,442455,0,0,21,21,134086656,134086656
5,LP-E,4k,20260919,364,4,measure,16,independent_random,2097152,1048576,225816,13048561993913069739,16399811,0,0,21,21,137349760669,137349760669
5,LP-E,4k,20260919,365,4,measure,17,chase_random_double,8192,524288,765,8351321531400173964,1068453,0,0,21,21,268173312,268173312
5,LP-E,4k,20260919,366,4,measure,18,chase_random_double,67108864,524288,8246576,10478456090245135880,209923405,0,0,21,21,2198891709065,2198891709065
5,LP-E,4k,20260919,367,4,measure,19,chase_random_double,524288,524288,13418,9211160843761271869,8571403,0,0,21,21,17179607040,17179607040
5,LP-E,4k,20260919,368,4,measure,20,chase_random,32768,262144,1151,484570294432577404,785713,0,0,21,21,536739840,536739840
5,LP-E,4k,20260919,369,4,measure,21,independent_random,131072,1048576,4150,8609618123501300013,2177025,0,0,21,21,8590534353,8590534353
5,LP-E,4k,20260919,370,4,measure,22,chase_random,67108864,262144,1073189,7742261188507962416,103749827,0,0,21,21,1100385008094,1100385008094
5,LP-E,4k,20260919,371,4,measure,23,page_fault_touch,268435456,65536,11903277,9124133474494347193,165785787,2887679,65536,21,21,131072,131072
5,LP-E,4k,20260919,372,4,measure,24,independent_random_bis,4194304,1048576,135309,4805005672315249516,23414714,0,0,21,21,274717129980,274717129980
5,LP-E,4k,20260919,373,4,measure,25,independent_random_bis,32768,1048576,2131,4372854775616191933,2054788,0,0,21,21,2147309819,2147309819
5,LP-E,4k,20260919,374,4,measure,26,chase_sequential,65536,262144,6135,17033596204915763707,446105,0,0,21,21,1073610752,1073610752
5,LP-E,4k,20260919,375,4,measure,27,chase_random,262144,262144,3021,2420168421250625183,3844189,0,0,21,21,4294836224,4294836224
5,LP-E,4k,20260919,376,4,measure,28,independent_random,262144,1048576,28812,6223150258652511422,1895910,0,0,21,21,17174177388,17174177388
5,LP-E,4k,20260919,377,4,measure,29,independent_random_bis,2097152,1048576,108217,10164337192265066419,17094954,0,0,21,21,137212459491,137212459491
5,LP-E,4k,20260919,378,4,measure,30,chase_sequential,67108864,262144,8370895,2318249026371040980,699782,0,0,21,21,178303664128,178303664128
5,LP-E,4k,20260919,379,4,measure,31,independent_random,16777216,1048576,1302827,16752073768239757229,31251756,0,0,21,21,1099447858246,1099447858246
5,LP-E,4k,20260919,380,4,measure,32,chase_sequential,268435456,262144,23984825,5729035756703424208,765551,0,0,21,21,6321837572096,6321837572096
5,LP-E,4k,20260919,381,4,measure,33,independent_random,67108864,1048576,7265491,14804736681610919610,36510507,0,0,21,21,4399287645480,4399287645480
5,LP-E,4k,20260919,382,4,measure,34,independent_random,4096,1048576,500,4921689034988156119,1840451,0,0,21,21,268070922,268070922
5,LP-E,4k,20260919,383,4,measure,35,chase_sequential,33554432,262144,3095497,15253550212961772746,718249,0,0,21,21,845825572864,845825572864
5,LP-E,4k,20260919,384,4,measure,36,independent_random,65536,1048576,3277,9789529553997231684,1927385,0,0,21,21,4294498984,4294498984
5,LP-E,4k,20260919,385,4,measure,37,independent_random_bis,4096,1048576,63,16761700885572696928,2026047,0,0,21,21,267958410,267958410
5,LP-E,4k,20260919,386,4,measure,38,independent_random,4194304,1048576,471934,2334491555446639698,22781385,0,0,21,21,274646065521,274646065521
5,LP-E,4k,20260919,387,4,measure,39,chase_random,524288,262144,29429,2734016537387240410,5541753,0,0,21,21,8589803520,8589803520
5,LP-E,4k,20260919,388,4,measure,40,independent_random,32768,1048576,637,6113032150573003182,1878745,0,0,21,21,2146856201,2146856201
5,LP-E,4k,20260919,389,4,measure,41,chase_random_double,2097152,524288,224894,875446539065119934,40787414,0,0,21,21,68719214592,68719214592
5,LP-E,4k,20260919,390,4,measure,42,chase_sequential,16777216,262144,1113371,5265596435663410606,865003,0,0,21,21,326223134720,326223134720
5,LP-E,4k,20260919,391,4,measure,43,chase_random_double,8388608,524288,1043644,4709832512894848571,159857512,0,0,21,21,274973847470,274973847470
5,LP-E,4k,20260919,392,4,measure,44,independent_random_bis,262144,1048576,27524,15109366078363189187,1927114,0,0,21,21,17187432448,17187432448
5,LP-E,4k,20260919,393,4,measure,45,independent_random_bis,16777216,1048576,2091779,6137326010702233371,30116506,0,0,21,21,1099769453513,1099769453513
5,LP-E,4k,20260919,394,4,measure,46,chase_sequential,524288,262144,32053,4859195394419377893,507632,0,0,21,21,8589803520,8589803520
5,LP-E,4k,20260919,395,4,measure,47,independent_random,16384,1048576,1569,4547584696787161037,1931390,0,0,21,21,1072278647,1072278647
5,LP-E,4k,20260919,396,4,measure,48,chase_random,131072,262144,11050,12118186362228482068,2689702,0,0,21,21,2147352576,2147352576
5,LP-E,4k,20260919,397,4,measure,49,chase_sequential,8192,262144,469,3113247162280489262,424802,0,0,21,21,134086656,134086656
5,LP-E,4k,20260919,398,4,measure,50,chase_random_double,134217728,524288,726828,10504882774794466800,215377224,0,0,21,21,4396295845214,4396295845214
5,LP-E,4k,20260919,399,4,measure,51,chase_random,1048576,262144,30906,17149194202859114879,9269645,0,0,21,21,17179738112,17179738112
5,LP-E,4k,20260919,400,4,measure,52,chase_random_double,16777216,524288,476813,6881854476872446820,189283466,0,0,21,21,550153479474,550153479474
5,LP-E,4k,20260919,401,4,measure,53,independent_random_bis,33554432,1048576,847750,9434004147400363588,32833328,0,0,21,21,2199972031223,2199972031223
5,LP-E,4k,20260919,402,4,measure,54,chase_random,65536,262144,4595,16006388258279606292,1719612,0,0,21,21,1073610752,1073610752
5,LP-E,4k,20260919,403,4,measure,55,independent_random_bis,1048576,1048576,30608,4071833741475953865,2710464,0,0,21,21,68672768269,68672768269
5,LP-E,4k,20260919,404,4,measure,56,chase_random_double,65536,524288,4573,9239757399149729076,2786295,0,0,21,21,2147221504,2147221504
5,LP-E,4k,20260919,405,4,measure,57,chase_sequential,1048576,262144,88095,15938104714395653327,650281,0,0,21,21,17179738112,17179738112
5,LP-E,4k,20260919,406,4,measure,58,independent_random_bis,65536,1048576,3373,7486007580741037513,1719709,0,0,21,21,4297035238,4297035238
5,LP-E,4k,20260919,407,4,measure,59,chase_sequential,134217728,262144,99338,306357825120048369,692957,0,0,21,21,60400467968,60400467968
5,LP-E,4k,20260919,408,4,measure,60,chase_random,134217728,262144,14736734,980831322133914675,96534629,0,0,21,21,2197599855624,2197599855624
5,LP-E,4k,20260919,409,4,measure,61,independent_random,33554432,1048576,945089,15039124745929814474,31494026,0,0,21,21,2200638024450,2200638024450
5,LP-E,4k,20260919,410,4,measure,62,independent_random_bis,16384,1048576,886,2202318611657847670,1669436,0,0,21,21,1072890193,1072890193
5,LP-E,4k,20260919,411,4,measure,63,independent_random_bis,8192,1048576,816,16461139821440907967,1637588,0,0,21,21,535677415,535677415
5,LP-E,4k,20260919,412,4,measure,64,independent_random_bis,67108864,1048576,6319448,4956764483708474588,32833677,0,0,21,21,4399665503808,4399665503808
5,LP-E,4k,20260919,413,4,measure,65,chase_random_double,16384,524288,1097,8942563271575020199,933023,0,0,21,21,536608768,536608768
5,LP-E,4k,20260919,414,4,measure,66,independent_random_bis,524288,1048576,47443,2674773812586888073,2184299,0,0,21,21,34365851913,34365851913
5,LP-E,4k,20260919,415,4,measure,67,independent_random,1048576,1048576,30328,16997044847273403659,2723745,0,0,21,21,68674170626,68674170626
5,LP-E,4k,20260919,416,4,measure,68,independent_random,268435456,1048576,3449097,5910050185013628665,47549529,0,0,21,21,17606556473069,17606556473069
5,LP-E,4k,20260919,417,4,measure,69,chase_random,2097152,262144,36596,13457972180295839161,24431501,0,0,21,21,34359607296,34359607296
5,LP-E,4k,20260919,418,4,measure,70,independent_random_bis,268435456,1048576,27485753,10836711563503775773,49906394,0,0,21,21,17589146238261,17589146238261
5,LP-E,4k,20260919,419,4,measure,71,chase_random_double,32768,524288,1446,4154107253954218351,1048793,0,0,21,21,1073479680,1073479680
5,LP-E,4k,20260919,420,4,measure,72,chase_sequential,262144,262144,10340,13489006543285303427,468471,0,0,21,21,4294836224,4294836224
5,LP-E,4k,20260919,421,4,measure,73,chase_random_double,1048576,524288,120446,15165870519141105067,12288360,0,0,21,21,34359476224,34359476224
5,LP-E,4k,20260919,422,4,measure,74,independent_random_bis,8388608,1048576,436233,16188139416850961712,27023269,0,0,21,21,549526376849,549526376849
5,LP-E,4k,20260919,423,4,measure,75,independent_random,524288,1048576,57908,1112551511728614030,2527237,0,0,21,21,34364867052,34364867052
5,LP-E,4k,20260919,424,4,measure,76,chase_random_double,262144,524288,25102,4049797044550255262,6407864,0,0,21,21,8589672448,8589672448
5,LP-E,4k,20260919,425,4,measure,77,chase_random,16777216,262144,455334,4780093923783652145,94216793,0,0,21,21,274920467236,274920467236
5,LP-E,4k,20260919,426,4,measure,78,independent_random_bis,131072,1048576,3383,10404929818697834549,1990203,0,0,21,21,8593958193,8593958193
5,LP-E,4k,20260919,427,4,measure,79,chase_random,33554432,262144,1866995,14992325084710636408,99884747,0,0,21,21,550283026180,550283026180
5,LP-E,4k,20260919,428,4,measure,80,chase_random,4194304,262144,424913,11180393975819559693,60983430,0,0,21,21,68719604298,68719604298
5,LP-E,4k,20260919,429,4,measure,81,chase_random_double,33554432,524288,465103,4098243804500257696,202911832,0,0,21,21,1100714390927,1100714390927
5,LP-E,4k,20260919,430,4,measure,82,chase_random_double,131072,524288,11744,8271810565585457858,5021237,0,0,21,21,4294705152,4294705152
5,LP-E,4k,20260919,431,4,measure,83,independent_random,134217728,1048576,14227867,11276625453053160706,40121821,0,0,21,21,8799425927225,8799425927225
5,LP-E,4k,20260919,432,4,measure,84,chase_random_double,268435456,524288,7430471,12261154814194669104,216048209,0,0,21,21,8790106225943,8790106225943
5,LP-E,4k,20260919,433,4,measure,85,chase_sequential,4194304,262144,321042,7351527513181225276,718208,0,0,21,21,87639326720,87639326720
5,LP-E,4k,20260919,434,4,measure,86,chase_random_double,4194304,524288,404535,3943374739071181114,123372897,0,0,21,21,137438691328,137438691328
5,LP-E,4k,20260919,435,5,measure,0,chase_sequential,1048576,262144,107572,701875125003954537,615090,0,0,21,21,17179738112,17179738112
5,LP-E,4k,20260919,436,5,measure,1,independent_random,65536,1048576,3403,14442404187069329060,2102112,0,0,21,21,4291058340,4291058340
5,LP-E,4k,20260919,437,5,measure,2,independent_random,262144,1048576,15089,8901038697954581192,2093691,0,0,21,21,17189701505,17189701505
5,LP-E,4k,20260919,438,5,measure,3,independent_random,33554432,1048576,1276140,2233553734917531251,34192557,0,0,21,21,2195649324240,2195649324240
5,LP-E,4k,20260919,439,5,measure,4,independent_random,32768,1048576,3938,18384999634057017486,1891370,0,0,21,21,2147044328,2147044328
5,LP-E,4k,20260919,440,5,measure,5,chase_random,134217728,262144,3202831,11821645941076010112,108596889,0,0,21,21,2199505992659,2199505992659
5,LP-E,4k,20260919,441,5,measure,6,page_fault_touch,16777216,4096,1979286,9064368799142566440,10139656,192053,4096,21,21,8192,8192
5,LP-E,4k,20260919,442,5,measure,7,chase_sequential,16384,262144,1187,6453046249366702054,425157,0,0,21,21,268304384,268304384
5,LP-E,4k,20260919,443,5,measure,8,chase_random,268435456,262144,18323914,10978052004921610893,114944584,0,0,21,21,4394855447345,4394855447345
5,LP-E,4k,20260919,444,5,measure,9,chase_random,33554432,262144,1229863,2265642437633036969,99913026,0,0,21,21,549099730468,549099730468
5,LP-E,4k,20260919,445,5,measure,10,chase_random,2097152,262144,101465,2556369408830983738,25102011,0,0,21,21,34359607296,34359607296
5,LP-E,4k,20260919,446,5,measure,11,chase_sequential,4194304,262144,235229,2215828790645741709,875449,0,0,21,21,96023478272,96023478272
5,LP-E,4k,20260919,447,5,measure,12,chase_sequential,268435456,262144,29292172,10231544846307410790,706858,0,0,21,21,7713126744064,7713126744064
5,LP-E,4k,20260919,448,5,measure,13,chase_sequential,65536,262144,1866,8859905322681744814,429827,0,0,21,21,1073610752,1073610752
5,LP-E,4k,20260919,449,5,measure,14,independent_random_bis,134217728,1048576,637508,17029921365849717267,39845441,0,0,21,21,8799495318374,8799495318374
5,LP-E,4k,20260919,450,5,measure,15,chase_sequential,8192,262144,211,11976738410591171787,621217,0,0,21,21,134086656,134086656
5,LP-E,4k,20260919,451,5,measure,16,chase_random,1048576,262144,7571,5875398419843687485,9152904,0,0,21,21,17179738112,17179738112
5,LP-E,4k,20260919,452,5,measure,17,chase_random_double,131072,524288,4729,13481015151437288405,4575549,0,0,21,21,4294705152,4294705152
5,LP-E,4k,20260919,453,5,measure,18,chase_sequential,134217728,262144,11988202,6847496350678341158,666637,0,0,21,21,3176994832384,3176994832384
5,LP-E,4k,20260919,454,5,measure,19,chase_random,8388608,262144,606848,9937251411494979090,82587952,0,0,21,21,137518361462,137518361462
5,LP-E,4k,20260919,455,5,measure,20,independent_random_bis,2097152,1048576,123183,230291132767322064,17434070,0,0,21,21,137269155391,137269155391
5,LP-E,4k,20260919,456,5,measure,21,chase_sequential,524288,262144,4525,15449913597084091721,564077,0,0,21,21,8589803520,8589803520
5,LP-E,4k,20260919,457,5,measure,22,chase_random,524288,262144,35666,107786547071646626,5525556,0,0,21,21,8589803520,8589803520
5,LP-E,4k,20260919,458,5,measure,23,chase_random_double,2097152,524288,261824,18179369564561167920,40529284,0,0,21,21,68719214592,68719214592
5,LP-E,4k,20260919,459,5,measure,24,independent_random,67108864,1048576,5441734,16491672197834831812,37005635,0,0,21,21,4397400708029,4397400708029
5,LP-E,4k,20260919,460,5,measure,25,chase_sequential,32768,262144,1117,96617383502424876,435126,0,0,21,21,536739840,536739840
5,LP-E,4k,20260919,461,5,measure,26,chase_random_double,1048576,524288,65489,8592119478939385158,12913782,0,0,21,21,34359476224,34359476224
5,LP-E,4k,20260919,462,5,measure,27,independent_random,4194304,1048576,4739,4201587000148752255,22209295,0,0,21,21,275059786732,275059786732
5,LP-E,4k,20260919,463,5,measure,28,independent_random,8388608,1048576,666417,14246724277951244874,27347408,0,0,21,21,549786853257,549786853257
5,LP-E,4k,20260919,464,5,measure,29,chase_random,131072,262144,16300,5802207526183488074,2450078,0,0,21,21,2147352576,2147352576
5,LP-E,4k,20260919,465,5,measure,30,chase_random_double,65536,524288,4979,208301314252859370,3594873,0,0,21,21,2147221504,2147221504
5,LP-E,4k,20260919,466,5,measure,31,chase_random,32768,262144,125,7665875977270452721,590824,0,0,21,21,536739840,536739840
5,LP-E,4k,20260919,467,5,measure,32,chase_sequential,4096,262144,248,13334209381022508194,615590,0,0,21,21,66977792,66977792
5,LP-E,4k,20260919,468,5,measure,33,independent_random_bis,65536,1048576,4622,15476673754122473734,2064304,0,0,21,21,4294289025,4294289025
5,LP-E,4k,20260919,469,5,measure,34,chase_random,16777216,262144,554786,17244177740843429500,96248733,0,0,21,21,274901763262,274901763262
5,LP-E,4k,20260919,470,5,measure,35,chase_random_double,4096,524288,324,10050985799303124474,1048162,0,0,21,21,133955584,133955584
5,LP-E,4k,20260919,471,5,measure,36,chase_sequential,33554432,262144,1586157,108562821440216591,879553,0,0,21,21,450161147904,450161147904
5,LP-E,4k,20260919,472,5,measure,37,independent_random_bis,32768,1048576,2024,9845065199294688725,1696188,0,0,21,21,2146757590,2146757590
5,LP-E,4k,20260919,473,5,measure,38,chase_random,4194304,262144,215839,7394965084426681356,63274776,0,0,21,21,68651890355,68651890355
5,LP-E,4k,20260919,474,5,measure,39,independent_random_bis,262144,1048576,14039,3838449034203052489,2081064,0,0,21,21,17171105196,17171105196
5,LP-E,4k,20260919,475,5,measure,40,independent_random_bis,16384,1048576,365,15728579998524480971,1851858,0,0,21,21,1073746096,1073746096
5,LP-E,4k,20260919,476,5,measure,41,independent_random,8192,1048576,454,11523426268086662330,1867195,0,0,21,21,536321144,536321144
5,LP-E,4k,20260919,477,5,measure,42,chase_random_double,32768,524288,472,15276806985702038074,1193500,0,0,21,21,1073479680,1073479680
5,LP-E,4k,20260919,478,5,measure,43,chase_random,262144,262144,24768,16496162885834304789,2821934,0,0,21,21,4294836224,4294836224
5,LP-E,4k,20260919,479,5,measure,44,independent_random,16777216,1048576,1068002,1111444071812243972,30201203,0,0,21,21,1099445905475,1099445905475
5,LP-E,4k,20260919,480,5,measure,45,independent_random,16384,1048576,1744,15888688871896800640,1696561,0,0,21,21,1072912083,1072912083
5,LP-E,4k,20260919,481,5,measure,46,chase_sequential,8388608,262144,490862,16834805231134684562,723409,0,0,21,21,163036135424,163036135424
5,LP-E,4k,20260919,482,5,measure,47,independent_random_bis,67108864,1048576,2573164,14506720796426070334,33721805,0,0,21,21,4400426791292,4400426791292
5,LP-E,4k,20260919,483,5,measure,48,page_fault_touch,268435456,65536,8958658,16194657315868611722,168861915,3155323,65536,21,21,131072,131072
5,LP-E,4k,20260919,484,5,measure,49,chase_random_double,8192,524288,21,4146756881304927656,877397,0,0,21,21,268173312,268173312
5,LP-E,4k,20260919,485,5,measure,50,chase_random_double,4194304,524288,451987,10198391502364681009,120450462,0,0,21,21,137438691328,137438691328
5,LP-E,4k,20260919,486,5,measure,51,independent_random,524288,1048576,43524,16737366998829352945,2308416,0,0,21,21,34376865080,34376865080
5,LP-E,4k,20260919,487,5,measure,52,chase_random,4096,262144,431,8327754297707160721,625427,0,0,21,21,66977792,66977792
5,LP-E,4k,20260919,488,5,measure,53,chase_sequential,16777216,262144,137629,15868538297633267305,850279,0,0,21,21,70438223872,70438223872
5,LP-E,4k,20260919,489,5,measure,54,chase_random,8192,262144,801,10322260206125433792,449395,0,0,21,21,134086656,134086656
5,LP-E,4k,20260919,490,5,measure,55,independent_random_bis,268435456,1048576,22999722,13681266946784170607,50544071,0,0,21,21,17577123480384,17577123480384
5,LP-E,4k,20260919,491,5,measure,56,chase_random,67108864,262144,8143860,6185811115441204092,103517829,0,0,21,21,1101068245569,1101068245569
5,LP-E,4k,20260919,492,5,measure,57,chase_random,65536,262144,377,13725620622211850238,1888861,0,0,21,21,1073610752,1073610752
5,LP-E,4k,20260919,493,5,measure,58,chase_sequential,67108864,262144,2017145,3187694689489358248,865486,0,0,21,21,563142066176,563142066176
5,LP-E,4k,20260919,494,5,measure,59,independent_random,131072,1048576,8145,2493082877520922107,1997147,0,0,21,21,8588981031,8588981031
5,LP-E,4k,20260919,495,5,measure,60,chase_sequential,262144,262144,7955,1432697577291233708,642172,0,0,21,21,4294836224,4294836224
5,LP-E,4k,20260919,496,5,measure,61,independent_random,4096,1048576,495,10039948763472292309,1619239,0,0,21,21,267859917,267859917
5,LP-E,4k,20260919,497,5,measure,62,chase_sequential,131072,262144,12761,15664782328692425290,621461,0,0,21,21,2147352576,2147352576
5,LP-E,4k,20260919,498,5,measure,63,chase_sequential,2097152,262144,240697,17198710599614803268,837668,0,0,21,21,34359607296,34359607296
5,LP-E,4k,20260919,499,5,measure,64,chase_random_double,16384,524288,970,941269769043501127,934203,0,0,21,21,536608768,536608768
5,LP-E,4k,20260919,500,5,measure,65,independent_random_bis,33554432,1048576,248695,5978104965047682272,34283285,0,0,21,21,2198743971723,2198743971723
5,LP-E,4k,20260919,501,5,measure,66,independent_random_bis,131072,1048576,1353,3492160946614142293,1990753,0,0,21,21,8581562444,8581562444
5,LP-E,4k,20260919,502,5,measure,67,independent_random,268435456,1048576,19964189,5403770815011125662,49674033,0,0,21,21,17573767443396,17573767443396
5,LP-E,4k,20260919,503,5,measure,68,independent_random,1048576,1048576,19601,3040925677934235522,2795617,0,0,21,21,68722766546,68722766546
5,LP-E,4k,20260919,504,5,measure,69,chase_random_double,268435456,524288,11432212,10479797887019969233,227242568,0,0,21,21,8807659461685,8807659461685
5,LP-E,4k,20260919,505,5,measure,70,chase_random,16384,262144,776,3658000994485504768,471587,0,0,21,21,268304384,268304384
5,LP-E,4k,20260919,506,5,measure,71,independent_random_bis,16777216,1048576,940100,8166507396246285392,30716777,0,0,21,21,1099049289724,1099049289724
5,LP-E,4k,20260919,507,5,measure,72,chase_random_double,67108864,524288,821728,10155411246917030650,209838465,0,0,21,21,2198377490917,2198377490917
5,LP-E,4k,20260919,508,5,measure,73,independent_random_bis,8388608,1048576,186250,3857883419164665248,26917570,0,0,21,21,549943696923,549943696923
5,LP-E,4k,20260919,509,5,measure,74,chase_random_double,33554432,524288,505498,12552704157355298876,201447246,0,0,21,21,1098370143702,1098370143702
5,LP-E,4k,20260919,510,5,measure,75,chase_random_double,16777216,524288,152428,10087676332593446581,185658683,0,0,21,21,550010624647,550010624647
5,LP-E,4k,20260919,511,5,measure,76,chase_random_double,524288,524288,21240,9449753788635843768,8355519,0,0,21,21,17179607040,17179607040
5,LP-E,4k,20260919,512,5,measure,77,independent_random,134217728,1048576,14157520,8472061442864165644,38526160,0,0,21,21,8801676087507,8801676087507
5,LP-E,4k,20260919,513,5,measure,78,chase_random_double,134217728,524288,11320637,2748789180064388182,217038610,0,0,21,21,4399000602981,4399000602981
5,LP-E,4k,20260919,514,5,measure,79,chase_random_double,8388608,524288,41983,836426749469953034,161512312,0,0,21,21,275005008724,275005008724
5,LP-E,4k,20260919,515,5,measure,80,independent_random_bis,1048576,1048576,15544,3062762101357035470,3013136,0,0,21,21,68737271277,68737271277
5,LP-E,4k,20260919,516,5,measure,81,independent_random_bis,8192,1048576,678,8414175381430593227,1942752,0,0,21,21,536268500,536268500
5,LP-E,4k,20260919,517,5,measure,82,independent_random_bis,4096,1048576,442,16559380877460657846,1852879,0,0,21,21,267831978,267831978
5,LP-E,4k,20260919,518,5,measure,83,chase_random_double,262144,524288,32636,1387191894822132557,6836423,0,0,21,21,8589672448,8589672448
5,LP-E,4k,20260919,519,5,measure,84,independent_random_bis,4194304,1048576,151079,15342392359699807798,23818625,0,0,21,21,274866990308,274866990308
5,LP-E,4k,20260919,520,5,measure,85,independent_random,2097152,1048576,175687,1581069592817857292,15482504,0,0,21,21,137341133687,137341133687
5,LP-E,4k,20260919,521,5,measure,86,independent_random_bis,524288,1048576,41162,5390635541618738251,2203463,0,0,21,21,34341052517,34341052517
5,LP-E,4k,20260919,522,6,measure,0,independent_random,16777216,1048576,1819726,7318016383718948804,30485988,0,0,21,21,1099580079381,1099580079381
5,LP-E,4k,20260919,523,6,measure,1,chase_random_double,131072,524288,10522,7610827919064267018,4784371,0,0,21,21,4294705152,4294705152
5,LP-E,4k,20260919,524,6,measure,2,independent_random_bis,16384,1048576,1157,2044614057325578291,1874422,0,0,21,21,1074139123,1074139123
5,LP-E,4k,20260919,525,6,measure,3,independent_random_bis,8192,1048576,933,18269838355317447,1842032,0,0,21,21,536288311,536288311
5,LP-E,4k,20260919,526,6,measure,4,independent_random,134217728,1048576,1310971,16626300543571264562,36821590,0,0,21,21,8807590134101,8807590134101
5,LP-E,4k,20260919,527,6,measure,5,chase_sequential,16777216,262144,1760928,3517624215022730405,720398,0,0,21,21,495976316928,495976316928
5,LP-E,4k,20260919,528,6,measure,6,chase_random,16384,262144,1095,3157427600498596480,494956,0,0,21,21,268304384,268304384
5,LP-E,4k,20260919,529,6,measure,7,independent_random_bis,2097152,1048576,180586,4258165550486438534,15661674,0,0,21,21,137530182960,137530182960
5,LP-E,4k,20260919,530,6,measure,8,chase_random,4096,262144,91,1091275120452795269,458033,0,0,21,21,66977792,66977792
5,LP-E,4k,20260919,531,6,measure,9,chase_random,8192,262144,689,8267713730051165078,453608,0,0,21,21,134086656,134086656
5,LP-E,4k,20260919,532,6,measure,10,chase_random_double,33554432,524288,3211878,8044280207454655465,197489428,0,0,21,21,1099077970565,1099077970565
5,LP-E,4k,20260919,533,6,measure,11,independent_random,65536,1048576,8070,6481518642305031657,1828819,0,0,21,21,4292759272,4292759272
5,LP-E,4k,20260919,534,6,measure,12,chase_random_double,16777216,524288,780475,9759608115947186890,187803944,0,0,21,21,549867410245,549867410245
5,LP-E,4k,20260919,535,6,measure,13,chase_sequential,8192,262144,1005,5778027043184332253,611399,0,0,21,21,134086656,134086656
5,LP-E,4k,20260919,536,6,measure,14,chase_random_double,134217728,524288,823013,11414216227991456555,220344409,0,0,21,21,4398317109691,4398317109691
5,LP-E,4k,20260919,537,6,measure,15,chase_sequential,33554432,262144,1547547,17718402448262278206,737532,0,0,21,21,440039768064,440039768064
5,LP-E,4k,20260919,538,6,measure,16,chase_random,65536,262144,3323,8405480182062116695,1693923,0,0,21,21,1073610752,1073610752
5,LP-E,4k,20260919,539,6,measure,17,independent_random,8388608,1048576,980582,5821512440369450129,27437936,0,0,21,21,550073967654,550073967654
5,LP-E,4k,20260919,540,6,measure,18,chase_random,268435456,262144,31972103,10764961602970620787,115504423,0,0,21,21,4396921530473,4396921530473
5,LP-E,4k,20260919,541,6,measure,19,independent_random_bis,8388608,1048576,294370,6137830994492200983,26877887,0,0,21,21,549809643160,549809643160
5,LP-E,4k,20260919,542,6,measure,20,chase_random,524288,262144,22127,4033630560680897822,5868584,0,0,21,21,8589803520,8589803520
5,LP-E,4k,20260919,543,6,measure,21,independent_random,4194304,1048576,447735,12762279998561332314,23571868,0,0,21,21,275146294391,275146294391
5,LP-E,4k,20260919,544,6,measure,22,page_fault_touch,16777216,4096,1846396,17844623238119572024,10245702,164073,4096,21,21,8192,8192
5,LP-E,4k,20260919,545,6,measure,23,chase_random_double,16384,524288,954,3802059379647086749,939397,0,0,21,21,536608768,536608768
5,LP-E,4k,20260919,546,6,measure,24,chase_random,32768,262144,3617,17730103084097729140,612908,0,0,21,21,536739840,536739840
5,LP-E,4k,20260919,547,6,measure,25,chase_sequential,4194304,262144,98322,13993506108397358804,666140,0,0,21,21,60134129664,60134129664
5,LP-E,4k,20260919,548,6,measure,26,independent_random_bis,268435456,1048576,1156825,4919697941727030744,52204427,0,0,21,21,17585375542139,17585375542139
5,LP-E,4k,20260919,549,6,measure,27,independent_random,67108864,1048576,137563,3013627804291775574,37528167,0,0,21,21,4394936456332,4394936456332
5,LP-E,4k,20260919,550,6,measure,28,independent_random_bis,32768,1048576,3436,3452156411253260435,1885418,0,0,21,21,2145369359,2145369359
5,LP-E,4k,20260919,551,6,measure,29,independent_random_bis,4194304,1048576,369486,9377142866223596728,24001609,0,0,21,21,274438847162,274438847162
5,LP-E,4k,20260919,552,6,measure,30,chase_sequential,65536,262144,4702,14357940175771761655,438950,0,0,21,21,1073610752,1073610752
5,LP-E,4k,20260919,553,6,measure,31,independent_random,524288,1048576,25025,13262436290782814524,2434447,0,0,21,21,34353266636,34353266636
5,LP-E,4k,20260919,554,6,measure,32,chase_sequential,32768,262144,2449,1424667718293007578,429221,0,0,21,21,536739840,536739840
5,LP-E,4k,20260919,555,6,measure,33,chase_sequential,8388608,262144,684717,1916537823909553717,861711,0,0,21,21,213854060544,213854060544
5,LP-E,4k,20260919,556,6,measure,34,chase_random,131072,262144,12316,11211759496723619704,2905409,0,0,21,21,2147352576,2147352576
5,LP-E,4k,20260919,557,6,measure,35,independent_random_bis,262144,1048576,3716,7867047999742014223,2116913,0,0,21,21,17177193249,17177193249
5,LP-E,4k,20260919,558,6,measure,36,chase_random,16777216,262144,1965660,17552605878678287979,93826144,0,0,21,21,275004256135,275004256135
5,LP-E,4k,20260919,559,6,measure,37,independent_random,262144,1048576,8668,17121420645360213309,2291611,0,0,21,21,17175723423,17175723423
5,LP-E,4k,20260919,560,6,measure,38,chase_random,33554432,262144,818256,13839774578921419063,100632706,0,0,21,21,550084126737,550084126737
5,LP-E,4k,20260919,561,6,measure,39,chase_random_double,1048576,524288,40400,14803667113619179222,12302309,0,0,21,21,34359476224,34359476224
5,LP-E,4k,20260919,562,6,measure,40,chase_sequential,268435456,262144,11686072,11286422493626667001,793709,0,0,21,21,3097793265664,3097793265664
5,LP-E,4k,20260919,563,6,measure,41,chase_sequential,16384,262144,429,4770960706321453106,425982,0,0,21,21,268304384,268304384
5,LP-E,4k,20260919,564,6,measure,42,chase_random_double,268435456,524288,17984938,6854181524340133798,227890680,0,0,21,21,8798217523672,8798217523672
5,LP-E,4k,20260919,565,6,measure,43,independent_random,268435456,1048576,26040995,6890543619997591460,51433397,0,0,21,21,17591999360852,17591999360852
5,LP-E,4k,20260919,566,6,measure,44,independent_random,32768,1048576,1906,17743306016179045426,1688442,0,0,21,21,2146161738,2146161738
5,LP-E,4k,20260919,567,6,measure,45,chase_random,1048576,262144,125233,16125406098192720138,8902583,0,0,21,21,17179738112,17179738112
5,LP-E,4k,20260919,568,6,measure,46,independent_random,8192,1048576,309,11438471685605298809,2041012,0,0,21,21,536331877,536331877
5,LP-E,4k,20260919,569,6,measure,47,chase_random,4194304,262144,11166,11033411393497742720,62436949,0,0,21,21,68556493751,68556493751
5,LP-E,4k,20260919,570,6,measure,48,chase_sequential,67108864,262144,5366327,9380798877402978843,633618,0,0,21,21,1441110032384,1441110032384
5,LP-E,4k,20260919,571,6,measure,49,chase_sequential,524288,262144,28010,15180897641855305994,682008,0,0,21,21,8589803520,8589803520
5,LP-E,4k,20260919,572,6,measure,50,independent_random_bis,134217728,1048576,10923283,13564209656768613745,39309633,0,0,21,21,8797106333031,8797106333031
5,LP-E,4k,20260919,573,6,measure,51,chase_sequential,1048576,262144,11316,12790636963715162326,650434,0,0,21,21,17179738112,17179738112
5,LP-E,4k,20260919,574,6,measure,52,chase_random,67108864,262144,5691071,4135730584554533413,105277295,0,0,21,21,1099612931902,1099612931902
5,LP-E,4k,20260919,575,6,measure,53,chase_random_double,65536,524288,7446,8667117701967688429,3510416,0,0,21,21,2147221504,2147221504
5,LP-E,4k,20260919,576,6,measure,54,chase_random,2097152,262144,10241,6369414485162495836,23893663,0,0,21,21,34359607296,34359607296
5,LP-E,4k,20260919,577,6,measure,55,independent_random_bis,131072,1048576,5662,516166717705091606,1812431,0,0,21,21,8591223941,8591223941
5,LP-E,4k,20260919,578,6,measure,56,chase_random_double,32768,524288,1644,2385348398124205117,1022175,0,0,21,21,1073479680,1073479680
5,LP-E,4k,20260919,579,6,measure,57,independent_random_bis,1048576,1048576,12225,17143654172748050505,2755041,0,0,21,21,68737191390,68737191390
5,LP-E,4k,20260919,580,6,measure,58,independent_random_bis,67108864,1048576,1801184,13375570436576275185,36819547,0,0,21,21,4399559142411,4399559142411
5,LP-E,4k,20260919,581,6,measure,59,chase_random_double,4096,524288,405,4608272741052899302,900291,0,0,21,21,133955584,133955584
5,LP-E,4k,20260919,582,6,measure,60,chase_random_double,67108864,524288,575146,8205535111720445621,207071173,0,0,21,21,2198749034422,2198749034422
5,LP-E,4k,20260919,583,6,measure,61,independent_random,4096,1048576,379,12929230839384820276,1853233,0,0,21,21,267701250,267701250
5,LP-E,4k,20260919,584,6,measure,62,chase_sequential,2097152,262144,44306,14048520443818500629,722530,0,0,21,21,34359607296,34359607296
5,LP-E,4k,20260919,585,6,measure,63,independent_random_bis,65536,1048576,3408,11608672248623359515,2145612,0,0,21,21,4291769406,4291769406
5,LP-E,4k,20260919,586,6,measure,64,independent_random_bis,33554432,1048576,520336,5464014773869290458,33049185,0,0,21,21,2199638030103,2199638030103
5,LP-E,4k,20260919,587,6,measure,65,chase_random_double,524288,524288,48878,2171128453824220760,8386755,0,0,21,21,17179607040,17179607040
5,LP-E,4k,20260919,588,6,measure,66,chase_sequential,131072,262144,16241,8888975018703372718,625395,0,0,21,21,2147352576,2147352576
5,LP-E,4k,20260919,589,6,measure,67,page_fault_touch,268435456,65536,632780,5374902518635813313,167445582,3098905,65536,21,21,131072,131072
5,LP-E,4k,20260919,590,6,measure,68,independent_random,1048576,1048576,58702,10749256263806756785,2869369,0,0,21,21,68669168998,68669168998
5,LP-E,4k,20260919,591,6,measure,69,independent_random,16384,1048576,168,8661452508757332034,1872845,0,0,21,21,1073240958,1073240958
5,LP-E,4k,20260919,592,6,measure,70,chase_random,134217728,262144,3988915,3983970613610124825,104765420,0,0,21,21,2200002753570,2200002753570
5,LP-E,4k,20260919,593,6,measure,71,independent_random_bis,4096,1048576,86,16243206203225287833,2027696,0,0,21,21,268030510,268030510
5,LP-E,4k,20260919,594,6,measure,72,chase_random_double,4194304,524288,15336,9993605001767479673,123476786,0,0,21,21,137438691328,137438691328
5,LP-E,4k,20260919,595,6,measure,73,chase_random_double,8388608,524288,444675,9953393081834586956,166226870,0,0,21,21,274920652347,274920652347
5,LP-E,4k,20260919,596,6,measure,74,chase_sequential,134217728,262144,2248758,8272644305683623426,901479,0,0,21,21,623858024448,623858024448
5,LP-E,4k,20260919,597,6,measure,75,independent_random,2097152,1048576,203838,4684357469190938051,17143156,0,0,21,21,137412324334,137412324334
5,LP-E,4k,20260919,598,6,measure,76,chase_random_double,8192,524288,10,7851795155789323067,894408,0,0,21,21,268173312,268173312
5,LP-E,4k,20260919,599,6,measure,77,chase_random,262144,262144,3305,15766279282678643226,3855487,0,0,21,21,4294836224,4294836224
5,LP-E,4k,20260919,600,6,measure,78,chase_random,8388608,262144,680931,12971259515403115136,82529914,0,0,21,21,137395164495,137395164495
5,LP-E,4k,20260919,601,6,measure,79,independent_random_bis,524288,1048576,60365,9219641112808784766,2510408,0,0,21,21,34342226497,34342226497
5,LP-E,4k,20260919,602,6,measure,80,chase_random_double,262144,524288,24411,3347449351217932752,6316819,0,0,21,21,8589672448,8589672448
5,LP-E,4k,20260919,603,6,measure,81,chase_random_double,2097152,524288,108601,9791704027744047409,42127865,0,0,21,21,68719214592,68719214592
5,LP-E,4k,20260919,604,6,measure,82,chase_sequential,4096,262144,64,6522155617917830511,616619,0,0,21,21,66977792,66977792
5,LP-E,4k,20260919,605,6,measure,83,independent_random,33554432,1048576,2565836,12397099954006163246,34928964,0,0,21,21,2199551311047,2199551311047
5,LP-E,4k,20260919,606,6,measure,84,independent_random,131072,1048576,7928,15702957515438276402,2224905,0,0,21,21,8590905751,8590905751
5,LP-E,4k,20260919,607,6,measure,85,independent_random_bis,16777216,1048576,955311,12269680658308001868,31030002,0,0,21,21,1098616447071,1098616447071
5,LP-E,4k,20260919,608,6,measure,86,chase_sequential,262144,262144,3528,15138095944472824195,709268,0,0,21,21,4294836224,4294836224
5,LP-E,4k,20260919,609,7,measure,0,chase_random_double,268435456,524288,10728032,14059398247076046518,231036105,0,0,21,21,8788832986031,8788832986031
5,LP-E,4k,20260919,610,7,measure,1,independent_random_bis,4096,1048576,179,168629464476219521,1670614,0,0,21,21,267866991,267866991
5,LP-E,4k,20260919,611,7,measure,2,independent_random_bis,1048576,1048576,98791,3378553160366369823,3244194,0,0,21,21,68643354393,68643354393
5,LP-E,4k,20260919,612,7,measure,3,independent_random_bis,524288,1048576,18776,18110493567505083395,2551557,0,0,21,21,34380262545,34380262545
5,LP-E,4k,20260919,613,7,measure,4,chase_random,16384,262144,198,4281486998960770330,515659,0,0,21,21,268304384,268304384
5,LP-E,4k,20260919,614,7,measure,5,chase_sequential,524288,262144,60511,3844730430524873170,520344,0,0,21,21,8589803520,8589803520
5,LP-E,4k,20260919,615,7,measure,6,chase_sequential,67108864,262144,1062894,9396486037510716030,644392,0,0,21,21,312990892032,312990892032
5,LP-E,4k,20260919,616,7,measure,7,chase_sequential,131072,262144,6724,1110846220429076855,436523,0,0,21,21,2147352576,2147352576
5,LP-E,4k,20260919,617,7,measure,8,independent_random,2097152,1048576,71707,9440679971345038656,17143781,0,0,21,21,137353753201,137353753201
5,LP-E,4k,20260919,618,7,measure,9,independent_random,32768,1048576,824,10214058987061304919,1861242,0,0,21,21,2146636232,2146636232
5,LP-E,4k,20260919,619,7,measure,10,chase_sequential,8388608,262144,100871,14846931475630780622,869341,0,0,21,21,60802334720,60802334720
5,LP-E,4k,20260919,620,7,measure,11,chase_sequential,262144,262144,5488,1133302958698617592,650802,0,0,21,21,4294836224,4294836224
5,LP-E,4k,20260919,621,7,measure,12,independent_random,16777216,1048576,1303074,11635213593998080372,30231652,0,0,21,21,1099014080155,1099014080155
5,LP-E,4k,20260919,622,7,measure,13,chase_random_double,32768,524288,151,11480848724142740152,1036472,0,0,21,21,1073479680,1073479680
5,LP-E,4k,20260919,623,7,measure,14,chase_sequential,16777216,262144,2028749,10561615736262480677,702140,0,0,21,21,159879659520,159879659520
5,LP-E,4k,20260919,624,7,measure,15,chase_sequential,4096,262144,141,16192041763353470945,423321,0,0,21,21,66977792,66977792
5,LP-E,4k,20260919,625,7,measure,16,chase_random,8388608,262144,1018876,18293491435205395530,77178443,0,0,21,21,137458666996,137458666996
5,LP-E,4k,20260919,626,7,measure,17,chase_random,131072,262144,1055,16340493746597763654,2263717,0,0,21,21,2147352576,2147352576
5,LP-E,4k,20260919,627,7,measure,18,independent_random,16384,1048576,1177,15589088389277978462,1674463,0,0,21,21,1073226778,1073226778
5,LP-E,4k,20260919,628,7,measure,19,chase_random,262144,262144,8145,9878327651704260028,3593017,0,0,21,21,4294836224,4294836224
5,LP-E,4k,20260919,629,7,measure,20,chase_sequential,33554432,262144,1159337,12975465086773802551,837696,0,0,21,21,338272845824,338272845824
5,LP-E,4k,20260919,630,7,measure,21,chase_sequential,32768,262144,645,14931240497530117392,427928,0,0,21,21,536739840,536739840
5,LP-E,4k,20260919,631,7,measure,22,chase_sequential,65536,262144,2601,16734958152216467490,633722,0,0,21,21,1073610752,1073610752
5,LP-E,4k,20260919,632,7,measure,23,independent_random_bis,8388608,1048576,409605,14574238702245070713,26209701,0,0,21,21,549583555372,549583555372
5,LP-E,4k,20260919,633,7,measure,24,independent_random,134217728,1048576,1029061,14262718886544997291,40029860,0,0,21,21,8792899767585,8792899767585
5,LP-E,4k,20260919,634,7,measure,25,chase_random,67108864,262144,6509018,10861339901476160870,105629532,0,0,21,21,1099747617021,1099747617021
5,LP-E,4k,20260919,635,7,measure,26,chase_random_double,262144,524288,13041,14625532051346941528,6352275,0,0,21,21,8589672448,8589672448
5,LP-E,4k,20260919,636,7,measure,27,independent_random_bis,65536,1048576,2213,2105686898927538696,2114232,0,0,21,21,4295401934,4295401934
5,LP-E,4k,20260919,637,7,measure,28,independent_random_bis,8192,1048576,119,4028831072382744422,1853613,0,0,21,21,536512660,536512660
5,LP-E,4k,20260919,638,7,measure,29,chase_random_double,8388608,524288,863480,4779529548520787289,164799087,0,0,21,21,275086603737,275086603737
5,LP-E,4k,20260919,639,7,measure,30,independent_random_bis,131072,1048576,14081,14242932443037304797,2091543,0,0,21,21,8585521609,8585521609
5,LP-E,4k,20260919,640,7,measure,31,independent_random_bis,4194304,1048576,475119,11398198447526400734,23295337,0,0,21,21,274911841374,274911841374
5,LP-E,4k,20260919,641,7,measure,32,chase_random,524288,262144,30848,13296346246461115780,5933008,0,0,21,21,8589803520,8589803520
5,LP-E,4k,20260919,642,7,measure,33,chase_random_double,16384,524288,1268,5428801995487419234,1108910,0,0,21,21,536608768,536608768
5,LP-E,4k,20260919,643,7,measure,34,chase_sequential,16384,262144,868,12738355835285306995,619751,0,0,21,21,268304384,268304384
5,LP-E,4k,20260919,644,7,measure,35,chase_random_double,131072,524288,2149,14038960077596983455,4406215,0,0,21,21,4294705152,4294705152
5,LP-E,4k,20260919,645,7,measure,36,page_fault_touch,268435456,65536,23734672,6255408141425514013,167107551,3155228,65536,21,21,131072,131072
5,LP-E,4k,20260919,646,7,measure,37,chase_sequential,1048576,262144,76557,14034218789411525736,609963,0,0,21,21,17179738112,17179738112
5,LP-E,4k,20260919,647,7,measure,38,independent_random_bis,33554432,1048576,480205,15323369717372936390,34481640,0,0,21,21,2199621701513,2199621701513
5,LP-E,4k,20260919,648,7,measure,39,independent_random_bis,268435456,1048576,16254109,18319445649884539685,49365721,0,0,21,21,17606965930966,17606965930966
5,LP-E,4k,20260919,649,7,measure,40,independent_random,8192,1048576,877,13758423987898223477,1856233,0,0,21,21,536729694,536729694
5,LP-E,4k,20260919,650,7,measure,41,independent_random_bis,262144,1048576,5336,11042607393873877032,2310580,0,0,21,21,17174043142,17174043142
5,LP-E,4k,20260919,651,7,measure,42,chase_random_double,2097152,524288,233005,480872677732571114,44802915,0,0,21,21,68719214592,68719214592
5,LP-E,4k,20260919,652,7,measure,43,chase_sequential,268435456,262144,5250076,15887759947387239160,886039,0,0,21,21,1410635530240,1410635530240
5,LP-E,4k,20260919,653,7,measure,44,chase_random,65536,262144,1801,14843493316109738994,2030375,0,0,21,21,1073610752,1073610752
5,LP-E,4k,20260919,654,7,measure,45,chase_random_double,524288,524288,53891,10460735014435323425,9045925,0,0,21,21,17179607040,17179607040
5,LP-E,4k,20260919,655,7,measure,46,independent_random,8388608,1048576,733997,17344810420302857778,27288652,0,0,21,21,549671904390,549671904390
5,LP-E,4k,20260919,656,7,measure,47,independent_random_bis,2097152,1048576,337,15848367102396078494,16449070,0,0,21,21,137551250642,137551250642
5,LP-E,4k,20260919,657,7,measure,48,chase_random,16777216,262144,540181,1891625244460689394,90362274,0,0,21,21,275044455039,275044455039
5,LP-E,4k,20260919,658,7,measure,49,independent_random_bis,32768,1048576,1184,5439746787720750808,1690884,0,0,21,21,2146823152,2146823152
5,LP-E,4k,20260919,659,7,measure,50,chase_sequential,134217728,262144,59516,14091680293606106295,694839,0,0,21,21,49961369600,49961369600
5,LP-E,4k,20260919,660,7,measure,51,chase_sequential,4194304,262144,241252,7271881855455910275,715548,0,0,21,21,97602371584,97602371584
5,LP-E,4k,20260919,661,7,measure,52,chase_random_double,134217728,524288,3555919,2543755731906548049,211710859,0,0,21,21,4386249563072,4386249563072
5,LP-E,4k,20260919,662,7,measure,53,chase_random_double,67108864,524288,5568677,8003142125644748349,207699341,0,0,21,21,2199516340198,2199516340198
5,LP-E,4k,20260919,663,7,measure,54,independent_random_bis,134217728,1048576,97507,12028544252846995225,37856545,0,0,21,21,8806880072711,8806880072711
5,LP-E,4k,20260919,664,7,measure,55,independent_random_bis,16384,1048576,1958,10595454268476721117,1864729,0,0,21,21,1072591024,1072591024
5,LP-E,4k,20260919,665,7,measure,56,chase_random_double,16777216,524288,1728478,4531831210899955123,183583627,0,0,21,21,549856135298,549856135298
5,LP-E,4k,20260919,666,7,measure,57,chase_random_double,33554432,524288,179546,6774903723733313344,198137011,0,0,21,21,1098273022648,1098273022648
5,LP-E,4k,20260919,667,7,measure,58,chase_random_double,4096,524288,464,13539471495467168029,869858,0,0,21,21,133955584,133955584
5,LP-E,4k,20260919,668,7,measure,59,independent_random_bis,16777216,1048576,561511,17086532536995605256,31876212,0,0,21,21,1099267398938,1099267398938
5,LP-E,4k,20260919,669,7,measure,60,page_fault_touch,16777216,4096,946323,4024631888270426217,10215862,372573,4096,21,21,8192,8192
5,LP-E,4k,20260919,670,7,measure,61,independent_random,268435456,1048576,5564825,13486773008478159071,51629486,0,0,21,21,17596770433516,17596770433516
5,LP-E,4k,20260919,671,7,measure,62,independent_random_bis,67108864,1048576,4220933,4139261676656268048,37342368,0,0,21,21,4397575105112,4397575105112
5,LP-E,4k,20260919,672,7,measure,63,independent_random,33554432,1048576,3890716,3231368000180440390,33705467,0,0,21,21,2200010825523,2200010825523
5,LP-E,4k,20260919,673,7,measure,64,chase_random,2097152,262144,61874,17278156790717062385,23960245,0,0,21,21,34359607296,34359607296
5,LP-E,4k,20260919,674,7,measure,65,independent_random,131072,1048576,13731,16014090325431827892,2047076,0,0,21,21,8589938998,8589938998
5,LP-E,4k,20260919,675,7,measure,66,independent_random,65536,1048576,1925,5210940483163271231,1940211,0,0,21,21,4294641216,4294641216
5,LP-E,4k,20260919,676,7,measure,67,chase_sequential,8192,262144,435,8140220711658895254,425008,0,0,21,21,134086656,134086656
5,LP-E,4k,20260919,677,7,measure,68,chase_sequential,2097152,262144,220843,802227402486433466,642214,0,0,21,21,34359607296,34359607296
5,LP-E,4k,20260919,678,7,measure,69,chase_random,4194304,262144,102109,6719198170434293268,62882260,0,0,21,21,68624145509,68624145509
5,LP-E,4k,20260919,679,7,measure,70,chase_random,1048576,262144,6204,1724492637207508599,9034126,0,0,21,21,17179738112,17179738112
5,LP-E,4k,20260919,680,7,measure,71,chase_random,4096,262144,467,11497088592684488822,438681,0,0,21,21,66977792,66977792
5,LP-E,4k,20260919,681,7,measure,72,chase_random_double,65536,524288,136,10145732524040170202,3556113,0,0,21,21,2147221504,2147221504
5,LP-E,4k,20260919,682,7,measure,73,chase_random_double,1048576,524288,49648,15161220456895357360,6673925,0,0,21,21,34359476224,34359476224
5,LP-E,4k,20260919,683,7,measure,74,independent_random,67108864,1048576,6030021,646166853381118064,36995167,0,0,21,21,4399030282419,4399030282419
5,LP-E,4k,20260919,684,7,measure,75,independent_random,4096,1048576,429,18155323394755052651,1658855,0,0,21,21,267480587,267480587
5,LP-E,4k,20260919,685,7,measure,76,independent_random,1048576,1048576,44289,1373737213108881491,3081313,0,0,21,21,68660668720,68660668720
5,LP-E,4k,20260919,686,7,measure,77,chase_random,33554432,262144,1375371,15389374340106675969,100241441,0,0,21,21,549627379081,549627379081
5,LP-E,4k,20260919,687,7,measure,78,independent_random,4194304,1048576,411586,4136864175854540900,23527178,0,0,21,21,274951588798,274951588798
5,LP-E,4k,20260919,688,7,measure,79,chase_random_double,8192,524288,214,18294495813629362171,1070904,0,0,21,21,268173312,268173312
5,LP-E,4k,20260919,689,7,measure,80,chase_random,134217728,262144,14138532,11940365579353760776,107969195,0,0,21,21,2200389641856,2200389641856
5,LP-E,4k,20260919,690,7,measure,81,chase_random_double,4194304,524288,395038,4534197357060576575,121561866,0,0,21,21,137438691328,137438691328
5,LP-E,4k,20260919,691,7,measure,82,chase_random,268435456,262144,3331459,279098571913050745,113269158,0,0,21,21,4402566486435,4402566486435
5,LP-E,4k,20260919,692,7,measure,83,independent_random,262144,1048576,20788,16884647449533476109,2119940,0,0,21,21,17176832563,17176832563
5,LP-E,4k,20260919,693,7,measure,84,independent_random,524288,1048576,20801,11387281792095717257,2603061,0,0,21,21,34380339365,34380339365
5,LP-E,4k,20260919,694,7,measure,85,chase_random,32768,262144,1525,8390675915350967829,594147,0,0,21,21,536739840,536739840
5,LP-E,4k,20260919,695,7,measure,86,chase_random,8192,262144,280,14312455229263495394,636721,0,0,21,21,134086656,134086656
5,LP-E,4k,20260919,696,8,measure,0,independent_random_bis,2097152,1048576,102341,1979071889577288905,17336967,0,0,21,21,137448280582,137448280582
5,LP-E,4k,20260919,697,8,measure,1,chase_random_double,8192,524288,364,10911694178496070193,1073709,0,0,21,21,268173312,268173312
5,LP-E,4k,20260919,698,8,measure,2,chase_random,65536,262144,3171,3586668121668292676,2102055,0,0,21,21,1073610752,1073610752
5,LP-E,4k,20260919,699,8,measure,3,chase_random,32768,262144,3005,11741732570659291092,553933,0,0,21,21,536739840,536739840
5,LP-E,4k,20260919,700,8,measure,4,independent_random_bis,16777216,1048576,516697,6117101946748217625,31206779,0,0,21,21,1098737056979,1098737056979
5,LP-E,4k,20260919,701,8,measure,5,chase_random_double,4194304,524288,378323,15780936876472373367,123389668,0,0,21,21,137438691328,137438691328
5,LP-E,4k,20260919,702,8,measure,6,chase_sequential,262144,262144,10812,6706503052128338180,465418,0,0,21,21,4294836224,4294836224
5,LP-E,4k,20260919,703,8,measure,7,chase_sequential,67108864,262144,8205539,13534066035173659672,685282,0,0,21,21,1522063245312,1522063245312
5,LP-E,4k,20260919,704,8,measure,8,independent_random_bis,33554432,1048576,1672359,4176108265433143387,34819631,0,0,21,21,2199851030477,2199851030477
5,LP-E,4k,20260919,705,8,measure,9,independent_random_bis,8388608,1048576,252220,18148133341090958267,27160563,0,0,21,21,549672780584,549672780584
5,LP-E,4k,20260919,706,8,measure,10,chase_random_double,2097152,524288,85345,14424609329584115037,42049575,0,0,21,21,68719214592,68719214592
5,LP-E,4k,20260919,707,8,measure,11,independent_random,8192,1048576,565,11708301508085951108,2031642,0,0,21,21,536232814,536232814
5,LP-E,4k,20260919,708,8,measure,12,chase_sequential,1048576,262144,107318,18433291223983822516,689415,0,0,21,21,17179738112,17179738112
5,LP-E,4k,20260919,709,8,measure,13,chase_sequential,134217728,262144,8114291,3069658965999475054,713928,0,0,21,21,2161472307200,2161472307200
5,LP-E,4k,20260919,710,8,measure,14,independent_random_bis,67108864,1048576,5942712,7792943138272363814,36720322,0,0,21,21,4395039807562,4395039807562
5,LP-E,4k,20260919,711,8,measure,15,chase_random_double,268435456,524288,6414864,9650163727073544025,219582934,0,0,21,21,8801339002105,8801339002105
5,LP-E,4k,20260919,712,8,measure,16,independent_random_bis,268435456,1048576,26850311,7165061287664258276,48026526,0,0,21,21,17596243677363,17596243677363
5,LP-E,4k,20260919,713,8,measure,17,independent_random_bis,262144,1048576,29458,2881365081225046306,1943554,0,0,21,21,17164786913,17164786913
5,LP-E,4k,20260919,714,8,measure,18,chase_random,4096,262144,202,441591300599263190,438319,0,0,21,21,66977792,66977792
5,LP-E,4k,20260919,715,8,measure,19,chase_sequential,8388608,262144,1035470,7935918257725178938,706551,0,0,21,21,44666585088,44666585088
5,LP-E,4k,20260919,716,8,measure,20,chase_sequential,2097152,262144,100565,5370544915218631176,713200,0,0,21,21,34359607296,34359607296
5,LP-E,4k,20260919,717,8,measure,21,chase_random,8192,262144,770,14703820864386917363,465984,0,0,21,21,134086656,134086656
5,LP-E,4k,20260919,718,8,measure,22,independent_random,33554432,1048576,3400928,13717399712425973230,35146314,0,0,21,21,2199960295927,2199960295927
5,LP-E,4k,20260919,719,8,measure,23,chase_sequential,8192,262144,359,524322461908929572,623808,0,0,21,21,134086656,134086656
5,LP-E,4k,20260919,720,8,measure,24,independent_random_bis,16384,1048576,996,12230400430284318271,1863366,0,0,21,21,1072998679,1072998679
5,LP-E,4k,20260919,721,8,measure,25,chase_random_double,8388608,524288,858060,354996682619730158,162546475,0,0,21,21,274790165388,274790165388
5,LP-E,4k,20260919,722,8,measure,26,independent_random_bis,8192,1048576,98,6039449573567974566,2027740,0,0,21,21,536285547,536285547
5,LP-E,4k,20260919,723,8,measure,27,chase_sequential,524288,262144,56429,8283636051865123427,683359,0,0,21,21,8589803520,8589803520
5,LP-E,4k,20260919,724,8,measure,28,chase_sequential,268435456,262144,4129795,7022394258647720743,654781,0,0,21,21,1116960587776,1116960587776
5,LP-E,4k,20260919,725,8,measure,29,independent_random,4194304,1048576,340153,11645524919805622232,23710189,0,0,21,21,274980224867,274980224867
5,LP-E,4k,20260919,726,8,measure,30,chase_random,2097152,262144,64813,13283279279426543454,24158139,0,0,21,21,34359607296,34359607296
5,LP-E,4k,20260919,727,8,measure,31,chase_sequential,131072,262144,5705,10276971541115760937,637679,0,0,21,21,2147352576,2147352576
5,LP-E,4k,20260919,728,8,measure,32,chase_random,67108864,262144,5748807,4209091061022475039,104287094,0,0,21,21,1099913916906,1099913916906
5,LP-E,4k,20260919,729,8,measure,33,chase_random_double,4096,524288,484,14009516824400663679,872314,0,0,21,21,133955584,133955584
5,LP-E,4k,20260919,730,8,measure,34,chase_sequential,65536,262144,6245,18042094482162973689,452925,0,0,21,21,1073610752,1073610752
5,LP-E,4k,20260919,731,8,measure,35,independent_random,2097152,1048576,24716,9477136939269689994,17486019,0,0,21,21,137563781704,137563781704
5,LP-E,4k,20260919,732,8,measure,36,chase_sequential,33554432,262144,1910409,7719075202287817481,736727,0,0,21,21,535161864192,535161864192
5,LP-E,4k,20260919,733,8,measure,37,chase_random_double,16777216,524288,1138953,14974265134493436734,190451905,0,0,21,21,549494302487,549494302487
5,LP-E,4k,20260919,734,8,measure,38,chase_random,262144,262144,6422,3565348373829767767,3893207,0,0,21,21,4294836224,4294836224
5,LP-E,4k,20260919,735,8,measure,39,chase_random,131072,262144,10902,4203044033878542938,2999074,0,0,21,21,2147352576,2147352576
5,LP-E,4k,20260919,736,8,measure,40,chase_random,16384,262144,978,5558009774728941171,687597,0,0,21,21,268304384,268304384
5,LP-E,4k,20260919,737,8,measure,41,chase_random,4194304,262144,108343,6715039125420522847,61924798,0,0,21,21,68697316424,68697316424
5,LP-E,4k,20260919,738,8,measure,42,chase_random_double,134217728,524288,9326288,13039300064061640116,200943666,0,0,21,21,4398219075494,4398219075494
5,LP-E,4k,20260919,739,8,measure,43,chase_random,524288,262144,25997,4083134706188799120,5609423,0,0,21,21,8589803520,8589803520
5,LP-E,4k,20260919,740,8,measure,44,chase_random_double,32768,524288,1023,2018309142380323910,1017824,0,0,21,21,1073479680,1073479680
5,LP-E,4k,20260919,741,8,measure,45,chase_random,268435456,262144,16610858,10347525990539769983,113528339,0,0,21,21,4389271549690,4389271549690
5,LP-E,4k,20260919,742,8,measure,46,independent_random_bis,65536,1048576,5519,17566880242186819650,1756694,0,0,21,21,4296145895,4296145895
5,LP-E,4k,20260919,743,8,measure,47,independent_random_bis,524288,1048576,57240,8675287725779676056,2497996,0,0,21,21,34342137842,34342137842
5,LP-E,4k,20260919,744,8,measure,48,chase_random,16777216,262144,1930160,16871032687696279175,92604307,0,0,21,21,275176781344,275176781344
5,LP-E,4k,20260919,745,8,measure,49,chase_random,1048576,262144,104985,16106893462053871683,8627923,0,0,21,21,17179738112,17179738112
5,LP-E,4k,20260919,746,8,measure,50,chase_sequential,4194304,262144,315021,3093028314087436686,639297,0,0,21,21,89217695744,89217695744
5,LP-E,4k,20260919,747,8,measure,51,independent_random,16777216,1048576,914397,8394544478689328693,31063974,0,0,21,21,1099095945818,1099095945818
5,LP-E,4k,20260919,748,8,measure,52,independent_random_bis,4096,1048576,122,3231626359644912013,1855434,0,0,21,21,267914021,267914021
5,LP-E,4k,20260919,749,8,measure,53,chase_sequential,4096,262144,353,9277434757621543430,424373,0,0,21,21,66977792,66977792
5,LP-E,4k,20260919,750,8,measure,54,independent_random,524288,1048576,57876,10683000008360751632,2186835,0,0,21,21,34317354968,34317354968
5,LP-E,4k,20260919,751,8,measure,55,independent_random,262144,1048576,13225,16372615250776596403,2275323,0,0,21,21,17186476149,17186476149
5,LP-E,4k,20260919,752,8,measure,56,independent_random_bis,131072,1048576,4356,1840381329605969634,2002009,0,0,21,21,8591189764,8591189764
5,LP-E,4k,20260919,753,8,measure,57,independent_random,131072,1048576,2780,895267789907446926,2058908,0,0,21,21,8576155946,8576155946
5,LP-E,4k,20260919,754,8,measure,58,chase_random_double,131072,524288,7444,6265661275079584549,4041497,0,0,21,21,4294705152,4294705152
5,LP-E,4k,20260919,755,8,measure,59,independent_random_bis,32768,1048576,3860,15397535975364374976,1872735,0,0,21,21,2145699194,2145699194
5,LP-E,4k,20260919,756,8,measure,60,independent_random,65536,1048576,1694,2966050403776672577,1929216,0,0,21,21,4297049879,4297049879
5,LP-E,4k,20260919,757,8,measure,61,independent_random_bis,1048576,1048576,20241,4936059459654261060,2793490,0,0,21,21,68775644489,68775644489
5,LP-E,4k,20260919,758,8,measure,62,independent_random,4096,1048576,433,6234322472138295892,1835657,0,0,21,21,268026811,268026811
5,LP-E,4k,20260919,759,8,measure,63,page_fault_touch,16777216,4096,1657706,10192442848172114055,9757433,184715,4096,21,21,8192,8192
5,LP-E,4k,20260919,760,8,measure,64,chase_random_double,524288,524288,13957,4827928598486331537,8214820,0,0,21,21,17179607040,17179607040
5,LP-E,4k,20260919,761,8,measure,65,independent_random,32768,1048576,1449,12409096982927920282,1878996,0,0,21,21,2147029305,2147029305
5,LP-E,4k,20260919,762,8,measure,66,chase_random,8388608,262144,171628,618850108310020546,83369042,0,0,21,21,137343244055,137343244055
5,LP-E,4k,20260919,763,8,measure,67,independent_random,67108864,1048576,1589422,1390505816934420414,37361297,0,0,21,21,4398605268127,4398605268127
5,LP-E,4k,20260919,764,8,measure,68,chase_random_double,65536,524288,3593,5259274544399133065,3467616,0,0,21,21,2147221504,2147221504
5,LP-E,4k,20260919,765,8,measure,69,chase_random_double,67108864,524288,2949396,152761619933776253,210615597,0,0,21,21,2199572802213,2199572802213
5,LP-E,4k,20260919,766,8,measure,70,chase_random,33554432,262144,591082,9535635851717137177,101119361,0,0,21,21,550559043879,550559043879
5,LP-E,4k,20260919,767,8,measure,71,chase_sequential,16777216,262144,265085,8469208274840799240,784699,0,0,21,21,103850049536,103850049536
5,LP-E,4k,20260919,768,8,measure,72,chase_sequential,32768,262144,1522,5984246012780761253,428351,0,0,21,21,536739840,536739840
5,LP-E,4k,20260919,769,8,measure,73,chase_random_double,33554432,524288,4127784,2666582314207648830,225363534,0,0,21,21,1099089380121,1099089380121
5,LP-E,4k,20260919,770,8,measure,74,independent_random_bis,134217728,1048576,451119,2257804478844074719,45421922,0,0,21,21,8799654626474,8799654626474
5,LP-E,4k,20260919,771,8,measure,75,independent_random,134217728,1048576,14999281,15281834977574521477,43927931,0,0,21,21,8793875916155,8793875916155
5,LP-E,4k,20260919,772,8,measure,76,chase_random_double,16384,524288,1214,11273874282603566710,1860128,0,0,21,21,536608768,536608768
5,LP-E,4k,20260919,773,8,measure,77,independent_random,1048576,1048576,23476,4075322083509233539,4658738,0,0,21,21,68737893621,68737893621
5,LP-E,4k,20260919,774,8,measure,78,chase_sequential,16384,262144,51,11028076086347249270,890375,0,0,21,21,268304384,268304384
5,LP-E,4k,20260919,775,8,measure,79,independent_random,8388608,1048576,820831,14732575846389368170,27727301,0,0,21,21,549771029588,549771029588
5,LP-E,4k,20260919,776,8,measure,80,independent_random,268435456,1048576,23938864,14298853486078923693,64025047,0,0,21,21,17605888100577,17605888100577
5,LP-E,4k,20260919,777,8,measure,81,page_fault_touch,268435456,65536,6237054,6497614482399374404,183009710,3224391,65536,21,21,131072,131072
5,LP-E,4k,20260919,778,8,measure,82,chase_random_double,262144,524288,19211,5994198533583249948,6678263,0,0,21,21,8589672448,8589672448
5,LP-E,4k,20260919,779,8,measure,83,chase_random,134217728,262144,14557863,9960395936227655563,108768091,0,0,21,21,2194061800205,2194061800205
5,LP-E,4k,20260919,780,8,measure,84,independent_random,16384,1048576,1999,2202039426708353520,1850655,0,0,21,21,1075198650,1075198650
5,LP-E,4k,20260919,781,8,measure,85,chase_random_double,1048576,524288,76439,1241046007800750658,12078297,0,0,21,21,34359476224,34359476224
5,LP-E,4k,20260919,782,8,measure,86,independent_random_bis,4194304,1048576,327257,17448313891713222594,23479538,0,0,21,21,275118419364,275118419364
5,LP-E,4k,20260919,783,9,measure,0,chase_random,131072,262144,15505,3461054944426874417,2556750,0,0,21,21,2147352576,2147352576
5,LP-E,4k,20260919,784,9,measure,1,chase_random,16384,262144,524,14876703773376573632,512765,0,0,21,21,268304384,268304384
5,LP-E,4k,20260919,785,9,measure,2,chase_random,32768,262144,763,2769991479920989643,760350,0,0,21,21,536739840,536739840
5,LP-E,4k,20260919,786,9,measure,3,independent_random,131072,1048576,12521,6960496862891170081,2018477,0,0,21,21,8587231208,8587231208
5,LP-E,4k,20260919,787,9,measure,4,independent_random,33554432,1048576,2188020,4635444652080618396,34608730,0,0,21,21,2201177881371,2201177881371
5,LP-E,4k,20260919,788,9,measure,5,page_fault_touch,268435456,65536,12927030,14511952254298960828,166684303,3211786,65536,21,21,131072,131072
5,LP-E,4k,20260919,789,9,measure,6,chase_sequential,32768,262144,2280,16626065623883656254,482831,0,0,21,21,536739840,536739840
5,LP-E,4k,20260919,790,9,measure,7,chase_random,16777216,262144,695436,15812300698183853376,97123264,0,0,21,21,274929101358,274929101358
5,LP-E,4k,20260919,791,9,measure,8,independent_random,8388608,1048576,202307,5557018820652671279,26961191,0,0,21,21,549619238683,549619238683
5,LP-E,4k,20260919,792,9,measure,9,independent_random,2097152,1048576,131914,7031897523047555315,16918512,0,0,21,21,137511867643,137511867643
5,LP-E,4k,20260919,793,9,measure,10,chase_random,524288,262144,61886,641617351876551149,6374425,0,0,21,21,8589803520,8589803520
5,LP-E,4k,20260919,794,9,measure,11,independent_random_bis,268435456,1048576,13669425,18382343612923232943,50290775,0,0,21,21,17594322468047,17594322468047
5,LP-E,4k,20260919,795,9,measure,12,independent_random,65536,1048576,6850,11066500521748853333,1955019,0,0,21,21,4293142831,4293142831
5,LP-E,4k,20260919,796,9,measure,13,chase_sequential,8388608,262144,340567,14547294664734694208,635381,0,0,21,21,123637202944,123637202944
5,LP-E,4k,20260919,797,9,measure,14,chase_sequential,33554432,262144,1829130,607168066057378467,861488,0,0,21,21,513855062016,513855062016
5,LP-E,4k,20260919,798,9,measure,15,independent_random_bis,16384,1048576,1902,7258396588682442127,2041117,0,0,21,21,1073353698,1073353698
5,LP-E,4k,20260919,799,9,measure,16,independent_random,67108864,1048576,5228374,912134701581060298,36970624,0,0,21,21,4395564398956,4395564398956
5,LP-E,4k,20260919,800,9,measure,17,independent_random,4096,1048576,56,12097093344544517957,2042892,0,0,21,21,267856945,267856945
5,LP-E,4k,20260919,801,9,measure,18,chase_random_double,16384,524288,920,15694213044120515993,983289,0,0,21,21,536608768,536608768
5,LP-E,4k,20260919,802,9,measure,19,independent_random_bis,33554432,1048576,3359803,10256080831878021625,33114754,0,0,21,21,2196573567437,2196573567437
5,LP-E,4k,20260919,803,9,measure,20,chase_random,8192,262144,775,1588091329939497646,655520,0,0,21,21,134086656,134086656
5,LP-E,4k,20260919,804,9,measure,21,independent_random_bis,8192,1048576,299,6277744256058515563,1844202,0,0,21,21,535875234,535875234
5,LP-E,4k,20260919,805,9,measure,22,chase_random_double,1048576,524288,63825,15617307202523592074,12382724,0,0,21,21,34359476224,34359476224
5,LP-E,4k,20260919,806,9,measure,23,independent_random,134217728,1048576,10309075,8362769344346553515,40634384,0,0,21,21,8797753991786,8797753991786
5,LP-E,4k,20260919,807,9,measure,24,chase_random_double,131072,524288,1735,17182968812770871000,4591455,0,0,21,21,4294705152,4294705152
5,LP-E,4k,20260919,808,9,measure,25,chase_sequential,16777216,262144,1004779,12416784443261328701,864607,0,0,21,21,297756393472,297756393472
5,LP-E,4k,20260919,809,9,measure,26,independent_random,262144,1048576,19691,14155414166993235058,2091388,0,0,21,21,17179143853,17179143853
5,LP-E,4k,20260919,810,9,measure,27,chase_random_double,33554432,524288,454259,10329463777223270211,200147053,0,0,21,21,1099148296441,1099148296441
5,LP-E,4k,20260919,811,9,measure,28,chase_sequential,134217728,262144,48658,14775498152009825785,705011,0,0,21,21,47115010048,47115010048
5,LP-E,4k,20260919,812,9,measure,29,chase_sequential,1048576,262144,13828,17398037223841146219,635976,0,0,21,21,17179738112,17179738112
5,LP-E,4k,20260919,813,9,measure,30,chase_random_double,262144,524288,5293,12128608380215511999,6758184,0,0,21,21,8589672448,8589672448
5,LP-E,4k,20260919,814,9,measure,31,independent_random_bis,65536,1048576,6544,4751570661061856547,1740269,0,0,21,21,4293118799,4293118799
5,LP-E,4k,20260919,815,9,measure,32,chase_sequential,524288,262144,23957,3384735726903249548,692300,0,0,21,21,8589803520,8589803520
5,LP-E,4k,20260919,816,9,measure,33,chase_random_double,524288,524288,27565,365860134823565920,9241827,0,0,21,21,17179607040,17179607040
5,LP-E,4k,20260919,817,9,measure,34,chase_random,4194304,262144,37648,6203508341672047392,63614048,0,0,21,21,68856617324,68856617324
5,LP-E,4k,20260919,818,9,measure,35,independent_random_bis,8388608,1048576,526291,13135527680487692031,26325015,0,0,21,21,549747695495,549747695495
5,LP-E,4k,20260919,819,9,measure,36,chase_random_double,4194304,524288,176708,2331045906870666974,120567824,0,0,21,21,137438691328,137438691328
5,LP-E,4k,20260919,820,9,measure,37,chase_random_double,2097152,524288,118052,5704554163318119231,40235074,0,0,21,21,68719214592,68719214592
5,LP-E,4k,20260919,821,9,measure,38,chase_random,67108864,262144,5182793,808773349366514640,106911196,0,0,21,21,1100897838872,1100897838872
5,LP-E,4k,20260919,822,9,measure,39,chase_random_double,4096,524288,131,8979413403616950151,1048481,0,0,21,21,133955584,133955584
5,LP-E,4k,20260919,823,9,measure,40,independent_random_bis,4194304,1048576,360341,12982230719044209565,23775964,0,0,21,21,274907284222,274907284222
5,LP-E,4k,20260919,824,9,measure,41,independent_random_bis,131072,1048576,11645,5571682514091732412,1981791,0,0,21,21,8587714323,8587714323
5,LP-E,4k,20260919,825,9,measure,42,independent_random,4194304,1048576,180790,1613555137957928459,23354096,0,0,21,21,274944551286,274944551286
5,LP-E,4k,20260919,826,9,measure,43,chase_random_double,268435456,524288,9165832,2564855381641203011,225904613,0,0,21,21,8793560262825,8793560262825
5,LP-E,4k,20260919,827,9,measure,44,independent_random_bis,16777216,1048576,500261,909900321297047699,28757516,0,0,21,21,1099580667592,1099580667592
5,LP-E,4k,20260919,828,9,measure,45,chase_sequential,8192,262144,441,16430821370299740927,427026,0,0,21,21,134086656,134086656
5,LP-E,4k,20260919,829,9,measure,46,chase_random_double,67108864,524288,2867741,16697895981256291900,201166013,0,0,21,21,2200729645459,2200729645459
5,LP-E,4k,20260919,830,9,measure,47,chase_random,1048576,262144,42383,10716112731139728160,8874857,0,0,21,21,17179738112,17179738112
5,LP-E,4k,20260919,831,9,measure,48,independent_random,1048576,1048576,2767,11370946391143510204,1949995,0,0,21,21,68728778660,68728778660
5,LP-E,4k,20260919,832,9,measure,49,chase_random,33554432,262144,3653295,8657929638817370435,101751928,0,0,21,21,550314112447,550314112447
5,LP-E,4k,20260919,833,9,measure,50,chase_random_double,16777216,524288,1826900,5578366629562258525,188482352,0,0,21,21,549616207287,549616207287
5,LP-E,4k,20260919,834,9,measure,51,independent_random,16777216,1048576,690671,4363587666802203038,30795020,0,0,21,21,1098568080119,1098568080119
5,LP-E,4k,20260919,835,9,measure,52,independent_random_bis,524288,1048576,52627,10791518548943363127,2201945,0,0,21,21,34359134458,34359134458
5,LP-E,4k,20260919,836,9,measure,53,independent_random,8192,1048576,690,16974854076869499226,1862561,0,0,21,21,536237223,536237223
5,LP-E,4k,20260919,837,9,measure,54,page_fault_touch,16777216,4096,417294,16638017001784218638,10013109,417455,4096,21,21,8192,8192
5,LP-E,4k,20260919,838,9,measure,55,independent_random,268435456,1048576,8719350,16601825273597872538,51472898,0,0,21,21,17610213916420,17610213916420
5,LP-E,4k,20260919,839,9,measure,56,chase_random,4096,262144,270,6052359756861377512,442976,0,0,21,21,66977792,66977792
5,LP-E,4k,20260919,840,9,measure,57,chase_random,65536,262144,6105,5343365114632089701,1930465,0,0,21,21,1073610752,1073610752
5,LP-E,4k,20260919,841,9,measure,58,chase_random,262144,262144,25585,10083144617018570863,4056493,0,0,21,21,4294836224,4294836224
5,LP-E,4k,20260919,842,9,measure,59,independent_random,32768,1048576,1508,11087687614241046767,2050650,0,0,21,21,2146525256,2146525256
5,LP-E,4k,20260919,843,9,measure,60,chase_sequential,65536,262144,5206,14214623588725229691,623042,0,0,21,21,1073610752,1073610752
5,LP-E,4k,20260919,844,9,measure,61,chase_sequential,16384,262144,702,3796581206546199627,425610,0,0,21,21,268304384,268304384
5,LP-E,4k,20260919,845,9,measure,62,chase_sequential,268435456,262144,14301602,10339282412762647656,761807,0,0,21,21,3783438761984,3783438761984
5,LP-E,4k,20260919,846,9,measure,63,chase_sequential,67108864,262144,2634566,14144833405983564519,803633,0,0,21,21,724995276800,724995276800
5,LP-E,4k,20260919,847,9,measure,64,independent_random_bis,1048576,1048576,52362,11039874951098549161,3194971,0,0,21,21,68738916635,68738916635
5,LP-E,4k,20260919,848,9,measure,65,independent_random_bis,2097152,1048576,160938,2022774537067096975,17323956,0,0,21,21,137553774526,137553774526
5,LP-E,4k,20260919,849,9,measure,66,independent_random,524288,1048576,36326,3492492434647066866,2529038,0,0,21,21,34343625136,34343625136
5,LP-E,4k,20260919,850,9,measure,67,chase_sequential,2097152,262144,42338,3882339126854734143,671414,0,0,21,21,34359607296,34359607296
5,LP-E,4k,20260919,851,9,measure,68,chase_random_double,8388608,524288,851411,267544289890792140,163960364,0,0,21,21,274914478657,274914478657
5,LP-E,4k,20260919,852,9,measure,69,independent_random_bis,32768,1048576,1684,8033651656437397178,1684043,0,0,21,21,2147470618,2147470618
5,LP-E,4k,20260919,853,9,measure,70,independent_random_bis,262144,1048576,24883,2316235602117204501,2015973,0,0,21,21,17164004480,17164004480
5,LP-E,4k,20260919,854,9,measure,71,chase_sequential,131072,262144,8680,12323990350280527753,817317,0,0,21,21,2147352576,2147352576
5,LP-E,4k,20260919,855,9,measure,72,independent_random_bis,67108864,1048576,5644735,14599493360857545249,36569022,0,0,21,21,4401633383713,4401633383713
5,LP-E,4k,20260919,856,9,measure,73,chase_sequential,4096,262144,53,11315836819124636014,423596,0,0,21,21,66977792,66977792
5,LP-E,4k,20260919,857,9,measure,74,chase_random,2097152,262144,213527,190765006052239173,24761142,0,0,21,21,34359607296,34359607296
5,LP-E,4k,20260919,858,9,measure,75,chase_sequential,4194304,262144,473763,4111002466853443341,855244,0,0,21,21,47604432896,47604432896
5,LP-E,4k,20260919,859,9,measure,76,chase_random_double,8192,524288,163,1664935254499136948,993211,0,0,21,21,268173312,268173312
5,LP-E,4k,20260919,860,9,measure,77,chase_random_double,32768,524288,2370,18254609479361307129,1212047,0,0,21,21,1073479680,1073479680
5,LP-E,4k,20260919,861,9,measure,78,independent_random_bis,134217728,1048576,15284556,13806555728516885745,39195848,0,0,21,21,8805617593364,8805617593364
5,LP-E,4k,20260919,862,9,measure,79,independent_random,16384,1048576,1593,13282548135225776278,2042036,0,0,21,21,1073371617,1073371617
5,LP-E,4k,20260919,863,9,measure,80,chase_random_double,134217728,524288,128447,13239842938993988050,213505214,0,0,21,21,4395138588030,4395138588030
5,LP-E,4k,20260919,864,9,measure,81,independent_random_bis,4096,1048576,508,6883816296444769174,1655670,0,0,21,21,267932914,267932914
5,LP-E,4k,20260919,865,9,measure,82,chase_sequential,262144,262144,10989,15958758919055323257,643209,0,0,21,21,4294836224,4294836224
5,LP-E,4k,20260919,866,9,measure,83,chase_random,8388608,262144,389041,15673767183498686411,82166129,0,0,21,21,137368960315,137368960315
5,LP-E,4k,20260919,867,9,measure,84,chase_random,134217728,262144,3666649,4287361020909589213,103355864,0,0,21,21,2201106420977,2201106420977
5,LP-E,4k,20260919,868,9,measure,85,chase_random_double,65536,524288,6989,7843895721756736700,3103048,0,0,21,21,2147221504,2147221504
5,LP-E,4k,20260919,869,9,measure,86,chase_random,268435456,262144,16373437,9605069600688756965,111644210,0,0,21,21,4400416950494,4400416950494
5,LP-E,4k,20260919,870,10,measure,0,chase_random_double,1048576,524288,126734,4703662904081397600,12425704,0,0,21,21,34359476224,34359476224
5,LP-E,4k,20260919,871,10,measure,1,independent_random_bis,16384,1048576,1980,15423895350350655518,2028681,0,0,21,21,1073301128,1073301128
5,LP-E,4k,20260919,872,10,measure,2,independent_random_bis,65536,1048576,4762,8505788682744052538,1934947,0,0,21,21,4298939886,4298939886
5,LP-E,4k,20260919,873,10,measure,3,page_fault_touch,16777216,4096,819031,17783702077763116409,10228403,177601,4096,21,21,8192,8192
5,LP-E,4k,20260919,874,10,measure,4,chase_random,4194304,262144,74005,13199439620375533446,63430817,0,0,21,21,68634795458,68634795458
5,LP-E,4k,20260919,875,10,measure,5,independent_random,4096,1048576,64,7555279154230120665,1842558,0,0,21,21,267844925,267844925
5,LP-E,4k,20260919,876,10,measure,6,chase_sequential,16384,262144,1102,14016355596204933907,426939,0,0,21,21,268304384,268304384
5,LP-E,4k,20260919,877,10,measure,7,independent_random_bis,2097152,1048576,7121,16819497151971764579,17110954,0,0,21,21,137430316445,137430316445
5,LP-E,4k,20260919,878,10,measure,8,chase_sequential,268435456,262144,4632563,6532794940414437771,721591,0,0,21,21,1248758202368,1248758202368
5,LP-E,4k,20260919,879,10,measure,9,chase_random_double,268435456,524288,12559157,11066898495157913597,229711015,0,0,21,21,8799259472335,8799259472335
5,LP-E,4k,20260919,880,10,measure,10,chase_sequential,131072,262144,2154,4296854630187391527,451198,0,0,21,21,2147352576,2147352576
5,LP-E,4k,20260919,881,10,measure,11,chase_random,524288,262144,11104,5102162779563126030,5641877,0,0,21,21,8589803520,8589803520
5,LP-E,4k,20260919,882,10,measure,12,chase_sequential,8388608,262144,887646,15681825912865909571,736224,0,0,21,21,160920109056,160920109056
5,LP-E,4k,20260919,883,10,measure,13,chase_random,32768,262144,3045,15834744168031167056,583913,0,0,21,21,536739840,536739840
5,LP-E,4k,20260919,884,10,measure,14,independent_random_bis,268435456,1048576,9787132,10939608604026980448,50577136,0,0,21,21,17581452062518,17581452062518
5,LP-E,4k,20260919,885,10,measure,15,independent_random,524288,1048576,38490,9640601360922130254,2633450,0,0,21,21,34357875097,34357875097
5,LP-E,4k,20260919,886,10,measure,16,independent_random_bis,33554432,1048576,458870,8668027287183000974,35344521,0,0,21,21,2198314851288,2198314851288
5,LP-E,4k,20260919,887,10,measure,17,independent_random,262144,1048576,23831,15947163957696499852,2295478,0,0,21,21,17175045552,17175045552
5,LP-E,4k,20260919,888,10,measure,18,chase_sequential,8192,262144,553,18272326620233058887,613347,0,0,21,21,134086656,134086656
5,LP-E,4k,20260919,889,10,measure,19,chase_random_double,131072,524288,14441,18410763449092189695,5029403,0,0,21,21,4294705152,4294705152
5,LP-E,4k,20260919,890,10,measure,20,independent_random_bis,16777216,1048576,42487,5160099994007010221,31547081,0,0,21,21,1100191854039,1100191854039
5,LP-E,4k,20260919,891,10,measure,21,independent_random_bis,8388608,1048576,7232,1972172234443550584,27290190,0,0,21,21,550077760963,550077760963
5,LP-E,4k,20260919,892,10,measure,22,chase_random_double,4194304,524288,356668,1442662768248973181,121150288,0,0,21,21,137438691328,137438691328
5,LP-E,4k,20260919,893,10,measure,23,independent_random_bis,1048576,1048576,30858,13772096065375208618,3011485,0,0,21,21,68710955714,68710955714
5,LP-E,4k,20260919,894,10,measure,24,chase_sequential,134217728,262144,7970621,5329681212738125759,716060,0,0,21,21,2123810078720,2123810078720
5,LP-E,4k,20260919,895,10,measure,25,independent_random_bis,131072,1048576,15201,12341039730603790795,1800621,0,0,21,21,8583837094,8583837094
5,LP-E,4k,20260919,896,10,measure,26,chase_random,65536,262144,7575,10352725393107763794,2087229,0,0,21,21,1073610752,1073610752
5,LP-E,4k,20260919,897,10,measure,27,chase_sequential,65536,262144,3893,3993039249817844824,430483,0,0,21,21,1073610752,1073610752
5,LP-E,4k,20260919,898,10,measure,28,independent_random,8388608,1048576,549867,15436147468531911801,25052884,0,0,21,21,550165210921,550165210921
5,LP-E,4k,20260919,899,10,measure,29,chase_random,33554432,262144,2718675,3606363460200662578,96734689,0,0,21,21,549113992124,549113992124
5,LP-E,4k,20260919,900,10,measure,30,independent_random_bis,134217728,1048576,447184,10679186161666306245,41272727,0,0,21,21,8796795271565,8796795271565
5,LP-E,4k,20260919,901,10,measure,31,chase_random_double,134217728,524288,9452522,1052621791744243373,219954196,0,0,21,21,4396322882573,4396322882573
5,LP-E,4k,20260919,902,10,measure,32,independent_random,16777216,1048576,1980647,10189478299804953875,31192937,0,0,21,21,1099396981089,1099396981089
5,LP-E,4k,20260919,903,10,measure,33,independent_random,16384,1048576,919,7845326371833023794,1869299,0,0,21,21,1074068871,1074068871
5,LP-E,4k,20260919,904,10,measure,34,chase_random_double,262144,524288,6733,1624153724369389206,6403193,0,0,21,21,8589672448,8589672448
5,LP-E,4k,20260919,905,10,measure,35,independent_random_bis,524288,1048576,44542,17932729898416978572,2353991,0,0,21,21,34351699843,34351699843
5,LP-E,4k,20260919,906,10,measure,36,chase_random_double,2097152,524288,104190,4167270738431422050,42562645,0,0,21,21,68719214592,68719214592
5,LP-E,4k,20260919,907,10,measure,37,independent_random,32768,1048576,2906,4748708908045741520,2052264,0,0,21,21,2147571906,2147571906
5,LP-E,4k,20260919,908,10,measure,38,chase_random_double,8388608,524288,959692,6507701040440449734,166339655,0,0,21,21,274949370710,274949370710
5,LP-E,4k,20260919,909,10,measure,39,chase_random,131072,262144,11880,5870593807539794191,2528491,0,0,21,21,2147352576,2147352576
5,LP-E,4k,20260919,910,10,measure,40,chase_random_double,4096,524288,366,16546604100250653459,948650,0,0,21,21,133955584,133955584
5,LP-E,4k,20260919,911,10,measure,41,chase_sequential,2097152,262144,245384,12451228445993973838,718994,0,0,21,21,34359607296,34359607296
5,LP-E,4k,20260919,912,10,measure,42,independent_random_bis,4194304,1048576,33048,1185722180996544166,23732018,0,0,21,21,274885133123,274885133123
5,LP-E,4k,20260919,913,10,measure,43,independent_random,33554432,1048576,3425567,3995695304157090000,35017531,0,0,21,21,2199272325500,2199272325500
5,LP-E,4k,20260919,914,10,measure,44,chase_random_double,8192,524288,349,2923252031742062361,896771,0,0,21,21,268173312,268173312
5,LP-E,4k,20260919,915,10,measure,45,independent_random_bis,32768,1048576,3894,15997981688796812060,1683747,0,0,21,21,2146872534,2146872534
5,LP-E,4k,20260919,916,10,measure,46,chase_sequential,4096,262144,352,6178604972258771446,430885,0,0,21,21,66977792,66977792
5,LP-E,4k,20260919,917,10,measure,47,independent_random,131072,1048576,3728,1767776108812263106,1790903,0,0,21,21,8598449338,8598449338
5,LP-E,4k,20260919,918,10,measure,48,chase_random,4096,262144,452,7229390721291590392,432778,0,0,21,21,66977792,66977792
5,LP-E,4k,20260919,919,10,measure,49,independent_random,2097152,1048576,88971,18225177308577095787,16083970,0,0,21,21,137473134941,137473134941
5,LP-E,4k,20260919,920,10,measure,50,chase_sequential,16777216,262144,750958,501751522525413551,859137,0,0,21,21,231218741248,231218741248
5,LP-E,4k,20260919,921,10,measure,51,chase_random_double,16777216,524288,1330040,12024081802699277544,186162464,0,0,21,21,549574458201,549574458201
5,LP-E,4k,20260919,922,10,measure,52,independent_random,67108864,1048576,7218730,4235726945736623369,37236320,0,0,21,21,4398974747409,4398974747409
5,LP-E,4k,20260919,923,10,measure,53,independent_random,8192,1048576,913,17094288948063273216,2019995,0,0,21,21,536604787,536604787
5,LP-E,4k,20260919,924,10,measure,54,independent_random,1048576,1048576,111861,5711464115306534637,2848787,0,0,21,21,68710369048,68710369048
5,LP-E,4k,20260919,925,10,measure,55,chase_random_double,67108864,524288,7635359,11558511330556278100,210743564,0,0,21,21,2199269861849,2199269861849
5,LP-E,4k,20260919,926,10,measure,56,independent_random,268435456,1048576,5468560,10370869781879253770,51425124,0,0,21,21,17582906963455,17582906963455
5,LP-E,4k,20260919,927,10,measure,57,chase_sequential,4194304,262144,495359,7311571263785318322,880707,0,0,21,21,41943171072,41943171072
5,LP-E,4k,20260919,928,10,measure,58,chase_random,67108864,262144,4944269,14644102327425894132,105697364,0,0,21,21,1099370460299,1099370460299
5,LP-E,4k,20260919,929,10,measure,59,chase_sequential,33554432,262144,4047276,11301018975015485520,854720,0,0,21,21,612497227776,612497227776
5,LP-E,4k,20260919,930,10,measure,60,chase_random,134217728,262144,2206269,14637117769380049317,108423067,0,0,21,21,2200050850796,2200050850796
5,LP-E,4k,20260919,931,10,measure,61,chase_random,268435456,262144,9618665,17532178353075256310,114723772,0,0,21,21,4392378607270,4392378607270
5,LP-E,4k,20260919,932,10,measure,62,chase_random,8192,262144,153,3972698985564769484,445434,0,0,21,21,134086656,134086656
5,LP-E,4k,20260919,933,10,measure,63,chase_random_double,33554432,524288,3275676,9681155401280148572,202929285,0,0,21,21,1098826082644,1098826082644
5,LP-E,4k,20260919,934,10,measure,64,independent_random_bis,4096,1048576,89,11370592409765763438,1855524,0,0,21,21,267832588,267832588
5,LP-E,4k,20260919,935,10,measure,65,independent_random_bis,262144,1048576,21711,5943678964968966657,2260280,0,0,21,21,17188738554,17188738554
5,LP-E,4k,20260919,936,10,measure,66,chase_random,16777216,262144,45784,4260917435299780417,95407721,0,0,21,21,275042663901,275042663901
5,LP-E,4k,20260919,937,10,measure,67,chase_random,1048576,262144,88668,1516232844491415491,9161230,0,0,21,21,17179738112,17179738112
5,LP-E,4k,20260919,938,10,measure,68,chase_random_double,524288,524288,26397,18081782524658991810,9295851,0,0,21,21,17179607040,17179607040
5,LP-E,4k,20260919,939,10,measure,69,independent_random,4194304,1048576,201135,9193007641464465440,24153595,0,0,21,21,275096822592,275096822592
5,LP-E,4k,20260919,940,10,measure,70,chase_random_double,65536,524288,7977,9633629907038998590,3471229,0,0,21,21,2147221504,2147221504
5,LP-E,4k,20260919,941,10,measure,71,chase_random,2097152,262144,33674,2021156004753783000,28540183,0,0,21,21,34359607296,34359607296
5,LP-E,4k,20260919,942,10,measure,72,chase_random,16384,262144,254,18416209113540792055,685665,0,0,21,21,268304384,268304384
5,LP-E,4k,20260919,943,10,measure,73,chase_sequential,32768,262144,841,952092021186889413,621760,0,0,21,21,536739840,536739840
5,LP-E,4k,20260919,944,10,measure,74,page_fault_touch,268435456,65536,3461994,5064244087392341461,165530742,2959751,65536,21,21,131072,131072
5,LP-E,4k,20260919,945,10,measure,75,chase_sequential,67108864,262144,198860,6044605409421437571,1041137,0,0,21,21,86489563136,86489563136
5,LP-E,4k,20260919,946,10,measure,76,chase_random_double,16384,524288,1716,6598779312901626333,1827020,0,0,21,21,536608768,536608768
5,LP-E,4k,20260919,947,10,measure,77,chase_random_double,32768,524288,1732,328887343389359157,1987183,0,0,21,21,1073479680,1073479680
5,LP-E,4k,20260919,948,10,measure,78,independent_random,134217728,1048576,5053175,473982605661855531,47574423,0,0,21,21,8795049262785,8795049262785
5,LP-E,4k,20260919,949,10,measure,79,chase_random,262144,262144,4250,8910218176573589544,6889294,0,0,21,21,4294836224,4294836224
5,LP-E,4k,20260919,950,10,measure,80,chase_random,8388608,262144,217801,1266392441287456384,83031503,0,0,21,21,137670201992,137670201992
5,LP-E,4k,20260919,951,10,measure,81,chase_sequential,262144,262144,17848,2227868059982507909,548829,0,0,21,21,4294836224,4294836224
5,LP-E,4k,20260919,952,10,measure,82,independent_random,65536,1048576,6644,5155027851165307958,2216864,0,0,21,21,4294845809,4294845809
5,LP-E,4k,20260919,953,10,measure,83,chase_sequential,524288,262144,41448,11225418464519533686,742175,0,0,21,21,8589803520,8589803520
5,LP-E,4k,20260919,954,10,measure,84,chase_sequential,1048576,262144,65614,14427464901227259285,670418,0,0,21,21,17179738112,17179738112
5,LP-E,4k,20260919,955,10,measure,85,independent_random_bis,67108864,1048576,4373958,97781529949680801,36656465,0,0,21,21,4397952830861,4397952830861
5,LP-E,4k,20260919,956,10,measure,86,independent_random_bis,8192,1048576,626,9470326314622026408,1860177,0,0,21,21,535834994,535834994
