run_id,core,seed,sample,round,phase,position,label,bytes,accesses,start,salt,elapsed_ns,cpu_before,cpu_after,result,expected
10,P,20260918,0,0,warmup,0,pair_same_line,786432,1048576,86538,14410351317691217798,2395111,11,11,3085062505416669384,3085062505416669384
10,P,20260918,1,0,warmup,1,stride_1_bis,4194304,1048576,122672,9518173604434932019,1543901,11,11,12406089252390561320,12406089252390561320
10,P,20260918,2,0,warmup,2,stride_1_bis,1048576,1048576,63424,29829098793690740,1412667,11,11,8797231230870489880,8797231230870489880
10,P,20260918,3,0,warmup,3,stride_4097,1048576,1048576,94957,8244635188027791607,1455098,11,11,8797231230870489880,8797231230870489880
10,P,20260918,4,0,warmup,4,stride_1_double,33554432,2097152,3209080,12555449628740181430,3711048,11,11,2484069262252447270,2484069262252447270
10,P,20260918,5,0,warmup,5,stride_513,201326592,1048576,22450854,192269902773654215,11911806,11,11,6767238487407460713,6767238487407460713
10,P,20260918,6,0,warmup,6,random,134217728,1048576,1109519,17703510965668720057,16039539,11,11,4177945556245143550,4177945556245143550
10,P,20260918,7,0,warmup,7,pair_same_line,1048576,1048576,101121,8619219998568378491,2361004,11,11,18225104979565958324,18225104979565958324
10,P,20260918,8,0,warmup,8,pair_same_line,50331648,1048576,3641412,5596144547470338986,16270447,11,11,11986989935345910862,11986989935345910862
10,P,20260918,9,0,warmup,9,pair_split_line,131072,1048576,15206,6532590746774454013,2225079,11,11,3001128330051844307,3001128330051844307
10,P,20260918,10,0,warmup,10,stride_4097,8192,1048576,450,496412901129835847,1367341,11,11,116592947459441664,116592947459441664
10,P,20260918,11,0,warmup,11,random,3145728,1048576,382190,11342672876303949635,4011853,11,11,5656006334247814024,5656006334247814024
10,P,20260918,12,0,warmup,12,stride_1_bis,1572864,1048576,135170,2145220219361114159,1648699,11,11,17309072505711770332,17309072505711770332
10,P,20260918,13,0,warmup,13,stride_4097,32768,1048576,1829,8824594697866002174,1445654,11,11,10598541984122395648,10598541984122395648
10,P,20260918,14,0,warmup,14,stride_1,100663296,1048576,6888853,10075901143519395929,2005725,11,11,12582542619194538179,12582542619194538179
10,P,20260918,15,0,warmup,15,stride_1_double,12582912,2097152,1561526,15870427427963376687,3934850,11,11,12188402557322250359,12188402557322250359
10,P,20260918,16,0,warmup,16,pair_split_line,16777216,1048576,799903,17366648986553203457,11826026,11,11,5752759626611955823,5752759626611955823
10,P,20260918,17,0,warmup,17,stride_1_double,201326592,2097152,7851167,9691830232931760906,3519332,11,11,16898097300211589542,16898097300211589542
10,P,20260918,18,0,warmup,18,random,131072,1048576,4008,1804127739852834504,1191356,11,11,12310067897714183443,12310067897714183443
10,P,20260918,19,0,warmup,19,pair_same_line,393216,1048576,22799,7577739256581207207,1875224,11,11,4306739975305394870,4306739975305394870
10,P,20260918,20,0,warmup,20,stride_4097,6291456,1048576,263567,18441045313211055638,2625663,11,11,13306898192508952259,13306898192508952259
10,P,20260918,21,0,warmup,21,pair_same_line,98304,1048576,9032,8752791922916172619,1765721,11,11,14493614102593500568,14493614102593500568
10,P,20260918,22,0,warmup,22,stride_1,8388608,1048576,167147,10555296244313276603,1582133,11,11,18303280461608560459,18303280461608560459
10,P,20260918,23,0,warmup,23,stride_1_double,3145728,2097152,83097,13227524516287764790,2820680,11,11,17958981837468062183,17958981837468062183
10,P,20260918,24,0,warmup,24,pair_same_line,4096,1048576,113,7751670430892191113,1639736,11,11,16380933407909708456,16380933407909708456
10,P,20260918,25,0,warmup,25,stride_1_double,65536,2097152,5043,16684453762118153142,2826605,11,11,14401013024949000960,14401013024949000960
10,P,20260918,26,0,warmup,26,stride_1_double,100663296,2097152,4730105,14111215039042286916,3738416,11,11,12614604906026881042,12614604906026881042
10,P,20260918,27,0,warmup,27,stride_17,262144,1048576,31957,6051279926230052545,1432104,11,11,3252759155835688704,3252759155835688704
10,P,20260918,28,0,warmup,28,pair_split_line,4096,1048576,482,3315141659174486770,1889421,11,11,6983165964109399229,6983165964109399229
10,P,20260918,29,0,warmup,29,pair_same_line,6291456,1048576,191197,10079825174528487655,5181891,11,11,615769303230730636,615769303230730636
10,P,20260918,30,0,warmup,30,stride_513,65536,1048576,4343,5010958507431738118,1449132,11,11,16423878549329276288,16423878549329276288
10,P,20260918,31,0,warmup,31,pair_split_line,6144,1048576,312,4363493606136841901,1881252,11,11,17223608270789910250,17223608270789910250
10,P,20260918,32,0,warmup,32,stride_1_bis,3145728,1048576,36317,16259670600273033802,1395450,11,11,8602214029844642308,8602214029844642308
10,P,20260918,33,0,warmup,33,pair_same_line,32768,1048576,3492,15713019678349549619,1842312,11,11,11605577537201997376,11605577537201997376
10,P,20260918,34,0,warmup,34,stride_513,8388608,1048576,117001,2924749832134909811,2422577,11,11,18303280461608560459,18303280461608560459
10,P,20260918,35,0,warmup,35,stride_513,12582912,1048576,1501757,5706481532548707454,5799966,11,11,446194662936398502,446194662936398502
10,P,20260918,36,0,warmup,36,stride_1,32768,1048576,963,5419732965925087654,1410030,11,11,10598541984122395648,10598541984122395648
10,P,20260918,37,0,warmup,37,stride_4097,67108864,1048576,4276720,14106322356497237364,6769838,11,11,8404205029375742207,8404205029375742207
10,P,20260918,38,0,warmup,38,stride_4097,393216,1048576,46017,4752556048310043053,1427230,11,11,4076655058221506597,4076655058221506597
10,P,20260918,39,0,warmup,39,stride_1,12288,1048576,433,4841247746690124225,1385055,11,11,14537070945718713585,14537070945718713585
10,P,20260918,40,0,warmup,40,stride_17,786432,1048576,25190,9484715623795785068,1461319,11,11,8393278839900354658,8393278839900354658
10,P,20260918,41,0,warmup,41,stride_4097,4096,1048576,344,15107551728903872512,1412879,11,11,8154595385843253248,8154595385843253248
10,P,20260918,42,0,warmup,42,stride_1,268435456,1048576,10600124,6062828980834693557,1762226,11,11,15744485315924949274,15744485315924949274
10,P,20260918,43,0,warmup,43,stride_17,25165824,1048576,67649,5056557384850059763,7468137,11,11,312089625264523420,312089625264523420
10,P,20260918,44,0,warmup,44,stride_1_bis,24576,1048576,1935,11997021986789918962,1410612,11,11,17560693075027521652,17560693075027521652
10,P,20260918,45,0,warmup,45,pair_same_line,8192,1048576,875,17933044978464506714,1627311,11,11,2033396572533736009,2033396572533736009
10,P,20260918,46,0,warmup,46,pair_same_line,201326592,1048576,2494853,14046399769983865372,18915732,11,11,8797336984735504088,8797336984735504088
10,P,20260918,47,0,warmup,47,stride_1_bis,2097152,1048576,238953,2771228395400863590,1856219,11,11,14577075130308765988,14577075130308765988
10,P,20260918,48,0,warmup,48,random,8388608,1048576,155183,873713706920193941,9436453,11,11,5747338588454542274,5747338588454542274
10,P,20260918,49,0,warmup,49,stride_17,1048576,1048576,19145,4792690924893119077,1442202,11,11,8797231230870489880,8797231230870489880
10,P,20260918,50,0,warmup,50,stride_1_double,16777216,2097152,1525029,5972947843739546963,3611735,11,11,12841062978479921428,12841062978479921428
10,P,20260918,51,0,warmup,51,random,65536,1048576,5129,6220870644850460957,1176061,11,11,7482309820572593172,7482309820572593172
10,P,20260918,52,0,warmup,52,stride_1_double,24576,2097152,1656,15368522411994333247,2819702,11,11,15384954416615803642,15384954416615803642
10,P,20260918,53,0,warmup,53,stride_1_double,2097152,2097152,111480,17160627761700490663,2843793,11,11,10707406186907980360,10707406186907980360
10,P,20260918,54,0,warmup,54,pair_same_line,65536,1048576,5126,5031801719871777920,1715058,11,11,14729195454117565382,14729195454117565382
10,P,20260918,55,0,warmup,55,pair_split_line,1572864,1048576,151813,5599846544472222033,2636466,11,11,4671436451603646684,4671436451603646684
10,P,20260918,56,0,warmup,56,random,25165824,1048576,729205,8664563983476598199,12612682,11,11,5717897197155514133,5717897197155514133
10,P,20260918,57,0,warmup,57,pair_split_line,12288,1048576,1159,9484545953560750230,1884729,11,11,3092040561532465271,3092040561532465271
10,P,20260918,58,0,warmup,58,stride_17,16384,1048576,9,10509397685238767503,1380715,11,11,9548053087369131008,9548053087369131008
10,P,20260918,59,0,warmup,59,pair_same_line,6144,1048576,562,3160668556671699352,1627448,11,11,3804490286057491144,3804490286057491144
10,P,20260918,60,0,warmup,60,pair_split_line,8192,1048576,440,3788599256415334192,1879857,11,11,1167437988881530801,1167437988881530801
10,P,20260918,61,0,warmup,61,pair_same_line,67108864,1048576,5419615,1571188779131293270,16841178,11,11,4757032950585382168,4757032950585382168
10,P,20260918,62,0,warmup,62,pair_same_line,24576,1048576,268,18148376191922046077,1633357,11,11,4993348119653867783,4993348119653867783
10,P,20260918,63,0,warmup,63,stride_1,1048576,1048576,27642,9627762941700544543,1514784,11,11,8797231230870489880,8797231230870489880
10,P,20260918,64,0,warmup,64,random,100663296,1048576,4643652,12741737318532714579,16236609,11,11,2817989517849809742,2817989517849809742
10,P,20260918,65,0,warmup,65,stride_1,524288,1048576,32806,9926438717784177004,1585944,11,11,10061883979847375520,10061883979847375520
10,P,20260918,66,0,warmup,66,stride_4097,65536,1048576,1730,5816330694813918676,1545947,11,11,16423878549329276288,16423878549329276288
10,P,20260918,67,0,warmup,67,stride_1_bis,100663296,1048576,9374982,2669637933028871842,1821602,11,11,10691126750988834767,10691126750988834767
10,P,20260918,68,0,warmup,68,stride_1,6144,1048576,639,17492784939175920846,1404097,11,11,7327032238162985514,7327032238162985514
10,P,20260918,69,0,warmup,69,stride_4097,8388608,1048576,876854,2965203725525679157,4443804,11,11,18303280461608560459,18303280461608560459
10,P,20260918,70,0,warmup,70,random,50331648,1048576,3714138,15567878937490742580,15070665,11,11,972349713132435789,972349713132435789
10,P,20260918,71,0,warmup,71,stride_4097,25165824,1048576,3049225,9785396242601808788,8323240,11,11,14337011913108758116,14337011913108758116
10,P,20260918,72,0,warmup,72,pair_same_line,12288,1048576,52,5615925422508414622,2270373,11,11,17433051554530656229,17433051554530656229
10,P,20260918,73,0,warmup,73,stride_4097,33554432,1048576,1578048,3160530200435717708,7485790,11,11,10911738161398899459,10911738161398899459
10,P,20260918,74,0,warmup,74,pair_split_line,2097152,1048576,93196,5718973502560108313,4686630,11,11,9662241868402169124,9662241868402169124
10,P,20260918,75,0,warmup,75,pair_split_line,3145728,1048576,221242,1371642717268104712,4717086,11,11,17877862975607718515,17877862975607718515
10,P,20260918,76,0,warmup,76,stride_1_bis,268435456,1048576,21776004,8350306728723553052,2317549,11,11,13535129064306468777,13535129064306468777
10,P,20260918,77,0,warmup,77,stride_1,98304,1048576,8015,4097566014476430569,1460176,11,11,2359163180881888961,2359163180881888961
10,P,20260918,78,0,warmup,78,pair_same_line,3145728,1048576,196012,4944755519088836304,2962593,11,11,8650525601577717695,8650525601577717695
10,P,20260918,79,0,warmup,79,stride_1,262144,1048576,1042,1760655609931595876,1393507,11,11,3252759155835688704,3252759155835688704
10,P,20260918,80,0,warmup,80,random,2097152,1048576,224653,10787653095768478857,2238644,11,11,14695553369004471417,14695553369004471417
10,P,20260918,81,0,warmup,81,stride_4097,49152,1048576,4554,14407405310069631234,1372302,11,11,16712149003408199776,16712149003408199776
10,P,20260918,82,0,warmup,82,pair_split_line,524288,1048576,48179,967493849289674249,2429047,11,11,9553461056199342169,9553461056199342169
10,P,20260918,83,0,warmup,83,stride_513,12288,1048576,1027,16214486713817262027,1351515,11,11,3776769180852905984,3776769180852905984
10,P,20260918,84,0,warmup,84,stride_1,134217728,1048576,15167266,15256932770796977636,2185197,11,11,5518289195643526276,5518289195643526276
10,P,20260918,85,0,warmup,85,stride_17,393216,1048576,22271,9003295468035407368,1413756,11,11,6188375614291747126,6188375614291747126
10,P,20260918,86,0,warmup,86,stride_17,8388608,1048576,934642,11678344974174718445,3816203,11,11,18303280461608560459,18303280461608560459
10,P,20260918,87,0,warmup,87,stride_17,4194304,1048576,295571,10026436526571635894,3041508,11,11,12406089252390561320,12406089252390561320
10,P,20260918,88,0,warmup,88,stride_1_double,268435456,2097152,32733236,4283338432311340907,3426663,11,11,17620301552773841704,17620301552773841704
10,P,20260918,89,0,warmup,89,stride_1_double,6144,2097152,484,3317221442647367670,2710072,11,11,1169522793771549151,1169522793771549151
10,P,20260918,90,0,warmup,90,stride_17,98304,1048576,10186,9001659971460297070,1360798,11,11,15801323826267610075,15801323826267610075
10,P,20260918,91,0,warmup,91,pair_split_line,786432,1048576,55267,6819902977030617478,2512196,11,11,10977812603970865356,10977812603970865356
10,P,20260918,92,0,warmup,92,stride_17,268435456,1048576,23041385,13874941713349043104,8807534,11,11,11142626482862507648,11142626482862507648
10,P,20260918,93,0,warmup,93,stride_1_bis,12582912,1048576,838950,8338361357006012087,1605535,11,11,15588841181995155856,15588841181995155856
10,P,20260918,94,0,warmup,94,stride_1,6291456,1048576,647693,12825724778608613446,1861508,11,11,4185332616001497691,4185332616001497691
10,P,20260918,95,0,warmup,95,pair_split_line,134217728,1048576,5017280,7033169544894896721,24536243,11,11,18316286227166406135,18316286227166406135
10,P,20260918,96,0,warmup,96,stride_513,262144,1048576,30550,12296717432236204214,1488047,11,11,3252759155835688704,3252759155835688704
10,P,20260918,97,0,warmup,97,pair_split_line,32768,1048576,2082,14092377277087896586,1924721,11,11,1997064176810555457,1997064176810555457
10,P,20260918,98,0,warmup,98,stride_1_bis,524288,1048576,50128,9628707590203920082,1363357,11,11,10061883979847375520,10061883979847375520
10,P,20260918,99,0,warmup,99,stride_1_bis,393216,1048576,7674,7006472689259191686,1351679,11,11,5192153610173240081,5192153610173240081
10,P,20260918,100,0,warmup,100,stride_1_bis,262144,1048576,19366,2709040229732767153,1354441,11,11,3252759155835688704,3252759155835688704
10,P,20260918,101,0,warmup,101,stride_1_double,49152,2097152,907,4762295826402041571,2706850,11,11,13578145109719035324,13578145109719035324
10,P,20260918,102,0,warmup,102,random,6291456,1048576,613937,16270411719958990429,8212458,11,11,2905296533856733775,2905296533856733775
10,P,20260918,103,0,warmup,103,stride_1_bis,65536,1048576,2585,9592587118102685689,1352708,11,11,16423878549329276288,16423878549329276288
10,P,20260918,104,0,warmup,104,stride_1,786432,1048576,74510,17241812559336126811,1376395,11,11,6924090509095268531,6924090509095268531
10,P,20260918,105,0,warmup,105,stride_17,33554432,1048576,2660561,15694947198624067040,7956097,11,11,16968043857108530201,16968043857108530201
10,P,20260918,106,0,warmup,106,random,8192,1048576,362,1155391158180158323,1099624,11,11,16717642524643106068,16717642524643106068
10,P,20260918,107,0,warmup,107,pair_split_line,16384,1048576,1028,13334982124481085214,1912685,11,11,1813948079629463147,1813948079629463147
10,P,20260918,108,0,warmup,108,stride_1_bis,134217728,1048576,11352709,17667042056271565131,2095233,11,11,16534865778696845022,16534865778696845022
10,P,20260918,109,0,warmup,109,stride_1,2097152,1048576,168269,16520324307479746010,1551034,11,11,14577075130308765988,14577075130308765988
10,P,20260918,110,0,warmup,110,stride_17,6144,1048576,338,5471661727333911291,1356200,11,11,8259895808694409572,8259895808694409572
10,P,20260918,111,0,warmup,111,stride_1_bis,786432,1048576,85595,14176559080789762196,1373209,11,11,6335414367152258910,6335414367152258910
10,P,20260918,112,0,warmup,112,pair_same_line,262144,1048576,13564,3104187468074294748,1824123,11,11,968920353792845877,968920353792845877
10,P,20260918,113,0,warmup,113,random,786432,1048576,86221,14879899003435279782,1179539,11,11,5112534860096199552,5112534860096199552
10,P,20260918,114,0,warmup,114,stride_1_bis,16384,1048576,1626,17902048536652217588,1415297,11,11,9548053087369131008,9548053087369131008
10,P,20260918,115,0,warmup,115,random,393216,1048576,33362,18368890387690098334,1151317,11,11,11248601113683011483,11248601113683011483
10,P,20260918,116,0,warmup,116,stride_4097,134217728,1048576,11727360,13749234025248780630,6986712,11,11,4285489986459177705,4285489986459177705
10,P,20260918,117,0,warmup,117,stride_17,524288,1048576,13801,16169172106023135622,1415859,11,11,10061883979847375520,10061883979847375520
10,P,20260918,118,0,warmup,118,random,49152,1048576,654,6290838865248362140,1088370,11,11,6844291811426344145,6844291811426344145
10,P,20260918,119,0,warmup,119,stride_17,2097152,1048576,187049,6047622178982100938,1592511,11,11,14577075130308765988,14577075130308765988
10,P,20260918,120,0,warmup,120,pair_same_line,25165824,1048576,165997,7892254685425634421,13848807,11,11,8227042347920345757,8227042347920345757
10,P,20260918,121,0,warmup,121,pair_split_line,8388608,1048576,538686,13296024090632691917,8127026,11,11,12554025418603438532,12554025418603438532
10,P,20260918,122,0,warmup,122,stride_513,16384,1048576,824,16176646269695075339,1361808,11,11,9548053087369131008,9548053087369131008
10,P,20260918,123,0,warmup,123,pair_split_line,33554432,1048576,2140207,12688971957430738398,17765731,11,11,16133040607395888737,16133040607395888737
10,P,20260918,124,0,warmup,124,stride_1,50331648,1048576,3305314,5002127256487051013,2210584,11,11,350438820234995986,350438820234995986
10,P,20260918,125,0,warmup,125,pair_split_line,6291456,1048576,565423,11027825607832402057,5910929,11,11,8008120646557895616,8008120646557895616
10,P,20260918,126,0,warmup,126,random,4096,1048576,495,8925623045008823738,1112682,11,11,6115525079201527939,6115525079201527939
10,P,20260918,127,0,warmup,127,stride_17,67108864,1048576,3604182,9383925631914036531,8607936,11,11,17506110054390716639,17506110054390716639
10,P,20260918,128,0,warmup,128,pair_same_line,4194304,1048576,325563,7378934322380417057,3219973,11,11,18332920280665907091,18332920280665907091
10,P,20260918,129,0,warmup,129,pair_split_line,1048576,1048576,45056,17613370521755078689,2550800,11,11,8622723229234102515,8622723229234102515
10,P,20260918,130,0,warmup,130,stride_513,8192,1048576,996,1770122407128351566,1382446,11,11,116592947459441664,116592947459441664
10,P,20260918,131,0,warmup,131,pair_split_line,268435456,1048576,16232647,9445787063119164262,26955896,11,11,6970254457017787738,6970254457017787738
10,P,20260918,132,0,warmup,132,stride_1_double,67108864,2097152,1946754,9016503798400521744,4721287,11,11,12458971209396519088,12458971209396519088
10,P,20260918,133,0,warmup,133,stride_1,49152,1048576,5410,4242198562008472578,1572377,11,11,6293663911143025924,6293663911143025924
10,P,20260918,134,0,warmup,134,random,16384,1048576,321,7165954861007314901,1242407,11,11,14957548409971356370,14957548409971356370
10,P,20260918,135,0,warmup,135,stride_4097,201326592,1048576,2650319,12341375433388851353,9021502,11,11,8448331373781166084,8448331373781166084
10,P,20260918,136,0,warmup,136,stride_1_double,50331648,2097152,2866495,1469294359408353514,4741879,11,11,4765162440599649035,4765162440599649035
10,P,20260918,137,0,warmup,137,stride_4097,16777216,1048576,935824,9351312048945398634,7137051,11,11,4715947224003304702,4715947224003304702
10,P,20260918,138,0,warmup,138,stride_513,131072,1048576,13696,3232995021365785789,1655027,11,11,16921412609114818048,16921412609114818048
10,P,20260918,139,0,warmup,139,stride_1_bis,201326592,1048576,15438089,3693161665904865755,1872221,11,11,5742619555026753306,5742619555026753306
10,P,20260918,140,0,warmup,140,stride_513,33554432,1048576,568494,10471454001205714887,10391050,11,11,17283795172078950273,17283795172078950273
10,P,20260918,141,0,warmup,141,stride_4097,524288,1048576,2759,11680220678828210376,1809384,11,11,10061883979847375520,10061883979847375520
10,P,20260918,142,0,warmup,142,stride_4097,24576,1048576,1553,14941208520216978983,1608848,11,11,10012082161992278982,10012082161992278982
10,P,20260918,143,0,warmup,143,stride_17,196608,1048576,5857,9644863714594680487,1576396,11,11,15944739005752894545,15944739005752894545
10,P,20260918,144,0,warmup,144,random,268435456,1048576,27067154,5574484459176910494,17902583,11,11,8043804598203442073,8043804598203442073
10,P,20260918,145,0,warmup,145,random,24576,1048576,2086,11338442063550156775,1659340,11,11,861359669872025465,861359669872025465
10,P,20260918,146,0,warmup,146,pair_split_line,4194304,1048576,116626,3259036307524848550,6338257,11,11,13058158204739218217,13058158204739218217
10,P,20260918,147,0,warmup,147,pair_same_line,16777216,1048576,2069243,3748875324008748702,12943054,11,11,13624570864524227776,13624570864524227776
10,P,20260918,148,0,warmup,148,stride_1,8192,1048576,949,17525801546215357805,1888612,11,11,116592947459441664,116592947459441664
10,P,20260918,149,0,warmup,149,stride_4097,100663296,1048576,9095209,17967714098979588402,9112474,11,11,10347140990339222512,10347140990339222512
10,P,20260918,150,0,warmup,150,stride_1_bis,16777216,1048576,1852860,5828873702329829791,2234297,11,11,17614939204503538437,17614939204503538437
10,P,20260918,151,0,warmup,151,stride_1,131072,1048576,9026,3430485394522034604,1845830,11,11,16921412609114818048,16921412609114818048
10,P,20260918,152,0,warmup,152,random,1572864,1048576,77448,17584308423430841934,2122458,11,11,15597773670073805101,15597773670073805101
10,P,20260918,153,0,warmup,153,stride_17,24576,1048576,2890,8409308786858308801,1725406,11,11,13734815552726318292,13734815552726318292
10,P,20260918,154,0,warmup,154,pair_split_line,98304,1048576,4390,1735071041391788810,2631580,11,11,12590834078259351949,12590834078259351949
10,P,20260918,155,0,warmup,155,stride_1_double,786432,2097152,5520,12256477609386322871,3185732,11,11,7191822504403443346,7191822504403443346
10,P,20260918,156,0,warmup,156,pair_same_line,196608,1048576,16842,12029414628129134597,1951910,11,11,4886544875925137708,4886544875925137708
10,P,20260918,157,0,warmup,157,stride_1_double,16384,2097152,801,15867201161551875026,2781620,11,11,649362101028710400,649362101028710400
10,P,20260918,158,0,warmup,158,pair_same_line,2097152,1048576,178147,11730507902529279115,2881717,11,11,7479287437446840162,7479287437446840162
10,P,20260918,159,0,warmup,159,stride_17,8192,1048576,1006,3814315445709623191,1352552,11,11,116592947459441664,116592947459441664
10,P,20260918,160,0,warmup,160,stride_1_bis,33554432,1048576,3769028,8612594691329689493,1845625,11,11,836764590033474212,836764590033474212
10,P,20260918,161,0,warmup,161,stride_513,24576,1048576,2969,13128691822301130260,1360939,11,11,13347672456076306432,13347672456076306432
10,P,20260918,162,0,warmup,162,stride_1_double,1048576,2097152,67900,9782963058605291446,2748285,11,11,17594462461740979760,17594462461740979760
10,P,20260918,163,0,warmup,163,random,1048576,1048576,75038,17086297601421012605,1168866,11,11,12956258869768852041,12956258869768852041
10,P,20260918,164,0,warmup,164,stride_17,201326592,1048576,4048492,10041829351157525034,8981518,11,11,12935526723538490683,12935526723538490683
10,P,20260918,165,0,warmup,165,pair_split_line,262144,1048576,19873,3444418271710957114,3262583,11,11,3029668989629458531,3029668989629458531
10,P,20260918,166,0,warmup,166,stride_1_bis,196608,1048576,1652,8899977944442430314,1613744,11,11,16864250544615466981,16864250544615466981
10,P,20260918,167,0,warmup,167,stride_17,32768,1048576,1405,5487626631170591887,1505545,11,11,10598541984122395648,10598541984122395648
10,P,20260918,168,0,warmup,168,stride_1_double,8192,2097152,1008,3586771080062570104,2843019,11,11,233185894918883328,233185894918883328
10,P,20260918,169,0,warmup,169,stride_4097,12288,1048576,34,11678416840363785883,1407507,11,11,5898639952639736488,5898639952639736488
10,P,20260918,170,0,warmup,170,pair_same_line,1572864,1048576,185322,6732117184531209135,3084060,11,11,4554429902610426601,4554429902610426601
10,P,20260918,171,0,warmup,171,pair_split_line,100663296,1048576,5974925,12901470826120934390,24604856,11,11,14640744798819353611,14640744798819353611
10,P,20260918,172,0,warmup,172,random,32768,1048576,1108,11705943190423106319,1174431,11,11,10049573154165610307,10049573154165610307
10,P,20260918,173,0,warmup,173,stride_4097,12582912,1048576,792895,9812627361004349639,6286411,11,11,1109383505102267823,1109383505102267823
10,P,20260918,174,0,warmup,174,stride_1,1572864,1048576,43098,16646702023046265937,1468304,11,11,16409980073953195529,16409980073953195529
10,P,20260918,175,0,warmup,175,stride_513,32768,1048576,1761,10697463521730749217,1408278,11,11,10598541984122395648,10598541984122395648
10,P,20260918,176,0,warmup,176,stride_1,16384,1048576,1717,14206644285488470346,1362749,11,11,9548053087369131008,9548053087369131008
10,P,20260918,177,0,warmup,177,stride_17,50331648,1048576,2157577,7773766703693026651,8561437,11,11,6099726685004990528,6099726685004990528
10,P,20260918,178,0,warmup,178,stride_1_double,12288,2097152,385,12412823721951754564,2923181,11,11,8945379850558333339,8945379850558333339
10,P,20260918,179,0,warmup,179,stride_4097,98304,1048576,2620,5187582464564639245,1464076,11,11,12585329261346702908,12585329261346702908
10,P,20260918,180,0,warmup,180,stride_513,2097152,1048576,111505,16468995952070425280,2161355,11,11,14577075130308765988,14577075130308765988
10,P,20260918,181,0,warmup,181,stride_1_bis,4096,1048576,105,11178932307444195798,1352022,11,11,8154595385843253248,8154595385843253248
10,P,20260918,182,0,warmup,182,stride_1_bis,8192,1048576,142,10923525452123965521,1350674,11,11,116592947459441664,116592947459441664
10,P,20260918,183,0,warmup,183,pair_same_line,524288,1048576,19000,1211021353711199663,1915433,11,11,15359389227692598819,15359389227692598819
10,P,20260918,184,0,warmup,184,random,4194304,1048576,150859,15795192234797397011,3017355,11,11,6843779500406547236,6843779500406547236
10,P,20260918,185,0,warmup,185,stride_1,16777216,1048576,1645807,14856010482615336800,1887090,11,11,6570513589703340070,6570513589703340070
10,P,20260918,186,0,warmup,186,stride_1_double,6291456,2097152,331879,18009835346488007136,2894719,11,11,7158584225820165640,7158584225820165640
10,P,20260918,187,0,warmup,187,stride_513,786432,1048576,23070,9584021019542285488,1436327,11,11,18197965301733415104,18197965301733415104
10,P,20260918,188,0,warmup,188,stride_513,100663296,1048576,9128039,8749075720553002167,11628090,11,11,8145235886500022236,8145235886500022236
10,P,20260918,189,0,warmup,189,stride_1_double,98304,2097152,6978,15938558233116187653,2713562,11,11,17572524564195850678,17572524564195850678
10,P,20260918,190,0,warmup,190,stride_513,98304,1048576,7620,13304762576077177891,1406832,11,11,3510283103173401088,3510283103173401088
10,P,20260918,191,0,warmup,191,stride_17,6291456,1048576,490066,5796381219947948613,4254902,11,11,749284336290087872,749284336290087872
10,P,20260918,192,0,warmup,192,stride_1_bis,131072,1048576,5114,3707511941039652255,1358842,11,11,16921412609114818048,16921412609114818048
10,P,20260918,193,0,warmup,193,stride_17,1572864,1048576,46080,11721105454911738782,1427260,11,11,12599467756533550554,12599467756533550554
10,P,20260918,194,0,warmup,194,stride_1_bis,25165824,1048576,2153513,5709200763421317901,2277940,11,11,10269307503557504554,10269307503557504554
10,P,20260918,195,0,warmup,195,stride_513,6291456,1048576,78080,9310269190225567312,2307709,11,11,8960868997562969188,8960868997562969188
10,P,20260918,196,0,warmup,196,stride_1_bis,8388608,1048576,107831,3146510335740702945,1653687,11,11,18303280461608560459,18303280461608560459
10,P,20260918,197,0,warmup,197,pair_same_line,8388608,1048576,323437,5153621382225620818,3595497,11,11,13878560852031390940,13878560852031390940
10,P,20260918,198,0,warmup,198,stride_1_double,262144,2097152,12550,15043627758499747953,2752166,11,11,6505518311671377408,6505518311671377408
10,P,20260918,199,0,warmup,199,stride_513,134217728,1048576,14968240,9649155417153534173,11991761,11,11,1141695915138024346,1141695915138024346
10,P,20260918,200,0,warmup,200,stride_1_bis,49152,1048576,4761,1466795962313204201,1393386,11,11,9511091162036194253,9511091162036194253
10,P,20260918,201,0,warmup,201,random,524288,1048576,17310,10694073884356191229,1328447,11,11,14395912423846662309,14395912423846662309
10,P,20260918,202,0,warmup,202,stride_1_double,393216,2097152,31945,4363723016125331252,2824273,11,11,3296045736539338616,3296045736539338616
10,P,20260918,203,0,warmup,203,random,33554432,1048576,2016304,707839554395703802,13380047,11,11,1141095887030019554,1141095887030019554
10,P,20260918,204,0,warmup,204,pair_split_line,393216,1048576,2361,12630230284728989059,2397341,11,11,6409602779967459587,6409602779967459587
10,P,20260918,205,0,warmup,205,random,6144,1048576,726,18046885667348158688,1110530,11,11,14441739694088997271,14441739694088997271
10,P,20260918,206,0,warmup,206,stride_513,3145728,1048576,335583,1981135829603499781,2412629,11,11,11181227820694052192,11181227820694052192
10,P,20260918,207,0,warmup,207,stride_1,67108864,1048576,8364193,12247745642254617132,1982151,11,11,1822202471919861302,1822202471919861302
10,P,20260918,208,0,warmup,208,stride_1_bis,12288,1048576,919,14879502920022007605,1412545,11,11,11866970705321145136,11866970705321145136
10,P,20260918,209,0,warmup,209,pair_same_line,16384,1048576,904,32472636042912415,1632516,11,11,12758454182932988409,12758454182932988409
10,P,20260918,210,0,warmup,210,stride_1,25165824,1048576,1874837,13831476968252564661,1907574,11,11,18009270758203144517,18009270758203144517
10,P,20260918,211,0,warmup,211,stride_1_bis,6291456,1048576,209543,15885333508060630101,1811439,11,11,15309690835099733662,15309690835099733662
10,P,20260918,212,0,warmup,212,stride_513,50331648,1048576,5347315,15685741297211865677,11607445,11,11,2725719923739808375,2725719923739808375
10,P,20260918,213,0,warmup,213,stride_4097,2097152,1048576,150006,18305379661801756638,1705666,11,11,14577075130308765988,14577075130308765988
10,P,20260918,214,0,warmup,214,stride_513,1048576,1048576,45586,742698409672927321,1577879,11,11,8797231230870489880,8797231230870489880
10,P,20260918,215,0,warmup,215,pair_split_line,65536,1048576,4863,1792581244902449634,2136010,11,11,10484862609473666946,10484862609473666946
10,P,20260918,216,0,warmup,216,stride_1,12582912,1048576,1454846,17025465231855011639,1932993,11,11,9795811466832729178,9795811466832729178
10,P,20260918,217,0,warmup,217,stride_17,16777216,1048576,1791352,3215484361813353420,6122918,11,11,13604841785200230600,13604841785200230600
10,P,20260918,218,0,warmup,218,stride_513,1572864,1048576,58747,8646686130598495671,1556681,11,11,16747479167117318944,16747479167117318944
10,P,20260918,219,0,warmup,219,stride_1_double,1572864,2097152,62240,13363820999356890689,2828618,11,11,12766214241186505707,12766214241186505707
10,P,20260918,220,0,warmup,220,stride_513,16777216,1048576,1715824,1477339378982640849,6789159,11,11,5401826286179051009,5401826286179051009
10,P,20260918,221,0,warmup,221,pair_same_line,131072,1048576,4106,2319689792554011425,1787974,11,11,13234614833489771797,13234614833489771797
10,P,20260918,222,0,warmup,222,pair_split_line,50331648,1048576,187552,3601069358643582636,20570076,11,11,930247110357616764,930247110357616764
10,P,20260918,223,0,warmup,223,stride_17,134217728,1048576,13179978,4873635668854998683,8957652,11,11,8208951771264996479,8208951771264996479
10,P,20260918,224,0,warmup,224,pair_split_line,196608,1048576,22065,4462147824343563954,2719271,11,11,6180875984591222298,6180875984591222298
10,P,20260918,225,0,warmup,225,stride_4097,16384,1048576,32,5311674838961504743,1536310,11,11,9548053087369131008,9548053087369131008
10,P,20260918,226,0,warmup,226,stride_1_double,131072,2097152,15215,7579686276760031748,2961139,11,11,15396081144520084480,15396081144520084480
10,P,20260918,227,0,warmup,227,stride_1_double,524288,2097152,59684,17353771292847420561,2835669,11,11,1677023885985199424,1677023885985199424
10,P,20260918,228,0,warmup,228,random,67108864,1048576,7320562,17997688323848650590,16591807,11,11,9437309370981232736,9437309370981232736
10,P,20260918,229,0,warmup,229,stride_1,201326592,1048576,24812060,6044692304883763151,1934689,11,11,375183636827634887,375183636827634887
10,P,20260918,230,0,warmup,230,stride_1_bis,32768,1048576,372,7433915241525025648,1609601,11,11,10598541984122395648,10598541984122395648
10,P,20260918,231,0,warmup,231,stride_513,196608,1048576,16937,6621060117204275501,1633623,11,11,8126674812445135616,8126674812445135616
10,P,20260918,232,0,warmup,232,stride_1_bis,6144,1048576,304,13431176141581934109,1505517,11,11,5096683164596929751,5096683164596929751
10,P,20260918,233,0,warmup,233,stride_1_double,25165824,2097152,2587281,5587100843834027253,4264707,11,11,1160333252376726822,1160333252376726822
10,P,20260918,234,0,warmup,234,stride_4097,50331648,1048576,1544248,15003908241531850208,8316077,11,11,16711701616877915178,16711701616877915178
10,P,20260918,235,0,warmup,235,stride_4097,4194304,1048576,93347,1822236676604347362,1936411,11,11,12406089252390561320,12406089252390561320
10,P,20260918,236,0,warmup,236,stride_513,6144,1048576,307,16104561024756632425,1459075,11,11,6657726286896836608,6657726286896836608
10,P,20260918,237,0,warmup,237,stride_4097,196608,1048576,3655,1088899004971374228,1447601,11,11,8209511535242802917,8209511535242802917
10,P,20260918,238,0,warmup,238,stride_513,4096,1048576,349,4976300907766475077,1352391,11,11,8154595385843253248,8154595385843253248
10,P,20260918,239,0,warmup,239,stride_1,4194304,1048576,476988,8678811572478744890,1512162,11,11,12406089252390561320,12406089252390561320
10,P,20260918,240,0,warmup,240,pair_same_line,33554432,1048576,1529147,6179805105009652304,14392623,11,11,15865000855674839219,15865000855674839219
10,P,20260918,241,0,warmup,241,stride_4097,268435456,1048576,27711452,4830699549291935923,7946651,11,11,9345140050830404156,9345140050830404156
10,P,20260918,242,0,warmup,242,random,12288,1048576,1194,17446652433694112608,1387198,11,11,4394009149969880334,4394009149969880334
10,P,20260918,243,0,warmup,243,stride_1,3145728,1048576,130076,3158545313664603718,1952881,11,11,13242698930736690773,13242698930736690773
10,P,20260918,244,0,warmup,244,stride_1_bis,67108864,1048576,4382774,3275233305680904858,2038616,11,11,5847766292191177706,5847766292191177706
10,P,20260918,245,0,warmup,245,stride_17,12288,1048576,1049,573631721833686194,1514881,11,11,1514027452544478002,1514027452544478002
10,P,20260918,246,0,warmup,246,random,98304,1048576,10347,8065149692685926371,1183320,11,11,12219315414368443254,12219315414368443254
10,P,20260918,247,0,warmup,247,stride_513,4194304,1048576,37498,18029424571202141094,1942639,11,11,12406089252390561320,12406089252390561320
10,P,20260918,248,0,warmup,248,stride_513,25165824,1048576,1273856,16940896379740258248,10095178,11,11,11886943178879158261,11886943178879158261
10,P,20260918,249,0,warmup,249,stride_513,393216,1048576,2158,11805881857134240869,1627104,11,11,14847694413740558592,14847694413740558592
10,P,20260918,250,0,warmup,250,stride_17,100663296,1048576,5132838,8311172354243299053,9067785,11,11,1318122538842433706,1318122538842433706
10,P,20260918,251,0,warmup,251,random,16777216,1048576,897876,15790339731536603127,10695602,11,11,1296383911362269952,1296383911362269952
10,P,20260918,252,0,warmup,252,stride_1,24576,1048576,2618,14907427179163194886,1838106,11,11,15701656763464697136,15701656763464697136
10,P,20260918,253,0,warmup,253,stride_17,3145728,1048576,238310,13886372869862355800,3403587,11,11,9856686426767956545,9856686426767956545
10,P,20260918,254,0,warmup,254,stride_1_double,8388608,2097152,709216,5730636032722518963,3857413,11,11,18159816849507569302,18159816849507569302
10,P,20260918,255,0,warmup,255,stride_513,67108864,1048576,5157700,14807171016634093796,11607719,11,11,3119711911412879635,3119711911412879635
10,P,20260918,256,0,warmup,256,stride_17,49152,1048576,2490,2063753575997134845,1797123,11,11,14910451953858316827,14910451953858316827
10,P,20260918,257,0,warmup,257,stride_1,4096,1048576,266,9219240232255695413,1786841,11,11,8154595385843253248,8154595385843253248
10,P,20260918,258,0,warmup,258,stride_17,4096,1048576,46,16034681231962590402,1690848,11,11,8154595385843253248,8154595385843253248
10,P,20260918,259,0,warmup,259,stride_17,12582912,1048576,927586,17806713745817556369,5298080,11,11,7027033002109930939,7027033002109930939
10,P,20260918,260,0,warmup,260,stride_17,65536,1048576,3043,3519264542243786256,1613812,11,11,16423878549329276288,16423878549329276288
10,P,20260918,261,0,warmup,261,pair_split_line,49152,1048576,2574,301183307032263989,2162463,11,11,16577199628040454900,16577199628040454900
10,P,20260918,262,0,warmup,262,pair_split_line,12582912,1048576,785002,11127507190534069192,8128824,11,11,2875139172509130150,2875139172509130150
10,P,20260918,263,0,warmup,263,stride_1,65536,1048576,1469,11867766325794003200,1352710,11,11,16423878549329276288,16423878549329276288
10,P,20260918,264,0,warmup,264,stride_513,49152,1048576,2895,2528573056582035523,1428903,11,11,9764209366394647040,9764209366394647040
10,P,20260918,265,0,warmup,265,stride_4097,3145728,1048576,234025,5610492247669453422,1699555,11,11,8640179360256433670,8640179360256433670
10,P,20260918,266,0,warmup,266,stride_1_bis,50331648,1048576,3737312,2855866519548774147,2290854,11,11,109941825505946531,109941825505946531
10,P,20260918,267,0,warmup,267,random,196608,1048576,20721,5065839787316331343,1147230,11,11,16065320603955165743,16065320603955165743
10,P,20260918,268,0,warmup,268,stride_4097,786432,1048576,28154,7452482228714671626,1438575,11,11,15288277331131619908,15288277331131619908
10,P,20260918,269,0,warmup,269,stride_1,196608,1048576,21851,2897505948668767904,1351471,11,11,13559832545543415474,13559832545543415474
10,P,20260918,270,0,warmup,270,random,201326592,1048576,9084163,12860804368722166188,16715197,11,11,4497628804695659333,4497628804695659333
10,P,20260918,271,0,warmup,271,stride_1_double,196608,2097152,813,16723692053903098662,2782580,11,11,10180257874575859821,10180257874575859821
10,P,20260918,272,0,warmup,272,stride_1_double,32768,2097152,222,2014335429317095055,2726326,11,11,2750339894535239680,2750339894535239680
10,P,20260918,273,0,warmup,273,pair_same_line,268435456,1048576,20292971,645504084541099601,19074083,11,11,17787425975929601141,17787425975929601141
10,P,20260918,274,0,warmup,274,stride_513,268435456,1048576,12782374,3089099733443270612,12960071,11,11,5585662225037968729,5585662225037968729
10,P,20260918,275,0,warmup,275,pair_same_line,100663296,1048576,1261596,117970931033647519,19915460,11,11,18247047274771013947,18247047274771013947
10,P,20260918,276,0,warmup,276,random,12582912,1048576,1279069,9570489610081626893,12537825,11,11,1956081192525558635,1956081192525558635
10,P,20260918,277,0,warmup,277,stride_4097,262144,1048576,20511,996349544463107006,2481363,11,11,3252759155835688704,3252759155835688704
10,P,20260918,278,0,warmup,278,pair_split_line,67108864,1048576,8033985,10429375847819329195,27704703,11,11,12157459696367335336,12157459696367335336
10,P,20260918,279,0,warmup,279,random,262144,1048576,15698,8607524128639461678,2361314,11,11,3720168686293296217,3720168686293296217
10,P,20260918,280,0,warmup,280,stride_4097,1572864,1048576,141973,12361012272791220672,2228176,11,11,11536246460976916537,11536246460976916537
10,P,20260918,281,0,warmup,281,pair_same_line,49152,1048576,4617,15110314678417513016,2048116,11,11,2808925146820842100,2808925146820842100
10,P,20260918,282,0,warmup,282,stride_17,131072,1048576,13314,3162748800207988365,1751375,11,11,16921412609114818048,16921412609114818048
10,P,20260918,283,0,warmup,283,stride_513,524288,1048576,20670,16126597351816846838,1929721,11,11,10061883979847375520,10061883979847375520
10,P,20260918,284,0,warmup,284,stride_1_double,134217728,2097152,16081154,6860850397343793969,5204955,11,11,4493424260242963687,4493424260242963687
10,P,20260918,285,0,warmup,285,pair_same_line,134217728,1048576,4592787,12834180957377061682,20426004,11,11,11860779287085586238,11860779287085586238
10,P,20260918,286,0,warmup,286,stride_1_double,4194304,2097152,400892,3584245935945956858,4807864,11,11,6365434431071571024,6365434431071571024
10,P,20260918,287,0,warmup,287,stride_4097,131072,1048576,3873,12313227863330780865,1787161,11,11,16921412609114818048,16921412609114818048
10,P,20260918,288,0,warmup,288,stride_1_bis,98304,1048576,2645,10012714297382869660,1695920,11,11,2982959720839275777,2982959720839275777
10,P,20260918,289,0,warmup,289,pair_split_line,25165824,1048576,312268,5965208916787906227,16440577,11,11,14375910404810503826,14375910404810503826
10,P,20260918,290,0,warmup,290,pair_split_line,201326592,1048576,10408579,18210537726114834608,26628119,11,11,5183968017655062008,5183968017655062008
10,P,20260918,291,0,warmup,291,stride_4097,6144,1048576,284,7657009882325996473,2924828,11,11,17135553675628247575,17135553675628247575
10,P,20260918,292,0,warmup,292,stride_1,393216,1048576,9706,10705250032302523008,2021801,11,11,6971262257291238223,6971262257291238223
10,P,20260918,293,0,warmup,293,pair_same_line,12582912,1048576,345555,11999510978309427414,16227283,11,11,17192212284614027366,17192212284614027366
10,P,20260918,294,0,warmup,294,pair_split_line,24576,1048576,2153,5118779798558956391,3175809,11,11,11772381751206091110,11772381751206091110
10,P,20260918,295,0,warmup,295,stride_1,33554432,1048576,1226367,16540459960254963805,2386176,11,11,18043397213739829621,18043397213739829621
10,P,20260918,296,0,warmup,296,stride_1_double,4096,2097152,171,4125045456845201485,3537072,11,11,16309190771686506496,16309190771686506496
10,P,20260918,297,1,measure,0,stride_1_double,25165824,2097152,1051896,5136775426077421700,4955516,11,11,10888942389244740264,10888942389244740264
10,P,20260918,298,1,measure,1,stride_513,25165824,1048576,2064518,5683454772344799268,9015864,11,11,11886943178879158261,11886943178879158261
10,P,20260918,299,1,measure,2,stride_513,786432,1048576,56979,11290222069861851835,2204728,11,11,18197965301733415104,18197965301733415104
10,P,20260918,300,1,measure,3,stride_1_bis,524288,1048576,20806,2370605242625588726,1859197,11,11,10061883979847375520,10061883979847375520
10,P,20260918,301,1,measure,4,stride_1_double,4096,2097152,49,16546911915473017576,3392379,11,11,16309190771686506496,16309190771686506496
10,P,20260918,302,1,measure,5,pair_split_line,8388608,1048576,860311,4782419958155882712,9810472,11,11,9752620233427495182,9752620233427495182
10,P,20260918,303,1,measure,6,stride_17,100663296,1048576,7824653,13348508944376247807,10055680,11,11,2015968892960809061,2015968892960809061
10,P,20260918,304,1,measure,7,stride_1_double,4194304,2097152,181899,14646752822925718164,3669034,11,11,6365434431071571024,6365434431071571024
10,P,20260918,305,1,measure,8,stride_513,2097152,1048576,104964,14955088947285672490,1747503,11,11,14577075130308765988,14577075130308765988
10,P,20260918,306,1,measure,9,stride_1_bis,6144,1048576,35,4747142114299982661,1608706,11,11,10886829496961117130,10886829496961117130
10,P,20260918,307,1,measure,10,pair_same_line,268435456,1048576,18297852,15522319884981397985,20106015,11,11,8474221591271272450,8474221591271272450
10,P,20260918,308,1,measure,11,stride_17,2097152,1048576,136734,7609685602502265386,2210941,11,11,14577075130308765988,14577075130308765988
10,P,20260918,309,1,measure,12,pair_same_line,12582912,1048576,783962,15708572416853811804,12746316,11,11,11937350578733248182,11937350578733248182
10,P,20260918,310,1,measure,13,random,16384,1048576,584,15454740016187196615,1641152,11,11,15994842805395931554,15994842805395931554
10,P,20260918,311,1,measure,14,stride_17,8192,1048576,167,4099517409213029907,1942834,11,11,116592947459441664,116592947459441664
10,P,20260918,312,1,measure,15,stride_4097,49152,1048576,4010,13361504593705069460,1800172,11,11,9559964528624231142,9559964528624231142
10,P,20260918,313,1,measure,16,stride_1_bis,8388608,1048576,897351,11807517150882127619,2010844,11,11,18303280461608560459,18303280461608560459
10,P,20260918,314,1,measure,17,pair_split_line,32768,1048576,4084,12954504261121935686,2314074,11,11,12428648034497778296,12428648034497778296
10,P,20260918,315,1,measure,18,stride_513,50331648,1048576,5969564,2875829079081414724,12494104,11,11,10331026723335519819,10331026723335519819
10,P,20260918,316,1,measure,19,random,100663296,1048576,2427175,14110118308641107319,17204868,11,11,11043361052065028739,11043361052065028739
10,P,20260918,317,1,measure,20,stride_1,65536,1048576,25,1521195727777558091,2442677,11,11,16423878549329276288,16423878549329276288
10,P,20260918,318,1,measure,21,stride_17,24576,1048576,2883,16593566032973258783,1862999,11,11,2355186872619547361,2355186872619547361
10,P,20260918,319,1,measure,22,pair_same_line,3145728,1048576,339056,3957735585553291905,5365924,11,11,16930159411198311709,16930159411198311709
10,P,20260918,320,1,measure,23,stride_1_bis,12288,1048576,997,1460829631589038098,1847591,11,11,16343327102167147318,16343327102167147318
10,P,20260918,321,1,measure,24,random,262144,1048576,30579,17159923528032288945,1406691,11,11,7874576802799617513,7874576802799617513
10,P,20260918,322,1,measure,25,random,4194304,1048576,199988,4699730144962822867,3363049,11,11,15043850110955235218,15043850110955235218
10,P,20260918,323,1,measure,26,pair_split_line,67108864,1048576,6302283,3877125974392198552,21888705,11,11,16956503220686252842,16956503220686252842
10,P,20260918,324,1,measure,27,stride_513,6291456,1048576,712003,6838325770135440732,3295435,11,11,2091461971855407884,2091461971855407884
10,P,20260918,325,1,measure,28,stride_1,268435456,1048576,1717519,10254853790584406427,2627107,11,11,817111296324212662,817111296324212662
10,P,20260918,326,1,measure,29,stride_513,12288,1048576,944,12252064312482266626,1696802,11,11,9502424420678940672,9502424420678940672
10,P,20260918,327,1,measure,30,stride_4097,1572864,1048576,92336,6410439495144476639,1805355,11,11,1443316177467697520,1443316177467697520
10,P,20260918,328,1,measure,31,stride_1,25165824,1048576,1962189,2658586236483840056,2488700,11,11,8041490825100632242,8041490825100632242
10,P,20260918,329,1,measure,32,stride_1,12288,1048576,818,11706502045248472497,1697237,11,11,9157018813715895698,9157018813715895698
10,P,20260918,330,1,measure,33,stride_513,8192,1048576,689,3501150163581483392,1687192,11,11,116592947459441664,116592947459441664
10,P,20260918,331,1,measure,34,stride_1,24576,1048576,1901,3518764613909181541,1598573,11,11,13571478315210949050,13571478315210949050
10,P,20260918,332,1,measure,35,stride_4097,196608,1048576,10434,4391838967696363406,1599373,11,11,4923539284344000052,4923539284344000052
10,P,20260918,333,1,measure,36,pair_same_line,24576,1048576,417,8163862900053317824,1763445,11,11,15072300823495519350,15072300823495519350
10,P,20260918,334,1,measure,37,stride_1_bis,8192,1048576,336,7013910553423520679,1415371,11,11,116592947459441664,116592947459441664
10,P,20260918,335,1,measure,38,pair_same_line,196608,1048576,20472,1627738017322845935,1832315,11,11,5946496452463863899,5946496452463863899
10,P,20260918,336,1,measure,39,stride_513,3145728,1048576,250888,4016234896966904284,1819542,11,11,4696861105486946824,4696861105486946824
10,P,20260918,337,1,measure,40,random,16777216,1048576,1440626,14611855174059994224,11078850,11,11,8442373194466491834,8442373194466491834
10,P,20260918,338,1,measure,41,stride_17,6291456,1048576,536040,1420666536926941160,3715861,11,11,15164015874607122219,15164015874607122219
10,P,20260918,339,1,measure,42,stride_1_bis,12582912,1048576,1086935,2675145103460907266,2007087,11,11,13633812700939022254,13633812700939022254
10,P,20260918,340,1,measure,43,stride_17,393216,1048576,31001,14312987538476329917,1505237,11,11,14002914987442896137,14002914987442896137
10,P,20260918,341,1,measure,44,stride_1,134217728,1048576,10732753,13121439059744742416,2195860,11,11,16783745836533029018,16783745836533029018
10,P,20260918,342,1,measure,45,pair_same_line,786432,1048576,81084,7618544246201197036,2087662,11,11,1662196261499667303,1662196261499667303
10,P,20260918,343,1,measure,46,stride_1_double,196608,2097152,21849,1514009864952731705,2819340,11,11,1233051582647740276,1233051582647740276
10,P,20260918,344,1,measure,47,stride_4097,786432,1048576,97268,12962806280865028040,1486497,11,11,2073751153819306677,2073751153819306677
10,P,20260918,345,1,measure,48,stride_513,268435456,1048576,705240,7521722699632701076,11071696,11,11,6346190423243352439,6346190423243352439
10,P,20260918,346,1,measure,49,stride_513,4194304,1048576,31625,6506482614525168259,2780519,11,11,12406089252390561320,12406089252390561320
10,P,20260918,347,1,measure,50,stride_1_bis,4194304,1048576,392443,4845108749959044039,1369821,11,11,12406089252390561320,12406089252390561320
10,P,20260918,348,1,measure,51,random,24576,1048576,2633,15399361312946982887,1089304,11,11,5144783266668577843,5144783266668577843
10,P,20260918,349,1,measure,52,stride_4097,131072,1048576,4922,9526488759543552738,1434233,11,11,16921412609114818048,16921412609114818048
10,P,20260918,350,1,measure,53,random,98304,1048576,5796,9020337107044308708,1132699,11,11,4195685162400457413,4195685162400457413
10,P,20260918,351,1,measure,54,pair_split_line,16384,1048576,1069,13191856247604034467,1885378,11,11,969460423146920212,969460423146920212
10,P,20260918,352,1,measure,55,stride_1,12582912,1048576,584649,6813716566538834524,2080853,11,11,11644391800043675087,11644391800043675087
10,P,20260918,353,1,measure,56,stride_4097,1048576,1048576,62058,2611021251215106522,1431564,11,11,8797231230870489880,8797231230870489880
10,P,20260918,354,1,measure,57,stride_1_bis,25165824,1048576,2410910,11493776772502599273,2053132,11,11,12017282954698758222,12017282954698758222
10,P,20260918,355,1,measure,58,pair_same_line,134217728,1048576,13615518,5623367389075904166,17661413,11,11,15339894682437703695,15339894682437703695
10,P,20260918,356,1,measure,59,random,3145728,1048576,148753,8591685583375243354,2686368,11,11,2308618079832606918,2308618079832606918
10,P,20260918,357,1,measure,60,stride_1,262144,1048576,6856,2906561180725531245,1360500,11,11,3252759155835688704,3252759155835688704
10,P,20260918,358,1,measure,61,stride_513,32768,1048576,3888,1811787047752908033,1353633,11,11,10598541984122395648,10598541984122395648
10,P,20260918,359,1,measure,62,stride_17,131072,1048576,4748,1626801591572546552,1361384,11,11,16921412609114818048,16921412609114818048
10,P,20260918,360,1,measure,63,random,8192,1048576,464,16504667879125196451,1087617,11,11,10883150982847030076,10883150982847030076
10,P,20260918,361,1,measure,64,random,268435456,1048576,9348256,11299652881428209084,17062023,11,11,1163274132386223706,1163274132386223706
10,P,20260918,362,1,measure,65,stride_1,3145728,1048576,186306,10113089707687336600,2016815,11,11,14154432150568268247,14154432150568268247
10,P,20260918,363,1,measure,66,stride_4097,24576,1048576,222,1872076914408512818,1473104,11,11,8113582614682658821,8113582614682658821
10,P,20260918,364,1,measure,67,stride_17,67108864,1048576,6980532,5727349278781584058,8818480,11,11,16916257084194820301,16916257084194820301
10,P,20260918,365,1,measure,68,stride_1_double,12288,2097152,1470,11018111542081654210,3172413,11,11,83440133607748793,83440133607748793
10,P,20260918,366,1,measure,69,pair_same_line,16384,1048576,1200,10992252011146073613,1780709,11,11,8367984907211486159,8367984907211486159
10,P,20260918,367,1,measure,70,pair_split_line,50331648,1048576,3375459,18377773484363405707,19852147,11,11,12246582026800709852,12246582026800709852
10,P,20260918,368,1,measure,71,stride_513,49152,1048576,3864,5033343004879779290,1843917,11,11,9764209366394647040,9764209366394647040
10,P,20260918,369,1,measure,72,random,134217728,1048576,182226,2095533888838554353,17619940,11,11,3839215084226150067,3839215084226150067
10,P,20260918,370,1,measure,73,stride_4097,3145728,1048576,238131,1468743302190664229,3333132,11,11,18098411589832886375,18098411589832886375
10,P,20260918,371,1,measure,74,stride_17,201326592,1048576,12280654,12343827177718335121,10574392,11,11,6121106797252231370,6121106797252231370
10,P,20260918,372,1,measure,75,stride_1_double,98304,2097152,207,3501130005006047208,4145689,11,11,14308309402409756649,14308309402409756649
10,P,20260918,373,1,measure,76,stride_1_bis,6291456,1048576,541119,15584314679667240463,2100294,11,11,6630993361690855978,6630993361690855978
10,P,20260918,374,1,measure,77,pair_split_line,2097152,1048576,167439,11487090950461839224,3689668,11,11,6401197093758908713,6401197093758908713
10,P,20260918,375,1,measure,78,stride_4097,67108864,1048576,1746664,15640127084618924060,8008958,11,11,14574153349386289700,14574153349386289700
10,P,20260918,376,1,measure,79,stride_1_double,8192,2097152,341,2747311230288553113,4137186,11,11,233185894918883328,233185894918883328
10,P,20260918,377,1,measure,80,stride_1_double,393216,2097152,34039,5735469562735226477,3462753,11,11,15289071314283109599,15289071314283109599
10,P,20260918,378,1,measure,81,stride_513,262144,1048576,15725,288615733871356508,1705056,11,11,3252759155835688704,3252759155835688704
10,P,20260918,379,1,measure,82,random,65536,1048576,7617,979985386274205164,1335269,11,11,1800150538698059117,1800150538698059117
10,P,20260918,380,1,measure,83,random,8388608,1048576,213305,3489506924523817319,8927975,11,11,3339609182115874998,3339609182115874998
10,P,20260918,381,1,measure,84,stride_1_double,67108864,2097152,1196228,5788596849661506504,4854488,11,11,15285816100963069493,15285816100963069493
10,P,20260918,382,1,measure,85,stride_513,6144,1048576,471,5506535897607786765,1518645,11,11,6498767571919667200,6498767571919667200
10,P,20260918,383,1,measure,86,stride_1_bis,98304,1048576,6530,6422772624654721494,1476846,11,11,18231403921178156632,18231403921178156632
10,P,20260918,384,1,measure,87,stride_1_bis,4096,1048576,150,12135694086261171629,1412165,11,11,8154595385843253248,8154595385843253248
10,P,20260918,385,1,measure,88,stride_513,67108864,1048576,6649813,17686556082276334633,11809568,11,11,8682948280700812785,8682948280700812785
10,P,20260918,386,1,measure,89,random,2097152,1048576,141,12378013676225541965,2278272,11,11,17441006773324648953,17441006773324648953
10,P,20260918,387,1,measure,90,stride_4097,4096,1048576,470,10889077092231682683,1591398,11,11,8154595385843253248,8154595385843253248
10,P,20260918,388,1,measure,91,stride_1,8192,1048576,962,1259644773714564206,1539496,11,11,116592947459441664,116592947459441664
10,P,20260918,389,1,measure,92,pair_same_line,98304,1048576,2947,6866017090044730596,1909832,11,11,18268461727238782740,18268461727238782740
10,P,20260918,390,1,measure,93,stride_1_double,16384,2097152,2023,5729494313039200592,2974299,11,11,649362101028710400,649362101028710400
10,P,20260918,391,1,measure,94,stride_1,16384,1048576,206,2045687913001757732,1428658,11,11,9548053087369131008,9548053087369131008
10,P,20260918,392,1,measure,95,stride_1_bis,1048576,1048576,113396,15275233883666789730,1392757,11,11,8797231230870489880,8797231230870489880
10,P,20260918,393,1,measure,96,stride_1_bis,33554432,1048576,478702,12846844304534537413,1977095,11,11,7308990103601096188,7308990103601096188
10,P,20260918,394,1,measure,97,stride_513,131072,1048576,476,3247358775427112586,1432999,11,11,16921412609114818048,16921412609114818048
10,P,20260918,395,1,measure,98,pair_same_line,2097152,1048576,198366,14281853152222246762,3052416,11,11,9775558798429468790,9775558798429468790
10,P,20260918,396,1,measure,99,random,4096,1048576,151,10427530531518430983,1110919,11,11,11118023872839843110,11118023872839843110
10,P,20260918,397,1,measure,100,stride_1,131072,1048576,2916,9189267782380855122,1413218,11,11,16921412609114818048,16921412609114818048
10,P,20260918,398,1,measure,101,pair_split_line,25165824,1048576,2422608,9771999113637135452,14450869,11,11,9559980102365706189,9559980102365706189
10,P,20260918,399,1,measure,102,stride_1_double,24576,2097152,1260,16231956877115536080,2715671,11,11,8744408037847162832,8744408037847162832
10,P,20260918,400,1,measure,103,stride_1,1572864,1048576,29780,10418790630842691241,1497214,11,11,8986785567984572448,8986785567984572448
10,P,20260918,401,1,measure,104,pair_same_line,201326592,1048576,19621865,12543003021472012608,18403697,11,11,9831884875307346725,9831884875307346725
10,P,20260918,402,1,measure,105,pair_split_line,12582912,1048576,1406504,12975465116108778780,13354983,11,11,3828164239599297946,3828164239599297946
10,P,20260918,403,1,measure,106,stride_513,1048576,1048576,79995,4322259110883505800,1848731,11,11,8797231230870489880,8797231230870489880
10,P,20260918,404,1,measure,107,stride_1_bis,201326592,1048576,3340227,11704020903563228132,2289633,11,11,2595381371224575189,2595381371224575189
10,P,20260918,405,1,measure,108,random,201326592,1048576,15556449,11380293979212656934,17530055,11,11,4488564928470149225,4488564928470149225
10,P,20260918,406,1,measure,109,stride_1_double,50331648,2097152,3005064,4919351531083289737,5208575,11,11,3009900327790875715,3009900327790875715
10,P,20260918,407,1,measure,110,stride_1_bis,16777216,1048576,60424,3528654395973426320,2527035,11,11,12870507062956913523,12870507062956913523
10,P,20260918,408,1,measure,111,pair_same_line,65536,1048576,1609,10134054395104682390,2082008,11,11,17082118462056683705,17082118462056683705
10,P,20260918,409,1,measure,112,pair_same_line,1048576,1048576,38416,17495802673917722329,2527202,11,11,3906882444336574284,3906882444336574284
10,P,20260918,410,1,measure,113,stride_1_double,33554432,2097152,2245798,12832844254517144641,4414558,11,11,12915193935612390103,12915193935612390103
10,P,20260918,411,1,measure,114,stride_513,33554432,1048576,316282,10188289442356180791,9704829,11,11,10094241010572372103,10094241010572372103
10,P,20260918,412,1,measure,115,random,50331648,1048576,3569727,7700031043929466638,13857474,11,11,8205537994413968547,8205537994413968547
10,P,20260918,413,1,measure,116,stride_17,12288,1048576,1129,1693761400010147475,1873210,11,11,9348284800031532120,9348284800031532120
10,P,20260918,414,1,measure,117,pair_same_line,50331648,1048576,2620198,13151302573955191274,16352055,11,11,13321347377057608861,13321347377057608861
10,P,20260918,415,1,measure,118,stride_1_bis,67108864,1048576,521950,11637874385967521764,2685124,11,11,7855231961671732744,7855231961671732744
10,P,20260918,416,1,measure,119,pair_same_line,16777216,1048576,1762153,3425297695651909108,15283541,11,11,13383351695664361182,13383351695664361182
10,P,20260918,417,1,measure,120,stride_17,196608,1048576,11917,10477371864367551422,2204737,11,11,17427359345324662089,17427359345324662089
10,P,20260918,418,1,measure,121,stride_1_double,65536,2097152,8191,5179459337335459211,3765301,11,11,14401013024949000960,14401013024949000960
10,P,20260918,419,1,measure,122,pair_split_line,100663296,1048576,11367527,15486954397414187044,23662603,11,11,9752493043514026348,9752493043514026348
10,P,20260918,420,1,measure,123,stride_513,1572864,1048576,122925,17369001967454470248,2820953,11,11,15346159349426821392,15346159349426821392
10,P,20260918,421,1,measure,124,pair_same_line,6291456,1048576,204494,15268843037051022261,11222267,11,11,10775392988152548223,10775392988152548223
10,P,20260918,422,1,measure,125,stride_4097,16384,1048576,1842,15533357835894754112,2214282,11,11,9548053087369131008,9548053087369131008
10,P,20260918,423,1,measure,126,stride_1_double,131072,2097152,10248,10639561051232400840,3450822,11,11,15396081144520084480,15396081144520084480
10,P,20260918,424,1,measure,127,random,393216,1048576,19970,13138981092243120886,1423533,11,11,3635429815911469902,3635429815911469902
10,P,20260918,425,1,measure,128,pair_split_line,1048576,1048576,32859,8502594223156103220,3224177,11,11,12880125814459603738,12880125814459603738
10,P,20260918,426,1,measure,129,stride_17,262144,1048576,17533,7765562760953047069,1693076,11,11,3252759155835688704,3252759155835688704
10,P,20260918,427,1,measure,130,stride_1_double,6144,2097152,153,1690743383105134674,3316559,11,11,12928940107001150706,12928940107001150706
10,P,20260918,428,1,measure,131,stride_17,65536,1048576,7874,7296700839151278378,1563308,11,11,16423878549329276288,16423878549329276288
10,P,20260918,429,1,measure,132,pair_same_line,131072,1048576,4786,8371914583368383306,2003691,11,11,12290564226431220660,12290564226431220660
10,P,20260918,430,1,measure,133,random,524288,1048576,35206,11503688831410480615,1229296,11,11,1180650140490012361,1180650140490012361
10,P,20260918,431,1,measure,134,stride_1,50331648,1048576,2669562,5351051782895385311,2280561,11,11,9737645420872148365,9737645420872148365
10,P,20260918,432,1,measure,135,pair_split_line,4096,1048576,206,9127220775468068984,1888147,11,11,11248342922592225798,11248342922592225798
10,P,20260918,433,1,measure,136,stride_17,98304,1048576,6254,193174667703492954,1358374,11,11,6448997262661700061,6448997262661700061
10,P,20260918,434,1,measure,137,stride_4097,65536,1048576,3344,1645637218867704228,1434769,11,11,16423878549329276288,16423878549329276288
10,P,20260918,435,1,measure,138,pair_same_line,67108864,1048576,6260367,1529624681312257047,16645209,11,11,4090412757347514728,4090412757347514728
10,P,20260918,436,1,measure,139,pair_split_line,268435456,1048576,16549012,16802606040635971172,23466323,11,11,6063812960401391889,6063812960401391889
10,P,20260918,437,1,measure,140,stride_1,201326592,1048576,23143246,1963932936456824917,2345514,11,11,16777431132738251272,16777431132738251272
10,P,20260918,438,1,measure,141,stride_513,196608,1048576,9090,8077779160672565291,1949607,11,11,11662605144128544768,11662605144128544768
10,P,20260918,439,1,measure,142,stride_1_double,16777216,2097152,1929412,9577949995990780356,4904011,11,11,12841062978479921428,12841062978479921428
10,P,20260918,440,1,measure,143,pair_same_line,8192,1048576,571,6331873251015664150,2029925,11,11,8851230152315861631,8851230152315861631
10,P,20260918,441,1,measure,144,stride_17,12582912,1048576,493556,6290617591633885889,5306317,11,11,6181611503654716763,6181611503654716763
10,P,20260918,442,1,measure,145,pair_same_line,393216,1048576,24066,3405650105258955612,2255755,11,11,9654822689116919464,9654822689116919464
10,P,20260918,443,1,measure,146,pair_split_line,65536,1048576,1859,3615232229613935828,2260731,11,11,11036905648569124016,11036905648569124016
10,P,20260918,444,1,measure,147,stride_1_bis,268435456,1048576,20071579,2761427464390874498,1792241,11,11,11389923332182910986,11389923332182910986
10,P,20260918,445,1,measure,148,stride_1_double,2097152,2097152,230310,11349114207850852409,2790988,11,11,10707406186907980360,10707406186907980360
10,P,20260918,446,1,measure,149,stride_513,16384,1048576,1823,11454251358296705524,1354046,11,11,9548053087369131008,9548053087369131008
10,P,20260918,447,1,measure,150,pair_same_line,32768,1048576,2346,16550632580740261600,1640747,11,11,9773036541017402652,9773036541017402652
10,P,20260918,448,1,measure,151,stride_1_bis,100663296,1048576,6660064,5610290502979389021,1845212,11,11,2729463416194936347,2729463416194936347
10,P,20260918,449,1,measure,152,stride_513,24576,1048576,2353,11074879711912717744,1363483,11,11,1712612578793322496,1712612578793322496
10,P,20260918,450,1,measure,153,stride_4097,6291456,1048576,734263,8382397116616106290,2441614,11,11,18004686597867872373,18004686597867872373
10,P,20260918,451,1,measure,154,pair_same_line,6144,1048576,164,11826155787749045143,1646613,11,11,14167273344210529649,14167273344210529649
10,P,20260918,452,1,measure,155,random,49152,1048576,3219,5187784576226588650,1122362,11,11,6805515816095789118,6805515816095789118
10,P,20260918,453,1,measure,156,stride_4097,268435456,1048576,4899815,18431708145347095371,7538906,11,11,13717647320907271640,13717647320907271640
10,P,20260918,454,1,measure,157,pair_same_line,1572864,1048576,165819,8069284008174889768,2512901,11,11,3762677313380667891,3762677313380667891
10,P,20260918,455,1,measure,158,stride_1_bis,2097152,1048576,221106,10026907004297005638,1596723,11,11,14577075130308765988,14577075130308765988
10,P,20260918,456,1,measure,159,stride_4097,6144,1048576,759,16069205062249517945,1385180,11,11,11465612889981043697,11465612889981043697
10,P,20260918,457,1,measure,160,random,1048576,1048576,15771,1140223107933492805,1284259,11,11,6250140280642591128,6250140280642591128
10,P,20260918,458,1,measure,161,stride_1_bis,65536,1048576,7597,5377791826125047205,1386255,11,11,16423878549329276288,16423878549329276288
10,P,20260918,459,1,measure,162,stride_1_bis,393216,1048576,34530,7251715492923824871,1409986,11,11,15162516492869136211,15162516492869136211
10,P,20260918,460,1,measure,163,stride_1,786432,1048576,45646,14158715675816409592,1407974,11,11,16644324908466993567,16644324908466993567
10,P,20260918,461,1,measure,164,pair_split_line,24576,1048576,1741,2620643293643642039,1887450,11,11,10427732008264229183,10427732008264229183
10,P,20260918,462,1,measure,165,stride_513,12582912,1048576,671756,11780108754264254443,6698117,11,11,446194662936398502,446194662936398502
10,P,20260918,463,1,measure,166,pair_split_line,131072,1048576,11775,14723132725270626356,2236025,11,11,17728365653711804836,17728365653711804836
10,P,20260918,464,1,measure,167,stride_1,393216,1048576,2124,5444734486513914028,1397381,11,11,16858322667386314390,16858322667386314390
10,P,20260918,465,1,measure,168,stride_17,524288,1048576,60566,9394139270963647358,1447201,11,11,10061883979847375520,10061883979847375520
10,P,20260918,466,1,measure,169,random,6291456,1048576,667746,2814935396370627253,3304527,11,11,8768156033139624957,8768156033139624957
10,P,20260918,467,1,measure,170,stride_1,33554432,1048576,3669446,13021798247935518218,1853184,11,11,7760255648210004087,7760255648210004087
10,P,20260918,468,1,measure,171,stride_1_bis,134217728,1048576,4836116,17837894765765845778,2231607,11,11,9659032507309695032,9659032507309695032
10,P,20260918,469,1,measure,172,pair_same_line,25165824,1048576,1174293,958957854879577271,13990627,11,11,16024785275949244097,16024785275949244097
10,P,20260918,470,1,measure,173,stride_1_double,524288,2097152,41699,15532725148584987645,2888991,11,11,1677023885985199424,1677023885985199424
10,P,20260918,471,1,measure,174,stride_4097,32768,1048576,2054,10770107244375937789,1409818,11,11,10598541984122395648,10598541984122395648
10,P,20260918,472,1,measure,175,stride_17,3145728,1048576,6339,9673064952004014454,2640901,11,11,3323391988465145502,3323391988465145502
10,P,20260918,473,1,measure,176,stride_1,98304,1048576,1519,9880906669385030186,1390037,11,11,13378158321719381913,13378158321719381913
10,P,20260918,474,1,measure,177,pair_split_line,12288,1048576,64,9780237509961093164,1883199,11,11,8894288845490763810,8894288845490763810
10,P,20260918,475,1,measure,178,stride_1_double,6291456,2097152,195598,3118866705751140319,3280828,11,11,13609625991986077387,13609625991986077387
10,P,20260918,476,1,measure,179,stride_513,4096,1048576,495,5751734254540835572,1408177,11,11,8154595385843253248,8154595385843253248
10,P,20260918,477,1,measure,180,stride_1,8388608,1048576,327456,16242161226572964595,1657473,11,11,18303280461608560459,18303280461608560459
10,P,20260918,478,1,measure,181,stride_1,196608,1048576,4247,16043234993252078221,1413559,11,11,12088972206674938461,12088972206674938461
10,P,20260918,479,1,measure,182,random,12582912,1048576,1130125,11888721990046441341,7865053,11,11,121327430670085743,121327430670085743
10,P,20260918,480,1,measure,183,stride_17,4194304,1048576,428494,5035376779850869222,3146584,11,11,12406089252390561320,12406089252390561320
10,P,20260918,481,1,measure,184,stride_1_bis,786432,1048576,32063,7453956244038789234,1414965,11,11,935149483113913073,935149483113913073
10,P,20260918,482,1,measure,185,stride_1_double,3145728,2097152,155565,10084654164297629330,2833050,11,11,10022907662145710335,10022907662145710335
10,P,20260918,483,1,measure,186,stride_1_bis,24576,1048576,1778,1489893941182837529,1412389,11,11,16628353162107945744,16628353162107945744
10,P,20260918,484,1,measure,187,stride_513,393216,1048576,11037,6716504716178761174,1484711,11,11,9218483334806453440,9218483334806453440
10,P,20260918,485,1,measure,188,stride_17,1572864,1048576,103577,5742426079342894320,1468486,11,11,15652596737094977584,15652596737094977584
10,P,20260918,486,1,measure,189,pair_same_line,4194304,1048576,512003,9552022609801155483,2849933,11,11,10735175814815077049,10735175814815077049
10,P,20260918,487,1,measure,190,stride_4097,100663296,1048576,9265952,1844763123940893153,8645310,11,11,15856581707010034098,15856581707010034098
10,P,20260918,488,1,measure,191,pair_split_line,134217728,1048576,16563456,9695011586065936131,24873295,11,11,12416802315557426980,12416802315557426980
10,P,20260918,489,1,measure,192,pair_same_line,49152,1048576,2908,16235166351372822523,1649495,11,11,2738019473040031461,2738019473040031461
10,P,20260918,490,1,measure,193,stride_513,134217728,1048576,2984628,15385171011510436181,12220443,11,11,1109356656482801231,1109356656482801231
10,P,20260918,491,1,measure,194,pair_split_line,33554432,1048576,1800656,13797259733371959849,19763722,11,11,6060576839825512459,6060576839825512459
10,P,20260918,492,1,measure,195,stride_1_double,8388608,2097152,651127,9256777124885988744,4637567,11,11,18159816849507569302,18159816849507569302
10,P,20260918,493,1,measure,196,stride_4097,8192,1048576,726,11208875261111870205,1659873,11,11,116592947459441664,116592947459441664
10,P,20260918,494,1,measure,197,stride_513,8388608,1048576,292256,6025642049899490907,2607443,11,11,18303280461608560459,18303280461608560459
10,P,20260918,495,1,measure,198,pair_split_line,524288,1048576,5927,10093253626668283778,2752816,11,11,5664725514345846660,5664725514345846660
10,P,20260918,496,1,measure,199,stride_4097,16777216,1048576,157714,9494296555835202974,6365789,11,11,11742516296173476848,11742516296173476848
10,P,20260918,497,1,measure,200,random,131072,1048576,11071,2289489961979203723,1216818,11,11,7883406633888869113,7883406633888869113
10,P,20260918,498,1,measure,201,pair_split_line,3145728,1048576,359116,13713706690141138846,3864156,11,11,9404444560511471984,9404444560511471984
10,P,20260918,499,1,measure,202,pair_same_line,524288,1048576,26165,4524437707353291193,2210743,11,11,16526712903080041764,16526712903080041764
10,P,20260918,500,1,measure,203,stride_4097,50331648,1048576,4081671,3961059626583073313,7877043,11,11,3781957743608604241,3781957743608604241
10,P,20260918,501,1,measure,204,stride_4097,25165824,1048576,772575,10794522168548358393,7743370,11,11,14355540765391051153,14355540765391051153
10,P,20260918,502,1,measure,205,pair_split_line,196608,1048576,17610,207668140951774726,2523498,11,11,11571972981200857165,11571972981200857165
10,P,20260918,503,1,measure,206,stride_513,100663296,1048576,4014811,15741993041443328006,13226497,11,11,16666789083356886761,16666789083356886761
10,P,20260918,504,1,measure,207,pair_split_line,4194304,1048576,264427,2788941803200229733,5712900,11,11,14007804724339039012,14007804724339039012
10,P,20260918,505,1,measure,208,stride_1_bis,49152,1048576,4012,3701185260610384257,1617954,11,11,3763338892566771439,3763338892566771439
10,P,20260918,506,1,measure,209,stride_1,4096,1048576,148,15523777344915669983,1550440,11,11,8154595385843253248,8154595385843253248
10,P,20260918,507,1,measure,210,stride_1_bis,16384,1048576,836,10809804169793884678,1492988,11,11,9548053087369131008,9548053087369131008
10,P,20260918,508,1,measure,211,pair_same_line,33554432,1048576,490680,8799093853926760315,15048271,11,11,16603589410401766359,16603589410401766359
10,P,20260918,509,1,measure,212,pair_split_line,98304,1048576,6711,9380858284158608606,2650711,11,11,5198701710575133749,5198701710575133749
10,P,20260918,510,1,measure,213,stride_1,49152,1048576,2665,9067142303025793454,1606665,11,11,17838742430969035553,17838742430969035553
10,P,20260918,511,1,measure,214,pair_split_line,786432,1048576,58538,4741597498888033958,2852696,11,11,11727304693962689107,11727304693962689107
10,P,20260918,512,1,measure,215,pair_split_line,1572864,1048576,143797,6378231418752679373,2937174,11,11,13312423204023387246,13312423204023387246
10,P,20260918,513,1,measure,216,stride_4097,12582912,1048576,1066327,11893261170930844327,6539498,11,11,16323983068138167386,16323983068138167386
10,P,20260918,514,1,measure,217,stride_1_double,100663296,2097152,4856065,5073865653216910438,3621155,11,11,15970285613098201988,15970285613098201988
10,P,20260918,515,1,measure,218,random,6144,1048576,179,8875631727033235065,1091721,11,11,15050111139376966815,15050111139376966815
10,P,20260918,516,1,measure,219,stride_4097,201326592,1048576,13843286,14128548311803049084,8958403,11,11,11326814641148158061,11326814641148158061
10,P,20260918,517,1,measure,220,pair_split_line,201326592,1048576,23371155,1619115609698677317,27047231,11,11,8068011264752064545,8068011264752064545
10,P,20260918,518,1,measure,221,stride_513,524288,1048576,3343,4624427701534205972,2261937,11,11,10061883979847375520,10061883979847375520
10,P,20260918,519,1,measure,222,stride_1,6291456,1048576,404268,11958039988406055271,2336202,11,11,17512208615871664370,17512208615871664370
10,P,20260918,520,1,measure,223,stride_4097,2097152,1048576,208884,14131881289104475921,1856432,11,11,14577075130308765988,14577075130308765988
10,P,20260918,521,1,measure,224,random,196608,1048576,7552,12022326729766747540,1401319,11,11,15872169349486350339,15872169349486350339
10,P,20260918,522,1,measure,225,stride_1_bis,32768,1048576,419,1387014387719669447,1720378,11,11,10598541984122395648,10598541984122395648
10,P,20260918,523,1,measure,226,random,33554432,1048576,1059847,15677838534360754288,14173753,11,11,3772815536255482054,3772815536255482054
10,P,20260918,524,1,measure,227,stride_4097,134217728,1048576,1241072,12636547974114741879,8529724,11,11,12533355608691397127,12533355608691397127
10,P,20260918,525,1,measure,228,stride_1_double,1572864,2097152,176522,10329847301421774777,4221864,11,11,6887513418752904658,6887513418752904658
10,P,20260918,526,1,measure,229,stride_513,65536,1048576,5148,6379826677936714473,1768446,11,11,16423878549329276288,16423878549329276288
10,P,20260918,527,1,measure,230,stride_17,25165824,1048576,1569120,14192771035367819569,7877580,11,11,14913190582988872610,14913190582988872610
10,P,20260918,528,1,measure,231,pair_split_line,16777216,1048576,473474,13516507791716444474,12672902,11,11,8814921511315413126,8814921511315413126
10,P,20260918,529,1,measure,232,stride_1_bis,1572864,1048576,163841,3455973271532133917,1950823,11,11,14448520107126668596,14448520107126668596
10,P,20260918,530,1,measure,233,stride_1_double,262144,2097152,13258,3404684170377018299,3463318,11,11,6505518311671377408,6505518311671377408
10,P,20260918,531,1,measure,234,pair_split_line,393216,1048576,13996,16675117073455295690,2912826,11,11,10626727144154883543,10626727144154883543
10,P,20260918,532,1,measure,235,stride_1_bis,131072,1048576,7222,4089877366066025920,1608285,11,11,16921412609114818048,16921412609114818048
10,P,20260918,533,1,measure,236,stride_4097,12288,1048576,955,8893543306759883297,1584612,11,11,6900746274569197239,6900746274569197239
10,P,20260918,534,1,measure,237,stride_1,67108864,1048576,6230226,8301659024315584058,2100729,11,11,9608249629430851450,9608249629430851450
10,P,20260918,535,1,measure,238,stride_1,524288,1048576,16484,4101372977587652395,1490191,11,11,10061883979847375520,10061883979847375520
10,P,20260918,536,1,measure,239,stride_513,16777216,1048576,1893137,221705740211577784,6643187,11,11,3632758076782471864,3632758076782471864
10,P,20260918,537,1,measure,240,pair_split_line,262144,1048576,3067,14725671555419171860,2487531,11,11,11554122331664405283,11554122331664405283
10,P,20260918,538,1,measure,241,random,786432,1048576,49377,953613886232579188,1230669,11,11,4155372722438626206,4155372722438626206
10,P,20260918,539,1,measure,242,stride_17,50331648,1048576,3740226,9783208196597960921,8389451,11,11,16722442363314172740,16722442363314172740
10,P,20260918,540,1,measure,243,stride_1_bis,196608,1048576,19031,9190615350449058737,1543043,11,11,6176896992293343483,6176896992293343483
10,P,20260918,541,1,measure,244,pair_split_line,49152,1048576,4270,6355411771634649623,2016749,11,11,7653635072197519664,7653635072197519664
10,P,20260918,542,1,measure,245,stride_17,49152,1048576,233,1398515186292261237,1421593,11,11,5151547660115644815,5151547660115644815
10,P,20260918,543,1,measure,246,stride_4097,524288,1048576,10624,9085889350390124697,1438281,11,11,10061883979847375520,10061883979847375520
10,P,20260918,544,1,measure,247,stride_1_bis,262144,1048576,19885,5752557669293455076,1353892,11,11,3252759155835688704,3252759155835688704
10,P,20260918,545,1,measure,248,stride_4097,262144,1048576,9810,10865543087419053190,1379586,11,11,3252759155835688704,3252759155835688704
10,P,20260918,546,1,measure,249,stride_17,786432,1048576,73346,10596406414078199220,1401793,11,11,2457903637431256328,2457903637431256328
10,P,20260918,547,1,measure,250,stride_4097,98304,1048576,8090,1015305759252147886,1420173,11,11,599873668014434262,599873668014434262
10,P,20260918,548,1,measure,251,pair_split_line,8192,1048576,864,3574469030276142617,1893993,11,11,6576135225170228758,6576135225170228758
10,P,20260918,549,1,measure,252,random,12288,1048576,923,9303866016831001074,1093843,11,11,5150597810506460886,5150597810506460886
10,P,20260918,550,1,measure,253,stride_1,4194304,1048576,4268,3195598614944343556,1730647,11,11,12406089252390561320,12406089252390561320
10,P,20260918,551,1,measure,254,stride_1,16777216,1048576,903944,14677150086775164728,2234593,11,11,150079458588215438,150079458588215438
10,P,20260918,552,1,measure,255,stride_1,2097152,1048576,48722,15125617438738684933,1399125,11,11,14577075130308765988,14577075130308765988
10,P,20260918,553,1,measure,256,stride_1,6144,1048576,291,4133661923056630301,1362184,11,11,15867987601945234035,15867987601945234035
10,P,20260918,554,1,measure,257,stride_17,268435456,1048576,28435295,7797014281353934115,8722962,11,11,18188872330051388970,18188872330051388970
10,P,20260918,555,1,measure,258,stride_513,201326592,1048576,5569430,5300174528643473067,11031916,11,11,12754021800289343224,12754021800289343224
10,P,20260918,556,1,measure,259,stride_4097,33554432,1048576,2531109,6363922397540668452,6905035,11,11,2792649902669040270,2792649902669040270
10,P,20260918,557,1,measure,260,stride_17,4096,1048576,209,17139142618821404519,1448502,11,11,8154595385843253248,8154595385843253248
10,P,20260918,558,1,measure,261,stride_17,33554432,1048576,884968,12062550183990197825,7867933,11,11,3744877437778521289,3744877437778521289
10,P,20260918,559,1,measure,262,stride_17,1048576,1048576,24309,15382678436572063384,1956317,11,11,8797231230870489880,8797231230870489880
10,P,20260918,560,1,measure,263,pair_same_line,8388608,1048576,485229,5111029498194260111,10801969,11,11,15192014544695903278,15192014544695903278
10,P,20260918,561,1,measure,264,stride_4097,393216,1048576,19752,6156346099830586563,1650961,11,11,14828211911786992124,14828211911786992124
10,P,20260918,562,1,measure,265,stride_513,98304,1048576,6402,9412698986671772151,1623268,11,11,3510283103173401088,3510283103173401088
10,P,20260918,563,1,measure,266,stride_17,16384,1048576,180,3724163718877976830,1469098,11,11,9548053087369131008,9548053087369131008
10,P,20260918,564,1,measure,267,stride_1_bis,50331648,1048576,4818169,2534214955173544309,2287001,11,11,17692498225142253090,17692498225142253090
10,P,20260918,565,1,measure,268,stride_1_double,12582912,2097152,1524651,17464533382436570606,3657310,11,11,5732510767415618000,5732510767415618000
10,P,20260918,566,1,measure,269,stride_17,16777216,1048576,690572,15584794337547483590,5165532,11,11,12687263152706794379,12687263152706794379
10,P,20260918,567,1,measure,270,stride_1_double,201326592,2097152,1345997,6497539732112661206,3429157,11,11,10564262330512979192,10564262330512979192
10,P,20260918,568,1,measure,271,stride_4097,8388608,1048576,667717,15559470444250369030,3132994,11,11,18303280461608560459,18303280461608560459
10,P,20260918,569,1,measure,272,random,1572864,1048576,162492,336881288183169775,1726455,11,11,2676435811736172385,2676435811736172385
10,P,20260918,570,1,measure,273,stride_4097,4194304,1048576,391337,10506207036185043417,1620997,11,11,12406089252390561320,12406089252390561320
10,P,20260918,571,1,measure,274,pair_same_line,262144,1048576,17967,5281078861077866713,1835581,11,11,10377579360687548630,10377579360687548630
10,P,20260918,572,1,measure,275,stride_1,100663296,1048576,3588308,17474074567183809568,1833978,11,11,6314041518638325061,6314041518638325061
10,P,20260918,573,1,measure,276,stride_1_double,49152,2097152,990,13414116235250476810,2708009,11,11,7260171666829549047,7260171666829549047
10,P,20260918,574,1,measure,277,stride_1_double,786432,2097152,58316,2864036326746105898,2716582,11,11,3097392359142275887,3097392359142275887
10,P,20260918,575,1,measure,278,pair_same_line,4096,1048576,87,11576002779545681376,1636709,11,11,16677681842279709175,16677681842279709175
10,P,20260918,576,1,measure,279,stride_1_double,268435456,2097152,27782584,4050679365175943157,4429470,11,11,7151180759934919839,7151180759934919839
10,P,20260918,577,1,measure,280,random,67108864,1048576,2754942,14631783619009238923,15288261,11,11,11485415373874387143,11485415373874387143
10,P,20260918,578,1,measure,281,random,25165824,1048576,2903335,525800472078864454,12879129,11,11,6439085155894308349,6439085155894308349
10,P,20260918,579,1,measure,282,random,32768,1048576,1034,16577436061806090907,1143423,11,11,5374949884019105788,5374949884019105788
10,P,20260918,580,1,measure,283,pair_split_line,6144,1048576,735,15646749211936292708,1919232,11,11,9393364375045144354,9393364375045144354
10,P,20260918,581,1,measure,284,stride_1,1048576,1048576,44837,9535266500209762533,1452782,11,11,8797231230870489880,8797231230870489880
10,P,20260918,582,1,measure,285,stride_1_bis,3145728,1048576,285091,2230589591102823647,1709863,11,11,9139977436889058557,9139977436889058557
10,P,20260918,583,1,measure,286,pair_split_line,6291456,1048576,525752,4378196546873219357,6317320,11,11,10371149829144185050,10371149829144185050
10,P,20260918,584,1,measure,287,stride_17,32768,1048576,2801,753300836111879551,1387252,11,11,10598541984122395648,10598541984122395648
10,P,20260918,585,1,measure,288,stride_17,6144,1048576,64,8697220845844627973,1389236,11,11,13402790408663036811,13402790408663036811
10,P,20260918,586,1,measure,289,pair_same_line,12288,1048576,1462,12070251797863721455,1631584,11,11,12245372611385532478,12245372611385532478
10,P,20260918,587,1,measure,290,stride_17,8388608,1048576,342939,12747772402207569614,3354668,11,11,18303280461608560459,18303280461608560459
10,P,20260918,588,1,measure,291,stride_1_double,134217728,2097152,10985358,12525564263312116076,4143944,11,11,5493950682439938650,5493950682439938650
10,P,20260918,589,1,measure,292,pair_same_line,100663296,1048576,4385017,12976008719705212628,17184312,11,11,11759371019750423156,11759371019750423156
10,P,20260918,590,1,measure,293,stride_1,32768,1048576,3661,17299430453500382449,1358810,11,11,10598541984122395648,10598541984122395648
10,P,20260918,591,1,measure,294,stride_1_double,32768,2097152,1937,12034483039194059162,2736152,11,11,2750339894535239680,2750339894535239680
10,P,20260918,592,1,measure,295,stride_17,134217728,1048576,332546,8686255514111140621,8984556,11,11,11026333539012059174,11026333539012059174
10,P,20260918,593,1,measure,296,stride_1_double,1048576,2097152,16723,6503498313849497447,2731596,11,11,17594462461740979760,17594462461740979760
10,P,20260918,594,2,measure,0,stride_17,268435456,1048576,22897282,17843261867218737231,8578340,11,11,11258245181194614968,11258245181194614968
10,P,20260918,595,2,measure,1,stride_1_bis,12582912,1048576,421366,14240278159177711277,1733593,11,11,1796671200458316806,1796671200458316806
10,P,20260918,596,2,measure,2,stride_17,4096,1048576,420,12335591735779895427,1360460,11,11,8154595385843253248,8154595385843253248
10,P,20260918,597,2,measure,3,stride_4097,49152,1048576,3057,892186584172367511,1353674,11,11,14899687570101267229,14899687570101267229
10,P,20260918,598,2,measure,4,stride_4097,393216,1048576,8581,13576700187505764160,1394245,11,11,14519384831221904245,14519384831221904245
10,P,20260918,599,2,measure,5,pair_split_line,12582912,1048576,724041,487345083885681727,9714588,11,11,5498234238343806843,5498234238343806843
10,P,20260918,600,2,measure,6,random,131072,1048576,6076,12594566962013602416,1147390,11,11,18010610098526910666,18010610098526910666
10,P,20260918,601,2,measure,7,stride_1_double,49152,2097152,2283,1131112616958113954,2823390,11,11,2703999478656488931,2703999478656488931
10,P,20260918,602,2,measure,8,stride_17,201326592,1048576,8942946,14902195737221865323,9423347,11,11,837217657991015572,837217657991015572
10,P,20260918,603,2,measure,9,random,2097152,1048576,164416,1212669533124583757,1937978,11,11,4221346336011238533,4221346336011238533
10,P,20260918,604,2,measure,10,pair_same_line,134217728,1048576,11307622,16366061077350394051,18277426,11,11,17999485622412727783,17999485622412727783
10,P,20260918,605,2,measure,11,stride_17,67108864,1048576,6238825,10339705273196195951,9333419,11,11,7637935669723614407,7637935669723614407
10,P,20260918,606,2,measure,12,pair_split_line,6291456,1048576,86836,15005186527764208797,7037442,11,11,4829171129411640295,4829171129411640295
10,P,20260918,607,2,measure,13,stride_17,8192,1048576,495,15281628507376613395,1530521,11,11,116592947459441664,116592947459441664
10,P,20260918,608,2,measure,14,stride_17,98304,1048576,7359,3375714531919282005,1526713,11,11,14119006933509420623,14119006933509420623
10,P,20260918,609,2,measure,15,stride_4097,50331648,1048576,5624,6708255776965934534,8020731,11,11,14225108440163137074,14225108440163137074
10,P,20260918,610,2,measure,16,stride_17,50331648,1048576,733321,3700087898819169914,8366414,11,11,791631932689524979,791631932689524979
10,P,20260918,611,2,measure,17,pair_split_line,262144,1048576,28990,736519229702623808,2838659,11,11,4778809377754236862,4778809377754236862
10,P,20260918,612,2,measure,18,pair_split_line,33554432,1048576,3312179,1917425200377452797,19496772,11,11,14203376518679036362,14203376518679036362
10,P,20260918,613,2,measure,19,stride_1_bis,16384,1048576,941,8788017173674539871,1891404,11,11,9548053087369131008,9548053087369131008
10,P,20260918,614,2,measure,20,stride_513,67108864,1048576,709773,2701918584579226138,12279440,11,11,6213288607872434992,6213288607872434992
10,P,20260918,615,2,measure,21,stride_4097,201326592,1048576,11609847,12110085849814211220,10511962,11,11,4761217450996034550,4761217450996034550
10,P,20260918,616,2,measure,22,stride_1_bis,1048576,1048576,117968,18343223968365651859,2316075,11,11,8797231230870489880,8797231230870489880
10,P,20260918,617,2,measure,23,random,8388608,1048576,312045,6318552819491389951,11079359,11,11,8318349501364666011,8318349501364666011
10,P,20260918,618,2,measure,24,stride_513,4194304,1048576,51764,8759724144592532259,3116508,11,11,12406089252390561320,12406089252390561320
10,P,20260918,619,2,measure,25,stride_1_bis,8388608,1048576,862871,12489499940341059132,2113895,11,11,18303280461608560459,18303280461608560459
10,P,20260918,620,2,measure,26,pair_same_line,2097152,1048576,124696,1073604286813033828,2869400,11,11,3550966768994440454,3550966768994440454
10,P,20260918,621,2,measure,27,stride_1_bis,4194304,1048576,79010,16968982181017152383,1761581,11,11,12406089252390561320,12406089252390561320
10,P,20260918,622,2,measure,28,pair_split_line,8388608,1048576,284795,8996710341942993517,6771614,11,11,14091885619917581671,14091885619917581671
10,P,20260918,623,2,measure,29,stride_1_bis,6144,1048576,510,12068969191367442794,1710501,11,11,13634378008152149126,13634378008152149126
10,P,20260918,624,2,measure,30,random,32768,1048576,1783,17409551182316179383,1358594,11,11,15571999040886661963,15571999040886661963
10,P,20260918,625,2,measure,31,stride_513,25165824,1048576,417358,9300232500590363622,10427474,11,11,3223166402984098452,3223166402984098452
10,P,20260918,626,2,measure,32,stride_1_bis,16777216,1048576,679498,638687534544341543,2426221,11,11,5408791339026809346,5408791339026809346
10,P,20260918,627,2,measure,33,stride_1_double,786432,2097152,97627,378436882507868185,3475614,11,11,6822333037557105623,6822333037557105623
10,P,20260918,628,2,measure,34,stride_4097,196608,1048576,20543,5617654704162801422,1675887,11,11,16867998002230205533,16867998002230205533
10,P,20260918,629,2,measure,35,pair_split_line,2097152,1048576,45439,1978234928723326576,3364265,11,11,1113244560686502297,1113244560686502297
10,P,20260918,630,2,measure,36,stride_1_bis,131072,1048576,2905,863207525047103288,1449110,11,11,16921412609114818048,16921412609114818048
10,P,20260918,631,2,measure,37,stride_1_bis,25165824,1048576,378190,5372731175116907935,1981804,11,11,7662615762831504480,7662615762831504480
10,P,20260918,632,2,measure,38,stride_1_bis,50331648,1048576,5989496,15980156031412676475,1888012,11,11,16759326910514871888,16759326910514871888
10,P,20260918,633,2,measure,39,random,196608,1048576,21482,11051994001274945515,1140107,11,11,2405617909383122551,2405617909383122551
10,P,20260918,634,2,measure,40,stride_513,6144,1048576,238,9321711399398598612,1350862,11,11,6657726286896836608,6657726286896836608
10,P,20260918,635,2,measure,41,stride_513,98304,1048576,11367,4920622600161675650,1417951,11,11,3510283103173401088,3510283103173401088
10,P,20260918,636,2,measure,42,random,134217728,1048576,14101571,15187393149535609632,16220746,11,11,5111420660441137670,5111420660441137670
10,P,20260918,637,2,measure,43,stride_4097,4096,1048576,217,8110387367450808976,1540980,11,11,8154595385843253248,8154595385843253248
10,P,20260918,638,2,measure,44,stride_513,49152,1048576,2276,14307372040816182689,1538711,11,11,1303108010804061184,1303108010804061184
10,P,20260918,639,2,measure,45,random,67108864,1048576,4626567,955718490312957068,15074259,11,11,10851193384556055918,10851193384556055918
10,P,20260918,640,2,measure,46,pair_same_line,65536,1048576,7915,8005569690553888092,2253712,11,11,17343750021249889198,17343750021249889198
10,P,20260918,641,2,measure,47,stride_4097,268435456,1048576,13861349,15227694469014614408,8340294,11,11,17974899237199883275,17974899237199883275
10,P,20260918,642,2,measure,48,stride_1_bis,3145728,1048576,185168,15342383439090436746,3166436,11,11,370588607335634086,370588607335634086
10,P,20260918,643,2,measure,49,pair_split_line,131072,1048576,6810,4312972946773067577,4623049,11,11,9312663314526754367,9312663314526754367
10,P,20260918,644,2,measure,50,stride_17,32768,1048576,1564,8946150204917553696,1617243,11,11,10598541984122395648,10598541984122395648
10,P,20260918,645,2,measure,51,stride_513,1048576,1048576,9202,17296085920478129689,2020536,11,11,8797231230870489880,8797231230870489880
10,P,20260918,646,2,measure,52,stride_1_double,50331648,2097152,1010182,13478565886301476894,4319698,11,11,5120961109151771492,5120961109151771492
10,P,20260918,647,2,measure,53,stride_1_double,262144,2097152,10507,1379903186556338849,2744072,11,11,6505518311671377408,6505518311671377408
10,P,20260918,648,2,measure,54,stride_4097,6291456,1048576,228504,6139716042386894288,2905466,11,11,9358673271221029174,9358673271221029174
10,P,20260918,649,2,measure,55,pair_same_line,8388608,1048576,602577,8483705435556498563,7970741,11,11,6354190539733634897,6354190539733634897
10,P,20260918,650,2,measure,56,stride_1_double,2097152,2097152,132392,7074436377615129227,2742613,11,11,10707406186907980360,10707406186907980360
10,P,20260918,651,2,measure,57,pair_split_line,786432,1048576,23715,6220421249764455853,2506621,11,11,13607520867854858869,13607520867854858869
10,P,20260918,652,2,measure,58,pair_same_line,524288,1048576,50711,13137418249236959208,1909056,11,11,6691920667653680949,6691920667653680949
10,P,20260918,653,2,measure,59,stride_513,196608,1048576,17357,16217662385940971323,1452060,11,11,8126674812445135616,8126674812445135616
10,P,20260918,654,2,measure,60,random,3145728,1048576,211373,14617238977144892888,1876579,11,11,11061696372944337662,11061696372944337662
10,P,20260918,655,2,measure,61,pair_same_line,3145728,1048576,389199,3357575413385197203,2465726,11,11,9999040974670332938,9999040974670332938
10,P,20260918,656,2,measure,62,random,4096,1048576,439,13788652602095497907,1114202,11,11,17693470127259873167,17693470127259873167
10,P,20260918,657,2,measure,63,stride_17,12288,1048576,1003,10655851702979747813,1408455,11,11,17910435179098732654,17910435179098732654
10,P,20260918,658,2,measure,64,stride_1,2097152,1048576,156038,4997242253341202233,1463912,11,11,14577075130308765988,14577075130308765988
10,P,20260918,659,2,measure,65,random,6291456,1048576,534529,5438484559707556945,2702708,11,11,8511297644603801146,8511297644603801146
10,P,20260918,660,2,measure,66,pair_split_line,4194304,1048576,499991,6622118777574082482,3642261,11,11,2352790567694452054,2352790567694452054
10,P,20260918,661,2,measure,67,random,16777216,1048576,821540,7303646644405187673,11761080,11,11,3440161909179153811,3440161909179153811
10,P,20260918,662,2,measure,68,stride_513,50331648,1048576,5274371,7315305411929312687,10913900,11,11,15170534675576979048,15170534675576979048
10,P,20260918,663,2,measure,69,random,33554432,1048576,907069,3257337385311361487,13296481,11,11,14242229936556076154,14242229936556076154
10,P,20260918,664,2,measure,70,pair_split_line,12288,1048576,1318,4243926961906236696,2218345,11,11,7973791970767165184,7973791970767165184
10,P,20260918,665,2,measure,71,stride_1,4096,1048576,151,6322868615106822970,1542685,11,11,8154595385843253248,8154595385843253248
10,P,20260918,666,2,measure,72,stride_17,6291456,1048576,497770,12433113321172842005,5121554,11,11,9331690257593026388,9331690257593026388
10,P,20260918,667,2,measure,73,stride_1,6144,1048576,365,7205978573426522646,1475641,11,11,5115005614521083687,5115005614521083687
10,P,20260918,668,2,measure,74,stride_513,16777216,1048576,257028,7847201941360450228,7581267,11,11,14108932220243974280,14108932220243974280
10,P,20260918,669,2,measure,75,stride_513,786432,1048576,35444,13964055442368570040,1730238,11,11,13192199103146003808,13192199103146003808
10,P,20260918,670,2,measure,76,stride_1_double,4096,2097152,167,13292257391783576583,3001474,11,11,16309190771686506496,16309190771686506496
10,P,20260918,671,2,measure,77,stride_1_bis,524288,1048576,15680,14900594485714303243,1456279,11,11,10061883979847375520,10061883979847375520
10,P,20260918,672,2,measure,78,stride_513,32768,1048576,2327,4974602685562145425,1384871,11,11,10598541984122395648,10598541984122395648
10,P,20260918,673,2,measure,79,stride_4097,33554432,1048576,1381627,14503753370771173119,6681060,11,11,8168007986881360385,8168007986881360385
10,P,20260918,674,2,measure,80,stride_1_double,268435456,2097152,15330274,13563710585205101761,4524837,11,11,3395496356316719719,3395496356316719719
10,P,20260918,675,2,measure,81,stride_1,6291456,1048576,339264,140433279526644859,2128719,11,11,9629917564491807488,9629917564491807488
10,P,20260918,676,2,measure,82,stride_4097,16777216,1048576,456436,11227032970329276068,6457345,11,11,10391765064877157503,10391765064877157503
10,P,20260918,677,2,measure,83,stride_4097,524288,1048576,16395,3677641984893908033,1444111,11,11,10061883979847375520,10061883979847375520
10,P,20260918,678,2,measure,84,stride_1,4194304,1048576,402810,8750242575450256500,1824269,11,11,12406089252390561320,12406089252390561320
10,P,20260918,679,2,measure,85,stride_4097,1572864,1048576,40164,736253076632708748,1438225,11,11,10047114844253478615,10047114844253478615
10,P,20260918,680,2,measure,86,pair_same_line,12288,1048576,946,17465617261095936965,1638964,11,11,9875495595742836785,9875495595742836785
10,P,20260918,681,2,measure,87,stride_1,1048576,1048576,77133,209689025699852539,1351607,11,11,8797231230870489880,8797231230870489880
10,P,20260918,682,2,measure,88,stride_513,24576,1048576,1485,18216317871048586129,1351052,11,11,15675031744929201152,15675031744929201152
10,P,20260918,683,2,measure,89,stride_1,12288,1048576,871,10083079582607367279,1356412,11,11,922282971799836004,922282971799836004
10,P,20260918,684,2,measure,90,pair_same_line,49152,1048576,1276,4764449120318235689,1623367,11,11,8630051649657960746,8630051649657960746
10,P,20260918,685,2,measure,91,stride_1,134217728,1048576,10116472,10844842101695794400,1763030,11,11,13362627747240965013,13362627747240965013
10,P,20260918,686,2,measure,92,stride_1,49152,1048576,4301,3279693484047814634,1408934,11,11,5983081753169200798,5983081753169200798
10,P,20260918,687,2,measure,93,stride_1_double,33554432,2097152,2538016,13634989547581816698,3994548,11,11,3578388938294292034,3578388938294292034
10,P,20260918,688,2,measure,94,random,1048576,1048576,122221,10492189282901233931,1189632,11,11,10368572501236566829,10368572501236566829
10,P,20260918,689,2,measure,95,pair_same_line,16384,1048576,571,7063496054980551859,1643330,11,11,11649959024079553617,11649959024079553617
10,P,20260918,690,2,measure,96,random,8192,1048576,182,15230269061547533039,1088951,11,11,6686084015986830598,6686084015986830598
10,P,20260918,691,2,measure,97,pair_same_line,6291456,1048576,716948,7216843481427523931,5738284,11,11,10000358853424444222,10000358853424444222
10,P,20260918,692,2,measure,98,stride_513,12288,1048576,505,3645657623100105270,1372143,11,11,3776769180852905984,3776769180852905984
10,P,20260918,693,2,measure,99,stride_17,8388608,1048576,236619,12375341686537936711,3406240,11,11,18303280461608560459,18303280461608560459
10,P,20260918,694,2,measure,100,pair_same_line,262144,1048576,10008,318766819879570666,2113403,11,11,6607209719753429873,6607209719753429873
10,P,20260918,695,2,measure,101,stride_17,100663296,1048576,2160616,2466722749762213660,9329556,11,11,16975451911406050296,16975451911406050296
10,P,20260918,696,2,measure,102,stride_1_double,3145728,2097152,107971,7722864583913384122,2938344,11,11,664676830492897092,664676830492897092
10,P,20260918,697,2,measure,103,stride_1_bis,67108864,1048576,4173405,16497824508950842776,2317193,11,11,12395838952467596583,12395838952467596583
10,P,20260918,698,2,measure,104,stride_17,393216,1048576,20403,9993887020846538141,1361223,11,11,15395652544395154772,15395652544395154772
10,P,20260918,699,2,measure,105,stride_513,16384,1048576,1939,1455214715268738176,1351258,11,11,9548053087369131008,9548053087369131008
10,P,20260918,700,2,measure,106,stride_1_bis,6291456,1048576,168388,1301153545572096628,1665458,11,11,6972960475050645314,6972960475050645314
10,P,20260918,701,2,measure,107,stride_513,524288,1048576,46328,18443296580589598398,1475562,11,11,10061883979847375520,10061883979847375520
10,P,20260918,702,2,measure,108,stride_4097,8388608,1048576,485487,12587339611386961532,2452377,11,11,18303280461608560459,18303280461608560459
10,P,20260918,703,2,measure,109,stride_17,2097152,1048576,207261,1337581305123889970,1548099,11,11,14577075130308765988,14577075130308765988
10,P,20260918,704,2,measure,110,pair_same_line,131072,1048576,1592,6424153418156427538,1787640,11,11,1903515359813367991,1903515359813367991
10,P,20260918,705,2,measure,111,stride_1_double,100663296,2097152,5165713,6512144636237504800,4322462,11,11,8074641822604692887,8074641822604692887
10,P,20260918,706,2,measure,112,pair_same_line,393216,1048576,33433,603061302506338356,1940661,11,11,1062797268608401606,1062797268608401606
10,P,20260918,707,2,measure,113,stride_17,262144,1048576,19162,9542756662948977464,1382880,11,11,3252759155835688704,3252759155835688704
10,P,20260918,708,2,measure,114,stride_1,201326592,1048576,25147371,13932599899970306755,2016738,11,11,2633080945156936412,2633080945156936412
10,P,20260918,709,2,measure,115,pair_same_line,16777216,1048576,303419,3757995925021056812,12980942,11,11,3228589885132599803,3228589885132599803
10,P,20260918,710,2,measure,116,pair_split_line,50331648,1048576,5529063,1362230636925608331,16141127,11,11,18119585476678732252,18119585476678732252
10,P,20260918,711,2,measure,117,stride_1_double,12288,2097152,749,5326159901077613599,2742552,11,11,401269954478195131,401269954478195131
10,P,20260918,712,2,measure,118,stride_1_bis,4096,1048576,138,6817642706392754343,1389223,11,11,8154595385843253248,8154595385843253248
10,P,20260918,713,2,measure,119,pair_split_line,67108864,1048576,3887784,12302023566219137216,25494802,11,11,18134213733494747249,18134213733494747249
10,P,20260918,714,2,measure,120,stride_1,50331648,1048576,3145370,9776845417104909813,2369732,11,11,5568579884751079467,5568579884751079467
10,P,20260918,715,2,measure,121,stride_513,393216,1048576,44824,9003335735297697480,1457823,11,11,14847694413740558592,14847694413740558592
10,P,20260918,716,2,measure,122,pair_same_line,33554432,1048576,4166310,10227393118062851669,14813768,11,11,14118998524034325747,14118998524034325747
10,P,20260918,717,2,measure,123,stride_1,8192,1048576,713,11809265476228067005,1413075,11,11,116592947459441664,116592947459441664
10,P,20260918,718,2,measure,124,stride_17,12582912,1048576,988640,17133425593619871738,5184729,11,11,12119668810115046913,12119668810115046913
10,P,20260918,719,2,measure,125,stride_4097,1048576,1048576,60791,10248023486558354947,1444207,11,11,8797231230870489880,8797231230870489880
10,P,20260918,720,2,measure,126,stride_17,1572864,1048576,178745,11089192152726745742,1577758,11,11,15333878219898521210,15333878219898521210
10,P,20260918,721,2,measure,127,pair_split_line,100663296,1048576,5070720,11445655155169462714,23927271,11,11,8998434642621940790,8998434642621940790
10,P,20260918,722,2,measure,128,pair_split_line,196608,1048576,20560,12606920453259477917,2940074,11,11,4417969438475273252,4417969438475273252
10,P,20260918,723,2,measure,129,stride_1_bis,2097152,1048576,931,10386388738656392390,1909151,11,11,14577075130308765988,14577075130308765988
10,P,20260918,724,2,measure,130,stride_1,25165824,1048576,519595,18181842170633810976,2470027,11,11,10843584962627224191,10843584962627224191
10,P,20260918,725,2,measure,131,stride_1_double,201326592,2097152,15197630,11567407583064088806,4510605,11,11,9951321358835331986,9951321358835331986
10,P,20260918,726,2,measure,132,stride_513,262144,1048576,26452,14815239882416597355,1462901,11,11,3252759155835688704,3252759155835688704
10,P,20260918,727,2,measure,133,stride_513,134217728,1048576,1856034,7408365504079459673,12353863,11,11,10628702501872654998,10628702501872654998
10,P,20260918,728,2,measure,134,random,6144,1048576,632,3703732707095920965,1319160,11,11,9748223769479955329,9748223769479955329
10,P,20260918,729,2,measure,135,pair_split_line,134217728,1048576,1958199,8946609291854610543,26568019,11,11,12146814328570489541,12146814328570489541
10,P,20260918,730,2,measure,136,pair_same_line,1572864,1048576,99210,14979817525074304887,3519910,11,11,3970458249597944454,3970458249597944454
10,P,20260918,731,2,measure,137,stride_4097,25165824,1048576,579862,8191863102198066837,9125488,11,11,8719378379280742475,8719378379280742475
10,P,20260918,732,2,measure,138,pair_same_line,8192,1048576,312,9192765238686021023,2589662,11,11,12836387271350097962,12836387271350097962
10,P,20260918,733,2,measure,139,stride_1_double,98304,2097152,10856,9196421668040913325,3491921,11,11,8651801567007394860,8651801567007394860
10,P,20260918,734,2,measure,140,pair_split_line,201326592,1048576,3600255,11799090091811130770,27580454,11,11,8711755830049064645,8711755830049064645
10,P,20260918,735,2,measure,141,stride_513,100663296,1048576,10145927,18280504234015725558,14505735,11,11,2370836796594718861,2370836796594718861
10,P,20260918,736,2,measure,142,stride_1_bis,12288,1048576,711,6472620280075280379,2611720,11,11,10215941959352961033,10215941959352961033
10,P,20260918,737,2,measure,143,stride_1_double,67108864,2097152,7929818,4647219647704333292,3938197,11,11,2296866659191247862,2296866659191247862
10,P,20260918,738,2,measure,144,stride_513,201326592,1048576,4997484,4190756972416754165,15874985,11,11,16467545632485431885,16467545632485431885
10,P,20260918,739,2,measure,145,stride_1,524288,1048576,47764,5047169018855593590,2654471,11,11,10061883979847375520,10061883979847375520
10,P,20260918,740,2,measure,146,stride_4097,16384,1048576,192,11897559833683972053,1945899,11,11,9548053087369131008,9548053087369131008
10,P,20260918,741,2,measure,147,stride_1,262144,1048576,1055,9885634501009545205,1709954,11,11,3252759155835688704,3252759155835688704
10,P,20260918,742,2,measure,148,pair_split_line,1048576,1048576,118711,3383212746369261896,3416414,11,11,17619500480802164172,17619500480802164172
10,P,20260918,743,2,measure,149,pair_split_line,25165824,1048576,1952185,14182937343846255349,17741389,11,11,9679027335743169361,9679027335743169361
10,P,20260918,744,2,measure,150,pair_same_line,196608,1048576,4187,9178699281715497069,3136938,11,11,6926556849700443499,6926556849700443499
10,P,20260918,745,2,measure,151,stride_1_bis,98304,1048576,4613,3948698887737778596,1762877,11,11,1070215601653598883,1070215601653598883
10,P,20260918,746,2,measure,152,random,25165824,1048576,736017,10290244424754130302,11964560,11,11,15855303500269825135,15855303500269825135
10,P,20260918,747,2,measure,153,pair_same_line,4096,1048576,60,6333521495671010021,2928265,11,11,4740442339426337842,4740442339426337842
10,P,20260918,748,2,measure,154,stride_1,32768,1048576,663,10306699262037559874,1767492,11,11,10598541984122395648,10598541984122395648
10,P,20260918,749,2,measure,155,stride_17,6144,1048576,88,4177942712554491168,1710626,11,11,8764305107120180668,8764305107120180668
10,P,20260918,750,2,measure,156,random,393216,1048576,41368,7276494646841894141,1481561,11,11,874224520812656828,874224520812656828
10,P,20260918,751,2,measure,157,stride_4097,6144,1048576,258,11655980771954083862,1692949,11,11,10343941118624824087,10343941118624824087
10,P,20260918,752,2,measure,158,stride_1,65536,1048576,1852,16472452031181841784,1694834,11,11,16423878549329276288,16423878549329276288
10,P,20260918,753,2,measure,159,pair_same_line,25165824,1048576,392186,7626373205910291404,14417963,11,11,7014592377870392860,7014592377870392860
10,P,20260918,754,2,measure,160,stride_1_bis,65536,1048576,7407,3879493649529619759,2000440,11,11,16423878549329276288,16423878549329276288
10,P,20260918,755,2,measure,161,stride_1_double,1048576,2097152,38271,4261414043510716167,3593891,11,11,17594462461740979760,17594462461740979760
10,P,20260918,756,2,measure,162,stride_513,2097152,1048576,76108,1025832727276935304,2439777,11,11,14577075130308765988,14577075130308765988
10,P,20260918,757,2,measure,163,stride_1_double,393216,2097152,19894,1597077906917534271,3348693,11,11,15176802504006419547,15176802504006419547
10,P,20260918,758,2,measure,164,pair_same_line,50331648,1048576,2190686,12804693130647679266,16207930,11,11,14714791838025355684,14714791838025355684
10,P,20260918,759,2,measure,165,stride_1,100663296,1048576,7398772,17519012535121570502,2546419,11,11,10243467152417445203,10243467152417445203
10,P,20260918,760,2,measure,166,stride_1_double,32768,2097152,1088,14648960969156962176,3451479,11,11,2750339894535239680,2750339894535239680
10,P,20260918,761,2,measure,167,stride_1_double,1572864,2097152,138545,1295218669525426913,3340508,11,11,227833712386257102,227833712386257102
10,P,20260918,762,2,measure,168,pair_same_line,201326592,1048576,14621056,5226945623619220325,19168781,11,11,4758636397302289286,4758636397302289286
10,P,20260918,763,2,measure,169,pair_same_line,67108864,1048576,1560054,15293307782714878899,17724988,11,11,7340244431621401908,7340244431621401908
10,P,20260918,764,2,measure,170,stride_513,131072,1048576,14073,12567163152403012734,2304978,11,11,16921412609114818048,16921412609114818048
10,P,20260918,765,2,measure,171,stride_513,4096,1048576,324,16799519719526742588,1839387,11,11,8154595385843253248,8154595385843253248
10,P,20260918,766,2,measure,172,stride_513,8388608,1048576,505930,1906650491072180475,4176138,11,11,18303280461608560459,18303280461608560459
10,P,20260918,767,2,measure,173,stride_4097,100663296,1048576,8967233,8896351537270701613,9989206,11,11,8531664253650588749,8531664253650588749
10,P,20260918,768,2,measure,174,stride_1_bis,33554432,1048576,2269387,3576805049475780814,2720836,11,11,18079896652143621549,18079896652143621549
10,P,20260918,769,2,measure,175,stride_4097,12582912,1048576,1495079,255034255430995933,7385350,11,11,10990969081117906853,10990969081117906853
10,P,20260918,770,2,measure,176,stride_513,12582912,1048576,819758,6369863280655234545,6699853,11,11,446194662936398502,446194662936398502
10,P,20260918,771,2,measure,177,random,49152,1048576,5811,16709434947634049050,1453691,11,11,11985238690316571111,11985238690316571111
10,P,20260918,772,2,measure,178,stride_17,16777216,1048576,846104,7346617130606505363,4826687,11,11,17978578180950749848,17978578180950749848
10,P,20260918,773,2,measure,179,pair_split_line,6144,1048576,264,7567238689200661883,2325822,11,11,15365906241112715751,15365906241112715751
10,P,20260918,774,2,measure,180,stride_513,65536,1048576,2913,17784211302294753413,1720546,11,11,16423878549329276288,16423878549329276288
10,P,20260918,775,2,measure,181,stride_4097,2097152,1048576,18498,7671107557713891444,1841923,11,11,14577075130308765988,14577075130308765988
10,P,20260918,776,2,measure,182,random,786432,1048576,24643,12805436057612926102,1264715,11,11,16916972144616527007,16916972144616527007
10,P,20260918,777,2,measure,183,random,12288,1048576,1498,10957492627371307191,1138118,11,11,7670986596123296363,7670986596123296363
10,P,20260918,778,2,measure,184,stride_1,3145728,1048576,356068,11765343877765119469,1428001,11,11,7835834795583021947,7835834795583021947
10,P,20260918,779,2,measure,185,pair_split_line,16777216,1048576,1186465,14389230409142140163,9773049,11,11,364907018532533001,364907018532533001
10,P,20260918,780,2,measure,186,pair_same_line,268435456,1048576,20160154,15271023072633432107,19145562,11,11,4302250099714546555,4302250099714546555
10,P,20260918,781,2,measure,187,stride_4097,98304,1048576,8133,12237382525732518370,1785044,11,11,5478407178390290533,5478407178390290533
10,P,20260918,782,2,measure,188,stride_17,65536,1048576,1753,17900359753834971532,1641862,11,11,16423878549329276288,16423878549329276288
10,P,20260918,783,2,measure,189,stride_4097,12288,1048576,883,3921444789849773658,1588368,11,11,1839923847435207974,1839923847435207974
10,P,20260918,784,2,measure,190,stride_1,98304,1048576,8844,13870393900798662924,1527216,11,11,15668142511029991956,15668142511029991956
10,P,20260918,785,2,measure,191,stride_4097,65536,1048576,4401,8884616017884266498,1548793,11,11,16423878549329276288,16423878549329276288
10,P,20260918,786,2,measure,192,stride_4097,134217728,1048576,11573549,14964089734494686568,7241293,11,11,11153837728808630988,11153837728808630988
10,P,20260918,787,2,measure,193,stride_1_double,25165824,2097152,1492066,6596129538642540527,4646149,11,11,9191410437746535977,9191410437746535977
10,P,20260918,788,2,measure,194,random,100663296,1048576,5946825,15281749108470756292,15866242,11,11,6835735413310146623,6835735413310146623
10,P,20260918,789,2,measure,195,pair_split_line,8192,1048576,615,4429526030805010719,2416577,11,11,16372863751598158187,16372863751598158187
10,P,20260918,790,2,measure,196,pair_same_line,786432,1048576,26335,17216405952465531629,2722458,11,11,13938263308327073365,13938263308327073365
10,P,20260918,791,2,measure,197,random,268435456,1048576,10790428,4064835008316940339,18345865,11,11,13326014729227706476,13326014729227706476
10,P,20260918,792,2,measure,198,stride_1_double,12582912,2097152,1541930,3155424982826169936,5303085,11,11,6957752767392385734,6957752767392385734
10,P,20260918,793,2,measure,199,stride_4097,131072,1048576,12820,13814481025550535302,1779878,11,11,16921412609114818048,16921412609114818048
10,P,20260918,794,2,measure,200,stride_1,33554432,1048576,879993,9767693149979541914,2235116,11,11,5114688337711018005,5114688337711018005
10,P,20260918,795,2,measure,201,stride_4097,3145728,1048576,295370,7927060614719396306,2219675,11,11,12657204345450498958,12657204345450498958
10,P,20260918,796,2,measure,202,stride_1_bis,134217728,1048576,10504630,10816442522007441951,2407097,11,11,5111717129092221444,5111717129092221444
10,P,20260918,797,2,measure,203,pair_split_line,32768,1048576,4041,9591380979717394001,2120986,11,11,12868365395982936398,12868365395982936398
10,P,20260918,798,2,measure,204,stride_1_bis,32768,1048576,2774,17628779834611167889,1468884,11,11,10598541984122395648,10598541984122395648
10,P,20260918,799,2,measure,205,stride_1,268435456,1048576,25812520,6059884324252080482,1996503,11,11,5196856135852914445,5196856135852914445
10,P,20260918,800,2,measure,206,random,4194304,1048576,41552,2071360738989731513,2876171,11,11,5086318885211382139,5086318885211382139
10,P,20260918,801,2,measure,207,pair_split_line,393216,1048576,35595,16582631133705041619,2337574,11,11,10425401058425228541,10425401058425228541
10,P,20260918,802,2,measure,208,stride_1_bis,8192,1048576,248,984028759574178826,1383905,11,11,116592947459441664,116592947459441664
10,P,20260918,803,2,measure,209,pair_same_line,98304,1048576,10837,4394899352297920792,1885833,11,11,12534010060609692919,12534010060609692919
10,P,20260918,804,2,measure,210,pair_same_line,6144,1048576,42,7607685426943678132,1668761,11,11,3625939280879034889,3625939280879034889
10,P,20260918,805,2,measure,211,stride_1_double,4194304,2097152,405871,16521384665905832765,2813848,11,11,6365434431071571024,6365434431071571024
10,P,20260918,806,2,measure,212,stride_4097,67108864,1048576,707069,17544298158885249375,6907400,11,11,5996589823791256958,5996589823791256958
10,P,20260918,807,2,measure,213,pair_same_line,100663296,1048576,2102060,17122628627827427612,17044044,11,11,11501049721351716950,11501049721351716950
10,P,20260918,808,2,measure,214,random,24576,1048576,1874,1306994737994718100,1151995,11,11,3890506303313038105,3890506303313038105
10,P,20260918,809,2,measure,215,stride_4097,24576,1048576,1100,3408330421208579481,1475318,11,11,3987635480754583207,3987635480754583207
10,P,20260918,810,2,measure,216,stride_1_double,6144,2097152,258,3396427515105896887,2721196,11,11,3250031599591347834,3250031599591347834
10,P,20260918,811,2,measure,217,stride_17,196608,1048576,12235,11865992261982423868,1363271,11,11,7153213096206712366,7153213096206712366
10,P,20260918,812,2,measure,218,random,98304,1048576,4164,11011173534701781512,1257876,11,11,6294433692696221278,6294433692696221278
10,P,20260918,813,2,measure,219,stride_17,24576,1048576,1059,10139173170786833818,2010588,11,11,8379894066016142640,8379894066016142640
10,P,20260918,814,2,measure,220,stride_1_double,131072,2097152,5470,11989616642732208341,2755718,11,11,15396081144520084480,15396081144520084480
10,P,20260918,815,2,measure,221,pair_same_line,24576,1048576,1864,10053625822873627913,2039343,11,11,13425509840612947502,13425509840612947502
10,P,20260918,816,2,measure,222,stride_1,786432,1048576,63048,2837933248836610344,1443057,11,11,17409087723282184027,17409087723282184027
10,P,20260918,817,2,measure,223,stride_513,8192,1048576,496,14427210443424912957,1356768,11,11,116592947459441664,116592947459441664
10,P,20260918,818,2,measure,224,stride_1,67108864,1048576,2844314,4826720392248108016,1821921,11,11,1969615614048919451,1969615614048919451
10,P,20260918,819,2,measure,225,stride_1_double,24576,2097152,180,13328782455050196324,2978172,11,11,14613666729742715342,14613666729742715342
10,P,20260918,820,2,measure,226,pair_split_line,65536,1048576,126,9368435921361330591,2030861,11,11,1309575391715955200,1309575391715955200
10,P,20260918,821,2,measure,227,stride_17,524288,1048576,55042,18312659080168843678,1478967,11,11,10061883979847375520,10061883979847375520
10,P,20260918,822,2,measure,228,stride_17,49152,1048576,5607,388492828677208679,1389005,11,11,11092297429279738061,11092297429279738061
10,P,20260918,823,2,measure,229,pair_split_line,4096,1048576,36,17708231205926835716,1885051,11,11,13872983746450561275,13872983746450561275
10,P,20260918,824,2,measure,230,stride_1_double,196608,2097152,626,3890338155228873606,2762935,11,11,3312983978106897454,3312983978106897454
10,P,20260918,825,2,measure,231,stride_4097,4194304,1048576,258442,9061964473280223407,2097325,11,11,12406089252390561320,12406089252390561320
10,P,20260918,826,2,measure,232,stride_1_double,134217728,2097152,2857528,1611322814184839117,4468045,11,11,12479878357218502965,12479878357218502965
10,P,20260918,827,2,measure,233,stride_17,1048576,1048576,60186,11792101219383896333,1409201,11,11,8797231230870489880,8797231230870489880
10,P,20260918,828,2,measure,234,stride_1,24576,1048576,822,12301804232237995961,1377638,11,11,8433775789340854958,8433775789340854958
10,P,20260918,829,2,measure,235,stride_1_double,8388608,2097152,429626,16062527493836369363,3212961,11,11,18159816849507569302,18159816849507569302
10,P,20260918,830,2,measure,236,stride_17,3145728,1048576,366795,4593687192256530042,2454153,11,11,9685098826542063026,9685098826542063026
10,P,20260918,831,2,measure,237,stride_1_double,16777216,2097152,1992579,7976794653080489327,3852353,11,11,12841062978479921428,12841062978479921428
10,P,20260918,832,2,measure,238,stride_1_bis,201326592,1048576,1014211,4667100078153439110,2339005,11,11,8631671349041282207,8631671349041282207
10,P,20260918,833,2,measure,239,pair_same_line,32768,1048576,2049,17104527599051188990,1628725,11,11,9630181011065961548,9630181011065961548
10,P,20260918,834,2,measure,240,stride_17,131072,1048576,3117,16149862496419409538,1390921,11,11,16921412609114818048,16921412609114818048
10,P,20260918,835,2,measure,241,pair_split_line,49152,1048576,6104,13301156647497695679,1890183,11,11,10383212179867041460,10383212179867041460
10,P,20260918,836,2,measure,242,stride_17,16384,1048576,222,7285945735192733821,1382764,11,11,9548053087369131008,9548053087369131008
10,P,20260918,837,2,measure,243,stride_1_bis,24576,1048576,760,8160518932785199444,1407504,11,11,18125248090009416476,18125248090009416476
10,P,20260918,838,2,measure,244,stride_1_double,6291456,2097152,285859,11323855638032571998,3381927,11,11,3981223374583021101,3981223374583021101
10,P,20260918,839,2,measure,245,random,1572864,1048576,56997,17977580423023226306,1390031,11,11,1890096438901608371,1890096438901608371
10,P,20260918,840,2,measure,246,stride_513,6291456,1048576,411764,11926354122725091508,1671601,11,11,8960868997562969188,8960868997562969188
10,P,20260918,841,2,measure,247,stride_1,1572864,1048576,127934,1538511516328803618,1408253,11,11,16292170554681345845,16292170554681345845
10,P,20260918,842,2,measure,248,pair_same_line,1048576,1048576,31564,6827457657270578183,2030008,11,11,4797762735006099560,4797762735006099560
10,P,20260918,843,2,measure,249,stride_513,1572864,1048576,74606,6204519457297388592,1470488,11,11,4152134303135996640,4152134303135996640
10,P,20260918,844,2,measure,250,random,262144,1048576,16318,6590711706849110240,1173030,11,11,15697760944249790649,15697760944249790649
10,P,20260918,845,2,measure,251,stride_513,268435456,1048576,1075591,13507843489143155316,12525612,11,11,11282962575449942864,11282962575449942864
10,P,20260918,846,2,measure,252,random,16384,1048576,1774,15840062205965432820,1092413,11,11,11332907680696494796,11332907680696494796
10,P,20260918,847,2,measure,253,stride_1_bis,268435456,1048576,32200195,7203928561680102614,2119209,11,11,15949012605796805561,15949012605796805561
10,P,20260918,848,2,measure,254,random,524288,1048576,26965,3060117077983586224,1235470,11,11,13799576845498920970,13799576845498920970
10,P,20260918,849,2,measure,255,stride_17,786432,1048576,17704,15711521383955279684,1408386,11,11,9178087826852219304,9178087826852219304
10,P,20260918,850,2,measure,256,stride_17,33554432,1048576,1120990,11622351624472775559,8043480,11,11,3590117883655769177,3590117883655769177
10,P,20260918,851,2,measure,257,stride_1_double,65536,2097152,2834,10959208562988418374,2714341,11,11,14401013024949000960,14401013024949000960
10,P,20260918,852,2,measure,258,pair_same_line,4194304,1048576,158131,1952338250505690905,4971090,11,11,5044670764989237886,5044670764989237886
10,P,20260918,853,2,measure,259,random,65536,1048576,7019,10900837235338364728,1150505,11,11,6057965840038657608,6057965840038657608
10,P,20260918,854,2,measure,260,stride_1,16384,1048576,1017,9628730181034534024,1412023,11,11,9548053087369131008,9548053087369131008
10,P,20260918,855,2,measure,261,stride_17,4194304,1048576,53683,1764141081616321359,3084439,11,11,12406089252390561320,12406089252390561320
10,P,20260918,856,2,measure,262,pair_split_line,98304,1048576,6760,13654532551973932444,2164225,11,11,4975118400894279626,4975118400894279626
10,P,20260918,857,2,measure,263,pair_split_line,24576,1048576,1630,7118893278885937233,1883281,11,11,84663264002245811,84663264002245811
10,P,20260918,858,2,measure,264,stride_1_double,16384,2097152,1919,4128465845555391203,2710151,11,11,649362101028710400,649362101028710400
10,P,20260918,859,2,measure,265,stride_1,12582912,1048576,1097387,16787817654587664001,1840704,11,11,14465905765554877698,14465905765554877698
10,P,20260918,860,2,measure,266,stride_1_bis,196608,1048576,7410,4943737711487992717,1357067,11,11,14261010029291613353,14261010029291613353
10,P,20260918,861,2,measure,267,stride_4097,262144,1048576,19569,8920640322046004901,1441040,11,11,3252759155835688704,3252759155835688704
10,P,20260918,862,2,measure,268,stride_1,8388608,1048576,785822,1135953989061614923,1670316,11,11,18303280461608560459,18303280461608560459
10,P,20260918,863,2,measure,269,random,201326592,1048576,7574738,17767250464285967808,16493826,11,11,3848534339805874880,3848534339805874880
10,P,20260918,864,2,measure,270,random,50331648,1048576,890111,13310092023316399036,14389607,11,11,8598691882850497837,8598691882850497837
10,P,20260918,865,2,measure,271,pair_split_line,16384,1048576,880,3571529242367837946,1884687,11,11,11738581041004197944,11738581041004197944
10,P,20260918,866,2,measure,272,stride_1,16777216,1048576,1779232,15083771024854632506,2144786,11,11,10715194533725537400,10715194533725537400
10,P,20260918,867,2,measure,273,stride_1,393216,1048576,42434,6559125532532052958,1482207,11,11,12063855767137948271,12063855767137948271
10,P,20260918,868,2,measure,274,stride_1_bis,49152,1048576,334,13675220716604727242,1412622,11,11,1252753645895055771,1252753645895055771
10,P,20260918,869,2,measure,275,stride_4097,786432,1048576,86702,11593175593391157051,1523608,11,11,16363914306317761292,16363914306317761292
10,P,20260918,870,2,measure,276,stride_513,33554432,1048576,2389814,15667759511673098174,10289013,11,11,6660496185012144579,6660496185012144579
10,P,20260918,871,2,measure,277,stride_4097,32768,1048576,3188,10364071024060433787,1357326,11,11,10598541984122395648,10598541984122395648
10,P,20260918,872,2,measure,278,pair_split_line,3145728,1048576,356213,1877700008183665239,4499107,11,11,6571295404000733909,6571295404000733909
10,P,20260918,873,2,measure,279,pair_split_line,268435456,1048576,20955188,11574271182883415711,21374310,11,11,6176822365779725744,6176822365779725744
10,P,20260918,874,2,measure,280,stride_4097,8192,1048576,547,3622881072448527637,1416737,11,11,116592947459441664,116592947459441664
10,P,20260918,875,2,measure,281,pair_split_line,1572864,1048576,43373,6330488108220459307,3101929,11,11,14249281162167734246,14249281162167734246
10,P,20260918,876,2,measure,282,stride_1_double,524288,2097152,47462,14723337795720258705,2754710,11,11,1677023885985199424,1677023885985199424
10,P,20260918,877,2,measure,283,stride_1_bis,1572864,1048576,190452,13042856222187720519,1370451,11,11,16234869469441976269,16234869469441976269
10,P,20260918,878,2,measure,284,random,12582912,1048576,962426,5443179922564260326,12196932,11,11,2411000204235505503,2411000204235505503
10,P,20260918,879,2,measure,285,stride_17,134217728,1048576,13897565,14411620179143525515,9370466,11,11,9316562101646339874,9316562101646339874
10,P,20260918,880,2,measure,286,stride_1,131072,1048576,8779,505044429269855439,1624240,11,11,16921412609114818048,16921412609114818048
10,P,20260918,881,2,measure,287,stride_1,196608,1048576,12209,4740622097321996789,1573940,11,11,5541453390980657022,5541453390980657022
10,P,20260918,882,2,measure,288,stride_1_bis,393216,1048576,5139,12556181611897732450,1542056,11,11,12929823381807324010,12929823381807324010
10,P,20260918,883,2,measure,289,pair_split_line,524288,1048576,59890,1742383932074570542,2613984,11,11,14493091159968165088,14493091159968165088
10,P,20260918,884,2,measure,290,pair_same_line,12582912,1048576,943724,3951875476705176195,11924838,11,11,8276339110636553814,8276339110636553814
10,P,20260918,885,2,measure,291,stride_17,25165824,1048576,2862419,11738716042661728185,6933232,11,11,13309632320705309375,13309632320705309375
10,P,20260918,886,2,measure,292,stride_513,3145728,1048576,15612,1584867553217032907,2149544,11,11,11181227820694052192,11181227820694052192
10,P,20260918,887,2,measure,293,stride_1_bis,100663296,1048576,4639836,11795499664887297406,2451098,11,11,15593533418347751405,15593533418347751405
10,P,20260918,888,2,measure,294,stride_1_bis,786432,1048576,95766,6190173533710574275,2179639,11,11,18309909505749570778,18309909505749570778
10,P,20260918,889,2,measure,295,stride_1_double,8192,2097152,282,4265399641010662237,3000091,11,11,233185894918883328,233185894918883328
10,P,20260918,890,2,measure,296,stride_1_bis,262144,1048576,22231,733639171271620575,1507385,11,11,3252759155835688704,3252759155835688704
10,P,20260918,891,3,measure,0,random,12288,1048576,116,5353587703044756472,1104240,11,11,5520541774528561434,5520541774528561434
10,P,20260918,892,3,measure,1,random,6291456,1048576,261536,7098709301530010997,6951770,11,11,11826924679806787693,11826924679806787693
10,P,20260918,893,3,measure,2,pair_split_line,65536,1048576,6957,14153939204479442664,2019434,11,11,644028002076125833,644028002076125833
10,P,20260918,894,3,measure,3,pair_same_line,16777216,1048576,508116,11153610316293957782,11785400,11,11,17323502895560302458,17323502895560302458
10,P,20260918,895,3,measure,4,stride_1_bis,268435456,1048576,33317804,10063760432298874868,1782755,11,11,8198215500817089369,8198215500817089369
10,P,20260918,896,3,measure,5,stride_1_double,1048576,2097152,14158,15583427027815699286,2796335,11,11,17594462461740979760,17594462461740979760
10,P,20260918,897,3,measure,6,stride_1,201326592,1048576,15659187,10182443830950963800,1687428,11,11,18194758573859554272,18194758573859554272
10,P,20260918,898,3,measure,7,random,524288,1048576,9809,6126771223904526784,1180516,11,11,15312580805799369203,15312580805799369203
10,P,20260918,899,3,measure,8,stride_1_double,4194304,2097152,462140,6032126052046053258,2962043,11,11,6365434431071571024,6365434431071571024
10,P,20260918,900,3,measure,9,pair_same_line,25165824,1048576,2140742,15066634464251372353,13379914,11,11,17459172489157632125,17459172489157632125
10,P,20260918,901,3,measure,10,stride_4097,8192,1048576,823,4620065785462135358,1352394,11,11,116592947459441664,116592947459441664
10,P,20260918,902,3,measure,11,random,32768,1048576,3721,16306912117770445794,1094598,11,11,920204710716309692,920204710716309692
10,P,20260918,903,3,measure,12,random,3145728,1048576,382913,6878996488848122196,2611824,11,11,11420068703372749162,11420068703372749162
10,P,20260918,904,3,measure,13,stride_1_bis,65536,1048576,3136,10430298901589779690,1353718,11,11,16423878549329276288,16423878549329276288
10,P,20260918,905,3,measure,14,stride_513,3145728,1048576,310227,5787024922509662161,1604526,11,11,11181227820694052192,11181227820694052192
10,P,20260918,906,3,measure,15,stride_1,3145728,1048576,127337,12362987205726603367,1362743,11,11,7998980528827527508,7998980528827527508
10,P,20260918,907,3,measure,16,stride_4097,262144,1048576,30158,4343008396978286164,1384632,11,11,3252759155835688704,3252759155835688704
10,P,20260918,908,3,measure,17,random,4096,1048576,494,17643677331460719454,1088357,11,11,18201874912967192084,18201874912967192084
10,P,20260918,909,3,measure,18,stride_1_double,8388608,2097152,189163,7557469216379657285,3287553,11,11,18159816849507569302,18159816849507569302
10,P,20260918,910,3,measure,19,stride_1_bis,98304,1048576,1313,2050518005353526650,1356243,11,11,1845224916198475804,1845224916198475804
10,P,20260918,911,3,measure,20,stride_513,25165824,1048576,2345351,15633161225439989874,7382496,11,11,11886943178879158261,11886943178879158261
10,P,20260918,912,3,measure,21,stride_17,268435456,1048576,32884203,15808838078077141762,8592409,11,11,14841805825470313093,14841805825470313093
10,P,20260918,913,3,measure,22,random,196608,1048576,12046,16757689549281206258,1150581,11,11,12529406856881009306,12529406856881009306
10,P,20260918,914,3,measure,23,random,8192,1048576,900,914937747732149655,1091740,11,11,13551016404287957739,13551016404287957739
10,P,20260918,915,3,measure,24,random,786432,1048576,56912,17864573312375261497,1460412,11,11,828650527060611772,828650527060611772
10,P,20260918,916,3,measure,25,stride_1,134217728,1048576,8587368,12673955382466245715,1837985,11,11,11481177736184855904,11481177736184855904
10,P,20260918,917,3,measure,26,stride_513,8388608,1048576,790271,1666449451758654509,3368625,11,11,18303280461608560459,18303280461608560459
10,P,20260918,918,3,measure,27,pair_split_line,131072,1048576,12200,16698461760563645201,2217045,11,11,301786519096440814,301786519096440814
10,P,20260918,919,3,measure,28,pair_same_line,786432,1048576,19008,10925732634556537542,1989239,11,11,9721076827023737952,9721076827023737952
10,P,20260918,920,3,measure,29,stride_513,524288,1048576,46196,14977713898373153850,1497007,11,11,10061883979847375520,10061883979847375520
10,P,20260918,921,3,measure,30,stride_4097,32768,1048576,121,3882592534010379343,1412797,11,11,10598541984122395648,10598541984122395648
10,P,20260918,922,3,measure,31,pair_same_line,6144,1048576,259,1884030499261390285,1632569,11,11,837871055928829065,837871055928829065
10,P,20260918,923,3,measure,32,stride_1,100663296,1048576,6900362,13570673062715790149,1642509,11,11,8392897505675858875,8392897505675858875
10,P,20260918,924,3,measure,33,pair_same_line,24576,1048576,1283,5747032891734017053,1629965,11,11,3151795033376612496,3151795033376612496
10,P,20260918,925,3,measure,34,pair_split_line,1572864,1048576,16684,17352402056153600930,2669848,11,11,1388914506076518422,1388914506076518422
10,P,20260918,926,3,measure,35,pair_split_line,50331648,1048576,5755830,3505581695564018726,16590160,11,11,15315319864217596977,15315319864217596977
10,P,20260918,927,3,measure,36,stride_1,196608,1048576,7998,17235210015014584753,1396707,11,11,10185541888266088437,10185541888266088437
10,P,20260918,928,3,measure,37,pair_same_line,2097152,1048576,57584,1547482603242265836,3367360,11,11,9261093233739978322,9261093233739978322
10,P,20260918,929,3,measure,38,stride_1_bis,1048576,1048576,107295,11607594006006972006,1384269,11,11,8797231230870489880,8797231230870489880
10,P,20260918,930,3,measure,39,random,65536,1048576,6172,12602405037361296550,1172305,11,11,16685582150166574997,16685582150166574997
10,P,20260918,931,3,measure,40,stride_1,49152,1048576,1639,9220033758791547970,1388230,11,11,17659828657604906198,17659828657604906198
10,P,20260918,932,3,measure,41,stride_1,12582912,1048576,1170655,14363719005471000450,1907294,11,11,5590067395360267520,5590067395360267520
10,P,20260918,933,3,measure,42,stride_1_double,24576,2097152,786,8259294495571842768,2822454,11,11,15692247268067067157,15692247268067067157
10,P,20260918,934,3,measure,43,pair_split_line,98304,1048576,6565,7605416871532287242,2154463,11,11,5443505638650954320,5443505638650954320
10,P,20260918,935,3,measure,44,stride_1,2097152,1048576,83317,14464111705569371792,1405211,11,11,14577075130308765988,14577075130308765988
10,P,20260918,936,3,measure,45,stride_17,16384,1048576,1298,9915924248603521252,1414912,11,11,9548053087369131008,9548053087369131008
10,P,20260918,937,3,measure,46,pair_same_line,65536,1048576,31,13840765577538540590,1703601,11,11,3653381888427524775,3653381888427524775
10,P,20260918,938,3,measure,47,random,2097152,1048576,70482,13923814800296706669,1619163,11,11,8443556883398984658,8443556883398984658
10,P,20260918,939,3,measure,48,stride_1_double,12582912,2097152,776555,18317585959475818450,4396088,11,11,415124413571209807,415124413571209807
10,P,20260918,940,3,measure,49,pair_same_line,100663296,1048576,6757678,15640030056814636754,17164049,11,11,14795427092358005228,14795427092358005228
10,P,20260918,941,3,measure,50,random,12582912,1048576,517777,12461720621769723397,9764657,11,11,17494193503868060395,17494193503868060395
10,P,20260918,942,3,measure,51,stride_1_double,262144,2097152,27187,16151771681373676147,2722718,11,11,6505518311671377408,6505518311671377408
10,P,20260918,943,3,measure,52,stride_1_bis,8192,1048576,206,15618532998939043380,1371179,11,11,116592947459441664,116592947459441664
10,P,20260918,944,3,measure,53,pair_same_line,12582912,1048576,1274504,1290487342805721282,8487393,11,11,2936446808578170129,2936446808578170129
10,P,20260918,945,3,measure,54,pair_same_line,196608,1048576,10390,4078580957573548476,1821276,11,11,17213468375495178599,17213468375495178599
10,P,20260918,946,3,measure,55,stride_1_double,131072,2097152,14086,12989115140535285112,2797228,11,11,15396081144520084480,15396081144520084480
10,P,20260918,947,3,measure,56,stride_4097,196608,1048576,1057,5928132700103832697,1434391,11,11,14230444291967733650,14230444291967733650
10,P,20260918,948,3,measure,57,pair_split_line,24576,1048576,607,14554700469715388815,1890734,11,11,3212211775422322398,3212211775422322398
10,P,20260918,949,3,measure,58,pair_split_line,134217728,1048576,11270026,11224946933005907316,24842849,11,11,5872480618311310359,5872480618311310359
10,P,20260918,950,3,measure,59,stride_513,16384,1048576,673,8464991004139198503,1470413,11,11,9548053087369131008,9548053087369131008
10,P,20260918,951,3,measure,60,stride_1_bis,196608,1048576,12706,10489245775428122817,1422926,11,11,14017440270896028582,14017440270896028582
10,P,20260918,952,3,measure,61,random,1572864,1048576,100116,8700584523488118823,1748113,11,11,4058703001732471554,4058703001732471554
10,P,20260918,953,3,measure,62,stride_513,33554432,1048576,1528647,12230737353972559313,11414170,11,11,11478962690154376670,11478962690154376670
10,P,20260918,954,3,measure,63,stride_513,393216,1048576,31692,14699743898420321105,1656641,11,11,9218483334806453440,9218483334806453440
10,P,20260918,955,3,measure,64,random,16777216,1048576,132975,154817033178370242,12291777,11,11,8983785388684302293,8983785388684302293
10,P,20260918,956,3,measure,65,stride_1_bis,8388608,1048576,381681,1777885383288557178,2378247,11,11,18303280461608560459,18303280461608560459
10,P,20260918,957,3,measure,66,stride_513,2097152,1048576,91321,3414571658080725404,1785774,11,11,14577075130308765988,14577075130308765988
10,P,20260918,958,3,measure,67,stride_17,3145728,1048576,246486,8568083025741600343,2696703,11,11,3604443131886542081,3604443131886542081
10,P,20260918,959,3,measure,68,stride_4097,6291456,1048576,209758,10579874552219464021,2347256,11,11,10566194863955940411,10566194863955940411
10,P,20260918,960,3,measure,69,stride_1_bis,524288,1048576,54631,6596901632033192654,1492140,11,11,10061883979847375520,10061883979847375520
10,P,20260918,961,3,measure,70,stride_17,6144,1048576,447,2954549764156203012,1418344,11,11,2318568046797969270,2318568046797969270
10,P,20260918,962,3,measure,71,stride_1_double,393216,2097152,19217,3099559376861698862,2745338,11,11,16846707367227654947,16846707367227654947
10,P,20260918,963,3,measure,72,pair_same_line,6291456,1048576,743754,11228134112970333127,2609711,11,11,9278939495754227220,9278939495754227220
10,P,20260918,964,3,measure,73,stride_4097,8388608,1048576,488050,7149502190621886282,2290330,11,11,18303280461608560459,18303280461608560459
10,P,20260918,965,3,measure,74,stride_1_double,12288,2097152,1012,8558317407123931903,2711836,11,11,13610922344801750204,13610922344801750204
10,P,20260918,966,3,measure,75,stride_513,67108864,1048576,2994652,5070945152588803349,11111353,11,11,9200948710087767034,9200948710087767034
10,P,20260918,967,3,measure,76,random,134217728,1048576,1433640,17806166522109785672,16271912,11,11,16098042556189964034,16098042556189964034
10,P,20260918,968,3,measure,77,stride_17,25165824,1048576,2680798,16532657320005142803,7594263,11,11,18314436509630570058,18314436509630570058
10,P,20260918,969,3,measure,78,stride_1_bis,12582912,1048576,899123,1581545727899896074,2263007,11,11,15204200664795691121,15204200664795691121
10,P,20260918,970,3,measure,79,pair_same_line,1048576,1048576,49724,15951997494516916143,2650509,11,11,13294692354843741737,13294692354843741737
10,P,20260918,971,3,measure,80,stride_513,16777216,1048576,1054649,13302284691142625787,7130752,11,11,4648794797296424939,4648794797296424939
10,P,20260918,972,3,measure,81,pair_split_line,100663296,1048576,134977,7219830638697902253,24730077,11,11,15428343501340692465,15428343501340692465
10,P,20260918,973,3,measure,82,stride_4097,2097152,1048576,249072,15992162100959057866,2515614,11,11,14577075130308765988,14577075130308765988
10,P,20260918,974,3,measure,83,stride_1_bis,1572864,1048576,185853,15880699120318705932,1854045,11,11,11987470991122713697,11987470991122713697
10,P,20260918,975,3,measure,84,pair_split_line,393216,1048576,43360,15356982369380656547,2971784,11,11,2440218903967091135,2440218903967091135
10,P,20260918,976,3,measure,85,stride_513,1048576,1048576,63438,7032193636620255502,1867965,11,11,8797231230870489880,8797231230870489880
10,P,20260918,977,3,measure,86,stride_1_bis,201326592,1048576,12579886,11559466182638278163,2388338,11,11,17234932856310015172,17234932856310015172
10,P,20260918,978,3,measure,87,pair_same_line,32768,1048576,2438,15291037418923123819,2206063,11,11,771248043827936387,771248043827936387
10,P,20260918,979,3,measure,88,random,100663296,1048576,7022011,9507133634553834591,16867427,11,11,6687751256299214822,6687751256299214822
10,P,20260918,980,3,measure,89,stride_4097,1572864,1048576,16403,1121722284755969931,2318857,11,11,12464479468417562967,12464479468417562967
10,P,20260918,981,3,measure,90,stride_513,6144,1048576,548,113167844240148544,2048544,11,11,9261835561974562816,9261835561974562816
10,P,20260918,982,3,measure,91,pair_same_line,3145728,1048576,276630,9595595505385769826,5686089,11,11,257150454547287337,257150454547287337
10,P,20260918,983,3,measure,92,stride_4097,268435456,1048576,27445925,343966005034357269,8677451,11,11,3595506013507732778,3595506013507732778
10,P,20260918,984,3,measure,93,stride_17,4096,1048576,196,16654336077850204072,2105336,11,11,8154595385843253248,8154595385843253248
10,P,20260918,985,3,measure,94,pair_same_line,8192,1048576,183,4021786568550359828,2212282,11,11,12173002808714499079,12173002808714499079
10,P,20260918,986,3,measure,95,stride_1_double,196608,2097152,11649,18049990187820061039,3423064,11,11,16845617327623157580,16845617327623157580
10,P,20260918,987,3,measure,96,stride_4097,3145728,1048576,273866,16229838773472000288,2601572,11,11,1831138551680843540,1831138551680843540
10,P,20260918,988,3,measure,97,pair_same_line,12288,1048576,1016,2035402602456191024,1947472,11,11,13765992100236304004,13765992100236304004
10,P,20260918,989,3,measure,98,stride_1_bis,16777216,1048576,440473,5002910807916624127,1883190,11,11,14266463651825447238,14266463651825447238
10,P,20260918,990,3,measure,99,pair_split_line,2097152,1048576,70953,17498234920708132558,3136483,11,11,17195640138265485946,17195640138265485946
10,P,20260918,991,3,measure,100,stride_1,8192,1048576,367,8882071685996783454,1403964,11,11,116592947459441664,116592947459441664
10,P,20260918,992,3,measure,101,stride_1,393216,1048576,5409,16415483504812991171,1358335,11,11,12775269458099602538,12775269458099602538
10,P,20260918,993,3,measure,102,stride_17,2097152,1048576,209307,5470562591031059010,1500202,11,11,14577075130308765988,14577075130308765988
10,P,20260918,994,3,measure,103,stride_17,16777216,1048576,345921,12816377999751705002,5437438,11,11,6029062691542213718,6029062691542213718
10,P,20260918,995,3,measure,104,random,24576,1048576,1827,223605062293056585,1094263,11,11,8406406902583559083,8406406902583559083
10,P,20260918,996,3,measure,105,stride_1,16384,1048576,564,14960289179735600008,1355217,11,11,9548053087369131008,9548053087369131008
10,P,20260918,997,3,measure,106,stride_1_double,6144,2097152,149,12921194321397603019,2713963,11,11,15119881784678590640,15119881784678590640
10,P,20260918,998,3,measure,107,stride_17,65536,1048576,7789,11209964030910440980,1359166,11,11,16423878549329276288,16423878549329276288
10,P,20260918,999,3,measure,108,random,98304,1048576,2274,4958195170549092651,1125322,11,11,2297919250711602650,2297919250711602650
10,P,20260918,1000,3,measure,109,stride_4097,786432,1048576,71007,13174852635687982789,1435606,11,11,3099689939034541274,3099689939034541274
10,P,20260918,1001,3,measure,110,stride_513,12288,1048576,1247,2028900078163716122,1351200,11,11,9502424420678940672,9502424420678940672
10,P,20260918,1002,3,measure,111,stride_17,1048576,1048576,12240,11826811882649417277,1391606,11,11,8797231230870489880,8797231230870489880
10,P,20260918,1003,3,measure,112,pair_split_line,25165824,1048576,1154029,16827388629286647068,13991208,11,11,16989899767794510920,16989899767794510920
10,P,20260918,1004,3,measure,113,stride_1_double,25165824,2097152,2815735,7749952208189621837,3810638,11,11,4834063905319155938,4834063905319155938
10,P,20260918,1005,3,measure,114,stride_4097,134217728,1048576,9257373,7345429813125941326,6946246,11,11,4109502900031553430,4109502900031553430
10,P,20260918,1006,3,measure,115,pair_same_line,67108864,1048576,4329683,14772368307977893860,16343383,11,11,10328404191889188635,10328404191889188635
10,P,20260918,1007,3,measure,116,stride_1_bis,131072,1048576,8665,2151655910050975217,1551968,11,11,16921412609114818048,16921412609114818048
10,P,20260918,1008,3,measure,117,stride_4097,4096,1048576,176,1874344087163901242,1480186,11,11,8154595385843253248,8154595385843253248
10,P,20260918,1009,3,measure,118,pair_split_line,262144,1048576,21763,15458794552031170780,2383017,11,11,4412568403384080589,4412568403384080589
10,P,20260918,1010,3,measure,119,stride_513,196608,1048576,23049,9952757197218340050,1422058,11,11,11662605144128544768,11662605144128544768
10,P,20260918,1011,3,measure,120,stride_1,4096,1048576,287,304950452637875519,1353356,11,11,8154595385843253248,8154595385843253248
10,P,20260918,1012,3,measure,121,random,49152,1048576,4717,1506974738559464858,1093274,11,11,5421106081184246552,5421106081184246552
10,P,20260918,1013,3,measure,122,stride_17,131072,1048576,7552,10092732363733953948,1358466,11,11,16921412609114818048,16921412609114818048
10,P,20260918,1014,3,measure,123,stride_513,12582912,1048576,15359,17060637998324858483,7102930,11,11,446194662936398502,446194662936398502
10,P,20260918,1015,3,measure,124,stride_1_bis,49152,1048576,185,9220170255578164698,1406350,11,11,13491265298474363253,13491265298474363253
10,P,20260918,1016,3,measure,125,pair_split_line,3145728,1048576,17299,9814298527889945872,3940005,11,11,6709866364154565703,6709866364154565703
10,P,20260918,1017,3,measure,126,stride_513,4194304,1048576,203266,7895622023793949179,1649633,11,11,12406089252390561320,12406089252390561320
10,P,20260918,1018,3,measure,127,stride_4097,100663296,1048576,4432683,5442790123712126179,8443482,11,11,6869304336969777329,6869304336969777329
10,P,20260918,1019,3,measure,128,stride_1,268435456,1048576,31143167,17545795206708208704,2212483,11,11,13040690731215625643,13040690731215625643
10,P,20260918,1020,3,measure,129,stride_513,98304,1048576,7513,6493657321678881010,1430952,11,11,1589993245443464960,1589993245443464960
10,P,20260918,1021,3,measure,130,stride_4097,393216,1048576,9506,7860197645828663595,1526096,11,11,15819101509067186419,15819101509067186419
10,P,20260918,1022,3,measure,131,stride_17,4194304,1048576,415355,108396204185908484,3300104,11,11,12406089252390561320,12406089252390561320
10,P,20260918,1023,3,measure,132,stride_4097,49152,1048576,5771,14497993737152004293,1385628,11,11,2200274364143468380,2200274364143468380
10,P,20260918,1024,3,measure,133,stride_4097,201326592,1048576,7348194,1986887603617674566,9055151,11,11,16253314440779000535,16253314440779000535
10,P,20260918,1025,3,measure,134,stride_1_double,65536,2097152,1382,10867871735463257965,2714121,11,11,14401013024949000960,14401013024949000960
10,P,20260918,1026,3,measure,135,stride_17,262144,1048576,31995,7214159810533815754,1371320,11,11,3252759155835688704,3252759155835688704
10,P,20260918,1027,3,measure,136,random,8388608,1048576,386326,18203058687582880022,8942653,11,11,6878101464681782014,6878101464681782014
10,P,20260918,1028,3,measure,137,pair_same_line,393216,1048576,7479,14489694829093939704,1839138,11,11,1039755040491292234,1039755040491292234
10,P,20260918,1029,3,measure,138,stride_513,262144,1048576,23033,901507407007553603,1476297,11,11,3252759155835688704,3252759155835688704
10,P,20260918,1030,3,measure,139,stride_513,201326592,1048576,2609791,11608531520858368151,13680493,11,11,6793885106572677293,6793885106572677293
10,P,20260918,1031,3,measure,140,stride_4097,50331648,1048576,1615017,5733618333090388949,8479654,11,11,4597406196521025806,4597406196521025806
10,P,20260918,1032,3,measure,141,stride_1_double,33554432,2097152,2850942,7379017196904975183,4657059,11,11,13061970733696748423,13061970733696748423
10,P,20260918,1033,3,measure,142,random,201326592,1048576,18277609,8673643770004574836,17341250,11,11,14977570756202043887,14977570756202043887
10,P,20260918,1034,3,measure,143,stride_513,8192,1048576,555,11786799897847243213,1920602,11,11,116592947459441664,116592947459441664
10,P,20260918,1035,3,measure,144,stride_513,4096,1048576,490,9167430161354428713,1796036,11,11,8154595385843253248,8154595385843253248
10,P,20260918,1036,3,measure,145,stride_1,33554432,1048576,1951459,7857225428981907091,2328685,11,11,6080756272130407238,6080756272130407238
10,P,20260918,1037,3,measure,146,stride_17,196608,1048576,8253,362923168022956103,1696641,11,11,4271363775535436097,4271363775535436097
10,P,20260918,1038,3,measure,147,stride_1_double,1572864,2097152,157614,5728054213501625188,3285881,11,11,7793352889872256867,7793352889872256867
10,P,20260918,1039,3,measure,148,stride_1_double,16384,2097152,368,163474308845401663,2949101,11,11,649362101028710400,649362101028710400
10,P,20260918,1040,3,measure,149,stride_513,49152,1048576,5002,13000116512030159579,1453912,11,11,10058475094351434240,10058475094351434240
10,P,20260918,1041,3,measure,150,random,50331648,1048576,1009156,8031921466458970188,14408657,11,11,1128418922167007650,1128418922167007650
10,P,20260918,1042,3,measure,151,stride_1,6144,1048576,20,6122252302331409814,1664960,11,11,3147205856397293009,3147205856397293009
10,P,20260918,1043,3,measure,152,pair_split_line,786432,1048576,56945,150362754531278442,3010350,11,11,6580684671119262311,6580684671119262311
10,P,20260918,1044,3,measure,153,stride_1_double,16777216,2097152,332119,9107415932793064254,4738679,11,11,12841062978479921428,12841062978479921428
10,P,20260918,1045,3,measure,154,pair_same_line,201326592,1048576,11212712,818794012644318386,18632881,11,11,10132576290948342929,10132576290948342929
10,P,20260918,1046,3,measure,155,random,262144,1048576,19976,7740829694099363829,1429850,11,11,1139505443622555931,1139505443622555931
10,P,20260918,1047,3,measure,156,stride_4097,1048576,1048576,75480,7046305951548271849,1765558,11,11,8797231230870489880,8797231230870489880
10,P,20260918,1048,3,measure,157,stride_17,6291456,1048576,309640,9607879279231619795,3898975,11,11,6481737655673185732,6481737655673185732
10,P,20260918,1049,3,measure,158,stride_1_double,6291456,2097152,581024,6254879631132741941,2992710,11,11,7269621522675818538,7269621522675818538
10,P,20260918,1050,3,measure,159,stride_4097,12582912,1048576,283217,8825748186888803738,5324249,11,11,1341229104177434243,1341229104177434243
10,P,20260918,1051,3,measure,160,stride_513,134217728,1048576,705384,9781454210223250574,12437667,11,11,11703911381932421936,11703911381932421936
10,P,20260918,1052,3,measure,161,stride_4097,4194304,1048576,363106,18275114368069298939,2317950,11,11,12406089252390561320,12406089252390561320
10,P,20260918,1053,3,measure,162,pair_split_line,4096,1048576,140,18016889448333053280,2238055,11,11,3737504578579001226,3737504578579001226
10,P,20260918,1054,3,measure,163,stride_1,50331648,1048576,4139520,7475712837587726977,2274452,11,11,3600424260492509704,3600424260492509704
10,P,20260918,1055,3,measure,164,stride_17,134217728,1048576,12683677,3454322503981208351,9230710,11,11,15364653017772314699,15364653017772314699
10,P,20260918,1056,3,measure,165,stride_1_bis,3145728,1048576,234103,16257300029471951208,1829944,11,11,5733347873549613492,5733347873549613492
10,P,20260918,1057,3,measure,166,stride_1_bis,2097152,1048576,198479,6599151175564575895,1585793,11,11,14577075130308765988,14577075130308765988
10,P,20260918,1058,3,measure,167,stride_513,24576,1048576,1492,13998642050272149307,1544468,11,11,1712612578793322496,1712612578793322496
10,P,20260918,1059,3,measure,168,stride_1_bis,24576,1048576,2526,6260127511407199751,1476591,11,11,1738670238938732813,1738670238938732813
10,P,20260918,1060,3,measure,169,pair_same_line,8388608,1048576,109170,14971698999714468043,9280708,11,11,8854425143772913073,8854425143772913073
10,P,20260918,1061,3,measure,170,stride_1,32768,1048576,1946,4037109871194116393,1521450,11,11,10598541984122395648,10598541984122395648
10,P,20260918,1062,3,measure,171,stride_1,1572864,1048576,103809,201020336325552483,1488383,11,11,391475841613920818,391475841613920818
10,P,20260918,1063,3,measure,172,stride_1_double,8192,2097152,719,5329317255775040282,2770488,11,11,233185894918883328,233185894918883328
10,P,20260918,1064,3,measure,173,stride_513,100663296,1048576,11073927,11026018944968700222,13088202,11,11,1540334373950237867,1540334373950237867
10,P,20260918,1065,3,measure,174,stride_1_bis,4096,1048576,365,12478868039261312363,1614518,11,11,8154595385843253248,8154595385843253248
10,P,20260918,1066,3,measure,175,random,268435456,1048576,23247035,6153528307041972147,18073048,11,11,11793788323172551879,11793788323172551879
10,P,20260918,1067,3,measure,176,stride_4097,12288,1048576,636,17930037574867329912,2118782,11,11,12606941602226221918,12606941602226221918
10,P,20260918,1068,3,measure,177,stride_1_double,201326592,2097152,16232940,18081901883736027408,4797100,11,11,17729226914493785488,17729226914493785488
10,P,20260918,1069,3,measure,178,pair_same_line,16384,1048576,1143,7771477185428494651,2850950,11,11,3886560190938374843,3886560190938374843
10,P,20260918,1070,3,measure,179,stride_1_bis,786432,1048576,96615,17101383615586597098,1762554,11,11,6124254902494343305,6124254902494343305
10,P,20260918,1071,3,measure,180,stride_1,8388608,1048576,708518,8724543343104042073,2321594,11,11,18303280461608560459,18303280461608560459
10,P,20260918,1072,3,measure,181,stride_17,24576,1048576,2032,13080916290299221109,1572780,11,11,2436149058166905303,2436149058166905303
10,P,20260918,1073,3,measure,182,stride_17,8192,1048576,278,10717187806394316248,1520248,11,11,116592947459441664,116592947459441664
10,P,20260918,1074,3,measure,183,pair_same_line,49152,1048576,1739,13415293561970262270,1840257,11,11,18058859573447004784,18058859573447004784
10,P,20260918,1075,3,measure,184,pair_split_line,1048576,1048576,89957,13516342919250693107,2681594,11,11,1277852045933419833,1277852045933419833
10,P,20260918,1076,3,measure,185,stride_1,67108864,1048576,7908737,5790908743029532653,2078921,11,11,9972671285892867068,9972671285892867068
10,P,20260918,1077,3,measure,186,random,4194304,1048576,80145,1632410639729607297,2563507,11,11,4876568541659426519,4876568541659426519
10,P,20260918,1078,3,measure,187,pair_same_line,131072,1048576,12119,8660689440392072915,1871799,11,11,648346254637658058,648346254637658058
10,P,20260918,1079,3,measure,188,stride_1_double,100663296,2097152,1837698,6806997082959818754,3987831,11,11,1963109288536371194,1963109288536371194
10,P,20260918,1080,3,measure,189,stride_1_bis,6144,1048576,207,840635945276453468,1409131,11,11,7431883017708650332,7431883017708650332
10,P,20260918,1081,3,measure,190,pair_split_line,4194304,1048576,224242,17853163833504597062,4638596,11,11,18035707049184598964,18035707049184598964
10,P,20260918,1082,3,measure,191,stride_4097,16777216,1048576,2011859,5037282577810093297,6776373,11,11,12103750364476454943,12103750364476454943
10,P,20260918,1083,3,measure,192,stride_513,786432,1048576,84852,242909591325553005,1467389,11,11,18197965301733415104,18197965301733415104
10,P,20260918,1084,3,measure,193,stride_1_bis,6291456,1048576,19417,6890128229367750998,1869746,11,11,4619719482382484018,4619719482382484018
10,P,20260918,1085,3,measure,194,stride_4097,67108864,1048576,6851800,14744411892263179633,6903022,11,11,15904984611703559480,15904984611703559480
10,P,20260918,1086,3,measure,195,stride_1_bis,393216,1048576,20881,1695699133136271507,1385894,11,11,17249011693403177733,17249011693403177733
10,P,20260918,1087,3,measure,196,stride_513,131072,1048576,14978,17510249834190748917,1410298,11,11,16921412609114818048,16921412609114818048
10,P,20260918,1088,3,measure,197,stride_1_bis,262144,1048576,19313,681502395851505231,1351932,11,11,3252759155835688704,3252759155835688704
10,P,20260918,1089,3,measure,198,stride_17,12288,1048576,1400,6458282844579616686,1355175,11,11,6433542357019100400,6433542357019100400
10,P,20260918,1090,3,measure,199,stride_1_double,268435456,2097152,14723739,17321758174772088988,3841114,11,11,4564594908441046193,4564594908441046193
10,P,20260918,1091,3,measure,200,random,131072,1048576,14099,13978380052379119909,1141675,11,11,10902377204609745683,10902377204609745683
10,P,20260918,1092,3,measure,201,pair_split_line,16777216,1048576,588669,18032049751507130193,11932940,11,11,7985160852683193241,7985160852683193241
10,P,20260918,1093,3,measure,202,stride_17,393216,1048576,19377,5799586262444351092,1361154,11,11,16818155223791905534,16818155223791905534
10,P,20260918,1094,3,measure,203,pair_same_line,4194304,1048576,205025,2053478629403092889,2841185,11,11,16545735113853372466,16545735113853372466
10,P,20260918,1095,3,measure,204,pair_split_line,67108864,1048576,2011457,12689483350655207603,17361053,11,11,8000920485930722438,8000920485930722438
10,P,20260918,1096,3,measure,205,stride_17,100663296,1048576,5549179,16720983491715025294,5856646,11,11,15678128921360102825,15678128921360102825
10,P,20260918,1097,3,measure,206,pair_same_line,4096,1048576,433,9417586783157501527,1643326,11,11,8367374573482253123,8367374573482253123
10,P,20260918,1098,3,measure,207,stride_1_double,134217728,2097152,15633557,14103099386867589500,3699362,11,11,5639742782881360725,5639742782881360725
10,P,20260918,1099,3,measure,208,stride_1_double,67108864,2097152,7640315,12516296862029783822,4636827,11,11,17065660785396144004,17065660785396144004
10,P,20260918,1100,3,measure,209,pair_split_line,8192,1048576,795,9138770583918708503,1887588,11,11,2798324412575375837,2798324412575375837
10,P,20260918,1101,3,measure,210,stride_4097,98304,1048576,364,8102462211141773556,1456550,11,11,11007499086114790400,11007499086114790400
10,P,20260918,1102,3,measure,211,stride_1,16777216,1048576,1358387,11788984638000061570,2136008,11,11,13945027803353113559,13945027803353113559
10,P,20260918,1103,3,measure,212,stride_513,32768,1048576,2117,2250402431160873881,1369702,11,11,10598541984122395648,10598541984122395648
10,P,20260918,1104,3,measure,213,stride_1_double,50331648,2097152,3423886,10146515432080310277,4442152,11,11,9961117892357740007,9961117892357740007
10,P,20260918,1105,3,measure,214,stride_1,25165824,1048576,2023592,3759809931139738354,2277996,11,11,12308890613257825098,12308890613257825098
10,P,20260918,1106,3,measure,215,stride_17,67108864,1048576,5320995,9168616076131444362,8503412,11,11,7529637202163987598,7529637202163987598
10,P,20260918,1107,3,measure,216,pair_split_line,524288,1048576,12741,4240035163657961473,2507290,11,11,10975475090130951644,10975475090130951644
10,P,20260918,1108,3,measure,217,pair_split_line,12288,1048576,972,9639992440760591477,1972873,11,11,8884519036253478964,8884519036253478964
10,P,20260918,1109,3,measure,218,stride_1_bis,50331648,1048576,2464501,4054552751531028508,1690436,11,11,124748945305438595,124748945305438595
10,P,20260918,1110,3,measure,219,stride_1,1048576,1048576,69619,15264144881132775588,1466301,11,11,8797231230870489880,8797231230870489880
10,P,20260918,1111,3,measure,220,stride_4097,16384,1048576,1548,725287559090108650,1408232,11,11,9548053087369131008,9548053087369131008
10,P,20260918,1112,3,measure,221,stride_513,65536,1048576,5053,4741562891098840182,1475050,11,11,16423878549329276288,16423878549329276288
10,P,20260918,1113,3,measure,222,stride_1_bis,16384,1048576,812,9071810383060447359,1412296,11,11,9548053087369131008,9548053087369131008
10,P,20260918,1114,3,measure,223,pair_split_line,196608,1048576,17041,138933518398514650,2287573,11,11,6577552706274712271,6577552706274712271
10,P,20260918,1115,3,measure,224,stride_17,49152,1048576,349,3546095206063151328,1391962,11,11,9036971286350273327,9036971286350273327
10,P,20260918,1116,3,measure,225,pair_split_line,6144,1048576,528,3476588514875241153,1885078,11,11,5458173858854822345,5458173858854822345
10,P,20260918,1117,3,measure,226,stride_1,24576,1048576,2963,9418456948784053802,1380483,11,11,11942219487663418525,11942219487663418525
10,P,20260918,1118,3,measure,227,random,33554432,1048576,2984367,18080701743656898020,14362307,11,11,17451841040086073554,17451841040086073554
10,P,20260918,1119,3,measure,228,stride_1_bis,25165824,1048576,1809149,7653587088592104267,1880631,11,11,15651196801679282884,15651196801679282884
10,P,20260918,1120,3,measure,229,stride_1,12288,1048576,1406,3649872260607326259,1355717,11,11,6340845229052743814,6340845229052743814
10,P,20260918,1121,3,measure,230,stride_1_double,49152,2097152,3299,2493306024573781000,2704889,11,11,6932641630095158900,6932641630095158900
10,P,20260918,1122,3,measure,231,stride_1_bis,100663296,1048576,4510954,1670573417504353038,1934649,11,11,5372857049572306360,5372857049572306360
10,P,20260918,1123,3,measure,232,random,6144,1048576,156,6747178236364917641,1088777,11,11,1781358434118990427,1781358434118990427
10,P,20260918,1124,3,measure,233,stride_1_bis,134217728,1048576,7710070,15426416240527760846,1680391,11,11,14925008142866819957,14925008142866819957
10,P,20260918,1125,3,measure,234,stride_1_double,786432,2097152,50744,5355780915545734088,2765650,11,11,3427457969151650931,3427457969151650931
10,P,20260918,1126,3,measure,235,random,1048576,1048576,37459,8599712439636952115,1243660,11,11,5326733673715968019,5326733673715968019
10,P,20260918,1127,3,measure,236,stride_17,786432,1048576,60155,14371716955571181061,1385272,11,11,16846496686014992208,16846496686014992208
10,P,20260918,1128,3,measure,237,stride_17,98304,1048576,4229,16979680118530018787,1356503,11,11,3312513058284494203,3312513058284494203
10,P,20260918,1129,3,measure,238,stride_4097,24576,1048576,298,14556572170213907981,1350917,11,11,9981343628168517030,9981343628168517030
10,P,20260918,1130,3,measure,239,stride_17,50331648,1048576,3414289,18052154259880643206,8167092,11,11,5584295463283741532,5584295463283741532
10,P,20260918,1131,3,measure,240,random,67108864,1048576,1334648,7976856374202378696,15308129,11,11,5964115850207042014,5964115850207042014
10,P,20260918,1132,3,measure,241,pair_same_line,524288,1048576,40598,14146197029779707512,2148848,11,11,17685671137272427921,17685671137272427921
10,P,20260918,1133,3,measure,242,stride_1_bis,4194304,1048576,43611,469950941318258201,1675963,11,11,12406089252390561320,12406089252390561320
10,P,20260918,1134,3,measure,243,stride_1_bis,12288,1048576,1410,10585257336219257513,1413254,11,11,15787125258677094761,15787125258677094761
10,P,20260918,1135,3,measure,244,pair_split_line,16384,1048576,829,5055423148230689181,1883265,11,11,8828775362864295762,8828775362864295762
10,P,20260918,1136,3,measure,245,stride_513,268435456,1048576,17858123,6485954259553578027,12679812,11,11,3054619398202733847,3054619398202733847
10,P,20260918,1137,3,measure,246,pair_same_line,262144,1048576,1488,13012135564392701229,1859320,11,11,7771197960142175761,7771197960142175761
10,P,20260918,1138,3,measure,247,pair_split_line,8388608,1048576,893648,14167831944298355589,10540497,11,11,12948348493997645263,12948348493997645263
10,P,20260918,1139,3,measure,248,stride_17,201326592,1048576,14894715,5820548448767000432,8736019,11,11,13507515592965038648,13507515592965038648
10,P,20260918,1140,3,measure,249,pair_split_line,49152,1048576,634,17064985230236696776,1964721,11,11,16298535150219932780,16298535150219932780
10,P,20260918,1141,3,measure,250,stride_1_bis,33554432,1048576,3319140,1286147574600126601,2085735,11,11,12976944822736786939,12976944822736786939
10,P,20260918,1142,3,measure,251,stride_1_bis,32768,1048576,816,2420753831624539863,1524794,11,11,10598541984122395648,10598541984122395648
10,P,20260918,1143,3,measure,252,stride_4097,6144,1048576,563,5450587269841008807,1893083,11,11,14129086560502821939,14129086560502821939
10,P,20260918,1144,3,measure,253,random,393216,1048576,21059,9298558645242590054,1373729,11,11,170437088079850007,170437088079850007
10,P,20260918,1145,3,measure,254,pair_split_line,6291456,1048576,187781,10829754132188428965,7267003,11,11,13223120842716768547,13223120842716768547
10,P,20260918,1146,3,measure,255,pair_same_line,268435456,1048576,15766692,6593334655123022067,19218176,11,11,2796375485267758239,2796375485267758239
10,P,20260918,1147,3,measure,256,stride_1,262144,1048576,9990,13273268003259819559,1520529,11,11,3252759155835688704,3252759155835688704
10,P,20260918,1148,3,measure,257,stride_4097,524288,1048576,63298,14726429336349572136,1644578,11,11,10061883979847375520,10061883979847375520
10,P,20260918,1149,3,measure,258,stride_17,33554432,1048576,1164750,2044806272160149102,8225906,11,11,3764613862120509953,3764613862120509953
10,P,20260918,1150,3,measure,259,pair_same_line,134217728,1048576,1319920,669238759994152452,17954603,11,11,5655778260240671226,5655778260240671226
10,P,20260918,1151,3,measure,260,stride_1,65536,1048576,184,5640087269483212419,1889024,11,11,16423878549329276288,16423878549329276288
10,P,20260918,1152,3,measure,261,stride_17,1572864,1048576,137762,16820194078996205878,2062404,11,11,14879745803464968461,14879745803464968461
10,P,20260918,1153,3,measure,262,stride_1,4194304,1048576,64341,199906331516817597,1932675,11,11,12406089252390561320,12406089252390561320
10,P,20260918,1154,3,measure,263,stride_1,131072,1048576,13195,9103308534340593392,1671880,11,11,16921412609114818048,16921412609114818048
10,P,20260918,1155,3,measure,264,stride_4097,33554432,1048576,329575,7779703929241789549,7430943,11,11,18193663143417008333,18193663143417008333
10,P,20260918,1156,3,measure,265,pair_same_line,50331648,1048576,4880272,6019429815051944548,17288715,11,11,1460854872910764253,1460854872910764253
10,P,20260918,1157,3,measure,266,stride_17,524288,1048576,26151,1079978710948759496,2143989,11,11,10061883979847375520,10061883979847375520
10,P,20260918,1158,3,measure,267,stride_513,1572864,1048576,1972,15419663462746394287,2253510,11,11,16747479167117318944,16747479167117318944
10,P,20260918,1159,3,measure,268,stride_1_bis,67108864,1048576,6891736,15751922777074928454,2109321,11,11,714819132771163870,714819132771163870
10,P,20260918,1160,3,measure,269,stride_1,98304,1048576,9835,17679412821480440789,1729907,11,11,979142068778972244,979142068778972244
10,P,20260918,1161,3,measure,270,pair_split_line,268435456,1048576,25163951,12163498064796724457,30007257,11,11,14445211240072074461,14445211240072074461
10,P,20260918,1162,3,measure,271,stride_1,524288,1048576,46699,6252759728920559472,2451919,11,11,10061883979847375520,10061883979847375520
10,P,20260918,1163,3,measure,272,pair_same_line,1572864,1048576,118919,15892850783009829041,3814154,11,11,8193338074680836806,8193338074680836806
10,P,20260918,1164,3,measure,273,stride_17,12582912,1048576,1329697,15103320635692343706,6191946,11,11,5714837127291006006,5714837127291006006
10,P,20260918,1165,3,measure,274,stride_1,6291456,1048576,37137,6626993443134861428,2072436,11,11,7041514002141731616,7041514002141731616
10,P,20260918,1166,3,measure,275,stride_4097,25165824,1048576,879761,7448626626027526480,8992690,11,11,18237814412295960102,18237814412295960102
10,P,20260918,1167,3,measure,276,stride_513,50331648,1048576,5468358,11983674141158519856,13340121,11,11,14846122703104410792,14846122703104410792
10,P,20260918,1168,3,measure,277,stride_4097,65536,1048576,1311,17041762679854066030,2525717,11,11,16423878549329276288,16423878549329276288
10,P,20260918,1169,3,measure,278,stride_1_double,2097152,2097152,195918,6153048168624575455,3650257,11,11,10707406186907980360,10707406186907980360
10,P,20260918,1170,3,measure,279,stride_1_double,3145728,2097152,333019,5291655719787207480,3460954,11,11,11591577700293235192,11591577700293235192
10,P,20260918,1171,3,measure,280,pair_split_line,33554432,1048576,3985318,15535579342231682862,20151225,11,11,9309310790271287161,9309310790271287161
10,P,20260918,1172,3,measure,281,stride_1_double,98304,2097152,4291,11742080920773536499,4375607,11,11,3159418696696182073,3159418696696182073
10,P,20260918,1173,3,measure,282,stride_1_double,32768,2097152,370,13689917960266075159,3512414,11,11,2750339894535239680,2750339894535239680
10,P,20260918,1174,3,measure,283,pair_split_line,12582912,1048576,1188444,4665018295891240940,11920923,11,11,841165042439040553,841165042439040553
10,P,20260918,1175,3,measure,284,stride_513,6291456,1048576,514617,12613699187989976431,2055897,11,11,2329185465026963428,2329185465026963428
10,P,20260918,1176,3,measure,285,pair_split_line,201326592,1048576,4985373,8779560896355466281,28471244,11,11,934714702617181411,934714702617181411
10,P,20260918,1177,3,measure,286,stride_17,32768,1048576,382,1578564755063202643,2395863,11,11,10598541984122395648,10598541984122395648
10,P,20260918,1178,3,measure,287,stride_1_double,4096,2097152,252,17742458244968209740,3697080,11,11,16309190771686506496,16309190771686506496
10,P,20260918,1179,3,measure,288,pair_split_line,32768,1048576,2642,2957594462104151912,2376567,11,11,13653599572913927302,13653599572913927302
10,P,20260918,1180,3,measure,289,random,25165824,1048576,579390,9692533632205684319,14687851,11,11,11004226329347958208,11004226329347958208
10,P,20260918,1181,3,measure,290,random,16384,1048576,1585,12834178354025397856,1826188,11,11,8169238510880637100,8169238510880637100
10,P,20260918,1182,3,measure,291,stride_1_double,524288,2097152,8660,10759826494982194020,3698051,11,11,1677023885985199424,1677023885985199424
10,P,20260918,1183,3,measure,292,stride_1,786432,1048576,50081,4527053200221920835,1704593,11,11,9619976327542699220,9619976327542699220
10,P,20260918,1184,3,measure,293,stride_4097,131072,1048576,10738,11296929623708627558,1980785,11,11,16921412609114818048,16921412609114818048
10,P,20260918,1185,3,measure,294,stride_17,8388608,1048576,678143,17988223265601646496,5248464,11,11,18303280461608560459,18303280461608560459
10,P,20260918,1186,3,measure,295,pair_same_line,33554432,1048576,347604,4164526261411258723,15773154,11,11,9345049565729774783,9345049565729774783
10,P,20260918,1187,3,measure,296,pair_same_line,98304,1048576,9952,16042971918730526062,2602303,11,11,1781595250690724277,1781595250690724277
10,P,20260918,1188,4,measure,0,stride_1,786432,1048576,74839,16912593145270956985,1811807,11,11,17039914108083496472,17039914108083496472
10,P,20260918,1189,4,measure,1,stride_1_bis,134217728,1048576,8170889,2297683741220155539,2328776,11,11,14205671317022623155,14205671317022623155
10,P,20260918,1190,4,measure,2,stride_17,100663296,1048576,11700483,10625478213840711737,9219422,11,11,2690045252773518575,2690045252773518575
10,P,20260918,1191,4,measure,3,stride_1_bis,100663296,1048576,8385024,18158017161105682067,2300900,11,11,4495601279817479817,4495601279817479817
10,P,20260918,1192,4,measure,4,stride_1,196608,1048576,7833,11578262741861455861,1801268,11,11,14507364578129090923,14507364578129090923
10,P,20260918,1193,4,measure,5,random,12582912,1048576,1357063,2947626768495037828,11092722,11,11,4020791160486517557,4020791160486517557
10,P,20260918,1194,4,measure,6,pair_same_line,67108864,1048576,5442962,57225756279302069,18031437,11,11,10499261622264888109,10499261622264888109
10,P,20260918,1195,4,measure,7,stride_1,8192,1048576,651,7672869264299962812,2271790,11,11,116592947459441664,116592947459441664
10,P,20260918,1196,4,measure,8,random,268435456,1048576,33035372,8916270878001314291,20266808,11,11,5008610752390027333,5008610752390027333
10,P,20260918,1197,4,measure,9,stride_513,3145728,1048576,37669,1960486671367302253,3765911,11,11,4696861105486946824,4696861105486946824
10,P,20260918,1198,4,measure,10,stride_4097,12582912,1048576,278002,18218392703419310906,8036498,11,11,18167435071703759758,18167435071703759758
10,P,20260918,1199,4,measure,11,stride_513,33554432,1048576,1307159,17090969776257171695,12132278,11,11,3091982792779533146,3091982792779533146
10,P,20260918,1200,4,measure,12,stride_513,32768,1048576,3646,2734573867554082981,2603033,11,11,10598541984122395648,10598541984122395648
10,P,20260918,1201,4,measure,13,pair_split_line,786432,1048576,32350,2711215406179869463,3679838,11,11,5244086503859616661,5244086503859616661
10,P,20260918,1202,4,measure,14,stride_513,100663296,1048576,8074954,1995925942569417103,13462137,11,11,3384872370117290138,3384872370117290138
10,P,20260918,1203,4,measure,15,stride_1_double,262144,2097152,32056,916258970016784940,4690039,11,11,6505518311671377408,6505518311671377408
10,P,20260918,1204,4,measure,16,pair_split_line,2097152,1048576,81621,13597822354553569691,5001862,11,11,1609376926925133525,1609376926925133525
10,P,20260918,1205,4,measure,17,stride_513,4194304,1048576,393490,12290508886776265061,3379775,11,11,12406089252390561320,12406089252390561320
10,P,20260918,1206,4,measure,18,stride_1_bis,32768,1048576,1115,18112979923958394941,2108895,11,11,10598541984122395648,10598541984122395648
10,P,20260918,1207,4,measure,19,pair_same_line,6144,1048576,180,4350221748036785304,2062641,11,11,4320984905734412991,4320984905734412991
10,P,20260918,1208,4,measure,20,pair_split_line,393216,1048576,7932,17924366773236279799,2926669,11,11,1464041857898479954,1464041857898479954
10,P,20260918,1209,4,measure,21,random,2097152,1048576,261059,14379507285896782904,1996602,11,11,15336187510753240373,15336187510753240373
10,P,20260918,1210,4,measure,22,stride_17,196608,1048576,2107,951900693528110226,1786136,11,11,436905532651400726,436905532651400726
10,P,20260918,1211,4,measure,23,stride_4097,12288,1048576,418,10053851383179290410,1780183,11,11,801671210104525025,801671210104525025
10,P,20260918,1212,4,measure,24,stride_513,201326592,1048576,14935923,1833381667841574640,13998636,11,11,6725675107989165956,6725675107989165956
10,P,20260918,1213,4,measure,25,stride_4097,1572864,1048576,48110,6877307140377065429,2195561,11,11,16269566755288514999,16269566755288514999
10,P,20260918,1214,4,measure,26,stride_4097,524288,1048576,56102,582426207808359170,1966837,11,11,10061883979847375520,10061883979847375520
10,P,20260918,1215,4,measure,27,pair_split_line,1572864,1048576,135674,4958864036403928868,3307537,11,11,2564096005577111125,2564096005577111125
10,P,20260918,1216,4,measure,28,stride_1,6144,1048576,696,15773853308571949924,1694078,11,11,17384022613884389480,17384022613884389480
10,P,20260918,1217,4,measure,29,stride_4097,201326592,1048576,12030620,5488206668221529310,9541240,11,11,8863227545890540328,8863227545890540328
10,P,20260918,1218,4,measure,30,stride_4097,24576,1048576,768,4422897383136500778,1821843,11,11,2957667558730960124,2957667558730960124
10,P,20260918,1219,4,measure,31,stride_17,32768,1048576,1987,18016015890562446880,1747806,11,11,10598541984122395648,10598541984122395648
10,P,20260918,1220,4,measure,32,stride_17,393216,1048576,17509,10591768398163105486,1709499,11,11,3404561897723051372,3404561897723051372
10,P,20260918,1221,4,measure,33,random,50331648,1048576,2496398,5257221148941626960,15694737,11,11,14457820162716960982,14457820162716960982
10,P,20260918,1222,4,measure,34,stride_1_bis,12288,1048576,695,13066993174999428312,2000580,11,11,51177928663617629,51177928663617629
10,P,20260918,1223,4,measure,35,pair_same_line,8388608,1048576,47771,4445858490789990720,11678106,11,11,6207869714953246955,6207869714953246955
10,P,20260918,1224,4,measure,36,stride_513,6291456,1048576,371795,14077077928043515990,2797732,11,11,8960868997562969188,8960868997562969188
10,P,20260918,1225,4,measure,37,stride_1_double,6144,2097152,216,15704718042098900070,3663424,11,11,14628287570235644263,14628287570235644263
10,P,20260918,1226,4,measure,38,stride_17,1048576,1048576,111762,4753195412095094180,1749251,11,11,8797231230870489880,8797231230870489880
10,P,20260918,1227,4,measure,39,pair_split_line,8388608,1048576,264136,212408784427759798,6520214,11,11,3263071955872565352,3263071955872565352
10,P,20260918,1228,4,measure,40,stride_1_bis,262144,1048576,24486,741870725485629712,1637610,11,11,3252759155835688704,3252759155835688704
10,P,20260918,1229,4,measure,41,stride_1,49152,1048576,3156,612893597150678919,1677009,11,11,6453516310693245918,6453516310693245918
10,P,20260918,1230,4,measure,42,pair_split_line,262144,1048576,30300,6262988110907290216,2338220,11,11,1352739965111174817,1352739965111174817
10,P,20260918,1231,4,measure,43,stride_513,67108864,1048576,3198918,9605922341218298829,11440585,11,11,3226112657545977504,3226112657545977504
10,P,20260918,1232,4,measure,44,pair_split_line,196608,1048576,23757,12220634954480885589,3145939,11,11,8908679467813643493,8908679467813643493
10,P,20260918,1233,4,measure,45,stride_1_double,8192,2097152,782,5275470428271866851,3075779,11,11,233185894918883328,233185894918883328
10,P,20260918,1234,4,measure,46,stride_1_double,786432,2097152,53613,5050250803509008519,2788289,11,11,15971823657348318590,15971823657348318590
10,P,20260918,1235,4,measure,47,stride_17,262144,1048576,29477,8616175600446862417,1373572,11,11,3252759155835688704,3252759155835688704
10,P,20260918,1236,4,measure,48,stride_1_bis,6291456,1048576,588677,2461688185876987895,2030489,11,11,8468034013890429144,8468034013890429144
10,P,20260918,1237,4,measure,49,pair_same_line,12582912,1048576,1564130,8244043752739930356,12102212,11,11,2668073999765964236,2668073999765964236
10,P,20260918,1238,4,measure,50,stride_1_bis,1572864,1048576,74735,8882761757907133762,1381705,11,11,14270911664693579841,14270911664693579841
10,P,20260918,1239,4,measure,51,stride_1_double,134217728,2097152,10824544,3570794520443300072,3574710,11,11,5017078518205674438,5017078518205674438
10,P,20260918,1240,4,measure,52,stride_1_bis,4194304,1048576,331308,3741286738785123024,1642310,11,11,12406089252390561320,12406089252390561320
10,P,20260918,1241,4,measure,53,stride_4097,8192,1048576,94,16693610536653364206,1351630,11,11,116592947459441664,116592947459441664
10,P,20260918,1242,4,measure,54,stride_1_bis,12582912,1048576,237504,16647043838337413003,1949350,11,11,8369706119490848492,8369706119490848492
10,P,20260918,1243,4,measure,55,stride_1_double,8388608,2097152,254705,16309088528583786563,3649332,11,11,18159816849507569302,18159816849507569302
10,P,20260918,1244,4,measure,56,stride_1,131072,1048576,5712,5870099358572071661,1359688,11,11,16921412609114818048,16921412609114818048
10,P,20260918,1245,4,measure,57,stride_1,8388608,1048576,409560,1813520132634909100,1463015,11,11,18303280461608560459,18303280461608560459
10,P,20260918,1246,4,measure,58,stride_1_bis,393216,1048576,7005,4606770235724595281,1355774,11,11,15589187878689453080,15589187878689453080
10,P,20260918,1247,4,measure,59,random,8192,1048576,689,5040466750931214677,1088956,11,11,9785767801149855323,9785767801149855323
10,P,20260918,1248,4,measure,60,random,100663296,1048576,836189,4321561806538401984,15914232,11,11,6177065635413389391,6177065635413389391
10,P,20260918,1249,4,measure,61,stride_17,3145728,1048576,235853,9741413696063139428,3115240,11,11,7842010647536345437,7842010647536345437
10,P,20260918,1250,4,measure,62,stride_1_bis,196608,1048576,4110,1896810594421692369,1357417,11,11,1493696053811564234,1493696053811564234
10,P,20260918,1251,4,measure,63,random,16777216,1048576,1852657,17244273998174224958,10501754,11,11,12749385219102927201,12749385219102927201
10,P,20260918,1252,4,measure,64,stride_1_bis,786432,1048576,6955,2642031588204350793,1397117,11,11,8040921803619693119,8040921803619693119
10,P,20260918,1253,4,measure,65,stride_513,98304,1048576,9535,13138982270754149233,1473208,11,11,1589993245443464960,1589993245443464960
10,P,20260918,1254,4,measure,66,stride_1,16384,1048576,1652,6289219673679890432,1410786,11,11,9548053087369131008,9548053087369131008
10,P,20260918,1255,4,measure,67,pair_same_line,24576,1048576,2202,17761605350509405403,1631864,11,11,15193061163555486347,15193061163555486347
10,P,20260918,1256,4,measure,68,stride_4097,262144,1048576,20053,5003299759216613017,1414696,11,11,3252759155835688704,3252759155835688704
10,P,20260918,1257,4,measure,69,pair_split_line,3145728,1048576,317219,14271886572178988060,3653551,11,11,10134895515610131872,10134895515610131872
10,P,20260918,1258,4,measure,70,pair_split_line,268435456,1048576,20693962,12034079604852314375,21323784,11,11,18272724761558364071,18272724761558364071
10,P,20260918,1259,4,measure,71,stride_513,786432,1048576,63587,13200726418206283075,1628007,11,11,13192199103146003808,13192199103146003808
10,P,20260918,1260,4,measure,72,stride_513,393216,1048576,2134,17439823596768680922,1477827,11,11,14847694413740558592,14847694413740558592
10,P,20260918,1261,4,measure,73,stride_513,196608,1048576,15143,188760122144379799,1446898,11,11,8126674812445135616,8126674812445135616
10,P,20260918,1262,4,measure,74,stride_17,67108864,1048576,1080865,18100607944275385936,8360553,11,11,716038957567012105,716038957567012105
10,P,20260918,1263,4,measure,75,pair_split_line,1048576,1048576,109793,17767775042517688278,2802764,11,11,3624057587365760501,3624057587365760501
10,P,20260918,1264,4,measure,76,stride_4097,98304,1048576,11447,5397387050621815828,1515826,11,11,11116567201938525539,11116567201938525539
10,P,20260918,1265,4,measure,77,stride_17,98304,1048576,2285,1413039430948306576,1363448,11,11,1614272959467453740,1614272959467453740
10,P,20260918,1266,4,measure,78,pair_split_line,201326592,1048576,23937475,14072839037283793637,25046552,11,11,14162627350151285069,14162627350151285069
10,P,20260918,1267,4,measure,79,pair_same_line,393216,1048576,33364,1689110866312174700,2616536,11,11,9432844660175868525,9432844660175868525
10,P,20260918,1268,4,measure,80,stride_17,4194304,1048576,81285,14152735321306571598,3995502,11,11,12406089252390561320,12406089252390561320
10,P,20260918,1269,4,measure,81,stride_513,8388608,1048576,779086,9266740369431636010,2898685,11,11,18303280461608560459,18303280461608560459
10,P,20260918,1270,4,measure,82,stride_4097,6144,1048576,537,5271596140819834042,1599348,11,11,15754641709597216393,15754641709597216393
10,P,20260918,1271,4,measure,83,pair_same_line,786432,1048576,66315,2556722055328797921,2256685,11,11,5026599102193419697,5026599102193419697
10,P,20260918,1272,4,measure,84,pair_same_line,32768,1048576,2320,18089932548075787557,1765115,11,11,6784059569268535346,6784059569268535346
10,P,20260918,1273,4,measure,85,stride_4097,8388608,1048576,173365,889054787800390411,1638146,11,11,18303280461608560459,18303280461608560459
10,P,20260918,1274,4,measure,86,pair_same_line,131072,1048576,11605,6923916193635117959,1795330,11,11,12520981979169322095,12520981979169322095
10,P,20260918,1275,4,measure,87,pair_split_line,16777216,1048576,903480,9970763370579267928,10434730,11,11,3837622543766535964,3837622543766535964
10,P,20260918,1276,4,measure,88,stride_17,201326592,1048576,19433331,14025679633152746128,8673712,11,11,11428685739954530003,11428685739954530003
10,P,20260918,1277,4,measure,89,stride_4097,16384,1048576,1196,6854083818695590260,1474698,11,11,9548053087369131008,9548053087369131008
10,P,20260918,1278,4,measure,90,stride_1,98304,1048576,10108,1331798258137452617,1444260,11,11,12770397825962858602,12770397825962858602
10,P,20260918,1279,4,measure,91,stride_1_double,196608,2097152,19419,4354794696114574366,2738757,11,11,13958784386255658350,13958784386255658350
10,P,20260918,1280,4,measure,92,stride_17,50331648,1048576,166526,4979735278220022360,8493230,11,11,259015685294983872,259015685294983872
10,P,20260918,1281,4,measure,93,pair_same_line,16384,1048576,1558,2325861100756818465,1729525,11,11,14530462289683469298,14530462289683469298
10,P,20260918,1282,4,measure,94,pair_same_line,1048576,1048576,100294,5837846181002052559,2484420,11,11,11326557208949717604,11326557208949717604
10,P,20260918,1283,4,measure,95,stride_513,50331648,1048576,630246,15724613287186938189,11974505,11,11,4404955711997481640,4404955711997481640
10,P,20260918,1284,4,measure,96,stride_1,1572864,1048576,11401,1551644946864778562,1786781,11,11,4535282962328418790,4535282962328418790
10,P,20260918,1285,4,measure,97,random,4194304,1048576,2615,8296327851299742258,4775653,11,11,4715609771946801801,4715609771946801801
10,P,20260918,1286,4,measure,98,stride_1_double,268435456,2097152,6821067,2225013782474464197,3676009,11,11,1912949121104762523,1912949121104762523
10,P,20260918,1287,4,measure,99,pair_split_line,33554432,1048576,3337532,12408507053340763439,19183357,11,11,3095071028941568745,3095071028941568745
10,P,20260918,1288,4,measure,100,stride_1_bis,98304,1048576,163,1281725190397100028,1819133,11,11,14160047163391122964,14160047163391122964
10,P,20260918,1289,4,measure,101,stride_1,16777216,1048576,1196288,3208056935665624888,1866292,11,11,15942013918882654594,15942013918882654594
10,P,20260918,1290,4,measure,102,stride_1,4194304,1048576,315570,9843995341203935238,2102750,11,11,12406089252390561320,12406089252390561320
10,P,20260918,1291,4,measure,103,stride_17,16777216,1048576,1586065,4746248495714915454,6493155,11,11,7336349601599343996,7336349601599343996
10,P,20260918,1292,4,measure,104,pair_same_line,98304,1048576,3071,5288592145774652446,2185732,11,11,6447641168104065480,6447641168104065480
10,P,20260918,1293,4,measure,105,stride_1_bis,16777216,1048576,1433841,8177967291112499415,2144672,11,11,11598072080458965918,11598072080458965918
10,P,20260918,1294,4,measure,106,stride_1_double,4096,2097152,179,13463645558414783404,3162441,11,11,16309190771686506496,16309190771686506496
10,P,20260918,1295,4,measure,107,stride_1_bis,16384,1048576,531,15054424868322135969,1443285,11,11,9548053087369131008,9548053087369131008
10,P,20260918,1296,4,measure,108,pair_same_line,268435456,1048576,20006341,13690003546652496746,19339065,11,11,8949064673642423346,8949064673642423346
10,P,20260918,1297,4,measure,109,random,67108864,1048576,8125544,7231687897558546122,16592591,11,11,9977500490678969064,9977500490678969064
10,P,20260918,1298,4,measure,110,pair_same_line,4096,1048576,253,1818391734578902442,2547395,11,11,12471161087711215231,12471161087711215231
10,P,20260918,1299,4,measure,111,random,393216,1048576,29044,6708577363285578142,1817323,11,11,9945911573824127286,9945911573824127286
10,P,20260918,1300,4,measure,112,stride_17,49152,1048576,806,15075189113520915049,1962376,11,11,2060868934107508739,2060868934107508739
10,P,20260918,1301,4,measure,113,stride_1,50331648,1048576,5846096,15868358625760200451,2092508,11,11,6604547638575971418,6604547638575971418
10,P,20260918,1302,4,measure,114,stride_513,16384,1048576,1131,13610219624135967607,1694338,11,11,9548053087369131008,9548053087369131008
10,P,20260918,1303,4,measure,115,pair_split_line,16384,1048576,1596,14730261742815693453,2355403,11,11,10589780661973818620,10589780661973818620
10,P,20260918,1304,4,measure,116,stride_1,24576,1048576,284,15491639568426934806,1684301,11,11,341654236404917431,341654236404917431
10,P,20260918,1305,4,measure,117,stride_17,524288,1048576,61361,5360242796581935588,1640812,11,11,10061883979847375520,10061883979847375520
10,P,20260918,1306,4,measure,118,random,49152,1048576,4126,5385315291848732123,1237364,11,11,13645368833532903303,13645368833532903303
10,P,20260918,1307,4,measure,119,stride_513,12288,1048576,875,5314009768440408395,1519654,11,11,9502424420678940672,9502424420678940672
10,P,20260918,1308,4,measure,120,stride_4097,4096,1048576,64,12362020273255734060,1457848,11,11,8154595385843253248,8154595385843253248
10,P,20260918,1309,4,measure,121,stride_4097,49152,1048576,5126,817383082634608344,1404510,11,11,8197615553221758665,8197615553221758665
10,P,20260918,1310,4,measure,122,random,524288,1048576,37856,16314185892064735782,1142023,11,11,134242303911240233,134242303911240233
10,P,20260918,1311,4,measure,123,random,32768,1048576,1967,6995281208704062813,1088802,11,11,84060613289813050,84060613289813050
10,P,20260918,1312,4,measure,124,pair_split_line,134217728,1048576,9575853,942008781953627338,25507545,11,11,6489704697891126463,6489704697891126463
10,P,20260918,1313,4,measure,125,stride_17,134217728,1048576,5625914,4853064888402865814,9684679,11,11,14129131606663321297,14129131606663321297
10,P,20260918,1314,4,measure,126,pair_split_line,50331648,1048576,290003,3916615753246980842,21817993,11,11,16763679827859151396,16763679827859151396
10,P,20260918,1315,4,measure,127,stride_513,131072,1048576,1637,1857321355960922829,2634437,11,11,16921412609114818048,16921412609114818048
10,P,20260918,1316,4,measure,128,stride_1_bis,24576,1048576,892,4244272886432386508,2143955,11,11,2585586768148192721,2585586768148192721
10,P,20260918,1317,4,measure,129,pair_split_line,131072,1048576,6741,15959348999772300256,2844370,11,11,14733311257522829610,14733311257522829610
10,P,20260918,1318,4,measure,130,stride_1_double,524288,2097152,54037,4516267082701932141,3490863,11,11,1677023885985199424,1677023885985199424
10,P,20260918,1319,4,measure,131,stride_1_bis,65536,1048576,7004,6958638391696079974,1708844,11,11,16423878549329276288,16423878549329276288
10,P,20260918,1320,4,measure,132,stride_1_bis,131072,1048576,12868,4910739592903454125,1838566,11,11,16921412609114818048,16921412609114818048
10,P,20260918,1321,4,measure,133,stride_1,100663296,1048576,3840278,11487855054545529670,2912656,11,11,307971417689200510,307971417689200510
10,P,20260918,1322,4,measure,134,stride_1_bis,8192,1048576,933,12715085665050455716,1781749,11,11,116592947459441664,116592947459441664
10,P,20260918,1323,4,measure,135,stride_1_double,393216,2097152,46862,14731833487134254317,3220820,11,11,9028999598893839450,9028999598893839450
10,P,20260918,1324,4,measure,136,pair_split_line,4194304,1048576,61466,18319669971215534912,5112828,11,11,818684565704470051,818684565704470051
10,P,20260918,1325,4,measure,137,stride_17,12582912,1048576,1311919,16818785360957665961,4647147,11,11,2840616041305391695,2840616041305391695
10,P,20260918,1326,4,measure,138,stride_513,268435456,1048576,4666196,5590986463774886709,12753713,11,11,4284352953774784038,4284352953774784038
10,P,20260918,1327,4,measure,139,stride_1,67108864,1048576,8264365,14735605289437550154,2456869,11,11,12920835722569869739,12920835722569869739
10,P,20260918,1328,4,measure,140,random,12288,1048576,653,1776017710783069073,1260782,11,11,9649867691967407612,9649867691967407612
10,P,20260918,1329,4,measure,141,pair_same_line,2097152,1048576,185723,11629830472641644928,3776339,11,11,8632237024573013895,8632237024573013895
10,P,20260918,1330,4,measure,142,stride_17,6291456,1048576,143395,11884707838948286194,3728247,11,11,9282281674234582678,9282281674234582678
10,P,20260918,1331,4,measure,143,stride_513,25165824,1048576,781249,15048468536187321105,9219328,11,11,3223166402984098452,3223166402984098452
10,P,20260918,1332,4,measure,144,pair_split_line,12582912,1048576,965649,3417290610555710271,9695501,11,11,10172234427517174976,10172234427517174976
10,P,20260918,1333,4,measure,145,stride_4097,33554432,1048576,3268898,13725018549558294980,6652716,11,11,11204879742418578928,11204879742418578928
10,P,20260918,1334,4,measure,146,random,6291456,1048576,413049,15430162969452068340,5931362,11,11,10078875526120290110,10078875526120290110
10,P,20260918,1335,4,measure,147,stride_1_double,2097152,2097152,192287,7944053809671469088,3057480,11,11,10707406186907980360,10707406186907980360
10,P,20260918,1336,4,measure,148,stride_1_bis,1048576,1048576,52462,11957342182838515314,1411467,11,11,8797231230870489880,8797231230870489880
10,P,20260918,1337,4,measure,149,stride_513,65536,1048576,5856,14773460988009341295,1410517,11,11,16423878549329276288,16423878549329276288
10,P,20260918,1338,4,measure,150,pair_same_line,33554432,1048576,3093853,9802870492032937018,14370921,11,11,15173076964310713199,15173076964310713199
10,P,20260918,1339,4,measure,151,stride_4097,2097152,1048576,187252,10267722426916475458,1728957,11,11,14577075130308765988,14577075130308765988
10,P,20260918,1340,4,measure,152,stride_4097,393216,1048576,44805,9853139958593241445,1510154,11,11,7397580772613982325,7397580772613982325
10,P,20260918,1341,4,measure,153,stride_1_bis,4096,1048576,224,18172852834784069008,1461568,11,11,8154595385843253248,8154595385843253248
10,P,20260918,1342,4,measure,154,stride_513,4096,1048576,62,11833966801817897455,1385760,11,11,8154595385843253248,8154595385843253248
10,P,20260918,1343,4,measure,155,stride_17,24576,1048576,2280,14716731248862717314,1351966,11,11,10809035619356670749,10809035619356670749
10,P,20260918,1344,4,measure,156,stride_4097,100663296,1048576,9007376,8040748177514084303,8682688,11,11,1274663206380783860,1274663206380783860
10,P,20260918,1345,4,measure,157,stride_1,1048576,1048576,25835,5256549946862009170,1612624,11,11,8797231230870489880,8797231230870489880
10,P,20260918,1346,4,measure,158,pair_same_line,262144,1048576,27617,11449116664787641583,1891444,11,11,13496020352696469463,13496020352696469463
10,P,20260918,1347,4,measure,159,stride_1_double,67108864,2097152,8291202,11969790443221460646,4428961,11,11,14909480819306784324,14909480819306784324
10,P,20260918,1348,4,measure,160,stride_4097,16777216,1048576,1873211,14124470112038095420,6772879,11,11,7044338980011482506,7044338980011482506
10,P,20260918,1349,4,measure,161,stride_1_double,50331648,2097152,3857963,9445673242593841989,4508202,11,11,5629346420964421201,5629346420964421201
10,P,20260918,1350,4,measure,162,stride_1_double,65536,2097152,5107,4372132171383883346,2724631,11,11,14401013024949000960,14401013024949000960
10,P,20260918,1351,4,measure,163,stride_4097,1048576,1048576,92913,9307959100418503292,1637820,11,11,8797231230870489880,8797231230870489880
10,P,20260918,1352,4,measure,164,pair_split_line,6291456,1048576,593951,15256319395836778765,5454795,11,11,180936866304823317,180936866304823317
10,P,20260918,1353,4,measure,165,stride_1_double,12582912,2097152,149023,18006205399626425483,3417868,11,11,14455307202482438919,14455307202482438919
10,P,20260918,1354,4,measure,166,stride_513,1572864,1048576,94270,13463917648063694085,1437662,11,11,16747479167117318944,16747479167117318944
10,P,20260918,1355,4,measure,167,pair_same_line,25165824,1048576,579952,9539017639145906074,13333361,11,11,17387788007516602988,17387788007516602988
10,P,20260918,1356,4,measure,168,stride_1,32768,1048576,2707,8269040147792096255,1362763,11,11,10598541984122395648,10598541984122395648
10,P,20260918,1357,4,measure,169,stride_4097,134217728,1048576,9951952,8954976086728555289,7050094,11,11,2497539487710815194,2497539487710815194
10,P,20260918,1358,4,measure,170,pair_same_line,1572864,1048576,87047,16226394442435021572,2568576,11,11,12291850340126125401,12291850340126125401
10,P,20260918,1359,4,measure,171,stride_1,6291456,1048576,731750,3757437354894116568,2079107,11,11,12716739715981830210,12716739715981830210
10,P,20260918,1360,4,measure,172,pair_split_line,24576,1048576,2821,2681080464318834695,1887406,11,11,16761331033002018681,16761331033002018681
10,P,20260918,1361,4,measure,173,stride_17,65536,1048576,1896,11621671937070137992,1389717,11,11,16423878549329276288,16423878549329276288
10,P,20260918,1362,4,measure,174,random,196608,1048576,9023,3787650423914931078,1170262,11,11,934362423339534152,934362423339534152
10,P,20260918,1363,4,measure,175,stride_1,262144,1048576,11423,2761284126439147765,1412312,11,11,3252759155835688704,3252759155835688704
10,P,20260918,1364,4,measure,176,stride_17,8388608,1048576,866858,630681255560575784,3524253,11,11,18303280461608560459,18303280461608560459
10,P,20260918,1365,4,measure,177,stride_513,16777216,1048576,775692,4460102086861800661,6566358,11,11,16632518082445092370,16632518082445092370
10,P,20260918,1366,4,measure,178,stride_17,25165824,1048576,2066356,10804422719883718962,6264605,11,11,4978534628598508526,4978534628598508526
10,P,20260918,1367,4,measure,179,random,25165824,1048576,1531598,6769482030861431006,10380957,11,11,11020715814367903247,11020715814367903247
10,P,20260918,1368,4,measure,180,stride_17,1572864,1048576,56915,4099713713610160220,1508413,11,11,10935858104588162667,10935858104588162667
10,P,20260918,1369,4,measure,181,stride_4097,32768,1048576,1460,17934434334169875430,1354735,11,11,10598541984122395648,10598541984122395648
10,P,20260918,1370,4,measure,182,stride_17,4096,1048576,163,17875527404878943071,1355959,11,11,8154595385843253248,8154595385843253248
10,P,20260918,1371,4,measure,183,pair_same_line,524288,1048576,28228,12112341212842957392,1923390,11,11,13428004908006548465,13428004908006548465
10,P,20260918,1372,4,measure,184,stride_1_bis,49152,1048576,325,1104732021596779553,1866136,11,11,6730225469006645987,6730225469006645987
10,P,20260918,1373,4,measure,185,stride_1_double,98304,2097152,5996,13399714190577417029,2862779,11,11,12968223550778464475,12968223550778464475
10,P,20260918,1374,4,measure,186,stride_1_bis,201326592,1048576,18920514,522590413587458513,2132828,11,11,1734915053339236456,1734915053339236456
10,P,20260918,1375,4,measure,187,stride_1_bis,33554432,1048576,162520,11996942315304069636,2327525,11,11,1168327185501071537,1168327185501071537
10,P,20260918,1376,4,measure,188,pair_same_line,134217728,1048576,16294746,9302582410212730112,17805436,11,11,6245549025040625638,6245549025040625638
10,P,20260918,1377,4,measure,189,stride_1_double,3145728,2097152,288748,16842348009377995659,3645641,11,11,16818618523144482773,16818618523144482773
10,P,20260918,1378,4,measure,190,stride_4097,6291456,1048576,639984,14693323517220521972,2360836,11,11,6472346688757116354,6472346688757116354
10,P,20260918,1379,4,measure,191,stride_1,268435456,1048576,9290456,3251296310209975164,2039665,11,11,5216219802488627338,5216219802488627338
10,P,20260918,1380,4,measure,192,random,8388608,1048576,746131,10992072508431174095,5264300,11,11,12199069313226293858,12199069313226293858
10,P,20260918,1381,4,measure,193,stride_1_double,32768,2097152,3182,8446899136120130622,2711484,11,11,2750339894535239680,2750339894535239680
10,P,20260918,1382,4,measure,194,stride_513,262144,1048576,12948,1635465610787151008,1429347,11,11,3252759155835688704,3252759155835688704
10,P,20260918,1383,4,measure,195,pair_split_line,12288,1048576,1523,17719881496332722727,1884502,11,11,7325872066362662946,7325872066362662946
10,P,20260918,1384,4,measure,196,random,131072,1048576,3396,16388373999800236556,1149533,11,11,6198298654379341850,6198298654379341850
10,P,20260918,1385,4,measure,197,pair_split_line,32768,1048576,824,11142392615744650494,1884599,11,11,9142149710942833545,9142149710942833545
10,P,20260918,1386,4,measure,198,random,3145728,1048576,133019,17206096507972486510,2113907,11,11,1185008428169774843,1185008428169774843
10,P,20260918,1387,4,measure,199,stride_1,3145728,1048576,189523,11237254307904583919,1353962,11,11,986832138832594427,986832138832594427
10,P,20260918,1388,4,measure,200,random,1572864,1048576,166872,3895267366346055929,1309196,11,11,2153486221631377700,2153486221631377700
10,P,20260918,1389,4,measure,201,stride_1_bis,8388608,1048576,684580,6258657899283832779,1458391,11,11,18303280461608560459,18303280461608560459
10,P,20260918,1390,4,measure,202,pair_same_line,65536,1048576,6274,16106083792265231970,1702579,11,11,17522409642988521921,17522409642988521921
10,P,20260918,1391,4,measure,203,stride_4097,50331648,1048576,4007811,13583568500661621838,8172964,11,11,7498627099306969341,7498627099306969341
10,P,20260918,1392,4,measure,204,stride_4097,67108864,1048576,7710182,2645713947700302469,6915800,11,11,15982897061011049035,15982897061011049035
10,P,20260918,1393,4,measure,205,stride_17,2097152,1048576,137444,14000709482142584038,1982205,11,11,14577075130308765988,14577075130308765988
10,P,20260918,1394,4,measure,206,stride_4097,3145728,1048576,225699,18344640564557197708,2262442,11,11,3817700341888592423,3817700341888592423
10,P,20260918,1395,4,measure,207,stride_1_double,16777216,2097152,334421,3428399390291165222,4195230,11,11,12841062978479921428,12841062978479921428
10,P,20260918,1396,4,measure,208,stride_17,16384,1048576,133,10588837248371570560,1426320,11,11,9548053087369131008,9548053087369131008
10,P,20260918,1397,4,measure,209,pair_same_line,49152,1048576,1353,18174323761939596831,1639866,11,11,2719009994096150613,2719009994096150613
10,P,20260918,1398,4,measure,210,pair_split_line,98304,1048576,3910,2457282055049149507,2157157,11,11,7236047214926243290,7236047214926243290
10,P,20260918,1399,4,measure,211,stride_513,6144,1048576,341,6751316236660652032,1358078,11,11,9261835561974562816,9261835561974562816
10,P,20260918,1400,4,measure,212,stride_513,24576,1048576,1435,10111013894271950055,1358970,11,11,1712612578793322496,1712612578793322496
10,P,20260918,1401,4,measure,213,stride_1_double,1572864,2097152,71402,1364350825559995173,2793398,11,11,10888361366266292269,10888361366266292269
10,P,20260918,1402,4,measure,214,stride_513,1048576,1048576,127705,7097677699438138512,1464589,11,11,8797231230870489880,8797231230870489880
10,P,20260918,1403,4,measure,215,stride_1,2097152,1048576,6566,16855344416557889116,1431156,11,11,14577075130308765988,14577075130308765988
10,P,20260918,1404,4,measure,216,stride_1_bis,25165824,1048576,625195,13830037106713724374,1903360,11,11,15863311705373053438,15863311705373053438
10,P,20260918,1405,4,measure,217,stride_4097,786432,1048576,86265,9936846588076797333,1442475,11,11,16697072592505504375,16697072592505504375
10,P,20260918,1406,4,measure,218,random,65536,1048576,3019,16778914306971759608,1124077,11,11,12362141596028239732,12362141596028239732
10,P,20260918,1407,4,measure,219,stride_1_bis,50331648,1048576,5637245,8237682121362550702,1893675,11,11,9294070888255203978,9294070888255203978
10,P,20260918,1408,4,measure,220,stride_1_double,24576,2097152,1957,11457058465156158596,2713199,11,11,16932522239115547302,16932522239115547302
10,P,20260918,1409,4,measure,221,random,786432,1048576,35075,7543863185347719960,1179249,11,11,12550509401612782457,12550509401612782457
10,P,20260918,1410,4,measure,222,pair_split_line,524288,1048576,36409,12998105249692744683,2429371,11,11,10435500804616742810,10435500804616742810
10,P,20260918,1411,4,measure,223,stride_513,134217728,1048576,3648924,4250038347753416648,12390446,11,11,2195058863325933806,2195058863325933806
10,P,20260918,1412,4,measure,224,random,201326592,1048576,3788406,13437012323509354203,16514065,11,11,1005436892209980506,1005436892209980506
10,P,20260918,1413,4,measure,225,stride_1,33554432,1048576,699086,14872292449864856104,2334506,11,11,223254367473122699,223254367473122699
10,P,20260918,1414,4,measure,226,stride_1_double,33554432,2097152,737332,2628581533316436109,4462358,11,11,5813278831452899665,5813278831452899665
10,P,20260918,1415,4,measure,227,stride_1_bis,524288,1048576,10993,8667708146949794419,1388868,11,11,10061883979847375520,10061883979847375520
10,P,20260918,1416,4,measure,228,stride_1,524288,1048576,35049,1849567925432736318,1357241,11,11,10061883979847375520,10061883979847375520
10,P,20260918,1417,4,measure,229,stride_1_double,131072,2097152,7682,17864450358566912817,2702729,11,11,15396081144520084480,15396081144520084480
10,P,20260918,1418,4,measure,230,pair_same_line,201326592,1048576,18800543,1676742526775018388,18034679,11,11,17741404729851800273,17741404729851800273
10,P,20260918,1419,4,measure,231,stride_4097,131072,1048576,6040,11811393693938764407,1434862,11,11,16921412609114818048,16921412609114818048
10,P,20260918,1420,4,measure,232,stride_1_bis,3145728,1048576,197206,15404337091559930466,1818447,11,11,4750235775258932328,4750235775258932328
10,P,20260918,1421,4,measure,233,pair_split_line,4096,1048576,14,1775252647380977169,1880021,11,11,1995260471101829130,1995260471101829130
10,P,20260918,1422,4,measure,234,stride_1_double,201326592,2097152,23017262,7759072230643190086,4225188,11,11,7981227007296736685,7981227007296736685
10,P,20260918,1423,4,measure,235,stride_1,393216,1048576,18726,13417144025728879055,1433750,11,11,17516759987377752713,17516759987377752713
10,P,20260918,1424,4,measure,236,pair_split_line,67108864,1048576,3772334,17706724848139952378,17900039,11,11,17297848122342881541,17297848122342881541
10,P,20260918,1425,4,measure,237,random,134217728,1048576,16587945,8481419109713647175,14854934,11,11,18144698635225407481,18144698635225407481
10,P,20260918,1426,4,measure,238,stride_513,8192,1048576,241,5969972291071424206,1540119,11,11,116592947459441664,116592947459441664
10,P,20260918,1427,4,measure,239,stride_4097,196608,1048576,9475,8383866067595937607,1590149,11,11,15985161596658514643,15985161596658514643
10,P,20260918,1428,4,measure,240,stride_1_double,12288,2097152,107,12868708533885228600,2897196,11,11,3130515934191148110,3130515934191148110
10,P,20260918,1429,4,measure,241,random,262144,1048576,26677,5976101480019990751,1171454,11,11,12252843079838860995,12252843079838860995
10,P,20260918,1430,4,measure,242,stride_1,25165824,1048576,846464,708384462167352373,2331664,11,11,12026764936919239893,12026764936919239893
10,P,20260918,1431,4,measure,243,stride_4097,4194304,1048576,14583,14604253170825753531,2146243,11,11,12406089252390561320,12406089252390561320
10,P,20260918,1432,4,measure,244,pair_same_line,50331648,1048576,3103708,12337883470810488427,16003802,11,11,16783695326158591182,16783695326158591182
10,P,20260918,1433,4,measure,245,pair_split_line,65536,1048576,707,1806111857313423137,2254748,11,11,17044874319740717042,17044874319740717042
10,P,20260918,1434,4,measure,246,stride_17,131072,1048576,8502,3930676313119085147,1469922,11,11,16921412609114818048,16921412609114818048
10,P,20260918,1435,4,measure,247,random,6144,1048576,748,18381828982547133895,1138158,11,11,16139482607814545989,16139482607814545989
10,P,20260918,1436,4,measure,248,stride_1,134217728,1048576,10344822,9468634589091529908,2219952,11,11,9386274416733052622,9386274416733052622
10,P,20260918,1437,4,measure,249,pair_same_line,4194304,1048576,317744,807578647828720455,3409920,11,11,13755193270834219179,13755193270834219179
10,P,20260918,1438,4,measure,250,stride_1_double,4194304,2097152,92886,11311060619690051765,2758474,11,11,6365434431071571024,6365434431071571024
10,P,20260918,1439,4,measure,251,random,1048576,1048576,11906,5032465766935619377,1224630,11,11,5657363160896052721,5657363160896052721
10,P,20260918,1440,4,measure,252,pair_split_line,6144,1048576,683,15703697201076352408,1893589,11,11,4136022097046562668,4136022097046562668
10,P,20260918,1441,4,measure,253,pair_split_line,25165824,1048576,1102857,15081580741917877140,15526143,11,11,8794977087281098055,8794977087281098055
10,P,20260918,1442,4,measure,254,stride_1_double,49152,2097152,1948,11713045020351298995,2722773,11,11,9843307776964580689,9843307776964580689
10,P,20260918,1443,4,measure,255,stride_4097,25165824,1048576,2659870,8431682514024618020,7208353,11,11,9056351332607371779,9056351332607371779
10,P,20260918,1444,4,measure,256,pair_split_line,49152,1048576,559,9800844727457456523,1887503,11,11,11435107100810954728,11435107100810954728
10,P,20260918,1445,4,measure,257,pair_same_line,196608,1048576,406,7344070420032113944,1830422,11,11,1427518227929721029,1427518227929721029
10,P,20260918,1446,4,measure,258,random,4096,1048576,9,12445795718483481460,1106237,11,11,14614384152519302297,14614384152519302297
10,P,20260918,1447,4,measure,259,stride_1_double,100663296,2097152,4976650,4664194962428884439,3765008,11,11,1564617366703071852,1564617366703071852
10,P,20260918,1448,4,measure,260,stride_17,33554432,1048576,2821787,2889087002386446718,7930386,11,11,1594587943234301694,1594587943234301694
10,P,20260918,1449,4,measure,261,stride_17,786432,1048576,60982,10499680013619530302,1433612,11,11,1390940730423169077,1390940730423169077
10,P,20260918,1450,4,measure,262,pair_same_line,3145728,1048576,246070,7312769093601717026,4543602,11,11,6773896031839797913,6773896031839797913
10,P,20260918,1451,4,measure,263,stride_1_bis,6144,1048576,710,9569052801733594590,1376922,11,11,18308075388881855637,18308075388881855637
10,P,20260918,1452,4,measure,264,pair_same_line,16777216,1048576,1442099,9963106472117574282,11971257,11,11,8605437779965897331,8605437779965897331
10,P,20260918,1453,4,measure,265,random,24576,1048576,2568,11407156980224219384,1089760,11,11,2850061515088382552,2850061515088382552
10,P,20260918,1454,4,measure,266,stride_1,12288,1048576,1317,9197935197250848506,1388289,11,11,9703665565382283675,9703665565382283675
10,P,20260918,1455,4,measure,267,stride_17,12288,1048576,115,6859468176335217505,1350749,11,11,13551637789104761832,13551637789104761832
10,P,20260918,1456,4,measure,268,pair_same_line,100663296,1048576,1327137,10389856521255981212,17115096,11,11,6385347123371898131,6385347123371898131
10,P,20260918,1457,4,measure,269,stride_1_double,16384,2097152,415,3783764173774719896,3127121,11,11,649362101028710400,649362101028710400
10,P,20260918,1458,4,measure,270,stride_1,12582912,1048576,1135471,2979072099054514166,2308283,11,11,4533363380103936988,4533363380103936988
10,P,20260918,1459,4,measure,271,pair_split_line,100663296,1048576,8831159,7013636951759924659,25044532,11,11,9709379874106701960,9709379874106701960
10,P,20260918,1460,4,measure,272,stride_1_double,25165824,2097152,2056157,12624261539533363722,5133264,11,11,8701974238608480819,8701974238608480819
10,P,20260918,1461,4,measure,273,stride_513,49152,1048576,1742,1580765901187384929,1753649,11,11,1303108010804061184,1303108010804061184
10,P,20260918,1462,4,measure,274,stride_4097,65536,1048576,4590,11773265213533715346,1699552,11,11,16423878549329276288,16423878549329276288
10,P,20260918,1463,4,measure,275,stride_513,524288,1048576,10199,16865739598314378311,1748668,11,11,10061883979847375520,10061883979847375520
10,P,20260918,1464,4,measure,276,stride_1_double,1048576,2097152,40053,13835567503011968839,3292218,11,11,17594462461740979760,17594462461740979760
10,P,20260918,1465,4,measure,277,pair_split_line,8192,1048576,125,11580576769956263934,1963784,11,11,17541753154284783955,17541753154284783955
10,P,20260918,1466,4,measure,278,stride_513,2097152,1048576,190256,5343770120901919559,2515970,11,11,14577075130308765988,14577075130308765988
10,P,20260918,1467,4,measure,279,stride_1_bis,268435456,1048576,968149,85486450545638790,2178356,11,11,2383413147225776980,2383413147225776980
10,P,20260918,1468,4,measure,280,pair_same_line,8192,1048576,102,11397241345383365786,1632295,11,11,11630751507183432436,11630751507183432436
10,P,20260918,1469,4,measure,281,pair_same_line,6291456,1048576,252594,5005087533358712785,8049461,11,11,8939929458802612956,8939929458802612956
10,P,20260918,1470,4,measure,282,random,16384,1048576,833,5998638517888036648,1096548,11,11,5479912038052775745,5479912038052775745
10,P,20260918,1471,4,measure,283,stride_1,65536,1048576,388,1969182540914872694,1352330,11,11,16423878549329276288,16423878549329276288
10,P,20260918,1472,4,measure,284,random,33554432,1048576,1069291,15090120646435903332,13135729,11,11,4129677448863672186,4129677448863672186
10,P,20260918,1473,4,measure,285,stride_4097,268435456,1048576,24925369,306549077100888622,7920837,11,11,13044595876795123971,13044595876795123971
10,P,20260918,1474,4,measure,286,stride_17,8192,1048576,844,2798216488879427025,1622316,11,11,116592947459441664,116592947459441664
10,P,20260918,1475,4,measure,287,stride_17,268435456,1048576,31884322,10099945487088609413,9365111,11,11,12837146726962972963,12837146726962972963
10,P,20260918,1476,4,measure,288,stride_1,4096,1048576,271,14294407528959150549,1754937,11,11,8154595385843253248,8154595385843253248
10,P,20260918,1477,4,measure,289,random,98304,1048576,9488,2030546723560868856,1431993,11,11,8587792408266392930,8587792408266392930
10,P,20260918,1478,4,measure,290,stride_1_bis,2097152,1048576,234894,12493438996234960933,1826897,11,11,14577075130308765988,14577075130308765988
10,P,20260918,1479,4,measure,291,stride_1_double,6291456,2097152,556082,9479054136469691995,3787626,11,11,5909323909511276416,5909323909511276416
10,P,20260918,1480,4,measure,292,stride_1_bis,67108864,1048576,1905638,18330322862188829562,2307776,11,11,4771158197782959753,4771158197782959753
10,P,20260918,1481,4,measure,293,stride_513,12582912,1048576,886714,4029700430181008663,6697868,11,11,4963127596952158292,4963127596952158292
10,P,20260918,1482,4,measure,294,stride_1,201326592,1048576,21462346,14584568538446790335,2251907,11,11,8875454844463608950,8875454844463608950
10,P,20260918,1483,4,measure,295,pair_same_line,12288,1048576,822,14198727263066453717,1633221,11,11,14966442413676462787,14966442413676462787
10,P,20260918,1484,4,measure,296,stride_17,6144,1048576,301,4757223195718456932,1386343,11,11,385868520377493927,385868520377493927
10,P,20260918,1485,5,measure,0,stride_513,16777216,1048576,1609435,17468440016231787644,7769663,11,11,15722496283518622256,15722496283518622256
10,P,20260918,1486,5,measure,1,stride_4097,50331648,1048576,2971009,4917133719063076169,8175725,11,11,7490866072357624265,7490866072357624265
10,P,20260918,1487,5,measure,2,stride_1_double,16777216,2097152,505996,2953206609162854368,4566444,11,11,12841062978479921428,12841062978479921428
10,P,20260918,1488,5,measure,3,stride_1,524288,1048576,17446,533743402233147922,1437374,11,11,10061883979847375520,10061883979847375520
10,P,20260918,1489,5,measure,4,stride_4097,786432,1048576,95576,12185384294285444781,1439301,11,11,2076673835993457587,2076673835993457587
10,P,20260918,1490,5,measure,5,stride_513,2097152,1048576,142590,2915603871480056487,1634497,11,11,14577075130308765988,14577075130308765988
10,P,20260918,1491,5,measure,6,random,786432,1048576,51295,1319039891844252570,1168122,11,11,11463984462499232568,11463984462499232568
10,P,20260918,1492,5,measure,7,stride_1_double,393216,2097152,36216,12892352893146978940,2708724,11,11,455033122746047765,455033122746047765
10,P,20260918,1493,5,measure,8,stride_1_double,786432,2097152,88828,11413202290733394620,2754898,11,11,3985013464230844245,3985013464230844245
10,P,20260918,1494,5,measure,9,pair_same_line,3145728,1048576,324962,5746009107671656939,2665016,11,11,17011404182047634363,17011404182047634363
10,P,20260918,1495,5,measure,10,stride_17,8388608,1048576,230986,16001579005309713300,3604453,11,11,18303280461608560459,18303280461608560459
10,P,20260918,1496,5,measure,11,stride_1,134217728,1048576,5024027,10426182856153196224,2218262,11,11,12967000572500112161,12967000572500112161
10,P,20260918,1497,5,measure,12,stride_1_bis,134217728,1048576,13858175,13000574772171119083,2209636,11,11,8169984808160372666,8169984808160372666
10,P,20260918,1498,5,measure,13,pair_split_line,1048576,1048576,97472,4968950598916718306,2691113,11,11,13438362330335300049,13438362330335300049
10,P,20260918,1499,5,measure,14,stride_1_double,1572864,2097152,163378,9740333093376685241,2735933,11,11,2463703360079994928,2463703360079994928
10,P,20260918,1500,5,measure,15,pair_split_line,524288,1048576,55249,5605242818223921842,2423289,11,11,284491297787505481,284491297787505481
10,P,20260918,1501,5,measure,16,random,524288,1048576,35494,2933888193645895264,1164287,11,11,13130242208414876146,13130242208414876146
10,P,20260918,1502,5,measure,17,stride_513,131072,1048576,10108,9319962485795590047,1439384,11,11,16921412609114818048,16921412609114818048
10,P,20260918,1503,5,measure,18,stride_1_bis,25165824,1048576,381549,6492105285950059357,1754369,11,11,10188454466795717391,10188454466795717391
10,P,20260918,1504,5,measure,19,random,268435456,1048576,268985,2857011829058568824,16935289,11,11,8422746765341863990,8422746765341863990
10,P,20260918,1505,5,measure,20,pair_same_line,98304,1048576,10513,18063866405911228018,1797051,11,11,13779816518735103370,13779816518735103370
10,P,20260918,1506,5,measure,21,random,201326592,1048576,6119027,16878661916011409593,16665794,11,11,4081690100760411643,4081690100760411643
10,P,20260918,1507,5,measure,22,pair_split_line,100663296,1048576,9223452,1218331600182191706,25014262,11,11,14684434572915587651,14684434572915587651
10,P,20260918,1508,5,measure,23,stride_1,98304,1048576,3428,6852293067762023189,1897646,11,11,1021176173129343559,1021176173129343559
10,P,20260918,1509,5,measure,24,stride_17,524288,1048576,2275,1711803900364285856,1926280,11,11,10061883979847375520,10061883979847375520
10,P,20260918,1510,5,measure,25,stride_1_double,3145728,2097152,248655,15379770633071200757,3918366,11,11,16717459086341649194,16717459086341649194
10,P,20260918,1511,5,measure,26,pair_split_line,201326592,1048576,16480315,5687560897695396431,27791504,11,11,109208665098350265,109208665098350265
10,P,20260918,1512,5,measure,27,stride_1_bis,131072,1048576,14293,8963336183372400249,2243725,11,11,16921412609114818048,16921412609114818048
10,P,20260918,1513,5,measure,28,stride_4097,12288,1048576,189,4082524772677853046,1869974,11,11,17847939052937366021,17847939052937366021
10,P,20260918,1514,5,measure,29,stride_4097,268435456,1048576,24943372,4928475865229597767,8911428,11,11,6864847329594483717,6864847329594483717
10,P,20260918,1515,5,measure,30,stride_4097,1572864,1048576,172485,3369589258037618407,2526738,11,11,5961152202083416524,5961152202083416524
10,P,20260918,1516,5,measure,31,random,16384,1048576,785,16969063051551998432,1461679,11,11,15477168422739796073,15477168422739796073
10,P,20260918,1517,5,measure,32,pair_same_line,100663296,1048576,4171727,12097185728899061238,19631792,11,11,13378233765272394232,13378233765272394232
10,P,20260918,1518,5,measure,33,random,1572864,1048576,104548,14591376497669750680,2408152,11,11,15178559056073490041,15178559056073490041
10,P,20260918,1519,5,measure,34,pair_same_line,16777216,1048576,253155,7215543413236242805,16549965,11,11,12619166763596775499,12619166763596775499
10,P,20260918,1520,5,measure,35,stride_513,100663296,1048576,1037843,9890165520153157880,15766736,11,11,6731458416312416495,6731458416312416495
10,P,20260918,1521,5,measure,36,stride_1_bis,8388608,1048576,636244,3349442487118193797,2961571,11,11,18303280461608560459,18303280461608560459
10,P,20260918,1522,5,measure,37,stride_17,16384,1048576,1997,18105611975699024254,1763548,11,11,9548053087369131008,9548053087369131008
10,P,20260918,1523,5,measure,38,stride_513,6291456,1048576,568842,1322976335613087526,3267657,11,11,2329185465026963428,2329185465026963428
10,P,20260918,1524,5,measure,39,pair_same_line,201326592,1048576,6652983,6038274314379256777,21649152,11,11,16112443363524884073,16112443363524884073
10,P,20260918,1525,5,measure,40,stride_1_bis,49152,1048576,3493,5306999221080837021,2601091,11,11,14055211319332535074,14055211319332535074
10,P,20260918,1526,5,measure,41,stride_1_bis,786432,1048576,35837,12815531486885060081,1759082,11,11,6497553808860779271,6497553808860779271
10,P,20260918,1527,5,measure,42,stride_17,4096,1048576,177,1104989877677299217,1692329,11,11,8154595385843253248,8154595385843253248
10,P,20260918,1528,5,measure,43,pair_split_line,1572864,1048576,15999,2323842694945278097,3443679,11,11,6503336677775440779,6503336677775440779
10,P,20260918,1529,5,measure,44,stride_1_double,268435456,2097152,19475796,5158848483433428630,4754568,11,11,1727297592246636770,1727297592246636770
10,P,20260918,1530,5,measure,45,random,16777216,1048576,10906,17384688179994283885,12140675,11,11,2584421892438103487,2584421892438103487
10,P,20260918,1531,5,measure,46,stride_513,12582912,1048576,451443,3768932651548516691,8008077,11,11,10120808792106458316,10120808792106458316
10,P,20260918,1532,5,measure,47,pair_split_line,134217728,1048576,7035971,87768114287577943,29048248,11,11,2238914086702158337,2238914086702158337
10,P,20260918,1533,5,measure,48,stride_4097,67108864,1048576,8302803,9295691830601850114,11195186,11,11,2142373536241006651,2142373536241006651
10,P,20260918,1534,5,measure,49,stride_1,50331648,1048576,4775021,4173526927725548896,3059561,11,11,18111866240711132343,18111866240711132343
10,P,20260918,1535,5,measure,50,stride_513,33554432,1048576,1418457,15644729268367831600,13218034,11,11,6288136978894649930,6288136978894649930
10,P,20260918,1536,5,measure,51,stride_1,4194304,1048576,350408,3955998921020700015,3268709,11,11,12406089252390561320,12406089252390561320
10,P,20260918,1537,5,measure,52,random,49152,1048576,2184,6604125674062376434,1640904,11,11,16812562288099668182,16812562288099668182
10,P,20260918,1538,5,measure,53,random,262144,1048576,20405,11332934677133350689,1476100,11,11,5956656972891941745,5956656972891941745
10,P,20260918,1539,5,measure,54,pair_same_line,1572864,1048576,128135,16842972560891546218,3673121,11,11,2466918398573743430,2466918398573743430
10,P,20260918,1540,5,measure,55,pair_same_line,524288,1048576,3909,8473304394395378177,2463465,11,11,12784195484178778753,12784195484178778753
10,P,20260918,1541,5,measure,56,stride_513,4194304,1048576,377877,7126075844455043070,4194054,11,11,12406089252390561320,12406089252390561320
10,P,20260918,1542,5,measure,57,stride_1_bis,6291456,1048576,218155,13501474214394131660,2182792,11,11,8327914330823699309,8327914330823699309
10,P,20260918,1543,5,measure,58,stride_1_bis,196608,1048576,17649,16653488195889936054,1694748,11,11,5724661878694821317,5724661878694821317
10,P,20260918,1544,5,measure,59,stride_1_bis,50331648,1048576,1514510,10936275149022305601,2249674,11,11,11082185488854107374,11082185488854107374
10,P,20260918,1545,5,measure,60,stride_4097,524288,1048576,60307,5573514478496253113,1783665,11,11,10061883979847375520,10061883979847375520
10,P,20260918,1546,5,measure,61,random,134217728,1048576,9468775,12488961365062036022,18066867,11,11,2240827275778628137,2240827275778628137
10,P,20260918,1547,5,measure,62,random,67108864,1048576,6295785,9415574765270684457,17850453,11,11,2888086231944621854,2888086231944621854
10,P,20260918,1548,5,measure,63,random,196608,1048576,23995,5683403866252422453,2350747,11,11,11640713827190044228,11640713827190044228
10,P,20260918,1549,5,measure,64,stride_1_bis,33554432,1048576,3833749,13596207958193923906,2567877,11,11,13701669484707734205,13701669484707734205
10,P,20260918,1550,5,measure,65,stride_4097,16384,1048576,265,13430490941346694973,1696849,11,11,9548053087369131008,9548053087369131008
10,P,20260918,1551,5,measure,66,stride_4097,49152,1048576,2038,16604428114357394972,1699370,11,11,16432365329141200009,16432365329141200009
10,P,20260918,1552,5,measure,67,stride_1_double,6144,2097152,415,18132718381473001445,3524008,11,11,13267795501352399553,13267795501352399553
10,P,20260918,1553,5,measure,68,stride_1,8192,1048576,585,2568055454281276579,1696662,11,11,116592947459441664,116592947459441664
10,P,20260918,1554,5,measure,69,stride_1,6144,1048576,255,14542408409731209558,1701168,11,11,9182267125811662859,9182267125811662859
10,P,20260918,1555,5,measure,70,pair_split_line,50331648,1048576,2635233,16056020214526034852,23292262,11,11,4362766931537542566,4362766931537542566
10,P,20260918,1556,5,measure,71,stride_1_double,24576,2097152,664,17396034794010948697,4308356,11,11,4523821014056678610,4523821014056678610
10,P,20260918,1557,5,measure,72,random,3145728,1048576,249641,3595349252264460210,5224453,11,11,12821274010670848282,12821274010670848282
10,P,20260918,1558,5,measure,73,stride_1,393216,1048576,16775,724615124693906688,2002257,11,11,4671920339577020103,4671920339577020103
10,P,20260918,1559,5,measure,74,stride_513,32768,1048576,2468,7012428310608665710,1705670,11,11,10598541984122395648,10598541984122395648
10,P,20260918,1560,5,measure,75,stride_513,8388608,1048576,184362,17600241761926607828,3903134,11,11,18303280461608560459,18303280461608560459
10,P,20260918,1561,5,measure,76,pair_same_line,49152,1048576,4158,14764561815124492996,2276560,11,11,7778443980223426478,7778443980223426478
10,P,20260918,1562,5,measure,77,stride_1_double,524288,2097152,60100,4669763207998993450,3708828,11,11,1677023885985199424,1677023885985199424
10,P,20260918,1563,5,measure,78,stride_4097,12582912,1048576,1172831,3043472149087748210,6077225,11,11,7478128947589241726,7478128947589241726
10,P,20260918,1564,5,measure,79,stride_1,24576,1048576,2106,13801740178834065164,1606609,11,11,17997308958864503729,17997308958864503729
10,P,20260918,1565,5,measure,80,pair_split_line,25165824,1048576,2348230,10402706461633037818,16788738,11,11,2104091286704852963,2104091286704852963
10,P,20260918,1566,5,measure,81,stride_513,262144,1048576,24417,15692225812702651927,1886350,11,11,3252759155835688704,3252759155835688704
10,P,20260918,1567,5,measure,82,pair_split_line,2097152,1048576,158070,8860433456481446362,4097846,11,11,17116952729021381571,17116952729021381571
10,P,20260918,1568,5,measure,83,stride_17,196608,1048576,5050,926253382822723898,1689628,11,11,15010027939384045133,15010027939384045133
10,P,20260918,1569,5,measure,84,pair_same_line,393216,1048576,36848,13538476874457488146,2167329,11,11,12536752383973740517,12536752383973740517
10,P,20260918,1570,5,measure,85,pair_split_line,16777216,1048576,1159499,12315785266186543813,14658185,11,11,2855381514643042847,2855381514643042847
10,P,20260918,1571,5,measure,86,stride_17,32768,1048576,3994,7943346393617868108,1701154,11,11,10598541984122395648,10598541984122395648
10,P,20260918,1572,5,measure,87,stride_1_bis,12582912,1048576,578284,7090125978970540481,1714062,11,11,777964678574494156,777964678574494156
10,P,20260918,1573,5,measure,88,random,131072,1048576,4796,11451993195821035927,1309224,11,11,7860370034287423748,7860370034287423748
10,P,20260918,1574,5,measure,89,stride_17,262144,1048576,29984,15364675020796126133,1508947,11,11,3252759155835688704,3252759155835688704
10,P,20260918,1575,5,measure,90,pair_same_line,12582912,1048576,266419,18107011298372704967,6385644,11,11,3443967771716720553,3443967771716720553
10,P,20260918,1576,5,measure,91,stride_4097,65536,1048576,957,11735546809017609562,1482354,11,11,16423878549329276288,16423878549329276288
10,P,20260918,1577,5,measure,92,stride_1_double,50331648,2097152,1968688,2362605138993388601,3878054,11,11,6482241613980866140,6482241613980866140
10,P,20260918,1578,5,measure,93,stride_1_double,4096,2097152,305,16937410942243412339,2706055,11,11,16309190771686506496,16309190771686506496
10,P,20260918,1579,5,measure,94,random,100663296,1048576,7045393,15385211109846228229,15554873,11,11,4489047785912527096,4489047785912527096
10,P,20260918,1580,5,measure,95,stride_1_double,12582912,2097152,1289831,510429917668503645,4580756,11,11,17824793542423895204,17824793542423895204
10,P,20260918,1581,5,measure,96,stride_17,268435456,1048576,27464028,2156021526889655439,9250870,11,11,10195481366974172499,10195481366974172499
10,P,20260918,1582,5,measure,97,stride_17,100663296,1048576,5359659,14422088923652947544,6968034,11,11,11440426694687364203,11440426694687364203
10,P,20260918,1583,5,measure,98,stride_17,24576,1048576,2872,4848894625937086910,1693933,11,11,12708180444782035802,12708180444782035802
10,P,20260918,1584,5,measure,99,stride_1_double,16384,2097152,858,8821154915472413944,3180010,11,11,649362101028710400,649362101028710400
10,P,20260918,1585,5,measure,100,pair_split_line,131072,1048576,13124,3719662899396613699,2452868,11,11,13159977413801987678,13159977413801987678
10,P,20260918,1586,5,measure,101,pair_split_line,33554432,1048576,184311,4633661517257792762,18587234,11,11,8069066495503693827,8069066495503693827
10,P,20260918,1587,5,measure,102,pair_same_line,786432,1048576,2522,17047850400815031181,3047558,11,11,12208925807359279644,12208925807359279644
10,P,20260918,1588,5,measure,103,pair_same_line,50331648,1048576,5857681,8242110734757365791,16505200,11,11,6877024189651876199,6877024189651876199
10,P,20260918,1589,5,measure,104,stride_1_double,196608,2097152,13231,11369428939107166828,3733484,11,11,7229066829555372107,7229066829555372107
10,P,20260918,1590,5,measure,105,stride_1_double,131072,2097152,5736,5896846510399817641,3383196,11,11,15396081144520084480,15396081144520084480
10,P,20260918,1591,5,measure,106,stride_17,1572864,1048576,2660,7249038330485521616,1804674,11,11,2254782722000140178,2254782722000140178
10,P,20260918,1592,5,measure,107,stride_17,65536,1048576,3997,15183662804615306410,1588909,11,11,16423878549329276288,16423878549329276288
10,P,20260918,1593,5,measure,108,stride_513,8192,1048576,715,15430790266315915667,1983656,11,11,116592947459441664,116592947459441664
10,P,20260918,1594,5,measure,109,stride_1,4096,1048576,266,7571946075893623403,1508598,11,11,8154595385843253248,8154595385843253248
10,P,20260918,1595,5,measure,110,pair_same_line,4194304,1048576,392688,13302265080567851827,6409786,11,11,13631367612824588899,13631367612824588899
10,P,20260918,1596,5,measure,111,stride_1_bis,12288,1048576,490,14248818245545099767,1438625,11,11,16336667089517469224,16336667089517469224
10,P,20260918,1597,5,measure,112,stride_1,268435456,1048576,2857010,15938183368465875353,1776920,11,11,9852952572833215439,9852952572833215439
10,P,20260918,1598,5,measure,113,stride_513,4096,1048576,232,6371756246177059067,1357683,11,11,8154595385843253248,8154595385843253248
10,P,20260918,1599,5,measure,114,stride_17,1048576,1048576,108132,13543552295722537083,1412939,11,11,8797231230870489880,8797231230870489880
10,P,20260918,1600,5,measure,115,stride_1,49152,1048576,2025,15385744764971580252,1356027,11,11,10503792958660924696,10503792958660924696
10,P,20260918,1601,5,measure,116,stride_1_bis,65536,1048576,6739,594625560268152128,1354476,11,11,16423878549329276288,16423878549329276288
10,P,20260918,1602,5,measure,117,stride_4097,393216,1048576,30362,17605829241472726412,1383825,11,11,17588222328397994360,17588222328397994360
10,P,20260918,1603,5,measure,118,stride_4097,3145728,1048576,205606,656045121710349475,1751630,11,11,14059258216661050435,14059258216661050435
10,P,20260918,1604,5,measure,119,stride_4097,2097152,1048576,131665,8540422569571878409,1421337,11,11,14577075130308765988,14577075130308765988
10,P,20260918,1605,5,measure,120,pair_same_line,6291456,1048576,63408,2509022067989145044,7330005,11,11,11602664209464953559,11602664209464953559
10,P,20260918,1606,5,measure,121,stride_4097,134217728,1048576,1631316,13748878295143578143,6990737,11,11,951168924459507157,951168924459507157
10,P,20260918,1607,5,measure,122,stride_4097,6144,1048576,142,16627390851400935969,1362137,11,11,5312158285689992483,5312158285689992483
10,P,20260918,1608,5,measure,123,stride_1,1048576,1048576,40899,6861294754576131198,1364612,11,11,8797231230870489880,8797231230870489880
10,P,20260918,1609,5,measure,124,stride_4097,100663296,1048576,4116907,10118619307750357902,8503962,11,11,16084802835862320289,16084802835862320289
10,P,20260918,1610,5,measure,125,stride_17,8192,1048576,742,14690793353642846322,1356417,11,11,116592947459441664,116592947459441664
10,P,20260918,1611,5,measure,126,stride_17,131072,1048576,5368,5814894901288245535,1361209,11,11,16921412609114818048,16921412609114818048
10,P,20260918,1612,5,measure,127,pair_same_line,131072,1048576,11818,9640218063532080888,1780618,11,11,2696983921970888589,2696983921970888589
10,P,20260918,1613,5,measure,128,stride_513,786432,1048576,66785,892509211638378892,1518970,11,11,13192199103146003808,13192199103146003808
10,P,20260918,1614,5,measure,129,stride_4097,24576,1048576,2624,11251988593002275404,1352208,11,11,606050985994404719,606050985994404719
10,P,20260918,1615,5,measure,130,stride_4097,196608,1048576,14077,15916286574245938595,1401137,11,11,11766367147028810099,11766367147028810099
10,P,20260918,1616,5,measure,131,random,6144,1048576,691,11417694160952125440,1093688,11,11,12295032857140494041,12295032857140494041
10,P,20260918,1617,5,measure,132,random,12582912,1048576,1026404,18010351917838690754,11014376,11,11,11652686666097986769,11652686666097986769
10,P,20260918,1618,5,measure,133,random,25165824,1048576,1473502,8614002714437280188,11873690,11,11,14811706224914346218,14811706224914346218
10,P,20260918,1619,5,measure,134,stride_17,2097152,1048576,259279,15845923727136637389,1833716,11,11,14577075130308765988,14577075130308765988
10,P,20260918,1620,5,measure,135,stride_1_bis,1048576,1048576,108907,13736734555155657377,1447050,11,11,8797231230870489880,8797231230870489880
10,P,20260918,1621,5,measure,136,stride_1_bis,393216,1048576,37342,16720410076937468228,1412558,11,11,9855610715093982737,9855610715093982737
10,P,20260918,1622,5,measure,137,random,4096,1048576,285,1827702074061275679,1091791,11,11,15027267924479184267,15027267924479184267
10,P,20260918,1623,5,measure,138,pair_split_line,16384,1048576,1301,8088798860695225418,1899375,11,11,5934669412271543863,5934669412271543863
10,P,20260918,1624,5,measure,139,stride_1,6291456,1048576,548095,16402452795338886511,1902415,11,11,4210465774836959887,4210465774836959887
10,P,20260918,1625,5,measure,140,stride_17,393216,1048576,41640,9904896290484661345,1360916,11,11,15412953535963739250,15412953535963739250
10,P,20260918,1626,5,measure,141,stride_513,1048576,1048576,34497,9988718517157119545,1479845,11,11,8797231230870489880,8797231230870489880
10,P,20260918,1627,5,measure,142,random,32768,1048576,3222,3284339217622785290,1092807,11,11,14350494389006890086,14350494389006890086
10,P,20260918,1628,5,measure,143,stride_17,134217728,1048576,12151216,11676216969844722340,9088490,11,11,11914994952558541620,11914994952558541620
10,P,20260918,1629,5,measure,144,stride_513,50331648,1048576,1048305,1994851740568508703,11599956,11,11,17330010426877351039,17330010426877351039
10,P,20260918,1630,5,measure,145,stride_17,16777216,1048576,372214,8524747491944798690,5777723,11,11,14185030243712814762,14185030243712814762
10,P,20260918,1631,5,measure,146,stride_1_bis,100663296,1048576,8775284,3067775442608443147,3376127,11,11,414266201355854037,414266201355854037
10,P,20260918,1632,5,measure,147,stride_1_bis,24576,1048576,2698,4301564776631442157,1504447,11,11,7124460736938786202,7124460736938786202
10,P,20260918,1633,5,measure,148,stride_1,2097152,1048576,46784,145750737285908211,2024709,11,11,14577075130308765988,14577075130308765988
10,P,20260918,1634,5,measure,149,pair_split_line,8388608,1048576,618883,16787510587971215579,7449816,11,11,7684152270926821383,7684152270926821383
10,P,20260918,1635,5,measure,150,stride_4097,4194304,1048576,401840,12465854645520057372,1452493,11,11,12406089252390561320,12406089252390561320
10,P,20260918,1636,5,measure,151,pair_same_line,134217728,1048576,12494223,9325912944064943480,17716900,11,11,13756381866220286485,13756381866220286485
10,P,20260918,1637,5,measure,152,pair_same_line,8388608,1048576,550394,4365564267366246190,8095252,11,11,4469539776165358083,4469539776165358083
10,P,20260918,1638,5,measure,153,pair_same_line,8192,1048576,438,10274273083407810897,1857846,11,11,11596050142829257260,11596050142829257260
10,P,20260918,1639,5,measure,154,pair_same_line,16384,1048576,429,621167361916288593,1773065,11,11,15701482547653704770,15701482547653704770
10,P,20260918,1640,5,measure,155,stride_1_bis,262144,1048576,26667,9018975471286513030,1427762,11,11,3252759155835688704,3252759155835688704
10,P,20260918,1641,5,measure,156,random,2097152,1048576,213821,16951793968936320235,1877257,11,11,9820512592233932258,9820512592233932258
10,P,20260918,1642,5,measure,157,pair_same_line,262144,1048576,18794,1902883647871486034,1969124,11,11,10643115515955281155,10643115515955281155
10,P,20260918,1643,5,measure,158,pair_same_line,6144,1048576,732,6643061809472356174,1641727,11,11,7905486279325375534,7905486279325375534
10,P,20260918,1644,5,measure,159,stride_1_bis,2097152,1048576,210587,5737686290750628767,1382609,11,11,14577075130308765988,14577075130308765988
10,P,20260918,1645,5,measure,160,stride_17,67108864,1048576,6966326,7854218695755372060,8776566,11,11,8148197535331521049,8148197535331521049
10,P,20260918,1646,5,measure,161,stride_1_double,262144,2097152,9337,7580401599648804084,2714273,11,11,6505518311671377408,6505518311671377408
10,P,20260918,1647,5,measure,162,stride_513,6144,1048576,342,9260192157754088108,1353321,11,11,6498767571919667200,6498767571919667200
10,P,20260918,1648,5,measure,163,stride_1_double,65536,2097152,2578,17736303787926386049,2714365,11,11,14401013024949000960,14401013024949000960
10,P,20260918,1649,5,measure,164,stride_1,3145728,1048576,217634,7816274178485873948,1654853,11,11,12343730133036063979,12343730133036063979
10,P,20260918,1650,5,measure,165,pair_same_line,1048576,1048576,107041,388471944341872380,2025430,11,11,6152766450824654412,6152766450824654412
10,P,20260918,1651,5,measure,166,stride_4097,32768,1048576,6,18392551973438452267,1383191,11,11,10598541984122395648,10598541984122395648
10,P,20260918,1652,5,measure,167,stride_1_double,32768,2097152,637,8920461484783721111,2820480,11,11,2750339894535239680,2750339894535239680
10,P,20260918,1653,5,measure,168,stride_1_bis,16384,1048576,219,13914128780532534637,1412515,11,11,9548053087369131008,9548053087369131008
10,P,20260918,1654,5,measure,169,pair_split_line,65536,1048576,5413,8333933076868796408,2017646,11,11,9899571623647012281,9899571623647012281
10,P,20260918,1655,5,measure,170,stride_4097,262144,1048576,12544,9206987619681857645,1414726,11,11,3252759155835688704,3252759155835688704
10,P,20260918,1656,5,measure,171,pair_same_line,33554432,1048576,1485166,13935177126968111505,15328610,11,11,10303818066445572948,10303818066445572948
10,P,20260918,1657,5,measure,172,pair_same_line,25165824,1048576,1582778,8994872109311613116,14483232,11,11,16971570041073631839,16971570041073631839
10,P,20260918,1658,5,measure,173,stride_1_double,8192,2097152,743,3187207935539648504,2787772,11,11,233185894918883328,233185894918883328
10,P,20260918,1659,5,measure,174,stride_17,25165824,1048576,769092,3959943150539124461,6535434,11,11,14523549239086882246,14523549239086882246
10,P,20260918,1660,5,measure,175,pair_split_line,3145728,1048576,365214,12183087763457253846,3771218,11,11,4054752017190057651,4054752017190057651
10,P,20260918,1661,5,measure,176,stride_17,98304,1048576,10740,2574161216130752604,1387801,11,11,6351025689517648864,6351025689517648864
10,P,20260918,1662,5,measure,177,pair_split_line,262144,1048576,3725,14149649245567550386,2309468,11,11,5010667372874353826,5010667372874353826
10,P,20260918,1663,5,measure,178,random,8388608,1048576,235977,6517922838260788008,6816527,11,11,4253205546071442304,4253205546071442304
10,P,20260918,1664,5,measure,179,stride_1_bis,6144,1048576,40,10858957746038822024,1352153,11,11,13698766903137184943,13698766903137184943
10,P,20260918,1665,5,measure,180,pair_split_line,49152,1048576,5505,6505823735658314990,1935444,11,11,8139520468160340043,8139520468160340043
10,P,20260918,1666,5,measure,181,stride_1,262144,1048576,8062,10214820459270582007,1356790,11,11,3252759155835688704,3252759155835688704
10,P,20260918,1667,5,measure,182,stride_1_double,2097152,2097152,174915,10691675652540370205,2732149,11,11,10707406186907980360,10707406186907980360
10,P,20260918,1668,5,measure,183,random,33554432,1048576,2478320,9873488977663309286,11869875,11,11,15996069815991187262,15996069815991187262
10,P,20260918,1669,5,measure,184,stride_4097,1048576,1048576,97002,10897335850033793994,1462009,11,11,8797231230870489880,8797231230870489880
10,P,20260918,1670,5,measure,185,pair_split_line,393216,1048576,21143,1389100866390180421,2337116,11,11,5697905829444661405,5697905829444661405
10,P,20260918,1671,5,measure,186,stride_4097,98304,1048576,6899,17356746415625414139,1452604,11,11,17606704181311500690,17606704181311500690
10,P,20260918,1672,5,measure,187,random,6291456,1048576,772188,7606494245972961201,4635751,11,11,15307743325539954100,15307743325539954100
10,P,20260918,1673,5,measure,188,stride_1,201326592,1048576,17897224,2951565049537684162,2273835,11,11,14508262441764681196,14508262441764681196
10,P,20260918,1674,5,measure,189,stride_17,786432,1048576,76100,15921669212775326155,1419012,11,11,498110426486223299,498110426486223299
10,P,20260918,1675,5,measure,190,stride_17,6144,1048576,84,15502241837554271548,1351604,11,11,9234714058450799319,9234714058450799319
10,P,20260918,1676,5,measure,191,stride_4097,8388608,1048576,915307,18146473601982233703,2649251,11,11,18303280461608560459,18303280461608560459
10,P,20260918,1677,5,measure,192,pair_split_line,4096,1048576,189,14823267076703491342,1893968,11,11,6630621894996659166,6630621894996659166
10,P,20260918,1678,5,measure,193,random,98304,1048576,5199,6895671973563491593,1179720,11,11,17631283619967746605,17631283619967746605
10,P,20260918,1679,5,measure,194,pair_same_line,4096,1048576,268,6856871022391079285,1631022,11,11,14586521773069562724,14586521773069562724
10,P,20260918,1680,5,measure,195,stride_17,201326592,1048576,9865275,2696613468513477200,8817801,11,11,15995498696875793720,15995498696875793720
10,P,20260918,1681,5,measure,196,pair_split_line,4194304,1048576,329009,4960019688686269521,4685609,11,11,1449754864669759516,1449754864669759516
10,P,20260918,1682,5,measure,197,pair_same_line,24576,1048576,1606,14628508168675379624,1628687,11,11,6286929049550315357,6286929049550315357
10,P,20260918,1683,5,measure,198,pair_split_line,12582912,1048576,1292136,885559172474413502,9872812,11,11,6618420991971380941,6618420991971380941
10,P,20260918,1684,5,measure,199,stride_513,65536,1048576,7370,3128808469749585439,1731199,11,11,16423878549329276288,16423878549329276288
10,P,20260918,1685,5,measure,200,stride_1_bis,1572864,1048576,110026,13275803899022924027,1429920,11,11,14670259784533630420,14670259784533630420
10,P,20260918,1686,5,measure,201,pair_split_line,6291456,1048576,183396,3210270380723844849,5396720,11,11,5906557454893044947,5906557454893044947
10,P,20260918,1687,5,measure,202,random,24576,1048576,3064,924199328034330033,1116063,11,11,3380568502432595170,3380568502432595170
10,P,20260918,1688,5,measure,203,stride_1,8388608,1048576,184126,1824829946430104174,1474584,11,11,18303280461608560459,18303280461608560459
10,P,20260918,1689,5,measure,204,stride_4097,4096,1048576,272,13834608458528564850,1410978,11,11,8154595385843253248,8154595385843253248
10,P,20260918,1690,5,measure,205,pair_split_line,98304,1048576,4737,17156282965325601493,2148862,11,11,11125218104019678061,11125218104019678061
10,P,20260918,1691,5,measure,206,pair_same_line,2097152,1048576,21216,18326851532381565977,2301423,11,11,18011211479522757375,18011211479522757375
10,P,20260918,1692,5,measure,207,pair_split_line,6144,1048576,365,17171520934565056035,1881792,11,11,2115158806585589877,2115158806585589877
10,P,20260918,1693,5,measure,208,stride_513,98304,1048576,11778,5586300801318491209,1449798,11,11,3510283103173401088,3510283103173401088
10,P,20260918,1694,5,measure,209,stride_17,12582912,1048576,307490,5823428677974691105,3572634,11,11,15750898336234202778,15750898336234202778
10,P,20260918,1695,5,measure,210,stride_1_bis,3145728,1048576,293254,872357014065911415,1402558,11,11,8832948871121138970,8832948871121138970
10,P,20260918,1696,5,measure,211,stride_1_bis,98304,1048576,186,6265694407106806475,1413852,11,11,14370210938480011158,14370210938480011158
10,P,20260918,1697,5,measure,212,stride_17,49152,1048576,4514,4794310764981035661,1411773,11,11,10558840774522953409,10558840774522953409
10,P,20260918,1698,5,measure,213,stride_513,12288,1048576,613,13907293464494367729,1410396,11,11,3776769180852905984,3776769180852905984
10,P,20260918,1699,5,measure,214,stride_1,131072,1048576,7070,13428607136508776205,1407470,11,11,16921412609114818048,16921412609114818048
10,P,20260918,1700,5,measure,215,stride_17,3145728,1048576,71359,3161432821899251795,2470301,11,11,5330422246331352546,5330422246331352546
10,P,20260918,1701,5,measure,216,stride_1,67108864,1048576,5523299,11650201005144599782,2139717,11,11,17704732666805617440,17704732666805617440
10,P,20260918,1702,5,measure,217,stride_1_bis,8192,1048576,961,18305759196101276621,1408729,11,11,116592947459441664,116592947459441664
10,P,20260918,1703,5,measure,218,stride_1_double,4194304,2097152,336351,17448616555807431472,2987676,11,11,6365434431071571024,6365434431071571024
10,P,20260918,1704,5,measure,219,stride_1,33554432,1048576,3957910,7973545303789300715,1719134,11,11,15620788140826860299,15620788140826860299
10,P,20260918,1705,5,measure,220,pair_split_line,32768,1048576,3678,12319038945748172685,1884843,11,11,14713604104138287828,14713604104138287828
10,P,20260918,1706,5,measure,221,stride_1_bis,4096,1048576,91,5055480007801676073,1380143,11,11,8154595385843253248,8154595385843253248
10,P,20260918,1707,5,measure,222,stride_513,201326592,1048576,6549540,12210615940747108479,13249054,11,11,13275082584424475895,13275082584424475895
10,P,20260918,1708,5,measure,223,stride_1_double,25165824,2097152,1415299,16082179263884259788,3411035,11,11,17537963381374959670,17537963381374959670
10,P,20260918,1709,5,measure,224,pair_split_line,268435456,1048576,14783325,5409501465594488963,25159249,11,11,2078305885301526245,2078305885301526245
10,P,20260918,1710,5,measure,225,stride_17,6291456,1048576,322088,11585810540405530459,3818307,11,11,4621222228272921937,4621222228272921937
10,P,20260918,1711,5,measure,226,stride_513,268435456,1048576,23452914,8741883468176540197,12545723,11,11,13488131066149475347,13488131066149475347
10,P,20260918,1712,5,measure,227,stride_1_bis,268435456,1048576,33412816,9493114025940031939,2257944,11,11,3212916351381431271,3212916351381431271
10,P,20260918,1713,5,measure,228,pair_same_line,268435456,1048576,22212198,6107540081608655490,18533259,11,11,4438524677700031562,4438524677700031562
10,P,20260918,1714,5,measure,229,pair_same_line,12288,1048576,615,12277996272463411980,1945992,11,11,17596951429392694994,17596951429392694994
10,P,20260918,1715,5,measure,230,stride_1,786432,1048576,87884,5177919649666375764,1608759,11,11,8103213707468561598,8103213707468561598
10,P,20260918,1716,5,measure,231,random,65536,1048576,6548,14592465597265951550,1238621,11,11,5038287399640799855,5038287399640799855
10,P,20260918,1717,5,measure,232,stride_1,65536,1048576,6277,12588625858459111832,1473735,11,11,16423878549329276288,16423878549329276288
10,P,20260918,1718,5,measure,233,random,1048576,1048576,12651,17483928095589218789,1305476,11,11,12217966849446750943,12217966849446750943
10,P,20260918,1719,5,measure,234,stride_513,25165824,1048576,2737432,5154888118275226188,10340335,11,11,3223166402984098452,3223166402984098452
10,P,20260918,1720,5,measure,235,stride_1,12582912,1048576,391995,6164910488430115679,2402928,11,11,4020528755241484177,4020528755241484177
10,P,20260918,1721,5,measure,236,stride_513,196608,1048576,11265,8693096571106254384,1615074,11,11,11662605144128544768,11662605144128544768
10,P,20260918,1722,5,measure,237,stride_513,524288,1048576,40132,3165577188044818534,1670076,11,11,10061883979847375520,10061883979847375520
10,P,20260918,1723,5,measure,238,stride_513,67108864,1048576,4439260,1640541393382352776,11849869,11,11,9494007940592217393,9494007940592217393
10,P,20260918,1724,5,measure,239,random,4194304,1048576,294430,6525009286166599630,4010406,11,11,1328398289367900827,1328398289367900827
10,P,20260918,1725,5,measure,240,pair_same_line,67108864,1048576,5753647,11988792420282006494,17003357,11,11,2988951597108731288,2988951597108731288
10,P,20260918,1726,5,measure,241,stride_1_double,1048576,2097152,100883,3766339323458089671,3765448,11,11,17594462461740979760,17594462461740979760
10,P,20260918,1727,5,measure,242,stride_1_double,98304,2097152,4373,5379501548948858355,3889066,11,11,3842865778727414393,3842865778727414393
10,P,20260918,1728,5,measure,243,stride_513,16384,1048576,1476,16862447868799825207,1680035,11,11,9548053087369131008,9548053087369131008
10,P,20260918,1729,5,measure,244,stride_1,196608,1048576,3838,11565154484066027279,1554403,11,11,18165396515104743439,18165396515104743439
10,P,20260918,1730,5,measure,245,stride_4097,6291456,1048576,197934,9747650317333576481,3220734,11,11,4762863524266130653,4762863524266130653
10,P,20260918,1731,5,measure,246,stride_513,49152,1048576,2370,10234318800155730312,1519630,11,11,9764209366394647040,9764209366394647040
10,P,20260918,1732,5,measure,247,stride_1_bis,16777216,1048576,605022,4754794140471521249,2259391,11,11,537404734075411463,537404734075411463
10,P,20260918,1733,5,measure,248,pair_split_line,12288,1048576,1229,7574466954531747534,2029757,11,11,13882687813638439350,13882687813638439350
10,P,20260918,1734,5,measure,249,stride_1_double,8388608,2097152,342935,18237216389894787227,3283612,11,11,18159816849507569302,18159816849507569302
10,P,20260918,1735,5,measure,250,stride_513,24576,1048576,1096,11673149875750191264,1397336,11,11,1712612578793322496,1712612578793322496
10,P,20260918,1736,5,measure,251,stride_17,50331648,1048576,1991023,9041464628592295303,8516809,11,11,8756464157736569600,8756464157736569600
10,P,20260918,1737,5,measure,252,pair_split_line,8192,1048576,212,3661975874005410719,1892909,11,11,12210601214358934477,12210601214358934477
10,P,20260918,1738,5,measure,253,stride_513,393216,1048576,1276,6305372646306159987,1470272,11,11,14847694413740558592,14847694413740558592
10,P,20260918,1739,5,measure,254,stride_4097,33554432,1048576,444656,13619977457363522560,6664570,11,11,10468681053121720595,10468681053121720595
10,P,20260918,1740,5,measure,255,stride_4097,16777216,1048576,832813,10717960900661860995,6199735,11,11,8242027967493459105,8242027967493459105
10,P,20260918,1741,5,measure,256,stride_513,1572864,1048576,45033,1572131024932278751,1585395,11,11,15346159349426821392,15346159349426821392
10,P,20260918,1742,5,measure,257,stride_1_double,67108864,2097152,4554369,12659684155300063880,3950844,11,11,14189710137442208654,14189710137442208654
10,P,20260918,1743,5,measure,258,pair_same_line,65536,1048576,3920,6379399385439760717,1720762,11,11,7151660253487693641,7151660253487693641
10,P,20260918,1744,5,measure,259,stride_1_bis,32768,1048576,54,7564544482367176063,1386233,11,11,10598541984122395648,10598541984122395648
10,P,20260918,1745,5,measure,260,stride_17,4194304,1048576,279357,12419416556474623186,3163058,11,11,12406089252390561320,12406089252390561320
10,P,20260918,1746,5,measure,261,stride_1_double,33554432,2097152,1159509,13343570717398209306,4489115,11,11,12281312159885752269,12281312159885752269
10,P,20260918,1747,5,measure,262,stride_1,16777216,1048576,1726561,7310281360574712184,1838819,11,11,14298657385956381383,14298657385956381383
10,P,20260918,1748,5,measure,263,pair_split_line,786432,1048576,86151,9837593786196346207,2536924,11,11,135048917327529688,135048917327529688
10,P,20260918,1749,5,measure,264,stride_1_bis,201326592,1048576,8632271,16518562064006226478,2168878,11,11,11295481037025479866,11295481037025479866
10,P,20260918,1750,5,measure,265,pair_same_line,196608,1048576,22047,8599159294139817792,1817396,11,11,4111290456504810845,4111290456504810845
10,P,20260918,1751,5,measure,266,stride_4097,25165824,1048576,1478623,3641821228244807537,7582740,11,11,12030536406681055581,12030536406681055581
10,P,20260918,1752,5,measure,267,stride_1,16384,1048576,1330,13674731567536742801,1357622,11,11,9548053087369131008,9548053087369131008
10,P,20260918,1753,5,measure,268,stride_4097,201326592,1048576,6773574,13153589202789661587,8854771,11,11,359378137005414030,359378137005414030
10,P,20260918,1754,5,measure,269,stride_1_double,100663296,2097152,6214786,3739598945692870839,4446120,11,11,8241101653101756413,8241101653101756413
10,P,20260918,1755,5,measure,270,stride_1_bis,4194304,1048576,77115,1073069555913129900,2044249,11,11,12406089252390561320,12406089252390561320
10,P,20260918,1756,5,measure,271,stride_1_bis,524288,1048576,9078,8495940397230735971,1356582,11,11,10061883979847375520,10061883979847375520
10,P,20260918,1757,5,measure,272,stride_1_double,134217728,2097152,9902887,14655042430614632165,3954715,11,11,12724296596004299283,12724296596004299283
10,P,20260918,1758,5,measure,273,stride_1_double,6291456,2097152,552734,17513352269314658238,3363840,11,11,2180058783147673480,2180058783147673480
10,P,20260918,1759,5,measure,274,stride_513,3145728,1048576,337191,8269648862438238374,1424664,11,11,11181227820694052192,11181227820694052192
10,P,20260918,1760,5,measure,275,stride_1_bis,67108864,1048576,4985068,556661310480344387,2283700,11,11,4904061667518217043,4904061667518217043
10,P,20260918,1761,5,measure,276,stride_1_double,49152,2097152,3021,10453789391594386889,2721086,11,11,12546848834511434997,12546848834511434997
10,P,20260918,1762,5,measure,277,stride_1,1572864,1048576,87010,3153216706011059330,1358354,11,11,4624571319329553118,4624571319329553118
10,P,20260918,1763,5,measure,278,stride_17,33554432,1048576,1103510,10871784431751046463,7839149,11,11,10365148013665420927,10365148013665420927
10,P,20260918,1764,5,measure,279,random,50331648,1048576,3352957,10984513241777621817,12775664,11,11,4693878730504475551,4693878730504475551
10,P,20260918,1765,5,measure,280,stride_1,25165824,1048576,2519982,4934213089058861474,2294851,11,11,16034662806054981829,16034662806054981829
10,P,20260918,1766,5,measure,281,pair_split_line,24576,1048576,1101,1211367631769535451,1888992,11,11,3687430083020517079,3687430083020517079
10,P,20260918,1767,5,measure,282,pair_split_line,196608,1048576,18877,14290366404609131318,2283851,11,11,3860133227309230769,3860133227309230769
10,P,20260918,1768,5,measure,283,pair_split_line,67108864,1048576,6793613,13895004018262114742,17952876,11,11,13826095650520503997,13826095650520503997
10,P,20260918,1769,5,measure,284,stride_1_double,201326592,2097152,19316456,15227115553094039985,3974310,11,11,1028907652955475114,1028907652955475114
10,P,20260918,1770,5,measure,285,stride_1,32768,1048576,1444,7634938964033132504,1363661,11,11,10598541984122395648,10598541984122395648
10,P,20260918,1771,5,measure,286,stride_513,134217728,1048576,1304580,11283994507023244621,12398589,11,11,14927993485942247255,14927993485942247255
10,P,20260918,1772,5,measure,287,stride_1,100663296,1048576,8363535,17484289882102277327,2324391,11,11,5974812603837100869,5974812603837100869
10,P,20260918,1773,5,measure,288,pair_same_line,32768,1048576,2439,17323947397987024856,1648745,11,11,18029115188074497395,18029115188074497395
10,P,20260918,1774,5,measure,289,stride_17,12288,1048576,284,963713763558494464,1383315,11,11,12292009300991014999,12292009300991014999
10,P,20260918,1775,5,measure,290,random,8192,1048576,891,12335367325828038400,1196722,11,11,15719400876350479909,15719400876350479909
10,P,20260918,1776,5,measure,291,stride_4097,8192,1048576,909,12508552343545126073,1580275,11,11,116592947459441664,116592947459441664
10,P,20260918,1777,5,measure,292,stride_1,12288,1048576,1327,9010431372650646079,1409699,11,11,12138595624543769500,12138595624543769500
10,P,20260918,1778,5,measure,293,random,12288,1048576,1295,8069821577473590053,1132511,11,11,14004816887863978931,14004816887863978931
10,P,20260918,1779,5,measure,294,stride_4097,131072,1048576,10975,14759009455038350115,1483380,11,11,16921412609114818048,16921412609114818048
10,P,20260918,1780,5,measure,295,random,393216,1048576,10166,15117647796748817821,1234328,11,11,17072128648228618375,17072128648228618375
10,P,20260918,1781,5,measure,296,stride_1_double,12288,2097152,932,4046797869088835224,2821055,11,11,639221664306578351,639221664306578351
10,P,20260918,1782,6,measure,0,stride_17,12288,1048576,458,11557084719487768327,1410053,11,11,799773595669227379,799773595669227379
10,P,20260918,1783,6,measure,1,stride_1_bis,49152,1048576,5373,17208981689632737201,1407222,11,11,13790599670069165889,13790599670069165889
10,P,20260918,1784,6,measure,2,pair_split_line,196608,1048576,7079,7418398522786789062,2280122,11,11,9629846915199298596,9629846915199298596
10,P,20260918,1785,6,measure,3,pair_same_line,201326592,1048576,12361017,12398371373288575331,18378806,11,11,6708726201824448957,6708726201824448957
10,P,20260918,1786,6,measure,4,stride_4097,12288,1048576,1033,17683649244271242515,1379338,11,11,8540682306207249341,8540682306207249341
10,P,20260918,1787,6,measure,5,stride_513,786432,1048576,11250,16700035045712706019,1626922,11,11,18197965301733415104,18197965301733415104
10,P,20260918,1788,6,measure,6,pair_same_line,16777216,1048576,1961801,35136272571066008,15229810,11,11,9026208962642527635,9026208962642527635
10,P,20260918,1789,6,measure,7,random,67108864,1048576,5099564,4618770849562373243,16059672,11,11,7530548667482241142,7530548667482241142
10,P,20260918,1790,6,measure,8,pair_split_line,131072,1048576,5610,1534443372033283784,2849263,11,11,10006370529672578717,10006370529672578717
10,P,20260918,1791,6,measure,9,pair_split_line,98304,1048576,10775,8213019365694149658,2622579,11,11,14478928149484685181,14478928149484685181
10,P,20260918,1792,6,measure,10,stride_1,50331648,1048576,5834964,5428610370493268654,2286308,11,11,1198526174013399823,1198526174013399823
10,P,20260918,1793,6,measure,11,pair_same_line,393216,1048576,7698,5415380771498895792,2062801,11,11,1055425577655970554,1055425577655970554
10,P,20260918,1794,6,measure,12,stride_17,4194304,1048576,116201,17443222551417751855,3206112,11,11,12406089252390561320,12406089252390561320
10,P,20260918,1795,6,measure,13,stride_1,65536,1048576,714,17130793340595056086,1354699,11,11,16423878549329276288,16423878549329276288
10,P,20260918,1796,6,measure,14,pair_same_line,262144,1048576,28594,17771916348087727949,1824035,11,11,15972363721861867355,15972363721861867355
10,P,20260918,1797,6,measure,15,random,131072,1048576,2670,15223108071317681349,1143347,11,11,1903182466145262620,1903182466145262620
10,P,20260918,1798,6,measure,16,random,786432,1048576,994,7499391964760537678,1181317,11,11,5676492054325473558,5676492054325473558
10,P,20260918,1799,6,measure,17,stride_4097,8388608,1048576,740018,6120892435227265139,2875484,11,11,18303280461608560459,18303280461608560459
10,P,20260918,1800,6,measure,18,stride_1,4096,1048576,232,18141755680536271644,1413029,11,11,8154595385843253248,8154595385843253248
10,P,20260918,1801,6,measure,19,stride_4097,131072,1048576,3475,4731242709626926082,1485261,11,11,16921412609114818048,16921412609114818048
10,P,20260918,1802,6,measure,20,stride_17,393216,1048576,37448,10513593756585776773,1425661,11,11,6462167784289715102,6462167784289715102
10,P,20260918,1803,6,measure,21,stride_513,65536,1048576,1381,231457556667252705,1468336,11,11,16423878549329276288,16423878549329276288
10,P,20260918,1804,6,measure,22,stride_1,25165824,1048576,1500524,12910931095941764407,2155537,11,11,18241601410258380575,18241601410258380575
10,P,20260918,1805,6,measure,23,random,16777216,1048576,234224,7154641165080111159,10248647,11,11,4931407605717459022,4931407605717459022
10,P,20260918,1806,6,measure,24,stride_4097,262144,1048576,4770,3368984841781506286,1385296,11,11,3252759155835688704,3252759155835688704
10,P,20260918,1807,6,measure,25,stride_4097,1048576,1048576,92191,5433491964992693375,1447531,11,11,8797231230870489880,8797231230870489880
10,P,20260918,1808,6,measure,26,random,98304,1048576,12019,15580065952162965634,1124687,11,11,10477257142728119755,10477257142728119755
10,P,20260918,1809,6,measure,27,stride_513,8388608,1048576,370276,2541190125588906995,2611128,11,11,18303280461608560459,18303280461608560459
10,P,20260918,1810,6,measure,28,stride_1,201326592,1048576,14156619,14196244817885659198,2266419,11,11,13152765817707617057,13152765817707617057
10,P,20260918,1811,6,measure,29,stride_513,49152,1048576,4391,6730774303439819051,1403708,11,11,1303108010804061184,1303108010804061184
10,P,20260918,1812,6,measure,30,stride_1_double,65536,2097152,2212,17020285778167520121,2711391,11,11,14401013024949000960,14401013024949000960
10,P,20260918,1813,6,measure,31,pair_split_line,1572864,1048576,140358,8279040532708019538,2859998,11,11,1151713864897125252,1151713864897125252
10,P,20260918,1814,6,measure,32,stride_1_bis,4096,1048576,339,14338679985628484817,1359807,11,11,8154595385843253248,8154595385843253248
10,P,20260918,1815,6,measure,33,stride_1_double,268435456,2097152,25109131,14435766092876397284,4417811,11,11,11277649898584810883,11277649898584810883
10,P,20260918,1816,6,measure,34,stride_513,12288,1048576,956,11899779575910904291,1360795,11,11,9502424420678940672,9502424420678940672
10,P,20260918,1817,6,measure,35,stride_1_double,12288,2097152,301,17328614628325266996,2716375,11,11,8161621657352168076,8161621657352168076
10,P,20260918,1818,6,measure,36,stride_513,8192,1048576,798,5855137167574818751,1371696,11,11,116592947459441664,116592947459441664
10,P,20260918,1819,6,measure,37,stride_513,6144,1048576,360,16102395946612907445,1351572,11,11,6498767571919667200,6498767571919667200
10,P,20260918,1820,6,measure,38,stride_1_double,32768,2097152,1822,16920751879373081188,2710627,11,11,2750339894535239680,2750339894535239680
10,P,20260918,1821,6,measure,39,pair_same_line,6291456,1048576,219538,16158405274967787753,6134734,11,11,18414663985629214746,18414663985629214746
10,P,20260918,1822,6,measure,40,pair_split_line,201326592,1048576,3683064,768392517767610381,20597795,11,11,5956881033050699453,5956881033050699453
10,P,20260918,1823,6,measure,41,stride_4097,393216,1048576,15612,1475112000457765627,1439499,11,11,12592982838171138109,12592982838171138109
10,P,20260918,1824,6,measure,42,stride_4097,67108864,1048576,5805063,3512825580893211293,7127294,11,11,6124674399527950854,6124674399527950854
10,P,20260918,1825,6,measure,43,stride_1_double,1572864,2097152,47228,10721855948107564756,3072986,11,11,13798979142160205257,13798979142160205257
10,P,20260918,1826,6,measure,44,stride_1_double,67108864,2097152,208605,10117634257542270584,4012995,11,11,3726618260361841840,3726618260361841840
10,P,20260918,1827,6,measure,45,stride_17,32768,1048576,3868,13252880074639415005,1413373,11,11,10598541984122395648,10598541984122395648
10,P,20260918,1828,6,measure,46,random,524288,1048576,31882,6616644909291305690,1260941,11,11,8338609280901582155,8338609280901582155
10,P,20260918,1829,6,measure,47,stride_1_bis,524288,1048576,49761,16755711870360880348,1376836,11,11,10061883979847375520,10061883979847375520
10,P,20260918,1830,6,measure,48,stride_4097,786432,1048576,34312,14477612055580687270,1487974,11,11,1051804822122633712,1051804822122633712
10,P,20260918,1831,6,measure,49,pair_same_line,268435456,1048576,3583515,9746756089974038873,19136347,11,11,12421371754464251716,12421371754464251716
10,P,20260918,1832,6,measure,50,stride_1_double,1048576,2097152,19581,7841650890249783920,2836831,11,11,17594462461740979760,17594462461740979760
10,P,20260918,1833,6,measure,51,pair_split_line,24576,1048576,716,16630285382769719630,1883568,11,11,2766785963574308830,2766785963574308830
10,P,20260918,1834,6,measure,52,random,24576,1048576,1758,2846715694646325355,1106993,11,11,13856928900528933336,13856928900528933336
10,P,20260918,1835,6,measure,53,stride_1_bis,6144,1048576,102,3094555671128164698,1408726,11,11,14228885551842688996,14228885551842688996
10,P,20260918,1836,6,measure,54,stride_4097,2097152,1048576,125732,6134996704495589373,1671813,11,11,14577075130308765988,14577075130308765988
10,P,20260918,1837,6,measure,55,stride_17,196608,1048576,3351,4398517400999880043,1412994,11,11,6621692890407174080,6621692890407174080
10,P,20260918,1838,6,measure,56,random,8388608,1048576,394120,13506537985548383235,10346388,11,11,3381404664938186952,3381404664938186952
10,P,20260918,1839,6,measure,57,stride_1,8192,1048576,306,17330788585348125073,1352666,11,11,116592947459441664,116592947459441664
10,P,20260918,1840,6,measure,58,stride_1_bis,131072,1048576,9801,15100871529534699483,1353047,11,11,16921412609114818048,16921412609114818048
10,P,20260918,1841,6,measure,59,stride_1_bis,6291456,1048576,269576,9817891555286313064,1893512,11,11,9021989861317268341,9021989861317268341
10,P,20260918,1842,6,measure,60,pair_split_line,33554432,1048576,4021445,16815910695449503483,20149595,11,11,1196553816956305776,1196553816956305776
10,P,20260918,1843,6,measure,61,pair_same_line,524288,1048576,62099,12186418163056389036,2180779,11,11,3588776775419871037,3588776775419871037
10,P,20260918,1844,6,measure,62,stride_513,2097152,1048576,228007,1692366437622148764,2301099,11,11,14577075130308765988,14577075130308765988
10,P,20260918,1845,6,measure,63,stride_4097,4194304,1048576,401142,8417276296826514592,1793943,11,11,12406089252390561320,12406089252390561320
10,P,20260918,1846,6,measure,64,stride_1_bis,8388608,1048576,634809,17778965124396619622,2036657,11,11,18303280461608560459,18303280461608560459
10,P,20260918,1847,6,measure,65,pair_same_line,16384,1048576,1995,2605761496676025965,1638941,11,11,1141351330134129149,1141351330134129149
10,P,20260918,1848,6,measure,66,pair_split_line,134217728,1048576,15752472,3642004125699974418,24864859,11,11,18361774539944929370,18361774539944929370
10,P,20260918,1849,6,measure,67,stride_1_double,134217728,2097152,16214821,2886878633205792948,4573069,11,11,13094234884191357792,13094234884191357792
10,P,20260918,1850,6,measure,68,stride_1_bis,100663296,1048576,6653316,2591166495321428086,2427720,11,11,8546275899924683430,8546275899924683430
10,P,20260918,1851,6,measure,69,stride_17,524288,1048576,10369,10014398950099925200,1652380,11,11,10061883979847375520,10061883979847375520
10,P,20260918,1852,6,measure,70,random,4194304,1048576,93354,16174284129685451629,5214959,11,11,3693210939525531698,3693210939525531698
10,P,20260918,1853,6,measure,71,stride_1_bis,24576,1048576,1436,537238673519966943,1621500,11,11,6703599717930405709,6703599717930405709
10,P,20260918,1854,6,measure,72,stride_1_double,16777216,2097152,377990,9193765007407386693,3488291,11,11,12841062978479921428,12841062978479921428
10,P,20260918,1855,6,measure,73,stride_1_bis,33554432,1048576,3838176,14126902649317216795,1969736,11,11,1231175621065294859,1231175621065294859
10,P,20260918,1856,6,measure,74,stride_513,4194304,1048576,359355,2933419973241188048,1407137,11,11,12406089252390561320,12406089252390561320
10,P,20260918,1857,6,measure,75,stride_513,196608,1048576,15949,12118539407090726750,1421941,11,11,2303624161942002560,2303624161942002560
10,P,20260918,1858,6,measure,76,random,393216,1048576,19710,13288399733041357195,1122945,11,11,11624009197469026088,11624009197469026088
10,P,20260918,1859,6,measure,77,stride_1_bis,196608,1048576,20937,7041543107557231180,1351042,11,11,3385341275508397153,3385341275508397153
10,P,20260918,1860,6,measure,78,pair_same_line,32768,1048576,1029,9620870480013236032,2093726,11,11,1230059994210892746,1230059994210892746
10,P,20260918,1861,6,measure,79,stride_1_double,6144,2097152,500,3158670871366008386,3136675,11,11,3429033486108592072,3429033486108592072
10,P,20260918,1862,6,measure,80,stride_1,131072,1048576,7481,15086377754953210969,1384344,11,11,16921412609114818048,16921412609114818048
10,P,20260918,1863,6,measure,81,stride_1_double,201326592,2097152,16178134,13136913109461768236,3771067,11,11,4145977802637852371,4145977802637852371
10,P,20260918,1864,6,measure,82,pair_same_line,1048576,1048576,9467,6123110578757370419,2332330,11,11,7498670243641265036,7498670243641265036
10,P,20260918,1865,6,measure,83,stride_1_bis,786432,1048576,35744,5771553831108761574,1383503,11,11,9192271077437654217,9192271077437654217
10,P,20260918,1866,6,measure,84,stride_4097,8192,1048576,134,15657662985157224357,1412038,11,11,116592947459441664,116592947459441664
10,P,20260918,1867,6,measure,85,stride_17,16384,1048576,1683,151416033211823444,1422715,11,11,9548053087369131008,9548053087369131008
10,P,20260918,1868,6,measure,86,stride_4097,24576,1048576,2890,5951541817898758712,1412104,11,11,1182991378186176911,1182991378186176911
10,P,20260918,1869,6,measure,87,pair_split_line,100663296,1048576,11905138,13856638974805579764,23963380,11,11,18415769355500050292,18415769355500050292
10,P,20260918,1870,6,measure,88,stride_4097,201326592,1048576,15191944,12633263421708018007,8732144,11,11,18338819891825488723,18338819891825488723
10,P,20260918,1871,6,measure,89,stride_4097,25165824,1048576,384641,17783966985731164484,8400979,11,11,10158568585098765411,10158568585098765411
10,P,20260918,1872,6,measure,90,stride_17,16777216,1048576,1692848,6881034316246167829,5221235,11,11,5073591649957423044,5073591649957423044
10,P,20260918,1873,6,measure,91,stride_1_double,6291456,2097152,20642,12783331193848000205,3158522,11,11,12283971324859975709,12283971324859975709
10,P,20260918,1874,6,measure,92,stride_1,16777216,1048576,1912053,11206450441080085792,1512687,11,11,3591707313599999765,3591707313599999765
10,P,20260918,1875,6,measure,93,stride_513,16384,1048576,832,15010594793654861910,1418666,11,11,9548053087369131008,9548053087369131008
10,P,20260918,1876,6,measure,94,pair_same_line,4096,1048576,321,8697866164807973497,1650336,11,11,9113268954514986182,9113268954514986182
10,P,20260918,1877,6,measure,95,stride_1_double,49152,2097152,5058,12608219790765407604,2707606,11,11,2449286461453034089,2449286461453034089
10,P,20260918,1878,6,measure,96,stride_17,134217728,1048576,15943096,13359579503620700251,8712143,11,11,7897322943326494188,7897322943326494188
10,P,20260918,1879,6,measure,97,stride_1,32768,1048576,3068,7898963320342403916,1410515,11,11,10598541984122395648,10598541984122395648
10,P,20260918,1880,6,measure,98,pair_same_line,65536,1048576,1497,6704961616719433491,1700381,11,11,16558794814205096149,16558794814205096149
10,P,20260918,1881,6,measure,99,stride_1_bis,4194304,1048576,224114,5722037276644839859,1905074,11,11,12406089252390561320,12406089252390561320
10,P,20260918,1882,6,measure,100,stride_1,4194304,1048576,218064,15049106309992627468,1407033,11,11,12406089252390561320,12406089252390561320
10,P,20260918,1883,6,measure,101,stride_513,33554432,1048576,819205,3751468130172327247,9998483,11,11,13145038053399466939,13145038053399466939
10,P,20260918,1884,6,measure,102,stride_513,4096,1048576,200,9341799812496590466,1414726,11,11,8154595385843253248,8154595385843253248
10,P,20260918,1885,6,measure,103,stride_1_double,98304,2097152,8229,11401000977856248791,2715114,11,11,11826317591003478530,11826317591003478530
10,P,20260918,1886,6,measure,104,pair_split_line,2097152,1048576,213204,17141422799463915174,3163769,11,11,2810924349255272661,2810924349255272661
10,P,20260918,1887,6,measure,105,stride_17,49152,1048576,1797,396976388060047334,1383177,11,11,3167075567757186922,3167075567757186922
10,P,20260918,1888,6,measure,106,pair_split_line,393216,1048576,4196,1904521717604999698,2341536,11,11,4202819326223497338,4202819326223497338
10,P,20260918,1889,6,measure,107,stride_17,6291456,1048576,203110,5408361712808696603,3447084,11,11,10772775194710248841,10772775194710248841
10,P,20260918,1890,6,measure,108,pair_split_line,6291456,1048576,488718,2010040076482164417,5015991,11,11,4683353521984422717,4683353521984422717
10,P,20260918,1891,6,measure,109,stride_1,100663296,1048576,8609997,12166244689094250729,2229764,11,11,2710187244335714530,2710187244335714530
10,P,20260918,1892,6,measure,110,stride_1_double,3145728,2097152,314859,5131331382015007398,2844656,11,11,13739985058362379369,13739985058362379369
10,P,20260918,1893,6,measure,111,pair_split_line,1048576,1048576,124063,3352928752905959758,2572354,11,11,9588121772991406497,9588121772991406497
10,P,20260918,1894,6,measure,112,stride_1_double,4096,2097152,457,11976468897635613679,2759873,11,11,16309190771686506496,16309190771686506496
10,P,20260918,1895,6,measure,113,stride_1_bis,1572864,1048576,6576,13064230332308449171,1354499,11,11,17308967281765093942,17308967281765093942
10,P,20260918,1896,6,measure,114,stride_513,131072,1048576,12823,9157548704415259202,1410004,11,11,16921412609114818048,16921412609114818048
10,P,20260918,1897,6,measure,115,stride_1_bis,3145728,1048576,153058,9083759061744887531,1370229,11,11,4462059409775700750,4462059409775700750
10,P,20260918,1898,6,measure,116,pair_same_line,49152,1048576,3214,6661618791292464199,1637975,11,11,5592074560152533043,5592074560152533043
10,P,20260918,1899,6,measure,117,stride_1_double,131072,2097152,12183,8125401895599585732,2713632,11,11,15396081144520084480,15396081144520084480
10,P,20260918,1900,6,measure,118,random,4096,1048576,100,11942802137717742883,1242272,11,11,8481798753954659902,8481798753954659902
10,P,20260918,1901,6,measure,119,stride_4097,1572864,1048576,83000,2712486298289493252,1629056,11,11,8394787387468875020,8394787387468875020
10,P,20260918,1902,6,measure,120,stride_513,268435456,1048576,21006447,4097773038338791897,12628987,11,11,15034313454681303995,15034313454681303995
10,P,20260918,1903,6,measure,121,random,196608,1048576,15696,3147760338205706280,1141925,11,11,5048906406452959476,5048906406452959476
10,P,20260918,1904,6,measure,122,stride_513,262144,1048576,28405,1423651449689958829,1395597,11,11,3252759155835688704,3252759155835688704
10,P,20260918,1905,6,measure,123,pair_split_line,16384,1048576,292,15307544830373899496,1889578,11,11,18417205462440979137,18417205462440979137
10,P,20260918,1906,6,measure,124,pair_split_line,32768,1048576,3361,8164684234804707345,1881777,11,11,1736230014789203108,1736230014789203108
10,P,20260918,1907,6,measure,125,stride_17,786432,1048576,78025,14792981299882410196,1445576,11,11,3445105122139378206,3445105122139378206
10,P,20260918,1908,6,measure,126,stride_17,33554432,1048576,3821582,9761567391980936175,8291763,11,11,11885551010501256202,11885551010501256202
10,P,20260918,1909,6,measure,127,stride_1,524288,1048576,11381,9530821918373354270,1368747,11,11,10061883979847375520,10061883979847375520
10,P,20260918,1910,6,measure,128,stride_17,98304,1048576,6217,2732840900215745061,1363467,11,11,5751480074979039918,5751480074979039918
10,P,20260918,1911,6,measure,129,stride_1_bis,67108864,1048576,1464506,3814382124726500298,2369354,11,11,15956992296529967488,15956992296529967488
10,P,20260918,1912,6,measure,130,random,100663296,1048576,4227224,12660200079051096972,15505539,11,11,7097088749938859688,7097088749938859688
10,P,20260918,1913,6,measure,131,stride_17,3145728,1048576,303657,17200576083406445423,3193917,11,11,11422246324647066285,11422246324647066285
10,P,20260918,1914,6,measure,132,stride_1,6291456,1048576,168054,12789631869109167642,1861787,11,11,8370213572810019309,8370213572810019309
10,P,20260918,1915,6,measure,133,stride_1,196608,1048576,18079,9632727183356906845,1378624,11,11,14402261782402593149,14402261782402593149
10,P,20260918,1916,6,measure,134,stride_513,12582912,1048576,1199885,15400742288701417945,6497981,11,11,446194662936398502,446194662936398502
10,P,20260918,1917,6,measure,135,stride_17,12582912,1048576,1069083,5643404358350906389,3965214,11,11,16875916009466295805,16875916009466295805
10,P,20260918,1918,6,measure,136,stride_513,3145728,1048576,360097,1402588654550916764,1468557,11,11,4696861105486946824,4696861105486946824
10,P,20260918,1919,6,measure,137,stride_513,100663296,1048576,956355,7135889581041273859,12836957,11,11,6287218507338807962,6287218507338807962
10,P,20260918,1920,6,measure,138,pair_same_line,4194304,1048576,486565,470105742113606930,5831513,11,11,14571761461490843846,14571761461490843846
10,P,20260918,1921,6,measure,139,pair_split_line,25165824,1048576,2500290,14021770817447981712,15458824,11,11,202854542989578369,202854542989578369
10,P,20260918,1922,6,measure,140,pair_split_line,67108864,1048576,3627832,7729883571395198626,22640632,11,11,4023835413779138213,4023835413779138213
10,P,20260918,1923,6,measure,141,random,3145728,1048576,358418,8788773739473504067,3617014,11,11,3055931112596076661,3055931112596076661
10,P,20260918,1924,6,measure,142,stride_17,100663296,1048576,11177393,6383640809620186539,9632118,11,11,7552080446796859196,7552080446796859196
10,P,20260918,1925,6,measure,143,stride_1_double,262144,2097152,7350,249091520250422724,3964358,11,11,6505518311671377408,6505518311671377408
10,P,20260918,1926,6,measure,144,stride_1_double,50331648,2097152,3721808,9272672580081301899,4744024,11,11,10038571940171880474,10038571940171880474
10,P,20260918,1927,6,measure,145,stride_4097,16777216,1048576,635491,14166103265246555366,7580997,11,11,7910227179140027765,7910227179140027765
10,P,20260918,1928,6,measure,146,stride_1_bis,12288,1048576,857,10767866308315773870,1813537,11,11,18104076580288543133,18104076580288543133
10,P,20260918,1929,6,measure,147,pair_same_line,131072,1048576,13874,15724831511777520834,2317260,11,11,9243893044776932918,9243893044776932918
10,P,20260918,1930,6,measure,148,stride_4097,98304,1048576,11785,4467017599144319153,1797669,11,11,7743095446107155342,7743095446107155342
10,P,20260918,1931,6,measure,149,stride_1_bis,65536,1048576,7630,17763000742788495882,1613421,11,11,16423878549329276288,16423878549329276288
10,P,20260918,1932,6,measure,150,stride_1,24576,1048576,1711,6030967499895022239,1559802,11,11,13595054943042729714,13595054943042729714
10,P,20260918,1933,6,measure,151,stride_1_bis,393216,1048576,31235,15443401575465066773,1512670,11,11,11667495862061396148,11667495862061396148
10,P,20260918,1934,6,measure,152,stride_1,786432,1048576,4991,7001504723358468926,1477215,11,11,900482603791058993,900482603791058993
10,P,20260918,1935,6,measure,153,stride_1,49152,1048576,2215,10924324388755619337,1407755,11,11,3667730490098981627,3667730490098981627
10,P,20260918,1936,6,measure,154,stride_1,262144,1048576,23958,8932060381814546301,1363531,11,11,3252759155835688704,3252759155835688704
10,P,20260918,1937,6,measure,155,stride_1_bis,268435456,1048576,15002492,2481878206974194525,2144164,11,11,15323313802355183794,15323313802355183794
10,P,20260918,1938,6,measure,156,random,1048576,1048576,85823,16324177024979112551,1337337,11,11,24239614700320873,24239614700320873
10,P,20260918,1939,6,measure,157,pair_same_line,134217728,1048576,2047089,5543161707884423359,17965607,11,11,14223562802957759774,14223562802957759774
10,P,20260918,1940,6,measure,158,random,201326592,1048576,9432371,3141664660286992278,17641580,11,11,3757386612312904518,3757386612312904518
10,P,20260918,1941,6,measure,159,pair_split_line,8192,1048576,206,17914552501748692452,2834041,11,11,2373431605009556955,2373431605009556955
10,P,20260918,1942,6,measure,160,stride_1_bis,25165824,1048576,1288446,13802194709934772871,2424836,11,11,10362524008785831434,10362524008785831434
10,P,20260918,1943,6,measure,161,stride_4097,100663296,1048576,7863846,7428927726457131928,9333669,11,11,3312973734033105143,3312973734033105143
10,P,20260918,1944,6,measure,162,pair_same_line,25165824,1048576,1389727,3972968858303815157,16435403,11,11,1401559253598854038,1401559253598854038
10,P,20260918,1945,6,measure,163,pair_same_line,8192,1048576,28,10683270420482206242,2552426,11,11,8383310829837823880,8383310829837823880
10,P,20260918,1946,6,measure,164,stride_17,8388608,1048576,157050,17501367608975950448,5216952,11,11,18303280461608560459,18303280461608560459
10,P,20260918,1947,6,measure,165,stride_1_bis,201326592,1048576,17008801,5206916591258260877,2266865,11,11,16643093593683882273,16643093593683882273
10,P,20260918,1948,6,measure,166,stride_1,2097152,1048576,46151,3506666636811520015,1707373,11,11,14577075130308765988,14577075130308765988
10,P,20260918,1949,6,measure,167,stride_513,524288,1048576,38189,7041461592246054858,1831117,11,11,10061883979847375520,10061883979847375520
10,P,20260918,1950,6,measure,168,stride_1_double,524288,2097152,17674,3009757960248726198,3361764,11,11,1677023885985199424,1677023885985199424
10,P,20260918,1951,6,measure,169,stride_1,16384,1048576,893,16261159183787056483,1608138,11,11,9548053087369131008,9548053087369131008
10,P,20260918,1952,6,measure,170,random,134217728,1048576,2449895,15282470956548056781,16996353,11,11,14021099178692231355,14021099178692231355
10,P,20260918,1953,6,measure,171,stride_1,67108864,1048576,180929,18081232634928131895,2386104,11,11,3894178162624051917,3894178162624051917
10,P,20260918,1954,6,measure,172,stride_513,1048576,1048576,52198,9503544119228015521,2099567,11,11,8797231230870489880,8797231230870489880
10,P,20260918,1955,6,measure,173,stride_1,3145728,1048576,171597,3426702693591197215,1771521,11,11,6050710453304722855,6050710453304722855
10,P,20260918,1956,6,measure,174,pair_split_line,8388608,1048576,486730,4786530652091328205,7385854,11,11,3724148400271250530,3724148400271250530
10,P,20260918,1957,6,measure,175,pair_same_line,12582912,1048576,714822,15008811894633654047,9780595,11,11,13407177344755723840,13407177344755723840
10,P,20260918,1958,6,measure,176,pair_same_line,8388608,1048576,33073,2452622248088590567,4863388,11,11,981407745076636640,981407745076636640
10,P,20260918,1959,6,measure,177,random,33554432,1048576,1949052,1381103824879695784,13054793,11,11,8416745620386630915,8416745620386630915
10,P,20260918,1960,6,measure,178,random,16384,1048576,913,15591079070585824199,1440002,11,11,2902258863498746209,2902258863498746209
10,P,20260918,1961,6,measure,179,pair_same_line,3145728,1048576,363859,13169243834009489832,4557561,11,11,5717712012925146013,5717712012925146013
10,P,20260918,1962,6,measure,180,pair_split_line,49152,1048576,5617,14750192118253845325,2302293,11,11,9955451700992066213,9955451700992066213
10,P,20260918,1963,6,measure,181,stride_4097,49152,1048576,1728,13167912008821827303,1613075,11,11,18325764556540747025,18325764556540747025
10,P,20260918,1964,6,measure,182,stride_513,6291456,1048576,485644,9263146157949138754,2128100,11,11,2091461971855407884,2091461971855407884
10,P,20260918,1965,6,measure,183,stride_4097,3145728,1048576,308185,12829771371810608483,1976355,11,11,13720579387033642659,13720579387033642659
10,P,20260918,1966,6,measure,184,stride_1,98304,1048576,3034,5412733028895313738,1475082,11,11,11379714853978881859,11379714853978881859
10,P,20260918,1967,6,measure,185,stride_17,131072,1048576,13789,15830793884118643168,1518517,11,11,16921412609114818048,16921412609114818048
10,P,20260918,1968,6,measure,186,stride_1,1048576,1048576,50241,17221075622918297155,1356329,11,11,8797231230870489880,8797231230870489880
10,P,20260918,1969,6,measure,187,stride_1_double,16384,2097152,36,4046372557861895462,2712054,11,11,649362101028710400,649362101028710400
10,P,20260918,1970,6,measure,188,pair_split_line,12288,1048576,118,16234791871934984515,1883942,11,11,2984326998539262746,2984326998539262746
10,P,20260918,1971,6,measure,189,stride_1,268435456,1048576,32235466,14939960564008694038,1672410,11,11,7451079605066071729,7451079605066071729
10,P,20260918,1972,6,measure,190,pair_same_line,98304,1048576,2932,8273224337981325090,1761365,11,11,8302859334314604870,8302859334314604870
10,P,20260918,1973,6,measure,191,stride_1_double,4194304,2097152,291935,14500918509945172187,3021707,11,11,6365434431071571024,6365434431071571024
10,P,20260918,1974,6,measure,192,stride_4097,32768,1048576,2315,12348994724289585302,1415670,11,11,10598541984122395648,10598541984122395648
10,P,20260918,1975,6,measure,193,stride_17,1048576,1048576,207,15405478723098973441,1456221,11,11,8797231230870489880,8797231230870489880
10,P,20260918,1976,6,measure,194,stride_513,24576,1048576,753,5822018180291243937,1411848,11,11,15675031744929201152,15675031744929201152
10,P,20260918,1977,6,measure,195,stride_1_bis,98304,1048576,4924,16894845732569427372,1385737,11,11,10859982764011823558,10859982764011823558
10,P,20260918,1978,6,measure,196,random,65536,1048576,393,5588370082174888970,1180908,11,11,8376887979124238481,8376887979124238481
10,P,20260918,1979,6,measure,197,stride_4097,196608,1048576,23257,8960183759843104235,1466545,11,11,14526784567817502479,14526784567817502479
10,P,20260918,1980,6,measure,198,stride_513,50331648,1048576,6157620,2065571244861591396,11502464,11,11,11856714813242353083,11856714813242353083
10,P,20260918,1981,6,measure,199,pair_split_line,262144,1048576,22611,15237753190381483638,2330387,11,11,6696655091583950468,6696655091583950468
10,P,20260918,1982,6,measure,200,stride_1_bis,50331648,1048576,1701628,3428149934584426428,2910641,11,11,13515669833755538145,13515669833755538145
10,P,20260918,1983,6,measure,201,stride_513,25165824,1048576,914757,17114648964416163582,8969985,11,11,1003168821508743228,1003168821508743228
10,P,20260918,1984,6,measure,202,stride_4097,6291456,1048576,547797,9959946122727894474,2701725,11,11,11165991386608995106,11165991386608995106
10,P,20260918,1985,6,measure,203,stride_17,6144,1048576,319,15548862853459858024,1357221,11,11,16084325881829703173,16084325881829703173
10,P,20260918,1986,6,measure,204,pair_same_line,67108864,1048576,7907799,1976668007975306897,16367271,11,11,7676972060778091855,7676972060778091855
10,P,20260918,1987,6,measure,205,pair_same_line,2097152,1048576,107149,18346005153114244965,3450421,11,11,5226241328622365535,5226241328622365535
10,P,20260918,1988,6,measure,206,random,8192,1048576,102,11926751523386247686,1093489,11,11,10182281174382317464,10182281174382317464
10,P,20260918,1989,6,measure,207,pair_split_line,524288,1048576,57816,8724194868233055018,2422243,11,11,8093127341629275607,8093127341629275607
10,P,20260918,1990,6,measure,208,stride_1,1572864,1048576,8257,7031716897603882975,1409628,11,11,2776506230281711755,2776506230281711755
10,P,20260918,1991,6,measure,209,stride_1_bis,1048576,1048576,16504,3882353197401639121,1408701,11,11,8797231230870489880,8797231230870489880
10,P,20260918,1992,6,measure,210,stride_4097,268435456,1048576,5788734,16567504232834051552,7610223,11,11,2536908464615121184,2536908464615121184
10,P,20260918,1993,6,measure,211,stride_17,50331648,1048576,1195266,8610977376889543107,8364090,11,11,8750638366269183241,8750638366269183241
10,P,20260918,1994,6,measure,212,stride_1,8388608,1048576,206222,5171558555695095606,1637255,11,11,18303280461608560459,18303280461608560459
10,P,20260918,1995,6,measure,213,stride_17,201326592,1048576,16810119,1373181042444932068,8546711,11,11,16936348966982933527,16936348966982933527
10,P,20260918,1996,6,measure,214,pair_same_line,6144,1048576,16,12721162264321081192,1880956,11,11,18159715013897355764,18159715013897355764
10,P,20260918,1997,6,measure,215,stride_513,98304,1048576,9359,10916495295832913104,1599395,11,11,16959111087276692480,16959111087276692480
10,P,20260918,1998,6,measure,216,pair_same_line,1572864,1048576,19277,17153870292312307544,2658459,11,11,2850703838252476516,2850703838252476516
10,P,20260918,1999,6,measure,217,pair_same_line,786432,1048576,25939,11144142107204833020,2015296,11,11,16061976182101618787,16061976182101618787
10,P,20260918,2000,6,measure,218,stride_17,67108864,1048576,4649524,12214149160393752391,8653501,11,11,11973792916631961058,11973792916631961058
10,P,20260918,2001,6,measure,219,stride_1_double,25165824,2097152,631708,2051593831681085143,4309452,11,11,8853618172764953038,8853618172764953038
10,P,20260918,2002,6,measure,220,stride_513,134217728,1048576,13773997,1770916893461522592,12405698,11,11,13826139298417443876,13826139298417443876
10,P,20260918,2003,6,measure,221,stride_17,24576,1048576,2501,13317625827302612675,1614365,11,11,13596262800700544921,13596262800700544921
10,P,20260918,2004,6,measure,222,stride_4097,4096,1048576,509,10013113761111909428,1576666,11,11,8154595385843253248,8154595385843253248
10,P,20260918,2005,6,measure,223,random,25165824,1048576,611496,13318729798540812411,13202037,11,11,14928815613640142559,14928815613640142559
10,P,20260918,2006,6,measure,224,random,2097152,1048576,124073,11905484213636663252,2708478,11,11,17108468367175746842,17108468367175746842
10,P,20260918,2007,6,measure,225,stride_4097,524288,1048576,22666,3167040915463612476,1882191,11,11,10061883979847375520,10061883979847375520
10,P,20260918,2008,6,measure,226,stride_17,268435456,1048576,382777,3607322831962713269,9680940,11,11,7518214468224232934,7518214468224232934
10,P,20260918,2009,6,measure,227,stride_513,393216,1048576,11881,8181732742941451569,2089648,11,11,14847694413740558592,14847694413740558592
10,P,20260918,2010,6,measure,228,stride_4097,16384,1048576,1088,15331742026391890304,1788047,11,11,9548053087369131008,9548053087369131008
10,P,20260918,2011,6,measure,229,stride_17,65536,1048576,6148,2792522723293566186,1697414,11,11,16423878549329276288,16423878549329276288
10,P,20260918,2012,6,measure,230,stride_513,32768,1048576,2799,12997210733360253860,1840184,11,11,10598541984122395648,10598541984122395648
10,P,20260918,2013,6,measure,231,stride_17,1572864,1048576,141150,9368234666741555853,1986200,11,11,10436633264187421793,10436633264187421793
10,P,20260918,2014,6,measure,232,pair_split_line,4096,1048576,220,18039981989954899722,2253744,11,11,4344775544395251420,4344775544395251420
10,P,20260918,2015,6,measure,233,random,262144,1048576,11729,15506855869087292440,1222536,11,11,3488137671411419835,3488137671411419835
10,P,20260918,2016,6,measure,234,pair_split_line,65536,1048576,3681,5996367336973387456,2129011,11,11,1949904400831057627,1949904400831057627
10,P,20260918,2017,6,measure,235,stride_1_double,2097152,2097152,258321,5222770269330050860,2902358,11,11,10707406186907980360,10707406186907980360
10,P,20260918,2018,6,measure,236,stride_1_double,24576,2097152,1714,12550254693604291828,2706588,11,11,8938919519175795361,8938919519175795361
10,P,20260918,2019,6,measure,237,stride_1_double,786432,2097152,10675,18337465588529311730,2704959,11,11,14293230330263710326,14293230330263710326
10,P,20260918,2020,6,measure,238,stride_1_bis,16384,1048576,663,4362680345061756804,1696304,11,11,9548053087369131008,9548053087369131008
10,P,20260918,2021,6,measure,239,stride_513,1572864,1048576,2744,2715846797790864582,1507669,11,11,4152134303135996640,4152134303135996640
10,P,20260918,2022,6,measure,240,random,12288,1048576,37,14637865757519437857,1094181,11,11,6723713675902373264,6723713675902373264
10,P,20260918,2023,6,measure,241,pair_same_line,12288,1048576,1105,128449780800091448,1719792,11,11,12206818607421345782,12206818607421345782
10,P,20260918,2024,6,measure,242,stride_4097,12582912,1048576,611613,15810480477588191381,6183512,11,11,13932978698668502268,13932978698668502268
10,P,20260918,2025,6,measure,243,stride_17,262144,1048576,27667,15979704267703858981,1361381,11,11,3252759155835688704,3252759155835688704
10,P,20260918,2026,6,measure,244,random,49152,1048576,755,15588782875062402897,1087279,11,11,5254306276818089833,5254306276818089833
10,P,20260918,2027,6,measure,245,stride_1_bis,12582912,1048576,139275,14320730756834412363,1413606,11,11,5052426937327177286,5052426937327177286
10,P,20260918,2028,6,measure,246,stride_4097,33554432,1048576,3154038,1926088132910859317,6438389,11,11,9134983807062824645,9134983807062824645
10,P,20260918,2029,6,measure,247,stride_1_double,8388608,2097152,274653,9201527419167869099,3182868,11,11,18159816849507569302,18159816849507569302
10,P,20260918,2030,6,measure,248,random,268435456,1048576,22692815,16401736519847495044,17018128,11,11,6864930988529249990,6864930988529249990
10,P,20260918,2031,6,measure,249,stride_4097,6144,1048576,315,1204112345976469646,1358547,11,11,15174724602427136869,15174724602427136869
10,P,20260918,2032,6,measure,250,stride_513,67108864,1048576,5712201,8390834722904291027,11485311,11,11,14774419548269873728,14774419548269873728
10,P,20260918,2033,6,measure,251,pair_same_line,100663296,1048576,12545287,297744809136019325,18655647,11,11,4118471022257809235,4118471022257809235
10,P,20260918,2034,6,measure,252,stride_513,201326592,1048576,23073683,12262352247936177775,14173340,11,11,5388317645714913596,5388317645714913596
10,P,20260918,2035,6,measure,253,stride_1_double,33554432,2097152,1469891,8133947652388542738,4827271,11,11,5480334387599389551,5480334387599389551
10,P,20260918,2036,6,measure,254,pair_same_line,50331648,1048576,688153,14231131821148749813,18387130,11,11,188320038063566756,188320038063566756
10,P,20260918,2037,6,measure,255,stride_1_bis,2097152,1048576,136480,8732648405196892294,2731451,11,11,14577075130308765988,14577075130308765988
10,P,20260918,2038,6,measure,256,stride_1_double,12582912,2097152,487424,14453785135856853219,4872498,11,11,7252425343378129988,7252425343378129988
10,P,20260918,2039,6,measure,257,stride_1_bis,16777216,1048576,420473,11108288587549473020,2284985,11,11,5553699620752901488,5553699620752901488
10,P,20260918,2040,6,measure,258,stride_1_bis,8192,1048576,126,4987908388382012296,1690022,11,11,116592947459441664,116592947459441664
10,P,20260918,2041,6,measure,259,stride_1,12582912,1048576,1474316,7262858188368868106,2112682,11,11,2183429701605487481,2183429701605487481
10,P,20260918,2042,6,measure,260,stride_1,12288,1048576,209,10172346811905397062,1684351,11,11,16432196876122531337,16432196876122531337
10,P,20260918,2043,6,measure,261,stride_1_bis,134217728,1048576,3465708,8354555889458094610,2282001,11,11,4523749166351803312,4523749166351803312
10,P,20260918,2044,6,measure,262,pair_split_line,4194304,1048576,73579,4841802431442495045,5032035,11,11,17659964980048395572,17659964980048395572
10,P,20260918,2045,6,measure,263,stride_1,6144,1048576,722,10270171368018100357,1414258,11,11,5548314488101665620,5548314488101665620
10,P,20260918,2046,6,measure,264,stride_1,33554432,1048576,252958,7403606728972244909,1709123,11,11,9218887965034902837,9218887965034902837
10,P,20260918,2047,6,measure,265,stride_17,4096,1048576,311,4988629876863931023,1356160,11,11,8154595385843253248,8154595385843253248
10,P,20260918,2048,6,measure,266,pair_same_line,196608,1048576,7748,15600976059084102578,1813203,11,11,4618103116024403013,4618103116024403013
10,P,20260918,2049,6,measure,267,pair_split_line,50331648,1048576,2505347,2225956162194533526,16567869,11,11,14851223537251776372,14851223537251776372
10,P,20260918,2050,6,measure,268,random,6144,1048576,3,4213027772796533051,1213579,11,11,17515037869365009894,17515037869365009894
10,P,20260918,2051,6,measure,269,pair_split_line,12582912,1048576,45093,8301984531389252622,10598601,11,11,15406001316791906672,15406001316791906672
10,P,20260918,2052,6,measure,270,stride_1_bis,262144,1048576,10736,11381018106602001712,1397370,11,11,3252759155835688704,3252759155835688704
10,P,20260918,2053,6,measure,271,stride_1_bis,32768,1048576,572,5639967885511883139,1595593,11,11,10598541984122395648,10598541984122395648
10,P,20260918,2054,6,measure,272,stride_513,16777216,1048576,1440251,1089388476153637735,6325892,11,11,5008379428019903653,5008379428019903653
10,P,20260918,2055,6,measure,273,random,1572864,1048576,3671,12344143448828164684,1723267,11,11,14702397214959909461,14702397214959909461
10,P,20260918,2056,6,measure,274,stride_4097,65536,1048576,4453,11641924204465945740,1438499,11,11,16423878549329276288,16423878549329276288
10,P,20260918,2057,6,measure,275,pair_split_line,786432,1048576,95098,6232070055947280756,2545326,11,11,7885264766331036643,7885264766331036643
10,P,20260918,2058,6,measure,276,stride_1_double,8192,2097152,843,12197972465632344301,2845496,11,11,233185894918883328,233185894918883328
10,P,20260918,2059,6,measure,277,pair_split_line,16777216,1048576,347074,7586659708502076625,10649842,11,11,17343367936838514548,17343367936838514548
10,P,20260918,2060,6,measure,278,stride_1,393216,1048576,3829,8303329535902338435,1373017,11,11,698475251637318283,698475251637318283
10,P,20260918,2061,6,measure,279,stride_17,25165824,1048576,1005746,17834844475962206567,6010641,11,11,9317415379153412394,9317415379153412394
10,P,20260918,2062,6,measure,280,random,32768,1048576,1600,1279929040447392260,1094059,11,11,9889958426592017526,9889958426592017526
10,P,20260918,2063,6,measure,281,stride_1_double,100663296,2097152,4403412,3969659460761983181,4504119,11,11,7276881272154563250,7276881272154563250
10,P,20260918,2064,6,measure,282,pair_split_line,268435456,1048576,8911801,17019613042805985956,22957041,11,11,3942185092712740325,3942185092712740325
10,P,20260918,2065,6,measure,283,pair_same_line,24576,1048576,2068,9071326858111486703,1789585,11,11,10791244223624015739,10791244223624015739
10,P,20260918,2066,6,measure,284,stride_1_double,393216,2097152,26762,5032329419963628808,2879168,11,11,1860931201905288611,1860931201905288611
10,P,20260918,2067,6,measure,285,stride_4097,50331648,1048576,5795259,14899516632084769532,8684010,11,11,17148769757286875326,17148769757286875326
10,P,20260918,2068,6,measure,286,stride_17,8192,1048576,463,15438813183224648770,1559394,11,11,116592947459441664,116592947459441664
10,P,20260918,2069,6,measure,287,random,50331648,1048576,2475693,3721022772316530946,14735929,11,11,10226354892741979291,10226354892741979291
10,P,20260918,2070,6,measure,288,pair_split_line,3145728,1048576,364529,4801445472359819016,5894429,11,11,13764671706493860776,13764671706493860776
10,P,20260918,2071,6,measure,289,stride_17,2097152,1048576,204738,12767686888223994138,1864856,11,11,14577075130308765988,14577075130308765988
10,P,20260918,2072,6,measure,290,random,6291456,1048576,125528,17325908895166165965,5423577,11,11,9981802680996673483,9981802680996673483
10,P,20260918,2073,6,measure,291,pair_same_line,33554432,1048576,1806091,6787889159330845525,16000462,11,11,6473428726602904106,6473428726602904106
10,P,20260918,2074,6,measure,292,pair_split_line,6144,1048576,695,1301306036857976516,2623870,11,11,15483372147354143161,15483372147354143161
10,P,20260918,2075,6,measure,293,stride_1_double,196608,2097152,21959,6813889478104196958,3570101,11,11,8960393181079766468,8960393181079766468
10,P,20260918,2076,6,measure,294,stride_1,134217728,1048576,13547269,18334019349733198653,2074375,11,11,16226755521312684142,16226755521312684142
10,P,20260918,2077,6,measure,295,random,12582912,1048576,428755,9367057790141220718,10031955,11,11,2458752918754995574,2458752918754995574
10,P,20260918,2078,6,measure,296,stride_4097,134217728,1048576,8345923,13253142457726668972,8044813,11,11,6072659360684582887,6072659360684582887
10,P,20260918,2079,7,measure,0,pair_split_line,3145728,1048576,386221,17779284466215213238,5773373,11,11,4785539901874624191,4785539901874624191
10,P,20260918,2080,7,measure,1,stride_1,4194304,1048576,167521,14582689924619942969,1871338,11,11,12406089252390561320,12406089252390561320
10,P,20260918,2081,7,measure,2,stride_513,65536,1048576,6461,8814966562030457536,1773455,11,11,16423878549329276288,16423878549329276288
10,P,20260918,2082,7,measure,3,stride_1,50331648,1048576,2181368,1463355052400700277,2057467,11,11,14890649145028634899,14890649145028634899
10,P,20260918,2083,7,measure,4,stride_17,33554432,1048576,361109,17612368237355537634,8960812,11,11,12249937868808438056,12249937868808438056
10,P,20260918,2084,7,measure,5,stride_17,12288,1048576,1050,6444285552331739629,1750541,11,11,12099087587235983066,12099087587235983066
10,P,20260918,2085,7,measure,6,stride_1_bis,49152,1048576,2860,16166801434415836710,1704193,11,11,8875908870804938544,8875908870804938544
10,P,20260918,2086,7,measure,7,stride_1,98304,1048576,8902,5677723919217116570,1608356,11,11,10885048919606523224,10885048919606523224
10,P,20260918,2087,7,measure,8,pair_same_line,196608,1048576,11184,6336007818237693260,2753873,11,11,11919698807713311521,11919698807713311521
10,P,20260918,2088,7,measure,9,pair_split_line,12582912,1048576,387649,4950902940757339494,10696051,11,11,6784385788388334931,6784385788388334931
10,P,20260918,2089,7,measure,10,stride_1_bis,100663296,1048576,4339927,2431257581125161652,2229216,11,11,16419505648383663826,16419505648383663826
10,P,20260918,2090,7,measure,11,stride_1_bis,12288,1048576,214,8966474415001109330,1353328,11,11,15607006327336496177,15607006327336496177
10,P,20260918,2091,7,measure,12,stride_4097,3145728,1048576,261993,17928367214433626145,1798801,11,11,335439998063522531,335439998063522531
10,P,20260918,2092,7,measure,13,random,98304,1048576,10610,9673615350948252930,1129518,11,11,1393680342502283227,1393680342502283227
10,P,20260918,2093,7,measure,14,stride_1_bis,134217728,1048576,13567539,3199967242123000049,2213483,11,11,16660901261007425887,16660901261007425887
10,P,20260918,2094,7,measure,15,stride_513,24576,1048576,1627,13679826800545608453,1363463,11,11,1712612578793322496,1712612578793322496
10,P,20260918,2095,7,measure,16,random,12582912,1048576,840471,11245080239256872843,8391841,11,11,11754266527516562577,11754266527516562577
10,P,20260918,2096,7,measure,17,stride_1_bis,67108864,1048576,259598,16757788693210181925,1718197,11,11,12238925573432856545,12238925573432856545
10,P,20260918,2097,7,measure,18,pair_split_line,16777216,1048576,1238278,3425598094184869171,10195277,11,11,11214430706194307130,11214430706194307130
10,P,20260918,2098,7,measure,19,pair_same_line,100663296,1048576,6069663,7968299086656640944,17109001,11,11,9577097595110527243,9577097595110527243
10,P,20260918,2099,7,measure,20,stride_17,1572864,1048576,21889,8533104230520726441,1777649,11,11,10621716029743071975,10621716029743071975
10,P,20260918,2100,7,measure,21,stride_17,49152,1048576,1403,11940089839064434744,1472584,11,11,3668945596351443936,3668945596351443936
10,P,20260918,2101,7,measure,22,stride_17,786432,1048576,86931,10958528193552999680,1460004,11,11,16302045534920902488,16302045534920902488
10,P,20260918,2102,7,measure,23,stride_17,6144,1048576,291,415467886231035479,1362122,11,11,14137313268750703118,14137313268750703118
10,P,20260918,2103,7,measure,24,random,25165824,1048576,129667,7336998872070284462,12037486,11,11,6617639637148696186,6617639637148696186
10,P,20260918,2104,7,measure,25,stride_17,12582912,1048576,1235138,4258489297970378337,4723017,11,11,15361648547419537950,15361648547419537950
10,P,20260918,2105,7,measure,26,stride_4097,196608,1048576,3682,729957123991078376,1584160,11,11,7595750060354649945,7595750060354649945
10,P,20260918,2106,7,measure,27,stride_1_bis,98304,1048576,8390,13914422304622623245,1473129,11,11,12962861329803314849,12962861329803314849
10,P,20260918,2107,7,measure,28,random,201326592,1048576,9736279,17847327667235007260,17143548,11,11,15327367898844022914,15327367898844022914
10,P,20260918,2108,7,measure,29,random,6144,1048576,557,7605716211423668504,1491808,11,11,7091321045255391388,7091321045255391388
10,P,20260918,2109,7,measure,30,stride_17,8192,1048576,25,3274278515529043300,1782112,11,11,116592947459441664,116592947459441664
10,P,20260918,2110,7,measure,31,stride_4097,262144,1048576,13988,6582448941656203616,1747821,11,11,3252759155835688704,3252759155835688704
10,P,20260918,2111,7,measure,32,pair_same_line,98304,1048576,12206,11814804568669279914,2155153,11,11,14852463382496925112,14852463382496925112
10,P,20260918,2112,7,measure,33,stride_4097,8388608,1048576,945305,5085639264975235625,3458645,11,11,18303280461608560459,18303280461608560459
10,P,20260918,2113,7,measure,34,random,50331648,1048576,5698064,10893683411371940222,14661451,11,11,4177810057739759252,4177810057739759252
10,P,20260918,2114,7,measure,35,random,100663296,1048576,1072420,10588247788105014339,17243168,11,11,8121426440848573660,8121426440848573660
10,P,20260918,2115,7,measure,36,pair_split_line,32768,1048576,1306,17274961258618950256,3137344,11,11,18383988674948136588,18383988674948136588
10,P,20260918,2116,7,measure,37,stride_1_bis,268435456,1048576,9576850,4825605945190283557,2141808,11,11,4987476915699423675,4987476915699423675
10,P,20260918,2117,7,measure,38,random,3145728,1048576,219902,9780422670681476818,3328120,11,11,4407061409268937359,4407061409268937359
10,P,20260918,2118,7,measure,39,stride_1_bis,65536,1048576,7139,8217323001294188455,1739402,11,11,16423878549329276288,16423878549329276288
10,P,20260918,2119,7,measure,40,stride_1,6144,1048576,406,3226750960387936885,1696340,11,11,9882084841149707945,9882084841149707945
10,P,20260918,2120,7,measure,41,random,1572864,1048576,148763,5622239363460835666,1617318,11,11,1816695885435592607,1816695885435592607
10,P,20260918,2121,7,measure,42,pair_split_line,67108864,1048576,1667616,3889807702553079858,20846355,11,11,7217850468492950277,7217850468492950277
10,P,20260918,2122,7,measure,43,stride_4097,786432,1048576,39242,7802945045633159806,2287702,11,11,11045202741268291618,11045202741268291618
10,P,20260918,2123,7,measure,44,stride_17,16777216,1048576,972936,8831011907953122878,6896163,11,11,5297534263577439704,5297534263577439704
10,P,20260918,2124,7,measure,45,stride_1,6291456,1048576,302181,11024267912642201073,2295408,11,11,2161135506780943651,2161135506780943651
10,P,20260918,2125,7,measure,46,stride_1_double,524288,2097152,15366,7458427340697633561,3542328,11,11,1677023885985199424,1677023885985199424
10,P,20260918,2126,7,measure,47,stride_1,524288,1048576,61408,12531675696392796483,1691981,11,11,10061883979847375520,10061883979847375520
10,P,20260918,2127,7,measure,48,pair_split_line,1572864,1048576,116431,12480901632017793894,3313649,11,11,1992822167715442820,1992822167715442820
10,P,20260918,2128,7,measure,49,stride_1_bis,524288,1048576,1161,15290117201946988183,1640666,11,11,10061883979847375520,10061883979847375520
10,P,20260918,2129,7,measure,50,stride_1,100663296,1048576,7177336,9915107044794294157,1906814,11,11,3922699170271324663,3922699170271324663
10,P,20260918,2130,7,measure,51,stride_17,8388608,1048576,1000802,2870430718645317872,3601293,11,11,18303280461608560459,18303280461608560459
10,P,20260918,2131,7,measure,52,random,4096,1048576,329,7296742764092062001,1152107,11,11,4733382251548871370,4733382251548871370
10,P,20260918,2132,7,measure,53,stride_1_double,134217728,2097152,13756422,15293281065996997815,4308494,11,11,14550721461200200644,14550721461200200644
10,P,20260918,2133,7,measure,54,pair_split_line,262144,1048576,19530,13276305568961124586,2327655,11,11,10377810274933731294,10377810274933731294
10,P,20260918,2134,7,measure,55,pair_same_line,1048576,1048576,30969,18036781102490290684,2065885,11,11,6068843780446731640,6068843780446731640
10,P,20260918,2135,7,measure,56,stride_1,12288,1048576,946,4968884746216703247,1387107,11,11,17978671291899146218,17978671291899146218
10,P,20260918,2136,7,measure,57,pair_same_line,50331648,1048576,5049890,18302013950820194754,15645489,11,11,10361235971799651767,10361235971799651767
10,P,20260918,2137,7,measure,58,stride_1_bis,3145728,1048576,90628,12778170235270378214,1954371,11,11,10335346564182047855,10335346564182047855
10,P,20260918,2138,7,measure,59,stride_4097,1572864,1048576,102347,7627177315368475403,1447675,11,11,2450500271963262411,2450500271963262411
10,P,20260918,2139,7,measure,60,stride_1,268435456,1048576,23248031,4986443348178253899,2118435,11,11,1818850754930715362,1818850754930715362
10,P,20260918,2140,7,measure,61,stride_513,2097152,1048576,85038,8427835958450596568,1812988,11,11,14577075130308765988,14577075130308765988
10,P,20260918,2141,7,measure,62,pair_same_line,8192,1048576,849,3286879909217418961,1628179,11,11,11911994331230050430,11911994331230050430
10,P,20260918,2142,7,measure,63,stride_513,67108864,1048576,4312640,1636877910732510631,10689438,11,11,6466129026025215723,6466129026025215723
10,P,20260918,2143,7,measure,64,stride_1,49152,1048576,3054,16421998280413142591,1356259,11,11,17472356914012255009,17472356914012255009
10,P,20260918,2144,7,measure,65,stride_4097,24576,1048576,2872,17654083268373111239,1353861,11,11,15867522274652127383,15867522274652127383
10,P,20260918,2145,7,measure,66,stride_1_double,24576,2097152,2350,17548785482235860279,2702633,11,11,14990237782556450795,14990237782556450795
10,P,20260918,2146,7,measure,67,random,24576,1048576,998,6663369059923030482,1092020,11,11,16926513684770426516,16926513684770426516
10,P,20260918,2147,7,measure,68,pair_same_line,12288,1048576,425,12743204800125200232,1630325,11,11,8895287385303316175,8895287385303316175
10,P,20260918,2148,7,measure,69,stride_4097,12582912,1048576,926152,3636270029494367289,6755595,11,11,58878792576743066,58878792576743066
10,P,20260918,2149,7,measure,70,stride_17,524288,1048576,59136,15833065992071552883,1393040,11,11,10061883979847375520,10061883979847375520
10,P,20260918,2150,7,measure,71,stride_1,196608,1048576,12546,14527153659842125289,1358676,11,11,1752904197447343742,1752904197447343742
10,P,20260918,2151,7,measure,72,random,134217728,1048576,1008219,4397109270963824365,16266832,11,11,16748976947941388421,16748976947941388421
10,P,20260918,2152,7,measure,73,stride_4097,98304,1048576,12075,11603224454921505182,1611968,11,11,7052726664721606797,7052726664721606797
10,P,20260918,2153,7,measure,74,stride_1_bis,16384,1048576,260,10866862727279514546,1469460,11,11,9548053087369131008,9548053087369131008
10,P,20260918,2154,7,measure,75,pair_split_line,100663296,1048576,1838197,15667284101560048834,25078939,11,11,9678280937169490040,9678280937169490040
10,P,20260918,2155,7,measure,76,stride_17,268435456,1048576,29533111,9605124350619843938,10061784,11,11,6204410895458258792,6204410895458258792
10,P,20260918,2156,7,measure,77,stride_1_bis,201326592,1048576,14882250,16505584699007395625,2672275,11,11,8595876786698214526,8595876786698214526
10,P,20260918,2157,7,measure,78,stride_1_bis,4096,1048576,320,10983964193912486345,1980409,11,11,8154595385843253248,8154595385843253248
10,P,20260918,2158,7,measure,79,pair_split_line,8388608,1048576,411558,3991061882619760332,9030968,11,11,3240021027453980187,3240021027453980187
10,P,20260918,2159,7,measure,80,stride_4097,33554432,1048576,246445,10003080858727255839,7482636,11,11,9141696136899328625,9141696136899328625
10,P,20260918,2160,7,measure,81,random,67108864,1048576,4137450,13550042074520397308,15644147,11,11,2713254506722628188,2713254506722628188
10,P,20260918,2161,7,measure,82,stride_513,16384,1048576,516,3147218396750130562,2129496,11,11,9548053087369131008,9548053087369131008
10,P,20260918,2162,7,measure,83,stride_1,1048576,1048576,88750,5085955077303117883,2085339,11,11,8797231230870489880,8797231230870489880
10,P,20260918,2163,7,measure,84,stride_1_double,8388608,2097152,881743,5609641186109172009,4959926,11,11,18159816849507569302,18159816849507569302
10,P,20260918,2164,7,measure,85,random,1048576,1048576,59895,6008805160217035866,1588638,11,11,13071977780065848115,13071977780065848115
10,P,20260918,2165,7,measure,86,stride_1_bis,16777216,1048576,1321007,15134437134857848702,2450291,11,11,1071630530633614085,1071630530633614085
10,P,20260918,2166,7,measure,87,random,16777216,1048576,1558472,4896327704085830581,10295265,11,11,13613299924102006002,13613299924102006002
10,P,20260918,2167,7,measure,88,stride_513,8192,1048576,582,1346295137760602357,1791024,11,11,116592947459441664,116592947459441664
10,P,20260918,2168,7,measure,89,stride_4097,393216,1048576,3241,11229471549648962730,1793364,11,11,6968674599214760575,6968674599214760575
10,P,20260918,2169,7,measure,90,stride_17,67108864,1048576,8016559,11206569363354384550,8874791,11,11,13257375400882673336,13257375400882673336
10,P,20260918,2170,7,measure,91,stride_513,12582912,1048576,577411,17743035308764211829,7136810,11,11,4963127596952158292,4963127596952158292
10,P,20260918,2171,7,measure,92,stride_17,16384,1048576,472,12853757607824305429,1887708,11,11,9548053087369131008,9548053087369131008
10,P,20260918,2172,7,measure,93,stride_513,3145728,1048576,352271,1997650991488253074,2294005,11,11,13978878534847391976,13978878534847391976
10,P,20260918,2173,7,measure,94,stride_17,196608,1048576,13013,5318608617400518829,1783437,11,11,8325950568314372976,8325950568314372976
10,P,20260918,2174,7,measure,95,pair_split_line,4096,1048576,86,5216244497417134541,2351476,11,11,16289413040464722408,16289413040464722408
10,P,20260918,2175,7,measure,96,stride_513,134217728,1048576,11825309,8511851071281035662,12781089,11,11,13132389860349409690,13132389860349409690
10,P,20260918,2176,7,measure,97,stride_17,393216,1048576,35679,11595346490680150148,1961103,11,11,17097744531692915781,17097744531692915781
10,P,20260918,2177,7,measure,98,stride_4097,12288,1048576,146,9285898153730421846,1858112,11,11,8884552095138863985,8884552095138863985
10,P,20260918,2178,7,measure,99,stride_1_double,786432,2097152,55838,9715108968910957897,3433143,11,11,4246832992783101743,4246832992783101743
10,P,20260918,2179,7,measure,100,random,524288,1048576,8565,13750416552185001994,1394771,11,11,413196866995071088,413196866995071088
10,P,20260918,2180,7,measure,101,stride_1,1572864,1048576,49454,4726484657838708439,1697651,11,11,1753656386241168011,1753656386241168011
10,P,20260918,2181,7,measure,102,pair_same_line,1572864,1048576,143349,4888350704432605905,2479257,11,11,10276980822185391823,10276980822185391823
10,P,20260918,2182,7,measure,103,stride_1_double,4096,2097152,179,16528247798550577378,2868281,11,11,16309190771686506496,16309190771686506496
10,P,20260918,2183,7,measure,104,random,33554432,1048576,2617110,7641561336806397931,13409054,11,11,2704218408482236294,2704218408482236294
10,P,20260918,2184,7,measure,105,stride_17,201326592,1048576,13635645,15397922331730266653,9541419,11,11,10714346293572218838,10714346293572218838
10,P,20260918,2185,7,measure,106,stride_4097,25165824,1048576,96562,15759018209426518989,8385325,11,11,13053542384165369092,13053542384165369092
10,P,20260918,2186,7,measure,107,stride_4097,50331648,1048576,1428321,16253459256381377366,8926641,11,11,7304565247480790168,7304565247480790168
10,P,20260918,2187,7,measure,108,stride_17,131072,1048576,188,16784858975638860195,2138547,11,11,16921412609114818048,16921412609114818048
10,P,20260918,2188,7,measure,109,stride_1,16777216,1048576,1316906,2981731551152394019,2512755,11,11,16319259270788146340,16319259270788146340
10,P,20260918,2189,7,measure,110,stride_17,24576,1048576,2878,17650374523472106582,1695434,11,11,10474409977219030174,10474409977219030174
10,P,20260918,2190,7,measure,111,pair_split_line,24576,1048576,1646,2171694506898340590,2364749,11,11,17758769436697063944,17758769436697063944
10,P,20260918,2191,7,measure,112,pair_split_line,2097152,1048576,158450,14743144938526541351,3603713,11,11,4865787927651993630,4865787927651993630
10,P,20260918,2192,7,measure,113,random,8192,1048576,966,5949140815189474514,1341013,11,11,1763835979821887406,1763835979821887406
10,P,20260918,2193,7,measure,114,stride_513,4194304,1048576,456431,16804543101608248073,2350985,11,11,12406089252390561320,12406089252390561320
10,P,20260918,2194,7,measure,115,stride_17,4194304,1048576,389483,11743502916884762105,3955117,11,11,12406089252390561320,12406089252390561320
10,P,20260918,2195,7,measure,116,random,4194304,1048576,359069,17590222954338411956,2064779,11,11,1087149691916502717,1087149691916502717
10,P,20260918,2196,7,measure,117,pair_same_line,786432,1048576,60319,18298829726981755929,2013268,11,11,1513188734132884078,1513188734132884078
10,P,20260918,2197,7,measure,118,stride_17,1048576,1048576,9428,13016515161736563482,1389648,11,11,8797231230870489880,8797231230870489880
10,P,20260918,2198,7,measure,119,stride_1_bis,262144,1048576,21010,3950207601532258747,1351455,11,11,3252759155835688704,3252759155835688704
10,P,20260918,2199,7,measure,120,stride_1_double,16777216,2097152,1840362,3488118932581365171,3848278,11,11,12841062978479921428,12841062978479921428
10,P,20260918,2200,7,measure,121,stride_4097,2097152,1048576,166524,12862054803557671031,1434284,11,11,14577075130308765988,14577075130308765988
10,P,20260918,2201,7,measure,122,stride_1_double,8192,2097152,399,6439816560047262664,3068993,11,11,233185894918883328,233185894918883328
10,P,20260918,2202,7,measure,123,pair_split_line,25165824,1048576,3083307,4836448497876926776,15114043,11,11,3015230225663295681,3015230225663295681
10,P,20260918,2203,7,measure,124,stride_17,2097152,1048576,186640,7174440806834745869,1593342,11,11,14577075130308765988,14577075130308765988
10,P,20260918,2204,7,measure,125,stride_513,98304,1048576,830,2825234011512141081,1411886,11,11,16959111087276692480,16959111087276692480
10,P,20260918,2205,7,measure,126,stride_1_double,6291456,2097152,554800,9402917288802826455,3146164,11,11,79062954239849830,79062954239849830
10,P,20260918,2206,7,measure,127,stride_513,50331648,1048576,1861800,15427144011213512669,10811983,11,11,15894647725164976222,15894647725164976222
10,P,20260918,2207,7,measure,128,stride_17,32768,1048576,2586,4709945927403379390,1362596,11,11,10598541984122395648,10598541984122395648
10,P,20260918,2208,7,measure,129,pair_same_line,131072,1048576,529,16073267639531983087,1787358,11,11,12917403900641367876,12917403900641367876
10,P,20260918,2209,7,measure,130,pair_split_line,196608,1048576,22704,17865797238136177859,2285646,11,11,6697539648243405415,6697539648243405415
10,P,20260918,2210,7,measure,131,stride_513,100663296,1048576,4680454,9783352983568625064,13126764,11,11,8990265814497501674,8990265814497501674
10,P,20260918,2211,7,measure,132,stride_1_bis,50331648,1048576,1217924,17271827312473545596,2220322,11,11,9198160119849923086,9198160119849923086
10,P,20260918,2212,7,measure,133,stride_4097,16777216,1048576,1005306,16455319836560670217,6852565,11,11,4719281856161500106,4719281856161500106
10,P,20260918,2213,7,measure,134,pair_split_line,134217728,1048576,5939544,13342924586733277205,26075125,11,11,9516232805568417634,9516232805568417634
10,P,20260918,2214,7,measure,135,stride_17,65536,1048576,97,8736462907295263116,2093695,11,11,16423878549329276288,16423878549329276288
10,P,20260918,2215,7,measure,136,pair_same_line,49152,1048576,4392,15773472635773996813,2184421,11,11,2547124101460892967,2547124101460892967
10,P,20260918,2216,7,measure,137,random,8388608,1048576,913560,9529542243161693421,10968946,11,11,4960760609480184274,4960760609480184274
10,P,20260918,2217,7,measure,138,stride_17,98304,1048576,9728,7214093130142541745,2091811,11,11,7583032426064682002,7583032426064682002
10,P,20260918,2218,7,measure,139,stride_17,4096,1048576,99,17127865797171864167,1826340,11,11,8154595385843253248,8154595385843253248
10,P,20260918,2219,7,measure,140,stride_1,65536,1048576,1309,9222005255243776749,1713696,11,11,16423878549329276288,16423878549329276288
10,P,20260918,2220,7,measure,141,stride_1,8192,1048576,799,8561703106193396465,1697738,11,11,116592947459441664,116592947459441664
10,P,20260918,2221,7,measure,142,pair_same_line,16777216,1048576,252594,14207332289179649677,13771234,11,11,6786812857921781112,6786812857921781112
10,P,20260918,2222,7,measure,143,pair_same_line,25165824,1048576,1686881,8030775231141287674,15005973,11,11,4801659929723925709,4801659929723925709
10,P,20260918,2223,7,measure,144,stride_513,6144,1048576,109,5532829120461812005,2338078,11,11,6657726286896836608,6657726286896836608
10,P,20260918,2224,7,measure,145,random,16384,1048576,1513,9613844839489995537,2094374,11,11,11490542490477883364,11490542490477883364
10,P,20260918,2225,7,measure,146,pair_same_line,3145728,1048576,300718,5677774011315680142,4914594,11,11,17015119231736622232,17015119231736622232
10,P,20260918,2226,7,measure,147,stride_1_bis,131072,1048576,1002,7149201748626566946,1768692,11,11,16921412609114818048,16921412609114818048
10,P,20260918,2227,7,measure,148,pair_same_line,6144,1048576,188,5029946107626113477,2031893,11,11,3438141059389677977,3438141059389677977
10,P,20260918,2228,7,measure,149,stride_513,1572864,1048576,45409,12938477038658244627,1813664,11,11,16747479167117318944,16747479167117318944
10,P,20260918,2229,7,measure,150,stride_1,24576,1048576,1220,12317839957045655226,1725843,11,11,1807132383137600825,1807132383137600825
10,P,20260918,2230,7,measure,151,pair_same_line,201326592,1048576,20038722,16655795779562131607,19816249,11,11,14705139187075636130,14705139187075636130
10,P,20260918,2231,7,measure,152,stride_1_double,262144,2097152,11640,16302537697684494819,3721419,11,11,6505518311671377408,6505518311671377408
10,P,20260918,2232,7,measure,153,stride_1_double,201326592,2097152,13322310,11106049345447715049,3845389,11,11,13806328666358332735,13806328666358332735
10,P,20260918,2233,7,measure,154,stride_513,8388608,1048576,962741,2906407608686909381,3486052,11,11,18303280461608560459,18303280461608560459
10,P,20260918,2234,7,measure,155,stride_1_bis,8192,1048576,601,5377165422242435861,1623029,11,11,116592947459441664,116592947459441664
10,P,20260918,2235,7,measure,156,pair_same_line,8388608,1048576,460030,4870416277397178262,4448819,11,11,496140978727877918,496140978727877918
10,P,20260918,2236,7,measure,157,stride_1,786432,1048576,24021,13399932836020668227,1491514,11,11,11542439828398367472,11542439828398367472
10,P,20260918,2237,7,measure,158,stride_1_bis,786432,1048576,13061,2166605658931622750,1471795,11,11,6955952511874123132,6955952511874123132
10,P,20260918,2238,7,measure,159,random,262144,1048576,19372,5650429976567266454,1241897,11,11,6551600026532064860,6551600026532064860
10,P,20260918,2239,7,measure,160,stride_4097,100663296,1048576,7745706,599492626841919820,9293292,11,11,14710379990490043990,14710379990490043990
10,P,20260918,2240,7,measure,161,stride_1_bis,32768,1048576,1256,13398487599576112203,1541314,11,11,10598541984122395648,10598541984122395648
10,P,20260918,2241,7,measure,162,stride_1_double,1048576,2097152,30502,845185692311991584,3056106,11,11,17594462461740979760,17594462461740979760
10,P,20260918,2242,7,measure,163,stride_513,25165824,1048576,896731,4931957788889290675,11494150,11,11,3223166402984098452,3223166402984098452
10,P,20260918,2243,7,measure,164,pair_same_line,6291456,1048576,288937,18194548224511429090,9752759,11,11,2272052401988091063,2272052401988091063
10,P,20260918,2244,7,measure,165,stride_1_double,25165824,2097152,2676765,3312557356296145110,3711691,11,11,14378698911397480036,14378698911397480036
10,P,20260918,2245,7,measure,166,stride_1,32768,1048576,2288,5294796174551308864,1632660,11,11,10598541984122395648,10598541984122395648
10,P,20260918,2246,7,measure,167,pair_split_line,4194304,1048576,463287,5439997912768987870,4721916,11,11,7163658767151078719,7163658767151078719
10,P,20260918,2247,7,measure,168,stride_1,3145728,1048576,345313,8697427645207855533,1444233,11,11,17877813713433515026,17877813713433515026
10,P,20260918,2248,7,measure,169,stride_513,196608,1048576,411,9960725421846681291,1468225,11,11,11662605144128544768,11662605144128544768
10,P,20260918,2249,7,measure,170,stride_1_bis,24576,1048576,2114,5493520994190667252,1354289,11,11,9340795162234841551,9340795162234841551
10,P,20260918,2250,7,measure,171,stride_1_double,49152,2097152,3865,13615457854531450232,2703805,11,11,1568610024694313688,1568610024694313688
10,P,20260918,2251,7,measure,172,stride_4097,1048576,1048576,106183,7394106682551711215,1437775,11,11,8797231230870489880,8797231230870489880
10,P,20260918,2252,7,measure,173,pair_same_line,4096,1048576,243,5301220889845317052,1642965,11,11,7823965762749219109,7823965762749219109
10,P,20260918,2253,7,measure,174,pair_same_line,268435456,1048576,8406049,153635638265740802,19293427,11,11,6985298230716806643,6985298230716806643
10,P,20260918,2254,7,measure,175,pair_split_line,65536,1048576,5696,8951441977105101214,2198079,11,11,6876415357869864454,6876415357869864454
10,P,20260918,2255,7,measure,176,stride_17,50331648,1048576,3571368,15021224527165146532,8610773,11,11,1175286224134391062,1175286224134391062
10,P,20260918,2256,7,measure,177,pair_split_line,49152,1048576,972,11400253659610622175,2255007,11,11,10303381337907488694,10303381337907488694
10,P,20260918,2257,7,measure,178,stride_1_double,50331648,2097152,3348531,12644869375450343608,4058565,11,11,11907423007014458614,11907423007014458614
10,P,20260918,2258,7,measure,179,pair_split_line,268435456,1048576,13153403,6076597166105161917,27533290,11,11,17706500906793951001,17706500906793951001
10,P,20260918,2259,7,measure,180,pair_split_line,786432,1048576,69347,13137394952609344896,3860298,11,11,2247699362520815155,2247699362520815155
10,P,20260918,2260,7,measure,181,stride_1,8388608,1048576,842137,1934952327395380842,2034429,11,11,18303280461608560459,18303280461608560459
10,P,20260918,2261,7,measure,182,stride_1_double,4194304,2097152,290526,14893965700457289647,3712346,11,11,6365434431071571024,6365434431071571024
10,P,20260918,2262,7,measure,183,stride_1_double,33554432,2097152,1791606,12333074864656500314,4498422,11,11,10997007021931253707,10997007021931253707
10,P,20260918,2263,7,measure,184,pair_split_line,201326592,1048576,21072960,15520934436801025781,27399935,11,11,7243925385272769208,7243925385272769208
10,P,20260918,2264,7,measure,185,random,32768,1048576,496,1254655952534957455,1789303,11,11,6456978056474444659,6456978056474444659
10,P,20260918,2265,7,measure,186,stride_1_double,16384,2097152,1052,14754650941955498669,3682466,11,11,649362101028710400,649362101028710400
10,P,20260918,2266,7,measure,187,pair_split_line,50331648,1048576,5537420,4276148777997341271,22582386,11,11,17870313543561954949,17870313543561954949
10,P,20260918,2267,7,measure,188,stride_1_double,67108864,2097152,3498522,13748647692063321453,5313909,11,11,8019259229893923666,8019259229893923666
10,P,20260918,2268,7,measure,189,stride_1_double,393216,2097152,11577,9014355502564870475,3632233,11,11,3062118545975431358,3062118545975431358
10,P,20260918,2269,7,measure,190,stride_4097,131072,1048576,4167,8947767343398982348,1837990,11,11,16921412609114818048,16921412609114818048
10,P,20260918,2270,7,measure,191,stride_17,100663296,1048576,4654001,6041216186041699036,9591114,11,11,11143283763194370065,11143283763194370065
10,P,20260918,2271,7,measure,192,stride_1_bis,8388608,1048576,238808,2697463129726746619,2349582,11,11,18303280461608560459,18303280461608560459
10,P,20260918,2272,7,measure,193,pair_split_line,393216,1048576,20414,3974298750775498041,3132920,11,11,17909496898303600126,17909496898303600126
10,P,20260918,2273,7,measure,194,random,2097152,1048576,260540,9705949113312625997,2197054,11,11,8576186232633809811,8576186232633809811
10,P,20260918,2274,7,measure,195,pair_same_line,33554432,1048576,949165,5141276748095724947,16331075,11,11,15167026014025192428,15167026014025192428
10,P,20260918,2275,7,measure,196,stride_4097,65536,1048576,4755,17573559996179040484,2081511,11,11,16423878549329276288,16423878549329276288
10,P,20260918,2276,7,measure,197,stride_4097,49152,1048576,5052,9121543128677215718,1836376,11,11,16800209054780321861,16800209054780321861
10,P,20260918,2277,7,measure,198,stride_1_bis,2097152,1048576,259992,12004043088389879015,1764428,11,11,14577075130308765988,14577075130308765988
10,P,20260918,2278,7,measure,199,stride_513,524288,1048576,53143,2007786122060877215,1836594,11,11,10061883979847375520,10061883979847375520
10,P,20260918,2279,7,measure,200,stride_1,131072,1048576,3480,5270082131105048614,1659263,11,11,16921412609114818048,16921412609114818048
10,P,20260918,2280,7,measure,201,stride_1_bis,393216,1048576,34484,2827089961880506428,1622939,11,11,15299339147767986152,15299339147767986152
10,P,20260918,2281,7,measure,202,stride_1,262144,1048576,6894,12965725448107146145,1539043,11,11,3252759155835688704,3252759155835688704
10,P,20260918,2282,7,measure,203,stride_1_bis,33554432,1048576,2710890,18140680425611208556,2158880,11,11,579977929039507176,579977929039507176
10,P,20260918,2283,7,measure,204,stride_513,131072,1048576,5861,4089159375947320570,1490100,11,11,16921412609114818048,16921412609114818048
10,P,20260918,2284,7,measure,205,stride_513,16777216,1048576,270395,17422242990566029906,8485929,11,11,4312670858152201553,4312670858152201553
10,P,20260918,2285,7,measure,206,stride_1,33554432,1048576,425231,700135802819396195,2211975,11,11,2782710083580982823,2782710083580982823
10,P,20260918,2286,7,measure,207,stride_17,134217728,1048576,5657872,4616074308305594925,8877971,11,11,17238126880367704117,17238126880367704117
10,P,20260918,2287,7,measure,208,random,786432,1048576,48173,11123107329141733945,1565721,11,11,15754265165692243820,15754265165692243820
10,P,20260918,2288,7,measure,209,stride_1,201326592,1048576,8662055,11944189032608406687,1775412,11,11,5750434957175598043,5750434957175598043
10,P,20260918,2289,7,measure,210,stride_1_double,131072,2097152,9958,438411987412687931,3016501,11,11,15396081144520084480,15396081144520084480
10,P,20260918,2290,7,measure,211,stride_1_double,32768,2097152,3074,6861054339147751449,2809340,11,11,2750339894535239680,2750339894535239680
10,P,20260918,2291,7,measure,212,stride_1_double,100663296,2097152,11555576,12920756044063798975,3996456,11,11,9071710221769776730,9071710221769776730
10,P,20260918,2292,7,measure,213,stride_513,262144,1048576,5770,8308759318609753095,1439154,11,11,3252759155835688704,3252759155835688704
10,P,20260918,2293,7,measure,214,stride_1_bis,12582912,1048576,1026182,16070657236068029914,2180887,11,11,7796337896267321121,7796337896267321121
10,P,20260918,2294,7,measure,215,stride_4097,6291456,1048576,707446,14194177479946908892,2633125,11,11,16586765943609231370,16586765943609231370
10,P,20260918,2295,7,measure,216,pair_same_line,4194304,1048576,221161,12043322578846842889,2905463,11,11,8915901226947394701,8915901226947394701
10,P,20260918,2296,7,measure,217,stride_4097,4096,1048576,32,2256635713271374194,1386907,11,11,8154595385843253248,8154595385843253248
10,P,20260918,2297,7,measure,218,pair_same_line,67108864,1048576,8263214,10770858766279635196,16950058,11,11,16490654587063581942,16490654587063581942
10,P,20260918,2298,7,measure,219,stride_4097,16384,1048576,1008,1308565302677489960,1370936,11,11,9548053087369131008,9548053087369131008
10,P,20260918,2299,7,measure,220,stride_1_double,3145728,2097152,173466,8211785014018690656,3023776,11,11,10245637484860494808,10245637484860494808
10,P,20260918,2300,7,measure,221,stride_1_double,2097152,2097152,233116,15701481659470139344,2722191,11,11,10707406186907980360,10707406186907980360
10,P,20260918,2301,7,measure,222,stride_513,49152,1048576,2768,518206780033740577,1394942,11,11,1303108010804061184,1303108010804061184
10,P,20260918,2302,7,measure,223,random,49152,1048576,5025,17882873510653252172,1092767,11,11,14750402563990778462,14750402563990778462
10,P,20260918,2303,7,measure,224,pair_split_line,6144,1048576,260,4640687914280822039,2924606,11,11,10325169957730351167,10325169957730351167
10,P,20260918,2304,7,measure,225,stride_1,16384,1048576,54,17335458092849849426,1413613,11,11,9548053087369131008,9548053087369131008
10,P,20260918,2305,7,measure,226,stride_1,67108864,1048576,6058465,17897604066817826154,1921382,11,11,10343757892375831408,10343757892375831408
10,P,20260918,2306,7,measure,227,stride_513,6291456,1048576,495113,14245072901278213151,2449186,11,11,8960868997562969188,8960868997562969188
10,P,20260918,2307,7,measure,228,random,268435456,1048576,26619048,9459529539465933633,17086142,11,11,16419273050227105030,16419273050227105030
10,P,20260918,2308,7,measure,229,stride_1,2097152,1048576,115494,8012514358545799179,1769863,11,11,14577075130308765988,14577075130308765988
10,P,20260918,2309,7,measure,230,stride_1,134217728,1048576,7990082,18413487604786658914,1818864,11,11,1761526188069610685,1761526188069610685
10,P,20260918,2310,7,measure,231,pair_same_line,32768,1048576,4011,6817104395978703567,1635350,11,11,11248978017695778580,11248978017695778580
10,P,20260918,2311,7,measure,232,stride_1_bis,6144,1048576,683,10607476176084714085,1382761,11,11,150722247878128747,150722247878128747
10,P,20260918,2312,7,measure,233,stride_1_double,268435456,2097152,8743235,11512319216260199979,4164596,11,11,14804426504969173677,14804426504969173677
10,P,20260918,2313,7,measure,234,stride_4097,32768,1048576,3270,1582795481196890678,1391768,11,11,10598541984122395648,10598541984122395648
10,P,20260918,2314,7,measure,235,pair_same_line,12582912,1048576,526518,17622855385148490189,12398929,11,11,2617727317794453868,2617727317794453868
10,P,20260918,2315,7,measure,236,random,12288,1048576,1383,10862498106245352446,1102210,11,11,2356448735353546063,2356448735353546063
10,P,20260918,2316,7,measure,237,stride_1_double,12582912,2097152,1469018,11339827924550276165,3658487,11,11,18228037890610094601,18228037890610094601
10,P,20260918,2317,7,measure,238,pair_split_line,16384,1048576,1727,8811646939729627672,1890190,11,11,16681594784628736991,16681594784628736991
10,P,20260918,2318,7,measure,239,pair_same_line,262144,1048576,19219,9883158601726932190,1825040,11,11,15850702171003363425,15850702171003363425
10,P,20260918,2319,7,measure,240,stride_1_bis,196608,1048576,20818,8710301449108029500,1384928,11,11,14653486657507010746,14653486657507010746
10,P,20260918,2320,7,measure,241,stride_17,6291456,1048576,774819,6378727337662087233,3286194,11,11,2901861993547347213,2901861993547347213
10,P,20260918,2321,7,measure,242,stride_4097,268435456,1048576,2565625,3768082602691909507,7620234,11,11,6232573249992518190,6232573249992518190
10,P,20260918,2322,7,measure,243,pair_split_line,131072,1048576,11298,2700911615555742260,2229707,11,11,6727286309612204441,6727286309612204441
10,P,20260918,2323,7,measure,244,stride_17,3145728,1048576,196511,14722729256597502156,2641013,11,11,12955025582464521130,12955025582464521130
10,P,20260918,2324,7,measure,245,random,6291456,1048576,708819,3899448933507798038,5055424,11,11,2520568212353428607,2520568212353428607
10,P,20260918,2325,7,measure,246,random,65536,1048576,6674,12310139775581452938,1126874,11,11,2328787914909918687,2328787914909918687
10,P,20260918,2326,7,measure,247,stride_1_double,6144,2097152,126,4819587273115779044,2710136,11,11,8156050364517498592,8156050364517498592
10,P,20260918,2327,7,measure,248,stride_513,33554432,1048576,2624313,5909746076068061755,10817303,11,11,4240018614020210717,4240018614020210717
10,P,20260918,2328,7,measure,249,stride_1_bis,1572864,1048576,39368,4650556501659613941,1557405,11,11,17185999297421740278,17185999297421740278
10,P,20260918,2329,7,measure,250,stride_4097,4194304,1048576,267143,15272438752766776130,2289133,11,11,12406089252390561320,12406089252390561320
10,P,20260918,2330,7,measure,251,pair_same_line,393216,1048576,44988,3787923293373594083,1836665,11,11,3499449620956231146,3499449620956231146
10,P,20260918,2331,7,measure,252,stride_1_double,196608,2097152,9369,2392956103104702361,2798391,11,11,10908259748726188546,10908259748726188546
10,P,20260918,2332,7,measure,253,stride_1_double,98304,2097152,11173,9678012904112061084,2790904,11,11,18012562218812572372,18012562218812572372
10,P,20260918,2333,7,measure,254,pair_same_line,24576,1048576,2387,12250961091910388119,1628504,11,11,11604311671649169826,11604311671649169826
10,P,20260918,2334,7,measure,255,pair_split_line,98304,1048576,8181,12353608968224437259,2152894,11,11,15158522746336832360,15158522746336832360
10,P,20260918,2335,7,measure,256,pair_split_line,33554432,1048576,645718,3117856128846167754,17222835,11,11,17582038622110433013,17582038622110433013
10,P,20260918,2336,7,measure,257,stride_1_bis,6291456,1048576,453398,3323611397151270641,2220143,11,11,17138168655583075975,17138168655583075975
10,P,20260918,2337,7,measure,258,pair_same_line,16384,1048576,1859,2759232421407351910,1709301,11,11,8272334269720759946,8272334269720759946
10,P,20260918,2338,7,measure,259,stride_1,393216,1048576,4684,207487714657114051,1463321,11,11,16642369816455193582,16642369816455193582
10,P,20260918,2339,7,measure,260,stride_1,4096,1048576,84,15520008817688901875,1386343,11,11,8154595385843253248,8154595385843253248
10,P,20260918,2340,7,measure,261,stride_17,25165824,1048576,3109797,15197775989951577021,6701616,11,11,2938775947392143509,2938775947392143509
10,P,20260918,2341,7,measure,262,pair_split_line,8192,1048576,737,3983139789644243987,1891599,11,11,9955878549160506260,9955878549160506260
10,P,20260918,2342,7,measure,263,stride_4097,201326592,1048576,6878549,11555699429873054986,8883725,11,11,17500719316680733630,17500719316680733630
10,P,20260918,2343,7,measure,264,pair_same_line,134217728,1048576,7656713,17058948589444853636,17879766,11,11,5827224762905274021,5827224762905274021
10,P,20260918,2344,7,measure,265,stride_1,12582912,1048576,220338,18308540138722348463,2333019,11,11,8183404764495833121,8183404764495833121
10,P,20260918,2345,7,measure,266,stride_513,268435456,1048576,18102294,9636191168408386979,12792775,11,11,5403585629285380258,5403585629285380258
10,P,20260918,2346,7,measure,267,stride_1_bis,4194304,1048576,406876,11356788478908482311,2301744,11,11,12406089252390561320,12406089252390561320
10,P,20260918,2347,7,measure,268,stride_1_bis,1048576,1048576,38084,741784813063721174,1654427,11,11,8797231230870489880,8797231230870489880
10,P,20260918,2348,7,measure,269,stride_4097,524288,1048576,28931,18107929023151710873,1666176,11,11,10061883979847375520,10061883979847375520
10,P,20260918,2349,7,measure,270,pair_split_line,6291456,1048576,281086,9688684374641613614,7349774,11,11,17850686742383830823,17850686742383830823
10,P,20260918,2350,7,measure,271,stride_513,32768,1048576,2161,14600154683227307311,1401219,11,11,10598541984122395648,10598541984122395648
10,P,20260918,2351,7,measure,272,pair_split_line,524288,1048576,12039,1096184716205432954,2470629,11,11,4482538063232718762,4482538063232718762
10,P,20260918,2352,7,measure,273,stride_17,262144,1048576,27307,4688150562731950055,1367065,11,11,3252759155835688704,3252759155835688704
10,P,20260918,2353,7,measure,274,stride_1_double,12288,2097152,545,16996472616441782602,2706960,11,11,1254653497967899189,1254653497967899189
10,P,20260918,2354,7,measure,275,stride_513,393216,1048576,40608,11557975520317401093,1423958,11,11,9218483334806453440,9218483334806453440
10,P,20260918,2355,7,measure,276,pair_same_line,524288,1048576,31676,17344067130447175892,1906061,11,11,16209111619425880175,16209111619425880175
10,P,20260918,2356,7,measure,277,random,393216,1048576,10942,11212214985646126672,1139894,11,11,3087144681979983277,3087144681979983277
10,P,20260918,2357,7,measure,278,stride_4097,67108864,1048576,6905987,5661826458351067047,6869645,11,11,11818920729698322012,11818920729698322012
10,P,20260918,2358,7,measure,279,stride_513,12288,1048576,1317,14377978656451612697,1357763,11,11,5992043729455024128,5992043729455024128
10,P,20260918,2359,7,measure,280,pair_split_line,1048576,1048576,9929,6472036094822016846,2649220,11,11,12354133152848437315,12354133152848437315
10,P,20260918,2360,7,measure,281,pair_split_line,12288,1048576,527,15576170815929573287,1883794,11,11,9958628406151510032,9958628406151510032
10,P,20260918,2361,7,measure,282,stride_513,1048576,1048576,27285,16621378528981521785,1497926,11,11,8797231230870489880,8797231230870489880
10,P,20260918,2362,7,measure,283,stride_513,786432,1048576,69267,10873263895688271818,1491665,11,11,18197965301733415104,18197965301733415104
10,P,20260918,2363,7,measure,284,random,196608,1048576,20213,5753501685439685133,1167602,11,11,17384675061865167892,17384675061865167892
10,P,20260918,2364,7,measure,285,stride_4097,8192,1048576,649,1476110192820766958,1407815,11,11,116592947459441664,116592947459441664
10,P,20260918,2365,7,measure,286,stride_1,25165824,1048576,2893869,15650150752517635903,2099651,11,11,7570956522519698694,7570956522519698694
10,P,20260918,2366,7,measure,287,stride_1_double,65536,2097152,4067,17461268673223858215,2833636,11,11,14401013024949000960,14401013024949000960
10,P,20260918,2367,7,measure,288,pair_same_line,2097152,1048576,184047,10339706840806436875,2754446,11,11,5835653390862070835,5835653390862070835
10,P,20260918,2368,7,measure,289,stride_513,4096,1048576,20,13705519844705154225,1380809,11,11,8154595385843253248,8154595385843253248
10,P,20260918,2369,7,measure,290,stride_4097,6144,1048576,627,9555759792573281423,1404778,11,11,17274916868370483242,17274916868370483242
10,P,20260918,2370,7,measure,291,random,131072,1048576,13902,2024305477426323934,1152771,11,11,15472444612000795782,15472444612000795782
10,P,20260918,2371,7,measure,292,pair_same_line,65536,1048576,3552,15161109178801712097,1711034,11,11,11394420457316402976,11394420457316402976
10,P,20260918,2372,7,measure,293,stride_1_bis,25165824,1048576,333408,9570257762583499116,1836025,11,11,15966931732691808438,15966931732691808438
10,P,20260918,2373,7,measure,294,stride_4097,134217728,1048576,4100268,16577386925200740093,7039831,11,11,15260921252063635977,15260921252063635977
10,P,20260918,2374,7,measure,295,stride_513,201326592,1048576,3425842,9211584828566492219,13662810,11,11,2030342118318953885,2030342118318953885
10,P,20260918,2375,7,measure,296,stride_1_double,1572864,2097152,147088,13113553550251721274,2985473,11,11,1946715762105514532,1946715762105514532
10,P,20260918,2376,8,measure,0,pair_split_line,16384,1048576,1901,15258649112773456282,1892143,11,11,9798631105195241196,9798631105195241196
10,P,20260918,2377,8,measure,1,pair_same_line,67108864,1048576,562762,18149105245087997315,17118088,11,11,1577902734838495402,1577902734838495402
10,P,20260918,2378,8,measure,2,stride_1_bis,16384,1048576,1767,7382298900981159245,1354338,11,11,9548053087369131008,9548053087369131008
10,P,20260918,2379,8,measure,3,stride_513,3145728,1048576,142850,11058542234646109111,1957520,11,11,13978878534847391976,13978878534847391976
10,P,20260918,2380,8,measure,4,stride_4097,1048576,1048576,25893,15122393711917107840,1431380,11,11,8797231230870489880,8797231230870489880
10,P,20260918,2381,8,measure,5,stride_1_double,786432,2097152,9319,9446396282765509893,2709360,11,11,17294003326021303316,17294003326021303316
10,P,20260918,2382,8,measure,6,stride_17,16384,1048576,537,13424473928815590271,1355289,11,11,9548053087369131008,9548053087369131008
10,P,20260918,2383,8,measure,7,random,16384,1048576,1466,18201401263027888729,1093194,11,11,6132999399060221805,6132999399060221805
10,P,20260918,2384,8,measure,8,stride_1_double,268435456,2097152,15760946,5680830952520583997,4330642,11,11,8641574767576565717,8641574767576565717
10,P,20260918,2385,8,measure,9,pair_same_line,16384,1048576,413,3177492967591821015,1633757,11,11,9760488895310439302,9760488895310439302
10,P,20260918,2386,8,measure,10,stride_513,50331648,1048576,2275600,8980541704290451282,12517314,11,11,17536302241903005869,17536302241903005869
10,P,20260918,2387,8,measure,11,stride_1_bis,6144,1048576,606,7026506582681129249,1352479,11,11,4782976018906947319,4782976018906947319
10,P,20260918,2388,8,measure,12,stride_17,786432,1048576,5838,14610140370579563843,1423743,11,11,16325569508662247469,16325569508662247469
10,P,20260918,2389,8,measure,13,pair_split_line,65536,1048576,911,2502809927682604709,2024880,11,11,5471531503781224703,5471531503781224703
10,P,20260918,2390,8,measure,14,stride_4097,2097152,1048576,163315,6506655783222222900,1762728,11,11,14577075130308765988,14577075130308765988
10,P,20260918,2391,8,measure,15,stride_17,8192,1048576,720,8496711378862715957,1356815,11,11,116592947459441664,116592947459441664
10,P,20260918,2392,8,measure,16,stride_1_double,8192,2097152,513,647242028873535152,2789696,11,11,233185894918883328,233185894918883328
10,P,20260918,2393,8,measure,17,stride_513,16777216,1048576,1562009,8170266204860142957,8358349,11,11,18409418423935822028,18409418423935822028
10,P,20260918,2394,8,measure,18,stride_1,4194304,1048576,403335,1745766568577703295,1820076,11,11,12406089252390561320,12406089252390561320
10,P,20260918,2395,8,measure,19,stride_4097,12288,1048576,50,1522878899056709830,1364188,11,11,7731400115358097200,7731400115358097200
10,P,20260918,2396,8,measure,20,stride_1_bis,12582912,1048576,989219,1900549168367340160,1668114,11,11,9537303970549110862,9537303970549110862
10,P,20260918,2397,8,measure,21,stride_513,196608,1048576,14328,3760082075024352210,1431824,11,11,11662605144128544768,11662605144128544768
10,P,20260918,2398,8,measure,22,stride_1,786432,1048576,6695,4026890976949828381,1358803,11,11,690748262880895076,690748262880895076
10,P,20260918,2399,8,measure,23,pair_split_line,25165824,1048576,440712,2394244850706474934,14633441,11,11,7159669049589847635,7159669049589847635
10,P,20260918,2400,8,measure,24,stride_4097,1572864,1048576,189812,4589642657765598353,1541371,11,11,2178995686713158763,2178995686713158763
10,P,20260918,2401,8,measure,25,stride_17,201326592,1048576,20619662,7271376995133173957,9106706,11,11,16943091614336739308,16943091614336739308
10,P,20260918,2402,8,measure,26,stride_1_double,6291456,2097152,54264,14405919149429621541,3900160,11,11,13029096705278646137,13029096705278646137
10,P,20260918,2403,8,measure,27,stride_513,25165824,1048576,2766860,15043950027569840220,8843594,11,11,11886943178879158261,11886943178879158261
10,P,20260918,2404,8,measure,28,stride_1_double,98304,2097152,8364,14916313730669660588,2748355,11,11,6460591495910464395,6460591495910464395
10,P,20260918,2405,8,measure,29,pair_same_line,268435456,1048576,559323,15695343028726051739,18952335,11,11,4370426758374403319,4370426758374403319
10,P,20260918,2406,8,measure,30,stride_17,6144,1048576,474,7726014566147279894,1617175,11,11,1862899746335477206,1862899746335477206
10,P,20260918,2407,8,measure,31,stride_4097,201326592,1048576,20314786,3480223113529255717,9268405,11,11,16390728032819335238,16390728032819335238
10,P,20260918,2408,8,measure,32,stride_4097,6144,1048576,132,805664603782769788,1701228,11,11,13724170832500001419,13724170832500001419
10,P,20260918,2409,8,measure,33,random,6291456,1048576,213702,15632650359597708461,8653177,11,11,8681522108012497160,8681522108012497160
10,P,20260918,2410,8,measure,34,stride_1_double,393216,2097152,28824,8341895787712735286,3503556,11,11,2241274421123467777,2241274421123467777
10,P,20260918,2411,8,measure,35,stride_1,268435456,1048576,30540403,30956114602821102,2244376,11,11,12462291499769081866,12462291499769081866
10,P,20260918,2412,8,measure,36,stride_513,33554432,1048576,3488589,15568501520787749582,10912932,11,11,15667701193149546733,15667701193149546733
10,P,20260918,2413,8,measure,37,pair_same_line,1048576,1048576,79554,5144457267569092166,2803492,11,11,13701681651092035461,13701681651092035461
10,P,20260918,2414,8,measure,38,pair_split_line,12288,1048576,1399,5581194062107435843,2363018,11,11,18039098597083268828,18039098597083268828
10,P,20260918,2415,8,measure,39,random,67108864,1048576,3059826,16992477651131700124,15233590,11,11,8287446461878263133,8287446461878263133
10,P,20260918,2416,8,measure,40,stride_1_bis,67108864,1048576,4871006,14025744126349166438,2411652,11,11,15795644918518088016,15795644918518088016
10,P,20260918,2417,8,measure,41,random,8388608,1048576,225575,13793476364845663871,8668598,11,11,16084783459399630685,16084783459399630685
10,P,20260918,2418,8,measure,42,pair_same_line,6144,1048576,517,15687000742500063107,2364259,11,11,4323921237639927737,4323921237639927737
10,P,20260918,2419,8,measure,43,stride_4097,4096,1048576,109,1790187718608793490,1761397,11,11,8154595385843253248,8154595385843253248
10,P,20260918,2420,8,measure,44,stride_17,100663296,1048576,2310006,438464187649144995,10066466,11,11,15205333408810916380,15205333408810916380
10,P,20260918,2421,8,measure,45,stride_4097,196608,1048576,15061,964906060312235999,2125416,11,11,2557863961351814531,2557863961351814531
10,P,20260918,2422,8,measure,46,stride_1,3145728,1048576,13862,4499301543736951894,2415847,11,11,5584391409609607991,5584391409609607991
10,P,20260918,2423,8,measure,47,stride_513,8192,1048576,135,12656322637404077172,1784753,11,11,116592947459441664,116592947459441664
10,P,20260918,2424,8,measure,48,random,393216,1048576,7700,13820473677594208154,1470456,11,11,1535757109275851251,1535757109275851251
10,P,20260918,2425,8,measure,49,pair_same_line,2097152,1048576,155621,5264190899914947902,3720771,11,11,16256877326688271553,16256877326688271553
10,P,20260918,2426,8,measure,50,pair_same_line,196608,1048576,19232,10566994265059213493,2151376,11,11,16242487183349947443,16242487183349947443
10,P,20260918,2427,8,measure,51,pair_same_line,1572864,1048576,28382,15977324966894929553,2511082,11,11,12944182825141678021,12944182825141678021
10,P,20260918,2428,8,measure,52,stride_4097,4194304,1048576,300426,207745938257556398,2330375,11,11,12406089252390561320,12406089252390561320
10,P,20260918,2429,8,measure,53,random,98304,1048576,6800,13546198977713527033,1216578,11,11,11850869953058667688,11850869953058667688
10,P,20260918,2430,8,measure,54,pair_split_line,4096,1048576,101,10371629324700263737,1928895,11,11,17512106784785672373,17512106784785672373
10,P,20260918,2431,8,measure,55,stride_513,67108864,1048576,6211633,4539887399122140378,11750238,11,11,17510471453744125797,17510471453744125797
10,P,20260918,2432,8,measure,56,stride_1_bis,24576,1048576,612,14965309285012372254,1619285,11,11,4685527389344521705,4685527389344521705
10,P,20260918,2433,8,measure,57,random,3145728,1048576,388339,3316006199534069250,2994949,11,11,7093348626614703998,7093348626614703998
10,P,20260918,2434,8,measure,58,stride_513,268435456,1048576,32228045,10011375223239548379,12797726,11,11,17429763359593191339,17429763359593191339
10,P,20260918,2435,8,measure,59,stride_4097,65536,1048576,386,12683403479888766586,1893500,11,11,16423878549329276288,16423878549329276288
10,P,20260918,2436,8,measure,60,stride_1_double,24576,2097152,410,4336450188055479156,3458148,11,11,18189898001402701940,18189898001402701940
10,P,20260918,2437,8,measure,61,pair_same_line,98304,1048576,11064,13748387991653665852,2105994,11,11,14755340117772393648,14755340117772393648
10,P,20260918,2438,8,measure,62,stride_513,786432,1048576,48802,15598535321662433432,1715666,11,11,16022285928360536512,16022285928360536512
10,P,20260918,2439,8,measure,63,pair_split_line,50331648,1048576,4640360,16223589635587378668,19692898,11,11,16846033453594475720,16846033453594475720
10,P,20260918,2440,8,measure,64,pair_same_line,262144,1048576,23254,13470071388338466510,2497610,11,11,17802442612939830066,17802442612939830066
10,P,20260918,2441,8,measure,65,pair_same_line,786432,1048576,10912,1206036628282813443,2741850,11,11,5139998255240705846,5139998255240705846
10,P,20260918,2442,8,measure,66,stride_513,2097152,1048576,106539,16373173515169959971,2619111,11,11,14577075130308765988,14577075130308765988
10,P,20260918,2443,8,measure,67,pair_same_line,49152,1048576,2170,4616570008033661103,1945436,11,11,10630203790483998965,10630203790483998965
10,P,20260918,2444,8,measure,68,stride_1_bis,3145728,1048576,369485,2765702889046304021,1770886,11,11,9149637272167433544,9149637272167433544
10,P,20260918,2445,8,measure,69,pair_split_line,8192,1048576,910,7316396249871663839,2077202,11,11,13891352842807981568,13891352842807981568
10,P,20260918,2446,8,measure,70,stride_1_double,33554432,2097152,3904980,9014334769824054340,4281012,11,11,7986374337745600741,7986374337745600741
10,P,20260918,2447,8,measure,71,stride_1_bis,100663296,1048576,11343627,11466202272770751784,2229566,11,11,11648343983638809549,11648343983638809549
10,P,20260918,2448,8,measure,72,stride_1_double,196608,2097152,340,16008946237002554286,2814687,11,11,1163872384979024731,1163872384979024731
10,P,20260918,2449,8,measure,73,stride_17,6291456,1048576,296234,12255372698657794998,3461354,11,11,6799941485674239258,6799941485674239258
10,P,20260918,2450,8,measure,74,random,786432,1048576,71776,12368586989350583971,1168875,11,11,12914146158107828917,12914146158107828917
10,P,20260918,2451,8,measure,75,random,8192,1048576,813,14157365153649877034,1088682,11,11,17129887005873242989,17129887005873242989
10,P,20260918,2452,8,measure,76,stride_1_bis,65536,1048576,2612,15840391694015776392,1386549,11,11,16423878549329276288,16423878549329276288
10,P,20260918,2453,8,measure,77,stride_4097,12582912,1048576,679671,13119004778302980243,5088757,11,11,8997605977912115189,8997605977912115189
10,P,20260918,2454,8,measure,78,stride_513,65536,1048576,2233,5338044956270652806,1413723,11,11,16423878549329276288,16423878549329276288
10,P,20260918,2455,8,measure,79,stride_1_double,2097152,2097152,46502,10167232928880377115,2815106,11,11,10707406186907980360,10707406186907980360
10,P,20260918,2456,8,measure,80,stride_1_bis,6291456,1048576,338395,4184153534607972721,1441243,11,11,8523915868047592529,8523915868047592529
10,P,20260918,2457,8,measure,81,pair_same_line,393216,1048576,3192,620072479001117191,1849429,11,11,17270387314401332229,17270387314401332229
10,P,20260918,2458,8,measure,82,pair_split_line,262144,1048576,16058,10914020498683535663,2307381,11,11,14584130916975479751,14584130916975479751
10,P,20260918,2459,8,measure,83,stride_1,262144,1048576,29605,565502949984414885,1357374,11,11,3252759155835688704,3252759155835688704
10,P,20260918,2460,8,measure,84,pair_split_line,16777216,1048576,1087733,2186226553808112233,10479474,11,11,15923670007248029174,15923670007248029174
10,P,20260918,2461,8,measure,85,pair_split_line,33554432,1048576,2060120,443668148817047162,17097947,11,11,3916352070950541915,3916352070950541915
10,P,20260918,2462,8,measure,86,stride_1,16384,1048576,1926,1946132367068442086,1358526,11,11,9548053087369131008,9548053087369131008
10,P,20260918,2463,8,measure,87,stride_1_double,25165824,2097152,237184,11361214814485800392,4389741,11,11,1351861468251261075,1351861468251261075
10,P,20260918,2464,8,measure,88,pair_same_line,131072,1048576,14729,6022101688886364562,1799642,11,11,18249785151836498325,18249785151836498325
10,P,20260918,2465,8,measure,89,stride_1,49152,1048576,1705,17348961281537046800,1381763,11,11,18303475847258333337,18303475847258333337
10,P,20260918,2466,8,measure,90,stride_1_bis,2097152,1048576,248814,17761030486783164526,1952747,11,11,14577075130308765988,14577075130308765988
10,P,20260918,2467,8,measure,91,pair_split_line,134217728,1048576,6038062,16842626234864686894,24538588,11,11,11863915279147707268,11863915279147707268
10,P,20260918,2468,8,measure,92,stride_4097,393216,1048576,33382,2157123744467122976,1484792,11,11,2348104640201508919,2348104640201508919
10,P,20260918,2469,8,measure,93,stride_17,8388608,1048576,652643,9493835230504097691,5066712,11,11,18303280461608560459,18303280461608560459
10,P,20260918,2470,8,measure,94,stride_1_bis,1572864,1048576,170005,12475383101233013351,1377082,11,11,1827358168609365146,1827358168609365146
10,P,20260918,2471,8,measure,95,stride_1_double,12288,2097152,418,17506590029401608534,2707779,11,11,11975994700668695802,11975994700668695802
10,P,20260918,2472,8,measure,96,stride_1_double,16384,2097152,211,5711173300583588042,2714352,11,11,649362101028710400,649362101028710400
10,P,20260918,2473,8,measure,97,stride_4097,25165824,1048576,1445238,5281845175114441941,7749195,11,11,18152326777792703609,18152326777792703609
10,P,20260918,2474,8,measure,98,random,32768,1048576,1854,17935837410303647043,1097727,11,11,7064072324944439150,7064072324944439150
10,P,20260918,2475,8,measure,99,pair_split_line,49152,1048576,1605,14448214548621979382,1886999,11,11,16448612461772257511,16448612461772257511
10,P,20260918,2476,8,measure,100,random,16777216,1048576,446600,11822998101973611426,10350409,11,11,4458488745351287262,4458488745351287262
10,P,20260918,2477,8,measure,101,pair_same_line,50331648,1048576,2831737,4156555664700889341,15829354,11,11,1984757371256429066,1984757371256429066
10,P,20260918,2478,8,measure,102,pair_split_line,3145728,1048576,183840,10862875015629893378,4966936,11,11,13167857568981790586,13167857568981790586
10,P,20260918,2479,8,measure,103,stride_17,49152,1048576,2545,1785537184180017900,1555012,11,11,15836042669115846351,15836042669115846351
10,P,20260918,2480,8,measure,104,random,2097152,1048576,186602,7020149331127787258,1729056,11,11,5670415546743351702,5670415546743351702
10,P,20260918,2481,8,measure,105,pair_split_line,786432,1048576,54800,10852409004444973167,2637979,11,11,11268153439165399795,11268153439165399795
10,P,20260918,2482,8,measure,106,pair_split_line,1048576,1048576,96343,14272923314918328874,2543741,11,11,3837973340921493095,3837973340921493095
10,P,20260918,2483,8,measure,107,stride_1_double,131072,2097152,266,6770831565460205014,2776852,11,11,15396081144520084480,15396081144520084480
10,P,20260918,2484,8,measure,108,stride_1_double,1048576,2097152,54935,10129359827064758946,2893473,11,11,17594462461740979760,17594462461740979760
10,P,20260918,2485,8,measure,109,stride_1_bis,393216,1048576,34544,17216484904750912175,1416817,11,11,10286777323794616389,10286777323794616389
10,P,20260918,2486,8,measure,110,stride_1,98304,1048576,7489,11769717050724661977,1413399,11,11,6561622040214227462,6561622040214227462
10,P,20260918,2487,8,measure,111,stride_1_double,4194304,2097152,439869,10801752875936915326,3172358,11,11,6365434431071571024,6365434431071571024
10,P,20260918,2488,8,measure,112,stride_1_double,16777216,2097152,1719217,17024629948377270237,3455890,11,11,12841062978479921428,12841062978479921428
10,P,20260918,2489,8,measure,113,stride_17,134217728,1048576,15523762,5597458859594150804,9334983,11,11,7100982577111902386,7100982577111902386
10,P,20260918,2490,8,measure,114,pair_same_line,16777216,1048576,1836506,16311377233620980059,13127918,11,11,2479353006617435559,2479353006617435559
10,P,20260918,2491,8,measure,115,random,25165824,1048576,2393513,16167567013262766334,11884840,11,11,5069756444426583777,5069756444426583777
10,P,20260918,2492,8,measure,116,stride_1_double,524288,2097152,54608,689444657097398853,3095743,11,11,1677023885985199424,1677023885985199424
10,P,20260918,2493,8,measure,117,stride_513,6144,1048576,234,18195176487146854467,1468983,11,11,6498767571919667200,6498767571919667200
10,P,20260918,2494,8,measure,118,stride_1,12288,1048576,1243,120243594327918433,1413787,11,11,9360547258880912788,9360547258880912788
10,P,20260918,2495,8,measure,119,stride_4097,131072,1048576,2240,12935394037346056729,1443503,11,11,16921412609114818048,16921412609114818048
10,P,20260918,2496,8,measure,120,stride_1,131072,1048576,5281,11010924523604796112,1357943,11,11,16921412609114818048,16921412609114818048
10,P,20260918,2497,8,measure,121,stride_1,134217728,1048576,11487446,17571797610831664549,1967541,11,11,3801791283064535589,3801791283064535589
10,P,20260918,2498,8,measure,122,pair_same_line,6291456,1048576,227482,16735175344493055298,6450879,11,11,17802256373875823067,17802256373875823067
10,P,20260918,2499,8,measure,123,stride_17,524288,1048576,13313,354361886270721288,1392305,11,11,10061883979847375520,10061883979847375520
10,P,20260918,2500,8,measure,124,stride_513,4096,1048576,507,14612367925300469063,1354416,11,11,8154595385843253248,8154595385843253248
10,P,20260918,2501,8,measure,125,stride_1_bis,196608,1048576,20471,237539328913361634,1419151,11,11,4784161349875913801,4784161349875913801
10,P,20260918,2502,8,measure,126,stride_17,4096,1048576,249,2394506529017041889,1351480,11,11,8154595385843253248,8154595385843253248
10,P,20260918,2503,8,measure,127,stride_4097,24576,1048576,2633,13673461995287183077,1354096,11,11,1693065638078392398,1693065638078392398
10,P,20260918,2504,8,measure,128,stride_1,24576,1048576,1042,10729560008055145615,1350633,11,11,17639557218769082267,17639557218769082267
10,P,20260918,2505,8,measure,129,stride_513,16384,1048576,1261,5686271164094866052,1361471,11,11,9548053087369131008,9548053087369131008
10,P,20260918,2506,8,measure,130,stride_1,32768,1048576,3508,546595777463698986,1351609,11,11,10598541984122395648,10598541984122395648
10,P,20260918,2507,8,measure,131,stride_17,131072,1048576,3247,15844102536359364524,1358808,11,11,16921412609114818048,16921412609114818048
10,P,20260918,2508,8,measure,132,stride_1_bis,201326592,1048576,18738194,16009479415141396989,2224775,11,11,410717334191038552,410717334191038552
10,P,20260918,2509,8,measure,133,stride_1_bis,32768,1048576,3148,17783398630991824879,1363557,11,11,10598541984122395648,10598541984122395648
10,P,20260918,2510,8,measure,134,stride_513,1572864,1048576,64825,5721758218732168199,1548492,11,11,16747479167117318944,16747479167117318944
10,P,20260918,2511,8,measure,135,stride_513,262144,1048576,14624,2247367047945027311,1397691,11,11,3252759155835688704,3252759155835688704
10,P,20260918,2512,8,measure,136,stride_1_double,201326592,2097152,11781133,13689505402837197691,4052069,11,11,6318929350424232604,6318929350424232604
10,P,20260918,2513,8,measure,137,stride_1_double,12582912,2097152,333702,391670413945368315,4046309,11,11,10480956198233239598,10480956198233239598
10,P,20260918,2514,8,measure,138,stride_513,6291456,1048576,775224,18373447490850450513,1528144,11,11,2329185465026963428,2329185465026963428
10,P,20260918,2515,8,measure,139,pair_split_line,524288,1048576,58813,4751092975667390255,2437177,11,11,5311383259040209983,5311383259040209983
10,P,20260918,2516,8,measure,140,stride_1_double,262144,2097152,11490,17594384379750022886,2710138,11,11,6505518311671377408,6505518311671377408
10,P,20260918,2517,8,measure,141,stride_17,24576,1048576,725,14882187102925968424,1387774,11,11,11789601089495961395,11789601089495961395
10,P,20260918,2518,8,measure,142,stride_1,50331648,1048576,716583,7045490589016650410,2167732,11,11,2671454757312396506,2671454757312396506
10,P,20260918,2519,8,measure,143,stride_1_bis,786432,1048576,42203,1672117549057400490,1380352,11,11,12992676327706367885,12992676327706367885
10,P,20260918,2520,8,measure,144,stride_1,16777216,1048576,983988,14222752783920442409,1724426,11,11,7384060417023706872,7384060417023706872
10,P,20260918,2521,8,measure,145,pair_same_line,12582912,1048576,1204624,12398432873069580340,7208578,11,11,7603004831176380510,7603004831176380510
10,P,20260918,2522,8,measure,146,pair_split_line,98304,1048576,3635,4206404382353995052,2155430,11,11,9472498161094095752,9472498161094095752
10,P,20260918,2523,8,measure,147,stride_1_bis,25165824,1048576,413837,14036595094763602476,1628202,11,11,15213631736316456064,15213631736316456064
10,P,20260918,2524,8,measure,148,stride_1,8388608,1048576,97086,155415094722761448,1493556,11,11,18303280461608560459,18303280461608560459
10,P,20260918,2525,8,measure,149,random,50331648,1048576,6207083,14522220199678285908,13529501,11,11,3420304493002635037,3420304493002635037
10,P,20260918,2526,8,measure,150,stride_17,262144,1048576,18851,15777264185876796149,1398523,11,11,3252759155835688704,3252759155835688704
10,P,20260918,2527,8,measure,151,stride_4097,3145728,1048576,236596,9135487895080139285,2000864,11,11,1685638494305648432,1685638494305648432
10,P,20260918,2528,8,measure,152,stride_1_bis,524288,1048576,22219,6914884581387102431,1405409,11,11,10061883979847375520,10061883979847375520
10,P,20260918,2529,8,measure,153,stride_1_double,100663296,2097152,11036866,10037770992091443815,4467740,11,11,8602246357216568382,8602246357216568382
10,P,20260918,2530,8,measure,154,stride_1_bis,262144,1048576,16691,2003465873739072820,1362843,11,11,3252759155835688704,3252759155835688704
10,P,20260918,2531,8,measure,155,stride_1_bis,131072,1048576,5450,16642611064963960747,1351161,11,11,16921412609114818048,16921412609114818048
10,P,20260918,2532,8,measure,156,pair_same_line,8192,1048576,435,8634107862975171182,1646594,11,11,9370315771852913311,9370315771852913311
10,P,20260918,2533,8,measure,157,pair_same_line,3145728,1048576,65744,2524548948919392995,2801389,11,11,16720703494132439305,16720703494132439305
10,P,20260918,2534,8,measure,158,stride_1_double,134217728,2097152,3293741,7702487529178106779,3641819,11,11,4687650065173556570,4687650065173556570
10,P,20260918,2535,8,measure,159,random,201326592,1048576,19302883,3250073500486529403,16777045,11,11,6638082405496706021,6638082405496706021
10,P,20260918,2536,8,measure,160,stride_1_double,6144,2097152,211,3846494828058993918,2708212,11,11,6403522504199955006,6403522504199955006
10,P,20260918,2537,8,measure,161,stride_1_double,32768,2097152,2170,11978407896778726661,2705193,11,11,2750339894535239680,2750339894535239680
10,P,20260918,2538,8,measure,162,stride_17,196608,1048576,4051,5001867369694931920,1359059,11,11,14112110370587456391,14112110370587456391
10,P,20260918,2539,8,measure,163,pair_same_line,524288,1048576,65052,7756559263527063434,1934343,11,11,12746084920505450654,12746084920505450654
10,P,20260918,2540,8,measure,164,stride_1_bis,1048576,1048576,115985,10383910833015931244,1386678,11,11,8797231230870489880,8797231230870489880
10,P,20260918,2541,8,measure,165,stride_513,49152,1048576,2627,1274734986954344069,1398241,11,11,1303108010804061184,1303108010804061184
10,P,20260918,2542,8,measure,166,stride_1,201326592,1048576,23826337,6981518199916842747,2005100,11,11,938757956135825242,938757956135825242
10,P,20260918,2543,8,measure,167,random,49152,1048576,4211,5196920635462476978,1090873,11,11,5894242855785415962,5894242855785415962
10,P,20260918,2544,8,measure,168,stride_1_bis,4194304,1048576,363161,7352306689932499901,1849750,11,11,12406089252390561320,12406089252390561320
10,P,20260918,2545,8,measure,169,stride_1_double,1572864,2097152,103698,2726379679978428167,2764219,11,11,7006576985059088603,7006576985059088603
10,P,20260918,2546,8,measure,170,pair_split_line,201326592,1048576,14159502,16929009568517161699,23988887,11,11,5595564719678584221,5595564719678584221
10,P,20260918,2547,8,measure,171,random,524288,1048576,41959,912487595488053208,1347120,11,11,7098404003590201177,7098404003590201177
10,P,20260918,2548,8,measure,172,stride_513,8388608,1048576,539244,6425836396799677972,3430171,11,11,18303280461608560459,18303280461608560459
10,P,20260918,2549,8,measure,173,stride_1_bis,16777216,1048576,925154,10595825901604284500,1910329,11,11,7405278024867702549,7405278024867702549
10,P,20260918,2550,8,measure,174,pair_same_line,4194304,1048576,49302,11506206250369744513,3100293,11,11,17433392448888233361,17433392448888233361
10,P,20260918,2551,8,measure,175,stride_1_bis,134217728,1048576,5848965,3267753512003143281,2140291,11,11,773186620533697470,773186620533697470
10,P,20260918,2552,8,measure,176,stride_1,65536,1048576,6260,1448765461761390392,1357116,11,11,16423878549329276288,16423878549329276288
10,P,20260918,2553,8,measure,177,stride_513,4194304,1048576,41123,1411528175699918923,1568318,11,11,12406089252390561320,12406089252390561320
10,P,20260918,2554,8,measure,178,pair_split_line,131072,1048576,9084,6281901135790701648,2273485,11,11,4259049020546261399,4259049020546261399
10,P,20260918,2555,8,measure,179,stride_17,33554432,1048576,1149676,3442514607978999328,8093472,11,11,8040452158896852223,8040452158896852223
10,P,20260918,2556,8,measure,180,stride_1,1048576,1048576,19611,15088583156446502642,1401076,11,11,8797231230870489880,8797231230870489880
10,P,20260918,2557,8,measure,181,stride_17,2097152,1048576,96350,3897326759447721129,1546981,11,11,14577075130308765988,14577075130308765988
10,P,20260918,2558,8,measure,182,stride_513,201326592,1048576,18275070,2294935794686089430,13528640,11,11,9993049887388587425,9993049887388587425
10,P,20260918,2559,8,measure,183,stride_1_double,3145728,2097152,101868,15299212859766031669,3090115,11,11,5968825710450995254,5968825710450995254
10,P,20260918,2560,8,measure,184,pair_same_line,24576,1048576,332,1157439106284363642,1628305,11,11,17303387006383281020,17303387006383281020
10,P,20260918,2561,8,measure,185,stride_4097,100663296,1048576,7554016,17308093164890783806,8235869,11,11,10478090329122735069,10478090329122735069
10,P,20260918,2562,8,measure,186,stride_17,1048576,1048576,58843,1921208584653485944,1464680,11,11,8797231230870489880,8797231230870489880
10,P,20260918,2563,8,measure,187,stride_1,67108864,1048576,893517,5060879918629292832,1925369,11,11,7391482693923549975,7391482693923549975
10,P,20260918,2564,8,measure,188,stride_1,393216,1048576,47566,7449563175867789088,1440495,11,11,3301177749387470257,3301177749387470257
10,P,20260918,2565,8,measure,189,pair_same_line,25165824,1048576,2311244,11725210526262656816,14351369,11,11,3028433522097832024,3028433522097832024
10,P,20260918,2566,8,measure,190,stride_1_bis,50331648,1048576,3327540,15548057016555103106,2232967,11,11,17782239432015985175,17782239432015985175
10,P,20260918,2567,8,measure,191,stride_17,32768,1048576,1983,13232238832162979543,1372908,11,11,10598541984122395648,10598541984122395648
10,P,20260918,2568,8,measure,192,pair_split_line,8388608,1048576,979631,14874937074511503161,8140072,11,11,18235000076857408666,18235000076857408666
10,P,20260918,2569,8,measure,193,stride_1_bis,33554432,1048576,1006410,3017726056424181789,2243027,11,11,942803633078640584,942803633078640584
10,P,20260918,2570,8,measure,194,pair_split_line,393216,1048576,15152,8486810669040660039,2349448,11,11,17740094524502054830,17740094524502054830
10,P,20260918,2571,8,measure,195,pair_split_line,100663296,1048576,7943160,3088394897606129542,23575830,11,11,2937243271693066032,2937243271693066032
10,P,20260918,2572,8,measure,196,random,131072,1048576,15322,8849847879169666283,1279235,11,11,4800879853626744854,4800879853626744854
10,P,20260918,2573,8,measure,197,random,33554432,1048576,2534696,8329152157650976982,13871207,11,11,13059926374406073283,13059926374406073283
10,P,20260918,2574,8,measure,198,stride_17,67108864,1048576,3165584,3114603997976024590,9183082,11,11,4730179500047457525,4730179500047457525
10,P,20260918,2575,8,measure,199,pair_split_line,196608,1048576,21919,16797633989997558216,3196424,11,11,16460081900104736316,16460081900104736316
10,P,20260918,2576,8,measure,200,stride_1,2097152,1048576,171505,2669587526138101530,1893823,11,11,14577075130308765988,14577075130308765988
10,P,20260918,2577,8,measure,201,random,1572864,1048576,64869,12137734420729038013,1682908,11,11,3975039573231731884,3975039573231731884
10,P,20260918,2578,8,measure,202,stride_1,6291456,1048576,606886,2318950916465605906,2097088,11,11,8205334943351692043,8205334943351692043
10,P,20260918,2579,8,measure,203,pair_same_line,201326592,1048576,22670578,13567206954928324421,19322375,11,11,2311442394147090195,2311442394147090195
10,P,20260918,2580,8,measure,204,stride_4097,16384,1048576,360,16144506173133114100,2050559,11,11,9548053087369131008,9548053087369131008
10,P,20260918,2581,8,measure,205,stride_1,1572864,1048576,168542,7037332255148512921,1967272,11,11,6709778821623841961,6709778821623841961
10,P,20260918,2582,8,measure,206,pair_split_line,12582912,1048576,171796,4287294242207891457,10704075,11,11,7110441639717865648,7110441639717865648
10,P,20260918,2583,8,measure,207,stride_1_bis,8192,1048576,89,13987672794701784826,1644986,11,11,116592947459441664,116592947459441664
10,P,20260918,2584,8,measure,208,stride_513,393216,1048576,45820,4472630026426657431,1697643,11,11,14847694413740558592,14847694413740558592
10,P,20260918,2585,8,measure,209,random,12582912,1048576,1028951,14764239806958366633,4321327,11,11,4266666763004954003,4266666763004954003
10,P,20260918,2586,8,measure,210,pair_split_line,6144,1048576,690,6522613751428973821,2010536,11,11,12838343675868723151,12838343675868723151
10,P,20260918,2587,8,measure,211,random,268435456,1048576,22611926,4410047141071396538,17521813,11,11,5152028629271275552,5152028629271275552
10,P,20260918,2588,8,measure,212,pair_split_line,2097152,1048576,136036,7154577654057703492,4330028,11,11,1228440717049452319,1228440717049452319
10,P,20260918,2589,8,measure,213,stride_17,393216,1048576,5760,12876570962842841055,1696812,11,11,7997198120670628512,7997198120670628512
10,P,20260918,2590,8,measure,214,random,4194304,1048576,468192,6489868085204046336,3743716,11,11,2466727159448099033,2466727159448099033
10,P,20260918,2591,8,measure,215,stride_4097,8388608,1048576,318884,9262311986874554229,2867226,11,11,18303280461608560459,18303280461608560459
10,P,20260918,2592,8,measure,216,stride_4097,32768,1048576,3196,12448102938113115467,1572892,11,11,10598541984122395648,10598541984122395648
10,P,20260918,2593,8,measure,217,pair_same_line,12288,1048576,1109,12831761468498787934,1812163,11,11,12386043592078222254,12386043592078222254
10,P,20260918,2594,8,measure,218,stride_17,98304,1048576,11767,5295581436408590743,1450676,11,11,8854701082968435155,8854701082968435155
10,P,20260918,2595,8,measure,219,random,6144,1048576,505,7732591428888275628,1132583,11,11,371873156018503259,371873156018503259
10,P,20260918,2596,8,measure,220,stride_4097,98304,1048576,6388,2236907513984000975,1428131,11,11,7123898999892871635,7123898999892871635
10,P,20260918,2597,8,measure,221,stride_4097,16777216,1048576,239057,11225129818969109929,6521063,11,11,9644786438649450867,9644786438649450867
10,P,20260918,2598,8,measure,222,stride_1_bis,268435456,1048576,1425254,11083685518707882544,2087787,11,11,6568915476776780945,6568915476776780945
10,P,20260918,2599,8,measure,223,pair_split_line,67108864,1048576,463009,2611802816233374425,17952095,11,11,14115170120126400672,14115170120126400672
10,P,20260918,2600,8,measure,224,stride_17,3145728,1048576,61244,11521498049035788609,2725186,11,11,17043237147135447946,17043237147135447946
10,P,20260918,2601,8,measure,225,stride_513,131072,1048576,5726,12558759028544485999,1544876,11,11,16921412609114818048,16921412609114818048
10,P,20260918,2602,8,measure,226,stride_1_double,67108864,2097152,5045347,14243692529222732380,4451620,11,11,3699770702580365160,3699770702580365160
10,P,20260918,2603,8,measure,227,random,24576,1048576,272,5562718709661833163,1088979,11,11,17718657069067415030,17718657069067415030
10,P,20260918,2604,8,measure,228,pair_same_line,65536,1048576,6923,11411143815555445257,1704975,11,11,11825184649515664529,11825184649515664529
10,P,20260918,2605,8,measure,229,stride_17,50331648,1048576,368511,8586160051305268791,7924678,11,11,13983706692632620326,13983706692632620326
10,P,20260918,2606,8,measure,230,pair_split_line,24576,1048576,205,7210056178016557369,1883246,11,11,11135190488055771865,11135190488055771865
10,P,20260918,2607,8,measure,231,random,262144,1048576,4221,2522700408326493583,1175250,11,11,15421637417209404520,15421637417209404520
10,P,20260918,2608,8,measure,232,stride_17,65536,1048576,239,16804827625343149699,1414963,11,11,16423878549329276288,16423878549329276288
10,P,20260918,2609,8,measure,233,pair_split_line,6291456,1048576,293427,16989729346634230429,5517546,11,11,267012846078405335,267012846078405335
10,P,20260918,2610,8,measure,234,stride_1_bis,4096,1048576,361,79719809100019887,1387221,11,11,8154595385843253248,8154595385843253248
10,P,20260918,2611,8,measure,235,random,4096,1048576,279,14815684120507523465,1136973,11,11,18011753866017172366,18011753866017172366
10,P,20260918,2612,8,measure,236,stride_1,25165824,1048576,3014820,13042402396620079603,1485986,11,11,6515567177154271805,6515567177154271805
10,P,20260918,2613,8,measure,237,stride_1,100663296,1048576,1101549,10201884290283351665,1804180,11,11,8104101628317577122,8104101628317577122
10,P,20260918,2614,8,measure,238,stride_4097,268435456,1048576,29011061,8597075887904552092,7670353,11,11,6017106137802801681,6017106137802801681
10,P,20260918,2615,8,measure,239,stride_513,1048576,1048576,40490,10937116656960248447,1951518,11,11,8797231230870489880,8797231230870489880
10,P,20260918,2616,8,measure,240,random,12288,1048576,1105,11733509641566790544,1167164,11,11,722268882663141590,722268882663141590
10,P,20260918,2617,8,measure,241,stride_17,16777216,1048576,1089902,5452705355103474296,7082312,11,11,3677956551145976253,3677956551145976253
10,P,20260918,2618,8,measure,242,pair_split_line,32768,1048576,1905,4936343513689915992,1883138,11,11,11606272348976519373,11606272348976519373
10,P,20260918,2619,8,measure,243,stride_17,12288,1048576,131,18433390315835416932,1380257,11,11,17879325896575761393,17879325896575761393
10,P,20260918,2620,8,measure,244,stride_17,1572864,1048576,92840,15843487277264809616,1525681,11,11,14371031235272250238,14371031235272250238
10,P,20260918,2621,8,measure,245,stride_513,24576,1048576,220,12388667815597241084,1408657,11,11,1712612578793322496,1712612578793322496
10,P,20260918,2622,8,measure,246,pair_split_line,1572864,1048576,163704,15643081641954067110,2661240,11,11,14565194242611298301,14565194242611298301
10,P,20260918,2623,8,measure,247,stride_1_bis,98304,1048576,10633,3001127233909594302,1382624,11,11,5460421678791079374,5460421678791079374
10,P,20260918,2624,8,measure,248,pair_same_line,4096,1048576,12,15764616336921710273,1630666,11,11,7072965004400343052,7072965004400343052
10,P,20260918,2625,8,measure,249,stride_1,4096,1048576,59,17097720706440488073,1381399,11,11,8154595385843253248,8154595385843253248
10,P,20260918,2626,8,measure,250,stride_1_double,49152,2097152,5394,4731795738884482007,2819781,11,11,11791373515082207319,11791373515082207319
10,P,20260918,2627,8,measure,251,pair_same_line,134217728,1048576,13249213,8745203909497268601,18168849,11,11,10084522114702766059,10084522114702766059
10,P,20260918,2628,8,measure,252,stride_513,134217728,1048576,15062431,6196189122363067165,12424619,11,11,15237414363204977722,15237414363204977722
10,P,20260918,2629,8,measure,253,stride_1_double,50331648,2097152,4195643,12802853251527895652,4650078,11,11,12570722585073805815,12570722585073805815
10,P,20260918,2630,8,measure,254,stride_4097,33554432,1048576,384036,1408202435570403821,6960145,11,11,4576768235120728262,4576768235120728262
10,P,20260918,2631,8,measure,255,random,1048576,1048576,104848,6310744840096974936,1529160,11,11,295097321784852360,295097321784852360
10,P,20260918,2632,8,measure,256,pair_same_line,8388608,1048576,980763,10492098560047424068,10962225,11,11,754065094024396241,754065094024396241
10,P,20260918,2633,8,measure,257,stride_4097,6291456,1048576,669237,6920318901880868389,2259341,11,11,15998606614477534010,15998606614477534010
10,P,20260918,2634,8,measure,258,pair_same_line,100663296,1048576,3317983,350612118534774647,17556495,11,11,8629369842890689209,8629369842890689209
10,P,20260918,2635,8,measure,259,stride_1,196608,1048576,23246,6729052762423812943,1777544,11,11,7159379329436810468,7159379329436810468
10,P,20260918,2636,8,measure,260,stride_513,12288,1048576,681,13653142689864580075,1689707,11,11,5992043729455024128,5992043729455024128
10,P,20260918,2637,8,measure,261,stride_1,33554432,1048576,3385541,11016988518177413028,2070715,11,11,6132007866142099501,6132007866142099501
10,P,20260918,2638,8,measure,262,stride_1,8192,1048576,381,15116955567191493699,1558081,11,11,116592947459441664,116592947459441664
10,P,20260918,2639,8,measure,263,stride_1_bis,49152,1048576,3038,3157668332558056288,1524562,11,11,13865620804720593417,13865620804720593417
10,P,20260918,2640,8,measure,264,random,65536,1048576,4744,5982260888045130427,1227511,11,11,12475434592237272482,12475434592237272482
10,P,20260918,2641,8,measure,265,random,196608,1048576,14857,14191180300279931989,1183948,11,11,7178595390768974401,7178595390768974401
10,P,20260918,2642,8,measure,266,stride_4097,134217728,1048576,6110445,12465517686448314891,7172967,11,11,10342782038602331854,10342782038602331854
10,P,20260918,2643,8,measure,267,stride_1,6144,1048576,87,10295883281127521195,1512720,11,11,16303687834059954902,16303687834059954902
10,P,20260918,2644,8,measure,268,stride_513,524288,1048576,53624,17836923225746185578,1655939,11,11,10061883979847375520,10061883979847375520
10,P,20260918,2645,8,measure,269,pair_same_line,32768,1048576,3658,1345806790272242367,1680856,11,11,13646522534644434434,13646522534644434434
10,P,20260918,2646,8,measure,270,pair_split_line,4194304,1048576,440261,14513714271333120544,6564232,11,11,3057456477025834268,3057456477025834268
10,P,20260918,2647,8,measure,271,stride_17,4194304,1048576,403694,10704746725057106510,3021076,11,11,12406089252390561320,12406089252390561320
10,P,20260918,2648,8,measure,272,pair_same_line,33554432,1048576,3995235,10097039323710579887,15310278,11,11,1588355071487149463,1588355071487149463
10,P,20260918,2649,8,measure,273,stride_1_double,4096,2097152,1,9554723275818376139,2865843,11,11,16309190771686506496,16309190771686506496
10,P,20260918,2650,8,measure,274,stride_4097,524288,1048576,54564,9933263374386866040,1439072,11,11,10061883979847375520,10061883979847375520
10,P,20260918,2651,8,measure,275,stride_4097,49152,1048576,703,7357161595583426602,1352140,11,11,893485181313408717,893485181313408717
10,P,20260918,2652,8,measure,276,random,134217728,1048576,430673,13506087851504584858,16338505,11,11,9106392053479873509,9106392053479873509
10,P,20260918,2653,8,measure,277,stride_4097,8192,1048576,383,12656278798882733151,1615498,11,11,116592947459441664,116592947459441664
10,P,20260918,2654,8,measure,278,stride_17,25165824,1048576,2613585,851624242077341484,7542885,11,11,4236294170896315733,4236294170896315733
10,P,20260918,2655,8,measure,279,stride_17,268435456,1048576,17297990,16000249906406200675,9086337,11,11,14635585106744343514,14635585106744343514
10,P,20260918,2656,8,measure,280,stride_1_double,8388608,2097152,153471,10715077710013243592,4591731,11,11,18159816849507569302,18159816849507569302
10,P,20260918,2657,8,measure,281,stride_4097,50331648,1048576,3115657,1502053914763673137,8852183,11,11,72608793728335479,72608793728335479
10,P,20260918,2658,8,measure,282,stride_1_bis,8388608,1048576,733639,2367668311402922840,2474331,11,11,18303280461608560459,18303280461608560459
10,P,20260918,2659,8,measure,283,stride_4097,67108864,1048576,5182932,7680283183255856201,7790566,11,11,9862152076679039982,9862152076679039982
10,P,20260918,2660,8,measure,284,stride_1_double,65536,2097152,7276,2516706917438158774,3533226,11,11,14401013024949000960,14401013024949000960
10,P,20260918,2661,8,measure,285,stride_4097,786432,1048576,8083,6808956868722850019,1846908,11,11,16656343291461740328,16656343291461740328
10,P,20260918,2662,8,measure,286,stride_513,12582912,1048576,634107,9581887248644977826,8990167,11,11,10120808792106458316,10120808792106458316
10,P,20260918,2663,8,measure,287,stride_1,524288,1048576,23159,16248986776646438252,1719459,11,11,10061883979847375520,10061883979847375520
10,P,20260918,2664,8,measure,288,stride_513,100663296,1048576,5593332,11873008329925846833,13677782,11,11,8350418703250519001,8350418703250519001
10,P,20260918,2665,8,measure,289,pair_split_line,268435456,1048576,9282697,17870831183066737168,29251608,11,11,11835082442042317313,11835082442042317313
10,P,20260918,2666,8,measure,290,stride_513,32768,1048576,4,15752799625305145276,2616765,11,11,10598541984122395648,10598541984122395648
10,P,20260918,2667,8,measure,291,stride_17,12582912,1048576,1416693,14993709784419985167,7089503,11,11,11858941094791417998,11858941094791417998
10,P,20260918,2668,8,measure,292,stride_513,98304,1048576,5531,3624884176766075739,2237398,11,11,16959111087276692480,16959111087276692480
10,P,20260918,2669,8,measure,293,stride_4097,262144,1048576,15465,14308490576582742888,1766059,11,11,3252759155835688704,3252759155835688704
10,P,20260918,2670,8,measure,294,stride_1_bis,12288,1048576,587,7737032461376440376,1712175,11,11,9898297707605353407,9898297707605353407
10,P,20260918,2671,8,measure,295,random,100663296,1048576,4922908,13174510998452034049,17745575,11,11,10901639379534249644,10901639379534249644
10,P,20260918,2672,8,measure,296,stride_1,12582912,1048576,810565,15291949436030765544,2787363,11,11,5584369141340350494,5584369141340350494
