run_id,core,seed,sample,round,phase,position,label,bytes,accesses,start,salt,elapsed_ns,cpu_before,cpu_after,result,expected
15,LP-E,20260918,0,0,warmup,0,stride_1_double,393216,2097152,11070,5956244000611053112,7522918,21,21,7905728796759765832,7905728796759765832
15,LP-E,20260918,1,0,warmup,1,stride_17,50331648,1048576,2305841,4084449694285794450,30005444,21,21,1150824561067700103,1150824561067700103
15,LP-E,20260918,2,0,warmup,2,stride_17,98304,1048576,3834,2901418508158633061,3901317,21,21,14286592680675599850,14286592680675599850
15,LP-E,20260918,3,0,warmup,3,stride_4097,24576,1048576,1126,4474534374457295079,4178808,21,21,17989290583791180251,17989290583791180251
15,LP-E,20260918,4,0,warmup,4,stride_1,8388608,1048576,769318,6652478535924759691,4151943,21,21,18303280461608560459,18303280461608560459
15,LP-E,20260918,5,0,warmup,5,random,33554432,1048576,3089959,6820168409312923533,38434246,21,21,13050329737683796515,13050329737683796515
15,LP-E,20260918,6,0,warmup,6,stride_1_double,4194304,2097152,130469,15939123256617103370,8181131,21,21,6365434431071571024,6365434431071571024
15,LP-E,20260918,7,0,warmup,7,stride_1,98304,1048576,4770,15944837985991461066,3740393,21,21,15861878089048047223,15861878089048047223
15,LP-E,20260918,8,0,warmup,8,stride_513,131072,1048576,11167,2037898983748136398,3858852,21,21,16921412609114818048,16921412609114818048
15,LP-E,20260918,9,0,warmup,9,stride_4097,12288,1048576,225,14602270764175839666,3737827,21,21,5312326136062546387,5312326136062546387
15,LP-E,20260918,10,0,warmup,10,stride_1,8192,1048576,517,649131240791281532,3744393,21,21,116592947459441664,116592947459441664
15,LP-E,20260918,11,0,warmup,11,stride_1_double,524288,2097152,64078,6925496223621916688,7484783,21,21,1677023885985199424,1677023885985199424
15,LP-E,20260918,12,0,warmup,12,pair_same_line,268435456,1048576,27100268,14582746449595694974,63101302,21,21,15800818535194491991,15800818535194491991
15,LP-E,20260918,13,0,warmup,13,stride_4097,100663296,1048576,12569931,12002611832900571424,39322462,21,21,15300973479851005998,15300973479851005998
15,LP-E,20260918,14,0,warmup,14,stride_1,131072,1048576,2641,1924254399118557352,3789169,21,21,16921412609114818048,16921412609114818048
15,LP-E,20260918,15,0,warmup,15,pair_split_line,6144,1048576,365,11437116505824499749,4832339,21,21,13019530045188710127,13019530045188710127
15,LP-E,20260918,16,0,warmup,16,pair_split_line,67108864,1048576,58808,9866190260558737108,79782622,21,21,16312784287715217390,16312784287715217390
15,LP-E,20260918,17,0,warmup,17,stride_513,67108864,1048576,1300877,1076722513697736004,36109959,21,21,3010286190468314884,3010286190468314884
15,LP-E,20260918,18,0,warmup,18,stride_4097,16777216,1048576,1625931,14330568980327045896,39398382,21,21,13705210984678988293,13705210984678988293
15,LP-E,20260918,19,0,warmup,19,stride_1_double,49152,2097152,1724,535939820528345700,7594743,21,21,14923973232673899023,14923973232673899023
15,LP-E,20260918,20,0,warmup,20,stride_513,25165824,1048576,2928734,18249944072031972253,34980514,21,21,11886943178879158261,11886943178879158261
15,LP-E,20260918,21,0,warmup,21,stride_1_double,1572864,2097152,129033,3010580796885531644,8145131,21,21,18227612657531432291,18227612657531432291
15,LP-E,20260918,22,0,warmup,22,stride_1,25165824,1048576,1971812,17139487924146018223,4162419,21,21,7688330514823499052,7688330514823499052
15,LP-E,20260918,23,0,warmup,23,stride_4097,6291456,1048576,77893,9002391471952327044,16369052,21,21,17621229511498579885,17621229511498579885
15,LP-E,20260918,24,0,warmup,24,stride_1_bis,12288,1048576,462,17769137238284578279,4312598,21,21,17757316021232074480,17757316021232074480
15,LP-E,20260918,25,0,warmup,25,random,4194304,1048576,187634,13261584790682217857,25079729,21,21,680786642135426543,680786642135426543
15,LP-E,20260918,26,0,warmup,26,stride_1_bis,393216,1048576,34670,14614998923788303205,4210635,21,21,9365677550259571913,9365677550259571913
15,LP-E,20260918,27,0,warmup,27,stride_1_double,786432,2097152,27477,2126360247054275001,8249150,21,21,13850855826931304949,13850855826931304949
15,LP-E,20260918,28,0,warmup,28,stride_1,16384,1048576,1587,6610978975260955374,4299562,21,21,9548053087369131008,9548053087369131008
15,LP-E,20260918,29,0,warmup,29,stride_1_double,16384,2097152,1004,5433176930557984450,8578926,21,21,649362101028710400,649362101028710400
15,LP-E,20260918,30,0,warmup,30,pair_same_line,6291456,1048576,124117,5018010131642051832,35486559,21,21,11153778058828141092,11153778058828141092
15,LP-E,20260918,31,0,warmup,31,stride_1,50331648,1048576,4925819,5853909306824463539,4492493,21,21,16845162394087947908,16845162394087947908
15,LP-E,20260918,32,0,warmup,32,stride_1_double,24576,2097152,2328,16952092028733513678,7699660,21,21,794467329368793612,794467329368793612
15,LP-E,20260918,33,0,warmup,33,stride_1_double,201326592,2097152,8980289,4585695443591282140,8226241,21,21,15250448620028815729,15250448620028815729
15,LP-E,20260918,34,0,warmup,34,pair_same_line,100663296,1048576,10761786,2099915878285101717,48619004,21,21,12804452719413922525,12804452719413922525
15,LP-E,20260918,35,0,warmup,35,stride_1,524288,1048576,6978,75043229694874061,4525686,21,21,10061883979847375520,10061883979847375520
15,LP-E,20260918,36,0,warmup,36,pair_same_line,201326592,1048576,9000967,13601920582704995565,54192778,21,21,8958005996902570692,8958005996902570692
15,LP-E,20260918,37,0,warmup,37,stride_513,65536,1048576,255,4354601875321331511,3106714,21,21,16423878549329276288,16423878549329276288
15,LP-E,20260918,38,0,warmup,38,stride_1_bis,786432,1048576,7111,5353809480541972695,3084033,21,21,17095726359776780949,17095726359776780949
15,LP-E,20260918,39,0,warmup,39,stride_17,24576,1048576,3019,14174677165742113622,2831435,21,21,3496641876450838147,3496641876450838147
15,LP-E,20260918,40,0,warmup,40,stride_1_double,12288,2097152,354,8388199759978266190,5595481,21,21,3218485624192038317,3218485624192038317
15,LP-E,20260918,41,0,warmup,41,stride_17,524288,1048576,39361,13641577491616954228,2721647,21,21,10061883979847375520,10061883979847375520
15,LP-E,20260918,42,0,warmup,42,stride_1_double,268435456,2097152,20082166,12271880742898249728,6371252,21,21,14852713976722604458,14852713976722604458
15,LP-E,20260918,43,0,warmup,43,stride_1,6144,1048576,341,8079759925716468680,2464914,21,21,14809195301543546675,14809195301543546675
15,LP-E,20260918,44,0,warmup,44,stride_1_bis,134217728,1048576,3791808,9936131386591665299,3312657,21,21,5075238335778014831,5075238335778014831
15,LP-E,20260918,45,0,warmup,45,stride_4097,201326592,1048576,2420960,12812228925687940803,26378712,21,21,14265718013118808172,14265718013118808172
15,LP-E,20260918,46,0,warmup,46,stride_4097,524288,1048576,41836,4645351452022786684,2015256,21,21,10061883979847375520,10061883979847375520
15,LP-E,20260918,47,0,warmup,47,pair_split_line,8192,1048576,611,17880418421203927417,2318027,21,21,11372699126289720159,11372699126289720159
15,LP-E,20260918,48,0,warmup,48,stride_1_bis,6144,1048576,353,14082204837620634090,1787806,21,21,2139669917853934917,2139669917853934917
15,LP-E,20260918,49,0,warmup,49,stride_1,100663296,1048576,11362780,7113236308133653737,2634225,21,21,8704579122272798985,8704579122272798985
15,LP-E,20260918,50,0,warmup,50,stride_1_double,8192,2097152,14,3484331147367437396,3582754,21,21,233185894918883328,233185894918883328
15,LP-E,20260918,51,0,warmup,51,stride_4097,98304,1048576,6156,4246883167894354773,1859211,21,21,4558927799572024063,4558927799572024063
15,LP-E,20260918,52,0,warmup,52,stride_513,4194304,1048576,402824,408763391988827158,13423624,21,21,12406089252390561320,12406089252390561320
15,LP-E,20260918,53,0,warmup,53,random,12582912,1048576,792064,1067974858177286161,27270777,21,21,4072816861639027433,4072816861639027433
15,LP-E,20260918,54,0,warmup,54,random,1572864,1048576,81056,4876487717054615331,5561186,21,21,10542711685683842984,10542711685683842984
15,LP-E,20260918,55,0,warmup,55,pair_split_line,134217728,1048576,2224774,11563239517688280993,79386621,21,21,16772536241835919541,16772536241835919541
15,LP-E,20260918,56,0,warmup,56,random,25165824,1048576,1860782,6156681051630282999,30287650,21,21,767776791424775383,767776791424775383
15,LP-E,20260918,57,0,warmup,57,stride_1,262144,1048576,2002,4884376633917869823,1839856,21,21,3252759155835688704,3252759155835688704
15,LP-E,20260918,58,0,warmup,58,pair_same_line,786432,1048576,53628,358084595513725571,3240376,21,21,11078101728965855314,11078101728965855314
15,LP-E,20260918,59,0,warmup,59,stride_1_bis,50331648,1048576,3080097,11158560740566393754,2602097,21,21,8789240174446797403,8789240174446797403
15,LP-E,20260918,60,0,warmup,60,stride_4097,50331648,1048576,2002505,12760294730828628148,20022600,21,21,340986628453540340,340986628453540340
15,LP-E,20260918,61,0,warmup,61,stride_513,24576,1048576,35,8122755898980881486,1793028,21,21,13347672456076306432,13347672456076306432
15,LP-E,20260918,62,0,warmup,62,stride_1_double,2097152,2097152,47267,11852582438964377016,4786293,21,21,10707406186907980360,10707406186907980360
15,LP-E,20260918,63,0,warmup,63,stride_513,49152,1048576,4790,12752802302425124316,1865158,21,21,1303108010804061184,1303108010804061184
15,LP-E,20260918,64,0,warmup,64,stride_1_double,3145728,2097152,163721,10340379387929949453,5010397,21,21,1701705145634310299,1701705145634310299
15,LP-E,20260918,65,0,warmup,65,random,8192,1048576,493,15927987043639330316,1693821,21,21,16239328567133982385,16239328567133982385
15,LP-E,20260918,66,0,warmup,66,stride_1_bis,24576,1048576,1862,14728240024731193295,1793022,21,21,3511517992567585946,3511517992567585946
15,LP-E,20260918,67,0,warmup,67,pair_split_line,98304,1048576,1376,13018359947858677092,2639633,21,21,5632796336385954186,5632796336385954186
15,LP-E,20260918,68,0,warmup,68,pair_split_line,196608,1048576,24170,6061647047527667301,2792366,21,21,15995591771316309438,15995591771316309438
15,LP-E,20260918,69,0,warmup,69,stride_513,16384,1048576,1133,12987959435374531803,1788726,21,21,9548053087369131008,9548053087369131008
15,LP-E,20260918,70,0,warmup,70,stride_17,16384,1048576,1466,12175211534137767401,1787160,21,21,9548053087369131008,9548053087369131008
15,LP-E,20260918,71,0,warmup,71,stride_513,12582912,1048576,190020,8330163971957398989,23753020,21,21,10120808792106458316,10120808792106458316
15,LP-E,20260918,72,0,warmup,72,stride_513,16777216,1048576,493008,3304197157917326367,32380557,21,21,2190536857616486058,2190536857616486058
15,LP-E,20260918,73,0,warmup,73,stride_1_bis,1572864,1048576,16576,3548155324754978953,2156111,21,21,1966478305038787958,1966478305038787958
15,LP-E,20260918,74,0,warmup,74,stride_4097,8388608,1048576,377038,10136973358299780472,7737682,21,21,18303280461608560459,18303280461608560459
15,LP-E,20260918,75,0,warmup,75,random,24576,1048576,2476,15348327749534003231,1665039,21,21,918830475947692050,918830475947692050
15,LP-E,20260918,76,0,warmup,76,pair_same_line,33554432,1048576,298546,16316516219567921313,35448965,21,21,1494488059575677649,1494488059575677649
15,LP-E,20260918,77,0,warmup,77,pair_split_line,16384,1048576,1682,13558975963400250074,2345453,21,21,725648474424651899,725648474424651899
15,LP-E,20260918,78,0,warmup,78,pair_same_line,32768,1048576,1139,9823175192416890352,2271264,21,21,1886379160019475960,1886379160019475960
15,LP-E,20260918,79,0,warmup,79,random,786432,1048576,83576,3518189926175076812,2431221,21,21,8820102581324914296,8820102581324914296
15,LP-E,20260918,80,0,warmup,80,stride_1_bis,3145728,1048576,11238,5511097519990723446,2457890,21,21,1948130731570961024,1948130731570961024
15,LP-E,20260918,81,0,warmup,81,stride_1_bis,6291456,1048576,616066,1188075099028787580,2623987,21,21,16631753567538278199,16631753567538278199
15,LP-E,20260918,82,0,warmup,82,stride_1,393216,1048576,35697,9328145103281303380,1813220,21,21,11700764346222699870,11700764346222699870
15,LP-E,20260918,83,0,warmup,83,stride_17,16777216,1048576,1281790,15709454177188661684,28489618,21,21,3118937908682082426,3118937908682082426
15,LP-E,20260918,84,0,warmup,84,random,12288,1048576,250,12887793681677537838,1688805,21,21,5640043164622637933,5640043164622637933
15,LP-E,20260918,85,0,warmup,85,stride_17,33554432,1048576,3012901,13816449907447993593,29272711,21,21,8246110691826176600,8246110691826176600
15,LP-E,20260918,86,0,warmup,86,stride_17,1048576,1048576,106095,14333230894373061350,2295550,21,21,8797231230870489880,8797231230870489880
15,LP-E,20260918,87,0,warmup,87,pair_split_line,16777216,1048576,2021796,12885564409223097711,55695942,21,21,12808351692120470456,12808351692120470456
15,LP-E,20260918,88,0,warmup,88,pair_same_line,65536,1048576,2196,1089068460820762025,2423467,21,21,3448657604908496103,3448657604908496103
15,LP-E,20260918,89,0,warmup,89,stride_4097,25165824,1048576,1633671,8669428403961040473,17251334,21,21,15654789153895768856,15654789153895768856
15,LP-E,20260918,90,0,warmup,90,stride_1_bis,4194304,1048576,247958,4484796611926620327,2586053,21,21,12406089252390561320,12406089252390561320
15,LP-E,20260918,91,0,warmup,91,random,6291456,1048576,626643,8104529662914746708,23430587,21,21,16612665295182228120,16612665295182228120
15,LP-E,20260918,92,0,warmup,92,stride_513,8192,1048576,820,15180636347184713689,1804510,21,21,116592947459441664,116592947459441664
15,LP-E,20260918,93,0,warmup,93,random,100663296,1048576,927649,827152356361201304,36701178,21,21,13269397290078991621,13269397290078991621
15,LP-E,20260918,94,0,warmup,94,stride_1_double,6144,2097152,14,4062409217291857987,3604101,21,21,6714515795548362504,6714515795548362504
15,LP-E,20260918,95,0,warmup,95,pair_same_line,25165824,1048576,2323534,11640321978885843596,36217154,21,21,1669599226302414586,1669599226302414586
15,LP-E,20260918,96,0,warmup,96,stride_513,6291456,1048576,397547,13212020403563075476,14487633,21,21,8960868997562969188,8960868997562969188
15,LP-E,20260918,97,0,warmup,97,pair_same_line,12582912,1048576,159260,10825085202708160591,32510634,21,21,243769092370966438,243769092370966438
15,LP-E,20260918,98,0,warmup,98,stride_513,50331648,1048576,2672812,1737798052615601716,32653952,21,21,8637943036771990349,8637943036771990349
15,LP-E,20260918,99,0,warmup,99,stride_513,6144,1048576,360,8527588552122447666,1798699,21,21,6498767571919667200,6498767571919667200
15,LP-E,20260918,100,0,warmup,100,random,6144,1048576,347,12171763668683038491,1651661,21,21,14834425431411190184,14834425431411190184
15,LP-E,20260918,101,0,warmup,101,stride_1_double,12582912,2097152,1156257,6225693992288066646,5330885,21,21,4025279192146268649,4025279192146268649
15,LP-E,20260918,102,0,warmup,102,stride_1_bis,131072,1048576,12918,9413478407423800719,1805257,21,21,16921412609114818048,16921412609114818048
15,LP-E,20260918,103,0,warmup,103,stride_1,33554432,1048576,3304216,1406297873521881052,2643640,21,21,12816161536520069365,12816161536520069365
15,LP-E,20260918,104,0,warmup,104,stride_1_bis,4096,1048576,407,1641793814299720624,1853681,21,21,8154595385843253248,8154595385843253248
15,LP-E,20260918,105,0,warmup,105,stride_17,65536,1048576,3831,3336012160848058217,1869424,21,21,16423878549329276288,16423878549329276288
15,LP-E,20260918,106,0,warmup,106,pair_same_line,131072,1048576,797,12852023388996420350,2446641,21,21,2637925055201627670,2637925055201627670
15,LP-E,20260918,107,0,warmup,107,stride_1_bis,8192,1048576,263,2650266128340401998,1802395,21,21,116592947459441664,116592947459441664
15,LP-E,20260918,108,0,warmup,108,stride_4097,1048576,1048576,17979,1233456345346613680,2101830,21,21,8797231230870489880,8797231230870489880
15,LP-E,20260918,109,0,warmup,109,random,524288,1048576,11467,7630859493555395929,1732399,21,21,7010175620367985487,7010175620367985487
15,LP-E,20260918,110,0,warmup,110,stride_1_bis,16777216,1048576,184568,8640354769557201434,2698374,21,21,10680383255586324909,10680383255586324909
15,LP-E,20260918,111,0,warmup,111,pair_split_line,2097152,1048576,100185,17725560106655771368,25673466,21,21,5729425841407254024,5729425841407254024
15,LP-E,20260918,112,0,warmup,112,pair_split_line,100663296,1048576,3855721,12011049370797645607,75995378,21,21,7963102285476319974,7963102285476319974
15,LP-E,20260918,113,0,warmup,113,stride_1,12288,1048576,315,2058392849901605287,1813617,21,21,17797377448554342507,17797377448554342507
15,LP-E,20260918,114,0,warmup,114,stride_513,33554432,1048576,2053601,11134272805508621307,33472057,21,21,13265480358169632870,13265480358169632870
15,LP-E,20260918,115,0,warmup,115,stride_1,196608,1048576,2875,6848141932023615504,2310332,21,21,7611561498756118696,7611561498756118696
15,LP-E,20260918,116,0,warmup,116,pair_split_line,268435456,1048576,12067751,10193966994013644219,118348174,21,21,1345800522285246843,1345800522285246843
15,LP-E,20260918,117,0,warmup,117,stride_4097,6144,1048576,561,11654371243980511738,1844928,21,21,14343386430578201876,14343386430578201876
15,LP-E,20260918,118,0,warmup,118,stride_1_bis,524288,1048576,24371,6348835242370655585,1855749,21,21,10061883979847375520,10061883979847375520
15,LP-E,20260918,119,0,warmup,119,stride_513,786432,1048576,80915,12747005090280837701,1992432,21,21,13192199103146003808,13192199103146003808
15,LP-E,20260918,120,0,warmup,120,stride_513,393216,1048576,47716,1050066045240044551,1889371,21,21,14847694413740558592,14847694413740558592
15,LP-E,20260918,121,0,warmup,121,stride_1,3145728,1048576,221355,131398492549661052,2560926,21,21,1000794514817320005,1000794514817320005
15,LP-E,20260918,122,0,warmup,122,pair_split_line,201326592,1048576,5332140,9083306193220303908,101028745,21,21,372176050165115098,372176050165115098
15,LP-E,20260918,123,0,warmup,123,random,196608,1048576,14054,3203092996762138008,1932638,21,21,10817677594651095530,10817677594651095530
15,LP-E,20260918,124,0,warmup,124,random,16384,1048576,511,12012163326021347540,1662621,21,21,10450927737504179555,10450927737504179555
15,LP-E,20260918,125,0,warmup,125,pair_split_line,25165824,1048576,1421298,17058460118282769132,62433836,21,21,16154633095988429301,16154633095988429301
15,LP-E,20260918,126,0,warmup,126,stride_4097,12582912,1048576,447839,11525694371590662211,14423438,21,21,8475252130445954042,8475252130445954042
15,LP-E,20260918,127,0,warmup,127,random,49152,1048576,1530,14220700405850048026,1769837,21,21,10767042669278201077,10767042669278201077
15,LP-E,20260918,128,0,warmup,128,pair_same_line,16777216,1048576,678738,4009576649384776705,33932113,21,21,12435832645310910087,12435832645310910087
15,LP-E,20260918,129,0,warmup,129,stride_1_bis,33554432,1048576,1857212,18270448629275947340,2615505,21,21,3361231341585579129,3361231341585579129
15,LP-E,20260918,130,0,warmup,130,stride_513,100663296,1048576,4203176,10794363667397984402,32309435,21,21,11002784629050575961,11002784629050575961
15,LP-E,20260918,131,0,warmup,131,stride_1,268435456,1048576,19174822,1024496891240364762,2647755,21,21,2895463593268018119,2895463593268018119
15,LP-E,20260918,132,0,warmup,132,stride_513,196608,1048576,5506,15079359108987061425,1922785,21,21,2303624161942002560,2303624161942002560
15,LP-E,20260918,133,0,warmup,133,stride_1,4194304,1048576,114954,14551841642209512951,2645434,21,21,12406089252390561320,12406089252390561320
15,LP-E,20260918,134,0,warmup,134,pair_same_line,67108864,1048576,5577066,17093575998237899869,37313793,21,21,18300760301333841299,18300760301333841299
15,LP-E,20260918,135,0,warmup,135,stride_17,196608,1048576,16900,7438723597429117421,1930603,21,21,18091838505680091189,18091838505680091189
15,LP-E,20260918,136,0,warmup,136,stride_1_double,25165824,2097152,3086071,15331283280859022943,5208161,21,21,12785033382569169847,12785033382569169847
15,LP-E,20260918,137,0,warmup,137,stride_1_double,196608,2097152,15517,2937825970829741063,3621366,21,21,13689641391809574902,13689641391809574902
15,LP-E,20260918,138,0,warmup,138,pair_split_line,8388608,1048576,225301,2311224432296618404,52187939,21,21,15549171799260169101,15549171799260169101
15,LP-E,20260918,139,0,warmup,139,pair_split_line,33554432,1048576,3716262,11584680788690003319,70136702,21,21,2079923675534969453,2079923675534969453
15,LP-E,20260918,140,0,warmup,140,pair_split_line,49152,1048576,3599,11762857186759661119,2907025,21,21,13266463771925029598,13266463771925029598
15,LP-E,20260918,141,0,warmup,141,stride_17,100663296,1048576,9805529,1633184542125733508,29388563,21,21,10452373338186785259,10452373338186785259
15,LP-E,20260918,142,0,warmup,142,stride_17,6144,1048576,285,9250961846134055058,1822346,21,21,14381154593183064376,14381154593183064376
15,LP-E,20260918,143,0,warmup,143,stride_1,1048576,1048576,116318,5022648381967698978,2270588,21,21,8797231230870489880,8797231230870489880
15,LP-E,20260918,144,0,warmup,144,pair_split_line,24576,1048576,2583,13996885566109196517,2567358,21,21,5019574213388070704,5019574213388070704
15,LP-E,20260918,145,0,warmup,145,stride_1,134217728,1048576,8839321,8618085695256033373,2659319,21,21,2924615627769436046,2924615627769436046
15,LP-E,20260918,146,0,warmup,146,stride_1,786432,1048576,12231,8084375964512856361,1892105,21,21,2225165054571639488,2225165054571639488
15,LP-E,20260918,147,0,warmup,147,stride_4097,33554432,1048576,2883510,12792449627351347089,18075977,21,21,14299545520025225664,14299545520025225664
15,LP-E,20260918,148,0,warmup,148,stride_17,201326592,1048576,7847527,11152679800406104159,28999786,21,21,18026640863098442511,18026640863098442511
15,LP-E,20260918,149,0,warmup,149,stride_513,4096,1048576,96,7460972198639993581,1790058,21,21,8154595385843253248,8154595385843253248
15,LP-E,20260918,150,0,warmup,150,stride_4097,4096,1048576,260,3836660232982014672,1795210,21,21,8154595385843253248,8154595385843253248
15,LP-E,20260918,151,0,warmup,151,pair_same_line,1048576,1048576,124355,3633051723623965912,3661429,21,21,3004637658141224647,3004637658141224647
15,LP-E,20260918,152,0,warmup,152,stride_4097,268435456,1048576,16450314,8464441629765064179,24379720,21,21,14337432810207922375,14337432810207922375
15,LP-E,20260918,153,0,warmup,153,stride_4097,67108864,1048576,5746260,5910344377235358726,18034425,21,21,7225079573630002965,7225079573630002965
15,LP-E,20260918,154,0,warmup,154,stride_1_double,16777216,2097152,918092,16219155568098166199,5246756,21,21,12841062978479921428,12841062978479921428
15,LP-E,20260918,155,0,warmup,155,random,2097152,1048576,195861,17622487362132260100,16458974,21,21,9162758327065742840,9162758327065742840
15,LP-E,20260918,156,0,warmup,156,random,32768,1048576,3191,955368635842504244,1678630,21,21,1850985308091094434,1850985308091094434
15,LP-E,20260918,157,0,warmup,157,random,4096,1048576,287,4783239730725607468,1655240,21,21,1927479761245333168,1927479761245333168
15,LP-E,20260918,158,0,warmup,158,stride_1,6291456,1048576,404679,11520685402635864687,2563294,21,21,11783622639663032666,11783622639663032666
15,LP-E,20260918,159,0,warmup,159,stride_17,67108864,1048576,2250688,4982061773292895316,28455914,21,21,16427903126822753277,16427903126822753277
15,LP-E,20260918,160,0,warmup,160,random,8388608,1048576,55183,6988005807827874820,26120532,21,21,10120202779214710097,10120202779214710097
15,LP-E,20260918,161,0,warmup,161,pair_split_line,524288,1048576,52807,12479005746102966660,3187133,21,21,724388711074983859,724388711074983859
15,LP-E,20260918,162,0,warmup,162,stride_513,8388608,1048576,640325,10940230166915211382,16207968,21,21,18303280461608560459,18303280461608560459
15,LP-E,20260918,163,0,warmup,163,stride_1_bis,25165824,1048576,1606794,14243346563313332212,2552287,21,21,13149921293818534939,13149921293818534939
15,LP-E,20260918,164,0,warmup,164,stride_1_bis,8388608,1048576,228385,2314569480075973646,2549708,21,21,18303280461608560459,18303280461608560459
15,LP-E,20260918,165,0,warmup,165,pair_same_line,1572864,1048576,27905,16936223810527681436,7057871,21,21,892027216357355082,892027216357355082
15,LP-E,20260918,166,0,warmup,166,stride_513,32768,1048576,3531,17351170014000133309,2023553,21,21,10598541984122395648,10598541984122395648
15,LP-E,20260918,167,0,warmup,167,pair_split_line,3145728,1048576,17119,6455048801588805886,34569631,21,21,8250639759693073252,8250639759693073252
15,LP-E,20260918,168,0,warmup,168,stride_513,262144,1048576,23919,7658809109468124053,1955235,21,21,3252759155835688704,3252759155835688704
15,LP-E,20260918,169,0,warmup,169,pair_split_line,131072,1048576,14283,14410636277696112183,2626581,21,21,18178227249704325441,18178227249704325441
15,LP-E,20260918,170,0,warmup,170,stride_1,65536,1048576,1409,528274098254183000,1794716,21,21,16423878549329276288,16423878549329276288
15,LP-E,20260918,171,0,warmup,171,stride_4097,1572864,1048576,163329,1567971743479580085,3396862,21,21,409444187101254254,409444187101254254
15,LP-E,20260918,172,0,warmup,172,stride_1,12582912,1048576,724763,13030370589443910783,2650398,21,21,16401428568406831488,16401428568406831488
15,LP-E,20260918,173,0,warmup,173,stride_17,268435456,1048576,31500422,5381320493639070926,27729270,21,21,6582110301610947332,6582110301610947332
15,LP-E,20260918,174,0,warmup,174,stride_17,32768,1048576,1807,12683519938569605052,1828372,21,21,10598541984122395648,10598541984122395648
15,LP-E,20260918,175,0,warmup,175,random,1048576,1048576,20096,9947251846397303874,2667977,21,21,12464629213764211390,12464629213764211390
15,LP-E,20260918,176,0,warmup,176,stride_17,131072,1048576,4913,1553367679111510962,1843154,21,21,16921412609114818048,16921412609114818048
15,LP-E,20260918,177,0,warmup,177,pair_same_line,24576,1048576,1383,7402215167996779809,2222334,21,21,17802528113616851573,17802528113616851573
15,LP-E,20260918,178,0,warmup,178,pair_split_line,4194304,1048576,222954,106199965539816447,38614498,21,21,11974153291061550094,11974153291061550094
15,LP-E,20260918,179,0,warmup,179,stride_1_bis,196608,1048576,5458,4932314965198695221,1857467,21,21,15091320858684651390,15091320858684651390
15,LP-E,20260918,180,0,warmup,180,stride_1_double,4096,2097152,14,13555201084623672971,3575517,21,21,16309190771686506496,16309190771686506496
15,LP-E,20260918,181,0,warmup,181,stride_1_double,6291456,2097152,542416,15958716880411247522,5221398,21,21,6172549125491228429,6172549125491228429
15,LP-E,20260918,182,0,warmup,182,pair_same_line,50331648,1048576,2364553,9222934293567243656,36249110,21,21,3919809636098643950,3919809636098643950
15,LP-E,20260918,183,0,warmup,183,stride_513,268435456,1048576,3517407,3061119344039880473,32780966,21,21,12237613480347048187,12237613480347048187
15,LP-E,20260918,184,0,warmup,184,stride_4097,16384,1048576,1627,3604395888845613050,1794456,21,21,9548053087369131008,9548053087369131008
15,LP-E,20260918,185,0,warmup,185,stride_1_double,131072,2097152,16346,4119477357603205564,3600453,21,21,15396081144520084480,15396081144520084480
15,LP-E,20260918,186,0,warmup,186,stride_1_bis,201326592,1048576,24675332,11886040219352804618,2595405,21,21,12033686782498683181,12033686782498683181
15,LP-E,20260918,187,0,warmup,187,random,67108864,1048576,7444939,7709068303320230653,34332842,21,21,2164118549615096626,2164118549615096626
15,LP-E,20260918,188,0,warmup,188,stride_1_bis,67108864,1048576,6056844,985332849282131712,2706407,21,21,16110702776933546157,16110702776933546157
15,LP-E,20260918,189,0,warmup,189,pair_split_line,786432,1048576,53577,9556307840948383263,3432550,21,21,7848727689088838350,7848727689088838350
15,LP-E,20260918,190,0,warmup,190,pair_same_line,196608,1048576,7370,14169475806899539181,2412058,21,21,12772397760234095147,12772397760234095147
15,LP-E,20260918,191,0,warmup,191,stride_17,2097152,1048576,188097,5863485735079235066,10647933,21,21,14577075130308765988,14577075130308765988
15,LP-E,20260918,192,0,warmup,192,pair_same_line,2097152,1048576,234719,314103966158780615,21043127,21,21,15250062845157080619,15250062845157080619
15,LP-E,20260918,193,0,warmup,193,stride_1_bis,268435456,1048576,2262663,14945563938670488591,2607137,21,21,5579147454842002888,5579147454842002888
15,LP-E,20260918,194,0,warmup,194,pair_split_line,65536,1048576,282,9064820619478698433,2590448,21,21,5045215823988195296,5045215823988195296
15,LP-E,20260918,195,0,warmup,195,pair_split_line,50331648,1048576,2057845,8679835983858553966,68453881,21,21,12477235623396761695,12477235623396761695
15,LP-E,20260918,196,0,warmup,196,stride_1,1572864,1048576,38728,10590333151115667092,2146409,21,21,3456288633436167881,3456288633436167881
15,LP-E,20260918,197,0,warmup,197,stride_513,2097152,1048576,54739,10441241784487848490,10098953,21,21,14577075130308765988,14577075130308765988
15,LP-E,20260918,198,0,warmup,198,stride_1_bis,49152,1048576,4738,5638078828160844980,1798973,21,21,12454843807563032681,12454843807563032681
15,LP-E,20260918,199,0,warmup,199,stride_17,786432,1048576,65322,11286435246388978108,2249670,21,21,13179138954882245531,13179138954882245531
15,LP-E,20260918,200,0,warmup,200,stride_1_bis,12582912,1048576,151848,15589745484476430758,2871824,21,21,5543214309212983565,5543214309212983565
15,LP-E,20260918,201,0,warmup,201,random,131072,1048576,11294,6834899042932962265,2159273,21,21,14817344144697800956,14817344144697800956
15,LP-E,20260918,202,0,warmup,202,stride_1_bis,2097152,1048576,207819,533533390351487844,2766748,21,21,14577075130308765988,14577075130308765988
15,LP-E,20260918,203,0,warmup,203,pair_split_line,12288,1048576,1112,7393676788978986927,2519481,21,21,17063810298893060648,17063810298893060648
15,LP-E,20260918,204,0,warmup,204,pair_split_line,4096,1048576,231,16150534680829085039,2313134,21,21,17503851192348339001,17503851192348339001
15,LP-E,20260918,205,0,warmup,205,random,393216,1048576,25328,4154793598436429674,1866396,21,21,9034552504542592237,9034552504542592237
15,LP-E,20260918,206,0,warmup,206,pair_same_line,8388608,1048576,286830,349160934441015211,33550923,21,21,13834579637484999603,13834579637484999603
15,LP-E,20260918,207,0,warmup,207,stride_17,262144,1048576,12276,9023312259833932777,2130493,21,21,3252759155835688704,3252759155835688704
15,LP-E,20260918,208,0,warmup,208,stride_17,1572864,1048576,70887,12079750588363523287,3794650,21,21,6724025852171135559,6724025852171135559
15,LP-E,20260918,209,0,warmup,209,pair_split_line,6291456,1048576,202568,11665072556351328326,48086794,21,21,13194914459549975031,13194914459549975031
15,LP-E,20260918,210,0,warmup,210,stride_4097,65536,1048576,5542,2582418835270618176,1886715,21,21,16423878549329276288,16423878549329276288
15,LP-E,20260918,211,0,warmup,211,stride_1_double,67108864,2097152,2173765,15972469899867271512,5449964,21,21,16731098983911253335,16731098983911253335
15,LP-E,20260918,212,0,warmup,212,pair_split_line,1048576,1048576,127045,5561906450835482941,3647468,21,21,13735161570323080651,13735161570323080651
15,LP-E,20260918,213,0,warmup,213,stride_4097,196608,1048576,23278,15439475906955050889,1912551,21,21,12981075491433617529,12981075491433617529
15,LP-E,20260918,214,0,warmup,214,random,262144,1048576,460,7609120754441646680,1716784,21,21,1355412221020733017,1355412221020733017
15,LP-E,20260918,215,0,warmup,215,stride_1_bis,1048576,1048576,99066,8711414676545429902,1825372,21,21,8797231230870489880,8797231230870489880
15,LP-E,20260918,216,0,warmup,216,stride_513,1572864,1048576,164709,6234090210972955945,4044613,21,21,15346159349426821392,15346159349426821392
15,LP-E,20260918,217,0,warmup,217,pair_split_line,1572864,1048576,9218,14463643719644413490,6617639,21,21,14424063441770625106,14424063441770625106
15,LP-E,20260918,218,0,warmup,218,pair_same_line,262144,1048576,19652,5289990631737543796,2459599,21,21,15691415042626951606,15691415042626951606
15,LP-E,20260918,219,0,warmup,219,pair_same_line,4194304,1048576,221729,17257620121508222621,29836185,21,21,12025215012784123360,12025215012784123360
15,LP-E,20260918,220,0,warmup,220,pair_same_line,4096,1048576,62,11691678511277769331,2235951,21,21,5719860383725130001,5719860383725130001
15,LP-E,20260918,221,0,warmup,221,stride_17,49152,1048576,2719,6178474624333665620,1869491,21,21,18069811618002727246,18069811618002727246
15,LP-E,20260918,222,0,warmup,222,stride_1_bis,100663296,1048576,11711818,1523743177497738585,2876930,21,21,16963668040033138652,16963668040033138652
15,LP-E,20260918,223,0,warmup,223,stride_513,1048576,1048576,54335,5929773347036820698,2335463,21,21,8797231230870489880,8797231230870489880
15,LP-E,20260918,224,0,warmup,224,stride_1_bis,98304,1048576,7726,5310230287579533702,1797388,21,21,4935220155277555501,4935220155277555501
15,LP-E,20260918,225,0,warmup,225,stride_1_bis,32768,1048576,1360,9313294928934560128,1795021,21,21,10598541984122395648,10598541984122395648
15,LP-E,20260918,226,0,warmup,226,stride_1,49152,1048576,1136,15348424459347289030,1784589,21,21,4421027174212047376,4421027174212047376
15,LP-E,20260918,227,0,warmup,227,stride_4097,3145728,1048576,365526,11732749630553950731,8044148,21,21,1225756706190810844,1225756706190810844
15,LP-E,20260918,228,0,warmup,228,stride_1_double,33554432,2097152,2306725,13140156966435274716,5411422,21,21,2544913722647859746,2544913722647859746
15,LP-E,20260918,229,0,warmup,229,stride_1,16777216,1048576,1094937,13774114671842427256,2605251,21,21,16219396294878121673,16219396294878121673
15,LP-E,20260918,230,0,warmup,230,stride_4097,2097152,1048576,105741,15433680709535165300,4689590,21,21,14577075130308765988,14577075130308765988
15,LP-E,20260918,231,0,warmup,231,stride_1_bis,65536,1048576,2363,5695043160678384264,1801742,21,21,16423878549329276288,16423878549329276288
15,LP-E,20260918,232,0,warmup,232,stride_4097,4194304,1048576,326217,4777357918707773485,5703375,21,21,12406089252390561320,12406089252390561320
15,LP-E,20260918,233,0,warmup,233,stride_1_double,1048576,2097152,56774,8307032606432036419,3843156,21,21,17594462461740979760,17594462461740979760
15,LP-E,20260918,234,0,warmup,234,stride_1_double,65536,2097152,6223,17455748359834889314,3588102,21,21,14401013024949000960,14401013024949000960
15,LP-E,20260918,235,0,warmup,235,stride_4097,786432,1048576,41776,14678216400637020889,1865797,21,21,669187609812617766,669187609812617766
15,LP-E,20260918,236,0,warmup,236,pair_same_line,98304,1048576,9422,5803604804479790548,2372590,21,21,6548742640803386349,6548742640803386349
15,LP-E,20260918,237,0,warmup,237,random,16777216,1048576,645000,6925028042704078121,29833188,21,21,954889605409250057,954889605409250057
15,LP-E,20260918,238,0,warmup,238,stride_4097,131072,1048576,8069,8869399295841748915,1875258,21,21,16921412609114818048,16921412609114818048
15,LP-E,20260918,239,0,warmup,239,pair_split_line,262144,1048576,20483,16718988862923055557,2843963,21,21,15619195824566035687,15619195824566035687
15,LP-E,20260918,240,0,warmup,240,stride_17,12288,1048576,1511,9878269107356293394,1788836,21,21,1555740956472832451,1555740956472832451
15,LP-E,20260918,241,0,warmup,241,stride_1_double,100663296,2097152,2462615,15285310607503701514,5586262,21,21,4957036107690642877,4957036107690642877
15,LP-E,20260918,242,0,warmup,242,stride_17,8192,1048576,414,8777383535284701174,1808760,21,21,116592947459441664,116592947459441664
15,LP-E,20260918,243,0,warmup,243,stride_1,24576,1048576,1921,10023940565911907473,1796930,21,21,9294552316806680398,9294552316806680398
15,LP-E,20260918,244,0,warmup,244,stride_513,98304,1048576,2776,18006505037124401898,1909111,21,21,1589993245443464960,1589993245443464960
15,LP-E,20260918,245,0,warmup,245,stride_4097,262144,1048576,213,8611745937189790148,1904169,21,21,3252759155835688704,3252759155835688704
15,LP-E,20260918,246,0,warmup,246,stride_4097,8192,1048576,648,3317577102267213430,1783848,21,21,116592947459441664,116592947459441664
15,LP-E,20260918,247,0,warmup,247,stride_513,524288,1048576,24973,921790355918215035,1995674,21,21,10061883979847375520,10061883979847375520
15,LP-E,20260918,248,0,warmup,248,stride_1_bis,16384,1048576,58,2128798837193268584,1804054,21,21,9548053087369131008,9548053087369131008
15,LP-E,20260918,249,0,warmup,249,stride_17,25165824,1048576,873506,11076061146427444128,28371452,21,21,8702599591840159538,8702599591840159538
15,LP-E,20260918,250,0,warmup,250,random,3145728,1048576,216251,4688986613761789729,20707692,21,21,8468830587168940112,8468830587168940112
15,LP-E,20260918,251,0,warmup,251,stride_17,4194304,1048576,293103,3797888308623231151,26215623,21,21,12406089252390561320,12406089252390561320
15,LP-E,20260918,252,0,warmup,252,pair_split_line,32768,1048576,1198,1836779983292069899,2342879,21,21,5970282266287392592,5970282266287392592
15,LP-E,20260918,253,0,warmup,253,random,65536,1048576,5708,14293481372126705290,1718550,21,21,13596551867134439350,13596551867134439350
15,LP-E,20260918,254,0,warmup,254,stride_1,201326592,1048576,18356121,15213136211951705914,2745171,21,21,16013888489058375130,16013888489058375130
15,LP-E,20260918,255,0,warmup,255,random,134217728,1048576,4720888,3148370924373310576,37829936,21,21,18433325699769160022,18433325699769160022
15,LP-E,20260918,256,0,warmup,256,pair_same_line,49152,1048576,3579,14896933784142603820,2375351,21,21,12411887551578602310,12411887551578602310
15,LP-E,20260918,257,0,warmup,257,stride_1_double,32768,2097152,2890,9902454434848522388,3589111,21,21,2750339894535239680,2750339894535239680
15,LP-E,20260918,258,0,warmup,258,stride_1_double,262144,2097152,25411,16049820856920523426,3628401,21,21,6505518311671377408,6505518311671377408
15,LP-E,20260918,259,0,warmup,259,stride_17,4096,1048576,507,15705789216694547751,1790657,21,21,8154595385843253248,8154595385843253248
15,LP-E,20260918,260,0,warmup,260,stride_1_double,8388608,2097152,187938,9223772982628189084,5410734,21,21,18159816849507569302,18159816849507569302
15,LP-E,20260918,261,0,warmup,261,random,50331648,1048576,5220711,778710635332941608,33695234,21,21,8457081345149486160,8457081345149486160
15,LP-E,20260918,262,0,warmup,262,random,201326592,1048576,3656606,13508577600848132025,42251213,21,21,15074296433878605006,15074296433878605006
15,LP-E,20260918,263,0,warmup,263,stride_513,3145728,1048576,74045,9820047975529679019,13470861,21,21,13978878534847391976,13978878534847391976
15,LP-E,20260918,264,0,warmup,264,stride_17,134217728,1048576,13496815,1547485041175187368,28882041,21,21,5116896068620048002,5116896068620048002
15,LP-E,20260918,265,0,warmup,265,stride_17,6291456,1048576,312889,7817681149830889326,28743434,21,21,2523886254605168642,2523886254605168642
15,LP-E,20260918,266,0,warmup,266,stride_4097,32768,1048576,2407,8615530828310452239,1805159,21,21,10598541984122395648,10598541984122395648
15,LP-E,20260918,267,0,warmup,267,stride_1,32768,1048576,1222,16211171764547132948,1812649,21,21,10598541984122395648,10598541984122395648
15,LP-E,20260918,268,0,warmup,268,stride_17,3145728,1048576,40229,4237454031111151107,21578982,21,21,7950542695638602719,7950542695638602719
15,LP-E,20260918,269,0,warmup,269,pair_same_line,3145728,1048576,233561,3550062541067321106,30864127,21,21,4064696018213291270,4064696018213291270
15,LP-E,20260918,270,0,warmup,270,stride_1_double,50331648,2097152,4055311,5462562047795786166,5219010,21,21,10281020320572473205,10281020320572473205
15,LP-E,20260918,271,0,warmup,271,random,98304,1048576,12228,3254443483805084358,1862997,21,21,15586755799666015563,15586755799666015563
15,LP-E,20260918,272,0,warmup,272,stride_513,134217728,1048576,4725023,3013295831493404995,32780974,21,21,1712793881720813959,1712793881720813959
15,LP-E,20260918,273,0,warmup,273,stride_1,67108864,1048576,4824045,14642657941009256165,2644597,21,21,4773885590505445904,4773885590505445904
15,LP-E,20260918,274,0,warmup,274,stride_4097,49152,1048576,4034,95809640895047171,1852600,21,21,4091873347555009139,4091873347555009139
15,LP-E,20260918,275,0,warmup,275,random,268435456,1048576,11224529,2802699134714073206,50945483,21,21,8082755862099733959,8082755862099733959
15,LP-E,20260918,276,0,warmup,276,stride_17,8388608,1048576,826135,1385367702539026144,29451583,21,21,18303280461608560459,18303280461608560459
15,LP-E,20260918,277,0,warmup,277,pair_same_line,6144,1048576,296,10970625080169213453,2421402,21,21,6079694363373554282,6079694363373554282
15,LP-E,20260918,278,0,warmup,278,stride_1,2097152,1048576,13855,5978052159148978770,2638509,21,21,14577075130308765988,14577075130308765988
15,LP-E,20260918,279,0,warmup,279,stride_1_double,98304,2097152,12192,6299595674012590855,3773934,21,21,14025183992156383713,14025183992156383713
15,LP-E,20260918,280,0,warmup,280,pair_same_line,12288,1048576,857,8662618189384446766,2412196,21,21,8484566587140779475,8484566587140779475
15,LP-E,20260918,281,0,warmup,281,pair_same_line,393216,1048576,19053,13594253293035762136,3050293,21,21,1183941036789219603,1183941036789219603
15,LP-E,20260918,282,0,warmup,282,pair_split_line,12582912,1048576,1043521,14553382099069882542,54014807,21,21,15462326995304840639,15462326995304840639
15,LP-E,20260918,283,0,warmup,283,pair_same_line,134217728,1048576,14141919,13014563756233377138,42294353,21,21,17350391844024281472,17350391844024281472
15,LP-E,20260918,284,0,warmup,284,stride_17,12582912,1048576,230578,2965467496378992037,29211945,21,21,11527345604929190495,11527345604929190495
15,LP-E,20260918,285,0,warmup,285,pair_same_line,8192,1048576,618,3183705092964193726,2236634,21,21,8598888929277875027,8598888929277875027
15,LP-E,20260918,286,0,warmup,286,pair_split_line,393216,1048576,43966,9706078151871803230,3015896,21,21,9535641690508418638,9535641690508418638
15,LP-E,20260918,287,0,warmup,287,stride_1_double,134217728,2097152,7282886,9735310345158727000,5185529,21,21,2862432668465055406,2862432668465055406
15,LP-E,20260918,288,0,warmup,288,stride_17,393216,1048576,8731,5719071376576903878,2002057,21,21,18204716936587232222,18204716936587232222
15,LP-E,20260918,289,0,warmup,289,stride_4097,134217728,1048576,9509867,8158237304340227346,19754788,21,21,14762402458901628491,14762402458901628491
15,LP-E,20260918,290,0,warmup,290,stride_4097,393216,1048576,38301,9764769323157671876,1961421,21,21,14879702296386108102,14879702296386108102
15,LP-E,20260918,291,0,warmup,291,stride_513,12288,1048576,767,5917650250551723347,1865663,21,21,9502424420678940672,9502424420678940672
15,LP-E,20260918,292,0,warmup,292,stride_1,4096,1048576,456,8402014298105467067,1785402,21,21,8154595385843253248,8154595385843253248
15,LP-E,20260918,293,0,warmup,293,stride_513,201326592,1048576,23465214,5360118525236127995,34626873,21,21,16632151300846287970,16632151300846287970
15,LP-E,20260918,294,0,warmup,294,stride_1_bis,262144,1048576,4964,16284271460303724182,2195541,21,21,3252759155835688704,3252759155835688704
15,LP-E,20260918,295,0,warmup,295,pair_same_line,16384,1048576,893,6981616929402726806,3591030,21,21,15731098576458531057,15731098576458531057
15,LP-E,20260918,296,0,warmup,296,pair_same_line,524288,1048576,61778,9265413337316029741,3224713,21,21,14663419817530426532,14663419817530426532
15,LP-E,20260918,297,1,measure,0,pair_same_line,2097152,1048576,148529,16098189371824154232,23214250,21,21,1609162589110909146,1609162589110909146
15,LP-E,20260918,298,1,measure,1,stride_1,131072,1048576,15285,9543711917508243300,1818320,21,21,16921412609114818048,16921412609114818048
15,LP-E,20260918,299,1,measure,2,stride_1,1048576,1048576,126624,13541478244598196183,1899337,21,21,8797231230870489880,8797231230870489880
15,LP-E,20260918,300,1,measure,3,pair_split_line,134217728,1048576,11188892,9280806757813595791,89889267,21,21,3263514343895401936,3263514343895401936
15,LP-E,20260918,301,1,measure,4,stride_1_bis,268435456,1048576,11778869,725379669066390814,3105672,21,21,3732072896834359130,3732072896834359130
15,LP-E,20260918,302,1,measure,5,stride_1_double,16384,2097152,1849,8357384897636351613,3797393,21,21,649362101028710400,649362101028710400
15,LP-E,20260918,303,1,measure,6,stride_1_bis,65536,1048576,4037,10221278217503782261,1798887,21,21,16423878549329276288,16423878549329276288
15,LP-E,20260918,304,1,measure,7,pair_split_line,4096,1048576,421,4333793989185672805,2305712,21,21,7400732124021216310,7400732124021216310
15,LP-E,20260918,305,1,measure,8,stride_17,4194304,1048576,168730,10713260295868054137,28509366,21,21,12406089252390561320,12406089252390561320
15,LP-E,20260918,306,1,measure,9,stride_513,65536,1048576,6135,15295842547297356137,2244063,21,21,16423878549329276288,16423878549329276288
15,LP-E,20260918,307,1,measure,10,random,12582912,1048576,309090,6640728959189571972,28626236,21,21,8981174605691351117,8981174605691351117
15,LP-E,20260918,308,1,measure,11,stride_1_double,8388608,2097152,188912,658151576317244718,6229317,21,21,18159816849507569302,18159816849507569302
15,LP-E,20260918,309,1,measure,12,pair_split_line,50331648,1048576,1986361,1681749175655310163,71213209,21,21,8096652533810205291,8096652533810205291
15,LP-E,20260918,310,1,measure,13,stride_4097,8192,1048576,902,15778162665412551893,1989809,21,21,116592947459441664,116592947459441664
15,LP-E,20260918,311,1,measure,14,stride_1_bis,2097152,1048576,211980,8967102350066838374,2663420,21,21,14577075130308765988,14577075130308765988
15,LP-E,20260918,312,1,measure,15,stride_17,8388608,1048576,53729,8113944610536062447,27932941,21,21,18303280461608560459,18303280461608560459
15,LP-E,20260918,313,1,measure,16,stride_1_double,262144,2097152,17143,10194886909755051005,4556754,21,21,6505518311671377408,6505518311671377408
15,LP-E,20260918,314,1,measure,17,stride_4097,98304,1048576,4410,542878912964413598,1857754,21,21,11114440211777100297,11114440211777100297
15,LP-E,20260918,315,1,measure,18,pair_same_line,16777216,1048576,1681486,15858771249481012526,33129905,21,21,10452867726033896806,10452867726033896806
15,LP-E,20260918,316,1,measure,19,pair_same_line,12288,1048576,120,15130485725968022524,2243283,21,21,16275632139601124677,16275632139601124677
15,LP-E,20260918,317,1,measure,20,stride_1,8192,1048576,185,11630433403479089484,1796535,21,21,116592947459441664,116592947459441664
15,LP-E,20260918,318,1,measure,21,pair_split_line,393216,1048576,30131,17890458312645824685,3013729,21,21,6610817495203841160,6610817495203841160
15,LP-E,20260918,319,1,measure,22,stride_1_bis,98304,1048576,8865,3144612109733793242,1792439,21,21,4406016466329850635,4406016466329850635
15,LP-E,20260918,320,1,measure,23,stride_1_bis,196608,1048576,3624,15313258302305959447,1795064,21,21,16864488842071122106,16864488842071122106
15,LP-E,20260918,321,1,measure,24,pair_split_line,12288,1048576,656,17012068511633889440,2316047,21,21,2502570590475649898,2502570590475649898
15,LP-E,20260918,322,1,measure,25,pair_split_line,16384,1048576,1432,10922759787850986403,2315972,21,21,1741379889305015021,1741379889305015021
15,LP-E,20260918,323,1,measure,26,random,4194304,1048576,148288,1679220283886280487,23506349,21,21,8455299830850805523,8455299830850805523
15,LP-E,20260918,324,1,measure,27,pair_same_line,49152,1048576,5494,9948337638940050866,2352650,21,21,1919690673114292927,1919690673114292927
15,LP-E,20260918,325,1,measure,28,random,196608,1048576,544,1183099627783783607,1814430,21,21,5174533943541229968,5174533943541229968
15,LP-E,20260918,326,1,measure,29,stride_1_bis,16384,1048576,19,7841723272406214910,1808726,21,21,9548053087369131008,9548053087369131008
15,LP-E,20260918,327,1,measure,30,stride_1,2097152,1048576,84584,5904827644638196858,2417346,21,21,14577075130308765988,14577075130308765988
15,LP-E,20260918,328,1,measure,31,pair_split_line,49152,1048576,6042,9758465933969650843,2516566,21,21,13087530043656690215,13087530043656690215
15,LP-E,20260918,329,1,measure,32,pair_split_line,100663296,1048576,12181275,15741741343701129982,77747188,21,21,6154065039524417557,6154065039524417557
15,LP-E,20260918,330,1,measure,33,stride_17,25165824,1048576,105466,11266615525544405658,29639278,21,21,14758021108688303108,14758021108688303108
15,LP-E,20260918,331,1,measure,34,pair_same_line,32768,1048576,1140,17424017021688936890,2643798,21,21,4926306896023961038,4926306896023961038
15,LP-E,20260918,332,1,measure,35,stride_1_bis,3145728,1048576,299639,12526445871232370195,2595989,21,21,3787985695314703707,3787985695314703707
15,LP-E,20260918,333,1,measure,36,pair_same_line,1572864,1048576,70456,9804462294676529203,6405792,21,21,9333081384456845126,9333081384456845126
15,LP-E,20260918,334,1,measure,37,stride_1,25165824,1048576,2472400,11546929858561919310,2677976,21,21,18357978240447304031,18357978240447304031
15,LP-E,20260918,335,1,measure,38,stride_17,1048576,1048576,42979,9761344301189488330,2598312,21,21,8797231230870489880,8797231230870489880
15,LP-E,20260918,336,1,measure,39,stride_1_double,67108864,2097152,5094215,14814283947360476652,5883073,21,21,10096535448778467819,10096535448778467819
15,LP-E,20260918,337,1,measure,40,random,49152,1048576,484,9210563701755676082,1926227,21,21,6327761709217049803,6327761709217049803
15,LP-E,20260918,338,1,measure,41,stride_4097,201326592,1048576,19528139,4017572525362707073,25528497,21,21,10890534787318764592,10890534787318764592
15,LP-E,20260918,339,1,measure,42,stride_513,1048576,1048576,25934,1022796261069883713,3173417,21,21,8797231230870489880,8797231230870489880
15,LP-E,20260918,340,1,measure,43,pair_split_line,524288,1048576,8854,3037226581566266741,3055302,21,21,8360927316419722508,8360927316419722508
15,LP-E,20260918,341,1,measure,44,stride_17,262144,1048576,4908,9324302527618339874,2225769,21,21,3252759155835688704,3252759155835688704
15,LP-E,20260918,342,1,measure,45,stride_513,98304,1048576,8239,2328465010330902124,1954115,21,21,1589993245443464960,1589993245443464960
15,LP-E,20260918,343,1,measure,46,pair_split_line,6291456,1048576,375936,17775746587562633996,47322578,21,21,16651987228998748830,16651987228998748830
15,LP-E,20260918,344,1,measure,47,stride_17,33554432,1048576,1791929,15179285870288945475,30132539,21,21,743018734087011213,743018734087011213
15,LP-E,20260918,345,1,measure,48,stride_513,67108864,1048576,7414064,2345059620492052993,34884158,21,21,2329088470098560162,2329088470098560162
15,LP-E,20260918,346,1,measure,49,pair_split_line,1048576,1048576,62548,12406183400861058731,4137234,21,21,18318522460342570848,18318522460342570848
15,LP-E,20260918,347,1,measure,50,stride_1_bis,33554432,1048576,3343336,4201632080126157891,2915827,21,21,1702551589256592358,1702551589256592358
15,LP-E,20260918,348,1,measure,51,random,786432,1048576,86839,5306598706649007844,2425672,21,21,15183366953483904460,15183366953483904460
15,LP-E,20260918,349,1,measure,52,stride_1,4096,1048576,166,16930110603557979792,2274907,21,21,8154595385843253248,8154595385843253248
15,LP-E,20260918,350,1,measure,53,stride_17,2097152,1048576,71581,2438271140030173136,10808809,21,21,14577075130308765988,14577075130308765988
15,LP-E,20260918,351,1,measure,54,random,12288,1048576,439,5512820001788644984,1693541,21,21,6014061493393978070,6014061493393978070
15,LP-E,20260918,352,1,measure,55,pair_same_line,131072,1048576,3467,10166231700510920202,2438942,21,21,14908390398156586244,14908390398156586244
15,LP-E,20260918,353,1,measure,56,stride_4097,24576,1048576,1923,3488542061314358136,1996779,21,21,7003557964097954946,7003557964097954946
15,LP-E,20260918,354,1,measure,57,stride_513,12582912,1048576,169438,2738543085783133784,25648383,21,21,4963127596952158292,4963127596952158292
15,LP-E,20260918,355,1,measure,58,stride_17,6144,1048576,444,12424662358220980468,1803792,21,21,18219134823834640380,18219134823834640380
15,LP-E,20260918,356,1,measure,59,pair_split_line,8192,1048576,334,17179971638812618185,2313729,21,21,13016187421004390723,13016187421004390723
15,LP-E,20260918,357,1,measure,60,stride_513,24576,1048576,1451,1519010462752311024,1799649,21,21,13347672456076306432,13347672456076306432
15,LP-E,20260918,358,1,measure,61,stride_513,50331648,1048576,2834926,17140084876629378655,34358654,21,21,1860808237814752167,1860808237814752167
15,LP-E,20260918,359,1,measure,62,stride_1_double,8192,2097152,831,15364593509165635382,3592165,21,21,233185894918883328,233185894918883328
15,LP-E,20260918,360,1,measure,63,pair_same_line,100663296,1048576,7004382,5524161632495247174,40082179,21,21,3243123063515412829,3243123063515412829
15,LP-E,20260918,361,1,measure,64,stride_513,4194304,1048576,163436,18420743805717721053,13317286,21,21,12406089252390561320,12406089252390561320
15,LP-E,20260918,362,1,measure,65,stride_17,50331648,1048576,4739581,5949736704489701923,28798420,21,21,3741976742305392437,3741976742305392437
15,LP-E,20260918,363,1,measure,66,random,134217728,1048576,9064172,1005701074984839369,37991199,21,21,6218563643577003958,6218563643577003958
15,LP-E,20260918,364,1,measure,67,stride_1,12582912,1048576,527334,569532944536966635,2600983,21,21,4685373297157140688,4685373297157140688
15,LP-E,20260918,365,1,measure,68,stride_513,16777216,1048576,26778,16490466588405122535,31503038,21,21,1295817083324459850,1295817083324459850
15,LP-E,20260918,366,1,measure,69,stride_1,1572864,1048576,37418,10776187889713035333,2180366,21,21,11940663373652278325,11940663373652278325
15,LP-E,20260918,367,1,measure,70,stride_1_double,65536,2097152,2868,4785085186322219396,3598747,21,21,14401013024949000960,14401013024949000960
15,LP-E,20260918,368,1,measure,71,stride_4097,1048576,1048576,91521,7340632474120553717,1930164,21,21,8797231230870489880,8797231230870489880
15,LP-E,20260918,369,1,measure,72,stride_4097,6144,1048576,412,4220854170205287765,1792926,21,21,433175930434352560,433175930434352560
15,LP-E,20260918,370,1,measure,73,stride_4097,32768,1048576,1809,16531100802238139727,1836733,21,21,10598541984122395648,10598541984122395648
15,LP-E,20260918,371,1,measure,74,stride_513,6144,1048576,387,6100691429991453854,1792372,21,21,6498767571919667200,6498767571919667200
15,LP-E,20260918,372,1,measure,75,random,8192,1048576,512,2024805411308638775,1671237,21,21,3664814041110669042,3664814041110669042
15,LP-E,20260918,373,1,measure,76,random,24576,1048576,2526,9268452722928306422,1673170,21,21,14894386488063054091,14894386488063054091
15,LP-E,20260918,374,1,measure,77,stride_1_bis,16777216,1048576,150493,2228788867675659249,2556000,21,21,1859074096935134520,1859074096935134520
15,LP-E,20260918,375,1,measure,78,stride_17,12582912,1048576,145801,10539615245084064758,27796651,21,21,18169122902927907085,18169122902927907085
15,LP-E,20260918,376,1,measure,79,stride_17,1572864,1048576,10283,3097934245830099310,3716053,21,21,2761631170804382550,2761631170804382550
15,LP-E,20260918,377,1,measure,80,stride_1_bis,67108864,1048576,3660886,9747718486643128023,2617758,21,21,12207443411119418215,12207443411119418215
15,LP-E,20260918,378,1,measure,81,pair_same_line,786432,1048576,5170,1362944026571199851,3344083,21,21,906678391286581152,906678391286581152
15,LP-E,20260918,379,1,measure,82,stride_4097,49152,1048576,1291,5691869525108460673,1853637,21,21,9278456541393049475,9278456541393049475
15,LP-E,20260918,380,1,measure,83,stride_4097,50331648,1048576,6158618,1327727357472001940,19777405,21,21,11452081283447219560,11452081283447219560
15,LP-E,20260918,381,1,measure,84,random,16777216,1048576,878571,18271988042681480070,28860106,21,21,3678016845682667171,3678016845682667171
15,LP-E,20260918,382,1,measure,85,stride_1_bis,50331648,1048576,1112825,14126725260026076917,2646537,21,21,8986077671305056156,8986077671305056156
15,LP-E,20260918,383,1,measure,86,stride_4097,100663296,1048576,11693612,5175536666361350268,21497546,21,21,12714857414577339431,12714857414577339431
15,LP-E,20260918,384,1,measure,87,pair_same_line,50331648,1048576,5289428,13848141427718565319,36979962,21,21,15740780335535542835,15740780335535542835
15,LP-E,20260918,385,1,measure,88,stride_1_bis,262144,1048576,7390,1864517538148962332,1819656,21,21,3252759155835688704,3252759155835688704
15,LP-E,20260918,386,1,measure,89,stride_4097,6291456,1048576,521159,5192973994086060573,14454283,21,21,15952585550581478064,15952585550581478064
15,LP-E,20260918,387,1,measure,90,stride_1,4194304,1048576,319824,4911267007458642383,2640602,21,21,12406089252390561320,12406089252390561320
15,LP-E,20260918,388,1,measure,91,stride_1_bis,201326592,1048576,11893300,6818310373602033008,2578520,21,21,7544597563521416628,7544597563521416628
15,LP-E,20260918,389,1,measure,92,stride_1_double,524288,2097152,22935,5555153155281319035,3656857,21,21,1677023885985199424,1677023885985199424
15,LP-E,20260918,390,1,measure,93,stride_1_double,393216,2097152,30465,17501090824315077198,3638234,21,21,505701464838555001,505701464838555001
15,LP-E,20260918,391,1,measure,94,stride_1_double,786432,2097152,44082,3936461012709599653,3617035,21,21,285137565445881312,285137565445881312
15,LP-E,20260918,392,1,measure,95,pair_same_line,1048576,1048576,8340,14838966787832050738,3076172,21,21,12713488767402075188,12713488767402075188
15,LP-E,20260918,393,1,measure,96,random,16384,1048576,242,6310754997422732739,1661838,21,21,17392383678658957724,17392383678658957724
15,LP-E,20260918,394,1,measure,97,stride_17,98304,1048576,3356,17309993067952242895,1845367,21,21,11015463953982219286,11015463953982219286
15,LP-E,20260918,395,1,measure,98,pair_same_line,8388608,1048576,631290,12333405230327448251,31922969,21,21,5816158719910830641,5816158719910830641
15,LP-E,20260918,396,1,measure,99,stride_17,3145728,1048576,350273,14110284481499715657,20630319,21,21,9394851672460158083,9394851672460158083
15,LP-E,20260918,397,1,measure,100,stride_1,33554432,1048576,981299,867671567471366783,2637207,21,21,15828742654067724702,15828742654067724702
15,LP-E,20260918,398,1,measure,101,stride_17,4096,1048576,308,13879502489264527607,1803822,21,21,8154595385843253248,8154595385843253248
15,LP-E,20260918,399,1,measure,102,stride_4097,3145728,1048576,123078,2487464456483031233,8619210,21,21,4344628777133353459,4344628777133353459
15,LP-E,20260918,400,1,measure,103,stride_513,196608,1048576,12374,4796157729334629573,1908569,21,21,8126674812445135616,8126674812445135616
15,LP-E,20260918,401,1,measure,104,stride_1,134217728,1048576,16097012,8777031312810403907,2561260,21,21,3430650796919368523,3430650796919368523
15,LP-E,20260918,402,1,measure,105,stride_1,524288,1048576,2094,16173473593349970057,1853038,21,21,10061883979847375520,10061883979847375520
15,LP-E,20260918,403,1,measure,106,stride_1,67108864,1048576,1124865,4041435975348071982,2545021,21,21,2821675108180137536,2821675108180137536
15,LP-E,20260918,404,1,measure,107,stride_1,49152,1048576,53,8298364698626478450,1811477,21,21,16475393474191471536,16475393474191471536
15,LP-E,20260918,405,1,measure,108,stride_1,8388608,1048576,908516,16519180262176195832,2652119,21,21,18303280461608560459,18303280461608560459
15,LP-E,20260918,406,1,measure,109,random,262144,1048576,11237,7409940861791949107,1913125,21,21,6496045493232808085,6496045493232808085
15,LP-E,20260918,407,1,measure,110,stride_17,49152,1048576,4529,832643406930711702,1846002,21,21,6527095822291720180,6527095822291720180
15,LP-E,20260918,408,1,measure,111,stride_1,3145728,1048576,43143,13915856776322812532,2503056,21,21,6751952491224659823,6751952491224659823
15,LP-E,20260918,409,1,measure,112,stride_1,393216,1048576,29190,7275961794601394093,1837079,21,21,13125594778680437833,13125594778680437833
15,LP-E,20260918,410,1,measure,113,stride_1_bis,4096,1048576,314,14040590391897887264,1784875,21,21,8154595385843253248,8154595385843253248
15,LP-E,20260918,411,1,measure,114,random,33554432,1048576,2958544,9719482295892408540,31489455,21,21,7212420279000434161,7212420279000434161
15,LP-E,20260918,412,1,measure,115,random,393216,1048576,7560,13518000183269207458,2060863,21,21,15507161420572104885,15507161420572104885
15,LP-E,20260918,413,1,measure,116,stride_1_bis,49152,1048576,1807,4055519301504643605,1804431,21,21,14196388907138603223,14196388907138603223
15,LP-E,20260918,414,1,measure,117,stride_17,12288,1048576,786,1284884284096158424,1822288,21,21,972146956812118172,972146956812118172
15,LP-E,20260918,415,1,measure,118,stride_4097,196608,1048576,16454,2870598520637004810,1858578,21,21,6437533343576649844,6437533343576649844
15,LP-E,20260918,416,1,measure,119,stride_513,262144,1048576,11189,4664345303840915098,1834478,21,21,3252759155835688704,3252759155835688704
15,LP-E,20260918,417,1,measure,120,stride_1_double,134217728,2097152,13664855,4238320432329337448,5390972,21,21,13970542792855260178,13970542792855260178
15,LP-E,20260918,418,1,measure,121,stride_1,16777216,1048576,948666,15647792049437073456,2578267,21,21,15989233532734911768,15989233532734911768
15,LP-E,20260918,419,1,measure,122,stride_1_double,131072,2097152,9227,3602468123065746467,3622762,21,21,15396081144520084480,15396081144520084480
15,LP-E,20260918,420,1,measure,123,stride_513,8388608,1048576,728416,8534573760847069023,16364462,21,21,18303280461608560459,18303280461608560459
15,LP-E,20260918,421,1,measure,124,stride_1_double,6144,2097152,385,2975382093442607133,3637283,21,21,13059545269722303808,13059545269722303808
15,LP-E,20260918,422,1,measure,125,stride_4097,65536,1048576,1963,9006148934778688361,1871737,21,21,16423878549329276288,16423878549329276288
15,LP-E,20260918,423,1,measure,126,stride_1_double,201326592,2097152,15078444,381142429729981511,5155203,21,21,12991733852606925363,12991733852606925363
15,LP-E,20260918,424,1,measure,127,pair_same_line,33554432,1048576,2243205,14714832471282630208,34894451,21,21,18057101014614470033,18057101014614470033
15,LP-E,20260918,425,1,measure,128,stride_1_double,50331648,2097152,3171373,5562072525774422440,5210575,21,21,17704581978703064451,17704581978703064451
15,LP-E,20260918,426,1,measure,129,pair_same_line,65536,1048576,2243,16130239999545669769,2422032,21,21,4852440224602705787,4852440224602705787
15,LP-E,20260918,427,1,measure,130,stride_1_double,196608,2097152,10333,15429062852362289053,3592888,21,21,1953625372760732764,1953625372760732764
15,LP-E,20260918,428,1,measure,131,stride_1_bis,12288,1048576,1444,2033690279365094254,1795828,21,21,185271592970740817,185271592970740817
15,LP-E,20260918,429,1,measure,132,stride_4097,134217728,1048576,4290067,10235757308042010091,18903269,21,21,9719934904574934580,9719934904574934580
15,LP-E,20260918,430,1,measure,133,random,67108864,1048576,5943426,3798912179447626886,33740535,21,21,3729807762210250951,3729807762210250951
15,LP-E,20260918,431,1,measure,134,stride_513,2097152,1048576,201314,16908634709544703680,10624085,21,21,14577075130308765988,14577075130308765988
15,LP-E,20260918,432,1,measure,135,stride_1_double,33554432,2097152,3298932,16935042749150395499,5482935,21,21,1775587126950101121,1775587126950101121
15,LP-E,20260918,433,1,measure,136,stride_17,32768,1048576,916,10064399001132582052,1816560,21,21,10598541984122395648,10598541984122395648
15,LP-E,20260918,434,1,measure,137,stride_1_bis,25165824,1048576,2493425,7150641844414213133,2595064,21,21,11814452942068705372,11814452942068705372
15,LP-E,20260918,435,1,measure,138,stride_4097,67108864,1048576,2620523,13406227496390647262,18085719,21,21,13623081884024164272,13623081884024164272
15,LP-E,20260918,436,1,measure,139,stride_1_double,3145728,2097152,118713,2338652235499391398,5056695,21,21,14810236087890505716,14810236087890505716
15,LP-E,20260918,437,1,measure,140,random,6291456,1048576,471154,13468872381467004174,24839856,21,21,11019574933981286131,11019574933981286131
15,LP-E,20260918,438,1,measure,141,pair_split_line,8388608,1048576,527690,12585182867759331990,49469893,21,21,10844751181446311517,10844751181446311517
15,LP-E,20260918,439,1,measure,142,pair_split_line,262144,1048576,5391,6070627749268459675,2871333,21,21,6373686047453412436,6373686047453412436
15,LP-E,20260918,440,1,measure,143,pair_split_line,131072,1048576,2071,10580667292794211969,2634432,21,21,4049166340406466526,4049166340406466526
15,LP-E,20260918,441,1,measure,144,stride_1_bis,1572864,1048576,68981,8770633698398937904,2174156,21,21,10694661006479401349,10694661006479401349
15,LP-E,20260918,442,1,measure,145,stride_1,32768,1048576,3252,12780041233078465651,1987219,21,21,10598541984122395648,10598541984122395648
15,LP-E,20260918,443,1,measure,146,pair_split_line,32768,1048576,295,15169367704151901828,2535394,21,21,9338315039440244794,9338315039440244794
15,LP-E,20260918,444,1,measure,147,stride_1_double,16777216,2097152,1739293,2891473555468572460,5475852,21,21,12841062978479921428,12841062978479921428
15,LP-E,20260918,445,1,measure,148,stride_1,201326592,1048576,13338555,17774051885018416643,3085589,21,21,14246115108013671122,14246115108013671122
15,LP-E,20260918,446,1,measure,149,random,25165824,1048576,1314273,8936021551272256170,33071065,21,21,7248422523479018901,7248422523479018901
15,LP-E,20260918,447,1,measure,150,stride_1,268435456,1048576,7560707,15239390927697520455,2935074,21,21,3287278037455015430,3287278037455015430
15,LP-E,20260918,448,1,measure,151,stride_1_double,268435456,2097152,10518677,7618102034259441305,5917503,21,21,3480691524177269802,3480691524177269802
15,LP-E,20260918,449,1,measure,152,pair_same_line,4096,1048576,84,13129495276623018015,2253629,21,21,4835835591898313400,4835835591898313400
15,LP-E,20260918,450,1,measure,153,pair_same_line,262144,1048576,17325,9317684403156288188,2741041,21,21,904094139174835298,904094139174835298
15,LP-E,20260918,451,1,measure,154,pair_split_line,196608,1048576,12348,10745929587493345915,2652427,21,21,12091462799572209815,12091462799572209815
15,LP-E,20260918,452,1,measure,155,stride_17,16384,1048576,1553,1625454745097785581,2092916,21,21,9548053087369131008,9548053087369131008
15,LP-E,20260918,453,1,measure,156,pair_split_line,2097152,1048576,62513,11970302161485307551,25152043,21,21,10031891905635327094,10031891905635327094
15,LP-E,20260918,454,1,measure,157,stride_4097,25165824,1048576,590013,13640836889257344383,18087791,21,21,9210188334131365020,9210188334131365020
15,LP-E,20260918,455,1,measure,158,stride_1,6291456,1048576,91312,17934140578318388930,2644008,21,21,8973271322126826244,8973271322126826244
15,LP-E,20260918,456,1,measure,159,stride_513,201326592,1048576,17717430,8993259023003022216,32859588,21,21,6211813352375454017,6211813352375454017
15,LP-E,20260918,457,1,measure,160,stride_1_bis,786432,1048576,83533,10167235782362748209,1901780,21,21,15852944266549502713,15852944266549502713
15,LP-E,20260918,458,1,measure,161,pair_split_line,12582912,1048576,1312242,13662100474571697682,53566336,21,21,17743117967007125196,17743117967007125196
15,LP-E,20260918,459,1,measure,162,random,131072,1048576,4814,15740527164735477457,1810120,21,21,2355346424894850337,2355346424894850337
15,LP-E,20260918,460,1,measure,163,stride_1,50331648,1048576,319494,17092556547968207380,2642519,21,21,3401393446751060034,3401393446751060034
15,LP-E,20260918,461,1,measure,164,stride_1_double,25165824,2097152,1194136,18148805467050585165,5110831,21,21,11568477223814226605,11568477223814226605
15,LP-E,20260918,462,1,measure,165,stride_1,12288,1048576,1265,16781656044819069219,1799060,21,21,14872461367098972499,14872461367098972499
15,LP-E,20260918,463,1,measure,166,stride_513,524288,1048576,44989,5701438380852300593,1994229,21,21,10061883979847375520,10061883979847375520
15,LP-E,20260918,464,1,measure,167,stride_4097,4096,1048576,475,13140528683560781584,1787809,21,21,8154595385843253248,8154595385843253248
15,LP-E,20260918,465,1,measure,168,stride_1_bis,12582912,1048576,24604,10452668670060049554,2525254,21,21,15581652843036407288,15581652843036407288
15,LP-E,20260918,466,1,measure,169,pair_split_line,16777216,1048576,1434152,17027252073041783457,56541987,21,21,9821218478910995293,9821218478910995293
15,LP-E,20260918,467,1,measure,170,pair_same_line,8192,1048576,864,5927799045344795720,2300094,21,21,17419556419610820067,17419556419610820067
15,LP-E,20260918,468,1,measure,171,stride_513,268435456,1048576,11689105,9515482077156069986,33490316,21,21,2707056275132561761,2707056275132561761
15,LP-E,20260918,469,1,measure,172,pair_same_line,196608,1048576,4018,5888998437274164910,2754412,21,21,12225896907392922770,12225896907392922770
15,LP-E,20260918,470,1,measure,173,pair_same_line,16384,1048576,636,11579423482963561713,2254351,21,21,13835121070895885103,13835121070895885103
15,LP-E,20260918,471,1,measure,174,random,524288,1048576,4966,1262733382032025733,2092087,21,21,1318977294415003438,1318977294415003438
15,LP-E,20260918,472,1,measure,175,stride_17,201326592,1048576,19757493,1036135031679769555,29133819,21,21,8607251306184841770,8607251306184841770
15,LP-E,20260918,473,1,measure,176,stride_1_bis,1048576,1048576,52122,17971829931150775551,1969223,21,21,8797231230870489880,8797231230870489880
15,LP-E,20260918,474,1,measure,177,random,1572864,1048576,157620,15469736322843796897,4665744,21,21,1352710340120118981,1352710340120118981
15,LP-E,20260918,475,1,measure,178,random,6144,1048576,274,4498327148870545844,1665951,21,21,1514626305680640272,1514626305680640272
15,LP-E,20260918,476,1,measure,179,stride_1,16384,1048576,1227,3760149876589231633,1794140,21,21,9548053087369131008,9548053087369131008
15,LP-E,20260918,477,1,measure,180,stride_1_bis,8388608,1048576,842570,7808639594252557084,2600919,21,21,18303280461608560459,18303280461608560459
15,LP-E,20260918,478,1,measure,181,stride_17,16777216,1048576,306609,8731149518996790859,28580690,21,21,10556456681745748232,10556456681745748232
15,LP-E,20260918,479,1,measure,182,random,268435456,1048576,4887938,14751093394973438740,49097247,21,21,3097347759081135642,3097347759081135642
15,LP-E,20260918,480,1,measure,183,stride_4097,262144,1048576,14694,7878740540089451037,1914084,21,21,3252759155835688704,3252759155835688704
15,LP-E,20260918,481,1,measure,184,random,1048576,1048576,102324,11336689128769653731,2466189,21,21,9025804425049367874,9025804425049367874
15,LP-E,20260918,482,1,measure,185,stride_4097,12288,1048576,1119,3882350648094029736,1829183,21,21,4079120453423602523,4079120453423602523
15,LP-E,20260918,483,1,measure,186,stride_4097,2097152,1048576,260905,6738969126903336261,4761629,21,21,14577075130308765988,14577075130308765988
15,LP-E,20260918,484,1,measure,187,pair_same_line,3145728,1048576,37089,17070228412853325943,27940592,21,21,6372062021797802614,6372062021797802614
15,LP-E,20260918,485,1,measure,188,stride_1_bis,6144,1048576,391,13482628125260373542,1798257,21,21,14149235116774379890,14149235116774379890
15,LP-E,20260918,486,1,measure,189,stride_1_bis,393216,1048576,48690,9035517342022265255,1820265,21,21,1125303960466539856,1125303960466539856
15,LP-E,20260918,487,1,measure,190,stride_1_double,1048576,2097152,29152,6621745828672216386,3680328,21,21,17594462461740979760,17594462461740979760
15,LP-E,20260918,488,1,measure,191,stride_513,3145728,1048576,382471,13369908804380294876,12712498,21,21,4696861105486946824,4696861105486946824
15,LP-E,20260918,489,1,measure,192,pair_same_line,393216,1048576,2390,15573340527747586774,2734122,21,21,7901480810196648987,7901480810196648987
15,LP-E,20260918,490,1,measure,193,stride_4097,33554432,1048576,1034242,12583136880041572918,17947090,21,21,16452748719946533934,16452748719946533934
15,LP-E,20260918,491,1,measure,194,stride_1_double,49152,2097152,521,4671557603496307479,3598188,21,21,1416906558243803732,1416906558243803732
15,LP-E,20260918,492,1,measure,195,pair_same_line,6144,1048576,520,11895590153780834759,2220891,21,21,6555718343771443916,6555718343771443916
15,LP-E,20260918,493,1,measure,196,stride_4097,268435456,1048576,19740512,13178864126212950766,23924753,21,21,92649040486589409,92649040486589409
15,LP-E,20260918,494,1,measure,197,stride_1_double,100663296,2097152,3870363,925985040547910020,5194482,21,21,3270705481404780007,3270705481404780007
15,LP-E,20260918,495,1,measure,198,stride_1_double,12288,2097152,900,5700380283936527655,3598185,21,21,12431315513458999386,12431315513458999386
15,LP-E,20260918,496,1,measure,199,pair_split_line,98304,1048576,12073,5725717764085012710,2655028,21,21,4761389594896857018,4761389594896857018
15,LP-E,20260918,497,1,measure,200,stride_17,24576,1048576,1681,7513131588908079538,1783681,21,21,18094486948987095411,18094486948987095411
15,LP-E,20260918,498,1,measure,201,random,65536,1048576,7913,11661664700527372068,1694505,21,21,9727037579517675044,9727037579517675044
15,LP-E,20260918,499,1,measure,202,pair_same_line,98304,1048576,3151,13674061838591720687,2449734,21,21,336764771777088378,336764771777088378
15,LP-E,20260918,500,1,measure,203,stride_17,134217728,1048576,15775230,1787477814871589372,28146554,21,21,8202353257877223489,8202353257877223489
15,LP-E,20260918,501,1,measure,204,pair_same_line,25165824,1048576,460336,16412494273442129657,36263822,21,21,15393708149696748891,15393708149696748891
15,LP-E,20260918,502,1,measure,205,stride_1,24576,1048576,1932,6609247502714068030,1853854,21,21,1691280365280561942,1691280365280561942
15,LP-E,20260918,503,1,measure,206,stride_513,134217728,1048576,1808356,3692164767004450786,33947437,21,21,5480804529794374570,5480804529794374570
15,LP-E,20260918,504,1,measure,207,pair_same_line,4194304,1048576,423700,15616162745933200220,30342294,21,21,13857727547594609545,13857727547594609545
15,LP-E,20260918,505,1,measure,208,stride_513,16384,1048576,260,17729275345772631239,1798344,21,21,9548053087369131008,9548053087369131008
15,LP-E,20260918,506,1,measure,209,pair_split_line,268435456,1048576,28042340,11004570265441013647,118389934,21,21,5175749465002738517,5175749465002738517
15,LP-E,20260918,507,1,measure,210,stride_17,524288,1048576,26083,18051737810836474403,2130161,21,21,10061883979847375520,10061883979847375520
15,LP-E,20260918,508,1,measure,211,stride_513,25165824,1048576,3064433,13117455340272274758,31899508,21,21,11886943178879158261,11886943178879158261
15,LP-E,20260918,509,1,measure,212,stride_1_double,6291456,2097152,685106,14010256083093134562,5281460,21,21,7862610411188706263,7862610411188706263
15,LP-E,20260918,510,1,measure,213,stride_513,100663296,1048576,278206,15193005704903816304,33187230,21,21,15489273550327597617,15489273550327597617
15,LP-E,20260918,511,1,measure,214,stride_513,1572864,1048576,39697,14168921992260067427,4415607,21,21,16747479167117318944,16747479167117318944
15,LP-E,20260918,512,1,measure,215,pair_split_line,65536,1048576,6514,1258435036295102591,2561628,21,21,6740196353772985866,6740196353772985866
15,LP-E,20260918,513,1,measure,216,stride_1_bis,131072,1048576,9273,9178057619774047935,1793999,21,21,16921412609114818048,16921412609114818048
15,LP-E,20260918,514,1,measure,217,pair_split_line,4194304,1048576,57485,11472722189715721315,39558701,21,21,12177518975483867884,12177518975483867884
15,LP-E,20260918,515,1,measure,218,stride_4097,786432,1048576,93992,13273437492308021434,2030055,21,21,11114842281805675556,11114842281805675556
15,LP-E,20260918,516,1,measure,219,pair_same_line,524288,1048576,29531,7904828230252699665,2507398,21,21,8412954073420316514,8412954073420316514
15,LP-E,20260918,517,1,measure,220,stride_1,100663296,1048576,1434522,17646420163576978403,2590484,21,21,11101893534734084048,11101893534734084048
15,LP-E,20260918,518,1,measure,221,stride_513,393216,1048576,46389,3576834210414882589,2015412,21,21,9218483334806453440,9218483334806453440
15,LP-E,20260918,519,1,measure,222,random,32768,1048576,990,10656745105876283752,1660911,21,21,17362281714841526484,17362281714841526484
15,LP-E,20260918,520,1,measure,223,stride_17,393216,1048576,712,18404751954256404845,1947103,21,21,6676938092467611669,6676938092467611669
15,LP-E,20260918,521,1,measure,224,random,201326592,1048576,12077804,17617477771529161158,43429658,21,21,10499954263022371070,10499954263022371070
15,LP-E,20260918,522,1,measure,225,stride_513,33554432,1048576,536261,9087690455661713312,33753402,21,21,11415754060166298048,11415754060166298048
15,LP-E,20260918,523,1,measure,226,stride_17,786432,1048576,32709,9995126860517590037,2172396,21,21,13681090386016087751,13681090386016087751
15,LP-E,20260918,524,1,measure,227,pair_same_line,6291456,1048576,622467,5379815239209302350,32496688,21,21,5018211905348253333,5018211905348253333
15,LP-E,20260918,525,1,measure,228,pair_split_line,25165824,1048576,1830293,2372760446085720666,63236153,21,21,14847286925601960939,14847286925601960939
15,LP-E,20260918,526,1,measure,229,stride_17,65536,1048576,4528,10543220327290278917,1912578,21,21,16423878549329276288,16423878549329276288
15,LP-E,20260918,527,1,measure,230,stride_1_bis,32768,1048576,3666,3599326493229274752,1815755,21,21,10598541984122395648,10598541984122395648
15,LP-E,20260918,528,1,measure,231,random,3145728,1048576,279302,10581469873976232685,20939972,21,21,14942988286095764355,14942988286095764355
15,LP-E,20260918,529,1,measure,232,stride_1_bis,524288,1048576,52114,783705281949004044,1843644,21,21,10061883979847375520,10061883979847375520
15,LP-E,20260918,530,1,measure,233,random,50331648,1048576,4303143,10884041704219573869,34212858,21,21,9521815905292053178,9521815905292053178
15,LP-E,20260918,531,1,measure,234,stride_513,131072,1048576,6243,17136537806525865311,1929804,21,21,16921412609114818048,16921412609114818048
15,LP-E,20260918,532,1,measure,235,pair_same_line,24576,1048576,702,11900477579398590361,2589170,21,21,4168290749967970180,4168290749967970180
15,LP-E,20260918,533,1,measure,236,stride_1_bis,6291456,1048576,759302,8228438082322962556,2624871,21,21,2611295748077943038,2611295748077943038
15,LP-E,20260918,534,1,measure,237,stride_513,12288,1048576,1314,2008618294108846926,1847909,21,21,5992043729455024128,5992043729455024128
15,LP-E,20260918,535,1,measure,238,pair_split_line,6144,1048576,218,10106259663358599890,2319385,21,21,3005621129133084770,3005621129133084770
15,LP-E,20260918,536,1,measure,239,stride_513,4096,1048576,325,5648843947482863976,1791805,21,21,8154595385843253248,8154595385843253248
15,LP-E,20260918,537,1,measure,240,pair_same_line,268435456,1048576,24445190,3648953005545877130,52397260,21,21,7531896326143037954,7531896326143037954
15,LP-E,20260918,538,1,measure,241,stride_513,6291456,1048576,341326,7802424533042328960,14843188,21,21,2091461971855407884,2091461971855407884
15,LP-E,20260918,539,1,measure,242,stride_1_bis,100663296,1048576,6456940,977737317883415072,2906639,21,21,856748647728146751,856748647728146751
15,LP-E,20260918,540,1,measure,243,pair_split_line,24576,1048576,2875,1389857163139599117,2518122,21,21,16618627625604720368,16618627625604720368
15,LP-E,20260918,541,1,measure,244,stride_1_double,4096,2097152,346,6619095548552528924,3789321,21,21,16309190771686506496,16309190771686506496
15,LP-E,20260918,542,1,measure,245,pair_split_line,1572864,1048576,79589,13717474956405411785,8180870,21,21,11889771826395953318,11889771826395953318
15,LP-E,20260918,543,1,measure,246,stride_1,98304,1048576,3049,3992447523547321621,1990445,21,21,3719727761212980217,3719727761212980217
15,LP-E,20260918,544,1,measure,247,stride_4097,131072,1048576,4711,11966452822815001962,2411929,21,21,16921412609114818048,16921412609114818048
15,LP-E,20260918,545,1,measure,248,stride_1,65536,1048576,8092,4300649279573495102,1977543,21,21,16423878549329276288,16423878549329276288
15,LP-E,20260918,546,1,measure,249,pair_same_line,134217728,1048576,10027237,6185365455848169164,43364621,21,21,12943433974606052503,12943433974606052503
15,LP-E,20260918,547,1,measure,250,stride_1,262144,1048576,8636,6655892351132873514,1844180,21,21,3252759155835688704,3252759155835688704
15,LP-E,20260918,548,1,measure,251,pair_same_line,67108864,1048576,6440429,15006780846682545912,37742259,21,21,4098081261814312085,4098081261814312085
15,LP-E,20260918,549,1,measure,252,stride_17,131072,1048576,11045,13538223865354625728,1940030,21,21,16921412609114818048,16921412609114818048
15,LP-E,20260918,550,1,measure,253,stride_1_double,4194304,2097152,380190,14360407151494268840,5171425,21,21,6365434431071571024,6365434431071571024
15,LP-E,20260918,551,1,measure,254,stride_4097,393216,1048576,19374,905628756306343482,1962580,21,21,8454225668654667059,8454225668654667059
15,LP-E,20260918,552,1,measure,255,stride_4097,4194304,1048576,80730,17584336135010677146,5840810,21,21,12406089252390561320,12406089252390561320
15,LP-E,20260918,553,1,measure,256,stride_17,196608,1048576,15198,7605719205395422079,1937087,21,21,2956348199549989152,2956348199549989152
15,LP-E,20260918,554,1,measure,257,pair_same_line,12582912,1048576,839151,5057855532038573136,32552780,21,21,2555331026290989123,2555331026290989123
15,LP-E,20260918,555,1,measure,258,random,98304,1048576,10693,13150430971770658109,1806913,21,21,17041064494565308082,17041064494565308082
15,LP-E,20260918,556,1,measure,259,stride_1_double,1572864,2097152,133019,7103339425085353628,4143432,21,21,11477032604911913292,11477032604911913292
15,LP-E,20260918,557,1,measure,260,stride_1_double,24576,2097152,864,4315953533587888936,3591459,21,21,8322005039647886822,8322005039647886822
15,LP-E,20260918,558,1,measure,261,stride_1_bis,8192,1048576,880,14189955877007175348,1807962,21,21,116592947459441664,116592947459441664
15,LP-E,20260918,559,1,measure,262,stride_17,6291456,1048576,490136,16357893483501342569,27596477,21,21,992811246891690634,992811246891690634
15,LP-E,20260918,560,1,measure,263,stride_1_bis,134217728,1048576,2625285,8219505448646906887,2948155,21,21,15792117110439006718,15792117110439006718
15,LP-E,20260918,561,1,measure,264,stride_4097,8388608,1048576,452678,9747958416767502426,8027912,21,21,18303280461608560459,18303280461608560459
15,LP-E,20260918,562,1,measure,265,pair_split_line,67108864,1048576,5058254,5429876417162717531,71229653,21,21,9150204381374992247,9150204381374992247
15,LP-E,20260918,563,1,measure,266,stride_17,67108864,1048576,8059194,7320464278694575343,28115826,21,21,15078978414830957793,15078978414830957793
15,LP-E,20260918,564,1,measure,267,random,2097152,1048576,258350,6471898634079769298,16416738,21,21,16384951113570066293,16384951113570066293
15,LP-E,20260918,565,1,measure,268,stride_4097,1572864,1048576,86320,6783512932582543343,3455255,21,21,3102334684592806942,3102334684592806942
15,LP-E,20260918,566,1,measure,269,pair_split_line,786432,1048576,50808,16003543144380530395,2940956,21,21,14520103114689950808,14520103114689950808
15,LP-E,20260918,567,1,measure,270,stride_513,8192,1048576,706,5449731044227014105,1790863,21,21,116592947459441664,116592947459441664
15,LP-E,20260918,568,1,measure,271,stride_1_bis,4194304,1048576,422183,1034741292344505321,2736396,21,21,12406089252390561320,12406089252390561320
15,LP-E,20260918,569,1,measure,272,stride_1,786432,1048576,45018,14766004124989578677,1920106,21,21,3921348949195771944,3921348949195771944
15,LP-E,20260918,570,1,measure,273,stride_4097,524288,1048576,1715,12466177317777904331,1865569,21,21,10061883979847375520,10061883979847375520
15,LP-E,20260918,571,1,measure,274,stride_4097,12582912,1048576,23907,2382047828492941558,14175671,21,21,9408727788042329566,9408727788042329566
15,LP-E,20260918,572,1,measure,275,random,100663296,1048576,12239857,8262010265905808082,36527601,21,21,5834044857514917890,5834044857514917890
15,LP-E,20260918,573,1,measure,276,stride_1,196608,1048576,12483,10067323960258397124,1875203,21,21,13109814666460217866,13109814666460217866
15,LP-E,20260918,574,1,measure,277,stride_1_bis,24576,1048576,276,5933559946016748956,1797602,21,21,12086831591718038079,12086831591718038079
15,LP-E,20260918,575,1,measure,278,stride_4097,16384,1048576,451,15992345294494245107,1789334,21,21,9548053087369131008,9548053087369131008
15,LP-E,20260918,576,1,measure,279,pair_same_line,201326592,1048576,6212888,11365196536205631332,43898065,21,21,12379991556763398976,12379991556763398976
15,LP-E,20260918,577,1,measure,280,stride_513,32768,1048576,297,8430735031094985979,1859004,21,21,10598541984122395648,10598541984122395648
15,LP-E,20260918,578,1,measure,281,stride_17,8192,1048576,136,8303072198261882694,1788324,21,21,116592947459441664,116592947459441664
15,LP-E,20260918,579,1,measure,282,random,4096,1048576,314,14910448513542788579,1701874,21,21,6936639220945281621,6936639220945281621
15,LP-E,20260918,580,1,measure,283,stride_17,268435456,1048576,21598373,15463883434593201417,27848553,21,21,5193543608011254895,5193543608011254895
15,LP-E,20260918,581,1,measure,284,pair_split_line,201326592,1048576,23050593,15627059317939811867,96131783,21,21,7455414205782579609,7455414205782579609
15,LP-E,20260918,582,1,measure,285,stride_4097,16777216,1048576,1951165,2362958132370234102,18016189,21,21,9686402202030148575,9686402202030148575
15,LP-E,20260918,583,1,measure,286,stride_1_double,12582912,2097152,1370661,11799574187572442770,5185697,21,21,2562360344165984952,2562360344165984952
15,LP-E,20260918,584,1,measure,287,stride_17,100663296,1048576,10987701,11008960368094092919,28602690,21,21,9562740545496536724,9562740545496536724
15,LP-E,20260918,585,1,measure,288,stride_1_double,98304,2097152,10840,309025593969638136,3601421,21,21,9028847069842093108,9028847069842093108
15,LP-E,20260918,586,1,measure,289,stride_513,49152,1048576,4553,12216715889820578461,1857205,21,21,1303108010804061184,1303108010804061184
15,LP-E,20260918,587,1,measure,290,pair_split_line,3145728,1048576,25132,14122601925570550001,35791227,21,21,16336308136624563191,16336308136624563191
15,LP-E,20260918,588,1,measure,291,stride_513,786432,1048576,899,14139714832788490802,2140578,21,21,13192199103146003808,13192199103146003808
15,LP-E,20260918,589,1,measure,292,random,8388608,1048576,680135,11558302210097670654,25024272,21,21,3959877857471383209,3959877857471383209
15,LP-E,20260918,590,1,measure,293,stride_1_double,32768,2097152,937,4785693291998896957,3610183,21,21,2750339894535239680,2750339894535239680
15,LP-E,20260918,591,1,measure,294,stride_1,6144,1048576,70,14410467105172694733,1796983,21,21,11799528318042944810,11799528318042944810
15,LP-E,20260918,592,1,measure,295,stride_1_double,2097152,2097152,147089,11458194528303232164,4619227,21,21,10707406186907980360,10707406186907980360
15,LP-E,20260918,593,1,measure,296,pair_split_line,33554432,1048576,3779399,8598259867897326333,65142735,21,21,17265471941666607687,17265471941666607687
15,LP-E,20260918,594,2,measure,0,pair_same_line,2097152,1048576,2630,14952294179145501291,21688859,21,21,7430836130084120325,7430836130084120325
15,LP-E,20260918,595,2,measure,1,stride_513,1572864,1048576,28827,3092230534067538758,4147181,21,21,15346159349426821392,15346159349426821392
15,LP-E,20260918,596,2,measure,2,pair_split_line,393216,1048576,36135,12700261980477608589,2844660,21,21,16615243596726416520,16615243596726416520
15,LP-E,20260918,597,2,measure,3,stride_1_bis,25165824,1048576,3099110,11691376376737471658,2531348,21,21,14938436222820678395,14938436222820678395
15,LP-E,20260918,598,2,measure,4,stride_17,12582912,1048576,587525,13504066782949689054,27720472,21,21,4598038049987165770,4598038049987165770
15,LP-E,20260918,599,2,measure,5,pair_split_line,3145728,1048576,296849,9543096126738168077,34259905,21,21,10765341863069393813,10765341863069393813
15,LP-E,20260918,600,2,measure,6,stride_17,1048576,1048576,71187,4478219485862891905,2155092,21,21,8797231230870489880,8797231230870489880
15,LP-E,20260918,601,2,measure,7,stride_4097,201326592,1048576,17525227,2412910420941854937,25041744,21,21,2218059566682885881,2218059566682885881
15,LP-E,20260918,602,2,measure,8,stride_513,201326592,1048576,9836282,9145828821635730401,34638699,21,21,17694532766907577573,17694532766907577573
15,LP-E,20260918,603,2,measure,9,pair_same_line,6291456,1048576,677506,5734602943167311894,32380777,21,21,5516155893795612570,5516155893795612570
15,LP-E,20260918,604,2,measure,10,pair_split_line,24576,1048576,2563,12043738758942747423,2338401,21,21,12762923290650702059,12762923290650702059
15,LP-E,20260918,605,2,measure,11,stride_1,100663296,1048576,6644447,5657439450672189087,2661307,21,21,7926855142995764291,7926855142995764291
15,LP-E,20260918,606,2,measure,12,stride_4097,1572864,1048576,172467,8609384588767910334,3779531,21,21,14398625372575686832,14398625372575686832
15,LP-E,20260918,607,2,measure,13,stride_17,33554432,1048576,3335984,11979156525851504528,29507223,21,21,10876097886370712551,10876097886370712551
15,LP-E,20260918,608,2,measure,14,stride_1,1572864,1048576,147267,14809108625967612286,2240464,21,21,2671426098308966197,2671426098308966197
15,LP-E,20260918,609,2,measure,15,stride_1_bis,4096,1048576,147,17991970284719445262,1799414,21,21,8154595385843253248,8154595385843253248
15,LP-E,20260918,610,2,measure,16,random,4096,1048576,294,10130206165443159147,1662113,21,21,11521330137609330199,11521330137609330199
15,LP-E,20260918,611,2,measure,17,stride_17,4194304,1048576,440488,10159378426199712209,26728977,21,21,12406089252390561320,12406089252390561320
15,LP-E,20260918,612,2,measure,18,stride_1_bis,50331648,1048576,4622854,6593378744279089688,2626724,21,21,11272555802712233917,11272555802712233917
15,LP-E,20260918,613,2,measure,19,stride_4097,16777216,1048576,1450106,1937652072396498173,17777239,21,21,15032706355433676799,15032706355433676799
15,LP-E,20260918,614,2,measure,20,pair_same_line,4096,1048576,464,15779557484992223599,2232908,21,21,6007964538310239168,6007964538310239168
15,LP-E,20260918,615,2,measure,21,stride_17,24576,1048576,2742,15518473938396266201,1801166,21,21,13071454576592862786,13071454576592862786
15,LP-E,20260918,616,2,measure,22,pair_same_line,524288,1048576,15189,9946145727530639677,3029659,21,21,15241708403059998960,15241708403059998960
15,LP-E,20260918,617,2,measure,23,random,196608,1048576,10379,4765339631274193848,1704846,21,21,13385298920315763391,13385298920315763391
15,LP-E,20260918,618,2,measure,24,pair_split_line,196608,1048576,9033,14022051713624981350,2647880,21,21,15368588676315734154,15368588676315734154
15,LP-E,20260918,619,2,measure,25,stride_4097,49152,1048576,3919,7416656224975537491,1853426,21,21,300467920357125220,300467920357125220
15,LP-E,20260918,620,2,measure,26,stride_4097,131072,1048576,811,9478164117410817103,1847549,21,21,16921412609114818048,16921412609114818048
15,LP-E,20260918,621,2,measure,27,random,49152,1048576,1200,15127088182367452368,1704069,21,21,12763260847380367474,12763260847380367474
15,LP-E,20260918,622,2,measure,28,pair_same_line,65536,1048576,7570,9208118975740620140,2340183,21,21,91145194615705331,91145194615705331
15,LP-E,20260918,623,2,measure,29,stride_513,33554432,1048576,1627381,11847426945519166191,32827921,21,21,12599615794144697881,12599615794144697881
15,LP-E,20260918,624,2,measure,30,stride_1_double,98304,2097152,7674,5051646416642855550,3980669,21,21,4704392745464760575,4704392745464760575
15,LP-E,20260918,625,2,measure,31,stride_1,49152,1048576,1004,17086144507632073750,2165418,21,21,2441435620562163129,2441435620562163129
15,LP-E,20260918,626,2,measure,32,pair_split_line,98304,1048576,4306,2699126814513934480,3163318,21,21,4570197475212255789,4570197475212255789
15,LP-E,20260918,627,2,measure,33,stride_1,268435456,1048576,18804300,11042977119170036090,2604182,21,21,13150641959516620609,13150641959516620609
15,LP-E,20260918,628,2,measure,34,stride_1_bis,67108864,1048576,6991465,1702913094813355262,2730330,21,21,5758612742527475953,5758612742527475953
15,LP-E,20260918,629,2,measure,35,stride_1,134217728,1048576,1511536,13034191240265726646,2705594,21,21,3440159728288483899,3440159728288483899
15,LP-E,20260918,630,2,measure,36,stride_4097,393216,1048576,19119,5884220211792174668,2305278,21,21,4219986479440270746,4219986479440270746
15,LP-E,20260918,631,2,measure,37,random,3145728,1048576,372176,14152039069785022568,21064425,21,21,9432007048897094475,9432007048897094475
15,LP-E,20260918,632,2,measure,38,stride_1_bis,268435456,1048576,11945103,4730100131257695860,2568823,21,21,13024905512453817553,13024905512453817553
15,LP-E,20260918,633,2,measure,39,stride_17,6291456,1048576,147596,1156307610012823590,28473715,21,21,12513349375794294212,12513349375794294212
15,LP-E,20260918,634,2,measure,40,stride_513,24576,1048576,232,13122694309688551489,1998853,21,21,1712612578793322496,1712612578793322496
15,LP-E,20260918,635,2,measure,41,pair_split_line,8192,1048576,370,2383293404633506018,2319108,21,21,14799528599811631287,14799528599811631287
15,LP-E,20260918,636,2,measure,42,pair_split_line,4194304,1048576,71460,15249022757672882325,40977753,21,21,12447777021891782145,12447777021891782145
15,LP-E,20260918,637,2,measure,43,pair_same_line,8388608,1048576,327097,11296605532771910279,33790532,21,21,15553796112012599442,15553796112012599442
15,LP-E,20260918,638,2,measure,44,pair_split_line,50331648,1048576,5333406,11502042388794277836,69505494,21,21,3287028561407794644,3287028561407794644
15,LP-E,20260918,639,2,measure,45,random,268435456,1048576,5951397,15160685852895679542,50126603,21,21,2364400474022720752,2364400474022720752
15,LP-E,20260918,640,2,measure,46,pair_split_line,100663296,1048576,3666292,15659729099764124109,76515200,21,21,8285677614652999877,8285677614652999877
15,LP-E,20260918,641,2,measure,47,stride_1_double,4096,2097152,193,1411006266763364725,3627395,21,21,16309190771686506496,16309190771686506496
15,LP-E,20260918,642,2,measure,48,random,134217728,1048576,1780675,11297205575994571624,37318039,21,21,5373709176052477312,5373709176052477312
15,LP-E,20260918,643,2,measure,49,stride_4097,524288,1048576,6230,3659648863353887345,1976803,21,21,10061883979847375520,10061883979847375520
15,LP-E,20260918,644,2,measure,50,random,201326592,1048576,19810147,9903873937123667700,41197967,21,21,13861427696423803109,13861427696423803109
15,LP-E,20260918,645,2,measure,51,stride_1_double,32768,2097152,3807,2347104264751427692,3604832,21,21,2750339894535239680,2750339894535239680
15,LP-E,20260918,646,2,measure,52,stride_513,4096,1048576,42,12417487967447005267,1785016,21,21,8154595385843253248,8154595385843253248
15,LP-E,20260918,647,2,measure,53,stride_1_bis,16777216,1048576,619548,12347663474344613697,2672096,21,21,2119756178707323740,2119756178707323740
15,LP-E,20260918,648,2,measure,54,pair_split_line,32768,1048576,4034,2268295263198962526,2349077,21,21,2468600223045268106,2468600223045268106
15,LP-E,20260918,649,2,measure,55,pair_split_line,16777216,1048576,1982076,11708801731330245362,56684248,21,21,9250058221598503303,9250058221598503303
15,LP-E,20260918,650,2,measure,56,pair_split_line,16384,1048576,98,15187512459792335745,2355352,21,21,748999438458919719,748999438458919719
15,LP-E,20260918,651,2,measure,57,stride_1_double,262144,2097152,24120,12359471993702851765,3601081,21,21,6505518311671377408,6505518311671377408
15,LP-E,20260918,652,2,measure,58,stride_4097,50331648,1048576,851340,7182130442054435901,19714961,21,21,15665655333553278486,15665655333553278486
15,LP-E,20260918,653,2,measure,59,random,6144,1048576,630,17234124775357098296,1672028,21,21,10147650388639525416,10147650388639525416
15,LP-E,20260918,654,2,measure,60,stride_4097,65536,1048576,7768,16128409190916892772,1859110,21,21,16423878549329276288,16423878549329276288
15,LP-E,20260918,655,2,measure,61,pair_same_line,1048576,1048576,99061,7286058606608413036,3760079,21,21,6185106744767981394,6185106744767981394
15,LP-E,20260918,656,2,measure,62,stride_4097,1048576,1048576,93153,9073873751008824453,1861014,21,21,8797231230870489880,8797231230870489880
15,LP-E,20260918,657,2,measure,63,stride_1_double,100663296,2097152,4809767,7417831617393964137,5192478,21,21,2334498537406583136,2334498537406583136
15,LP-E,20260918,658,2,measure,64,stride_4097,2097152,1048576,2626,17178690446816886556,5543783,21,21,14577075130308765988,14577075130308765988
15,LP-E,20260918,659,2,measure,65,stride_17,1572864,1048576,65296,6556305135638218830,3482318,21,21,16313926962292319707,16313926962292319707
15,LP-E,20260918,660,2,measure,66,stride_1,65536,1048576,7670,11404448204752119435,1803164,21,21,16423878549329276288,16423878549329276288
15,LP-E,20260918,661,2,measure,67,random,12288,1048576,1453,4231556438991132327,1657806,21,21,9041569240537003874,9041569240537003874
15,LP-E,20260918,662,2,measure,68,stride_1,12582912,1048576,1204659,2788725559366622991,2579443,21,21,2932824058991435214,2932824058991435214
15,LP-E,20260918,663,2,measure,69,stride_1,33554432,1048576,3402683,10923099910460938353,3400661,21,21,8619893234831913692,8619893234831913692
15,LP-E,20260918,664,2,measure,70,stride_1,786432,1048576,94576,9616788260132694384,1891707,21,21,3185790874527639665,3185790874527639665
15,LP-E,20260918,665,2,measure,71,stride_4097,6144,1048576,312,16271478978329022963,1786339,21,21,9992034956045742715,9992034956045742715
15,LP-E,20260918,666,2,measure,72,stride_1_bis,196608,1048576,11145,5870703530875716450,1795217,21,21,7057249845097153956,7057249845097153956
15,LP-E,20260918,667,2,measure,73,stride_17,786432,1048576,34405,7315210790963213903,1852100,21,21,15464912450183405023,15464912450183405023
15,LP-E,20260918,668,2,measure,74,random,1048576,1048576,45569,5339934273423191517,2119689,21,21,1341147854190700261,1341147854190700261
15,LP-E,20260918,669,2,measure,75,pair_same_line,49152,1048576,4673,12137271542059939832,2310106,21,21,10221790486389872767,10221790486389872767
15,LP-E,20260918,670,2,measure,76,stride_1,6144,1048576,207,12440206081826227454,1792280,21,21,7431883017708650332,7431883017708650332
15,LP-E,20260918,671,2,measure,77,stride_1_bis,786432,1048576,23021,7497183021017375277,1796171,21,21,15856228642248534996,15856228642248534996
15,LP-E,20260918,672,2,measure,78,stride_17,32768,1048576,1624,16584885322482656115,1795897,21,21,10598541984122395648,10598541984122395648
15,LP-E,20260918,673,2,measure,79,pair_same_line,25165824,1048576,2513101,3693427246607649038,34532954,21,21,15795863402899349818,15795863402899349818
15,LP-E,20260918,674,2,measure,80,random,25165824,1048576,2588928,17930939803525895415,30406610,21,21,14113222324503547652,14113222324503547652
15,LP-E,20260918,675,2,measure,81,random,24576,1048576,2161,8942454410020852073,1692336,21,21,14622105337448827994,14622105337448827994
15,LP-E,20260918,676,2,measure,82,pair_split_line,2097152,1048576,213522,18055299709347753281,25292139,21,21,13264764836867534506,13264764836867534506
15,LP-E,20260918,677,2,measure,83,stride_1_double,201326592,2097152,15283431,7738740146691562555,5214920,21,21,3388907146961678714,3388907146961678714
15,LP-E,20260918,678,2,measure,84,stride_17,65536,1048576,4380,1107790110401130058,1883057,21,21,16423878549329276288,16423878549329276288
15,LP-E,20260918,679,2,measure,85,stride_4097,33554432,1048576,710336,17446489275825557615,17901648,21,21,12859692405490006761,12859692405490006761
15,LP-E,20260918,680,2,measure,86,pair_same_line,33554432,1048576,2227773,13996369977597332515,35094643,21,21,11708852307838878310,11708852307838878310
15,LP-E,20260918,681,2,measure,87,stride_4097,8388608,1048576,967212,10203401332678966010,7618505,21,21,18303280461608560459,18303280461608560459
15,LP-E,20260918,682,2,measure,88,stride_513,393216,1048576,12910,5875081510257637718,1974689,21,21,14847694413740558592,14847694413740558592
15,LP-E,20260918,683,2,measure,89,stride_1_double,50331648,2097152,4456090,15580341643902311367,5206973,21,21,16861955848768910939,16861955848768910939
15,LP-E,20260918,684,2,measure,90,stride_1,98304,1048576,3042,12128021288697322839,1800228,21,21,13123788213465166792,13123788213465166792
15,LP-E,20260918,685,2,measure,91,stride_17,2097152,1048576,232389,17102258424681052329,10780747,21,21,14577075130308765988,14577075130308765988
15,LP-E,20260918,686,2,measure,92,stride_1_double,24576,2097152,1868,14695380645447325984,3599944,21,21,12810357258169830424,12810357258169830424
15,LP-E,20260918,687,2,measure,93,random,393216,1048576,22414,13317362112042220988,1868355,21,21,12948903298920243107,12948903298920243107
15,LP-E,20260918,688,2,measure,94,random,4194304,1048576,233067,14147689125305549361,22369086,21,21,4993107395302223564,4993107395302223564
15,LP-E,20260918,689,2,measure,95,random,786432,1048576,40471,666565965287049735,2323705,21,21,3663044859054804432,3663044859054804432
15,LP-E,20260918,690,2,measure,96,pair_same_line,98304,1048576,4908,16473745439595199318,2767697,21,21,12612474525412375542,12612474525412375542
15,LP-E,20260918,691,2,measure,97,stride_1_bis,98304,1048576,2257,2068977108529764227,2161747,21,21,16735657757338120645,16735657757338120645
15,LP-E,20260918,692,2,measure,98,stride_513,32768,1048576,2465,15073506908018273891,2399325,21,21,10598541984122395648,10598541984122395648
15,LP-E,20260918,693,2,measure,99,stride_513,2097152,1048576,215949,7361347244026279504,10228918,21,21,14577075130308765988,14577075130308765988
15,LP-E,20260918,694,2,measure,100,stride_17,268435456,1048576,5658379,3017559121426165930,29735194,21,21,11098388875592481098,11098388875592481098
15,LP-E,20260918,695,2,measure,101,stride_1,3145728,1048576,9081,1741709827923277545,2662039,21,21,12695238551002291705,12695238551002291705
15,LP-E,20260918,696,2,measure,102,stride_1_double,12582912,2097152,908952,16986212226408327042,6019396,21,21,12150451092241923750,12150451092241923750
15,LP-E,20260918,697,2,measure,103,pair_split_line,12582912,1048576,1344063,16019899164994288552,53967220,21,21,17703169697532714451,17703169697532714451
15,LP-E,20260918,698,2,measure,104,stride_1_bis,262144,1048576,9380,5536723453473688477,1843385,21,21,3252759155835688704,3252759155835688704
15,LP-E,20260918,699,2,measure,105,stride_1_bis,6291456,1048576,765356,15882739737476233035,2581134,21,21,5917876960885419247,5917876960885419247
15,LP-E,20260918,700,2,measure,106,stride_4097,262144,1048576,12908,16981097002725869857,1894857,21,21,3252759155835688704,3252759155835688704
15,LP-E,20260918,701,2,measure,107,stride_4097,98304,1048576,11872,18160891433528187472,1847470,21,21,6202606111016824832,6202606111016824832
15,LP-E,20260918,702,2,measure,108,stride_1,8192,1048576,85,5004248869246352795,1792819,21,21,116592947459441664,116592947459441664
15,LP-E,20260918,703,2,measure,109,stride_4097,16384,1048576,326,16218960908197238563,1792427,21,21,9548053087369131008,9548053087369131008
15,LP-E,20260918,704,2,measure,110,pair_same_line,12582912,1048576,847317,10729404058957937382,32258937,21,21,562215798733495743,562215798733495743
15,LP-E,20260918,705,2,measure,111,stride_1_bis,1048576,1048576,95276,2900999792614642152,2021817,21,21,8797231230870489880,8797231230870489880
15,LP-E,20260918,706,2,measure,112,stride_1,131072,1048576,4013,2887397598531371969,1801124,21,21,16921412609114818048,16921412609114818048
15,LP-E,20260918,707,2,measure,113,stride_513,134217728,1048576,995360,17653886968105133457,18510977,21,21,16378268861213132789,16378268861213132789
15,LP-E,20260918,708,2,measure,114,stride_513,25165824,1048576,126479,855404664118662793,31422914,21,21,11886943178879158261,11886943178879158261
15,LP-E,20260918,709,2,measure,115,random,33554432,1048576,2244296,10593931399384990775,31773624,21,21,8475852382033140640,8475852382033140640
15,LP-E,20260918,710,2,measure,116,stride_4097,4096,1048576,383,8733835410918216581,1803861,21,21,8154595385843253248,8154595385843253248
15,LP-E,20260918,711,2,measure,117,stride_4097,6291456,1048576,86792,8965527019110191938,14175150,21,21,8903570234490879920,8903570234490879920
15,LP-E,20260918,712,2,measure,118,stride_1_bis,2097152,1048576,13131,14026993887718004636,2455546,21,21,14577075130308765988,14577075130308765988
15,LP-E,20260918,713,2,measure,119,stride_4097,100663296,1048576,6357896,1067688720203044909,21197035,21,21,1660898226673465905,1660898226673465905
15,LP-E,20260918,714,2,measure,120,stride_1_double,3145728,2097152,375833,16897380810424797179,5176180,21,21,11636218380060460174,11636218380060460174
15,LP-E,20260918,715,2,measure,121,pair_split_line,25165824,1048576,2780504,12681331169580493617,62887482,21,21,17625911893956394016,17625911893956394016
15,LP-E,20260918,716,2,measure,122,stride_1_bis,8388608,1048576,152289,17832072828111762737,2583393,21,21,18303280461608560459,18303280461608560459
15,LP-E,20260918,717,2,measure,123,random,524288,1048576,11928,8113848392408889901,1884129,21,21,8459861407539579360,8459861407539579360
15,LP-E,20260918,718,2,measure,124,pair_same_line,1572864,1048576,52997,17530146999876650565,5783149,21,21,17891192452921838567,17891192452921838567
15,LP-E,20260918,719,2,measure,125,stride_1_bis,12288,1048576,846,4829265623925187448,1796366,21,21,9955943153730781622,9955943153730781622
15,LP-E,20260918,720,2,measure,126,stride_1_bis,6144,1048576,253,6989354454530797425,1791881,21,21,5904564161827226295,5904564161827226295
15,LP-E,20260918,721,2,measure,127,stride_513,12288,1048576,737,8016134245688738291,1827271,21,21,9502424420678940672,9502424420678940672
15,LP-E,20260918,722,2,measure,128,stride_513,100663296,1048576,9262196,2302058745665921164,34022119,21,21,256970575302972234,256970575302972234
15,LP-E,20260918,723,2,measure,129,pair_same_line,134217728,1048576,4175748,2323320127901232346,40312586,21,21,4222988737586105012,4222988737586105012
15,LP-E,20260918,724,2,measure,130,stride_17,67108864,1048576,6508814,1027553915174309934,27977409,21,21,5650685842689258296,5650685842689258296
15,LP-E,20260918,725,2,measure,131,pair_split_line,33554432,1048576,252793,17120029198198155811,65975441,21,21,11135094117422508120,11135094117422508120
15,LP-E,20260918,726,2,measure,132,stride_1_double,393216,2097152,6281,7078520855727142943,3668896,21,21,5332305703139100691,5332305703139100691
15,LP-E,20260918,727,2,measure,133,stride_1,4096,1048576,263,18145545268094696384,1820190,21,21,8154595385843253248,8154595385843253248
15,LP-E,20260918,728,2,measure,134,pair_split_line,6144,1048576,470,7318625094651467116,2317716,21,21,4369805070318689760,4369805070318689760
15,LP-E,20260918,729,2,measure,135,stride_1_double,6291456,2097152,295403,17038643553474580746,5164974,21,21,5679684270233391713,5679684270233391713
15,LP-E,20260918,730,2,measure,136,stride_1_bis,12582912,1048576,989075,18312181608493164208,2565969,21,21,2228408906372715551,2228408906372715551
15,LP-E,20260918,731,2,measure,137,stride_17,12288,1048576,1251,4769603808271120211,1810638,21,21,5390406990027901206,5390406990027901206
15,LP-E,20260918,732,2,measure,138,pair_split_line,262144,1048576,28106,9646614517277762514,2927760,21,21,16416568752211063186,16416568752211063186
15,LP-E,20260918,733,2,measure,139,stride_1,16384,1048576,1701,14447701228772143796,1794748,21,21,9548053087369131008,9548053087369131008
15,LP-E,20260918,734,2,measure,140,random,8388608,1048576,961702,7086437814153230814,24931470,21,21,12314635690805377692,12314635690805377692
15,LP-E,20260918,735,2,measure,141,pair_same_line,16384,1048576,606,5154420117777132046,2274239,21,21,17452970452600758673,17452970452600758673
15,LP-E,20260918,736,2,measure,142,stride_1_double,16777216,2097152,66320,10227660684467289001,5203008,21,21,12841062978479921428,12841062978479921428
15,LP-E,20260918,737,2,measure,143,stride_1,32768,1048576,3893,12796892269591274802,1835323,21,21,10598541984122395648,10598541984122395648
15,LP-E,20260918,738,2,measure,144,pair_same_line,8192,1048576,291,14426067984434397819,2230583,21,21,13646375115521540110,13646375115521540110
15,LP-E,20260918,739,2,measure,145,stride_17,524288,1048576,58384,14655135607385786618,1867032,21,21,10061883979847375520,10061883979847375520
15,LP-E,20260918,740,2,measure,146,stride_4097,268435456,1048576,19226143,1057034471856790481,25757039,21,21,12995410385448608950,12995410385448608950
15,LP-E,20260918,741,2,measure,147,pair_same_line,262144,1048576,2779,4992350156195342221,2687035,21,21,2438576597142407489,2438576597142407489
15,LP-E,20260918,742,2,measure,148,pair_split_line,8388608,1048576,868157,16528992106839522836,50027370,21,21,622509294125646281,622509294125646281
15,LP-E,20260918,743,2,measure,149,stride_1_bis,3145728,1048576,324533,11787197572961635422,2707830,21,21,11273326326336971762,11273326326336971762
15,LP-E,20260918,744,2,measure,150,pair_same_line,24576,1048576,1844,5486652852004538436,2240697,21,21,17539299977843798029,17539299977843798029
15,LP-E,20260918,745,2,measure,151,stride_513,65536,1048576,4087,527507369201784008,1866529,21,21,16423878549329276288,16423878549329276288
15,LP-E,20260918,746,2,measure,152,stride_1,8388608,1048576,785695,1406551895169594707,2757872,21,21,18303280461608560459,18303280461608560459
15,LP-E,20260918,747,2,measure,153,pair_split_line,131072,1048576,9801,17431413674647691743,2703990,21,21,12055933948178811513,12055933948178811513
15,LP-E,20260918,748,2,measure,154,random,67108864,1048576,4681753,5219657366671778276,33851311,21,21,10781463171649979524,10781463171649979524
15,LP-E,20260918,749,2,measure,155,stride_17,25165824,1048576,1907164,1692141218098379809,27532476,21,21,9567801122941171627,9567801122941171627
15,LP-E,20260918,750,2,measure,156,stride_513,8192,1048576,127,16785707560083368119,1806517,21,21,116592947459441664,116592947459441664
15,LP-E,20260918,751,2,measure,157,pair_split_line,67108864,1048576,7523371,6343445779790202183,69413890,21,21,535865716426809249,535865716426809249
15,LP-E,20260918,752,2,measure,158,stride_17,4096,1048576,201,3390761882075112234,1872108,21,21,8154595385843253248,8154595385843253248
15,LP-E,20260918,753,2,measure,159,stride_513,16384,1048576,1129,13915809989489016635,1796039,21,21,9548053087369131008,9548053087369131008
15,LP-E,20260918,754,2,measure,160,stride_1_double,67108864,2097152,332326,16779659698149216281,5166529,21,21,924571677243472490,924571677243472490
15,LP-E,20260918,755,2,measure,161,pair_same_line,16777216,1048576,549816,3458089566929730721,33469404,21,21,668249217384646717,668249217384646717
15,LP-E,20260918,756,2,measure,162,pair_same_line,50331648,1048576,1172060,8536783432536274586,36658340,21,21,14899203171467989369,14899203171467989369
15,LP-E,20260918,757,2,measure,163,stride_1,201326592,1048576,2252170,1334649977466964303,2653331,21,21,6484708105795046953,6484708105795046953
15,LP-E,20260918,758,2,measure,164,stride_1_double,134217728,2097152,12084104,6677556624421779236,5195158,21,21,15835796049837930401,15835796049837930401
15,LP-E,20260918,759,2,measure,165,pair_split_line,65536,1048576,74,17955223520253523925,2638704,21,21,14370077191583501848,14370077191583501848
15,LP-E,20260918,760,2,measure,166,stride_513,6291456,1048576,670115,9337706255193558680,13319145,21,21,8960868997562969188,8960868997562969188
15,LP-E,20260918,761,2,measure,167,stride_1_double,268435456,2097152,19604334,1353122366018755175,5147883,21,21,14679605486557659217,14679605486557659217
15,LP-E,20260918,762,2,measure,168,stride_1,196608,1048576,6201,12230666613083046739,1857651,21,21,9794964429286474177,9794964429286474177
15,LP-E,20260918,763,2,measure,169,stride_1_bis,65536,1048576,7696,4921553505680794810,1809413,21,21,16423878549329276288,16423878549329276288
15,LP-E,20260918,764,2,measure,170,stride_513,12582912,1048576,1098750,16674083918054676552,23819219,21,21,10120808792106458316,10120808792106458316
15,LP-E,20260918,765,2,measure,171,pair_split_line,524288,1048576,34217,2250170109521863446,3150444,21,21,7290283931367447497,7290283931367447497
15,LP-E,20260918,766,2,measure,172,stride_4097,32768,1048576,829,11574745560126154737,1829562,21,21,10598541984122395648,10598541984122395648
15,LP-E,20260918,767,2,measure,173,stride_4097,12582912,1048576,767494,9131718097091920003,14160594,21,21,2677787911908281308,2677787911908281308
15,LP-E,20260918,768,2,measure,174,stride_1_bis,134217728,1048576,3959141,14065181464529851843,2619262,21,21,5441561580344484915,5441561580344484915
15,LP-E,20260918,769,2,measure,175,stride_17,16777216,1048576,2062991,166833508185280251,27859053,21,21,3847234908142006005,3847234908142006005
15,LP-E,20260918,770,2,measure,176,stride_513,786432,1048576,27028,12420577398044144392,2262460,21,21,16022285928360536512,16022285928360536512
15,LP-E,20260918,771,2,measure,177,pair_same_line,100663296,1048576,11262347,15149024059589989202,39373712,21,21,5995890691357732679,5995890691357732679
15,LP-E,20260918,772,2,measure,178,stride_1_double,524288,2097152,46839,1310720408179400112,3661597,21,21,1677023885985199424,1677023885985199424
15,LP-E,20260918,773,2,measure,179,stride_17,201326592,1048576,16111816,9258255641807387058,29608165,21,21,415812870357475313,415812870357475313
15,LP-E,20260918,774,2,measure,180,stride_1,2097152,1048576,83675,1808898424099661122,2600456,21,21,14577075130308765988,14577075130308765988
15,LP-E,20260918,775,2,measure,181,stride_1,24576,1048576,84,8374399441987608419,1977275,21,21,4563210989295166571,4563210989295166571
15,LP-E,20260918,776,2,measure,182,stride_1_bis,32768,1048576,1257,9929279526171796075,1934322,21,21,10598541984122395648,10598541984122395648
15,LP-E,20260918,777,2,measure,183,pair_split_line,201326592,1048576,8051563,6063121570186587281,100005044,21,21,14079444405529552988,14079444405529552988
15,LP-E,20260918,778,2,measure,184,stride_1_double,25165824,2097152,2228547,6895869505929470969,5194320,21,21,16154415078707835409,16154415078707835409
15,LP-E,20260918,779,2,measure,185,stride_1_double,8388608,2097152,482006,8670665643295380452,5194754,21,21,18159816849507569302,18159816849507569302
15,LP-E,20260918,780,2,measure,186,pair_same_line,32768,1048576,2399,3481637384079635304,2262535,21,21,17717215579943950771,17717215579943950771
15,LP-E,20260918,781,2,measure,187,stride_17,196608,1048576,15344,6882225052532674705,1899814,21,21,9643964440372587269,9643964440372587269
15,LP-E,20260918,782,2,measure,188,stride_4097,196608,1048576,21110,4828203465826251546,1862702,21,21,12516727043469609675,12516727043469609675
15,LP-E,20260918,783,2,measure,189,random,2097152,1048576,42162,2772554126073824132,15780395,21,21,13886395333935375250,13886395333935375250
15,LP-E,20260918,784,2,measure,190,stride_1_double,786432,2097152,86591,10131035521616394084,3651181,21,21,6987819159387468835,6987819159387468835
15,LP-E,20260918,785,2,measure,191,stride_1,67108864,1048576,3061833,9396592852897018586,2630654,21,21,2133870246213996918,2133870246213996918
15,LP-E,20260918,786,2,measure,192,stride_1_bis,24576,1048576,2528,17279954808489673039,1811072,21,21,2997652815089580124,2997652815089580124
15,LP-E,20260918,787,2,measure,193,stride_513,262144,1048576,26059,17062807660253413819,1920078,21,21,3252759155835688704,3252759155835688704
15,LP-E,20260918,788,2,measure,194,stride_17,50331648,1048576,3991719,4382559842636777349,30102114,21,21,14420615155305855457,14420615155305855457
15,LP-E,20260918,789,2,measure,195,stride_17,8388608,1048576,569576,2092366606023752236,29185406,21,21,18303280461608560459,18303280461608560459
15,LP-E,20260918,790,2,measure,196,stride_1_bis,49152,1048576,3163,12225619559497502413,1996629,21,21,14089914733747573696,14089914733747573696
15,LP-E,20260918,791,2,measure,197,stride_1_double,196608,2097152,21925,3439532539582989653,4528215,21,21,5938959777621135130,5938959777621135130
15,LP-E,20260918,792,2,measure,198,stride_1_bis,131072,1048576,9873,7772171342943240026,1977317,21,21,16921412609114818048,16921412609114818048
15,LP-E,20260918,793,2,measure,199,stride_513,8388608,1048576,342392,2959120048493391889,17311722,21,21,18303280461608560459,18303280461608560459
15,LP-E,20260918,794,2,measure,200,pair_same_line,67108864,1048576,4344802,3336353102684864698,40025508,21,21,15679215371637597322,15679215371637597322
15,LP-E,20260918,795,2,measure,201,random,32768,1048576,1486,1198498146518456233,1887600,21,21,8241266176047017041,8241266176047017041
15,LP-E,20260918,796,2,measure,202,stride_4097,786432,1048576,40722,1708539523812999484,2036936,21,21,7529128156835455317,7529128156835455317
15,LP-E,20260918,797,2,measure,203,stride_1,50331648,1048576,1701947,9519980314615765561,2800148,21,21,13833701080364127948,13833701080364127948
15,LP-E,20260918,798,2,measure,204,random,65536,1048576,2932,8739656103117609334,2115083,21,21,16143238741790711138,16143238741790711138
15,LP-E,20260918,799,2,measure,205,stride_1_double,12288,2097152,1364,16265495402536841017,3976211,21,21,5268972611121822021,5268972611121822021
15,LP-E,20260918,800,2,measure,206,pair_same_line,196608,1048576,24333,5236180027425605642,2646202,21,21,12299648179746138026,12299648179746138026
15,LP-E,20260918,801,2,measure,207,stride_1_double,2097152,2097152,136456,11100214283545943769,4696349,21,21,10707406186907980360,10707406186907980360
15,LP-E,20260918,802,2,measure,208,stride_17,98304,1048576,7326,5327272988056971934,1937386,21,21,7826046581153891328,7826046581153891328
15,LP-E,20260918,803,2,measure,209,stride_1_bis,8192,1048576,12,16744162716547007418,1977513,21,21,116592947459441664,116592947459441664
15,LP-E,20260918,804,2,measure,210,stride_1_bis,100663296,1048576,5417535,15729015437973300739,2840143,21,21,15285091537727436904,15285091537727436904
15,LP-E,20260918,805,2,measure,211,stride_513,98304,1048576,4538,6480531876470847330,2068059,21,21,16959111087276692480,16959111087276692480
15,LP-E,20260918,806,2,measure,212,stride_513,1048576,1048576,94732,6482070858435387631,3043932,21,21,8797231230870489880,8797231230870489880
15,LP-E,20260918,807,2,measure,213,stride_1_double,6144,2097152,690,2320198859872310099,3960868,21,21,15269637895757369116,15269637895757369116
15,LP-E,20260918,808,2,measure,214,random,98304,1048576,9362,13440787776816333047,1791642,21,21,12671449582630739945,12671449582630739945
15,LP-E,20260918,809,2,measure,215,stride_4097,67108864,1048576,133841,11956162633330786526,18711568,21,21,12348699363777555298,12348699363777555298
15,LP-E,20260918,810,2,measure,216,stride_17,393216,1048576,11309,7454134840900469127,1991811,21,21,7932099609597768103,7932099609597768103
15,LP-E,20260918,811,2,measure,217,stride_1_double,16384,2097152,1490,14287829090183656260,3576807,21,21,649362101028710400,649362101028710400
15,LP-E,20260918,812,2,measure,218,stride_1_bis,393216,1048576,46379,10434860151649376437,1799314,21,21,493172788443255997,493172788443255997
15,LP-E,20260918,813,2,measure,219,random,8192,1048576,637,1481083710581981109,1805312,21,21,10610610866090121445,10610610866090121445
15,LP-E,20260918,814,2,measure,220,pair_same_line,393216,1048576,5298,15326992662585367910,2524178,21,21,14803623370013036380,14803623370013036380
15,LP-E,20260918,815,2,measure,221,stride_1,393216,1048576,8650,14773946838145869922,1794054,21,21,551258629624631323,551258629624631323
15,LP-E,20260918,816,2,measure,222,random,100663296,1048576,10317961,8688959605851323356,37017106,21,21,11499517264848436877,11499517264848436877
15,LP-E,20260918,817,2,measure,223,stride_1,1048576,1048576,43453,16385514512933846025,2194535,21,21,8797231230870489880,8797231230870489880
15,LP-E,20260918,818,2,measure,224,stride_1_double,131072,2097152,12940,11429708877435742053,3589285,21,21,15396081144520084480,15396081144520084480
15,LP-E,20260918,819,2,measure,225,stride_513,67108864,1048576,5512205,10496133549779305063,33983320,21,21,7837937303458988024,7837937303458988024
15,LP-E,20260918,820,2,measure,226,stride_1_bis,524288,1048576,710,18035251735581058416,1870594,21,21,10061883979847375520,10061883979847375520
15,LP-E,20260918,821,2,measure,227,stride_513,16777216,1048576,1398506,4381499172003817688,34140007,21,21,2053839589669970783,2053839589669970783
15,LP-E,20260918,822,2,measure,228,pair_same_line,268435456,1048576,3815266,8931664706210258173,52878574,21,21,11455216708494271111,11455216708494271111
15,LP-E,20260918,823,2,measure,229,stride_17,49152,1048576,4674,17487485230785470858,2241392,21,21,4600511617440076963,4600511617440076963
15,LP-E,20260918,824,2,measure,230,stride_513,49152,1048576,3499,16558251300666970510,2222257,21,21,10058475094351434240,10058475094351434240
15,LP-E,20260918,825,2,measure,231,stride_1,4194304,1048576,20362,2691772640294093482,2758926,21,21,12406089252390561320,12406089252390561320
15,LP-E,20260918,826,2,measure,232,stride_1,262144,1048576,28576,278836212175153322,1990444,21,21,3252759155835688704,3252759155835688704
15,LP-E,20260918,827,2,measure,233,stride_1_double,65536,2097152,279,7870569046065949362,3970153,21,21,14401013024949000960,14401013024949000960
15,LP-E,20260918,828,2,measure,234,stride_17,6144,1048576,168,4962629974785490694,1985099,21,21,8026044945325367208,8026044945325367208
15,LP-E,20260918,829,2,measure,235,stride_1_bis,4194304,1048576,306472,13661691643211668925,2883206,21,21,12406089252390561320,12406089252390561320
15,LP-E,20260918,830,2,measure,236,pair_split_line,1048576,1048576,37936,1108888338455801939,4036524,21,21,9528632319618859103,9528632319618859103
15,LP-E,20260918,831,2,measure,237,stride_1_double,1572864,2097152,82423,129361470757954550,4150394,21,21,1119260095153774486,1119260095153774486
15,LP-E,20260918,832,2,measure,238,stride_513,131072,1048576,2033,16682242356549752989,2037246,21,21,16921412609114818048,16921412609114818048
15,LP-E,20260918,833,2,measure,239,stride_17,131072,1048576,16318,17847270327832480544,2211985,21,21,16921412609114818048,16921412609114818048
15,LP-E,20260918,834,2,measure,240,stride_1_bis,201326592,1048576,3394749,17056013068977135169,2904651,21,21,16737082523680574150,16737082523680574150
15,LP-E,20260918,835,2,measure,241,stride_17,3145728,1048576,237293,1353758383496070708,22008033,21,21,9891490878587107733,9891490878587107733
15,LP-E,20260918,836,2,measure,242,pair_same_line,12288,1048576,131,17372710091144607490,2793662,21,21,15589262046254683396,15589262046254683396
15,LP-E,20260918,837,2,measure,243,stride_1_double,33554432,2097152,2907050,17441593068437650407,5654443,21,21,7993909280572934320,7993909280572934320
15,LP-E,20260918,838,2,measure,244,pair_split_line,6291456,1048576,507299,2394223599053402087,46543757,21,21,11693909285854335744,11693909285854335744
15,LP-E,20260918,839,2,measure,245,pair_split_line,1572864,1048576,170833,16666533852922867985,7109038,21,21,729656891271045181,729656891271045181
15,LP-E,20260918,840,2,measure,246,pair_same_line,786432,1048576,69340,14813316282841984921,2547402,21,21,16103580093804900600,16103580093804900600
15,LP-E,20260918,841,2,measure,247,stride_4097,24576,1048576,1831,2195159837547460809,1819743,21,21,9500781157068480069,9500781157068480069
15,LP-E,20260918,842,2,measure,248,random,12582912,1048576,1385120,3499027157047963471,27098651,21,21,1822981840200870775,1822981840200870775
15,LP-E,20260918,843,2,measure,249,stride_1,524288,1048576,22944,5513471881910230048,1866755,21,21,10061883979847375520,10061883979847375520
15,LP-E,20260918,844,2,measure,250,stride_1_bis,33554432,1048576,3613473,1475572299009153515,2607092,21,21,3592144705862090298,3592144705862090298
15,LP-E,20260918,845,2,measure,251,random,6291456,1048576,398999,15610246718968813381,23994354,21,21,15983035981303608051,15983035981303608051
15,LP-E,20260918,846,2,measure,252,stride_1,6291456,1048576,542663,6390758848770438413,2652682,21,21,16665300418576057999,16665300418576057999
15,LP-E,20260918,847,2,measure,253,stride_1,12288,1048576,768,9056058679210122733,1805949,21,21,4306054456654234731,4306054456654234731
15,LP-E,20260918,848,2,measure,254,stride_513,50331648,1048576,2731259,8490359218365393661,32071209,21,21,10912845047546544330,10912845047546544330
15,LP-E,20260918,849,2,measure,255,pair_split_line,4096,1048576,128,10524999202368631084,2312842,21,21,5192256828353763718,5192256828353763718
15,LP-E,20260918,850,2,measure,256,pair_split_line,12288,1048576,433,13586800636572898862,2331947,21,21,3157810253186873523,3157810253186873523
15,LP-E,20260918,851,2,measure,257,pair_split_line,268435456,1048576,19730981,15283061738471702228,118816326,21,21,5822078144423858911,5822078144423858911
15,LP-E,20260918,852,2,measure,258,stride_4097,4194304,1048576,6235,6655843926705428656,5625018,21,21,12406089252390561320,12406089252390561320
15,LP-E,20260918,853,2,measure,259,random,262144,1048576,26648,6257802702831546232,1949453,21,21,11465754340346051811,11465754340346051811
15,LP-E,20260918,854,2,measure,260,random,50331648,1048576,796246,16883473013975926642,33790025,21,21,6275688382209860833,6275688382209860833
15,LP-E,20260918,855,2,measure,261,stride_4097,25165824,1048576,465013,9194858545973625076,19070555,21,21,17765739117329330443,17765739117329330443
15,LP-E,20260918,856,2,measure,262,pair_same_line,201326592,1048576,10365513,8239481930537020117,47325493,21,21,213577244140101606,213577244140101606
15,LP-E,20260918,857,2,measure,263,stride_17,16384,1048576,1424,13807679132096232201,1811374,21,21,9548053087369131008,9548053087369131008
15,LP-E,20260918,858,2,measure,264,stride_513,268435456,1048576,2462145,12846048473903554021,33495980,21,21,6783760455248054916,6783760455248054916
15,LP-E,20260918,859,2,measure,265,pair_same_line,3145728,1048576,60355,12613784915353457077,29237774,21,21,7068241381094308592,7068241381094308592
15,LP-E,20260918,860,2,measure,266,pair_same_line,131072,1048576,2110,11883482162013568567,2528782,21,21,9142304002337537038,9142304002337537038
15,LP-E,20260918,861,2,measure,267,stride_1,16777216,1048576,729770,16681138747073926533,2587219,21,21,15156768543314733579,15156768543314733579
15,LP-E,20260918,862,2,measure,268,stride_513,6144,1048576,675,12516407734128318814,1800395,21,21,6498767571919667200,6498767571919667200
15,LP-E,20260918,863,2,measure,269,random,131072,1048576,9464,15635414512594504310,1789813,21,21,11848063176213841296,11848063176213841296
15,LP-E,20260918,864,2,measure,270,stride_513,196608,1048576,13874,1782429740920225287,2435970,21,21,8126674812445135616,8126674812445135616
15,LP-E,20260918,865,2,measure,271,pair_same_line,4194304,1048576,395289,3674166820189226413,31341050,21,21,7790264488791359500,7790264488791359500
15,LP-E,20260918,866,2,measure,272,pair_split_line,49152,1048576,4865,18391052412966150831,2950888,21,21,14153818574174764224,14153818574174764224
15,LP-E,20260918,867,2,measure,273,stride_4097,12288,1048576,267,5282260999070378107,1985019,21,21,12453481831992915638,12453481831992915638
15,LP-E,20260918,868,2,measure,274,stride_513,4194304,1048576,507238,5799256143015309222,13391282,21,21,12406089252390561320,12406089252390561320
15,LP-E,20260918,869,2,measure,275,stride_17,262144,1048576,11189,4244073569378375481,2302316,21,21,3252759155835688704,3252759155835688704
15,LP-E,20260918,870,2,measure,276,stride_4097,3145728,1048576,42596,12027631488087273849,8271900,21,21,12031222448151246682,12031222448151246682
15,LP-E,20260918,871,2,measure,277,random,16777216,1048576,1391776,3335931306230807561,30792871,21,21,1551098016247044233,1551098016247044233
15,LP-E,20260918,872,2,measure,278,stride_4097,8192,1048576,762,18168495215603188488,1817817,21,21,116592947459441664,116592947459441664
15,LP-E,20260918,873,2,measure,279,stride_513,524288,1048576,40244,18004642709061959990,2285260,21,21,10061883979847375520,10061883979847375520
15,LP-E,20260918,874,2,measure,280,stride_1_bis,16384,1048576,232,2180681334299664480,2165427,21,21,9548053087369131008,9548053087369131008
15,LP-E,20260918,875,2,measure,281,pair_split_line,134217728,1048576,9844145,13483694155795019439,81699172,21,21,9097744777493792588,9097744777493792588
15,LP-E,20260918,876,2,measure,282,stride_17,8192,1048576,154,12850176225405914107,1806068,21,21,116592947459441664,116592947459441664
15,LP-E,20260918,877,2,measure,283,random,1572864,1048576,164379,5440969557521547708,5278416,21,21,7419043164869239286,7419043164869239286
15,LP-E,20260918,878,2,measure,284,stride_1_bis,1572864,1048576,79078,15494144979724883547,1903108,21,21,11722829584020755588,11722829584020755588
15,LP-E,20260918,879,2,measure,285,pair_same_line,6144,1048576,415,13752577155051629963,2219095,21,21,14663396954320252541,14663396954320252541
15,LP-E,20260918,880,2,measure,286,stride_513,3145728,1048576,159199,1830988901990861987,13663492,21,21,4696861105486946824,4696861105486946824
15,LP-E,20260918,881,2,measure,287,pair_split_line,786432,1048576,89554,15356346842156822182,3592104,21,21,1771467777477647987,1771467777477647987
15,LP-E,20260918,882,2,measure,288,stride_4097,134217728,1048576,9822876,8820308408005059858,20036197,21,21,6131849954384062837,6131849954384062837
15,LP-E,20260918,883,2,measure,289,random,16384,1048576,1224,797380103352022232,1684358,21,21,1107964115725281402,1107964115725281402
15,LP-E,20260918,884,2,measure,290,stride_1,25165824,1048576,1830067,12305016117794017180,2921203,21,21,7333502942746151452,7333502942746151452
15,LP-E,20260918,885,2,measure,291,stride_1_double,8192,2097152,162,794246735743546583,4101506,21,21,233185894918883328,233185894918883328
15,LP-E,20260918,886,2,measure,292,stride_1_double,1048576,2097152,38986,6032572617815241478,4097147,21,21,17594462461740979760,17594462461740979760
15,LP-E,20260918,887,2,measure,293,stride_17,100663296,1048576,9454807,16982816577556580143,28512307,21,21,16731398454686015971,16731398454686015971
15,LP-E,20260918,888,2,measure,294,stride_17,134217728,1048576,10411662,7060804981027114689,28990063,21,21,18054904067577480801,18054904067577480801
15,LP-E,20260918,889,2,measure,295,stride_1_double,49152,2097152,3845,17897459424356806842,4156200,21,21,6491539208021692507,6491539208021692507
15,LP-E,20260918,890,2,measure,296,stride_1_double,4194304,2097152,62980,4084011659822917109,5547120,21,21,6365434431071571024,6365434431071571024
15,LP-E,20260918,891,3,measure,0,pair_same_line,2097152,1048576,80987,5068693359854649406,23129733,21,21,6031271888695368778,6031271888695368778
15,LP-E,20260918,892,3,measure,1,stride_1,49152,1048576,5960,6141191276495874184,1993249,21,21,9270584684454900043,9270584684454900043
15,LP-E,20260918,893,3,measure,2,stride_1_bis,16384,1048576,369,1983278480696940089,1808896,21,21,9548053087369131008,9548053087369131008
15,LP-E,20260918,894,3,measure,3,stride_17,2097152,1048576,178860,18445493869753166620,10757614,21,21,14577075130308765988,14577075130308765988
15,LP-E,20260918,895,3,measure,4,stride_1_double,3145728,2097152,148206,3503920330704647172,5016307,21,21,5856332883567822623,5856332883567822623
15,LP-E,20260918,896,3,measure,5,stride_1_double,1572864,2097152,187647,13730979813812302866,4040043,21,21,9255949666715028893,9255949666715028893
15,LP-E,20260918,897,3,measure,6,pair_split_line,393216,1048576,10538,4492372737812371720,2838944,21,21,6103818368744042947,6103818368744042947
15,LP-E,20260918,898,3,measure,7,stride_4097,67108864,1048576,7356406,10243765588348110405,18273160,21,21,10246984116609020444,10246984116609020444
15,LP-E,20260918,899,3,measure,8,stride_4097,65536,1048576,2542,8908287111457656481,1871642,21,21,16423878549329276288,16423878549329276288
15,LP-E,20260918,900,3,measure,9,pair_same_line,6144,1048576,110,11262524982311836423,2227879,21,21,1980681214809328881,1980681214809328881
15,LP-E,20260918,901,3,measure,10,stride_1_bis,1572864,1048576,66749,2379253592793599633,2175290,21,21,15283823613658308011,15283823613658308011
15,LP-E,20260918,902,3,measure,11,stride_1_bis,24576,1048576,1456,5194198213619133437,1796970,21,21,4116187126257623590,4116187126257623590
15,LP-E,20260918,903,3,measure,12,pair_same_line,50331648,1048576,4380336,11066739169419639615,35181727,21,21,1899970641892455996,1899970641892455996
15,LP-E,20260918,904,3,measure,13,random,268435456,1048576,19786153,5516949631868392598,50222119,21,21,1548490234251726663,1548490234251726663
15,LP-E,20260918,905,3,measure,14,stride_513,98304,1048576,3002,12931341243346237658,1880437,21,21,16959111087276692480,16959111087276692480
15,LP-E,20260918,906,3,measure,15,pair_same_line,4194304,1048576,269843,7874109354626804881,30435078,21,21,3524107150384907161,3524107150384907161
15,LP-E,20260918,907,3,measure,16,pair_split_line,16384,1048576,1000,1817696900814745034,2385914,21,21,3776774391618521657,3776774391618521657
15,LP-E,20260918,908,3,measure,17,stride_1_bis,67108864,1048576,5155216,1572455857857615557,2693366,21,21,17795500702906171582,17795500702906171582
15,LP-E,20260918,909,3,measure,18,stride_1,268435456,1048576,13935224,6551473596364293577,2681919,21,21,16819125133521585104,16819125133521585104
15,LP-E,20260918,910,3,measure,19,pair_same_line,65536,1048576,6625,6257661735722199474,2419473,21,21,6772416830171884715,6772416830171884715
15,LP-E,20260918,911,3,measure,20,stride_17,16384,1048576,1621,15788458083778069526,1971471,21,21,9548053087369131008,9548053087369131008
15,LP-E,20260918,912,3,measure,21,pair_same_line,6291456,1048576,38458,2655672548846014360,33690967,21,21,16020572806092503012,16020572806092503012
15,LP-E,20260918,913,3,measure,22,random,8192,1048576,867,1640592317352619702,2034392,21,21,2945921045306332353,2945921045306332353
15,LP-E,20260918,914,3,measure,23,stride_1,100663296,1048576,193546,8743360918316998285,3044453,21,21,4575239048016053847,4575239048016053847
15,LP-E,20260918,915,3,measure,24,pair_same_line,100663296,1048576,6476081,2772785977116958598,42683615,21,21,9944248241367046503,9944248241367046503
15,LP-E,20260918,916,3,measure,25,stride_1,134217728,1048576,5504803,9001421461377193175,2717976,21,21,10329748172832226868,10329748172832226868
15,LP-E,20260918,917,3,measure,26,stride_1_bis,196608,1048576,2160,5941850312048566376,2372580,21,21,5175330189758592621,5175330189758592621
15,LP-E,20260918,918,3,measure,27,stride_1_bis,32768,1048576,3321,16919426118419245446,2131909,21,21,10598541984122395648,10598541984122395648
15,LP-E,20260918,919,3,measure,28,stride_17,8192,1048576,705,7801204875913400224,2066413,21,21,116592947459441664,116592947459441664
15,LP-E,20260918,920,3,measure,29,stride_4097,98304,1048576,10212,13696698639773391084,1854373,21,21,5610581955936348783,5610581955936348783
15,LP-E,20260918,921,3,measure,30,pair_same_line,12288,1048576,1099,6062052241043685097,2218807,21,21,4878948532614639741,4878948532614639741
15,LP-E,20260918,922,3,measure,31,pair_split_line,134217728,1048576,12766415,12371457558290493607,78361786,21,21,549745991764186711,549745991764186711
15,LP-E,20260918,923,3,measure,32,stride_1,6291456,1048576,122393,6465200090506663581,2673602,21,21,14990904780957621580,14990904780957621580
15,LP-E,20260918,924,3,measure,33,pair_split_line,262144,1048576,15799,9095511165367839393,2882108,21,21,12407020036897998108,12407020036897998108
15,LP-E,20260918,925,3,measure,34,stride_1_bis,1048576,1048576,73212,12422084670282750600,1968140,21,21,8797231230870489880,8797231230870489880
15,LP-E,20260918,926,3,measure,35,stride_1,3145728,1048576,17727,17205191814453667859,2473981,21,21,2096056578459374421,2096056578459374421
15,LP-E,20260918,927,3,measure,36,stride_4097,196608,1048576,10680,3047539798241874151,1890998,21,21,7070557924822051283,7070557924822051283
15,LP-E,20260918,928,3,measure,37,stride_4097,2097152,1048576,115642,799277417565585031,4587040,21,21,14577075130308765988,14577075130308765988
15,LP-E,20260918,929,3,measure,38,random,49152,1048576,6067,14923179260133083345,1710498,21,21,16870281957059480124,16870281957059480124
15,LP-E,20260918,930,3,measure,39,stride_4097,49152,1048576,1050,3414177829445303993,1849742,21,21,10860224099183474770,10860224099183474770
15,LP-E,20260918,931,3,measure,40,pair_split_line,33554432,1048576,3771880,15160390159699357655,66961779,21,21,11310293132415285924,11310293132415285924
15,LP-E,20260918,932,3,measure,41,stride_1_double,50331648,2097152,4026934,3434470538918155229,5980752,21,21,17186648832419998687,17186648832419998687
15,LP-E,20260918,933,3,measure,42,stride_1_double,6291456,2097152,649972,12167236325218828232,5496279,21,21,17347135551399391327,17347135551399391327
15,LP-E,20260918,934,3,measure,43,random,4096,1048576,55,2193013845210956147,2025893,21,21,4813413506573753217,4813413506573753217
15,LP-E,20260918,935,3,measure,44,stride_1_bis,50331648,1048576,5752175,15696488326582426027,3056592,21,21,928751148157520865,928751148157520865
15,LP-E,20260918,936,3,measure,45,pair_split_line,524288,1048576,2159,3289882647795238007,3265165,21,21,13724850377659250800,13724850377659250800
15,LP-E,20260918,937,3,measure,46,stride_17,24576,1048576,1936,5598573122801518431,1799303,21,21,8468540406988653881,8468540406988653881
15,LP-E,20260918,938,3,measure,47,stride_513,3145728,1048576,130094,4370579740113539207,14094979,21,21,13978878534847391976,13978878534847391976
15,LP-E,20260918,939,3,measure,48,pair_same_line,134217728,1048576,12435098,10266325410254801607,42524681,21,21,3422056806000274032,3422056806000274032
15,LP-E,20260918,940,3,measure,49,stride_1,2097152,1048576,112694,1865146916847388392,2387906,21,21,14577075130308765988,14577075130308765988
15,LP-E,20260918,941,3,measure,50,random,196608,1048576,17827,267348038334661189,1743625,21,21,15364249293566798514,15364249293566798514
15,LP-E,20260918,942,3,measure,51,stride_1_double,8388608,2097152,581196,13505048314070459674,5110466,21,21,18159816849507569302,18159816849507569302
15,LP-E,20260918,943,3,measure,52,stride_1_double,131072,2097152,7407,13772009728457843607,3665615,21,21,15396081144520084480,15396081144520084480
15,LP-E,20260918,944,3,measure,53,pair_split_line,24576,1048576,2677,9197256303260537854,2331214,21,21,6780531607437381621,6780531607437381621
15,LP-E,20260918,945,3,measure,54,stride_1_double,8192,2097152,203,8989645883989254327,4321022,21,21,233185894918883328,233185894918883328
15,LP-E,20260918,946,3,measure,55,stride_17,32768,1048576,3270,3690272768753077333,1984944,21,21,10598541984122395648,10598541984122395648
15,LP-E,20260918,947,3,measure,56,stride_1,393216,1048576,40776,7012402359721596587,2171402,21,21,7268327634617345945,7268327634617345945
15,LP-E,20260918,948,3,measure,57,stride_17,12582912,1048576,394555,12974017915295086467,28749451,21,21,2341789450357803540,2341789450357803540
15,LP-E,20260918,949,3,measure,58,stride_513,196608,1048576,18869,7511043666607959961,2285748,21,21,8126674812445135616,8126674812445135616
15,LP-E,20260918,950,3,measure,59,pair_split_line,3145728,1048576,132809,11048990962158388149,35597414,21,21,2453070095844146833,2453070095844146833
15,LP-E,20260918,951,3,measure,60,stride_513,100663296,1048576,7311547,14835584615331423619,32844864,21,21,759261921039012812,759261921039012812
15,LP-E,20260918,952,3,measure,61,stride_17,131072,1048576,9421,12081239967777217457,2080497,21,21,16921412609114818048,16921412609114818048
15,LP-E,20260918,953,3,measure,62,pair_split_line,201326592,1048576,20558787,18334587850739596134,108194518,21,21,14430633003184443067,14430633003184443067
15,LP-E,20260918,954,3,measure,63,random,1048576,1048576,19774,15613143101369134263,2745050,21,21,6518667742858518634,6518667742858518634
15,LP-E,20260918,955,3,measure,64,random,50331648,1048576,4331143,6490199938134623753,35321379,21,21,18033272724583363879,18033272724583363879
15,LP-E,20260918,956,3,measure,65,stride_1_double,134217728,2097152,9464513,3863604254442371153,5768541,21,21,15943045028872161641,15943045028872161641
15,LP-E,20260918,957,3,measure,66,pair_same_line,8388608,1048576,182870,9152434183600016138,34586438,21,21,14326954657306468082,14326954657306468082
15,LP-E,20260918,958,3,measure,67,pair_split_line,100663296,1048576,12125876,17686358199841646577,78044441,21,21,14094958544778544057,14094958544778544057
15,LP-E,20260918,959,3,measure,68,stride_1_bis,786432,1048576,44926,3198882896099299797,1883566,21,21,12126239655081266821,12126239655081266821
15,LP-E,20260918,960,3,measure,69,pair_split_line,786432,1048576,63924,6604485871200142618,2904773,21,21,4654587057801724871,4654587057801724871
15,LP-E,20260918,961,3,measure,70,stride_1,12288,1048576,76,8869638298641561549,1792574,21,21,18097978735711022145,18097978735711022145
15,LP-E,20260918,962,3,measure,71,stride_1_double,4194304,2097152,303674,7603269734020757633,5214205,21,21,6365434431071571024,6365434431071571024
15,LP-E,20260918,963,3,measure,72,stride_17,786432,1048576,26932,15750959077061742772,2071364,21,21,2797640216724038862,2797640216724038862
15,LP-E,20260918,964,3,measure,73,stride_1_bis,134217728,1048576,10306356,1990921576405944330,2611129,21,21,13760086350713509041,13760086350713509041
15,LP-E,20260918,965,3,measure,74,stride_1_double,24576,2097152,765,12926233382808135056,3599086,21,21,4309809308280226835,4309809308280226835
15,LP-E,20260918,966,3,measure,75,stride_513,1048576,1048576,58272,1006752011403591789,2565767,21,21,8797231230870489880,8797231230870489880
15,LP-E,20260918,967,3,measure,76,stride_17,16777216,1048576,1378813,17242663489482045634,30296741,21,21,16474559164134508594,16474559164134508594
15,LP-E,20260918,968,3,measure,77,stride_1_double,196608,2097152,7695,15405641379378865133,4135691,21,21,12751768505150342962,12751768505150342962
15,LP-E,20260918,969,3,measure,78,stride_1,16384,1048576,873,3556707367214797519,1794660,21,21,9548053087369131008,9548053087369131008
15,LP-E,20260918,970,3,measure,79,stride_1_bis,2097152,1048576,138001,12361177162586912080,2679009,21,21,14577075130308765988,14577075130308765988
15,LP-E,20260918,971,3,measure,80,stride_513,4096,1048576,164,11744677867539309504,1948625,21,21,8154595385843253248,8154595385843253248
15,LP-E,20260918,972,3,measure,81,random,131072,1048576,10136,1267744532234790569,2103183,21,21,6035913057517728695,6035913057517728695
15,LP-E,20260918,973,3,measure,82,stride_4097,8388608,1048576,900134,1819788690856928773,8682326,21,21,18303280461608560459,18303280461608560459
15,LP-E,20260918,974,3,measure,83,random,100663296,1048576,3017800,3814087548180599073,39206081,21,21,12329709236838759165,12329709236838759165
15,LP-E,20260918,975,3,measure,84,stride_1_bis,49152,1048576,122,5288188609957317619,2181199,21,21,682077589463833250,682077589463833250
15,LP-E,20260918,976,3,measure,85,stride_17,25165824,1048576,1668898,2096297994106272866,28547424,21,21,10182011178304066413,10182011178304066413
15,LP-E,20260918,977,3,measure,86,stride_17,3145728,1048576,112761,3950545192143916180,21174800,21,21,13374436248227748660,13374436248227748660
15,LP-E,20260918,978,3,measure,87,stride_4097,33554432,1048576,3107975,12396502977723462925,17801316,21,21,12949768466145029513,12949768466145029513
15,LP-E,20260918,979,3,measure,88,stride_17,262144,1048576,11580,17368654783029623151,1940712,21,21,3252759155835688704,3252759155835688704
15,LP-E,20260918,980,3,measure,89,stride_17,8388608,1048576,660697,5073296392778426555,27696033,21,21,18303280461608560459,18303280461608560459
15,LP-E,20260918,981,3,measure,90,stride_1_double,524288,2097152,16073,15693331155781335841,3664249,21,21,1677023885985199424,1677023885985199424
15,LP-E,20260918,982,3,measure,91,pair_same_line,8192,1048576,391,4031290782731645746,2228084,21,21,7436392259613269886,7436392259613269886
15,LP-E,20260918,983,3,measure,92,stride_513,32768,1048576,3744,1232362813067338057,1892904,21,21,10598541984122395648,10598541984122395648
15,LP-E,20260918,984,3,measure,93,random,201326592,1048576,24083848,16864518290307913105,43133723,21,21,14913729834899402504,14913729834899402504
15,LP-E,20260918,985,3,measure,94,pair_same_line,1048576,1048576,126072,16846849830894750541,3785828,21,21,15571913604536735733,15571913604536735733
15,LP-E,20260918,986,3,measure,95,stride_4097,6144,1048576,62,7112503561368690254,1793041,21,21,16778266133081481390,16778266133081481390
15,LP-E,20260918,987,3,measure,96,random,3145728,1048576,275324,10733432087480854759,20905506,21,21,10493763683399241381,10493763683399241381
15,LP-E,20260918,988,3,measure,97,stride_1,201326592,1048576,12463265,8762797297614964279,3141621,21,21,10766601657392271225,10766601657392271225
15,LP-E,20260918,989,3,measure,98,stride_1_double,32768,2097152,1283,5778623210393688292,3597942,21,21,2750339894535239680,2750339894535239680
15,LP-E,20260918,990,3,measure,99,stride_1_double,67108864,2097152,7245299,13088113733821318873,5282618,21,21,17783765827594081668,17783765827594081668
15,LP-E,20260918,991,3,measure,100,pair_same_line,524288,1048576,45849,13685991486047594078,3034625,21,21,16154942630806890764,16154942630806890764
15,LP-E,20260918,992,3,measure,101,stride_513,16384,1048576,1552,16042322750471791396,1793746,21,21,9548053087369131008,9548053087369131008
15,LP-E,20260918,993,3,measure,102,random,12288,1048576,901,950384490146146526,1654295,21,21,3598890398916663194,3598890398916663194
15,LP-E,20260918,994,3,measure,103,stride_513,12582912,1048576,1567683,7094191493614865963,24680004,21,21,10120808792106458316,10120808792106458316
15,LP-E,20260918,995,3,measure,104,stride_1_bis,393216,1048576,6146,17405670265384943572,1866117,21,21,8583575370574659392,8583575370574659392
15,LP-E,20260918,996,3,measure,105,stride_4097,8192,1048576,687,14292523754298230178,1789223,21,21,116592947459441664,116592947459441664
15,LP-E,20260918,997,3,measure,106,stride_17,268435456,1048576,26290660,2587127084726161131,28615332,21,21,15799101808372530992,15799101808372530992
15,LP-E,20260918,998,3,measure,107,stride_1_double,201326592,2097152,24256965,12386897949626668982,5835782,21,21,9032720703587886894,9032720703587886894
15,LP-E,20260918,999,3,measure,108,pair_split_line,268435456,1048576,24789915,10844106524040213394,126006979,21,21,12100582159522746376,12100582159522746376
15,LP-E,20260918,1000,3,measure,109,stride_1_double,98304,2097152,10403,3907038920213601543,3745717,21,21,18309542619169077126,18309542619169077126
15,LP-E,20260918,1001,3,measure,110,stride_1,32768,1048576,1206,13759964930470194675,1973990,21,21,10598541984122395648,10598541984122395648
15,LP-E,20260918,1002,3,measure,111,stride_1_double,1048576,2097152,86397,14240811737175781803,4216796,21,21,17594462461740979760,17594462461740979760
15,LP-E,20260918,1003,3,measure,112,random,16384,1048576,315,1062448714187106313,1707812,21,21,2914703219864300983,2914703219864300983
15,LP-E,20260918,1004,3,measure,113,stride_1,24576,1048576,1956,10639232104888309725,1802731,21,21,6794492207093346362,6794492207093346362
15,LP-E,20260918,1005,3,measure,114,pair_split_line,67108864,1048576,3603030,4623450422950709103,70343285,21,21,12364562716650616148,12364562716650616148
15,LP-E,20260918,1006,3,measure,115,stride_4097,3145728,1048576,43089,2021202766087418303,8517230,21,21,15513149537850730098,15513149537850730098
15,LP-E,20260918,1007,3,measure,116,pair_same_line,16384,1048576,53,9638253382705257490,2472355,21,21,4930077623883706798,4930077623883706798
15,LP-E,20260918,1008,3,measure,117,pair_same_line,268435456,1048576,21125721,5163138311931561965,53563731,21,21,15048171232575547844,15048171232575547844
15,LP-E,20260918,1009,3,measure,118,pair_same_line,32768,1048576,1887,15860806181013706052,2650870,21,21,8113767648653877690,8113767648653877690
15,LP-E,20260918,1010,3,measure,119,pair_same_line,4096,1048576,72,10889715182908109115,2789111,21,21,12042685562575723530,12042685562575723530
15,LP-E,20260918,1011,3,measure,120,pair_same_line,67108864,1048576,3794613,10904294169741156827,39036897,21,21,2095526536694296217,2095526536694296217
15,LP-E,20260918,1012,3,measure,121,stride_1_bis,65536,1048576,4278,13849853677147066279,1853026,21,21,16423878549329276288,16423878549329276288
15,LP-E,20260918,1013,3,measure,122,stride_513,134217728,1048576,10796713,4978322986923428296,33986934,21,21,7754345100392555498,7754345100392555498
15,LP-E,20260918,1014,3,measure,123,pair_same_line,262144,1048576,25747,17765579047381908368,3053352,21,21,13195577081260617459,13195577081260617459
15,LP-E,20260918,1015,3,measure,124,stride_513,393216,1048576,46583,17237310107585274280,2093740,21,21,14269622657413644288,14269622657413644288
15,LP-E,20260918,1016,3,measure,125,stride_1_bis,16777216,1048576,661774,16230320554024893574,2953079,21,21,12041690645355644244,12041690645355644244
15,LP-E,20260918,1017,3,measure,126,stride_1,98304,1048576,4501,8104912580238270475,2176778,21,21,13401200889861210562,13401200889861210562
15,LP-E,20260918,1018,3,measure,127,stride_1,1572864,1048576,178625,1390206671912443799,2354839,21,21,7119990026186760455,7119990026186760455
15,LP-E,20260918,1019,3,measure,128,stride_513,8388608,1048576,411380,16421238496133597655,17387640,21,21,18303280461608560459,18303280461608560459
15,LP-E,20260918,1020,3,measure,129,stride_4097,262144,1048576,7733,9895645281816813909,2091142,21,21,3252759155835688704,3252759155835688704
15,LP-E,20260918,1021,3,measure,130,stride_1,524288,1048576,22221,7811429896906612505,1993717,21,21,10061883979847375520,10061883979847375520
15,LP-E,20260918,1022,3,measure,131,stride_4097,12582912,1048576,1080257,9679426928308334736,15270035,21,21,8678417711401041213,8678417711401041213
15,LP-E,20260918,1023,3,measure,132,random,8388608,1048576,251933,8452391607663630992,26388582,21,21,12706602866312735148,12706602866312735148
15,LP-E,20260918,1024,3,measure,133,stride_17,50331648,1048576,2783413,7210512045519536100,29314464,21,21,634472089204518078,634472089204518078
15,LP-E,20260918,1025,3,measure,134,random,524288,1048576,34120,2828786470839335193,2139912,21,21,12957275850920761123,12957275850920761123
15,LP-E,20260918,1026,3,measure,135,stride_1_bis,524288,1048576,7558,6502141421636629038,2152357,21,21,10061883979847375520,10061883979847375520
15,LP-E,20260918,1027,3,measure,136,pair_split_line,131072,1048576,9176,16076374861911648391,3191977,21,21,4485811631541101320,4485811631541101320
15,LP-E,20260918,1028,3,measure,137,stride_4097,25165824,1048576,626505,7092696706080516412,18675644,21,21,11721834307140365436,11721834307140365436
15,LP-E,20260918,1029,3,measure,138,stride_4097,50331648,1048576,5159936,5595886232801624314,21882423,21,21,5856587582177948804,5856587582177948804
15,LP-E,20260918,1030,3,measure,139,stride_513,4194304,1048576,334760,9990898016403493282,13477873,21,21,12406089252390561320,12406089252390561320
15,LP-E,20260918,1031,3,measure,140,stride_1_double,4096,2097152,404,15498820425030993310,4319447,21,21,16309190771686506496,16309190771686506496
15,LP-E,20260918,1032,3,measure,141,pair_split_line,12582912,1048576,1411414,156733951192281154,56864558,21,21,17468245590996171433,17468245590996171433
15,LP-E,20260918,1033,3,measure,142,stride_1,25165824,1048576,1933877,2641679221897704432,2603156,21,21,880359231673681075,880359231673681075
15,LP-E,20260918,1034,3,measure,143,stride_4097,134217728,1048576,14129303,18263402456913146383,20901676,21,21,2678057889361935546,2678057889361935546
15,LP-E,20260918,1035,3,measure,144,stride_4097,6291456,1048576,210583,861579687860319421,14391797,21,21,2484662923917998700,2484662923917998700
15,LP-E,20260918,1036,3,measure,145,stride_17,100663296,1048576,3605414,4722684531645260039,30401193,21,21,15250757030921472326,15250757030921472326
15,LP-E,20260918,1037,3,measure,146,stride_1,33554432,1048576,3130722,334311314441398399,3084738,21,21,16893209494321711909,16893209494321711909
15,LP-E,20260918,1038,3,measure,147,pair_split_line,16777216,1048576,1341733,14477086499056676636,57677300,21,21,16548734102633314545,16548734102633314545
15,LP-E,20260918,1039,3,measure,148,pair_split_line,8192,1048576,163,11847188411414178038,2323299,21,21,4985736011538475010,4985736011538475010
15,LP-E,20260918,1040,3,measure,149,stride_1_double,100663296,2097152,11165198,16091736032936019428,5217159,21,21,16858845853550488,16858845853550488
15,LP-E,20260918,1041,3,measure,150,stride_1,16777216,1048576,1315610,11108984824350060638,2618044,21,21,1210476008452829637,1210476008452829637
15,LP-E,20260918,1042,3,measure,151,pair_split_line,4096,1048576,429,3569140868918809310,2322550,21,21,10193855453709547790,10193855453709547790
15,LP-E,20260918,1043,3,measure,152,stride_513,24576,1048576,96,13839803933390114074,2161165,21,21,15675031744929201152,15675031744929201152
15,LP-E,20260918,1044,3,measure,153,stride_1,4096,1048576,188,14479729152114696215,2162184,21,21,8154595385843253248,8154595385843253248
15,LP-E,20260918,1045,3,measure,154,pair_same_line,393216,1048576,44310,10205776466306252349,2967268,21,21,9716811365200129937,9716811365200129937
15,LP-E,20260918,1046,3,measure,155,stride_1_double,6144,2097152,696,651042848508503555,4331724,21,21,12864038056933959586,12864038056933959586
15,LP-E,20260918,1047,3,measure,156,pair_same_line,49152,1048576,1782,2205687628963936935,2327376,21,21,138100097975753083,138100097975753083
15,LP-E,20260918,1048,3,measure,157,stride_1,131072,1048576,6238,8246021782718111265,2161909,21,21,16921412609114818048,16921412609114818048
15,LP-E,20260918,1049,3,measure,158,random,33554432,1048576,2318311,11534577547082662357,34050199,21,21,13707636162376926662,13707636162376926662
15,LP-E,20260918,1050,3,measure,159,pair_split_line,6144,1048576,603,9959976789359221511,2562504,21,21,13499791822015460521,13499791822015460521
15,LP-E,20260918,1051,3,measure,160,stride_1_double,16777216,2097152,1501989,18169570783183828825,5328775,21,21,12841062978479921428,12841062978479921428
15,LP-E,20260918,1052,3,measure,161,pair_same_line,201326592,1048576,3500286,8654346341178529952,48413896,21,21,9515229379404288194,9515229379404288194
15,LP-E,20260918,1053,3,measure,162,random,65536,1048576,807,1711004320546119375,1919328,21,21,10144132614325948644,10144132614325948644
15,LP-E,20260918,1054,3,measure,163,stride_1_bis,4096,1048576,480,18366991754402829714,1790478,21,21,8154595385843253248,8154595385843253248
15,LP-E,20260918,1055,3,measure,164,stride_4097,4096,1048576,238,847340035544510163,1815848,21,21,8154595385843253248,8154595385843253248
15,LP-E,20260918,1056,3,measure,165,random,4194304,1048576,133300,3067177082371153284,23576993,21,21,13042248951413495672,13042248951413495672
15,LP-E,20260918,1057,3,measure,166,stride_513,524288,1048576,64216,9140732187109760758,2332262,21,21,10061883979847375520,10061883979847375520
15,LP-E,20260918,1058,3,measure,167,pair_split_line,50331648,1048576,5730073,7675133705587678654,67499606,21,21,15757536230874576465,15757536230874576465
15,LP-E,20260918,1059,3,measure,168,stride_1_double,25165824,2097152,631096,15685085783567498298,5389623,21,21,5341418756550428506,5341418756550428506
15,LP-E,20260918,1060,3,measure,169,pair_same_line,12582912,1048576,1101862,703212402646766213,32700353,21,21,14769403532363917663,14769403532363917663
15,LP-E,20260918,1061,3,measure,170,stride_1_double,33554432,2097152,1887,2661109599763339754,5282470,21,21,14074874522440481916,14074874522440481916
15,LP-E,20260918,1062,3,measure,171,stride_17,67108864,1048576,1853097,3961538790593188490,27898404,21,21,15483416275905099008,15483416275905099008
15,LP-E,20260918,1063,3,measure,172,stride_4097,16777216,1048576,320876,413984988247674723,17790768,21,21,6421593277139387334,6421593277139387334
15,LP-E,20260918,1064,3,measure,173,stride_4097,16384,1048576,228,13461579868334721629,1799965,21,21,9548053087369131008,9548053087369131008
15,LP-E,20260918,1065,3,measure,174,stride_1_double,12288,2097152,307,16737001316856678808,3576672,21,21,1267614688010062172,1267614688010062172
15,LP-E,20260918,1066,3,measure,175,stride_1_bis,201326592,1048576,20696125,17074063697107082397,2615125,21,21,15548866454201288915,15548866454201288915
15,LP-E,20260918,1067,3,measure,176,pair_split_line,98304,1048576,1429,8073255815678568634,2660748,21,21,708724946871485310,708724946871485310
15,LP-E,20260918,1068,3,measure,177,stride_1_bis,100663296,1048576,1144336,1772479601021089065,2692663,21,21,2070141550398511569,2070141550398511569
15,LP-E,20260918,1069,3,measure,178,random,12582912,1048576,335886,11440973302507447811,28159293,21,21,14482890415061704755,14482890415061704755
15,LP-E,20260918,1070,3,measure,179,stride_1_double,12582912,2097152,1142520,4510495089905633858,7120641,21,21,4340144453805581598,4340144453805581598
15,LP-E,20260918,1071,3,measure,180,stride_1,12582912,1048576,919914,797992417342516995,2044908,21,21,12451078722749841695,12451078722749841695
15,LP-E,20260918,1072,3,measure,181,stride_17,134217728,1048576,8986102,1939508932664669034,24404951,21,21,9014165121381843742,9014165121381843742
15,LP-E,20260918,1073,3,measure,182,stride_1_bis,131072,1048576,7506,6517409354553669991,1806244,21,21,16921412609114818048,16921412609114818048
15,LP-E,20260918,1074,3,measure,183,pair_same_line,16777216,1048576,1072854,11013016787617153046,34420342,21,21,1720085568512791116,1720085568512791116
15,LP-E,20260918,1075,3,measure,184,stride_1_bis,8388608,1048576,493334,8513860586730328470,2573039,21,21,18303280461608560459,18303280461608560459
15,LP-E,20260918,1076,3,measure,185,stride_513,25165824,1048576,971367,9571256165297170209,32131452,21,21,1003168821508743228,1003168821508743228
15,LP-E,20260918,1077,3,measure,186,stride_1_bis,12288,1048576,1236,6601174651776349223,1820806,21,21,10888520492527459886,10888520492527459886
15,LP-E,20260918,1078,3,measure,187,stride_4097,131072,1048576,12901,5859226610672770761,1855644,21,21,16921412609114818048,16921412609114818048
15,LP-E,20260918,1079,3,measure,188,stride_513,262144,1048576,22856,3300798739365273580,1882312,21,21,3252759155835688704,3252759155835688704
15,LP-E,20260918,1080,3,measure,189,stride_4097,786432,1048576,21454,5859759382519304252,1978329,21,21,11274487716166547993,11274487716166547993
15,LP-E,20260918,1081,3,measure,190,random,1572864,1048576,116607,15696294544424865718,4722614,21,21,2869532485627433279,2869532485627433279
15,LP-E,20260918,1082,3,measure,191,stride_4097,1572864,1048576,143096,9312974843186744407,3292117,21,21,18438901754202882421,18438901754202882421
15,LP-E,20260918,1083,3,measure,192,stride_513,786432,1048576,97819,1267601304003033821,1882653,21,21,16022285928360536512,16022285928360536512
15,LP-E,20260918,1084,3,measure,193,stride_4097,4194304,1048576,435314,16013048000120403151,5444945,21,21,12406089252390561320,12406089252390561320
15,LP-E,20260918,1085,3,measure,194,stride_1_double,49152,2097152,3799,12098567580142096489,3591760,21,21,7218404990234189512,7218404990234189512
15,LP-E,20260918,1086,3,measure,195,stride_1,196608,1048576,19250,12669159737522625370,1846943,21,21,4502970282269788098,4502970282269788098
15,LP-E,20260918,1087,3,measure,196,stride_17,201326592,1048576,1740878,2190506733382011694,28128881,21,21,9350201030035670044,9350201030035670044
15,LP-E,20260918,1088,3,measure,197,random,98304,1048576,1715,14821786548093292988,1780570,21,21,2299667718678047634,2299667718678047634
15,LP-E,20260918,1089,3,measure,198,stride_1_double,786432,2097152,65108,18388838444565411747,3672390,21,21,13813460833865675068,13813460833865675068
15,LP-E,20260918,1090,3,measure,199,random,24576,1048576,863,2867713564775641629,1656541,21,21,14549487932034099066,14549487932034099066
15,LP-E,20260918,1091,3,measure,200,stride_513,131072,1048576,7725,11676054929253007814,1846964,21,21,16921412609114818048,16921412609114818048
15,LP-E,20260918,1092,3,measure,201,stride_17,4096,1048576,483,3741726851044949517,1789012,21,21,8154595385843253248,8154595385843253248
15,LP-E,20260918,1093,3,measure,202,stride_1_double,268435456,2097152,20834602,6203892661363896038,5355075,21,21,15959251194313872010,15959251194313872010
15,LP-E,20260918,1094,3,measure,203,pair_same_line,1572864,1048576,64580,3773180062074849583,6375371,21,21,15707047560631851955,15707047560631851955
15,LP-E,20260918,1095,3,measure,204,pair_split_line,6291456,1048576,569404,18237732129100053830,45355154,21,21,12449969794086556555,12449969794086556555
15,LP-E,20260918,1096,3,measure,205,stride_17,1572864,1048576,144343,11211248482625637895,3546894,21,21,10097927552124340314,10097927552124340314
15,LP-E,20260918,1097,3,measure,206,stride_1,50331648,1048576,1903308,13569266419799074771,2787592,21,21,2372410218602832797,2372410218602832797
15,LP-E,20260918,1098,3,measure,207,pair_split_line,65536,1048576,6311,11380539750199869448,2970801,21,21,15708743131335385520,15708743131335385520
15,LP-E,20260918,1099,3,measure,208,pair_split_line,32768,1048576,3292,10946824068640756798,2705100,21,21,1226335000784410903,1226335000784410903
15,LP-E,20260918,1100,3,measure,209,stride_17,6291456,1048576,118968,12060281019619987187,27456232,21,21,10906568042622561830,10906568042622561830
15,LP-E,20260918,1101,3,measure,210,random,134217728,1048576,11744174,11778313186789227634,38689180,21,21,4940738482754998671,4940738482754998671
15,LP-E,20260918,1102,3,measure,211,random,786432,1048576,7730,13147787025607008350,2448787,21,21,15367333880798485193,15367333880798485193
15,LP-E,20260918,1103,3,measure,212,stride_17,33554432,1048576,3403642,4135343998385872687,27893508,21,21,15834447311806937712,15834447311806937712
15,LP-E,20260918,1104,3,measure,213,stride_1_bis,6144,1048576,361,17167805066020896295,1785221,21,21,10965428013970432698,10965428013970432698
15,LP-E,20260918,1105,3,measure,214,stride_1_double,393216,2097152,45731,15237545544937960665,3632693,21,21,1524335179786975268,1524335179786975268
15,LP-E,20260918,1106,3,measure,215,stride_513,49152,1048576,4002,3976509900518196097,1864757,21,21,9764209366394647040,9764209366394647040
15,LP-E,20260918,1107,3,measure,216,stride_1_double,65536,2097152,4360,12009464895996142091,3577736,21,21,14401013024949000960,14401013024949000960
15,LP-E,20260918,1108,3,measure,217,pair_same_line,98304,1048576,7809,6832343675170564540,2374089,21,21,8866068537014378336,8866068537014378336
15,LP-E,20260918,1109,3,measure,218,stride_17,49152,1048576,4342,12631683570441902410,1850403,21,21,2580779718443988467,2580779718443988467
15,LP-E,20260918,1110,3,measure,219,stride_1_bis,6291456,1048576,636615,5066955889446598525,2526561,21,21,4414834098685527539,4414834098685527539
15,LP-E,20260918,1111,3,measure,220,stride_1,8192,1048576,451,15088392817317224968,1804069,21,21,116592947459441664,116592947459441664
15,LP-E,20260918,1112,3,measure,221,pair_split_line,1572864,1048576,176989,13597534842890342787,6785995,21,21,6396866908135135897,6396866908135135897
15,LP-E,20260918,1113,3,measure,222,pair_same_line,786432,1048576,80700,15353186906293292157,2536873,21,21,12189592642632129610,12189592642632129610
15,LP-E,20260918,1114,3,measure,223,stride_513,268435456,1048576,10248454,7007379719613569186,32995324,21,21,6760562292402419750,6760562292402419750
15,LP-E,20260918,1115,3,measure,224,stride_513,33554432,1048576,884485,10571269718164334546,32761048,21,21,18014561985149119288,18014561985149119288
15,LP-E,20260918,1116,3,measure,225,stride_17,98304,1048576,7792,4434579903164094852,1897214,21,21,7236751333081820815,7236751333081820815
15,LP-E,20260918,1117,3,measure,226,random,67108864,1048576,7578656,1040655558144585172,34138837,21,21,8157693103657354758,8157693103657354758
15,LP-E,20260918,1118,3,measure,227,stride_513,201326592,1048576,13003337,2653870487136348414,32682053,21,21,4210949354476638860,4210949354476638860
15,LP-E,20260918,1119,3,measure,228,random,32768,1048576,3394,15655634737694646600,1698071,21,21,14946918253808116579,14946918253808116579
15,LP-E,20260918,1120,3,measure,229,stride_17,4194304,1048576,267688,11347951733546965120,26512166,21,21,12406089252390561320,12406089252390561320
15,LP-E,20260918,1121,3,measure,230,stride_1_bis,98304,1048576,4569,993987276836957956,1811675,21,21,7924491620974042909,7924491620974042909
15,LP-E,20260918,1122,3,measure,231,stride_513,1572864,1048576,10067,16852118237594094924,4216262,21,21,4152134303135996640,4152134303135996640
15,LP-E,20260918,1123,3,measure,232,stride_17,65536,1048576,7973,16081216368205231221,1841567,21,21,16423878549329276288,16423878549329276288
15,LP-E,20260918,1124,3,measure,233,stride_513,12288,1048576,709,7204236048375788139,1792013,21,21,3776769180852905984,3776769180852905984
15,LP-E,20260918,1125,3,measure,234,stride_513,65536,1048576,1646,15864937638622073557,1847552,21,21,16423878549329276288,16423878549329276288
15,LP-E,20260918,1126,3,measure,235,stride_4097,393216,1048576,16675,10027593780964119613,1870970,21,21,773421499673026563,773421499673026563
15,LP-E,20260918,1127,3,measure,236,stride_1_double,262144,2097152,10683,1332685030737765027,3584639,21,21,6505518311671377408,6505518311671377408
15,LP-E,20260918,1128,3,measure,237,pair_split_line,25165824,1048576,677817,9892274494109767188,59082592,21,21,6942287238226493788,6942287238226493788
15,LP-E,20260918,1129,3,measure,238,stride_17,1048576,1048576,103801,16940573833774532257,2294630,21,21,8797231230870489880,8797231230870489880
15,LP-E,20260918,1130,3,measure,239,pair_same_line,3145728,1048576,285324,10268058751710841349,28008064,21,21,12153237204603104564,12153237204603104564
15,LP-E,20260918,1131,3,measure,240,pair_split_line,1048576,1048576,7832,128555117056501169,3478063,21,21,13293090979529076104,13293090979529076104
15,LP-E,20260918,1132,3,measure,241,stride_1,6144,1048576,311,10795752018558246051,1791361,21,21,7220180621651575443,7220180621651575443
15,LP-E,20260918,1133,3,measure,242,stride_1_bis,4194304,1048576,464507,3527586534083731891,2701313,21,21,12406089252390561320,12406089252390561320
15,LP-E,20260918,1134,3,measure,243,stride_4097,524288,1048576,3138,14365432313140466894,2056140,21,21,10061883979847375520,10061883979847375520
15,LP-E,20260918,1135,3,measure,244,random,2097152,1048576,97546,7771667006952932477,16109280,21,21,6656357007159084203,6656357007159084203
15,LP-E,20260918,1136,3,measure,245,pair_same_line,196608,1048576,9301,1415300620352557958,2482971,21,21,8468978243371304779,8468978243371304779
15,LP-E,20260918,1137,3,measure,246,pair_split_line,2097152,1048576,223084,8703092445382430507,23773888,21,21,8703526862127524921,8703526862127524921
15,LP-E,20260918,1138,3,measure,247,pair_split_line,4194304,1048576,140105,10265457139079478691,39247927,21,21,6972309777261381344,6972309777261381344
15,LP-E,20260918,1139,3,measure,248,stride_1_bis,3145728,1048576,108405,15085127561286203146,2592362,21,21,16016529239828092396,16016529239828092396
15,LP-E,20260918,1140,3,measure,249,stride_1,67108864,1048576,5648388,10772438216858859136,2628453,21,21,13513735731836212408,13513735731836212408
15,LP-E,20260918,1141,3,measure,250,stride_17,393216,1048576,33599,13953800404079882661,1990573,21,21,211146228379032177,211146228379032177
15,LP-E,20260918,1142,3,measure,251,stride_1,1048576,1048576,107009,13970894682113454929,1881104,21,21,8797231230870489880,8797231230870489880
15,LP-E,20260918,1143,3,measure,252,random,16777216,1048576,1772846,8302514882329192346,29783519,21,21,11970502191462036211,11970502191462036211
15,LP-E,20260918,1144,3,measure,253,pair_same_line,24576,1048576,2358,14323733748464497232,2259254,21,21,6513194771213859890,6513194771213859890
15,LP-E,20260918,1145,3,measure,254,stride_513,8192,1048576,581,13293779840037409796,1791950,21,21,116592947459441664,116592947459441664
15,LP-E,20260918,1146,3,measure,255,stride_17,524288,1048576,14162,5506186466192445210,2090011,21,21,10061883979847375520,10061883979847375520
15,LP-E,20260918,1147,3,measure,256,stride_4097,24576,1048576,2329,14291909758196558590,2022926,21,21,9296239529169167049,9296239529169167049
15,LP-E,20260918,1148,3,measure,257,pair_same_line,25165824,1048576,1717267,14703079353690846178,36930982,21,21,15427532030132618078,15427532030132618078
15,LP-E,20260918,1149,3,measure,258,pair_same_line,131072,1048576,8460,308685236899135446,2538783,21,21,4027437690622905850,4027437690622905850
15,LP-E,20260918,1150,3,measure,259,stride_513,2097152,1048576,246001,13401282428505070772,10480529,21,21,14577075130308765988,14577075130308765988
15,LP-E,20260918,1151,3,measure,260,stride_17,196608,1048576,17658,4316666453933287824,1877913,21,21,13621330460437224449,13621330460437224449
15,LP-E,20260918,1152,3,measure,261,pair_split_line,12288,1048576,36,3738470625468295449,2318065,21,21,1808527508345907961,1808527508345907961
15,LP-E,20260918,1153,3,measure,262,stride_513,6144,1048576,218,15592696845948659762,1793931,21,21,9261835561974562816,9261835561974562816
15,LP-E,20260918,1154,3,measure,263,stride_1_double,16384,2097152,1856,18413073337533647565,3588177,21,21,649362101028710400,649362101028710400
15,LP-E,20260918,1155,3,measure,264,stride_1_bis,12582912,1048576,356464,9768473841144106092,2614067,21,21,6779816876813762483,6779816876813762483
15,LP-E,20260918,1156,3,measure,265,stride_1,65536,1048576,743,2271743725425304129,1816494,21,21,16423878549329276288,16423878549329276288
15,LP-E,20260918,1157,3,measure,266,random,393216,1048576,18442,16654048130770494740,1990929,21,21,11583619659650454366,11583619659650454366
15,LP-E,20260918,1158,3,measure,267,stride_4097,201326592,1048576,3548102,13225943447588565264,23280101,21,21,4846818743385515423,4846818743385515423
15,LP-E,20260918,1159,3,measure,268,stride_1_double,2097152,2097152,129956,12148917255939437765,4792421,21,21,10707406186907980360,10707406186907980360
15,LP-E,20260918,1160,3,measure,269,random,6144,1048576,166,4294426155704870252,1667484,21,21,9664313187741606844,9664313187741606844
15,LP-E,20260918,1161,3,measure,270,pair_split_line,8388608,1048576,504798,4286726979753524998,49397313,21,21,4697300255554740351,4697300255554740351
15,LP-E,20260918,1162,3,measure,271,pair_split_line,196608,1048576,17117,6902370980482541207,2761870,21,21,12397379951733592309,12397379951733592309
15,LP-E,20260918,1163,3,measure,272,stride_513,50331648,1048576,5017234,3556636740213866026,32501330,21,21,1496336281185697492,1496336281185697492
15,LP-E,20260918,1164,3,measure,273,stride_1,786432,1048576,69990,381431095225269915,1914286,21,21,10422201137383431204,10422201137383431204
15,LP-E,20260918,1165,3,measure,274,stride_1_bis,33554432,1048576,1136680,15348618197027471974,2709265,21,21,15475776592889252767,15475776592889252767
15,LP-E,20260918,1166,3,measure,275,pair_split_line,49152,1048576,3321,9871209296812098197,2536528,21,21,17370052852221478989,17370052852221478989
15,LP-E,20260918,1167,3,measure,276,random,262144,1048576,24003,18101455184123686084,1895666,21,21,5465092811946354868,5465092811946354868
15,LP-E,20260918,1168,3,measure,277,stride_513,16777216,1048576,215461,14374410661285771078,28206794,21,21,9868627799285959574,9868627799285959574
15,LP-E,20260918,1169,3,measure,278,stride_4097,12288,1048576,330,17862320012955602844,1799467,21,21,4902898864410674630,4902898864410674630
15,LP-E,20260918,1170,3,measure,279,stride_1,262144,1048576,24670,866157176783998331,1810076,21,21,3252759155835688704,3252759155835688704
15,LP-E,20260918,1171,3,measure,280,stride_1_bis,268435456,1048576,20595280,1273760937481587945,2633865,21,21,14739281673348291759,14739281673348291759
15,LP-E,20260918,1172,3,measure,281,stride_4097,100663296,1048576,11119570,11444221644980587413,20834944,21,21,5065771775323304183,5065771775323304183
15,LP-E,20260918,1173,3,measure,282,stride_1,4194304,1048576,322917,1735045399674942989,2681909,21,21,12406089252390561320,12406089252390561320
15,LP-E,20260918,1174,3,measure,283,stride_17,12288,1048576,1318,12874937376030154990,1805689,21,21,2656079174495372448,2656079174495372448
15,LP-E,20260918,1175,3,measure,284,stride_513,67108864,1048576,6319671,3455148121115172075,31354520,21,21,8887476434414193413,8887476434414193413
15,LP-E,20260918,1176,3,measure,285,stride_1_bis,25165824,1048576,378859,1679166475716141307,2555844,21,21,11258691978142823851,11258691978142823851
15,LP-E,20260918,1177,3,measure,286,stride_17,6144,1048576,426,5073259933864904171,1801281,21,21,5012761503194377103,5012761503194377103
15,LP-E,20260918,1178,3,measure,287,random,6291456,1048576,782989,3596168968197939058,23200725,21,21,5554885003598427774,5554885003598427774
15,LP-E,20260918,1179,3,measure,288,stride_4097,1048576,1048576,33960,7339391745260732298,2299833,21,21,8797231230870489880,8797231230870489880
15,LP-E,20260918,1180,3,measure,289,random,25165824,1048576,1026814,386272695327991106,30600504,21,21,16063118658194570035,16063118658194570035
15,LP-E,20260918,1181,3,measure,290,stride_4097,32768,1048576,1079,10875068379409499827,1812200,21,21,10598541984122395648,10598541984122395648
15,LP-E,20260918,1182,3,measure,291,stride_513,6291456,1048576,573333,12824149622057833488,13175278,21,21,2329185465026963428,2329185465026963428
15,LP-E,20260918,1183,3,measure,292,stride_1_bis,262144,1048576,6760,11309112897757753890,1831001,21,21,3252759155835688704,3252759155835688704
15,LP-E,20260918,1184,3,measure,293,pair_same_line,33554432,1048576,2528876,7200133653970585608,34308488,21,21,664391601088535817,664391601088535817
15,LP-E,20260918,1185,3,measure,294,stride_1_bis,8192,1048576,312,12552804585609256686,1808639,21,21,116592947459441664,116592947459441664
15,LP-E,20260918,1186,3,measure,295,stride_4097,268435456,1048576,7698881,15124294969729959196,23356521,21,21,5753409860804536227,5753409860804536227
15,LP-E,20260918,1187,3,measure,296,stride_1,8388608,1048576,898573,7857743879558460766,2661890,21,21,18303280461608560459,18303280461608560459
15,LP-E,20260918,1188,4,measure,0,random,25165824,1048576,884557,5563227047822099015,29805496,21,21,11675891499091777549,11675891499091777549
15,LP-E,20260918,1189,4,measure,1,stride_1_bis,50331648,1048576,2943972,5876413263808382858,2572652,21,21,6531077713581592396,6531077713581592396
15,LP-E,20260918,1190,4,measure,2,stride_1,2097152,1048576,119647,12819276733224562128,2408014,21,21,14577075130308765988,14577075130308765988
15,LP-E,20260918,1191,4,measure,3,stride_17,100663296,1048576,5941395,15014840384289829565,27042686,21,21,10828885530977496309,10828885530977496309
15,LP-E,20260918,1192,4,measure,4,pair_split_line,1572864,1048576,38914,6959729044575103005,7517569,21,21,7858262735614607704,7858262735614607704
15,LP-E,20260918,1193,4,measure,5,random,12288,1048576,1189,2624392710108031058,1661206,21,21,4780528756221542802,4780528756221542802
15,LP-E,20260918,1194,4,measure,6,pair_same_line,67108864,1048576,3954292,16425419056117615042,36312275,21,21,16650762549714444562,16650762549714444562
15,LP-E,20260918,1195,4,measure,7,stride_513,1048576,1048576,6593,7088663047089986073,2601409,21,21,8797231230870489880,8797231230870489880
15,LP-E,20260918,1196,4,measure,8,stride_4097,268435456,1048576,825741,4451189579482975299,23362353,21,21,7410654975011357278,7410654975011357278
15,LP-E,20260918,1197,4,measure,9,stride_1_double,12582912,2097152,1373446,11945048390953033164,5977721,21,21,2855277758954142161,2855277758954142161
15,LP-E,20260918,1198,4,measure,10,stride_1_double,262144,2097152,25002,17058411197505708506,3632871,21,21,6505518311671377408,6505518311671377408
15,LP-E,20260918,1199,4,measure,11,stride_1_bis,8192,1048576,636,12689214991094708887,2042666,21,21,116592947459441664,116592947459441664
15,LP-E,20260918,1200,4,measure,12,pair_same_line,393216,1048576,18919,13711431226038203626,2633485,21,21,17469937522700062657,17469937522700062657
15,LP-E,20260918,1201,4,measure,13,pair_same_line,131072,1048576,16197,17504495402072081245,2386308,21,21,782024782413401782,782024782413401782
15,LP-E,20260918,1202,4,measure,14,stride_4097,16384,1048576,677,15051499934582326825,1795136,21,21,9548053087369131008,9548053087369131008
15,LP-E,20260918,1203,4,measure,15,stride_1_double,131072,2097152,8235,18102318167626406590,3577653,21,21,15396081144520084480,15396081144520084480
15,LP-E,20260918,1204,4,measure,16,stride_4097,262144,1048576,6388,8887087568938824745,1868550,21,21,3252759155835688704,3252759155835688704
15,LP-E,20260918,1205,4,measure,17,stride_17,6144,1048576,137,13421483582788083253,1793706,21,21,4836280905741220865,4836280905741220865
15,LP-E,20260918,1206,4,measure,18,stride_1_double,2097152,2097152,174942,16927857745655479806,4680258,21,21,10707406186907980360,10707406186907980360
15,LP-E,20260918,1207,4,measure,19,stride_4097,3145728,1048576,47885,4266827452308348041,8031612,21,21,18025517857279842049,18025517857279842049
15,LP-E,20260918,1208,4,measure,20,stride_1_double,6144,2097152,232,4324585110486884986,3587593,21,21,3792229614896488733,3792229614896488733
15,LP-E,20260918,1209,4,measure,21,stride_4097,4194304,1048576,313481,11095891292925882393,5715152,21,21,12406089252390561320,12406089252390561320
15,LP-E,20260918,1210,4,measure,22,stride_4097,8388608,1048576,535352,8714948804503215175,7845156,21,21,18303280461608560459,18303280461608560459
15,LP-E,20260918,1211,4,measure,23,stride_513,32768,1048576,268,13437860447804035379,1848876,21,21,10598541984122395648,10598541984122395648
15,LP-E,20260918,1212,4,measure,24,stride_1_bis,268435456,1048576,9910212,1222498713264667690,2630489,21,21,10245245510148775662,10245245510148775662
15,LP-E,20260918,1213,4,measure,25,stride_1_double,1048576,2097152,32451,7505377366944218156,3757612,21,21,17594462461740979760,17594462461740979760
15,LP-E,20260918,1214,4,measure,26,stride_1_double,8388608,2097152,100451,283254952915851398,5889067,21,21,18159816849507569302,18159816849507569302
15,LP-E,20260918,1215,4,measure,27,stride_513,49152,1048576,2550,13828688477730447756,1869860,21,21,9764209366394647040,9764209366394647040
15,LP-E,20260918,1216,4,measure,28,stride_1_double,786432,2097152,14573,4461009442862464137,3604742,21,21,15118847246569245995,15118847246569245995
15,LP-E,20260918,1217,4,measure,29,pair_same_line,12582912,1048576,381571,17886315414266203005,29570046,21,21,15949650374688145505,15949650374688145505
15,LP-E,20260918,1218,4,measure,30,random,33554432,1048576,1310050,4233107896785411417,31167690,21,21,11473720694741601117,11473720694741601117
15,LP-E,20260918,1219,4,measure,31,stride_4097,2097152,1048576,147208,4152223385785180459,4638275,21,21,14577075130308765988,14577075130308765988
15,LP-E,20260918,1220,4,measure,32,pair_split_line,50331648,1048576,4010187,12635728044177346357,68609199,21,21,11098256526892154069,11098256526892154069
15,LP-E,20260918,1221,4,measure,33,pair_split_line,49152,1048576,2618,16818556951083134959,2516066,21,21,3777642770315433086,3777642770315433086
15,LP-E,20260918,1222,4,measure,34,stride_17,50331648,1048576,3404574,16827260624559503886,27928225,21,21,1898798840390416387,1898798840390416387
15,LP-E,20260918,1223,4,measure,35,pair_split_line,2097152,1048576,220975,10516227103341491300,24345349,21,21,14347847286682829899,14347847286682829899
15,LP-E,20260918,1224,4,measure,36,stride_1_double,268435456,2097152,2843283,3441425039005271038,5261992,21,21,15125101192625983807,15125101192625983807
15,LP-E,20260918,1225,4,measure,37,stride_1_double,4194304,2097152,245521,15787908906517078296,5238167,21,21,6365434431071571024,6365434431071571024
15,LP-E,20260918,1226,4,measure,38,random,524288,1048576,44526,12402120780953337756,2065114,21,21,9415299417368287850,9415299417368287850
15,LP-E,20260918,1227,4,measure,39,stride_513,65536,1048576,2546,13749953017283527240,1851219,21,21,16423878549329276288,16423878549329276288
15,LP-E,20260918,1228,4,measure,40,pair_same_line,6291456,1048576,483776,1757585962285405528,30651556,21,21,14674634431695757550,14674634431695757550
15,LP-E,20260918,1229,4,measure,41,stride_17,6291456,1048576,253225,12236277230325858584,26705066,21,21,3636053254036785065,3636053254036785065
15,LP-E,20260918,1230,4,measure,42,stride_4097,12582912,1048576,159107,1054406915746727822,13791266,21,21,6916995191334240329,6916995191334240329
15,LP-E,20260918,1231,4,measure,43,stride_4097,6144,1048576,641,9151745577001071318,1805133,21,21,11659730708731000198,11659730708731000198
15,LP-E,20260918,1232,4,measure,44,random,12582912,1048576,892374,3858499972059689158,26374797,21,21,18347337646477183413,18347337646477183413
15,LP-E,20260918,1233,4,measure,45,stride_513,393216,1048576,21878,12184102347045792020,1986877,21,21,14269622657413644288,14269622657413644288
15,LP-E,20260918,1234,4,measure,46,stride_4097,6291456,1048576,599040,13180867769210171072,14314695,21,21,7199845080143959171,7199845080143959171
15,LP-E,20260918,1235,4,measure,47,pair_split_line,524288,1048576,23926,14446310146220316681,3143751,21,21,15520384333498163509,15520384333498163509
15,LP-E,20260918,1236,4,measure,48,stride_1_double,201326592,2097152,21801390,7798138253976803112,5213192,21,21,270121417055067330,270121417055067330
15,LP-E,20260918,1237,4,measure,49,pair_same_line,6144,1048576,503,12590493630551777532,2225427,21,21,7915500939804367329,7915500939804367329
15,LP-E,20260918,1238,4,measure,50,stride_1,6291456,1048576,572571,8148233993535609933,2801618,21,21,1189565445131808944,1189565445131808944
15,LP-E,20260918,1239,4,measure,51,stride_1_double,49152,2097152,4373,13264705866513553498,3590498,21,21,6101557278905765634,6101557278905765634
15,LP-E,20260918,1240,4,measure,52,stride_1_double,25165824,2097152,548927,11415496042012910497,5113966,21,21,3853755697136169914,3853755697136169914
15,LP-E,20260918,1241,4,measure,53,pair_same_line,786432,1048576,42939,17101843633286409577,3355947,21,21,10619511950334130865,10619511950334130865
15,LP-E,20260918,1242,4,measure,54,pair_same_line,8192,1048576,192,4630423465442477811,2212312,21,21,17565730193426174813,17565730193426174813
15,LP-E,20260918,1243,4,measure,55,random,201326592,1048576,12593710,7311872276224203683,40241300,21,21,8948407250574662729,8948407250574662729
15,LP-E,20260918,1244,4,measure,56,stride_1_bis,131072,1048576,6020,4033851717871898704,1819184,21,21,16921412609114818048,16921412609114818048
15,LP-E,20260918,1245,4,measure,57,stride_1_bis,6291456,1048576,737952,12992353816599133358,2541374,21,21,12301478881740681951,12301478881740681951
15,LP-E,20260918,1246,4,measure,58,stride_4097,393216,1048576,46963,9266308939807626151,1906378,21,21,5389057385649231800,5389057385649231800
15,LP-E,20260918,1247,4,measure,59,stride_1_double,524288,2097152,34932,3746409995000118712,3668268,21,21,1677023885985199424,1677023885985199424
15,LP-E,20260918,1248,4,measure,60,stride_1,3145728,1048576,81089,14756626167179581248,2477550,21,21,10812021957381540258,10812021957381540258
15,LP-E,20260918,1249,4,measure,61,pair_split_line,131072,1048576,5985,2878485517009974049,2683376,21,21,1263392217901818899,1263392217901818899
15,LP-E,20260918,1250,4,measure,62,pair_split_line,12582912,1048576,525248,857946643505960940,49408232,21,21,17101682030073052603,17101682030073052603
15,LP-E,20260918,1251,4,measure,63,stride_1,201326592,1048576,328728,15362235007837772997,2602063,21,21,12128369562460792780,12128369562460792780
15,LP-E,20260918,1252,4,measure,64,pair_split_line,1048576,1048576,107964,7231943467573190960,3613616,21,21,17163180922410522989,17163180922410522989
15,LP-E,20260918,1253,4,measure,65,stride_1_bis,262144,1048576,10625,14493127526569221451,1809573,21,21,3252759155835688704,3252759155835688704
15,LP-E,20260918,1254,4,measure,66,stride_4097,49152,1048576,1472,16688800804101801959,1851438,21,21,2555197282637536829,2555197282637536829
15,LP-E,20260918,1255,4,measure,67,stride_1_double,67108864,2097152,2712949,1980133897720362018,5108887,21,21,12084707877511775035,12084707877511775035
15,LP-E,20260918,1256,4,measure,68,stride_17,393216,1048576,4783,7259241424100609902,1984386,21,21,13044302242681329168,13044302242681329168
15,LP-E,20260918,1257,4,measure,69,pair_split_line,8388608,1048576,239380,3965758843690330523,45661958,21,21,9815764363865016474,9815764363865016474
15,LP-E,20260918,1258,4,measure,70,pair_same_line,25165824,1048576,1527404,14853028827547279903,33493486,21,21,1967053997124466545,1967053997124466545
15,LP-E,20260918,1259,4,measure,71,stride_1_bis,12288,1048576,1112,15161603901356362863,1799487,21,21,8559839477379854014,8559839477379854014
15,LP-E,20260918,1260,4,measure,72,stride_4097,50331648,1048576,2252816,16855628508393446259,20318352,21,21,3203272912195013749,3203272912195013749
15,LP-E,20260918,1261,4,measure,73,stride_17,262144,1048576,22159,7805743846270680938,1955340,21,21,3252759155835688704,3252759155835688704
15,LP-E,20260918,1262,4,measure,74,stride_1,12288,1048576,840,11751705432960591125,1790671,21,21,14644411500522111313,14644411500522111313
15,LP-E,20260918,1263,4,measure,75,stride_513,134217728,1048576,9523957,323073679735912877,21447667,21,21,564098433066405936,564098433066405936
15,LP-E,20260918,1264,4,measure,76,stride_1_double,4096,2097152,213,12236437594302144691,3598228,21,21,16309190771686506496,16309190771686506496
15,LP-E,20260918,1265,4,measure,77,stride_17,98304,1048576,11939,5745894496823541868,1865219,21,21,17915001830532520466,17915001830532520466
15,LP-E,20260918,1266,4,measure,78,stride_17,2097152,1048576,43859,9570587942180662805,6086551,21,21,14577075130308765988,14577075130308765988
15,LP-E,20260918,1267,4,measure,79,random,262144,1048576,15323,3163112402147313671,1736394,21,21,9575680748316860172,9575680748316860172
15,LP-E,20260918,1268,4,measure,80,stride_1_bis,4194304,1048576,119005,1344224297950996519,2300604,21,21,12406089252390561320,12406089252390561320
15,LP-E,20260918,1269,4,measure,81,stride_17,134217728,1048576,4016484,479122671271820478,16595134,21,21,15508097724398423677,15508097724398423677
15,LP-E,20260918,1270,4,measure,82,stride_4097,67108864,1048576,2545801,5588016910232974070,18086099,21,21,64275489639910701,64275489639910701
15,LP-E,20260918,1271,4,measure,83,stride_513,524288,1048576,60369,17676760902019924004,2117453,21,21,10061883979847375520,10061883979847375520
15,LP-E,20260918,1272,4,measure,84,pair_split_line,12288,1048576,1195,11975107658578147240,2320014,21,21,1420384151056580688,1420384151056580688
15,LP-E,20260918,1273,4,measure,85,stride_17,786432,1048576,63610,1620251068798656455,2051169,21,21,10912912878566840117,10912912878566840117
15,LP-E,20260918,1274,4,measure,86,stride_17,524288,1048576,37387,3309358204433929021,1858329,21,21,10061883979847375520,10061883979847375520
15,LP-E,20260918,1275,4,measure,87,stride_1_double,393216,2097152,9712,14527370362644282860,3578272,21,21,1460424141687125196,1460424141687125196
15,LP-E,20260918,1276,4,measure,88,stride_17,1048576,1048576,6318,6672879826876328778,2047458,21,21,8797231230870489880,8797231230870489880
15,LP-E,20260918,1277,4,measure,89,stride_513,8192,1048576,111,9385437508112384905,1795126,21,21,116592947459441664,116592947459441664
15,LP-E,20260918,1278,4,measure,90,pair_same_line,2097152,1048576,242943,7641931475030099434,17662354,21,21,7909499322224197835,7909499322224197835
15,LP-E,20260918,1279,4,measure,91,stride_4097,24576,1048576,1971,4345282537331453552,1823567,21,21,8064868275609813621,8064868275609813621
15,LP-E,20260918,1280,4,measure,92,stride_1_bis,786432,1048576,83484,12518412955549563703,1804655,21,21,9352219288966955354,9352219288966955354
15,LP-E,20260918,1281,4,measure,93,pair_split_line,268435456,1048576,16361179,14204933608583447584,102783373,21,21,7538504294645136231,7538504294645136231
15,LP-E,20260918,1282,4,measure,94,stride_17,24576,1048576,753,17426432675912310954,1834484,21,21,1295989826085342736,1295989826085342736
15,LP-E,20260918,1283,4,measure,95,stride_1_double,24576,2097152,2827,15846279945797525599,3581308,21,21,10786700802168434031,10786700802168434031
15,LP-E,20260918,1284,4,measure,96,pair_same_line,4194304,1048576,107142,9531242744292850120,28553335,21,21,9736798113769958706,9736798113769958706
15,LP-E,20260918,1285,4,measure,97,stride_513,98304,1048576,9969,13026191156632765308,1877444,21,21,3510283103173401088,3510283103173401088
15,LP-E,20260918,1286,4,measure,98,stride_1_bis,100663296,1048576,7573910,7683974911597491217,2552271,21,21,120518804249584257,120518804249584257
15,LP-E,20260918,1287,4,measure,99,stride_1_bis,16384,1048576,922,9899968666522882685,1798555,21,21,9548053087369131008,9548053087369131008
15,LP-E,20260918,1288,4,measure,100,stride_513,196608,1048576,9777,8028904412870017710,1895140,21,21,11662605144128544768,11662605144128544768
15,LP-E,20260918,1289,4,measure,101,stride_513,4194304,1048576,403196,2487068788978571797,12235527,21,21,12406089252390561320,12406089252390561320
15,LP-E,20260918,1290,4,measure,102,pair_same_line,49152,1048576,455,11503674967878924506,2342434,21,21,7706735765668172247,7706735765668172247
15,LP-E,20260918,1291,4,measure,103,random,268435456,1048576,14967446,16518723026911059791,48436554,21,21,6701957913267558908,6701957913267558908
15,LP-E,20260918,1292,4,measure,104,stride_1_double,33554432,2097152,486857,9413393705067474555,5279118,21,21,11920687889531721711,11920687889531721711
15,LP-E,20260918,1293,4,measure,105,stride_1,100663296,1048576,7894317,15124685574934019383,2601117,21,21,12321388464563051862,12321388464563051862
15,LP-E,20260918,1294,4,measure,106,stride_4097,100663296,1048576,10067717,6943766251288652907,21977226,21,21,3580357831529248088,3580357831529248088
15,LP-E,20260918,1295,4,measure,107,stride_17,8192,1048576,628,1644258451191482579,1823314,21,21,116592947459441664,116592947459441664
15,LP-E,20260918,1296,4,measure,108,random,2097152,1048576,40058,18203201941202973465,15797670,21,21,13531479714806399343,13531479714806399343
15,LP-E,20260918,1297,4,measure,109,stride_1,134217728,1048576,14224907,10124359956457513619,2666364,21,21,10064438536168505044,10064438536168505044
15,LP-E,20260918,1298,4,measure,110,random,6291456,1048576,359651,6802381594405998101,24309308,21,21,14552413066879730523,14552413066879730523
15,LP-E,20260918,1299,4,measure,111,pair_split_line,8192,1048576,887,688194275145119168,2325365,21,21,12856598989867367485,12856598989867367485
15,LP-E,20260918,1300,4,measure,112,stride_4097,98304,1048576,3592,4595911940754064349,1859347,21,21,12160110846563205126,12160110846563205126
15,LP-E,20260918,1301,4,measure,113,stride_1_double,32768,2097152,1234,244749851671131867,3592132,21,21,2750339894535239680,2750339894535239680
15,LP-E,20260918,1302,4,measure,114,stride_4097,4096,1048576,205,12535939405478867251,1793974,21,21,8154595385843253248,8154595385843253248
15,LP-E,20260918,1303,4,measure,115,stride_513,50331648,1048576,4364954,2679532575914339838,32653507,21,21,5168070007033341316,5168070007033341316
15,LP-E,20260918,1304,4,measure,116,stride_1_bis,4096,1048576,31,15034417540953015846,1813099,21,21,8154595385843253248,8154595385843253248
15,LP-E,20260918,1305,4,measure,117,stride_17,49152,1048576,504,1259351086337813436,1867836,21,21,13199174829624432960,13199174829624432960
15,LP-E,20260918,1306,4,measure,118,stride_1,33554432,1048576,448243,8019552317888230021,2591455,21,21,9265530784832660683,9265530784832660683
15,LP-E,20260918,1307,4,measure,119,stride_513,3145728,1048576,250773,542155089950969557,12963606,21,21,11181227820694052192,11181227820694052192
15,LP-E,20260918,1308,4,measure,120,pair_split_line,24576,1048576,259,12671245463931336574,2355880,21,21,16860257029387914357,16860257029387914357
15,LP-E,20260918,1309,4,measure,121,pair_same_line,98304,1048576,6235,15276971411341055464,2435295,21,21,11141367272048891526,11141367272048891526
15,LP-E,20260918,1310,4,measure,122,stride_513,16777216,1048576,912925,9848008667281556343,31046149,21,21,12493682174692031995,12493682174692031995
15,LP-E,20260918,1311,4,measure,123,stride_1,50331648,1048576,4465210,2417438940103035059,2616227,21,21,2007306808283055444,2007306808283055444
15,LP-E,20260918,1312,4,measure,124,stride_513,67108864,1048576,85262,15318201051770273987,31763239,21,21,8552593711035635350,8552593711035635350
15,LP-E,20260918,1313,4,measure,125,stride_17,12582912,1048576,369324,8743248756748162434,29756768,21,21,8293269253597091909,8293269253597091909
15,LP-E,20260918,1314,4,measure,126,stride_1,6144,1048576,652,13643766786744305147,1802059,21,21,5736513133951839390,5736513133951839390
15,LP-E,20260918,1315,4,measure,127,stride_1_bis,12582912,1048576,730947,8604111763833121400,2602517,21,21,5205371779378799516,5205371779378799516
15,LP-E,20260918,1316,4,measure,128,random,1572864,1048576,92550,7160052373615895584,4203529,21,21,5387957109544748432,5387957109544748432
15,LP-E,20260918,1317,4,measure,129,stride_4097,1572864,1048576,97842,11606694590934498146,3169821,21,21,5888598119392744103,5888598119392744103
15,LP-E,20260918,1318,4,measure,130,stride_1_bis,25165824,1048576,1618246,15668536253224328802,2658101,21,21,7392420071938790802,7392420071938790802
15,LP-E,20260918,1319,4,measure,131,random,1048576,1048576,34846,16156549516091747350,2640581,21,21,14054954312351870972,14054954312351870972
15,LP-E,20260918,1320,4,measure,132,pair_split_line,134217728,1048576,4698065,666301705178732372,77377774,21,21,9895525265655378804,9895525265655378804
15,LP-E,20260918,1321,4,measure,133,stride_1_double,16384,2097152,570,2489714714721519657,3593576,21,21,649362101028710400,649362101028710400
15,LP-E,20260918,1322,4,measure,134,stride_1_bis,49152,1048576,1704,15496797991297550662,1800513,21,21,14505428226604500770,14505428226604500770
15,LP-E,20260918,1323,4,measure,135,pair_split_line,100663296,1048576,5474816,10277064290921314281,68243620,21,21,8437489506209369072,8437489506209369072
15,LP-E,20260918,1324,4,measure,136,random,8388608,1048576,753866,3808519523193201604,25411612,21,21,15590587862855766668,15590587862855766668
15,LP-E,20260918,1325,4,measure,137,pair_split_line,3145728,1048576,53943,16513227230660527868,34021921,21,21,8750519604611509486,8750519604611509486
15,LP-E,20260918,1326,4,measure,138,stride_4097,1048576,1048576,11627,2570771765526119943,2530026,21,21,8797231230870489880,8797231230870489880
15,LP-E,20260918,1327,4,measure,139,stride_4097,134217728,1048576,8241952,9728941868415673703,19497282,21,21,4429154419331112255,4429154419331112255
15,LP-E,20260918,1328,4,measure,140,stride_4097,131072,1048576,8409,2342949561013017582,1885799,21,21,16921412609114818048,16921412609114818048
15,LP-E,20260918,1329,4,measure,141,stride_1,393216,1048576,16529,1224769598880048250,1810316,21,21,101958732640286115,101958732640286115
15,LP-E,20260918,1330,4,measure,142,pair_same_line,8388608,1048576,531333,15145618243491473050,31617845,21,21,14998251524427123212,14998251524427123212
15,LP-E,20260918,1331,4,measure,143,stride_513,25165824,1048576,2209810,13877412488862891013,39042608,21,21,3223166402984098452,3223166402984098452
15,LP-E,20260918,1332,4,measure,144,stride_513,6291456,1048576,457574,4865360231340065246,14583734,21,21,8960868997562969188,8960868997562969188
15,LP-E,20260918,1333,4,measure,145,random,16384,1048576,575,2050408816541294800,3463517,21,21,7741783275389180678,7741783275389180678
15,LP-E,20260918,1334,4,measure,146,random,4096,1048576,126,6172177818528609839,3458078,21,21,10331720325991058972,10331720325991058972
15,LP-E,20260918,1335,4,measure,147,stride_513,100663296,1048576,1845761,17002165349353782059,32404423,21,21,3685995213831511635,3685995213831511635
15,LP-E,20260918,1336,4,measure,148,stride_1,1572864,1048576,115228,8409081535629206031,3871659,21,21,237032897116926040,237032897116926040
15,LP-E,20260918,1337,4,measure,149,stride_1_bis,65536,1048576,5596,15238289054336366072,3752851,21,21,16423878549329276288,16423878549329276288
15,LP-E,20260918,1338,4,measure,150,stride_17,196608,1048576,839,10885778273281179589,3861685,21,21,10567342611302468383,10567342611302468383
15,LP-E,20260918,1339,4,measure,151,stride_1_double,100663296,2097152,9769442,13426904750634683922,8159820,21,21,4868712301395593741,4868712301395593741
15,LP-E,20260918,1340,4,measure,152,stride_513,16384,1048576,1742,10866845360063221905,3739730,21,21,9548053087369131008,9548053087369131008
15,LP-E,20260918,1341,4,measure,153,stride_1_double,196608,2097152,15840,16418554041371803647,7471142,21,21,9398430728688842542,9398430728688842542
15,LP-E,20260918,1342,4,measure,154,pair_split_line,786432,1048576,5015,8250563673057312504,6470925,21,21,1346804435913761580,1346804435913761580
15,LP-E,20260918,1343,4,measure,155,pair_split_line,67108864,1048576,4431760,6293852749364311443,68755912,21,21,13423611940031034236,13423611940031034236
15,LP-E,20260918,1344,4,measure,156,stride_1_bis,1572864,1048576,76044,7721973435952824293,4029188,21,21,4889410211394383263,4889410211394383263
15,LP-E,20260918,1345,4,measure,157,pair_split_line,6291456,1048576,785572,8540851760100915521,45936220,21,21,9903813278092976240,9903813278092976240
15,LP-E,20260918,1346,4,measure,158,random,100663296,1048576,6285168,13107132795309813241,40841850,21,21,9622786072583499175,9622786072583499175
15,LP-E,20260918,1347,4,measure,159,pair_same_line,134217728,1048576,12966435,7088794166655490564,47596020,21,21,15829161748964429603,15829161748964429603
15,LP-E,20260918,1348,4,measure,160,pair_split_line,16384,1048576,996,13267923005701775194,4847509,21,21,2728591463341731753,2728591463341731753
15,LP-E,20260918,1349,4,measure,161,pair_same_line,50331648,1048576,2350211,3805485300967179775,39613793,21,21,10498958861471325547,10498958861471325547
15,LP-E,20260918,1350,4,measure,162,stride_1,25165824,1048576,2732447,3843282684067516583,4119271,21,21,3848527860445026458,3848527860445026458
15,LP-E,20260918,1351,4,measure,163,pair_split_line,65536,1048576,502,17136065474226178171,5473026,21,21,14498793691768407221,14498793691768407221
15,LP-E,20260918,1352,4,measure,164,stride_1,524288,1048576,60505,13244062734265945170,3838655,21,21,10061883979847375520,10061883979847375520
15,LP-E,20260918,1353,4,measure,165,stride_1,131072,1048576,12296,13771102703544222962,3723505,21,21,16921412609114818048,16921412609114818048
15,LP-E,20260918,1354,4,measure,166,stride_1,32768,1048576,793,14047111625764327918,3737440,21,21,10598541984122395648,10598541984122395648
15,LP-E,20260918,1355,4,measure,167,stride_513,262144,1048576,22654,212885313511833550,3844027,21,21,3252759155835688704,3252759155835688704
15,LP-E,20260918,1356,4,measure,168,stride_4097,524288,1048576,2791,11772983472746853869,3874389,21,21,10061883979847375520,10061883979847375520
15,LP-E,20260918,1357,4,measure,169,pair_split_line,16777216,1048576,1563267,9875643488362607908,59525846,21,21,9142973812421396495,9142973812421396495
15,LP-E,20260918,1358,4,measure,170,random,134217728,1048576,7984082,16432294775432004536,44637473,21,21,12378689161005520676,12378689161005520676
15,LP-E,20260918,1359,4,measure,171,pair_split_line,4096,1048576,262,4277039771275271606,4882584,21,21,15629233236457128645,15629233236457128645
15,LP-E,20260918,1360,4,measure,172,stride_513,4096,1048576,65,11448225855719639953,3747075,21,21,8154595385843253248,8154595385843253248
15,LP-E,20260918,1361,4,measure,173,random,4194304,1048576,320150,836051854293741199,22652050,21,21,11293063950326616799,11293063950326616799
15,LP-E,20260918,1362,4,measure,174,pair_same_line,524288,1048576,20693,17319135704538310759,5674402,21,21,17842387374511106231,17842387374511106231
15,LP-E,20260918,1363,4,measure,175,stride_1_double,6291456,2097152,303684,3123637468775640792,8154994,21,21,4527971838470460658,4527971838470460658
15,LP-E,20260918,1364,4,measure,176,stride_1_double,134217728,2097152,10100829,2214188059934975452,8208918,21,21,1057603873508223017,1057603873508223017
15,LP-E,20260918,1365,4,measure,177,pair_split_line,262144,1048576,3419,10346030433348080629,5852135,21,21,6124164718494927254,6124164718494927254
15,LP-E,20260918,1366,4,measure,178,stride_4097,25165824,1048576,2524606,13160614777192947632,25724124,21,21,9217118194759995075,9217118194759995075
15,LP-E,20260918,1367,4,measure,179,stride_1,262144,1048576,5700,16164603744606111797,3793396,21,21,3252759155835688704,3252759155835688704
15,LP-E,20260918,1368,4,measure,180,pair_split_line,196608,1048576,363,7071859049115377646,5534178,21,21,40677230248818579,40677230248818579
15,LP-E,20260918,1369,4,measure,181,stride_1,98304,1048576,9422,2384319024058267058,3739911,21,21,14622104537683554118,14622104537683554118
15,LP-E,20260918,1370,4,measure,182,random,131072,1048576,7048,17626434729501321941,3549930,21,21,17263921244732565401,17263921244732565401
15,LP-E,20260918,1371,4,measure,183,stride_1_bis,6144,1048576,403,2156531851017784408,3736079,21,21,4726592148669016544,4726592148669016544
15,LP-E,20260918,1372,4,measure,184,pair_split_line,4194304,1048576,358275,6793589160061785130,41293621,21,21,3365412566070461752,3365412566070461752
15,LP-E,20260918,1373,4,measure,185,stride_1,16777216,1048576,1878237,11097562734853223299,4092355,21,21,7404809800660493464,7404809800660493464
15,LP-E,20260918,1374,4,measure,186,random,393216,1048576,44289,1447453412145070602,3883004,21,21,11615960492720841072,11615960492720841072
15,LP-E,20260918,1375,4,measure,187,stride_1_bis,524288,1048576,31698,15404603647871262852,3746861,21,21,10061883979847375520,10061883979847375520
15,LP-E,20260918,1376,4,measure,188,stride_1,65536,1048576,897,11539520767639000900,3741468,21,21,16423878549329276288,16423878549329276288
15,LP-E,20260918,1377,4,measure,189,stride_17,67108864,1048576,3427458,3603723422793895213,29675799,21,21,10199239284851176099,10199239284851176099
15,LP-E,20260918,1378,4,measure,190,stride_513,12288,1048576,272,8137210375376938806,3731890,21,21,9502424420678940672,9502424420678940672
15,LP-E,20260918,1379,4,measure,191,stride_1,12582912,1048576,1165358,6843358532749625216,4140881,21,21,10023583205477549349,10023583205477549349
15,LP-E,20260918,1380,4,measure,192,pair_same_line,1048576,1048576,36841,7348969005214743575,6617064,21,21,3308544866817962660,3308544866817962660
15,LP-E,20260918,1381,4,measure,193,stride_1,16384,1048576,1011,1408681200966333326,3741860,21,21,9548053087369131008,9548053087369131008
15,LP-E,20260918,1382,4,measure,194,pair_split_line,25165824,1048576,2106625,13616569840906193782,64152572,21,21,3534261980987757575,3534261980987757575
15,LP-E,20260918,1383,4,measure,195,random,6144,1048576,688,11106352922488019216,2957997,21,21,1495687826936262582,1495687826936262582
15,LP-E,20260918,1384,4,measure,196,stride_1_double,12288,2097152,799,17479274331393748840,5976598,21,21,6898165433762750999,6898165433762750999
15,LP-E,20260918,1385,4,measure,197,stride_513,786432,1048576,11894,204631098672313589,3414200,21,21,13192199103146003808,13192199103146003808
15,LP-E,20260918,1386,4,measure,198,stride_1_bis,2097152,1048576,214490,12689851492204221141,3166553,21,21,14577075130308765988,14577075130308765988
15,LP-E,20260918,1387,4,measure,199,pair_same_line,201326592,1048576,12624495,8962893316305159345,45135653,21,21,9406580634680032506,9406580634680032506
15,LP-E,20260918,1388,4,measure,200,pair_split_line,393216,1048576,16412,13102662398739830403,3037947,21,21,1411780368696227079,1411780368696227079
15,LP-E,20260918,1389,4,measure,201,stride_513,2097152,1048576,225334,9125630639783134221,9392867,21,21,14577075130308765988,14577075130308765988
15,LP-E,20260918,1390,4,measure,202,random,786432,1048576,9104,4533701120782441117,1989023,21,21,883415778562891790,883415778562891790
15,LP-E,20260918,1391,4,measure,203,stride_17,4194304,1048576,297565,2467316221728457556,26428583,21,21,12406089252390561320,12406089252390561320
15,LP-E,20260918,1392,4,measure,204,stride_1_bis,134217728,1048576,5659807,6682449515191571424,2595998,21,21,10589800189917038665,10589800189917038665
15,LP-E,20260918,1393,4,measure,205,stride_1_bis,24576,1048576,1211,8063731639732941121,1810789,21,21,2904329292223744561,2904329292223744561
15,LP-E,20260918,1394,4,measure,206,stride_1_double,3145728,2097152,79384,16605842949026203573,5096178,21,21,10335666184985491634,10335666184985491634
15,LP-E,20260918,1395,4,measure,207,pair_same_line,65536,1048576,3944,16910412819676270499,2384922,21,21,11217167500629236584,11217167500629236584
15,LP-E,20260918,1396,4,measure,208,stride_4097,8192,1048576,605,4102172423769695156,2045977,21,21,116592947459441664,116592947459441664
15,LP-E,20260918,1397,4,measure,209,stride_513,268435456,1048576,28538459,145790069087577296,32478010,21,21,9889333311826657245,9889333311826657245
15,LP-E,20260918,1398,4,measure,210,stride_1,8388608,1048576,768544,16196865163198535534,2636435,21,21,18303280461608560459,18303280461608560459
15,LP-E,20260918,1399,4,measure,211,random,50331648,1048576,1994070,1840919829455183838,32305938,21,21,8401771883218798506,8401771883218798506
15,LP-E,20260918,1400,4,measure,212,stride_4097,32768,1048576,2139,2520938576919679392,1806944,21,21,10598541984122395648,10598541984122395648
15,LP-E,20260918,1401,4,measure,213,stride_17,16777216,1048576,336761,13940193846432423066,28304967,21,21,12687448855886192945,12687448855886192945
15,LP-E,20260918,1402,4,measure,214,pair_same_line,33554432,1048576,528469,6221052735879881320,35187189,21,21,11905419188147751423,11905419188147751423
15,LP-E,20260918,1403,4,measure,215,pair_same_line,32768,1048576,763,8838278375205063842,2278974,21,21,16618082027400416986,16618082027400416986
15,LP-E,20260918,1404,4,measure,216,pair_same_line,1572864,1048576,115611,11475598406040457397,6429203,21,21,9070620808215623252,9070620808215623252
15,LP-E,20260918,1405,4,measure,217,stride_1,786432,1048576,84133,9860790787484832989,1817700,21,21,15719635942937137983,15719635942937137983
15,LP-E,20260918,1406,4,measure,218,random,98304,1048576,1773,3556322230549780336,1694770,21,21,9637943545914983904,9637943545914983904
15,LP-E,20260918,1407,4,measure,219,stride_17,32768,1048576,1703,530757538955206446,1798897,21,21,10598541984122395648,10598541984122395648
15,LP-E,20260918,1408,4,measure,220,stride_4097,33554432,1048576,1871836,808149192641065055,18008253,21,21,12553051530865764064,12553051530865764064
15,LP-E,20260918,1409,4,measure,221,random,196608,1048576,7134,12306708302035577764,1849646,21,21,2541514226807400407,2541514226807400407
15,LP-E,20260918,1410,4,measure,222,random,49152,1048576,131,7612546058548973870,1690658,21,21,12042728811005301264,12042728811005301264
15,LP-E,20260918,1411,4,measure,223,stride_513,8388608,1048576,625021,438943702176329547,16110779,21,21,18303280461608560459,18303280461608560459
15,LP-E,20260918,1412,4,measure,224,stride_1_double,65536,2097152,2792,8768101640904359264,3593619,21,21,14401013024949000960,14401013024949000960
15,LP-E,20260918,1413,4,measure,225,stride_17,131072,1048576,6178,10269794090569364926,1864241,21,21,16921412609114818048,16921412609114818048
15,LP-E,20260918,1414,4,measure,226,pair_same_line,196608,1048576,15729,13040566030927287708,2491852,21,21,4327249688342323515,4327249688342323515
15,LP-E,20260918,1415,4,measure,227,pair_same_line,12288,1048576,667,12885910225049834151,2225329,21,21,17894087328985076714,17894087328985076714
15,LP-E,20260918,1416,4,measure,228,stride_17,33554432,1048576,1330730,3576229788831023357,27831756,21,21,13829130712737307673,13829130712737307673
15,LP-E,20260918,1417,4,measure,229,stride_17,8388608,1048576,654045,15047848815065367791,27775670,21,21,18303280461608560459,18303280461608560459
15,LP-E,20260918,1418,4,measure,230,stride_17,12288,1048576,60,6862675721591505549,1797077,21,21,4788043804306881076,4788043804306881076
15,LP-E,20260918,1419,4,measure,231,stride_17,65536,1048576,7937,16443738997863714649,1863262,21,21,16423878549329276288,16423878549329276288
15,LP-E,20260918,1420,4,measure,232,pair_same_line,4096,1048576,459,1107600978378923150,2283475,21,21,391970817130263095,391970817130263095
15,LP-E,20260918,1421,4,measure,233,stride_1_bis,393216,1048576,47339,10466246857154776099,1822534,21,21,3090584987392047696,3090584987392047696
15,LP-E,20260918,1422,4,measure,234,pair_split_line,98304,1048576,7948,10631953144645461350,2608659,21,21,10342166945721083822,10342166945721083822
15,LP-E,20260918,1423,4,measure,235,stride_1,4194304,1048576,114913,16124651414961532103,2753702,21,21,12406089252390561320,12406089252390561320
15,LP-E,20260918,1424,4,measure,236,stride_4097,12288,1048576,1151,15190601245359800218,1797491,21,21,8450109133334894172,8450109133334894172
15,LP-E,20260918,1425,4,measure,237,stride_513,201326592,1048576,17059653,7154631148735565893,32506538,21,21,7191096584855795447,7191096584855795447
15,LP-E,20260918,1426,4,measure,238,stride_513,33554432,1048576,2918298,7386881548793324783,32117247,21,21,12180428402152176675,12180428402152176675
15,LP-E,20260918,1427,4,measure,239,stride_17,1572864,1048576,119405,16176863248631814683,3958797,21,21,5108487229351113893,5108487229351113893
15,LP-E,20260918,1428,4,measure,240,stride_17,268435456,1048576,30578636,3203491909285521937,28515407,21,21,8362075463143810652,8362075463143810652
15,LP-E,20260918,1429,4,measure,241,pair_split_line,201326592,1048576,15925264,3030348201676249869,91613922,21,21,2147550435177716604,2147550435177716604
15,LP-E,20260918,1430,4,measure,242,pair_split_line,33554432,1048576,2257628,10050414344757518979,59523735,21,21,10446930796035998600,10446930796035998600
15,LP-E,20260918,1431,4,measure,243,stride_4097,786432,1048576,25249,8457322963477468882,2078730,21,21,1511262171209326103,1511262171209326103
15,LP-E,20260918,1432,4,measure,244,random,3145728,1048576,333791,9742498563903532367,20096566,21,21,6178374155715090504,6178374155715090504
15,LP-E,20260918,1433,4,measure,245,stride_1,24576,1048576,625,11363343295259037145,1800502,21,21,7391371037348579477,7391371037348579477
15,LP-E,20260918,1434,4,measure,246,stride_1_bis,16777216,1048576,1034726,4945265030330500960,2540155,21,21,11443818041350556586,11443818041350556586
15,LP-E,20260918,1435,4,measure,247,random,24576,1048576,153,16649191110768380293,1701470,21,21,18051815448799832182,18051815448799832182
15,LP-E,20260918,1436,4,measure,248,stride_17,25165824,1048576,2783824,12827299320675314348,27729868,21,21,4396347249963152444,4396347249963152444
15,LP-E,20260918,1437,4,measure,249,pair_same_line,16384,1048576,1414,3273676237132891827,2253296,21,21,16461759076777905368,16461759076777905368
15,LP-E,20260918,1438,4,measure,250,random,16777216,1048576,607282,9351643041111023678,28254388,21,21,8652799498259149763,8652799498259149763
15,LP-E,20260918,1439,4,measure,251,stride_1,8192,1048576,993,899620689813278981,1804502,21,21,116592947459441664,116592947459441664
15,LP-E,20260918,1440,4,measure,252,stride_1_bis,8388608,1048576,782244,4112804521993310857,2554234,21,21,18303280461608560459,18303280461608560459
15,LP-E,20260918,1441,4,measure,253,stride_1_double,1572864,2097152,49691,8281056926463577545,4018230,21,21,15947762003782788909,15947762003782788909
15,LP-E,20260918,1442,4,measure,254,stride_17,16384,1048576,145,8518999633782451456,1785765,21,21,9548053087369131008,9548053087369131008
15,LP-E,20260918,1443,4,measure,255,stride_1,268435456,1048576,6668668,10283630665822467037,2589598,21,21,4922496967020105243,4922496967020105243
15,LP-E,20260918,1444,4,measure,256,stride_513,24576,1048576,2409,14073780224717024554,1802364,21,21,15675031744929201152,15675031744929201152
15,LP-E,20260918,1445,4,measure,257,stride_1,49152,1048576,1863,16709668207918273658,1795688,21,21,5194464412462279606,5194464412462279606
15,LP-E,20260918,1446,4,measure,258,stride_17,201326592,1048576,21485065,9286609414481670693,27563628,21,21,11128502774633923613,11128502774633923613
15,LP-E,20260918,1447,4,measure,259,random,32768,1048576,586,8618772395716806014,1704339,21,21,3360677685358616506,3360677685358616506
15,LP-E,20260918,1448,4,measure,260,stride_1_bis,196608,1048576,24398,4758755342414405095,1808342,21,21,798872139273866917,798872139273866917
15,LP-E,20260918,1449,4,measure,261,stride_17,4096,1048576,380,2158459141185993550,1789083,21,21,8154595385843253248,8154595385843253248
15,LP-E,20260918,1450,4,measure,262,stride_4097,65536,1048576,4658,14876650447537788043,1852023,21,21,16423878549329276288,16423878549329276288
15,LP-E,20260918,1451,4,measure,263,pair_same_line,16777216,1048576,2079383,17611428995539521789,32686747,21,21,13618460201010781195,13618460201010781195
15,LP-E,20260918,1452,4,measure,264,stride_4097,16777216,1048576,1826201,3001871767431131787,17685821,21,21,15395656989585873949,15395656989585873949
15,LP-E,20260918,1453,4,measure,265,stride_1_bis,32768,1048576,1119,2037720872829358576,1806459,21,21,10598541984122395648,10598541984122395648
15,LP-E,20260918,1454,4,measure,266,pair_same_line,268435456,1048576,10421298,9614040021511199574,48473804,21,21,6679469562395997208,6679469562395997208
15,LP-E,20260918,1455,4,measure,267,random,8192,1048576,461,8812004345709483707,1673372,21,21,10147519178891057416,10147519178891057416
15,LP-E,20260918,1456,4,measure,268,stride_1_bis,1048576,1048576,108047,7461680224629413221,1951236,21,21,8797231230870489880,8797231230870489880
15,LP-E,20260918,1457,4,measure,269,stride_1_bis,98304,1048576,3485,13659794074666760698,1785046,21,21,14286309595989056303,14286309595989056303
15,LP-E,20260918,1458,4,measure,270,stride_1,196608,1048576,8707,8551450930406833097,1791340,21,21,10389804456533750630,10389804456533750630
15,LP-E,20260918,1459,4,measure,271,stride_4097,196608,1048576,18165,6230942337270033891,1859755,21,21,3064179190941252062,3064179190941252062
15,LP-E,20260918,1460,4,measure,272,stride_1_double,8192,2097152,485,5629314862960152146,3583641,21,21,233185894918883328,233185894918883328
15,LP-E,20260918,1461,4,measure,273,stride_1_bis,201326592,1048576,23492045,2348089118534143304,2559041,21,21,10824096387333946136,10824096387333946136
15,LP-E,20260918,1462,4,measure,274,stride_1,67108864,1048576,1086956,10247909231416619663,2569467,21,21,14855512949452930880,14855512949452930880
15,LP-E,20260918,1463,4,measure,275,stride_513,131072,1048576,4533,9491844451135018814,1891874,21,21,16921412609114818048,16921412609114818048
15,LP-E,20260918,1464,4,measure,276,stride_1_double,16777216,2097152,1077775,8375897318133329254,5107741,21,21,12841062978479921428,12841062978479921428
15,LP-E,20260918,1465,4,measure,277,stride_1_double,98304,2097152,8516,3202543875081896809,3594245,21,21,582278414671710465,582278414671710465
15,LP-E,20260918,1466,4,measure,278,pair_same_line,100663296,1048576,676096,2540258783336345828,37333276,21,21,5895546915801135152,5895546915801135152
15,LP-E,20260918,1467,4,measure,279,pair_split_line,32768,1048576,3593,9932649297850752785,2359226,21,21,5652609335881911757,5652609335881911757
15,LP-E,20260918,1468,4,measure,280,stride_1,1048576,1048576,44546,12600152373270890826,1936022,21,21,8797231230870489880,8797231230870489880
15,LP-E,20260918,1469,4,measure,281,stride_1,4096,1048576,435,6502684598971778115,1793974,21,21,8154595385843253248,8154595385843253248
15,LP-E,20260918,1470,4,measure,282,stride_17,3145728,1048576,263558,1460413039730699260,20843246,21,21,14229199269147384022,14229199269147384022
15,LP-E,20260918,1471,4,measure,283,pair_same_line,3145728,1048576,123020,16952445581567551154,27470820,21,21,10159712781545293440,10159712781545293440
15,LP-E,20260918,1472,4,measure,284,stride_1_bis,67108864,1048576,612092,15969501708509957197,2627304,21,21,7627755285655563675,7627755285655563675
15,LP-E,20260918,1473,4,measure,285,stride_1_bis,3145728,1048576,117482,5965802235798071740,2570796,21,21,14683628914048041180,14683628914048041180
15,LP-E,20260918,1474,4,measure,286,stride_513,1572864,1048576,164708,7361860189987773394,5092996,21,21,4152134303135996640,4152134303135996640
15,LP-E,20260918,1475,4,measure,287,stride_1_bis,33554432,1048576,2433608,8486799452526469709,2548898,21,21,4743579245566626492,4743579245566626492
15,LP-E,20260918,1476,4,measure,288,random,67108864,1048576,54751,10892983078353350225,32917770,21,21,3457735999528465943,3457735999528465943
15,LP-E,20260918,1477,4,measure,289,stride_513,6144,1048576,744,13837566123919438092,1801205,21,21,6498767571919667200,6498767571919667200
15,LP-E,20260918,1478,4,measure,290,pair_same_line,24576,1048576,2613,3860603486711603253,2242819,21,21,11543218983571690696,11543218983571690696
15,LP-E,20260918,1479,4,measure,291,random,65536,1048576,954,15870446489062955962,1731830,21,21,1870522264474580251,1870522264474580251
15,LP-E,20260918,1480,4,measure,292,pair_split_line,6144,1048576,289,12179353236226746186,2315631,21,21,1662381768840895457,1662381768840895457
15,LP-E,20260918,1481,4,measure,293,stride_4097,201326592,1048576,7706472,14463125633091033177,23258825,21,21,12180666726523770811,12180666726523770811
15,LP-E,20260918,1482,4,measure,294,stride_1_double,50331648,2097152,1344595,10622468923243323626,5173031,21,21,8957028766266543411,8957028766266543411
15,LP-E,20260918,1483,4,measure,295,stride_513,12582912,1048576,257932,2948108451921522759,23096165,21,21,4963127596952158292,4963127596952158292
15,LP-E,20260918,1484,4,measure,296,pair_same_line,262144,1048576,30452,9987375138361996218,2677017,21,21,9847736320720217554,9847736320720217554
15,LP-E,20260918,1485,5,measure,0,stride_1_double,16384,2097152,26,13518551622416658880,3587416,21,21,649362101028710400,649362101028710400
15,LP-E,20260918,1486,5,measure,1,stride_1_double,1048576,2097152,52692,4440069478593853402,3682542,21,21,17594462461740979760,17594462461740979760
15,LP-E,20260918,1487,5,measure,2,random,50331648,1048576,1914152,9214175919925152270,31735032,21,21,363939382149238087,363939382149238087
15,LP-E,20260918,1488,5,measure,3,random,2097152,1048576,55820,12242573544128353871,16570623,21,21,2385073804560968531,2385073804560968531
15,LP-E,20260918,1489,5,measure,4,random,134217728,1048576,6191812,17573764901508076241,36293126,21,21,10683694626745303216,10683694626745303216
15,LP-E,20260918,1490,5,measure,5,stride_1,786432,1048576,60266,11435934086894839211,1911156,21,21,3812341593540230626,3812341593540230626
15,LP-E,20260918,1491,5,measure,6,pair_split_line,16777216,1048576,302845,13620082688189385278,53685102,21,21,6514030494336358320,6514030494336358320
15,LP-E,20260918,1492,5,measure,7,pair_split_line,33554432,1048576,4030745,7955445220534495626,59758562,21,21,11130792963667848304,11130792963667848304
15,LP-E,20260918,1493,5,measure,8,stride_1,16777216,1048576,1306922,2753943506507205949,2556083,21,21,10812261411231017946,10812261411231017946
15,LP-E,20260918,1494,5,measure,9,pair_split_line,98304,1048576,716,11778333626550962948,2648534,21,21,9411486707750277782,9411486707750277782
15,LP-E,20260918,1495,5,measure,10,stride_1_double,100663296,2097152,6148184,14657025552532190473,5107548,21,21,5363468583959884912,5363468583959884912
15,LP-E,20260918,1496,5,measure,11,stride_1_double,131072,2097152,13723,13193242318895352990,3590954,21,21,15396081144520084480,15396081144520084480
15,LP-E,20260918,1497,5,measure,12,stride_1_bis,262144,1048576,21655,12600671465885395582,1805635,21,21,3252759155835688704,3252759155835688704
15,LP-E,20260918,1498,5,measure,13,pair_split_line,134217728,1048576,9284512,11424811128879687784,75553434,21,21,17827359504722935269,17827359504722935269
15,LP-E,20260918,1499,5,measure,14,stride_17,12288,1048576,744,8319953556706168122,1900676,21,21,1359271797018839951,1359271797018839951
15,LP-E,20260918,1500,5,measure,15,pair_split_line,25165824,1048576,337665,12373212547339272492,57345614,21,21,10580030078148075522,10580030078148075522
15,LP-E,20260918,1501,5,measure,16,stride_4097,4194304,1048576,27180,11919837586399102575,5440801,21,21,12406089252390561320,12406089252390561320
15,LP-E,20260918,1502,5,measure,17,stride_1_bis,1048576,1048576,22988,9211436552418471145,2019626,21,21,8797231230870489880,8797231230870489880
15,LP-E,20260918,1503,5,measure,18,stride_1_bis,2097152,1048576,31509,4977568980951350743,2267060,21,21,14577075130308765988,14577075130308765988
15,LP-E,20260918,1504,5,measure,19,stride_1_bis,24576,1048576,232,17679999385379350655,1789000,21,21,8144129598469914533,8144129598469914533
15,LP-E,20260918,1505,5,measure,20,stride_17,3145728,1048576,157403,11069356594353921603,19598256,21,21,6717057061780875945,6717057061780875945
15,LP-E,20260918,1506,5,measure,21,stride_4097,33554432,1048576,3790356,9592714627350116261,17764167,21,21,15689505235084195503,15689505235084195503
15,LP-E,20260918,1507,5,measure,22,pair_split_line,6144,1048576,361,7431792532948854603,2322969,21,21,3033206270345137302,3033206270345137302
15,LP-E,20260918,1508,5,measure,23,stride_1_bis,16384,1048576,190,3789465570844156088,1793306,21,21,9548053087369131008,9548053087369131008
15,LP-E,20260918,1509,5,measure,24,stride_1,98304,1048576,4319,5924334985508955804,1799888,21,21,10640390731491662906,10640390731491662906
15,LP-E,20260918,1510,5,measure,25,stride_17,100663296,1048576,2067197,13952159044997337186,27545078,21,21,2360215738027446826,2360215738027446826
15,LP-E,20260918,1511,5,measure,26,stride_1,131072,1048576,2233,5080793744298480852,1814477,21,21,16921412609114818048,16921412609114818048
15,LP-E,20260918,1512,5,measure,27,pair_split_line,24576,1048576,1158,13763493132642307190,2319272,21,21,9720330918016486206,9720330918016486206
15,LP-E,20260918,1513,5,measure,28,pair_same_line,49152,1048576,2837,11912870959566391585,2307078,21,21,18236939809823669367,18236939809823669367
15,LP-E,20260918,1514,5,measure,29,stride_1,67108864,1048576,1811808,9913476666480861868,2527802,21,21,12462741576143432896,12462741576143432896
15,LP-E,20260918,1515,5,measure,30,stride_1_double,4096,2097152,100,8976071914810560462,3600764,21,21,16309190771686506496,16309190771686506496
15,LP-E,20260918,1516,5,measure,31,stride_1,8388608,1048576,995350,16240672416130866237,2599224,21,21,18303280461608560459,18303280461608560459
15,LP-E,20260918,1517,5,measure,32,stride_513,201326592,1048576,12890234,566437209097481546,31798612,21,21,17538937814104439603,17538937814104439603
15,LP-E,20260918,1518,5,measure,33,stride_17,12582912,1048576,512722,15871622027092777939,27699545,21,21,16879528837410668337,16879528837410668337
15,LP-E,20260918,1519,5,measure,34,random,8192,1048576,502,2027341880589346412,1629957,21,21,18298810706305330074,18298810706305330074
15,LP-E,20260918,1520,5,measure,35,random,25165824,1048576,2712241,16823258063024604506,30929576,21,21,16109393127170836048,16109393127170836048
15,LP-E,20260918,1521,5,measure,36,stride_1_double,12582912,2097152,614448,10579370841463002972,5258070,21,21,7775362631012915032,7775362631012915032
15,LP-E,20260918,1522,5,measure,37,stride_1_double,268435456,2097152,14914909,3035341488202235900,5167003,21,21,7239035380633330052,7239035380633330052
15,LP-E,20260918,1523,5,measure,38,pair_split_line,16384,1048576,1134,16167496877905118400,2333435,21,21,9732097452894653687,9732097452894653687
15,LP-E,20260918,1524,5,measure,39,random,786432,1048576,2463,15873409964067108359,2562827,21,21,17303138485668820787,17303138485668820787
15,LP-E,20260918,1525,5,measure,40,stride_17,1048576,1048576,40133,6036507931746643737,1962728,21,21,8797231230870489880,8797231230870489880
15,LP-E,20260918,1526,5,measure,41,stride_513,98304,1048576,2822,10167224820077768899,1859409,21,21,16959111087276692480,16959111087276692480
15,LP-E,20260918,1527,5,measure,42,stride_1_double,8192,2097152,933,5542869931790307342,3578439,21,21,233185894918883328,233185894918883328
15,LP-E,20260918,1528,5,measure,43,random,1048576,1048576,32057,15023579598666948522,1735305,21,21,12019910506663040915,12019910506663040915
15,LP-E,20260918,1529,5,measure,44,pair_same_line,67108864,1048576,4407280,11074809338044496532,35752669,21,21,17221572266247121819,17221572266247121819
15,LP-E,20260918,1530,5,measure,45,stride_1,1572864,1048576,181590,6280914030831011669,2167169,21,21,2002603184841505064,2002603184841505064
15,LP-E,20260918,1531,5,measure,46,pair_split_line,524288,1048576,63321,9761315003700535034,2879535,21,21,15879222351873086269,15879222351873086269
15,LP-E,20260918,1532,5,measure,47,stride_1_double,3145728,2097152,294720,15844817152591097732,5010198,21,21,1724469823115339674,1724469823115339674
15,LP-E,20260918,1533,5,measure,48,pair_split_line,262144,1048576,32607,14256218601080510897,2859918,21,21,9121188439588809734,9121188439588809734
15,LP-E,20260918,1534,5,measure,49,stride_4097,24576,1048576,1451,17945683015969543684,1814024,21,21,16521965899856612346,16521965899856612346
15,LP-E,20260918,1535,5,measure,50,pair_split_line,2097152,1048576,156313,17560759249456371310,24154976,21,21,15370579847291610386,15370579847291610386
15,LP-E,20260918,1536,5,measure,51,pair_same_line,98304,1048576,2368,2996988186042968949,2406285,21,21,13227031840166361567,13227031840166361567
15,LP-E,20260918,1537,5,measure,52,random,16384,1048576,1995,13023056734217932974,1656859,21,21,134220114580085104,134220114580085104
15,LP-E,20260918,1538,5,measure,53,pair_same_line,12582912,1048576,796187,10370097997145387914,31294522,21,21,3698553074827814319,3698553074827814319
15,LP-E,20260918,1539,5,measure,54,stride_17,65536,1048576,4967,10427769882722350345,1875126,21,21,16423878549329276288,16423878549329276288
15,LP-E,20260918,1540,5,measure,55,stride_4097,67108864,1048576,6740953,9248897144185353164,18198814,21,21,16958482536409730073,16958482536409730073
15,LP-E,20260918,1541,5,measure,56,stride_4097,268435456,1048576,25487360,5460303687120933568,23341544,21,21,2743262017615022535,2743262017615022535
15,LP-E,20260918,1542,5,measure,57,stride_1,3145728,1048576,95590,9051424905349277049,2609276,21,21,16173209367665450314,16173209367665450314
15,LP-E,20260918,1543,5,measure,58,stride_4097,262144,1048576,1629,1785517020221592855,1895674,21,21,3252759155835688704,3252759155835688704
15,LP-E,20260918,1544,5,measure,59,stride_4097,32768,1048576,2737,14493170195166226082,1795918,21,21,10598541984122395648,10598541984122395648
15,LP-E,20260918,1545,5,measure,60,stride_1_bis,4096,1048576,177,1567045446193204627,1792491,21,21,8154595385843253248,8154595385843253248
15,LP-E,20260918,1546,5,measure,61,stride_4097,16384,1048576,1587,15398011384435012197,1784286,21,21,9548053087369131008,9548053087369131008
15,LP-E,20260918,1547,5,measure,62,stride_17,67108864,1048576,946600,10795281818567282688,28023855,21,21,1342819630310696222,1342819630310696222
15,LP-E,20260918,1548,5,measure,63,stride_1_bis,100663296,1048576,8794258,16895127050745058661,2599594,21,21,7463608684395278676,7463608684395278676
15,LP-E,20260918,1549,5,measure,64,stride_4097,8388608,1048576,115280,10788335390743852146,7335338,21,21,18303280461608560459,18303280461608560459
15,LP-E,20260918,1550,5,measure,65,stride_513,3145728,1048576,262476,10955082541622137652,12878074,21,21,11181227820694052192,11181227820694052192
15,LP-E,20260918,1551,5,measure,66,stride_4097,25165824,1048576,445493,9367530948055479046,16590080,21,21,10521251521900772018,10521251521900772018
15,LP-E,20260918,1552,5,measure,67,stride_513,33554432,1048576,1586614,9975205930623247031,31929219,21,21,5920463575119599502,5920463575119599502
15,LP-E,20260918,1553,5,measure,68,stride_1,262144,1048576,10001,14211021226441381078,1818695,21,21,3252759155835688704,3252759155835688704
15,LP-E,20260918,1554,5,measure,69,random,24576,1048576,424,10454505862241395929,1659726,21,21,3046112702777846189,3046112702777846189
15,LP-E,20260918,1555,5,measure,70,pair_same_line,201326592,1048576,14450908,10938327385204188966,42882018,21,21,3804358235315254085,3804358235315254085
15,LP-E,20260918,1556,5,measure,71,pair_split_line,65536,1048576,3857,14175346760928825169,2604290,21,21,5266186360227917297,5266186360227917297
15,LP-E,20260918,1557,5,measure,72,stride_17,4096,1048576,260,1588135304835101366,1788220,21,21,8154595385843253248,8154595385843253248
15,LP-E,20260918,1558,5,measure,73,stride_1_double,12288,2097152,219,18253846081366587269,3584726,21,21,125802749607297862,125802749607297862
15,LP-E,20260918,1559,5,measure,74,pair_split_line,32768,1048576,2316,13418663413031834531,2326017,21,21,9109068840154303909,9109068840154303909
15,LP-E,20260918,1560,5,measure,75,pair_split_line,196608,1048576,13947,11389928320465730323,2734042,21,21,6653421759542374691,6653421759542374691
15,LP-E,20260918,1561,5,measure,76,stride_1_double,50331648,2097152,470035,2611311871247347138,5166163,21,21,11529609132283326310,11529609132283326310
15,LP-E,20260918,1562,5,measure,77,pair_same_line,32768,1048576,1272,7576519801352556981,2278640,21,21,4604102425156279000,4604102425156279000
15,LP-E,20260918,1563,5,measure,78,pair_same_line,262144,1048576,23625,6093168767433376132,2665927,21,21,11994853048574337488,11994853048574337488
15,LP-E,20260918,1564,5,measure,79,stride_513,4096,1048576,447,4729424035829261028,1792491,21,21,8154595385843253248,8154595385843253248
15,LP-E,20260918,1565,5,measure,80,stride_1_double,2097152,2097152,128324,9525349234351109435,4553238,21,21,10707406186907980360,10707406186907980360
15,LP-E,20260918,1566,5,measure,81,pair_same_line,50331648,1048576,2395229,12540977487544488053,35293750,21,21,5390433145847112647,5390433145847112647
15,LP-E,20260918,1567,5,measure,82,stride_1_bis,393216,1048576,31335,10012617318614575875,1843120,21,21,7423995821092769584,7423995821092769584
15,LP-E,20260918,1568,5,measure,83,stride_1,32768,1048576,1398,9326832604694488397,1786105,21,21,10598541984122395648,10598541984122395648
15,LP-E,20260918,1569,5,measure,84,stride_17,98304,1048576,11912,5404605395278872887,1846110,21,21,13777504236810374431,13777504236810374431
15,LP-E,20260918,1570,5,measure,85,stride_513,24576,1048576,1942,2001097777493849713,1803488,21,21,1712612578793322496,1712612578793322496
15,LP-E,20260918,1571,5,measure,86,pair_split_line,49152,1048576,1661,16089548201525017266,2496056,21,21,16778148277142567711,16778148277142567711
15,LP-E,20260918,1572,5,measure,87,random,4096,1048576,331,16386238552688524716,1590088,21,21,15082753671329972508,15082753671329972508
15,LP-E,20260918,1573,5,measure,88,stride_1_double,201326592,2097152,7088270,190328870144881138,5106144,21,21,14801990082683720876,14801990082683720876
15,LP-E,20260918,1574,5,measure,89,stride_1,49152,1048576,1147,7170883149552254140,1816590,21,21,13243557304876101440,13243557304876101440
15,LP-E,20260918,1575,5,measure,90,stride_4097,6291456,1048576,2089,11932403209846657830,13728795,21,21,4084665261124491891,4084665261124491891
15,LP-E,20260918,1576,5,measure,91,pair_same_line,3145728,1048576,300294,2395435175490249070,27358024,21,21,12069537811548742113,12069537811548742113
15,LP-E,20260918,1577,5,measure,92,random,98304,1048576,50,5822227007863097467,1760862,21,21,5816986227317928494,5816986227317928494
15,LP-E,20260918,1578,5,measure,93,pair_split_line,100663296,1048576,7184617,7285009225753276954,71832271,21,21,13360073824393044896,13360073824393044896
15,LP-E,20260918,1579,5,measure,94,stride_513,16384,1048576,1094,14920527298849358402,1802942,21,21,9548053087369131008,9548053087369131008
15,LP-E,20260918,1580,5,measure,95,stride_4097,1048576,1048576,72585,1356955100128338764,2233378,21,21,8797231230870489880,8797231230870489880
15,LP-E,20260918,1581,5,measure,96,random,12288,1048576,940,15019455019218343023,1653143,21,21,7317942269627560086,7317942269627560086
15,LP-E,20260918,1582,5,measure,97,stride_1_double,393216,2097152,39027,3539745945570402722,3590893,21,21,1369170286674146965,1369170286674146965
15,LP-E,20260918,1583,5,measure,98,stride_1_bis,201326592,1048576,11732112,8733355815573400186,2630310,21,21,6276331594305828387,6276331594305828387
15,LP-E,20260918,1584,5,measure,99,stride_17,196608,1048576,17983,10186362697498122669,1918364,21,21,9145293898823452332,9145293898823452332
15,LP-E,20260918,1585,5,measure,100,pair_same_line,33554432,1048576,539155,898349088605366625,33810027,21,21,285486915119215643,285486915119215643
15,LP-E,20260918,1586,5,measure,101,pair_split_line,8388608,1048576,176261,6185266266346233878,46258038,21,21,6921414929339528777,6921414929339528777
15,LP-E,20260918,1587,5,measure,102,stride_1,25165824,1048576,1551856,6497090623464376986,2566220,21,21,14568146891063365912,14568146891063365912
15,LP-E,20260918,1588,5,measure,103,stride_4097,4096,1048576,256,15045727488383305709,1803943,21,21,8154595385843253248,8154595385843253248
15,LP-E,20260918,1589,5,measure,104,stride_4097,6144,1048576,398,13413344024597504651,1805912,21,21,2504935597844028435,2504935597844028435
15,LP-E,20260918,1590,5,measure,105,random,262144,1048576,11186,9375004623268871326,1903952,21,21,11795038867662300266,11795038867662300266
15,LP-E,20260918,1591,5,measure,106,stride_1_bis,8192,1048576,736,17121239778978161374,1789602,21,21,116592947459441664,116592947459441664
15,LP-E,20260918,1592,5,measure,107,pair_same_line,65536,1048576,6082,11146145704812017884,2336303,21,21,7969065901848715867,7969065901848715867
15,LP-E,20260918,1593,5,measure,108,pair_same_line,25165824,1048576,2222490,14495888195039512606,33172312,21,21,16583026833916022908,16583026833916022908
15,LP-E,20260918,1594,5,measure,109,stride_513,268435456,1048576,10532408,14384635003982085232,31765715,21,21,14644671042470365745,14644671042470365745
15,LP-E,20260918,1595,5,measure,110,stride_4097,786432,1048576,47548,7853932552237565878,2019182,21,21,13015464482679822156,13015464482679822156
15,LP-E,20260918,1596,5,measure,111,stride_1,2097152,1048576,86378,2347059314293588701,2294724,21,21,14577075130308765988,14577075130308765988
15,LP-E,20260918,1597,5,measure,112,stride_1_bis,33554432,1048576,3947281,16062605302731642241,2547579,21,21,18067740380198785407,18067740380198785407
15,LP-E,20260918,1598,5,measure,113,stride_1_bis,268435456,1048576,16183241,7488376989259347838,2555359,21,21,1112855118255761018,1112855118255761018
15,LP-E,20260918,1599,5,measure,114,random,67108864,1048576,8168014,11508677507752304105,32593231,21,21,14396951846258469478,14396951846258469478
15,LP-E,20260918,1600,5,measure,115,stride_1_bis,65536,1048576,7808,5615262394587593805,1807198,21,21,16423878549329276288,16423878549329276288
15,LP-E,20260918,1601,5,measure,116,stride_513,8192,1048576,726,8040584577447975276,1800563,21,21,116592947459441664,116592947459441664
15,LP-E,20260918,1602,5,measure,117,stride_1_double,786432,2097152,77216,14918230276521617878,3674730,21,21,9492456598512790719,9492456598512790719
15,LP-E,20260918,1603,5,measure,118,stride_4097,12288,1048576,707,14310954141376372226,1791637,21,21,7725593962095314392,7725593962095314392
15,LP-E,20260918,1604,5,measure,119,stride_513,12582912,1048576,175505,5844389223865709516,22968230,21,21,446194662936398502,446194662936398502
15,LP-E,20260918,1605,5,measure,120,stride_4097,393216,1048576,4301,11099662328206405188,1937084,21,21,16513709252431109432,16513709252431109432
15,LP-E,20260918,1606,5,measure,121,stride_17,262144,1048576,9086,2498513923043299398,1853039,21,21,3252759155835688704,3252759155835688704
15,LP-E,20260918,1607,5,measure,122,pair_same_line,1048576,1048576,121346,13796707225727046840,3314964,21,21,3765770718617656314,3765770718617656314
15,LP-E,20260918,1608,5,measure,123,stride_17,25165824,1048576,882357,3639404028726898215,27272965,21,21,7365500867219805132,7365500867219805132
15,LP-E,20260918,1609,5,measure,124,pair_split_line,4096,1048576,402,18094697817925198643,2317045,21,21,14792579361689539357,14792579361689539357
15,LP-E,20260918,1610,5,measure,125,pair_split_line,67108864,1048576,3026342,8811782163733688276,66923817,21,21,8401121324833837408,8401121324833837408
15,LP-E,20260918,1611,5,measure,126,pair_split_line,1572864,1048576,174862,14992689456651425931,7187325,21,21,11176614234861871972,11176614234861871972
15,LP-E,20260918,1612,5,measure,127,stride_513,8388608,1048576,391179,2894727220215394201,15906972,21,21,18303280461608560459,18303280461608560459
15,LP-E,20260918,1613,5,measure,128,stride_1_double,524288,2097152,52918,11307387935105149690,3658023,21,21,1677023885985199424,1677023885985199424
15,LP-E,20260918,1614,5,measure,129,stride_1,16384,1048576,249,11714367103643796355,1788617,21,21,9548053087369131008,9548053087369131008
15,LP-E,20260918,1615,5,measure,130,stride_1_bis,3145728,1048576,98125,2976122324891265231,2543058,21,21,8278109580359976646,8278109580359976646
15,LP-E,20260918,1616,5,measure,131,stride_17,4194304,1048576,204459,8977994909801106632,26702494,21,21,12406089252390561320,12406089252390561320
15,LP-E,20260918,1617,5,measure,132,stride_17,131072,1048576,3775,15940941515362753613,1878903,21,21,16921412609114818048,16921412609114818048
15,LP-E,20260918,1618,5,measure,133,stride_1_bis,50331648,1048576,1989552,29095266374330635,2623799,21,21,2017910630064248268,2017910630064248268
15,LP-E,20260918,1619,5,measure,134,stride_1,65536,1048576,6904,2140831926647468417,1806438,21,21,16423878549329276288,16423878549329276288
15,LP-E,20260918,1620,5,measure,135,stride_1,196608,1048576,20696,3177551610005764319,1804210,21,21,2849593501907865401,2849593501907865401
15,LP-E,20260918,1621,5,measure,136,stride_1,12582912,1048576,1077036,13125522020718160911,2559756,21,21,6813146053379167719,6813146053379167719
15,LP-E,20260918,1622,5,measure,137,stride_513,6144,1048576,319,5813920084195242019,1802580,21,21,6657726286896836608,6657726286896836608
15,LP-E,20260918,1623,5,measure,138,stride_17,201326592,1048576,4694925,16256533093069268344,28794507,21,21,17313877125334937019,17313877125334937019
15,LP-E,20260918,1624,5,measure,139,stride_1_bis,196608,1048576,11935,17712246043556811341,1811230,21,21,3493875516283696979,3493875516283696979
15,LP-E,20260918,1625,5,measure,140,stride_17,8388608,1048576,890834,7266782748493706955,27782594,21,21,18303280461608560459,18303280461608560459
15,LP-E,20260918,1626,5,measure,141,stride_513,393216,1048576,30183,17277040390118505386,2009248,21,21,9218483334806453440,9218483334806453440
15,LP-E,20260918,1627,5,measure,142,stride_17,1572864,1048576,102607,8341947993899614147,3338435,21,21,727263329937976707,727263329937976707
15,LP-E,20260918,1628,5,measure,143,stride_4097,50331648,1048576,5126587,4909067420880050032,19645649,21,21,1693526840033486149,1693526840033486149
15,LP-E,20260918,1629,5,measure,144,stride_17,16777216,1048576,1916187,2799074706558198310,28022548,21,21,695756887452302040,695756887452302040
15,LP-E,20260918,1630,5,measure,145,stride_1,524288,1048576,61292,2268540392776358484,1853775,21,21,10061883979847375520,10061883979847375520
15,LP-E,20260918,1631,5,measure,146,pair_same_line,196608,1048576,8638,760195503100076602,2405013,21,21,18140402163376381138,18140402163376381138
15,LP-E,20260918,1632,5,measure,147,pair_same_line,16777216,1048576,772355,9657578981097231660,32609565,21,21,11650906664399574551,11650906664399574551
15,LP-E,20260918,1633,5,measure,148,stride_17,32768,1048576,728,137508958138252835,1827677,21,21,10598541984122395648,10598541984122395648
15,LP-E,20260918,1634,5,measure,149,random,3145728,1048576,134312,6279229489163320648,19999280,21,21,10318322672397814848,10318322672397814848
15,LP-E,20260918,1635,5,measure,150,pair_split_line,201326592,1048576,20690999,8100723770177662353,88835269,21,21,11976442365529077316,11976442365529077316
15,LP-E,20260918,1636,5,measure,151,stride_1_double,67108864,2097152,6613287,920854313024023166,5121384,21,21,16072713856899496620,16072713856899496620
15,LP-E,20260918,1637,5,measure,152,stride_513,1572864,1048576,187356,12645617094717293735,4225928,21,21,15346159349426821392,15346159349426821392
15,LP-E,20260918,1638,5,measure,153,stride_17,16384,1048576,810,10487705634489216346,1795975,21,21,9548053087369131008,9548053087369131008
15,LP-E,20260918,1639,5,measure,154,stride_1_double,32768,2097152,1039,3142940203956697190,3576576,21,21,2750339894535239680,2750339894535239680
15,LP-E,20260918,1640,5,measure,155,random,49152,1048576,5750,14001509979355620086,1689708,21,21,5053566234559678045,5053566234559678045
15,LP-E,20260918,1641,5,measure,156,stride_513,67108864,1048576,3895568,9021956888779456259,31203440,21,21,16792109981268115190,16792109981268115190
15,LP-E,20260918,1642,5,measure,157,random,12582912,1048576,167530,11570880432051433140,26274500,21,21,7467378408353137743,7467378408353137743
15,LP-E,20260918,1643,5,measure,158,pair_same_line,8388608,1048576,593181,13290044756649751626,30547655,21,21,6165859798342021494,6165859798342021494
15,LP-E,20260918,1644,5,measure,159,stride_1_bis,12582912,1048576,629601,9602988006474740745,2584002,21,21,9457642939566563208,9457642939566563208
15,LP-E,20260918,1645,5,measure,160,random,33554432,1048576,3464642,9812717471932615594,31134506,21,21,10221942141929102325,10221942141929102325
15,LP-E,20260918,1646,5,measure,161,random,4194304,1048576,355464,16854151194948751951,21758505,21,21,16186941898868084303,16186941898868084303
15,LP-E,20260918,1647,5,measure,162,random,524288,1048576,13527,16337619155579245127,2067429,21,21,5392859714886393025,5392859714886393025
15,LP-E,20260918,1648,5,measure,163,stride_513,262144,1048576,2561,6263120152011440641,1848540,21,21,3252759155835688704,3252759155835688704
15,LP-E,20260918,1649,5,measure,164,stride_17,268435456,1048576,15655477,11494636461720356350,28132207,21,21,15234678778542172863,15234678778542172863
15,LP-E,20260918,1650,5,measure,165,stride_1_double,262144,2097152,15924,2171324173104977907,3630865,21,21,6505518311671377408,6505518311671377408
15,LP-E,20260918,1651,5,measure,166,pair_same_line,393216,1048576,20300,5966987251336515284,2699167,21,21,12992966004656013265,12992966004656013265
15,LP-E,20260918,1652,5,measure,167,stride_1_double,4194304,2097152,180076,12704119599365261869,5173383,21,21,6365434431071571024,6365434431071571024
15,LP-E,20260918,1653,5,measure,168,stride_1,6144,1048576,570,16341610761648670641,2034093,21,21,13592305735564020453,13592305735564020453
15,LP-E,20260918,1654,5,measure,169,random,201326592,1048576,4299174,12843962038739837944,40933459,21,21,6061088624238963328,6061088624238963328
15,LP-E,20260918,1655,5,measure,170,pair_same_line,134217728,1048576,15840453,8274348803789509808,39075732,21,21,12208591595482425909,12208591595482425909
15,LP-E,20260918,1656,5,measure,171,stride_1_bis,131072,1048576,6273,14984718063119085798,1817673,21,21,16921412609114818048,16921412609114818048
15,LP-E,20260918,1657,5,measure,172,stride_1,6291456,1048576,171704,5441358056486591603,2573720,21,21,16236728671662471049,16236728671662471049
15,LP-E,20260918,1658,5,measure,173,stride_1_double,65536,2097152,6194,15341062632028383225,3608409,21,21,14401013024949000960,14401013024949000960
15,LP-E,20260918,1659,5,measure,174,stride_513,1048576,1048576,78474,11830855787155076397,2653173,21,21,8797231230870489880,8797231230870489880
15,LP-E,20260918,1660,5,measure,175,stride_17,6291456,1048576,440337,17635855394276842418,27237280,21,21,9554988008552925325,9554988008552925325
15,LP-E,20260918,1661,5,measure,176,stride_1,4096,1048576,150,8120836741243770080,1799904,21,21,8154595385843253248,8154595385843253248
15,LP-E,20260918,1662,5,measure,177,pair_split_line,1048576,1048576,7066,15883047036442988672,3444824,21,21,1647255798800598869,1647255798800598869
15,LP-E,20260918,1663,5,measure,178,stride_513,6291456,1048576,133346,293487549725103323,13194394,21,21,8960868997562969188,8960868997562969188
15,LP-E,20260918,1664,5,measure,179,stride_513,786432,1048576,7780,4674286607161088980,2171424,21,21,16022285928360536512,16022285928360536512
15,LP-E,20260918,1665,5,measure,180,stride_1_double,16777216,2097152,1219449,11471641781695371525,5174637,21,21,12841062978479921428,12841062978479921428
15,LP-E,20260918,1666,5,measure,181,stride_513,2097152,1048576,193507,6280503524713565232,10002941,21,21,14577075130308765988,14577075130308765988
15,LP-E,20260918,1667,5,measure,182,stride_4097,8192,1048576,366,1714980817796845183,1796157,21,21,116592947459441664,116592947459441664
15,LP-E,20260918,1668,5,measure,183,stride_1_bis,524288,1048576,24760,13979420207304914398,1841389,21,21,10061883979847375520,10061883979847375520
15,LP-E,20260918,1669,5,measure,184,stride_4097,1572864,1048576,172043,10400280138934017943,3537465,21,21,2155937935860435806,2155937935860435806
15,LP-E,20260918,1670,5,measure,185,stride_1_bis,16777216,1048576,1314795,14010990637793445663,4072039,21,21,9880718779104092331,9880718779104092331
15,LP-E,20260918,1671,5,measure,186,pair_split_line,786432,1048576,25319,12674044190021857424,3377511,21,21,9472193386821798838,9472193386821798838
15,LP-E,20260918,1672,5,measure,187,stride_1,201326592,1048576,6929228,1891723458961693040,2680916,21,21,18207407620717470556,18207407620717470556
15,LP-E,20260918,1673,5,measure,188,stride_4097,3145728,1048576,329840,7249012995697040785,9064791,21,21,513869114462850928,513869114462850928
15,LP-E,20260918,1674,5,measure,189,random,196608,1048576,20935,1552428562830253135,1855070,21,21,9245945599158180020,9245945599158180020
15,LP-E,20260918,1675,5,measure,190,stride_1_double,98304,2097152,4566,10433031369648121881,3592472,21,21,10127431086947304293,10127431086947304293
15,LP-E,20260918,1676,5,measure,191,stride_513,12288,1048576,75,13507865096784145637,1798732,21,21,5992043729455024128,5992043729455024128
15,LP-E,20260918,1677,5,measure,192,stride_1,1048576,1048576,74972,17436520526282955099,1900754,21,21,8797231230870489880,8797231230870489880
15,LP-E,20260918,1678,5,measure,193,stride_513,100663296,1048576,10356501,2199273708646674935,31559043,21,21,11104851634089314791,11104851634089314791
15,LP-E,20260918,1679,5,measure,194,pair_same_line,100663296,1048576,11167036,3024932402789856339,37651127,21,21,3220652760069533316,3220652760069533316
15,LP-E,20260918,1680,5,measure,195,stride_513,196608,1048576,2427,15537084945857141543,1914391,21,21,11662605144128544768,11662605144128544768
15,LP-E,20260918,1681,5,measure,196,stride_513,50331648,1048576,2185255,16524923069334658611,31699957,21,21,12607165600018995403,12607165600018995403
15,LP-E,20260918,1682,5,measure,197,stride_17,2097152,1048576,29678,8707460016138598546,11103440,21,21,14577075130308765988,14577075130308765988
15,LP-E,20260918,1683,5,measure,198,pair_same_line,16384,1048576,539,7893096919235511671,2241635,21,21,13405912911440326554,13405912911440326554
15,LP-E,20260918,1684,5,measure,199,pair_same_line,24576,1048576,1195,17540396884961856790,2223520,21,21,5280027390568552376,5280027390568552376
15,LP-E,20260918,1685,5,measure,200,stride_1,33554432,1048576,1918976,611083728029110172,2597848,21,21,358383837209450874,358383837209450874
15,LP-E,20260918,1686,5,measure,201,pair_split_line,3145728,1048576,211343,10472720920069907300,33887293,21,21,4410578398959734764,4410578398959734764
15,LP-E,20260918,1687,5,measure,202,stride_17,393216,1048576,4504,17680953244819153645,1933760,21,21,6853051163289420876,6853051163289420876
15,LP-E,20260918,1688,5,measure,203,random,8388608,1048576,465786,6808206376691704994,24628544,21,21,12867912281869643585,12867912281869643585
15,LP-E,20260918,1689,5,measure,204,stride_1,393216,1048576,3270,10676943662548701770,1840641,21,21,1865015039238996193,1865015039238996193
15,LP-E,20260918,1690,5,measure,205,stride_17,524288,1048576,46493,15394763701633299639,1886443,21,21,10061883979847375520,10061883979847375520
15,LP-E,20260918,1691,5,measure,206,stride_1_bis,786432,1048576,12594,6839640889492532526,1826475,21,21,12659932603788136661,12659932603788136661
15,LP-E,20260918,1692,5,measure,207,pair_split_line,50331648,1048576,5441694,1160286881810886393,66816340,21,21,16004077916239015304,16004077916239015304
15,LP-E,20260918,1693,5,measure,208,pair_split_line,6291456,1048576,400722,15545584298497061278,42974436,21,21,14471986021886360034,14471986021886360034
15,LP-E,20260918,1694,5,measure,209,stride_17,786432,1048576,25071,8605419981830085088,2078815,21,21,13605200113790304413,13605200113790304413
15,LP-E,20260918,1695,5,measure,210,stride_4097,49152,1048576,5081,3218790888778205642,1856225,21,21,6758859509980005211,6758859509980005211
15,LP-E,20260918,1696,5,measure,211,pair_split_line,393216,1048576,25071,345804650024572847,2823392,21,21,4333831331301309095,4333831331301309095
15,LP-E,20260918,1697,5,measure,212,stride_1_bis,12288,1048576,800,8232323420044743633,1794939,21,21,8621218673406169884,8621218673406169884
15,LP-E,20260918,1698,5,measure,213,stride_1_bis,98304,1048576,7964,10162265513476172469,1795412,21,21,14467659775438080685,14467659775438080685
15,LP-E,20260918,1699,5,measure,214,stride_1_bis,67108864,1048576,4035122,17348856840184541683,2551371,21,21,1316473582866150461,1316473582866150461
15,LP-E,20260918,1700,5,measure,215,random,65536,1048576,6852,5849837407644377193,1750759,21,21,15294724902785089795,15294724902785089795
15,LP-E,20260918,1701,5,measure,216,random,6291456,1048576,46424,17111177034308131784,22868081,21,21,13490891391111636630,13490891391111636630
15,LP-E,20260918,1702,5,measure,217,stride_1_bis,49152,1048576,4485,6147752348533536705,1808162,21,21,1237116632245918039,1237116632245918039
15,LP-E,20260918,1703,5,measure,218,stride_1_bis,32768,1048576,2725,17816444569479534535,1787613,21,21,10598541984122395648,10598541984122395648
15,LP-E,20260918,1704,5,measure,219,stride_17,134217728,1048576,5835298,13033336515158433581,27484687,21,21,15064432929951211371,15064432929951211371
15,LP-E,20260918,1705,5,measure,220,stride_513,32768,1048576,3707,525425281728769926,1858761,21,21,10598541984122395648,10598541984122395648
15,LP-E,20260918,1706,5,measure,221,stride_1_double,134217728,2097152,5324073,7946264328453056179,5308238,21,21,1982410902215788716,1982410902215788716
15,LP-E,20260918,1707,5,measure,222,stride_1_double,6144,2097152,263,5091208163219426135,3599295,21,21,2362965474683865219,2362965474683865219
15,LP-E,20260918,1708,5,measure,223,stride_513,134217728,1048576,15429546,13054210001280886225,32793382,21,21,11991218597677038588,11991218597677038588
15,LP-E,20260918,1709,5,measure,224,stride_1_double,24576,2097152,2794,427439214557405607,3612743,21,21,7419024431448663071,7419024431448663071
15,LP-E,20260918,1710,5,measure,225,stride_1,4194304,1048576,43189,6460414538844390383,2886881,21,21,12406089252390561320,12406089252390561320
15,LP-E,20260918,1711,5,measure,226,stride_1,50331648,1048576,6271520,17512909747505094115,2653649,21,21,4621524861939914858,4621524861939914858
15,LP-E,20260918,1712,5,measure,227,pair_same_line,2097152,1048576,14094,12912112741920224412,20805137,21,21,11871613938096979525,11871613938096979525
15,LP-E,20260918,1713,5,measure,228,stride_1_bis,6291456,1048576,689698,10655174216560271154,2575594,21,21,10367624200924498277,10367624200924498277
15,LP-E,20260918,1714,5,measure,229,stride_4097,131072,1048576,15563,2739892914742813615,1868153,21,21,16921412609114818048,16921412609114818048
15,LP-E,20260918,1715,5,measure,230,random,6144,1048576,689,9798574742481820947,1651626,21,21,1842135684785716329,1842135684785716329
15,LP-E,20260918,1716,5,measure,231,stride_1_double,33554432,2097152,1201278,12040393969290443014,5155945,21,21,190957641858282413,190957641858282413
15,LP-E,20260918,1717,5,measure,232,pair_same_line,8192,1048576,758,7970027343345685303,2273980,21,21,3247254163901309806,3247254163901309806
15,LP-E,20260918,1718,5,measure,233,pair_same_line,6144,1048576,680,12458938030462375144,2230018,21,21,2333165734066417237,2333165734066417237
15,LP-E,20260918,1719,5,measure,234,pair_split_line,12582912,1048576,174970,3137427012197601126,50307535,21,21,7675536192602756145,7675536192602756145
15,LP-E,20260918,1720,5,measure,235,pair_same_line,12288,1048576,349,1248624283283922905,2265868,21,21,7049526489030671732,7049526489030671732
15,LP-E,20260918,1721,5,measure,236,stride_1_bis,1572864,1048576,126153,11962763376366896145,2128513,21,21,5659581780345095326,5659581780345095326
15,LP-E,20260918,1722,5,measure,237,stride_17,24576,1048576,2616,6989939412410041227,1794485,21,21,3384792615430303011,3384792615430303011
15,LP-E,20260918,1723,5,measure,238,stride_513,65536,1048576,1661,17345578257259973480,1843472,21,21,16423878549329276288,16423878549329276288
15,LP-E,20260918,1724,5,measure,239,stride_4097,196608,1048576,16672,8018926731894289369,1861598,21,21,5752835161564568159,5752835161564568159
15,LP-E,20260918,1725,5,measure,240,pair_split_line,12288,1048576,1366,1957974176735456527,2407686,21,21,5194244910221482648,5194244910221482648
15,LP-E,20260918,1726,5,measure,241,stride_1_double,6291456,2097152,616850,1772534445959324254,5216980,21,21,6269416875542146247,6269416875542146247
15,LP-E,20260918,1727,5,measure,242,stride_1_double,49152,2097152,4808,17498063526415804208,3596776,21,21,4510079650951749342,4510079650951749342
15,LP-E,20260918,1728,5,measure,243,pair_same_line,6291456,1048576,27288,17706494160068401344,30044274,21,21,9426588774071916651,9426588774071916651
15,LP-E,20260918,1729,5,measure,244,stride_17,6144,1048576,479,16738738063234763234,1788163,21,21,14063459663706409313,14063459663706409313
15,LP-E,20260918,1730,5,measure,245,stride_4097,201326592,1048576,16343820,15614437884622352278,23408581,21,21,13082967438845928528,13082967438845928528
15,LP-E,20260918,1731,5,measure,246,stride_4097,134217728,1048576,15596064,14573318455036787007,18888174,21,21,18441519824517487092,18441519824517487092
15,LP-E,20260918,1732,5,measure,247,stride_4097,100663296,1048576,10245346,9349107150736456879,21234892,21,21,6929650586292002787,6929650586292002787
15,LP-E,20260918,1733,5,measure,248,stride_513,25165824,1048576,1935055,6972059617757337927,30690877,21,21,3223166402984098452,3223166402984098452
15,LP-E,20260918,1734,5,measure,249,stride_17,50331648,1048576,5455188,16304039558365578928,27663165,21,21,12205437374543276131,12205437374543276131
15,LP-E,20260918,1735,5,measure,250,pair_same_line,4096,1048576,258,1640959895636944798,2244593,21,21,2497680108675399416,2497680108675399416
15,LP-E,20260918,1736,5,measure,251,stride_513,49152,1048576,4425,14910376070642598670,1854186,21,21,9764209366394647040,9764209366394647040
15,LP-E,20260918,1737,5,measure,252,stride_4097,16777216,1048576,516327,12227612905614354018,17682045,21,21,8153512972150518139,8153512972150518139
15,LP-E,20260918,1738,5,measure,253,pair_split_line,268435456,1048576,11812509,16549541493057821668,104645067,21,21,7610957421974840374,7610957421974840374
15,LP-E,20260918,1739,5,measure,254,stride_17,49152,1048576,4541,13927162333602729406,1874253,21,21,12876708697742255800,12876708697742255800
15,LP-E,20260918,1740,5,measure,255,stride_1_bis,25165824,1048576,833056,8979936057529523422,2638980,21,21,2468376957860604171,2468376957860604171
15,LP-E,20260918,1741,5,measure,256,random,393216,1048576,5904,13760300200285948513,2028745,21,21,16641994764707862219,16641994764707862219
15,LP-E,20260918,1742,5,measure,257,stride_17,33554432,1048576,3071838,7413441106769510560,25697092,21,21,8871385324796703987,8871385324796703987
15,LP-E,20260918,1743,5,measure,258,stride_4097,2097152,1048576,184019,1696835813937000353,4704396,21,21,14577075130308765988,14577075130308765988
15,LP-E,20260918,1744,5,measure,259,stride_17,8192,1048576,921,6586642474817663205,1789267,21,21,116592947459441664,116592947459441664
15,LP-E,20260918,1745,5,measure,260,stride_1_double,25165824,2097152,2512553,11721006920143066519,5619772,21,21,3210399907583511318,3210399907583511318
15,LP-E,20260918,1746,5,measure,261,pair_split_line,8192,1048576,756,7348216977187077818,2327797,21,21,17540269066423331234,17540269066423331234
15,LP-E,20260918,1747,5,measure,262,stride_1_double,8388608,2097152,50764,2749201793678962347,5567829,21,21,18159816849507569302,18159816849507569302
15,LP-E,20260918,1748,5,measure,263,pair_split_line,4194304,1048576,453754,17415673927243133702,38612196,21,21,11847063264460812986,11847063264460812986
15,LP-E,20260918,1749,5,measure,264,pair_same_line,4194304,1048576,449456,9481372313656563853,30557471,21,21,4386682966336721442,4386682966336721442
15,LP-E,20260918,1750,5,measure,265,stride_4097,65536,1048576,1172,12797185687848656841,1871929,21,21,16423878549329276288,16423878549329276288
15,LP-E,20260918,1751,5,measure,266,stride_1,24576,1048576,181,6228598997517722651,1796315,21,21,9601130895677701311,9601130895677701311
15,LP-E,20260918,1752,5,measure,267,pair_same_line,131072,1048576,7014,13154746052030769499,2448856,21,21,3248145998832021628,3248145998832021628
15,LP-E,20260918,1753,5,measure,268,stride_513,524288,1048576,21915,14923446831464453126,2093903,21,21,10061883979847375520,10061883979847375520
15,LP-E,20260918,1754,5,measure,269,stride_1,268435456,1048576,17968671,7301233261439266412,2678260,21,21,16174630866113574069,16174630866113574069
15,LP-E,20260918,1755,5,measure,270,pair_same_line,524288,1048576,50277,13297996773979329141,3065483,21,21,13318369531082577046,13318369531082577046
15,LP-E,20260918,1756,5,measure,271,stride_513,131072,1048576,6347,17567475897714909029,1852386,21,21,16921412609114818048,16921412609114818048
15,LP-E,20260918,1757,5,measure,272,pair_split_line,131072,1048576,8245,16847114228131801346,2660613,21,21,14064718098166480764,14064718098166480764
15,LP-E,20260918,1758,5,measure,273,random,16777216,1048576,225156,3473813102666768913,28992718,21,21,16862787308525196075,16862787308525196075
15,LP-E,20260918,1759,5,measure,274,pair_same_line,268435456,1048576,22311281,3974397964854883503,51064981,21,21,3812969182419416042,3812969182419416042
15,LP-E,20260918,1760,5,measure,275,stride_513,4194304,1048576,384012,11185333038023096513,12431484,21,21,12406089252390561320,12406089252390561320
15,LP-E,20260918,1761,5,measure,276,stride_1_double,196608,2097152,9309,4069975373805497639,3627345,21,21,17398735809810805423,17398735809810805423
15,LP-E,20260918,1762,5,measure,277,random,131072,1048576,15690,5578305452702326009,1696391,21,21,1519384896405405946,1519384896405405946
15,LP-E,20260918,1763,5,measure,278,pair_same_line,1572864,1048576,158722,3635021130270598501,5999266,21,21,2091831342865331385,2091831342865331385
15,LP-E,20260918,1764,5,measure,279,stride_1_bis,6144,1048576,229,1988628303434981896,1834467,21,21,16433771052836428738,16433771052836428738
15,LP-E,20260918,1765,5,measure,280,stride_1_bis,134217728,1048576,15375912,14483572373210844690,2835581,21,21,8791854687159552357,8791854687159552357
15,LP-E,20260918,1766,5,measure,281,stride_1,134217728,1048576,14640385,4983725839066396022,2864680,21,21,2403132898077451274,2403132898077451274
15,LP-E,20260918,1767,5,measure,282,pair_same_line,786432,1048576,45768,12780258677824138287,3385181,21,21,12711052977591995360,12711052977591995360
15,LP-E,20260918,1768,5,measure,283,stride_1,8192,1048576,840,17159054778161391722,1793854,21,21,116592947459441664,116592947459441664
15,LP-E,20260918,1769,5,measure,284,stride_1,100663296,1048576,12068957,12894257060302692105,2866065,21,21,12561389380747359554,12561389380747359554
15,LP-E,20260918,1770,5,measure,285,stride_1_bis,4194304,1048576,207628,7097458510153941953,2716563,21,21,12406089252390561320,12406089252390561320
15,LP-E,20260918,1771,5,measure,286,stride_1_bis,8388608,1048576,635259,13812884721003648426,2671664,21,21,18303280461608560459,18303280461608560459
15,LP-E,20260918,1772,5,measure,287,random,32768,1048576,34,8610829770599479155,1734139,21,21,13800564215552772848,13800564215552772848
15,LP-E,20260918,1773,5,measure,288,stride_1,12288,1048576,1035,9603684785998280562,1819731,21,21,10083581903583917346,10083581903583917346
15,LP-E,20260918,1774,5,measure,289,random,1572864,1048576,64601,15322238050229401216,5662707,21,21,12886874985552383773,12886874985552383773
15,LP-E,20260918,1775,5,measure,290,random,100663296,1048576,12546618,6523653566855241997,34917852,21,21,15853803229865800612,15853803229865800612
15,LP-E,20260918,1776,5,measure,291,stride_4097,98304,1048576,2984,2678645695474330680,1865317,21,21,7969954437241249896,7969954437241249896
15,LP-E,20260918,1777,5,measure,292,stride_513,16777216,1048576,1457571,5289760518127828181,30643454,21,21,8330978399178834902,8330978399178834902
15,LP-E,20260918,1778,5,measure,293,stride_4097,524288,1048576,54342,9509487668189751403,1977251,21,21,10061883979847375520,10061883979847375520
15,LP-E,20260918,1779,5,measure,294,random,268435456,1048576,8682973,17757550041688366840,47103424,21,21,10034049481198491953,10034049481198491953
15,LP-E,20260918,1780,5,measure,295,stride_1_double,1572864,2097152,195640,18398824447237457616,4056026,21,21,15644745260109522877,15644745260109522877
15,LP-E,20260918,1781,5,measure,296,stride_4097,12582912,1048576,1345623,876730936238821324,14700886,21,21,16925978657648066275,16925978657648066275
15,LP-E,20260918,1782,6,measure,0,stride_1,49152,1048576,5103,16581818531834263192,1807453,21,21,3896271568361218022,3896271568361218022
15,LP-E,20260918,1783,6,measure,1,stride_4097,49152,1048576,2590,5887754140089013366,1855090,21,21,918950400848749683,918950400848749683
15,LP-E,20260918,1784,6,measure,2,stride_1,4096,1048576,138,17205897760971606827,1826071,21,21,8154595385843253248,8154595385843253248
15,LP-E,20260918,1785,6,measure,3,pair_same_line,2097152,1048576,238400,16983297948262012354,22343770,21,21,4824462265984082992,4824462265984082992
15,LP-E,20260918,1786,6,measure,4,stride_4097,33554432,1048576,1291061,9035338121904724851,18181183,21,21,1499655226764447638,1499655226764447638
15,LP-E,20260918,1787,6,measure,5,pair_same_line,4096,1048576,407,17684508092691457051,2229712,21,21,9271670058686552178,9271670058686552178
15,LP-E,20260918,1788,6,measure,6,random,262144,1048576,12023,5445900546067826393,1899075,21,21,17006366547796147908,17006366547796147908
15,LP-E,20260918,1789,6,measure,7,stride_4097,16777216,1048576,1513687,2261094871582555365,17730258,21,21,16959227055113310473,16959227055113310473
15,LP-E,20260918,1790,6,measure,8,stride_4097,98304,1048576,7052,14371777839950520390,1877220,21,21,4864672213149759690,4864672213149759690
15,LP-E,20260918,1791,6,measure,9,stride_1_double,67108864,2097152,4368540,10616637349904022448,5207168,21,21,4218709564281575441,4218709564281575441
15,LP-E,20260918,1792,6,measure,10,stride_1,131072,1048576,11522,5533508157172690406,1811847,21,21,16921412609114818048,16921412609114818048
15,LP-E,20260918,1793,6,measure,11,stride_513,8388608,1048576,122107,17637728765931821785,17278572,21,21,18303280461608560459,18303280461608560459
15,LP-E,20260918,1794,6,measure,12,stride_1,524288,1048576,23696,11060562409831271934,1845427,21,21,10061883979847375520,10061883979847375520
15,LP-E,20260918,1795,6,measure,13,stride_17,393216,1048576,15551,880522117068960245,1851722,21,21,6233083767383889330,6233083767383889330
15,LP-E,20260918,1796,6,measure,14,random,393216,1048576,54,10412999249733920920,1712916,21,21,17223743207442683928,17223743207442683928
15,LP-E,20260918,1797,6,measure,15,pair_same_line,16384,1048576,452,17993843228152412446,2237935,21,21,8501932067940392862,8501932067940392862
15,LP-E,20260918,1798,6,measure,16,stride_1_bis,32768,1048576,632,13288416198785369421,1787025,21,21,10598541984122395648,10598541984122395648
15,LP-E,20260918,1799,6,measure,17,pair_split_line,6144,1048576,476,18383698814351004213,2324536,21,21,9920454848387342276,9920454848387342276
15,LP-E,20260918,1800,6,measure,18,pair_same_line,33554432,1048576,1449261,11208376990697386400,29881673,21,21,2660309339046668943,2660309339046668943
15,LP-E,20260918,1801,6,measure,19,stride_1_double,6144,2097152,595,1524695729259829160,3576391,21,21,17726600663020312946,17726600663020312946
15,LP-E,20260918,1802,6,measure,20,pair_split_line,2097152,1048576,27911,10798078749908639487,22071170,21,21,7743339248228255377,7743339248228255377
15,LP-E,20260918,1803,6,measure,21,pair_split_line,49152,1048576,4164,3688871027890956481,2513691,21,21,8118082374251388720,8118082374251388720
15,LP-E,20260918,1804,6,measure,22,stride_513,134217728,1048576,4766799,6335617405692610982,33176030,21,21,1694750060726396987,1694750060726396987
15,LP-E,20260918,1805,6,measure,23,pair_same_line,134217728,1048576,1045783,10418889104746310928,35935649,21,21,5558037358386043349,5558037358386043349
15,LP-E,20260918,1806,6,measure,24,stride_1,786432,1048576,2931,11448005472202997331,1911326,21,21,10095125163822419833,10095125163822419833
15,LP-E,20260918,1807,6,measure,25,pair_split_line,16777216,1048576,1010919,5920651370254771525,56317061,21,21,15387265857618880755,15387265857618880755
15,LP-E,20260918,1808,6,measure,26,stride_1_double,8192,2097152,43,16985961241205486438,3601816,21,21,233185894918883328,233185894918883328
15,LP-E,20260918,1809,6,measure,27,stride_4097,3145728,1048576,169338,7581203225796242921,8090997,21,21,3331470754238079107,3331470754238079107
15,LP-E,20260918,1810,6,measure,28,pair_same_line,50331648,1048576,6111868,11343352313988204712,37624703,21,21,11761134072035215449,11761134072035215449
15,LP-E,20260918,1811,6,measure,29,random,49152,1048576,2263,13150769156222329215,1743883,21,21,15035207128888203307,15035207128888203307
15,LP-E,20260918,1812,6,measure,30,stride_1_double,393216,2097152,45584,3215285300364691741,3660437,21,21,9683783047084917473,9683783047084917473
15,LP-E,20260918,1813,6,measure,31,stride_4097,262144,1048576,22298,3729670537650110177,1871747,21,21,3252759155835688704,3252759155835688704
15,LP-E,20260918,1814,6,measure,32,stride_1_double,6291456,2097152,107830,541688408543366747,5571839,21,21,4410812019075941186,4410812019075941186
15,LP-E,20260918,1815,6,measure,33,stride_1_bis,134217728,1048576,10501948,15282873321025369637,2731207,21,21,14938488221669395436,14938488221669395436
15,LP-E,20260918,1816,6,measure,34,pair_split_line,524288,1048576,25728,15006813926790967310,3147297,21,21,1957622189936914535,1957622189936914535
15,LP-E,20260918,1817,6,measure,35,stride_4097,12582912,1048576,239047,11981462312647973472,14587160,21,21,8295526628213543592,8295526628213543592
15,LP-E,20260918,1818,6,measure,36,stride_17,268435456,1048576,27274751,1385933302861204981,28638478,21,21,10463437385627538968,10463437385627538968
15,LP-E,20260918,1819,6,measure,37,stride_1_double,49152,2097152,3523,17098867951496554447,3613569,21,21,7378167250061293193,7378167250061293193
15,LP-E,20260918,1820,6,measure,38,stride_513,131072,1048576,7583,8533156215757898023,1869888,21,21,16921412609114818048,16921412609114818048
15,LP-E,20260918,1821,6,measure,39,stride_513,3145728,1048576,357253,9993842085857551151,13167394,21,21,4696861105486946824,4696861105486946824
15,LP-E,20260918,1822,6,measure,40,stride_4097,1048576,1048576,67689,15695930368911187587,2134481,21,21,8797231230870489880,8797231230870489880
15,LP-E,20260918,1823,6,measure,41,stride_1,16777216,1048576,1965920,18101526460314399012,2568774,21,21,139710025684942561,139710025684942561
15,LP-E,20260918,1824,6,measure,42,pair_same_line,393216,1048576,17395,2350351742120477432,2846118,21,21,12133666391629946511,12133666391629946511
15,LP-E,20260918,1825,6,measure,43,stride_17,196608,1048576,11735,1298378148092272747,1845404,21,21,4665646044077671763,4665646044077671763
15,LP-E,20260918,1826,6,measure,44,pair_same_line,6144,1048576,680,17398734364658611529,2238154,21,21,12901876488689206252,12901876488689206252
15,LP-E,20260918,1827,6,measure,45,stride_1,134217728,1048576,9058865,6236855402650397015,2608899,21,21,16639357162269507221,16639357162269507221
15,LP-E,20260918,1828,6,measure,46,random,24576,1048576,10,8886797588070009030,1692183,21,21,9568904257559251269,9568904257559251269
15,LP-E,20260918,1829,6,measure,47,stride_4097,268435456,1048576,26871101,14389316029591095896,24256173,21,21,17024709260532574097,17024709260532574097
15,LP-E,20260918,1830,6,measure,48,stride_513,12288,1048576,271,8465250372410644052,1805202,21,21,3776769180852905984,3776769180852905984
15,LP-E,20260918,1831,6,measure,49,pair_same_line,49152,1048576,2053,17445582213789920429,2343001,21,21,10714040688926329734,10714040688926329734
15,LP-E,20260918,1832,6,measure,50,stride_513,25165824,1048576,1337672,15066484474507635506,31468595,21,21,11886943178879158261,11886943178879158261
15,LP-E,20260918,1833,6,measure,51,stride_1_double,8388608,2097152,187005,12911839680355540063,6133906,21,21,18159816849507569302,18159816849507569302
15,LP-E,20260918,1834,6,measure,52,stride_1_double,65536,2097152,5543,10201066391681807011,3602916,21,21,14401013024949000960,14401013024949000960
15,LP-E,20260918,1835,6,measure,53,stride_17,6144,1048576,257,5256707838325235904,1785319,21,21,3209765563695369602,3209765563695369602
15,LP-E,20260918,1836,6,measure,54,pair_split_line,3145728,1048576,97585,10527605725417331818,30093539,21,21,646615612772296317,646615612772296317
15,LP-E,20260918,1837,6,measure,55,stride_513,786432,1048576,86553,3694906067869422837,2016649,21,21,18197965301733415104,18197965301733415104
15,LP-E,20260918,1838,6,measure,56,stride_4097,393216,1048576,32828,7014615095559025832,1866559,21,21,12738249333604581921,12738249333604581921
15,LP-E,20260918,1839,6,measure,57,random,6144,1048576,533,4319392258065678285,1599626,21,21,13829779278497850180,13829779278497850180
15,LP-E,20260918,1840,6,measure,58,random,201326592,1048576,3978083,16100391787179269372,38802196,21,21,16596480459510084864,16596480459510084864
15,LP-E,20260918,1841,6,measure,59,stride_1_double,16384,2097152,1651,4723986727004030369,3588207,21,21,649362101028710400,649362101028710400
15,LP-E,20260918,1842,6,measure,60,stride_17,100663296,1048576,10963052,12321270212406521793,21489890,21,21,13131190281648744285,13131190281648744285
15,LP-E,20260918,1843,6,measure,61,random,65536,1048576,4638,7016593686632823895,1769599,21,21,17770518337850124214,17770518337850124214
15,LP-E,20260918,1844,6,measure,62,pair_split_line,33554432,1048576,3913084,14381249000784401265,63558653,21,21,662194722983275859,662194722983275859
15,LP-E,20260918,1845,6,measure,63,stride_1,1048576,1048576,51190,14551048996092549025,1971394,21,21,8797231230870489880,8797231230870489880
15,LP-E,20260918,1846,6,measure,64,pair_same_line,196608,1048576,2642,3334911084231823060,2411724,21,21,10903059440233253276,10903059440233253276
15,LP-E,20260918,1847,6,measure,65,pair_split_line,24576,1048576,205,12583640954561888251,2317279,21,21,7467708378756911890,7467708378756911890
15,LP-E,20260918,1848,6,measure,66,stride_1_bis,6291456,1048576,384462,12173908284195652473,2593772,21,21,11987720425775403219,11987720425775403219
15,LP-E,20260918,1849,6,measure,67,stride_513,6291456,1048576,629355,11237284969762001197,13143812,21,21,2329185465026963428,2329185465026963428
15,LP-E,20260918,1850,6,measure,68,random,131072,1048576,8384,16725505842901333577,1784154,21,21,14032066636873726188,14032066636873726188
15,LP-E,20260918,1851,6,measure,69,pair_split_line,196608,1048576,23200,7428389606009040036,2698885,21,21,3722430174584563129,3722430174584563129
15,LP-E,20260918,1852,6,measure,70,stride_513,262144,1048576,24645,16409801875398543237,1892325,21,21,3252759155835688704,3252759155835688704
15,LP-E,20260918,1853,6,measure,71,pair_same_line,1572864,1048576,172444,12164048581440704357,5952292,21,21,3757095555311146734,3757095555311146734
15,LP-E,20260918,1854,6,measure,72,stride_17,4096,1048576,409,905602521515083829,1889633,21,21,8154595385843253248,8154595385843253248
15,LP-E,20260918,1855,6,measure,73,pair_split_line,65536,1048576,4113,10871119521737688947,2569991,21,21,5109299387353763835,5109299387353763835
15,LP-E,20260918,1856,6,measure,74,stride_513,196608,1048576,19658,1435631750476262846,1897181,21,21,8126674812445135616,8126674812445135616
15,LP-E,20260918,1857,6,measure,75,stride_1_double,50331648,2097152,2209585,18321735812597923758,5339369,21,21,7837975835603475623,7837975835603475623
15,LP-E,20260918,1858,6,measure,76,pair_split_line,98304,1048576,7794,9136825151478870524,2653270,21,21,1025697585678768872,1025697585678768872
15,LP-E,20260918,1859,6,measure,77,random,268435456,1048576,3128700,9197434169580997181,46967266,21,21,12109821359020875826,12109821359020875826
15,LP-E,20260918,1860,6,measure,78,stride_1_bis,524288,1048576,61243,15359340453924191753,1899243,21,21,10061883979847375520,10061883979847375520
15,LP-E,20260918,1861,6,measure,79,pair_same_line,4194304,1048576,426628,5916105697901352562,29242219,21,21,13439358534190310357,13439358534190310357
15,LP-E,20260918,1862,6,measure,80,random,134217728,1048576,8158596,10407723778593693910,37919550,21,21,6320023670597403740,6320023670597403740
15,LP-E,20260918,1863,6,measure,81,stride_1,24576,1048576,806,15606976644702202773,1820079,21,21,905236203177308469,905236203177308469
15,LP-E,20260918,1864,6,measure,82,stride_1_bis,1572864,1048576,104999,3579996896513210017,2232994,21,21,13180204482557826193,13180204482557826193
15,LP-E,20260918,1865,6,measure,83,stride_1,32768,1048576,1907,6792984525522467733,1801231,21,21,10598541984122395648,10598541984122395648
15,LP-E,20260918,1866,6,measure,84,stride_4097,100663296,1048576,8892043,14531624440254842406,21505600,21,21,13433806632252795384,13433806632252795384
15,LP-E,20260918,1867,6,measure,85,random,12288,1048576,534,15214945681551043237,1668645,21,21,9901594573698883468,9901594573698883468
15,LP-E,20260918,1868,6,measure,86,random,25165824,1048576,592097,12030524297715428745,30353032,21,21,4622094049644675069,4622094049644675069
15,LP-E,20260918,1869,6,measure,87,stride_17,8388608,1048576,757647,13923151444621389347,28190771,21,21,18303280461608560459,18303280461608560459
15,LP-E,20260918,1870,6,measure,88,pair_same_line,24576,1048576,1004,9318120947231137304,2257082,21,21,12536915251577482785,12536915251577482785
15,LP-E,20260918,1871,6,measure,89,pair_same_line,16777216,1048576,220052,6162630798952221265,32406484,21,21,16957230522020870854,16957230522020870854
15,LP-E,20260918,1872,6,measure,90,stride_1_bis,16777216,1048576,1927868,16550071607796418310,2560886,21,21,2659327215740693548,2659327215740693548
15,LP-E,20260918,1873,6,measure,91,stride_17,4194304,1048576,172526,7792427262902123581,26227787,21,21,12406089252390561320,12406089252390561320
15,LP-E,20260918,1874,6,measure,92,stride_1_bis,786432,1048576,609,13933855384119412726,1884766,21,21,3328496117219026445,3328496117219026445
15,LP-E,20260918,1875,6,measure,93,stride_1_double,134217728,2097152,11622696,1463749125531982329,5193447,21,21,5120246633320310971,5120246633320310971
15,LP-E,20260918,1876,6,measure,94,stride_1_bis,8192,1048576,197,9551995392358729164,1809111,21,21,116592947459441664,116592947459441664
15,LP-E,20260918,1877,6,measure,95,stride_1,33554432,1048576,3346793,3774063239653317874,2668747,21,21,16353229368953735742,16353229368953735742
15,LP-E,20260918,1878,6,measure,96,stride_513,4194304,1048576,509031,3377727859210427269,13802778,21,21,12406089252390561320,12406089252390561320
15,LP-E,20260918,1879,6,measure,97,stride_1_bis,201326592,1048576,3871587,3247919560154799835,3277142,21,21,16330243021924422581,16330243021924422581
15,LP-E,20260918,1880,6,measure,98,stride_513,4096,1048576,244,11962020317335856373,1794898,21,21,8154595385843253248,8154595385843253248
15,LP-E,20260918,1881,6,measure,99,stride_1_double,24576,2097152,1190,1067414879914873795,3582672,21,21,13491243381922623083,13491243381922623083
15,LP-E,20260918,1882,6,measure,100,stride_1_double,100663296,2097152,339968,8264615361658800382,5684592,21,21,17721809531281361285,17721809531281361285
15,LP-E,20260918,1883,6,measure,101,pair_split_line,12582912,1048576,465215,2881946167466906753,54901827,21,21,12743744200871080597,12743744200871080597
15,LP-E,20260918,1884,6,measure,102,stride_1_double,16777216,2097152,1633263,8708071966097310135,5154890,21,21,12841062978479921428,12841062978479921428
15,LP-E,20260918,1885,6,measure,103,stride_17,262144,1048576,20968,5719999007344559285,1945793,21,21,3252759155835688704,3252759155835688704
15,LP-E,20260918,1886,6,measure,104,stride_4097,50331648,1048576,4132010,10127732221598174588,21215205,21,21,7726461832757423213,7726461832757423213
15,LP-E,20260918,1887,6,measure,105,random,524288,1048576,1809,8134934608755340143,2142586,21,21,2534919599169308359,2534919599169308359
15,LP-E,20260918,1888,6,measure,106,stride_1_bis,12288,1048576,1092,2686487364855452022,1791244,21,21,6508647411651500352,6508647411651500352
15,LP-E,20260918,1889,6,measure,107,stride_513,8192,1048576,996,14775617628616436526,1830225,21,21,116592947459441664,116592947459441664
15,LP-E,20260918,1890,6,measure,108,stride_17,1572864,1048576,118710,8872126753415494001,3416674,21,21,10026526005399084675,10026526005399084675
15,LP-E,20260918,1891,6,measure,109,stride_1_bis,25165824,1048576,1709001,3556953562169706669,2648333,21,21,919478817473470601,919478817473470601
15,LP-E,20260918,1892,6,measure,110,pair_same_line,67108864,1048576,5410315,13386569846705634728,38712948,21,21,3196917658507454146,3196917658507454146
15,LP-E,20260918,1893,6,measure,111,stride_1_double,33554432,2097152,615328,9309306152698017399,5369368,21,21,7575888904106363327,7575888904106363327
15,LP-E,20260918,1894,6,measure,112,stride_1,8192,1048576,20,10098830975323499310,1805027,21,21,116592947459441664,116592947459441664
15,LP-E,20260918,1895,6,measure,113,stride_1_double,32768,2097152,3833,13642075944380448623,3594241,21,21,2750339894535239680,2750339894535239680
15,LP-E,20260918,1896,6,measure,114,stride_1,6144,1048576,263,8584529479244510305,1786854,21,21,11561913068933709441,11561913068933709441
15,LP-E,20260918,1897,6,measure,115,pair_same_line,65536,1048576,2951,5794393021303504420,2386220,21,21,12009407743529285611,12009407743529285611
15,LP-E,20260918,1898,6,measure,116,random,2097152,1048576,45287,8640279043181008140,16987652,21,21,1432010225972276230,1432010225972276230
15,LP-E,20260918,1899,6,measure,117,pair_same_line,8388608,1048576,422261,500232868320889369,31049024,21,21,491490787480299919,491490787480299919
15,LP-E,20260918,1900,6,measure,118,random,98304,1048576,8206,7204045276616199830,1730890,21,21,11189955986446659867,11189955986446659867
15,LP-E,20260918,1901,6,measure,119,pair_split_line,32768,1048576,2743,12686550335195724146,2322809,21,21,3999087236751166109,3999087236751166109
15,LP-E,20260918,1902,6,measure,120,stride_17,1048576,1048576,9260,3765615600614156283,2109777,21,21,8797231230870489880,8797231230870489880
15,LP-E,20260918,1903,6,measure,121,stride_513,67108864,1048576,5628947,15504349354945407832,21894521,21,21,6862263447342631313,6862263447342631313
15,LP-E,20260918,1904,6,measure,122,pair_same_line,8192,1048576,646,16905440283365853902,2233404,21,21,2535843743994035891,2535843743994035891
15,LP-E,20260918,1905,6,measure,123,stride_513,100663296,1048576,10416516,11367506325881420716,20214137,21,21,2237376634142430029,2237376634142430029
15,LP-E,20260918,1906,6,measure,124,stride_4097,32768,1048576,2642,12670051526529318716,1803439,21,21,10598541984122395648,10598541984122395648
15,LP-E,20260918,1907,6,measure,125,stride_1_bis,268435456,1048576,18850999,5409900392567422022,1984141,21,21,6934293211597602579,6934293211597602579
15,LP-E,20260918,1908,6,measure,126,stride_1_bis,12582912,1048576,92286,5555332764468583776,2161509,21,21,8602953516673528824,8602953516673528824
15,LP-E,20260918,1909,6,measure,127,pair_same_line,262144,1048576,2210,1000704142718898257,2717484,21,21,12884147539816618941,12884147539816618941
15,LP-E,20260918,1910,6,measure,128,stride_513,50331648,1048576,2526549,8628741583421077057,26253452,21,21,13653632563483588574,13653632563483588574
15,LP-E,20260918,1911,6,measure,129,stride_1_bis,6144,1048576,227,8689920138836720938,1821537,21,21,2861099524145233572,2861099524145233572
15,LP-E,20260918,1912,6,measure,130,stride_4097,12288,1048576,857,4378177536316033685,1802646,21,21,15016619716157269423,15016619716157269423
15,LP-E,20260918,1913,6,measure,131,stride_17,49152,1048576,5995,10135929856961997225,1858314,21,21,12211603438966380361,12211603438966380361
15,LP-E,20260918,1914,6,measure,132,stride_1,65536,1048576,4795,14939573720484067844,1795782,21,21,16423878549329276288,16423878549329276288
15,LP-E,20260918,1915,6,measure,133,stride_1,262144,1048576,28420,12932969932355260307,1818539,21,21,3252759155835688704,3252759155835688704
15,LP-E,20260918,1916,6,measure,134,stride_1_bis,1048576,1048576,49057,6705383367079047701,1967119,21,21,8797231230870489880,8797231230870489880
15,LP-E,20260918,1917,6,measure,135,pair_same_line,524288,1048576,11516,685870395639737539,2511317,21,21,9104138795361126507,9104138795361126507
15,LP-E,20260918,1918,6,measure,136,stride_17,16777216,1048576,746787,12563020716811249942,22084728,21,21,3635267546543968941,3635267546543968941
15,LP-E,20260918,1919,6,measure,137,stride_1,67108864,1048576,2785700,4494552610679982702,2692103,21,21,3785903890237392335,3785903890237392335
15,LP-E,20260918,1920,6,measure,138,stride_17,201326592,1048576,7681242,9759164497817779462,22494097,21,21,11256529096661707689,11256529096661707689
15,LP-E,20260918,1921,6,measure,139,stride_1_double,25165824,2097152,2220173,13320821916924900970,4389335,21,21,16483705800392718815,16483705800392718815
15,LP-E,20260918,1922,6,measure,140,stride_1_double,196608,2097152,7528,13903965739871953165,3593654,21,21,8157648505203858092,8157648505203858092
15,LP-E,20260918,1923,6,measure,141,pair_same_line,100663296,1048576,7991406,12097249998772465181,36603476,21,21,9621006886296088684,9621006886296088684
15,LP-E,20260918,1924,6,measure,142,stride_1_double,4194304,2097152,229754,14097169552703115754,4704819,21,21,6365434431071571024,6365434431071571024
15,LP-E,20260918,1925,6,measure,143,stride_4097,2097152,1048576,110982,9904423993868918253,3678387,21,21,14577075130308765988,14577075130308765988
15,LP-E,20260918,1926,6,measure,144,stride_513,49152,1048576,1543,5048085936692587626,1858141,21,21,10058475094351434240,10058475094351434240
15,LP-E,20260918,1927,6,measure,145,stride_4097,6291456,1048576,175475,3109181372703407538,14914321,21,21,5498443033541955427,5498443033541955427
15,LP-E,20260918,1928,6,measure,146,stride_4097,134217728,1048576,630843,1860151764169738521,19298271,21,21,9250269169257270150,9250269169257270150
15,LP-E,20260918,1929,6,measure,147,stride_1_bis,262144,1048576,12934,2559095753847899675,1840803,21,21,3252759155835688704,3252759155835688704
15,LP-E,20260918,1930,6,measure,148,stride_17,50331648,1048576,4389543,8783469766186845834,27924648,21,21,8263291089514204928,8263291089514204928
15,LP-E,20260918,1931,6,measure,149,pair_split_line,393216,1048576,36057,15088023430160149652,2930686,21,21,1557165209771323167,1557165209771323167
15,LP-E,20260918,1932,6,measure,150,stride_17,8192,1048576,1000,3663485841367160617,1789649,21,21,116592947459441664,116592947459441664
15,LP-E,20260918,1933,6,measure,151,random,16777216,1048576,8086,2864393796116388996,18061844,21,21,13919605375086998187,13919605375086998187
15,LP-E,20260918,1934,6,measure,152,pair_same_line,32768,1048576,2242,14484331261990136690,2239354,21,21,18328177457708261585,18328177457708261585
15,LP-E,20260918,1935,6,measure,153,random,16384,1048576,1675,6929449799793440224,1659806,21,21,15614619598443744684,15614619598443744684
15,LP-E,20260918,1936,6,measure,154,stride_17,12288,1048576,1222,4847936104366588552,1787817,21,21,5694719468984507110,5694719468984507110
15,LP-E,20260918,1937,6,measure,155,random,32768,1048576,3531,13588448567325269273,1662267,21,21,13487932806188725318,13487932806188725318
15,LP-E,20260918,1938,6,measure,156,stride_513,16384,1048576,270,17540624864964623987,1792446,21,21,9548053087369131008,9548053087369131008
15,LP-E,20260918,1939,6,measure,157,stride_1,2097152,1048576,208546,8686776129927237936,2487420,21,21,14577075130308765988,14577075130308765988
15,LP-E,20260918,1940,6,measure,158,stride_17,131072,1048576,10273,3004939542067938854,1869560,21,21,16921412609114818048,16921412609114818048
15,LP-E,20260918,1941,6,measure,159,random,1572864,1048576,65365,11001156565904492518,4134435,21,21,6708374675802085283,6708374675802085283
15,LP-E,20260918,1942,6,measure,160,stride_1,12288,1048576,1280,580531891578793667,1793417,21,21,4247219602811575754,4247219602811575754
15,LP-E,20260918,1943,6,measure,161,stride_17,12582912,1048576,401789,12534229270317673567,26234826,21,21,7747404894914491285,7747404894914491285
15,LP-E,20260918,1944,6,measure,162,stride_513,65536,1048576,4869,10502002142750060871,1924908,21,21,16423878549329276288,16423878549329276288
15,LP-E,20260918,1945,6,measure,163,stride_1,3145728,1048576,206274,13221777351802636450,2749475,21,21,14821334577803297629,14821334577803297629
15,LP-E,20260918,1946,6,measure,164,stride_1_double,262144,2097152,8686,14805184367595688586,3641904,21,21,6505518311671377408,6505518311671377408
15,LP-E,20260918,1947,6,measure,165,stride_1_bis,131072,1048576,15442,15000013152156675563,1787926,21,21,16921412609114818048,16921412609114818048
15,LP-E,20260918,1948,6,measure,166,stride_513,16777216,1048576,1350672,10593001142173609087,18513718,21,21,1791074935461528369,1791074935461528369
15,LP-E,20260918,1949,6,measure,167,pair_same_line,3145728,1048576,283497,9942876615566694005,24252599,21,21,2622101702286282695,2622101702286282695
15,LP-E,20260918,1950,6,measure,168,stride_4097,4194304,1048576,518744,741509392095176115,5899611,21,21,12406089252390561320,12406089252390561320
15,LP-E,20260918,1951,6,measure,169,stride_1_bis,50331648,1048576,567334,6331240952135473480,3055197,21,21,5900184184315415033,5900184184315415033
15,LP-E,20260918,1952,6,measure,170,pair_same_line,786432,1048576,49066,17689094906222718578,4173365,21,21,4390473934312478497,4390473934312478497
15,LP-E,20260918,1953,6,measure,171,stride_513,268435456,1048576,18600773,15991875747661038574,17220875,21,21,64090184477291906,64090184477291906
15,LP-E,20260918,1954,6,measure,172,pair_same_line,268435456,1048576,14932653,14502790809416894851,44857766,21,21,6589799393080612209,6589799393080612209
15,LP-E,20260918,1955,6,measure,173,stride_513,393216,1048576,1574,13577897314860690409,1988521,21,21,14269622657413644288,14269622657413644288
15,LP-E,20260918,1956,6,measure,174,pair_split_line,786432,1048576,32248,5802234218982229381,3121283,21,21,17848769643129115859,17848769643129115859
15,LP-E,20260918,1957,6,measure,175,random,8192,1048576,341,1544666590400607941,1620336,21,21,6812471426858297595,6812471426858297595
15,LP-E,20260918,1958,6,measure,176,stride_513,98304,1048576,2168,4477084695912140667,1856337,21,21,16959111087276692480,16959111087276692480
15,LP-E,20260918,1959,6,measure,177,random,196608,1048576,16165,14322391872324056342,1702512,21,21,330791679431507650,330791679431507650
15,LP-E,20260918,1960,6,measure,178,stride_1_double,524288,2097152,39953,7557396656725857130,3581956,21,21,1677023885985199424,1677023885985199424
15,LP-E,20260918,1961,6,measure,179,stride_513,201326592,1048576,23149749,16535579747380189625,20334732,21,21,14016239396727755370,14016239396727755370
15,LP-E,20260918,1962,6,measure,180,stride_4097,4096,1048576,137,15483939379970473852,1788314,21,21,8154595385843253248,8154595385843253248
15,LP-E,20260918,1963,6,measure,181,stride_1,100663296,1048576,10733813,2188625450065677827,2642839,21,21,9754854871454175903,9754854871454175903
15,LP-E,20260918,1964,6,measure,182,stride_1_double,1572864,2097152,81100,12952231755827963005,3774661,21,21,9100178560072953377,9100178560072953377
15,LP-E,20260918,1965,6,measure,183,stride_1_double,201326592,2097152,13876023,14282226189396910221,4868747,21,21,6703398917097215685,6703398917097215685
15,LP-E,20260918,1966,6,measure,184,stride_4097,24576,1048576,2215,4699146618961423382,1841576,21,21,17040131339453960596,17040131339453960596
15,LP-E,20260918,1967,6,measure,185,random,33554432,1048576,2396350,13218147342259285376,29611108,21,21,1351985262509369905,1351985262509369905
15,LP-E,20260918,1968,6,measure,186,stride_1,268435456,1048576,28181348,17401899332732835718,2828042,21,21,5801090996265215081,5801090996265215081
15,LP-E,20260918,1969,6,measure,187,stride_513,33554432,1048576,1075757,5027585859462769807,19847222,21,21,12760620682832574864,12760620682832574864
15,LP-E,20260918,1970,6,measure,188,stride_1_double,2097152,2097152,166359,6516066590982178390,4149719,21,21,10707406186907980360,10707406186907980360
15,LP-E,20260918,1971,6,measure,189,stride_1_double,1048576,2097152,24957,8034820474959028743,3606210,21,21,17594462461740979760,17594462461740979760
15,LP-E,20260918,1972,6,measure,190,stride_17,32768,1048576,2062,3520338980521089031,1785267,21,21,10598541984122395648,10598541984122395648
15,LP-E,20260918,1973,6,measure,191,stride_1,25165824,1048576,2327447,6156832864803897688,2277740,21,21,15059865198729021135,15059865198729021135
15,LP-E,20260918,1974,6,measure,192,stride_4097,25165824,1048576,1364649,7815884796129898973,16492646,21,21,7411243729680880278,7411243729680880278
15,LP-E,20260918,1975,6,measure,193,stride_1_bis,393216,1048576,16957,1342528671262025483,1888870,21,21,12861574521920236590,12861574521920236590
15,LP-E,20260918,1976,6,measure,194,random,3145728,1048576,150953,16610474577323633887,13441792,21,21,8485146631709251060,8485146631709251060
15,LP-E,20260918,1977,6,measure,195,stride_4097,524288,1048576,55162,17460237498349070851,1894688,21,21,10061883979847375520,10061883979847375520
15,LP-E,20260918,1978,6,measure,196,stride_17,2097152,1048576,37216,13332839493622648167,5841040,21,21,14577075130308765988,14577075130308765988
15,LP-E,20260918,1979,6,measure,197,pair_split_line,8388608,1048576,39535,4412877050867962612,30167896,21,21,17736879758299722965,17736879758299722965
15,LP-E,20260918,1980,6,measure,198,stride_4097,131072,1048576,7596,3306616707081580939,1861676,21,21,16921412609114818048,16921412609114818048
15,LP-E,20260918,1981,6,measure,199,stride_17,6291456,1048576,235088,17522805298780568833,14292641,21,21,2696070910868559015,2696070910868559015
15,LP-E,20260918,1982,6,measure,200,stride_513,6144,1048576,307,375886751224170677,1786828,21,21,6657726286896836608,6657726286896836608
15,LP-E,20260918,1983,6,measure,201,stride_17,24576,1048576,2980,17137218503823388939,1795282,21,21,983594865442444608,983594865442444608
15,LP-E,20260918,1984,6,measure,202,stride_513,524288,1048576,50468,13179612811959143537,2017509,21,21,10061883979847375520,10061883979847375520
15,LP-E,20260918,1985,6,measure,203,pair_split_line,201326592,1048576,22261941,507759232830528371,87880676,21,21,4116118890706392834,4116118890706392834
15,LP-E,20260918,1986,6,measure,204,stride_17,98304,1048576,6934,5960153829414175471,1885241,21,21,2248138920076205327,2248138920076205327
15,LP-E,20260918,1987,6,measure,205,stride_1_bis,24576,1048576,2488,7475568563733685667,1791256,21,21,4601425397344887050,4601425397344887050
15,LP-E,20260918,1988,6,measure,206,pair_split_line,16384,1048576,1858,1248823694483583824,2318357,21,21,17582248344547502905,17582248344547502905
15,LP-E,20260918,1989,6,measure,207,random,100663296,1048576,3052842,3992516049123408528,37095773,21,21,5865400525249801568,5865400525249801568
15,LP-E,20260918,1990,6,measure,208,pair_split_line,8192,1048576,319,13656721325505492644,2327352,21,21,3640763900753648452,3640763900753648452
15,LP-E,20260918,1991,6,measure,209,pair_split_line,100663296,1048576,6716714,15730262283348970472,72101082,21,21,5210320651528823921,5210320651528823921
15,LP-E,20260918,1992,6,measure,210,pair_split_line,131072,1048576,9390,10583816726411059702,2704135,21,21,11637675685136626729,11637675685136626729
15,LP-E,20260918,1993,6,measure,211,stride_1,50331648,1048576,4323397,1643618094959981687,2958445,21,21,18408819640967003665,18408819640967003665
15,LP-E,20260918,1994,6,measure,212,stride_17,134217728,1048576,6207492,9310311784725280709,25499497,21,21,15269405531201810179,15269405531201810179
15,LP-E,20260918,1995,6,measure,213,pair_split_line,67108864,1048576,2650659,6324306065078587289,54559354,21,21,18354431674395051880,18354431674395051880
15,LP-E,20260918,1996,6,measure,214,stride_4097,8192,1048576,257,6948276740715736916,1800820,21,21,116592947459441664,116592947459441664
15,LP-E,20260918,1997,6,measure,215,stride_17,67108864,1048576,1340545,18117909617220904676,22165622,21,21,5419699339017991939,5419699339017991939
15,LP-E,20260918,1998,6,measure,216,random,50331648,1048576,6225971,11072323664743499490,33553579,21,21,2802949817039812426,2802949817039812426
15,LP-E,20260918,1999,6,measure,217,stride_1_bis,8388608,1048576,504422,10173991047866169630,2532815,21,21,18303280461608560459,18303280461608560459
15,LP-E,20260918,2000,6,measure,218,stride_1_double,3145728,2097152,25523,8437850416925101465,4501468,21,21,1912952534666685196,1912952534666685196
15,LP-E,20260918,2001,6,measure,219,stride_17,524288,1048576,53273,16685463138107102596,1881506,21,21,10061883979847375520,10061883979847375520
15,LP-E,20260918,2002,6,measure,220,random,4096,1048576,166,8630116992468950407,1651247,21,21,8393758086846084490,8393758086846084490
15,LP-E,20260918,2003,6,measure,221,stride_1,98304,1048576,6286,14826088341021547279,1788782,21,21,2055332228348230154,2055332228348230154
15,LP-E,20260918,2004,6,measure,222,stride_1,393216,1048576,8245,17084989133318814283,1791558,21,21,9060493464668129290,9060493464668129290
15,LP-E,20260918,2005,6,measure,223,stride_4097,8388608,1048576,926776,1840825926963089454,4772380,21,21,18303280461608560459,18303280461608560459
15,LP-E,20260918,2006,6,measure,224,pair_split_line,50331648,1048576,1407233,7457771007669627720,40869968,21,21,4379655455549859648,4379655455549859648
15,LP-E,20260918,2007,6,measure,225,stride_1_double,131072,2097152,9952,6564275753857620917,3581507,21,21,15396081144520084480,15396081144520084480
15,LP-E,20260918,2008,6,measure,226,stride_1_bis,4096,1048576,47,10397631471027753560,1788570,21,21,8154595385843253248,8154595385843253248
15,LP-E,20260918,2009,6,measure,227,stride_1_bis,196608,1048576,18018,8800084880038370514,1795298,21,21,18402539288381911638,18402539288381911638
15,LP-E,20260918,2010,6,measure,228,random,67108864,1048576,715494,13735297771185894379,21486205,21,21,1817271183927609529,1817271183927609529
15,LP-E,20260918,2011,6,measure,229,stride_513,2097152,1048576,92092,17438211045420798664,7196955,21,21,14577075130308765988,14577075130308765988
15,LP-E,20260918,2012,6,measure,230,stride_513,12582912,1048576,1481607,17231450003575591526,15230396,21,21,10120808792106458316,10120808792106458316
15,LP-E,20260918,2013,6,measure,231,stride_17,33554432,1048576,3755213,13734813915973840050,16443433,21,21,382892919748403348,382892919748403348
15,LP-E,20260918,2014,6,measure,232,stride_4097,1572864,1048576,177202,14282979355948657086,2703652,21,21,13691540081782029727,13691540081782029727
15,LP-E,20260918,2015,6,measure,233,stride_1_bis,67108864,1048576,2374279,10681576776559785154,2068267,21,21,15925287209495980601,15925287209495980601
15,LP-E,20260918,2016,6,measure,234,stride_1_bis,100663296,1048576,4021402,13799375145840382812,2050733,21,21,984101037834541419,984101037834541419
15,LP-E,20260918,2017,6,measure,235,stride_1,196608,1048576,20364,6491316252288111759,1804232,21,21,11217645820518814455,11217645820518814455
15,LP-E,20260918,2018,6,measure,236,stride_1,16384,1048576,1916,810916690572320653,1775943,21,21,9548053087369131008,9548053087369131008
15,LP-E,20260918,2019,6,measure,237,stride_513,1048576,1048576,55141,12149594093809377765,2135968,21,21,8797231230870489880,8797231230870489880
15,LP-E,20260918,2020,6,measure,238,pair_split_line,6291456,1048576,344131,13215955355274893597,38086619,21,21,11883773929661908116,11883773929661908116
15,LP-E,20260918,2021,6,measure,239,pair_same_line,98304,1048576,28,7292449324234509439,2450470,21,21,9677042660700648681,9677042660700648681
15,LP-E,20260918,2022,6,measure,240,stride_1_bis,49152,1048576,6104,18139377202591734357,1828522,21,21,15541581703039761503,15541581703039761503
15,LP-E,20260918,2023,6,measure,241,pair_split_line,268435456,1048576,126367,6064843479101578960,107303463,21,21,14555323654496309496,14555323654496309496
15,LP-E,20260918,2024,6,measure,242,pair_split_line,262144,1048576,13609,7803164457858297892,5842249,21,21,53362853839315578,53362853839315578
15,LP-E,20260918,2025,6,measure,243,stride_1,6291456,1048576,678178,1423468755350949986,4076852,21,21,11553818028775606912,11553818028775606912
15,LP-E,20260918,2026,6,measure,244,stride_1,201326592,1048576,2875506,10947322001625942137,4097092,21,21,13411569181563934366,13411569181563934366
15,LP-E,20260918,2027,6,measure,245,pair_split_line,4194304,1048576,364543,16183333544802234834,41423616,21,21,3331172768700469740,3331172768700469740
15,LP-E,20260918,2028,6,measure,246,pair_same_line,131072,1048576,4893,15171157157515074299,5086032,21,21,2543649457121640660,2543649457121640660
15,LP-E,20260918,2029,6,measure,247,stride_17,16384,1048576,266,11576781673816667018,3735060,21,21,9548053087369131008,9548053087369131008
15,LP-E,20260918,2030,6,measure,248,pair_split_line,134217728,1048576,13184019,3943145730301924090,86643390,21,21,16267200205620784011,16267200205620784011
15,LP-E,20260918,2031,6,measure,249,pair_same_line,12288,1048576,1500,2339632038222869888,4659085,21,21,10584449911391637825,10584449911391637825
15,LP-E,20260918,2032,6,measure,250,stride_1_bis,16384,1048576,1801,13064414784403367835,3736613,21,21,9548053087369131008,9548053087369131008
15,LP-E,20260918,2033,6,measure,251,pair_split_line,25165824,1048576,2124024,5733673593805807082,64405272,21,21,1624204804723528848,1624204804723528848
15,LP-E,20260918,2034,6,measure,252,stride_1_bis,65536,1048576,1782,11266231842093213680,3809258,21,21,16423878549329276288,16423878549329276288
15,LP-E,20260918,2035,6,measure,253,stride_1_double,268435456,2097152,4725872,12723193657613904763,8383375,21,21,1714245434745218580,1714245434745218580
15,LP-E,20260918,2036,6,measure,254,stride_17,65536,1048576,959,13803350051035883863,3872486,21,21,16423878549329276288,16423878549329276288
15,LP-E,20260918,2037,6,measure,255,stride_4097,67108864,1048576,6793969,9971444188075031391,36201543,21,21,7044401429457835324,7044401429457835324
15,LP-E,20260918,2038,6,measure,256,pair_same_line,1048576,1048576,62589,6617725458560697642,6445024,21,21,2349243105607645144,2349243105607645144
15,LP-E,20260918,2039,6,measure,257,random,1048576,1048576,13892,12662560932631235409,3595178,21,21,2794323333110571396,2794323333110571396
15,LP-E,20260918,2040,6,measure,258,pair_same_line,25165824,1048576,1174949,4402159556262023723,37283936,21,21,14638166444862014412,14638166444862014412
15,LP-E,20260918,2041,6,measure,259,stride_1_bis,98304,1048576,7985,4427550173838192913,3745743,21,21,5285567546392804737,5285567546392804737
15,LP-E,20260918,2042,6,measure,260,stride_4097,786432,1048576,80866,16748319075816546466,4019793,21,21,11795027370902782740,11795027370902782740
15,LP-E,20260918,2043,6,measure,261,stride_1_bis,3145728,1048576,57487,4341957730107393477,4411054,21,21,15159508908162361354,15159508908162361354
15,LP-E,20260918,2044,6,measure,262,random,4194304,1048576,335737,5940540168010925025,23271335,21,21,1313169820043734004,1313169820043734004
15,LP-E,20260918,2045,6,measure,263,random,786432,1048576,87373,8262373855755043369,4167513,21,21,17587818200606989627,17587818200606989627
15,LP-E,20260918,2046,6,measure,264,stride_1,4194304,1048576,173527,964697090415180483,4076050,21,21,12406089252390561320,12406089252390561320
15,LP-E,20260918,2047,6,measure,265,stride_1_bis,2097152,1048576,120329,7746192808033833973,4006484,21,21,14577075130308765988,14577075130308765988
15,LP-E,20260918,2048,6,measure,266,stride_17,3145728,1048576,83719,10092696252494511457,21561447,21,21,16648454333294891998,16648454333294891998
15,LP-E,20260918,2049,6,measure,267,stride_4097,16384,1048576,1950,8796714132565648222,3747624,21,21,9548053087369131008,9548053087369131008
15,LP-E,20260918,2050,6,measure,268,stride_17,786432,1048576,66018,1351774547442949166,3956063,21,21,12346425656606175927,12346425656606175927
15,LP-E,20260918,2051,6,measure,269,stride_4097,65536,1048576,2290,7069151355672390297,3908704,21,21,16423878549329276288,16423878549329276288
15,LP-E,20260918,2052,6,measure,270,stride_1,1572864,1048576,187368,598728816049201384,3790393,21,21,1338186445974471865,1338186445974471865
15,LP-E,20260918,2053,6,measure,271,stride_1_double,786432,2097152,21183,4072915613955530771,7486626,21,21,674968625296787076,674968625296787076
15,LP-E,20260918,2054,6,measure,272,random,6291456,1048576,356296,3192976920641807886,25010208,21,21,8921521490878618902,8921521490878618902
15,LP-E,20260918,2055,6,measure,273,stride_4097,196608,1048576,22399,17809115270861519126,3899826,21,21,2535311656071117827,2535311656071117827
15,LP-E,20260918,2056,6,measure,274,pair_split_line,4096,1048576,371,6367939188913986075,4815308,21,21,15297678577585839050,15297678577585839050
15,LP-E,20260918,2057,6,measure,275,stride_17,25165824,1048576,1962315,11545744410882197178,26936221,21,21,13587117399141930143,13587117399141930143
15,LP-E,20260918,2058,6,measure,276,stride_513,32768,1048576,1827,14638421889264652450,3847105,21,21,10598541984122395648,10598541984122395648
15,LP-E,20260918,2059,6,measure,277,stride_1_double,12582912,2097152,450997,3439883502195428683,8730492,21,21,9432140073617575078,9432140073617575078
15,LP-E,20260918,2060,6,measure,278,stride_4097,201326592,1048576,7110884,14131040611349345439,39188421,21,21,14383116273478930235,14383116273478930235
15,LP-E,20260918,2061,6,measure,279,pair_same_line,12582912,1048576,1308419,9310213579060816582,34474847,21,21,18240459200120589395,18240459200120589395
15,LP-E,20260918,2062,6,measure,280,random,12582912,1048576,826582,13689753985685586768,26419941,21,21,5298028062706019191,5298028062706019191
15,LP-E,20260918,2063,6,measure,281,pair_split_line,1572864,1048576,31077,11990681659919408895,7812648,21,21,3460618183213538823,3460618183213538823
15,LP-E,20260918,2064,6,measure,282,stride_1_double,4096,2097152,144,6440337990104260879,3895180,21,21,16309190771686506496,16309190771686506496
15,LP-E,20260918,2065,6,measure,283,stride_1_bis,4194304,1048576,367906,8837280392594973334,2611535,21,21,12406089252390561320,12406089252390561320
15,LP-E,20260918,2066,6,measure,284,stride_4097,6144,1048576,698,9903145227539282400,1859649,21,21,13767619781071778508,13767619781071778508
15,LP-E,20260918,2067,6,measure,285,stride_1,12582912,1048576,658145,4092765849783310190,2623026,21,21,15161953342737158547,15161953342737158547
15,LP-E,20260918,2068,6,measure,286,stride_513,1572864,1048576,65655,15081049331246554005,4298126,21,21,15346159349426821392,15346159349426821392
15,LP-E,20260918,2069,6,measure,287,stride_513,24576,1048576,1950,6249058817564697651,1810712,21,21,15675031744929201152,15675031744929201152
15,LP-E,20260918,2070,6,measure,288,stride_1,8388608,1048576,71840,18118247054514436194,2486164,21,21,18303280461608560459,18303280461608560459
15,LP-E,20260918,2071,6,measure,289,random,8388608,1048576,683881,2674786426908152324,24181148,21,21,17173899157831521844,17173899157831521844
15,LP-E,20260918,2072,6,measure,290,pair_split_line,1048576,1048576,88256,16583404070580922419,3549691,21,21,5657338764200057588,5657338764200057588
15,LP-E,20260918,2073,6,measure,291,stride_1_double,98304,2097152,10009,4024769013020857621,3585661,21,21,14128204357656667927,14128204357656667927
15,LP-E,20260918,2074,6,measure,292,stride_1_double,12288,2097152,273,10549398101372408206,3602175,21,21,1711939095755495028,1711939095755495028
15,LP-E,20260918,2075,6,measure,293,pair_same_line,6291456,1048576,52121,12992011792271845033,30556209,21,21,707056151098700439,707056151098700439
15,LP-E,20260918,2076,6,measure,294,pair_same_line,201326592,1048576,20821637,4044060638918179023,43470047,21,21,2818999472725773174,2818999472725773174
15,LP-E,20260918,2077,6,measure,295,pair_split_line,12288,1048576,17,2608023879107660645,2351962,21,21,14778358021818651650,14778358021818651650
15,LP-E,20260918,2078,6,measure,296,stride_1_bis,33554432,1048576,89954,11854665534661371340,2603549,21,21,2150210276378229379,2150210276378229379
15,LP-E,20260918,2079,7,measure,0,stride_4097,262144,1048576,14086,3767127062992015142,1912716,21,21,3252759155835688704,3252759155835688704
15,LP-E,20260918,2080,7,measure,1,stride_1,4194304,1048576,67576,11048509090031410520,2547293,21,21,12406089252390561320,12406089252390561320
15,LP-E,20260918,2081,7,measure,2,random,262144,1048576,6746,14399753703371381537,1750674,21,21,18056516759319816954,18056516759319816954
15,LP-E,20260918,2082,7,measure,3,stride_1,8388608,1048576,220186,15006973438170240891,2527711,21,21,18303280461608560459,18303280461608560459
15,LP-E,20260918,2083,7,measure,4,stride_513,16384,1048576,790,2652236561663745945,1835912,21,21,9548053087369131008,9548053087369131008
15,LP-E,20260918,2084,7,measure,5,stride_1_bis,67108864,1048576,5112324,13625758621507744107,2565025,21,21,16470403876265182576,16470403876265182576
15,LP-E,20260918,2085,7,measure,6,stride_513,16777216,1048576,1930639,10363361778618750964,30562595,21,21,15543955949602031243,15543955949602031243
15,LP-E,20260918,2086,7,measure,7,stride_1_double,8388608,2097152,108196,6773717571934952737,5188572,21,21,18159816849507569302,18159816849507569302
15,LP-E,20260918,2087,7,measure,8,stride_4097,786432,1048576,49428,14291820237361390434,1919582,21,21,1051205354272827699,1051205354272827699
15,LP-E,20260918,2088,7,measure,9,stride_17,1572864,1048576,146745,14389321279436980405,3194958,21,21,5736250733048585622,5736250733048585622
15,LP-E,20260918,2089,7,measure,10,stride_4097,98304,1048576,1222,2218115089959788934,1892689,21,21,3853116040899228628,3853116040899228628
15,LP-E,20260918,2090,7,measure,11,stride_1_bis,65536,1048576,1470,1392317714076432818,1794964,21,21,16423878549329276288,16423878549329276288
15,LP-E,20260918,2091,7,measure,12,stride_1,3145728,1048576,267728,12954016738129559850,2513943,21,21,14313397547789077419,14313397547789077419
15,LP-E,20260918,2092,7,measure,13,random,393216,1048576,20420,17842726175698395127,1808598,21,21,12354308510400212155,12354308510400212155
15,LP-E,20260918,2093,7,measure,14,stride_17,6144,1048576,16,11391133874209171565,1807964,21,21,2133187938685917107,2133187938685917107
15,LP-E,20260918,2094,7,measure,15,stride_513,49152,1048576,3797,14170954559987884411,1856306,21,21,1303108010804061184,1303108010804061184
15,LP-E,20260918,2095,7,measure,16,pair_split_line,6291456,1048576,478154,15301389212143054471,42889726,21,21,13155581063086221397,13155581063086221397
15,LP-E,20260918,2096,7,measure,17,stride_1,65536,1048576,7079,10631857148087988122,1804366,21,21,16423878549329276288,16423878549329276288
15,LP-E,20260918,2097,7,measure,18,random,3145728,1048576,321804,13471711200085469063,19885515,21,21,1435480781718969671,1435480781718969671
15,LP-E,20260918,2098,7,measure,19,stride_17,67108864,1048576,4221093,6747948262314480058,27984997,21,21,5163968604897897689,5163968604897897689
15,LP-E,20260918,2099,7,measure,20,random,4096,1048576,415,2756297826514136440,1662143,21,21,17005794363720794129,17005794363720794129
15,LP-E,20260918,2100,7,measure,21,stride_1_double,25165824,2097152,1911831,5974616696375827612,5212039,21,21,654411404376081690,654411404376081690
15,LP-E,20260918,2101,7,measure,22,stride_1,1048576,1048576,74841,16760464443173771730,1942940,21,21,8797231230870489880,8797231230870489880
15,LP-E,20260918,2102,7,measure,23,stride_1_double,201326592,2097152,18586180,3645138820537750433,5149697,21,21,11497267444533296411,11497267444533296411
15,LP-E,20260918,2103,7,measure,24,stride_1,393216,1048576,11062,16241224859177915477,1832775,21,21,16067972025930824642,16067972025930824642
15,LP-E,20260918,2104,7,measure,25,stride_1,12288,1048576,1310,791075130746312003,1797090,21,21,972128612693887088,972128612693887088
15,LP-E,20260918,2105,7,measure,26,stride_4097,524288,1048576,26933,14843296409881042788,1883376,21,21,10061883979847375520,10061883979847375520
15,LP-E,20260918,2106,7,measure,27,pair_same_line,8192,1048576,786,7281298323325950964,2232024,21,21,14496109644412321738,14496109644412321738
15,LP-E,20260918,2107,7,measure,28,pair_split_line,65536,1048576,6811,3355660840156015656,2553516,21,21,12226955436008464580,12226955436008464580
15,LP-E,20260918,2108,7,measure,29,pair_same_line,32768,1048576,218,13179218340947303719,2223053,21,21,13876532555025727960,13876532555025727960
15,LP-E,20260918,2109,7,measure,30,stride_1,67108864,1048576,201479,974612022221526464,2587072,21,21,8484149136958511226,8484149136958511226
15,LP-E,20260918,2110,7,measure,31,stride_17,134217728,1048576,8949523,6687555183760332808,27663874,21,21,1670022612327704168,1670022612327704168
15,LP-E,20260918,2111,7,measure,32,stride_17,6291456,1048576,628951,10564535892334325488,27274000,21,21,3098154506278839415,3098154506278839415
15,LP-E,20260918,2112,7,measure,33,stride_17,201326592,1048576,20578193,17835672234955938257,28356816,21,21,9946828470826198993,9946828470826198993
15,LP-E,20260918,2113,7,measure,34,stride_1_double,98304,2097152,2978,5825650495275649957,3851855,21,21,2922968972763045780,2922968972763045780
15,LP-E,20260918,2114,7,measure,35,stride_17,393216,1048576,21293,7699204339010791611,1952574,21,21,5657172833622557320,5657172833622557320
15,LP-E,20260918,2115,7,measure,36,stride_17,262144,1048576,24107,18275844934776756839,1851290,21,21,3252759155835688704,3252759155835688704
15,LP-E,20260918,2116,7,measure,37,stride_1,100663296,1048576,8992414,5723517975561247400,2588653,21,21,12715254525094271560,12715254525094271560
15,LP-E,20260918,2117,7,measure,38,stride_1_double,16384,2097152,1380,12377862331654007864,3627783,21,21,649362101028710400,649362101028710400
15,LP-E,20260918,2118,7,measure,39,stride_1_bis,50331648,1048576,3396193,1528794104763659664,2604340,21,21,9698173191144798957,9698173191144798957
15,LP-E,20260918,2119,7,measure,40,stride_1_double,524288,2097152,42951,12910881641711292896,3636408,21,21,1677023885985199424,1677023885985199424
15,LP-E,20260918,2120,7,measure,41,stride_17,16384,1048576,795,18007466834612074625,1792406,21,21,9548053087369131008,9548053087369131008
15,LP-E,20260918,2121,7,measure,42,pair_split_line,4096,1048576,146,2949287258057610709,2297089,21,21,15352801430279477926,15352801430279477926
15,LP-E,20260918,2122,7,measure,43,stride_4097,268435456,1048576,10258069,5998121047328658211,24289882,21,21,3260634828443395585,3260634828443395585
15,LP-E,20260918,2123,7,measure,44,stride_513,268435456,1048576,28779980,11867868012125240455,31978612,21,21,5597809934228865268,5597809934228865268
15,LP-E,20260918,2124,7,measure,45,random,49152,1048576,349,7443231077981093147,1723667,21,21,757078079691156322,757078079691156322
15,LP-E,20260918,2125,7,measure,46,stride_4097,134217728,1048576,12259794,2313397954631986833,19166980,21,21,14927818179671195915,14927818179671195915
15,LP-E,20260918,2126,7,measure,47,stride_1,6291456,1048576,354046,2712867094335706035,2577329,21,21,8647622335297942502,8647622335297942502
15,LP-E,20260918,2127,7,measure,48,pair_split_line,16384,1048576,62,3567331743114658422,2347027,21,21,13287421334199760568,13287421334199760568
15,LP-E,20260918,2128,7,measure,49,stride_1_double,4096,2097152,110,8326293140021364498,3586149,21,21,16309190771686506496,16309190771686506496
15,LP-E,20260918,2129,7,measure,50,pair_split_line,4194304,1048576,397203,7413830911230972167,38165635,21,21,5881640501885409148,5881640501885409148
15,LP-E,20260918,2130,7,measure,51,stride_17,2097152,1048576,62832,5094230745371534258,10679943,21,21,14577075130308765988,14577075130308765988
15,LP-E,20260918,2131,7,measure,52,stride_1_double,12582912,2097152,551741,8433254962331082145,5246919,21,21,1208608764344661913,1208608764344661913
15,LP-E,20260918,2132,7,measure,53,random,32768,1048576,3534,10426473575600684190,1726788,21,21,6872158308581204643,6872158308581204643
15,LP-E,20260918,2133,7,measure,54,stride_1_bis,131072,1048576,13395,4680917827602996163,1816972,21,21,16921412609114818048,16921412609114818048
15,LP-E,20260918,2134,7,measure,55,pair_same_line,131072,1048576,6170,4901926301452962421,2387018,21,21,14203851607037619679,14203851607037619679
15,LP-E,20260918,2135,7,measure,56,stride_1_bis,524288,1048576,5219,7504952166036945180,1834161,21,21,10061883979847375520,10061883979847375520
15,LP-E,20260918,2136,7,measure,57,stride_4097,393216,1048576,16406,13864530536996298926,1871548,21,21,13820778802933899914,13820778802933899914
15,LP-E,20260918,2137,7,measure,58,stride_513,65536,1048576,6788,7821874158105337955,1877980,21,21,16423878549329276288,16423878549329276288
15,LP-E,20260918,2138,7,measure,59,pair_split_line,50331648,1048576,5226536,4767469946696322612,66045143,21,21,1947843636479636788,1947843636479636788
15,LP-E,20260918,2139,7,measure,60,stride_1,8192,1048576,567,3345603358515931958,1791898,21,21,116592947459441664,116592947459441664
15,LP-E,20260918,2140,7,measure,61,stride_4097,201326592,1048576,19491916,8862041858989850279,23992355,21,21,1907593618481976321,1907593618481976321
15,LP-E,20260918,2141,7,measure,62,stride_1_bis,12582912,1048576,1439433,16823077176928274886,2618852,21,21,188972807454884833,188972807454884833
15,LP-E,20260918,2142,7,measure,63,random,786432,1048576,83209,213904875012244334,2375280,21,21,2337531830855727947,2337531830855727947
15,LP-E,20260918,2143,7,measure,64,random,1048576,1048576,12296,14842614771278972738,2196319,21,21,14977478695357539067,14977478695357539067
15,LP-E,20260918,2144,7,measure,65,stride_4097,3145728,1048576,271138,17240962854871354036,7852289,21,21,10626280349396747433,10626280349396747433
15,LP-E,20260918,2145,7,measure,66,pair_split_line,262144,1048576,4954,18242535696613076142,2848211,21,21,8137242963343543272,8137242963343543272
15,LP-E,20260918,2146,7,measure,67,pair_same_line,134217728,1048576,4002040,7880387334510168951,38811185,21,21,9291416545828935558,9291416545828935558
15,LP-E,20260918,2147,7,measure,68,stride_4097,67108864,1048576,7121538,16203798713589887998,18055226,21,21,13265963712161451620,13265963712161451620
15,LP-E,20260918,2148,7,measure,69,stride_17,8388608,1048576,225265,14300941795991845187,27953240,21,21,18303280461608560459,18303280461608560459
15,LP-E,20260918,2149,7,measure,70,stride_1_bis,6144,1048576,159,6973582602415286026,1814012,21,21,9150533919438667071,9150533919438667071
15,LP-E,20260918,2150,7,measure,71,stride_1,6144,1048576,245,4245412018740885650,1798704,21,21,2328324123744302764,2328324123744302764
15,LP-E,20260918,2151,7,measure,72,pair_same_line,4096,1048576,353,12153492708824518413,2226129,21,21,2555540909809106158,2555540909809106158
15,LP-E,20260918,2152,7,measure,73,stride_1_bis,1572864,1048576,123324,18174461855304277396,2165842,21,21,18238738376097414884,18238738376097414884
15,LP-E,20260918,2153,7,measure,74,stride_4097,8388608,1048576,454201,12308083018129799310,7476377,21,21,18303280461608560459,18303280461608560459
15,LP-E,20260918,2154,7,measure,75,stride_17,32768,1048576,887,5807089663455788991,1812776,21,21,10598541984122395648,10598541984122395648
15,LP-E,20260918,2155,7,measure,76,stride_4097,6144,1048576,98,9574470028793069565,1795344,21,21,2493339103182708825,2493339103182708825
15,LP-E,20260918,2156,7,measure,77,stride_1_double,268435456,2097152,2213945,7061102439387813921,5209240,21,21,12488609703281603454,12488609703281603454
15,LP-E,20260918,2157,7,measure,78,stride_513,8192,1048576,138,6433192285602807689,1805023,21,21,116592947459441664,116592947459441664
15,LP-E,20260918,2158,7,measure,79,pair_split_line,100663296,1048576,7856643,4979632157083060090,72184467,21,21,12430863185404227390,12430863185404227390
15,LP-E,20260918,2159,7,measure,80,stride_1_bis,393216,1048576,19954,11052028412544598353,1863694,21,21,2534011112155158209,2534011112155158209
15,LP-E,20260918,2160,7,measure,81,random,6144,1048576,383,1829998301346278957,1663423,21,21,4761358036281251320,4761358036281251320
15,LP-E,20260918,2161,7,measure,82,stride_4097,131072,1048576,9166,9858462072317721527,1850879,21,21,16921412609114818048,16921412609114818048
15,LP-E,20260918,2162,7,measure,83,stride_1,33554432,1048576,1089177,16470815201881056282,2591256,21,21,6753061984245525930,6753061984245525930
15,LP-E,20260918,2163,7,measure,84,stride_1_bis,49152,1048576,592,10772041413785821389,1816951,21,21,13219683841825362738,13219683841825362738
15,LP-E,20260918,2164,7,measure,85,stride_513,98304,1048576,4255,13883933549601912941,1868535,21,21,1589993245443464960,1589993245443464960
15,LP-E,20260918,2165,7,measure,86,stride_513,33554432,1048576,2967411,17366783771094613653,31553978,21,21,1657334987994430503,1657334987994430503
15,LP-E,20260918,2166,7,measure,87,pair_same_line,262144,1048576,25814,10705739162467192256,2672654,21,21,12112883409293691475,12112883409293691475
15,LP-E,20260918,2167,7,measure,88,pair_same_line,25165824,1048576,2755491,15751453799884280517,33284726,21,21,7714866559863541736,7714866559863541736
15,LP-E,20260918,2168,7,measure,89,pair_same_line,1572864,1048576,91399,10621097372871139647,6098953,21,21,9943440956434883209,9943440956434883209
15,LP-E,20260918,2169,7,measure,90,stride_1_double,67108864,2097152,8235146,4310317304076057804,5197436,21,21,16797796982206931581,16797796982206931581
15,LP-E,20260918,2170,7,measure,91,stride_513,134217728,1048576,8633792,10762082754194445525,31894793,21,21,6179411789636318570,6179411789636318570
15,LP-E,20260918,2171,7,measure,92,stride_17,8192,1048576,720,281252133608121748,1796312,21,21,116592947459441664,116592947459441664
15,LP-E,20260918,2172,7,measure,93,stride_4097,16384,1048576,1519,2369785853934465483,1782306,21,21,9548053087369131008,9548053087369131008
15,LP-E,20260918,2173,7,measure,94,pair_same_line,16777216,1048576,336123,3647546791266407552,32021287,21,21,2405366257163172091,2405366257163172091
15,LP-E,20260918,2174,7,measure,95,stride_17,524288,1048576,18657,9575371852771453892,2120222,21,21,10061883979847375520,10061883979847375520
15,LP-E,20260918,2175,7,measure,96,pair_same_line,100663296,1048576,9124319,14283969351706796074,37356578,21,21,5253498587577686010,5253498587577686010
15,LP-E,20260918,2176,7,measure,97,stride_1_bis,16777216,1048576,1351249,1431625319924452677,2557705,21,21,11807933469723093306,11807933469723093306
15,LP-E,20260918,2177,7,measure,98,pair_same_line,786432,1048576,42829,9910024297219480851,3288311,21,21,15229326195143848455,15229326195143848455
15,LP-E,20260918,2178,7,measure,99,stride_513,1048576,1048576,7991,6093502874082661811,2101371,21,21,8797231230870489880,8797231230870489880
15,LP-E,20260918,2179,7,measure,100,pair_same_line,6144,1048576,104,16630799741185854275,2222237,21,21,10015944566757150929,10015944566757150929
15,LP-E,20260918,2180,7,measure,101,pair_same_line,24576,1048576,1620,17053061698432196718,2223081,21,21,9506757186100433966,9506757186100433966
15,LP-E,20260918,2181,7,measure,102,pair_split_line,393216,1048576,36902,12857404774392416339,2859192,21,21,10952588217232646751,10952588217232646751
15,LP-E,20260918,2182,7,measure,103,stride_1_bis,196608,1048576,2127,449964162226052128,1795380,21,21,856001813278140056,856001813278140056
15,LP-E,20260918,2183,7,measure,104,stride_1_double,100663296,2097152,4470905,15685524057199002796,5289656,21,21,1155319632807308493,1155319632807308493
15,LP-E,20260918,2184,7,measure,105,stride_1_double,196608,2097152,17639,3289460215346256251,3623660,21,21,10115561232502200374,10115561232502200374
15,LP-E,20260918,2185,7,measure,106,random,268435456,1048576,28613646,508025634397930365,45273370,21,21,13505326665887762954,13505326665887762954
15,LP-E,20260918,2186,7,measure,107,stride_17,16777216,1048576,1680719,16835959436799700120,25038867,21,21,3194941858788267891,3194941858788267891
15,LP-E,20260918,2187,7,measure,108,stride_1_double,4194304,2097152,101777,16642965999955358984,5163586,21,21,6365434431071571024,6365434431071571024
15,LP-E,20260918,2188,7,measure,109,stride_1,98304,1048576,5396,8694239889443210114,1808251,21,21,4360454904572269223,4360454904572269223
15,LP-E,20260918,2189,7,measure,110,stride_4097,16777216,1048576,1796187,1867547085225047015,18340642,21,21,8291186398672262096,8291186398672262096
15,LP-E,20260918,2190,7,measure,111,stride_1_bis,24576,1048576,385,2233157064955369520,1809577,21,21,134492122358720039,134492122358720039
15,LP-E,20260918,2191,7,measure,112,pair_split_line,524288,1048576,42621,10108860159348337435,3145548,21,21,18361964894756011360,18361964894756011360
15,LP-E,20260918,2192,7,measure,113,stride_17,49152,1048576,188,9478373277462669127,1854790,21,21,10781144689733054589,10781144689733054589
15,LP-E,20260918,2193,7,measure,114,stride_4097,2097152,1048576,20132,1677106697014586331,5152013,21,21,14577075130308765988,14577075130308765988
15,LP-E,20260918,2194,7,measure,115,stride_17,131072,1048576,3338,14651450671802531486,1873338,21,21,16921412609114818048,16921412609114818048
15,LP-E,20260918,2195,7,measure,116,stride_4097,50331648,1048576,4192923,17367695534397389249,20667383,21,21,13581190239697603943,13581190239697603943
15,LP-E,20260918,2196,7,measure,117,stride_513,67108864,1048576,7858036,7457064772865119389,30193596,21,21,10738398920187476287,10738398920187476287
15,LP-E,20260918,2197,7,measure,118,random,98304,1048576,11547,13681519958492135043,1764950,21,21,13681805611584494035,13681805611584494035
15,LP-E,20260918,2198,7,measure,119,stride_1,134217728,1048576,1461680,18041682028308484598,2580598,21,21,3525411081083328402,3525411081083328402
15,LP-E,20260918,2199,7,measure,120,stride_1,196608,1048576,17599,12248078714206677342,1828834,21,21,17651682116126548768,17651682116126548768
15,LP-E,20260918,2200,7,measure,121,stride_17,786432,1048576,91751,13665940058119339439,2087254,21,21,10126754412211233929,10126754412211233929
15,LP-E,20260918,2201,7,measure,122,pair_same_line,49152,1048576,5930,3298912804769094230,2315497,21,21,1398316046358877979,1398316046358877979
15,LP-E,20260918,2202,7,measure,123,stride_1_bis,1048576,1048576,34011,16255552698097820272,1832307,21,21,8797231230870489880,8797231230870489880
15,LP-E,20260918,2203,7,measure,124,stride_17,33554432,1048576,4090525,10750718424628435024,28995028,21,21,7535429262717077219,7535429262717077219
15,LP-E,20260918,2204,7,measure,125,pair_split_line,201326592,1048576,15501793,17035144424583126888,95747250,21,21,2387434426928432792,2387434426928432792
15,LP-E,20260918,2205,7,measure,126,stride_1,49152,1048576,3547,7978349046827293517,1814457,21,21,13845086965112039890,13845086965112039890
15,LP-E,20260918,2206,7,measure,127,random,25165824,1048576,1007769,16580193807152711955,30710408,21,21,3292687278161891160,3292687278161891160
15,LP-E,20260918,2207,7,measure,128,stride_1,201326592,1048576,3055346,620921760363623241,3176237,21,21,14526651776328139950,14526651776328139950
15,LP-E,20260918,2208,7,measure,129,pair_split_line,6144,1048576,172,8624999397304438943,2328149,21,21,12106422887188736069,12106422887188736069
15,LP-E,20260918,2209,7,measure,130,pair_same_line,6291456,1048576,707401,12606765162869358716,31369953,21,21,17191525758681567479,17191525758681567479
15,LP-E,20260918,2210,7,measure,131,stride_4097,32768,1048576,3815,8719574583195969025,1810072,21,21,10598541984122395648,10598541984122395648
15,LP-E,20260918,2211,7,measure,132,stride_1_bis,100663296,1048576,7329567,1426812861531970159,2606586,21,21,10331784414775111857,10331784414775111857
15,LP-E,20260918,2212,7,measure,133,stride_1,786432,1048576,41331,15274284047956324588,1903547,21,21,3328889039909453228,3328889039909453228
15,LP-E,20260918,2213,7,measure,134,stride_1_double,32768,2097152,824,11254507960570387479,3588317,21,21,2750339894535239680,2750339894535239680
15,LP-E,20260918,2214,7,measure,135,pair_split_line,25165824,1048576,2341646,14934150300545481014,61530364,21,21,6829884440985992078,6829884440985992078
15,LP-E,20260918,2215,7,measure,136,pair_split_line,786432,1048576,59995,10419188122885713656,3388822,21,21,2602051106238253123,2602051106238253123
15,LP-E,20260918,2216,7,measure,137,stride_513,6291456,1048576,778805,12691211557744402894,13562289,21,21,8960868997562969188,8960868997562969188
15,LP-E,20260918,2217,7,measure,138,pair_split_line,196608,1048576,3903,2537273993245394296,2752926,21,21,16431614499761061579,16431614499761061579
15,LP-E,20260918,2218,7,measure,139,pair_split_line,131072,1048576,9567,6189995615941942715,2620460,21,21,5381553593721616254,5381553593721616254
15,LP-E,20260918,2219,7,measure,140,stride_4097,33554432,1048576,2938313,14546156941360389965,18197945,21,21,9587563460175916522,9587563460175916522
15,LP-E,20260918,2220,7,measure,141,stride_513,196608,1048576,2821,4463665206532126182,1909952,21,21,2303624161942002560,2303624161942002560
15,LP-E,20260918,2221,7,measure,142,stride_17,50331648,1048576,2719313,2307037501653241479,28484868,21,21,1828283323065278941,1828283323065278941
15,LP-E,20260918,2222,7,measure,143,pair_same_line,16384,1048576,199,10029996457230237807,2244026,21,21,3396703377840873012,3396703377840873012
15,LP-E,20260918,2223,7,measure,144,stride_513,6144,1048576,387,18214938183497717367,1793275,21,21,6498767571919667200,6498767571919667200
15,LP-E,20260918,2224,7,measure,145,stride_513,4194304,1048576,213827,1011914408454308695,12410687,21,21,12406089252390561320,12406089252390561320
15,LP-E,20260918,2225,7,measure,146,stride_1_bis,2097152,1048576,62372,8824373718207392498,2337981,21,21,14577075130308765988,14577075130308765988
15,LP-E,20260918,2226,7,measure,147,stride_17,100663296,1048576,674272,5753153613031368290,27740394,21,21,3631740636564256970,3631740636564256970
15,LP-E,20260918,2227,7,measure,148,stride_513,32768,1048576,1815,5140328681916377141,1841624,21,21,10598541984122395648,10598541984122395648
15,LP-E,20260918,2228,7,measure,149,pair_split_line,268435456,1048576,3665103,12503150734388324839,110935848,21,21,13531161883284417879,13531161883284417879
15,LP-E,20260918,2229,7,measure,150,pair_same_line,4194304,1048576,347392,33343997331314017,30301848,21,21,10707346468188623900,10707346468188623900
15,LP-E,20260918,2230,7,measure,151,stride_513,25165824,1048576,1374105,10293349097013793533,32502508,21,21,1003168821508743228,1003168821508743228
15,LP-E,20260918,2231,7,measure,152,stride_4097,8192,1048576,912,14399949271111066333,1813228,21,21,116592947459441664,116592947459441664
15,LP-E,20260918,2232,7,measure,153,random,196608,1048576,8516,10075788794405338082,1833156,21,21,7372005903960176455,7372005903960176455
15,LP-E,20260918,2233,7,measure,154,stride_513,786432,1048576,55528,17863381971112029245,2096841,21,21,16022285928360536512,16022285928360536512
15,LP-E,20260918,2234,7,measure,155,pair_same_line,50331648,1048576,2748562,11267993616922646312,37167294,21,21,15808862591287850595,15808862591287850595
15,LP-E,20260918,2235,7,measure,156,stride_1_double,2097152,2097152,123101,10470717888009392095,5224921,21,21,10707406186907980360,10707406186907980360
15,LP-E,20260918,2236,7,measure,157,pair_split_line,98304,1048576,3174,14791563560162686767,2652224,21,21,1330791123579586041,1330791123579586041
15,LP-E,20260918,2237,7,measure,158,stride_1_double,262144,2097152,28745,8964171669264859831,3617667,21,21,6505518311671377408,6505518311671377408
15,LP-E,20260918,2238,7,measure,159,stride_4097,1048576,1048576,38679,5214608145860511918,2667976,21,21,8797231230870489880,8797231230870489880
15,LP-E,20260918,2239,7,measure,160,pair_split_line,32768,1048576,2945,15402434609036105367,2369674,21,21,4873611206893830058,4873611206893830058
15,LP-E,20260918,2240,7,measure,161,stride_17,1048576,1048576,63915,3912403660511144452,3308096,21,21,8797231230870489880,8797231230870489880
15,LP-E,20260918,2241,7,measure,162,stride_513,201326592,1048576,17859912,2665136668428878751,17860132,21,21,4831528144461878553,4831528144461878553
15,LP-E,20260918,2242,7,measure,163,stride_1_double,131072,2097152,8528,19007508442710314,3600439,21,21,15396081144520084480,15396081144520084480
15,LP-E,20260918,2243,7,measure,164,stride_513,131072,1048576,842,450082607986861716,1848510,21,21,16921412609114818048,16921412609114818048
15,LP-E,20260918,2244,7,measure,165,pair_split_line,8388608,1048576,463093,2694334276026935101,37612731,21,21,4064970140285566013,4064970140285566013
15,LP-E,20260918,2245,7,measure,166,stride_1_bis,4194304,1048576,486425,3987865340086853015,2226523,21,21,12406089252390561320,12406089252390561320
15,LP-E,20260918,2246,7,measure,167,stride_513,8388608,1048576,880763,11288132551089818636,14693151,21,21,18303280461608560459,18303280461608560459
15,LP-E,20260918,2247,7,measure,168,random,201326592,1048576,17136522,11455969079646692768,40830840,21,21,1744837149998168718,1744837149998168718
15,LP-E,20260918,2248,7,measure,169,pair_same_line,1048576,1048576,42876,2019842194133835575,3764086,21,21,10027087619449799440,10027087619449799440
15,LP-E,20260918,2249,7,measure,170,pair_split_line,67108864,1048576,6917066,15713591644382490095,68016534,21,21,10030274760609625976,10030274760609625976
15,LP-E,20260918,2250,7,measure,171,pair_same_line,98304,1048576,8076,8400618718670589018,2483467,21,21,6348254150271438218,6348254150271438218
15,LP-E,20260918,2251,7,measure,172,stride_1_double,134217728,2097152,11249927,13002844137613390725,5151371,21,21,3385407750613416490,3385407750613416490
15,LP-E,20260918,2252,7,measure,173,pair_same_line,524288,1048576,29620,9305229182475376910,3277703,21,21,11409717927104123337,11409717927104123337
15,LP-E,20260918,2253,7,measure,174,stride_1_bis,3145728,1048576,261778,10594224872256836190,2539922,21,21,11848727612206598946,11848727612206598946
15,LP-E,20260918,2254,7,measure,175,random,65536,1048576,4724,5280669214696258558,1723517,21,21,6113451684207438995,6113451684207438995
15,LP-E,20260918,2255,7,measure,176,pair_same_line,393216,1048576,10476,7548195054221340800,2574076,21,21,4247917803433214686,4247917803433214686
15,LP-E,20260918,2256,7,measure,177,stride_4097,65536,1048576,4137,2905436118833330466,1892500,21,21,16423878549329276288,16423878549329276288
15,LP-E,20260918,2257,7,measure,178,stride_513,12288,1048576,1264,5841646977719031523,1799487,21,21,3776769180852905984,3776769180852905984
15,LP-E,20260918,2258,7,measure,179,stride_1,524288,1048576,48241,15636873050998391098,1802114,21,21,10061883979847375520,10061883979847375520
15,LP-E,20260918,2259,7,measure,180,stride_1_double,50331648,2097152,5924994,1626538370957777593,5166775,21,21,17212221329273120458,17212221329273120458
15,LP-E,20260918,2260,7,measure,181,pair_same_line,201326592,1048576,16075881,10809545145709066652,42606514,21,21,8980713972767369291,8980713972767369291
15,LP-E,20260918,2261,7,measure,182,stride_513,1572864,1048576,86832,9419832534582725479,4486843,21,21,15346159349426821392,15346159349426821392
15,LP-E,20260918,2262,7,measure,183,stride_1_bis,786432,1048576,10579,4425994816109462788,1806875,21,21,11337230949212372047,11337230949212372047
15,LP-E,20260918,2263,7,measure,184,random,4194304,1048576,209644,12407778704743536306,22236959,21,21,1658509593239845913,1658509593239845913
15,LP-E,20260918,2264,7,measure,185,stride_4097,100663296,1048576,10105439,5212257078785340358,21341718,21,21,18407179390671549828,18407179390671549828
15,LP-E,20260918,2265,7,measure,186,stride_4097,196608,1048576,20624,13204386841764836299,1919680,21,21,8207572176999912134,8207572176999912134
15,LP-E,20260918,2266,7,measure,187,stride_4097,1572864,1048576,32822,17664521219282074703,3350646,21,21,16228226988666611464,16228226988666611464
15,LP-E,20260918,2267,7,measure,188,pair_split_line,3145728,1048576,225911,6102196823447816522,33357706,21,21,11796291824274012777,11796291824274012777
15,LP-E,20260918,2268,7,measure,189,stride_17,196608,1048576,4847,2216151218683130142,1901085,21,21,7012651217506548117,7012651217506548117
15,LP-E,20260918,2269,7,measure,190,stride_1_double,12288,2097152,465,12576571281364156252,3579635,21,21,14772609648844198707,14772609648844198707
15,LP-E,20260918,2270,7,measure,191,random,2097152,1048576,230441,2645232946355376511,15913038,21,21,11474034100067361715,11474034100067361715
15,LP-E,20260918,2271,7,measure,192,stride_1,16384,1048576,997,13161511940868870228,1808822,21,21,9548053087369131008,9548053087369131008
15,LP-E,20260918,2272,7,measure,193,stride_513,4096,1048576,393,6815432976294535878,1790750,21,21,8154595385843253248,8154595385843253248
15,LP-E,20260918,2273,7,measure,194,stride_1,32768,1048576,1916,14808068403092795680,1797367,21,21,10598541984122395648,10598541984122395648
15,LP-E,20260918,2274,7,measure,195,stride_4097,12582912,1048576,108702,8856737921167083044,14069604,21,21,8496690145310001475,8496690145310001475
15,LP-E,20260918,2275,7,measure,196,stride_1_double,8192,2097152,734,1161865747858344869,3585694,21,21,233185894918883328,233185894918883328
15,LP-E,20260918,2276,7,measure,197,stride_1,262144,1048576,1238,6691618420367831050,1820032,21,21,3252759155835688704,3252759155835688704
15,LP-E,20260918,2277,7,measure,198,random,131072,1048576,1478,4195160248605348803,1746327,21,21,7761295925191895867,7761295925191895867
15,LP-E,20260918,2278,7,measure,199,pair_same_line,268435456,1048576,10146671,12710887373037196986,51355368,21,21,10665984011900575205,10665984011900575205
15,LP-E,20260918,2279,7,measure,200,random,50331648,1048576,5523687,15158585462558790700,33918744,21,21,2979838578565787633,2979838578565787633
15,LP-E,20260918,2280,7,measure,201,stride_1_double,33554432,2097152,167646,16033060676213354758,5237102,21,21,2514753222160971636,2514753222160971636
15,LP-E,20260918,2281,7,measure,202,pair_same_line,8388608,1048576,1025438,17289532285519082185,30743829,21,21,17783835197243597526,17783835197243597526
15,LP-E,20260918,2282,7,measure,203,stride_1_double,16777216,2097152,1638189,10137863060730326193,5204168,21,21,12841062978479921428,12841062978479921428
15,LP-E,20260918,2283,7,measure,204,random,24576,1048576,313,18304674486476086114,1691784,21,21,11916757837973790766,11916757837973790766
15,LP-E,20260918,2284,7,measure,205,stride_4097,4096,1048576,371,12480386088226088153,1798583,21,21,8154595385843253248,8154595385843253248
15,LP-E,20260918,2285,7,measure,206,stride_4097,24576,1048576,1491,15985521925526795043,1823713,21,21,2226043285221535821,2226043285221535821
15,LP-E,20260918,2286,7,measure,207,stride_513,100663296,1048576,10352159,3766359677372752361,31497715,21,21,10042241180013786592,10042241180013786592
15,LP-E,20260918,2287,7,measure,208,stride_1,4096,1048576,408,362086006892461044,1817063,21,21,8154595385843253248,8154595385843253248
15,LP-E,20260918,2288,7,measure,209,stride_1_double,393216,2097152,28557,16670591064407950256,3630999,21,21,5072262696983686132,5072262696983686132
15,LP-E,20260918,2289,7,measure,210,stride_1_bis,32768,1048576,829,6253304629518717703,1787254,21,21,10598541984122395648,10598541984122395648
15,LP-E,20260918,2290,7,measure,211,stride_1,268435456,1048576,15834079,12211021401042115480,2609153,21,21,9987011604056782120,9987011604056782120
15,LP-E,20260918,2291,7,measure,212,stride_4097,49152,1048576,17,15109002391728667307,1867878,21,21,7928545607886191122,7928545607886191122
15,LP-E,20260918,2292,7,measure,213,stride_1_double,6144,2097152,314,10531819286894443868,3591848,21,21,16680253505482395007,16680253505482395007
15,LP-E,20260918,2293,7,measure,214,pair_same_line,3145728,1048576,296859,6863841159010851558,27424140,21,21,17993386734974020937,17993386734974020937
15,LP-E,20260918,2294,7,measure,215,pair_split_line,2097152,1048576,256209,1678204511535447143,24491159,21,21,6212019217106848564,6212019217106848564
15,LP-E,20260918,2295,7,measure,216,pair_split_line,12288,1048576,1420,11767521826788965662,2336201,21,21,12612096135967520201,12612096135967520201
15,LP-E,20260918,2296,7,measure,217,stride_1_double,65536,2097152,3442,15898482800905977670,3585576,21,21,14401013024949000960,14401013024949000960
15,LP-E,20260918,2297,7,measure,218,random,16777216,1048576,658988,10859249168849048814,27666151,21,21,3913394884510365386,3913394884510365386
15,LP-E,20260918,2298,7,measure,219,pair_split_line,1048576,1048576,119650,15999152497603673267,3622178,21,21,5620537651348010262,5620537651348010262
15,LP-E,20260918,2299,7,measure,220,stride_17,268435456,1048576,299239,18291365001613084015,27861795,21,21,15592390019303565011,15592390019303565011
15,LP-E,20260918,2300,7,measure,221,stride_513,393216,1048576,27676,3798079847635396585,2039941,21,21,14847694413740558592,14847694413740558592
15,LP-E,20260918,2301,7,measure,222,stride_17,12582912,1048576,1465975,14171619503746169354,27537953,21,21,6609550940143561080,6609550940143561080
15,LP-E,20260918,2302,7,measure,223,stride_1_double,1048576,2097152,127713,13772431961999653844,3734624,21,21,17594462461740979760,17594462461740979760
15,LP-E,20260918,2303,7,measure,224,stride_1_bis,98304,1048576,7682,16396853941769616772,1789259,21,21,6342382609252704685,6342382609252704685
15,LP-E,20260918,2304,7,measure,225,random,6291456,1048576,436912,1145085108180720069,22889272,21,21,12943685860797474383,12943685860797474383
15,LP-E,20260918,2305,7,measure,226,stride_17,25165824,1048576,2694315,17544155657286794240,27523706,21,21,7967321285699701472,7967321285699701472
15,LP-E,20260918,2306,7,measure,227,stride_1_bis,4096,1048576,470,2011467659017387333,1808217,21,21,8154595385843253248,8154595385843253248
15,LP-E,20260918,2307,7,measure,228,stride_513,50331648,1048576,2484497,14210249093348740681,31116964,21,21,17531284917848601311,17531284917848601311
15,LP-E,20260918,2308,7,measure,229,random,1572864,1048576,164108,18132204434713400400,4863845,21,21,8441678732204175608,8441678732204175608
15,LP-E,20260918,2309,7,measure,230,stride_1_bis,201326592,1048576,9550816,14082461195518993386,2558573,21,21,2699683267234618396,2699683267234618396
15,LP-E,20260918,2310,7,measure,231,random,33554432,1048576,2313165,6400757553171200058,30345519,21,21,10209725788153245260,10209725788153245260
15,LP-E,20260918,2311,7,measure,232,random,67108864,1048576,546359,14056234801832303094,32868251,21,21,8873127621948559702,8873127621948559702
15,LP-E,20260918,2312,7,measure,233,pair_split_line,8192,1048576,513,3834745616766093752,2322102,21,21,10308789302762711724,10308789302762711724
15,LP-E,20260918,2313,7,measure,234,stride_513,24576,1048576,1932,7724642473224594490,1793322,21,21,15675031744929201152,15675031744929201152
15,LP-E,20260918,2314,7,measure,235,stride_17,12288,1048576,455,6620236072138974381,1789873,21,21,1563177270626828082,1563177270626828082
15,LP-E,20260918,2315,7,measure,236,stride_1_bis,8192,1048576,17,18338250320627630746,1784428,21,21,116592947459441664,116592947459441664
15,LP-E,20260918,2316,7,measure,237,stride_1_bis,12288,1048576,581,9835731466498353921,1788822,21,21,4334519605768118579,4334519605768118579
15,LP-E,20260918,2317,7,measure,238,stride_1,12582912,1048576,228313,6023424749838403022,2588656,21,21,2193159015781719194,2193159015781719194
15,LP-E,20260918,2318,7,measure,239,stride_17,4194304,1048576,438836,6551792439367254061,26572663,21,21,12406089252390561320,12406089252390561320
15,LP-E,20260918,2319,7,measure,240,stride_4097,12288,1048576,746,4660440821289432261,1808419,21,21,5025058110117086755,5025058110117086755
15,LP-E,20260918,2320,7,measure,241,pair_same_line,67108864,1048576,2349266,1144525011331105821,35790405,21,21,4199304711340432271,4199304711340432271
15,LP-E,20260918,2321,7,measure,242,pair_split_line,49152,1048576,1451,3572512350066402530,2523920,21,21,17104965445583581916,17104965445583581916
15,LP-E,20260918,2322,7,measure,243,stride_1_double,786432,2097152,4133,15446867617149141898,3668690,21,21,2122502896496207588,2122502896496207588
15,LP-E,20260918,2323,7,measure,244,stride_17,3145728,1048576,247797,11993041044726400835,19945633,21,21,13139202925898546136,13139202925898546136
15,LP-E,20260918,2324,7,measure,245,stride_1_bis,25165824,1048576,1914348,6464779127476061636,2577419,21,21,14448117778028565910,14448117778028565910
15,LP-E,20260918,2325,7,measure,246,stride_4097,6291456,1048576,265645,12006463532134620436,13827745,21,21,2387910758372332585,2387910758372332585
15,LP-E,20260918,2326,7,measure,247,stride_17,24576,1048576,1759,15383300377247897262,1811219,21,21,11615142682336342213,11615142682336342213
15,LP-E,20260918,2327,7,measure,248,stride_1_bis,268435456,1048576,31407702,6799039102582045655,2560105,21,21,11680369770326903887,11680369770326903887
15,LP-E,20260918,2328,7,measure,249,stride_513,524288,1048576,22059,4894886101389878290,2061811,21,21,10061883979847375520,10061883979847375520
15,LP-E,20260918,2329,7,measure,250,stride_17,65536,1048576,3250,13440434493707317330,1840165,21,21,16423878549329276288,16423878549329276288
15,LP-E,20260918,2330,7,measure,251,random,12582912,1048576,591195,10824954087170880573,26170816,21,21,13269227069966291626,13269227069966291626
15,LP-E,20260918,2331,7,measure,252,stride_1,24576,1048576,2217,932524210529639037,1801927,21,21,4613027421272044243,4613027421272044243
15,LP-E,20260918,2332,7,measure,253,stride_1_double,6291456,2097152,175885,17846503064232206924,5213559,21,21,10234379500846300180,10234379500846300180
15,LP-E,20260918,2333,7,measure,254,random,524288,1048576,41056,4167214074719099063,2144420,21,21,1856175046710334166,1856175046710334166
15,LP-E,20260918,2334,7,measure,255,pair_split_line,134217728,1048576,12177165,1002386440149625739,74195436,21,21,11604749725012780107,11604749725012780107
15,LP-E,20260918,2335,7,measure,256,pair_same_line,12582912,1048576,1257735,1590701403418736359,31598424,21,21,688045350072759315,688045350072759315
15,LP-E,20260918,2336,7,measure,257,pair_same_line,65536,1048576,6533,9724694852151632131,2410121,21,21,11199479243527214867,11199479243527214867
15,LP-E,20260918,2337,7,measure,258,random,100663296,1048576,7782098,8662218504212232021,34597739,21,21,11221950782875677703,11221950782875677703
15,LP-E,20260918,2338,7,measure,259,pair_same_line,33554432,1048576,3788469,18086062494377719144,33877719,21,21,12460413316956273771,12460413316956273771
15,LP-E,20260918,2339,7,measure,260,stride_1_bis,134217728,1048576,3196971,6182898843016645506,2605322,21,21,7267436388470634670,7267436388470634670
15,LP-E,20260918,2340,7,measure,261,stride_513,3145728,1048576,380604,14393220884337631215,12975812,21,21,11181227820694052192,11181227820694052192
15,LP-E,20260918,2341,7,measure,262,stride_1_double,24576,2097152,2,5145719956123734198,3608416,21,21,7694827668783387846,7694827668783387846
15,LP-E,20260918,2342,7,measure,263,stride_1,1572864,1048576,82396,17331018942532126869,2139056,21,21,8149291077276983395,8149291077276983395
15,LP-E,20260918,2343,7,measure,264,stride_513,12582912,1048576,353657,8254790765953890505,23517210,21,21,446194662936398502,446194662936398502
15,LP-E,20260918,2344,7,measure,265,random,8192,1048576,540,8550582161242087335,1660863,21,21,9319056434818996169,9319056434818996169
15,LP-E,20260918,2345,7,measure,266,stride_1_bis,16384,1048576,1698,2533499150055453458,1795103,21,21,9548053087369131008,9548053087369131008
15,LP-E,20260918,2346,7,measure,267,pair_split_line,24576,1048576,675,2341652548266468808,2324015,21,21,2608573501063111946,2608573501063111946
15,LP-E,20260918,2347,7,measure,268,stride_1_bis,6291456,1048576,453868,16128187082463343906,2663683,21,21,17015935279234703130,17015935279234703130
15,LP-E,20260918,2348,7,measure,269,stride_1,16777216,1048576,491266,6784356216860921212,2661904,21,21,11375948197194676627,11375948197194676627
15,LP-E,20260918,2349,7,measure,270,stride_1_bis,33554432,1048576,2218232,8761443470296306421,2702070,21,21,17261175478455085430,17261175478455085430
15,LP-E,20260918,2350,7,measure,271,pair_split_line,16777216,1048576,1592093,8545523593667188520,56882573,21,21,12259052987090875267,12259052987090875267
15,LP-E,20260918,2351,7,measure,272,random,12288,1048576,303,15088137922632337463,3477853,21,21,876270249330134632,876270249330134632
15,LP-E,20260918,2352,7,measure,273,random,16384,1048576,1286,10060636623762347686,3448341,21,21,6005322332539881701,6005322332539881701
15,LP-E,20260918,2353,7,measure,274,pair_split_line,33554432,1048576,587724,18375159494568014393,66416976,21,21,2978184016722035867,2978184016722035867
15,LP-E,20260918,2354,7,measure,275,random,134217728,1048576,7348923,4956411686875048148,44658093,21,21,7458790788035160060,7458790788035160060
15,LP-E,20260918,2355,7,measure,276,stride_17,98304,1048576,1913,6454283038307665082,3884421,21,21,7063003424619209558,7063003424619209558
15,LP-E,20260918,2356,7,measure,277,stride_1_double,49152,2097152,3271,7357982577452512797,7475908,21,21,17315314043845672187,17315314043845672187
15,LP-E,20260918,2357,7,measure,278,pair_split_line,1572864,1048576,165773,16932224568150144709,10468235,21,21,5100022189874368721,5100022189874368721
15,LP-E,20260918,2358,7,measure,279,stride_4097,4194304,1048576,402383,11422646234592627646,6664307,21,21,12406089252390561320,12406089252390561320
15,LP-E,20260918,2359,7,measure,280,stride_1_bis,8388608,1048576,235054,10654197172764157460,4143007,21,21,18303280461608560459,18303280461608560459
15,LP-E,20260918,2360,7,measure,281,stride_513,262144,1048576,12875,1493717284849789814,3919102,21,21,3252759155835688704,3252759155835688704
15,LP-E,20260918,2361,7,measure,282,stride_17,4096,1048576,420,15344369678455590208,3735094,21,21,8154595385843253248,8154595385843253248
15,LP-E,20260918,2362,7,measure,283,stride_4097,25165824,1048576,2996009,8438917044266143752,25917946,21,21,17482385814432031926,17482385814432031926
15,LP-E,20260918,2363,7,measure,284,stride_513,2097152,1048576,206178,11046701289361487144,11140365,21,21,14577075130308765988,14577075130308765988
15,LP-E,20260918,2364,7,measure,285,pair_same_line,196608,1048576,23400,11446376001383756443,5099141,21,21,8782140142388320281,8782140142388320281
15,LP-E,20260918,2365,7,measure,286,stride_1,25165824,1048576,1282300,17250926823541787080,4103186,21,21,8706585409714767504,8706585409714767504
15,LP-E,20260918,2366,7,measure,287,stride_1_double,1572864,2097152,73595,3588349791600773738,7760796,21,21,9515772481123259382,9515772481123259382
15,LP-E,20260918,2367,7,measure,288,stride_1,50331648,1048576,1977497,16877755095946990859,4123482,21,21,11566958966343348547,11566958966343348547
15,LP-E,20260918,2368,7,measure,289,stride_1,131072,1048576,13639,13858349933772581454,3740532,21,21,16921412609114818048,16921412609114818048
15,LP-E,20260918,2369,7,measure,290,stride_1,2097152,1048576,116835,3207250875124261412,4035616,21,21,14577075130308765988,14577075130308765988
15,LP-E,20260918,2370,7,measure,291,pair_same_line,2097152,1048576,67122,3181743708239913594,22966372,21,21,15969345490031687378,15969345490031687378
15,LP-E,20260918,2371,7,measure,292,pair_same_line,12288,1048576,635,2420925265477384332,4660801,21,21,13588169200931907747,13588169200931907747
15,LP-E,20260918,2372,7,measure,293,random,8388608,1048576,684521,2926655434719508697,25679317,21,21,13699013642702991574,13699013642702991574
15,LP-E,20260918,2373,7,measure,294,pair_split_line,12582912,1048576,881052,11989536602908981323,55632963,21,21,3355155807438514401,3355155807438514401
15,LP-E,20260918,2374,7,measure,295,stride_1_bis,262144,1048576,5907,8863066731849996043,3773189,21,21,3252759155835688704,3252759155835688704
15,LP-E,20260918,2375,7,measure,296,stride_1_double,3145728,2097152,70455,7388655371986921948,8143785,21,21,2183164729913312435,2183164729913312435
15,LP-E,20260918,2376,8,measure,0,stride_17,12288,1048576,191,7816186731496788714,3747433,21,21,8551782629714690545,8551782629714690545
15,LP-E,20260918,2377,8,measure,1,stride_17,268435456,1048576,13102138,15573769201529374143,29293377,21,21,15107194225087524802,15107194225087524802
15,LP-E,20260918,2378,8,measure,2,stride_1,12288,1048576,1392,1394969295199325826,3746360,21,21,1179800396598172921,1179800396598172921
15,LP-E,20260918,2379,8,measure,3,stride_4097,65536,1048576,5514,2355593916676872773,3875228,21,21,16423878549329276288,16423878549329276288
15,LP-E,20260918,2380,8,measure,4,stride_1_double,4194304,2097152,265495,10727619334457996709,8149419,21,21,6365434431071571024,6365434431071571024
15,LP-E,20260918,2381,8,measure,5,stride_1_double,16384,2097152,403,9668943031523751039,7473596,21,21,649362101028710400,649362101028710400
15,LP-E,20260918,2382,8,measure,6,stride_1_bis,12582912,1048576,3629,10852549165526364392,4072679,21,21,1338135995603500948,1338135995603500948
15,LP-E,20260918,2383,8,measure,7,stride_4097,33554432,1048576,2832822,1625142993198117635,35762184,21,21,13759876781010674566,13759876781010674566
15,LP-E,20260918,2384,8,measure,8,stride_513,1572864,1048576,93332,8153735195427352648,6149991,21,21,4152134303135996640,4152134303135996640
15,LP-E,20260918,2385,8,measure,9,stride_17,32768,1048576,820,671721034661244014,3729070,21,21,10598541984122395648,10598541984122395648
15,LP-E,20260918,2386,8,measure,10,stride_1_double,25165824,2097152,1708606,14389604536985334110,8155481,21,21,7654158664366272625,7654158664366272625
15,LP-E,20260918,2387,8,measure,11,stride_513,33554432,1048576,25273,16077531256123828170,33457784,21,21,10528706706964622961,10528706706964622961
15,LP-E,20260918,2388,8,measure,12,pair_same_line,100663296,1048576,12104159,18196906600120166111,47104546,21,21,11074373375668243580,11074373375668243580
15,LP-E,20260918,2389,8,measure,13,stride_1,2097152,1048576,48012,6785012538399901633,3798700,21,21,14577075130308765988,14577075130308765988
15,LP-E,20260918,2390,8,measure,14,random,4096,1048576,16,16476373142478204916,3186861,21,21,5688113472869978058,5688113472869978058
15,LP-E,20260918,2391,8,measure,15,stride_1_bis,98304,1048576,437,8930581348275466407,3450823,21,21,1764727796466606808,1764727796466606808
15,LP-E,20260918,2392,8,measure,16,random,393216,1048576,36053,12857658846839815770,3149965,21,21,497682089036923477,497682089036923477
15,LP-E,20260918,2393,8,measure,17,random,67108864,1048576,8144752,15453773308904945280,31608286,21,21,5928984256109862378,5928984256109862378
15,LP-E,20260918,2394,8,measure,18,stride_1_double,268435456,2097152,3320646,3843208142979312674,6361816,21,21,3583482285425732838,3583482285425732838
15,LP-E,20260918,2395,8,measure,19,pair_same_line,393216,1048576,24669,1270384726081258014,3550406,21,21,16809335096559955929,16809335096559955929
15,LP-E,20260918,2396,8,measure,20,stride_4097,8192,1048576,289,9482467310657475285,2235363,21,21,116592947459441664,116592947459441664
15,LP-E,20260918,2397,8,measure,21,stride_4097,16384,1048576,595,14489436338758897523,2168033,21,21,9548053087369131008,9548053087369131008
15,LP-E,20260918,2398,8,measure,22,pair_split_line,1572864,1048576,69027,621229706392565024,7723734,21,21,14918968018070046373,14918968018070046373
15,LP-E,20260918,2399,8,measure,23,pair_split_line,32768,1048576,2262,12967325875185787044,2541613,21,21,7819637316292237325,7819637316292237325
15,LP-E,20260918,2400,8,measure,24,stride_17,67108864,1048576,7208265,4019213904047126700,27693589,21,21,6298744626052762230,6298744626052762230
15,LP-E,20260918,2401,8,measure,25,stride_1_double,12288,2097152,1411,12822447376603209988,3590755,21,21,10429871827729311027,10429871827729311027
15,LP-E,20260918,2402,8,measure,26,stride_4097,16777216,1048576,517360,5414512167066970670,20087216,21,21,6980772463722515749,6980772463722515749
15,LP-E,20260918,2403,8,measure,27,random,1572864,1048576,55988,10462905637374252560,5950254,21,21,3673730787495472436,3673730787495472436
15,LP-E,20260918,2404,8,measure,28,stride_513,49152,1048576,2192,4365512164135580922,3103247,21,21,1303108010804061184,1303108010804061184
15,LP-E,20260918,2405,8,measure,29,stride_1,3145728,1048576,5013,2511906246000551514,3304806,21,21,1932341620945456483,1932341620945456483
15,LP-E,20260918,2406,8,measure,30,stride_17,2097152,1048576,18684,10812252266615131481,10921542,21,21,14577075130308765988,14577075130308765988
15,LP-E,20260918,2407,8,measure,31,random,268435456,1048576,12602574,4270652563194052898,49506993,21,21,17158240578528958787,17158240578528958787
15,LP-E,20260918,2408,8,measure,32,stride_1_double,393216,2097152,22880,5882845801889989378,3644605,21,21,15675096260933159589,15675096260933159589
15,LP-E,20260918,2409,8,measure,33,pair_same_line,134217728,1048576,5561798,4242762310591331897,39466451,21,21,6713399072111757053,6713399072111757053
15,LP-E,20260918,2410,8,measure,34,pair_split_line,201326592,1048576,11612940,2464760509784059910,89780323,21,21,718675863796177934,718675863796177934
15,LP-E,20260918,2411,8,measure,35,stride_1_double,6144,2097152,131,15379311327184861086,3587122,21,21,9468803578961730155,9468803578961730155
15,LP-E,20260918,2412,8,measure,36,pair_split_line,196608,1048576,4141,9963529057765224532,2768490,21,21,8573158759690184027,8573158759690184027
15,LP-E,20260918,2413,8,measure,37,stride_1_double,49152,2097152,1057,6578445948233252625,3589120,21,21,6366289766407455911,6366289766407455911
15,LP-E,20260918,2414,8,measure,38,stride_17,1572864,1048576,128397,1066385360225750291,3471516,21,21,2483513081971781540,2483513081971781540
15,LP-E,20260918,2415,8,measure,39,stride_513,100663296,1048576,11813677,1687142933048399049,31362449,21,21,11989807998100224097,11989807998100224097
15,LP-E,20260918,2416,8,measure,40,stride_4097,49152,1048576,1088,3301985990251940845,1864936,21,21,5840114900503671912,5840114900503671912
15,LP-E,20260918,2417,8,measure,41,stride_1_bis,8388608,1048576,701123,5603313800760604918,2546207,21,21,18303280461608560459,18303280461608560459
15,LP-E,20260918,2418,8,measure,42,pair_same_line,4096,1048576,53,18331668854560350101,2235270,21,21,8932853471506428442,8932853471506428442
15,LP-E,20260918,2419,8,measure,43,pair_split_line,100663296,1048576,4719893,13487426568948541832,71438893,21,21,4097221651460980390,4097221651460980390
15,LP-E,20260918,2420,8,measure,44,stride_513,4096,1048576,362,18051424848373641457,1802868,21,21,8154595385843253248,8154595385843253248
15,LP-E,20260918,2421,8,measure,45,pair_split_line,6144,1048576,593,9952108779352310972,2322102,21,21,15181037820275779067,15181037820275779067
15,LP-E,20260918,2422,8,measure,46,stride_4097,393216,1048576,30185,6243784393096651664,1923926,21,21,11721070563798829655,11721070563798829655
15,LP-E,20260918,2423,8,measure,47,stride_1_bis,6291456,1048576,619760,13403693615380664015,2555815,21,21,1680738718617679892,1680738718617679892
15,LP-E,20260918,2424,8,measure,48,stride_17,6144,1048576,238,7787735778806339061,1815020,21,21,9505757549310889831,9505757549310889831
15,LP-E,20260918,2425,8,measure,49,random,50331648,1048576,3360577,9475104227966098155,32244161,21,21,16927064166606046721,16927064166606046721
15,LP-E,20260918,2426,8,measure,50,stride_1,1572864,1048576,162955,7296812263753600585,2170026,21,21,11415187518437030350,11415187518437030350
15,LP-E,20260918,2427,8,measure,51,pair_split_line,50331648,1048576,2267967,8386374144333598344,65630792,21,21,8327087472046832633,8327087472046832633
15,LP-E,20260918,2428,8,measure,52,stride_1_bis,49152,1048576,362,12963323856299690672,1815373,21,21,2622237878492250942,2622237878492250942
15,LP-E,20260918,2429,8,measure,53,pair_same_line,6291456,1048576,298419,3297766762312072768,30313541,21,21,16230432558543652993,16230432558543652993
15,LP-E,20260918,2430,8,measure,54,pair_split_line,24576,1048576,1986,9267537228868352542,2351304,21,21,9509010549799388238,9509010549799388238
15,LP-E,20260918,2431,8,measure,55,stride_1,1048576,1048576,41518,7368365220382591061,1945635,21,21,8797231230870489880,8797231230870489880
15,LP-E,20260918,2432,8,measure,56,pair_split_line,16384,1048576,578,462927177735020205,2387989,21,21,16689209553946212328,16689209553946212328
15,LP-E,20260918,2433,8,measure,57,stride_1_double,67108864,2097152,7421817,16512077494769929270,5323838,21,21,9513687770049315539,9513687770049315539
15,LP-E,20260918,2434,8,measure,58,stride_513,50331648,1048576,2648729,9959451963301635929,32236866,21,21,4411498025665348502,4411498025665348502
15,LP-E,20260918,2435,8,measure,59,stride_1_bis,65536,1048576,8140,7091519008312220720,1804081,21,21,16423878549329276288,16423878549329276288
15,LP-E,20260918,2436,8,measure,60,pair_split_line,1048576,1048576,73811,16922701602221532633,3607885,21,21,1915768015462971503,1915768015462971503
15,LP-E,20260918,2437,8,measure,61,pair_split_line,4096,1048576,296,8359437835301706077,2339083,21,21,15479369997822592044,15479369997822592044
15,LP-E,20260918,2438,8,measure,62,stride_1_double,3145728,2097152,162877,13980082191717848381,5253633,21,21,8620751740856423918,8620751740856423918
15,LP-E,20260918,2439,8,measure,63,stride_1_bis,100663296,1048576,6867268,14921386162248235173,2647798,21,21,9519073272329825796,9519073272329825796
15,LP-E,20260918,2440,8,measure,64,stride_17,6291456,1048576,639739,6047938411444081492,26909100,21,21,14978278760826029948,14978278760826029948
15,LP-E,20260918,2441,8,measure,65,stride_1_double,2097152,2097152,221903,10716080974277059479,4687391,21,21,10707406186907980360,10707406186907980360
15,LP-E,20260918,2442,8,measure,66,pair_same_line,2097152,1048576,141113,14953100220411200058,19726578,21,21,16654541869021930,16654541869021930
15,LP-E,20260918,2443,8,measure,67,stride_4097,1048576,1048576,68637,7648861961060507975,2037678,21,21,8797231230870489880,8797231230870489880
15,LP-E,20260918,2444,8,measure,68,stride_1_bis,16384,1048576,139,14894503021782021932,1783856,21,21,9548053087369131008,9548053087369131008
15,LP-E,20260918,2445,8,measure,69,stride_513,786432,1048576,1085,14774256936182867273,1861322,21,21,13192199103146003808,13192199103146003808
15,LP-E,20260918,2446,8,measure,70,pair_same_line,25165824,1048576,1427316,11730832443256159313,33159959,21,21,10744986976848101347,10744986976848101347
15,LP-E,20260918,2447,8,measure,71,stride_4097,4096,1048576,17,6911236575381311390,1804956,21,21,8154595385843253248,8154595385843253248
15,LP-E,20260918,2448,8,measure,72,random,49152,1048576,5617,5228137813946453847,1719999,21,21,7415444614556170796,7415444614556170796
15,LP-E,20260918,2449,8,measure,73,stride_1_bis,524288,1048576,8980,16010211010037954276,1838670,21,21,10061883979847375520,10061883979847375520
15,LP-E,20260918,2450,8,measure,74,stride_513,262144,1048576,3826,2365272945489800187,1839442,21,21,3252759155835688704,3252759155835688704
15,LP-E,20260918,2451,8,measure,75,pair_same_line,8388608,1048576,320398,14918970952552855875,30561111,21,21,16307064285181881893,16307064285181881893
15,LP-E,20260918,2452,8,measure,76,stride_513,4194304,1048576,268762,3996744994593544427,12495822,21,21,12406089252390561320,12406089252390561320
15,LP-E,20260918,2453,8,measure,77,pair_split_line,786432,1048576,46934,4493966158181940960,3365767,21,21,6405182521057495390,6405182521057495390
15,LP-E,20260918,2454,8,measure,78,stride_4097,786432,1048576,60879,17852912856188632790,1868642,21,21,17414134941325055243,17414134941325055243
15,LP-E,20260918,2455,8,measure,79,stride_1_bis,786432,1048576,51077,16987211464279102517,1794004,21,21,2132793321617060844,2132793321617060844
15,LP-E,20260918,2456,8,measure,80,stride_1,8192,1048576,192,15997323258794956104,1808490,21,21,116592947459441664,116592947459441664
15,LP-E,20260918,2457,8,measure,81,random,134217728,1048576,5916747,14680734875366405614,36219803,21,21,7093676517407658913,7093676517407658913
15,LP-E,20260918,2458,8,measure,82,stride_1_bis,393216,1048576,35148,15079309275359045172,1842243,21,21,5711670090096325837,5711670090096325837
15,LP-E,20260918,2459,8,measure,83,stride_513,16777216,1048576,1029114,16593372965416687355,30609722,21,21,10489030265315390571,10489030265315390571
15,LP-E,20260918,2460,8,measure,84,stride_17,16384,1048576,1870,3820033698992101510,1800217,21,21,9548053087369131008,9548053087369131008
15,LP-E,20260918,2461,8,measure,85,pair_split_line,65536,1048576,3364,534487587806083193,2586402,21,21,11205955026587418538,11205955026587418538
15,LP-E,20260918,2462,8,measure,86,pair_split_line,268435456,1048576,24188482,6405545208352021152,104748125,21,21,8266194286632475025,8266194286632475025
15,LP-E,20260918,2463,8,measure,87,pair_split_line,25165824,1048576,2924160,6878482687274291662,58628252,21,21,7427728512420543975,7427728512420543975
15,LP-E,20260918,2464,8,measure,88,stride_1,67108864,1048576,5939381,9870231723243065821,2594919,21,21,14513908759278814970,14513908759278814970
15,LP-E,20260918,2465,8,measure,89,pair_same_line,16777216,1048576,1627526,6132005554937084654,32769110,21,21,14813515378700433844,14813515378700433844
15,LP-E,20260918,2466,8,measure,90,stride_1_double,1572864,2097152,51397,5154377879685597955,4037828,21,21,15492951712158214094,15492951712158214094
15,LP-E,20260918,2467,8,measure,91,pair_same_line,98304,1048576,4650,6182913036694507360,2403278,21,21,16741631679091891832,16741631679091891832
15,LP-E,20260918,2468,8,measure,92,stride_1_double,65536,2097152,6705,2969675047263339426,3579004,21,21,14401013024949000960,14401013024949000960
15,LP-E,20260918,2469,8,measure,93,stride_1,196608,1048576,7416,15761029620588029594,1801583,21,21,16290864247338562625,16290864247338562625
15,LP-E,20260918,2470,8,measure,94,stride_17,98304,1048576,6643,3644541387860405000,1843298,21,21,16981815747983477777,16981815747983477777
15,LP-E,20260918,2471,8,measure,95,stride_1,16384,1048576,1680,15251483469215306575,1806261,21,21,9548053087369131008,9548053087369131008
15,LP-E,20260918,2472,8,measure,96,random,16384,1048576,669,14538261072121576287,1645789,21,21,16142722632032706516,16142722632032706516
15,LP-E,20260918,2473,8,measure,97,stride_513,268435456,1048576,19420551,8215306436235271204,32349039,21,21,7350855106359805285,7350855106359805285
15,LP-E,20260918,2474,8,measure,98,stride_1_bis,50331648,1048576,1316150,13371719970218099772,2665192,21,21,2811761446026669658,2811761446026669658
15,LP-E,20260918,2475,8,measure,99,stride_1,8388608,1048576,808282,17075258038753587051,2586375,21,21,18303280461608560459,18303280461608560459
15,LP-E,20260918,2476,8,measure,100,stride_17,33554432,1048576,3517290,16530317506934363121,27767648,21,21,7571244876869420096,7571244876869420096
15,LP-E,20260918,2477,8,measure,101,stride_1_bis,262144,1048576,24186,12078705424958930423,1811867,21,21,3252759155835688704,3252759155835688704
15,LP-E,20260918,2478,8,measure,102,stride_17,50331648,1048576,2706327,16058228996247480325,28272362,21,21,15031093940497574594,15031093940497574594
15,LP-E,20260918,2479,8,measure,103,stride_4097,262144,1048576,12297,9759352848455855956,1916284,21,21,3252759155835688704,3252759155835688704
15,LP-E,20260918,2480,8,measure,104,pair_same_line,201326592,1048576,24915707,11442950391861834881,39577048,21,21,1873454451637270045,1873454451637270045
15,LP-E,20260918,2481,8,measure,105,stride_1_bis,32768,1048576,1874,17292733746602008565,1815656,21,21,10598541984122395648,10598541984122395648
15,LP-E,20260918,2482,8,measure,106,stride_4097,24576,1048576,638,11533100235561683609,1822024,21,21,1388634762561029779,1388634762561029779
15,LP-E,20260918,2483,8,measure,107,stride_4097,12582912,1048576,298978,7597695063899698795,14236887,21,21,3716821775395729027,3716821775395729027
15,LP-E,20260918,2484,8,measure,108,stride_4097,201326592,1048576,11430262,2130476404612489343,26113595,21,21,2974658642237081451,2974658642237081451
15,LP-E,20260918,2485,8,measure,109,pair_split_line,49152,1048576,5418,98880931547600881,2545934,21,21,7208411584620794176,7208411584620794176
15,LP-E,20260918,2486,8,measure,110,stride_4097,131072,1048576,812,608717207587170307,1877499,21,21,16921412609114818048,16921412609114818048
15,LP-E,20260918,2487,8,measure,111,stride_1_bis,33554432,1048576,648003,10891486291188361407,2555874,21,21,15995017983658878124,15995017983658878124
15,LP-E,20260918,2488,8,measure,112,stride_1,25165824,1048576,697204,6610644840460727412,2616869,21,21,10198292726973826226,10198292726973826226
15,LP-E,20260918,2489,8,measure,113,stride_1,65536,1048576,8084,11250355068722250946,1815344,21,21,16423878549329276288,16423878549329276288
15,LP-E,20260918,2490,8,measure,114,stride_17,16777216,1048576,922258,9790410037878071395,28075177,21,21,13034870378992873861,13034870378992873861
15,LP-E,20260918,2491,8,measure,115,random,2097152,1048576,202619,15074982012621125982,16592519,21,21,17081786229318216173,17081786229318216173
15,LP-E,20260918,2492,8,measure,116,stride_4097,268435456,1048576,7988997,502105479723053950,26210555,21,21,3304710106554757463,3304710106554757463
15,LP-E,20260918,2493,8,measure,117,pair_split_line,8388608,1048576,1006954,9325825437536536400,47136977,21,21,12953301105249370990,12953301105249370990
15,LP-E,20260918,2494,8,measure,118,stride_1_bis,67108864,1048576,4061454,12920072927385577484,2570924,21,21,15456476578075671920,15456476578075671920
15,LP-E,20260918,2495,8,measure,119,stride_1_double,12582912,2097152,1247521,18254605834564845221,5462887,21,21,9169622430027787941,9169622430027787941
15,LP-E,20260918,2496,8,measure,120,stride_4097,196608,1048576,18798,49991444630447795,1877765,21,21,5762272847135382357,5762272847135382357
15,LP-E,20260918,2497,8,measure,121,stride_17,393216,1048576,35772,5102038684700998120,1873481,21,21,3287254083009978024,3287254083009978024
15,LP-E,20260918,2498,8,measure,122,pair_split_line,134217728,1048576,14819510,927786700508603045,78199506,21,21,3802408977930983114,3802408977930983114
15,LP-E,20260918,2499,8,measure,123,stride_4097,100663296,1048576,8582557,16279360379189224280,21783382,21,21,11720794500093730473,11720794500093730473
15,LP-E,20260918,2500,8,measure,124,stride_1_bis,1048576,1048576,26167,2844402907468155779,2075169,21,21,8797231230870489880,8797231230870489880
15,LP-E,20260918,2501,8,measure,125,random,100663296,1048576,3601823,14076909288334716117,36208078,21,21,18175812151381519202,18175812151381519202
15,LP-E,20260918,2502,8,measure,126,stride_1,786432,1048576,90973,11366449197848983354,1941497,21,21,8273260687230711629,8273260687230711629
15,LP-E,20260918,2503,8,measure,127,random,32768,1048576,974,15840728706904683527,1653647,21,21,2982430912863922935,2982430912863922935
15,LP-E,20260918,2504,8,measure,128,stride_1_bis,196608,1048576,17948,9396363259696029191,1790836,21,21,11743325863815683382,11743325863815683382
15,LP-E,20260918,2505,8,measure,129,stride_1_double,8192,2097152,929,4244008530422518889,3625433,21,21,233185894918883328,233185894918883328
15,LP-E,20260918,2506,8,measure,130,stride_1_bis,1572864,1048576,174032,15307868597341858254,2123876,21,21,7204462018029028487,7204462018029028487
15,LP-E,20260918,2507,8,measure,131,pair_same_line,6144,1048576,437,8540269169555983783,2253068,21,21,9709257306157259134,9709257306157259134
15,LP-E,20260918,2508,8,measure,132,pair_same_line,67108864,1048576,6047555,10686643321004144807,36802357,21,21,12845012813084264497,12845012813084264497
15,LP-E,20260918,2509,8,measure,133,stride_1,32768,1048576,1852,4832829770168332219,1807780,21,21,10598541984122395648,10598541984122395648
15,LP-E,20260918,2510,8,measure,134,pair_split_line,3145728,1048576,213242,18079331806697627910,34173788,21,21,16431290573903458718,16431290573903458718
15,LP-E,20260918,2511,8,measure,135,stride_1_double,4096,2097152,60,15195831623748630975,3617969,21,21,16309190771686506496,16309190771686506496
15,LP-E,20260918,2512,8,measure,136,random,262144,1048576,828,18328437453953455666,1902858,21,21,3705460047055639107,3705460047055639107
15,LP-E,20260918,2513,8,measure,137,stride_1_bis,6144,1048576,448,11574086315449301776,1786653,21,21,10230427264314900179,10230427264314900179
15,LP-E,20260918,2514,8,measure,138,random,8388608,1048576,849250,10444278134259896879,24665711,21,21,5867926646097840896,5867926646097840896
15,LP-E,20260918,2515,8,measure,139,stride_1,393216,1048576,47461,6865849188434464462,1980611,21,21,1454721946045895226,1454721946045895226
15,LP-E,20260918,2516,8,measure,140,stride_17,8192,1048576,285,15504549456427907297,1875382,21,21,116592947459441664,116592947459441664
15,LP-E,20260918,2517,8,measure,141,random,131072,1048576,14125,14068931884302208900,1777678,21,21,5621384631614573696,5621384631614573696
15,LP-E,20260918,2518,8,measure,142,stride_1_double,16777216,2097152,299163,16350715399639809964,5216470,21,21,12841062978479921428,12841062978479921428
15,LP-E,20260918,2519,8,measure,143,stride_513,3145728,1048576,53827,15953481395426932174,13128959,21,21,4696861105486946824,4696861105486946824
15,LP-E,20260918,2520,8,measure,144,stride_1,268435456,1048576,5341720,7704763118582243249,2947084,21,21,6890546680803598332,6890546680803598332
15,LP-E,20260918,2521,8,measure,145,stride_17,100663296,1048576,11846763,1036296770057435980,28283214,21,21,10497372371582787803,10497372371582787803
15,LP-E,20260918,2522,8,measure,146,stride_1_bis,131072,1048576,12698,7507748751203513936,3561558,21,21,16921412609114818048,16921412609114818048
15,LP-E,20260918,2523,8,measure,147,stride_1_bis,268435456,1048576,7452683,6548238197467907350,4122160,21,21,14412180261181327968,14412180261181327968
15,LP-E,20260918,2524,8,measure,148,stride_513,65536,1048576,2535,1677396084552240049,3877893,21,21,16423878549329276288,16423878549329276288
15,LP-E,20260918,2525,8,measure,149,stride_1_double,134217728,2097152,13422890,2320369934973015445,8228635,21,21,14866185571574351819,14866185571574351819
15,LP-E,20260918,2526,8,measure,150,pair_split_line,12582912,1048576,215329,1521486169321098762,56591974,21,21,11040256708456831269,11040256708456831269
15,LP-E,20260918,2527,8,measure,151,pair_same_line,131072,1048576,8397,5295687876648539226,5144764,21,21,9972220445688852322,9972220445688852322
15,LP-E,20260918,2528,8,measure,152,stride_1,98304,1048576,4025,1791475587758755612,3748827,21,21,17962207125124226700,17962207125124226700
15,LP-E,20260918,2529,8,measure,153,stride_1,134217728,1048576,4205228,13822503262447031640,4102008,21,21,3733149695330402727,3733149695330402727
15,LP-E,20260918,2530,8,measure,154,stride_17,4096,1048576,298,17614397973334137810,4055554,21,21,8154595385843253248,8154595385843253248
15,LP-E,20260918,2531,8,measure,155,stride_513,12288,1048576,44,10815451964899189873,3743517,21,21,9502424420678940672,9502424420678940672
15,LP-E,20260918,2532,8,measure,156,random,33554432,1048576,1266640,14943853263738772851,33706461,21,21,3243760052983238408,3243760052983238408
15,LP-E,20260918,2533,8,measure,157,stride_4097,4194304,1048576,450346,2245652447701643639,6586077,21,21,12406089252390561320,12406089252390561320
15,LP-E,20260918,2534,8,measure,158,pair_same_line,1048576,1048576,14898,6262388804601321816,6256855,21,21,15833240534417483281,15833240534417483281
15,LP-E,20260918,2535,8,measure,159,stride_4097,98304,1048576,515,10733459771901312237,3875245,21,21,16397659752858404686,16397659752858404686
15,LP-E,20260918,2536,8,measure,160,stride_1_double,1048576,2097152,173,16365737439058555872,7729317,21,21,17594462461740979760,17594462461740979760
15,LP-E,20260918,2537,8,measure,161,stride_1_double,98304,2097152,8689,4945566630802329186,7520678,21,21,11319333233344388208,11319333233344388208
15,LP-E,20260918,2538,8,measure,162,stride_513,6291456,1048576,521334,15148695933299811823,13913646,21,21,2329185465026963428,2329185465026963428
15,LP-E,20260918,2539,8,measure,163,random,12288,1048576,1253,15511197174532586430,3473772,21,21,8789739534451713814,8789739534451713814
15,LP-E,20260918,2540,8,measure,164,stride_513,16384,1048576,1107,12869247297685293843,3728561,21,21,9548053087369131008,9548053087369131008
15,LP-E,20260918,2541,8,measure,165,stride_1_double,6291456,2097152,767455,3551681471387939466,8401956,21,21,6084562220867144829,6084562220867144829
15,LP-E,20260918,2542,8,measure,166,stride_513,25165824,1048576,89140,6353096887229086362,32103418,21,21,3223166402984098452,3223166402984098452
15,LP-E,20260918,2543,8,measure,167,stride_17,786432,1048576,2320,9541748475713411934,4107895,21,21,12885509795121850356,12885509795121850356
15,LP-E,20260918,2544,8,measure,168,random,1048576,1048576,116273,10993806780713932617,3975644,21,21,8988343628290165476,8988343628290165476
15,LP-E,20260918,2545,8,measure,169,pair_same_line,268435456,1048576,30731009,1276607396656815024,61706478,21,21,5788731822564944520,5788731822564944520
15,LP-E,20260918,2546,8,measure,170,stride_17,12582912,1048576,90101,6239921074825464081,29553217,21,21,15352853786910530114,15352853786910530114
15,LP-E,20260918,2547,8,measure,171,pair_split_line,8192,1048576,773,14855682122313037945,4843269,21,21,13915580594601060585,13915580594601060585
15,LP-E,20260918,2548,8,measure,172,pair_same_line,1572864,1048576,15897,13012863137964975603,8640748,21,21,12883847061286289214,12883847061286289214
15,LP-E,20260918,2549,8,measure,173,stride_1,4194304,1048576,198977,926592712435800657,3804951,21,21,12406089252390561320,12406089252390561320
15,LP-E,20260918,2550,8,measure,174,stride_17,524288,1048576,3597,17976355793252296723,3654573,21,21,10061883979847375520,10061883979847375520
15,LP-E,20260918,2551,8,measure,175,pair_same_line,65536,1048576,6460,10419058712700778871,4272405,21,21,14458558315143439687,14458558315143439687
15,LP-E,20260918,2552,8,measure,176,stride_1,33554432,1048576,3189213,9868078138381138946,3634317,21,21,4893749802732828795,4893749802732828795
15,LP-E,20260918,2553,8,measure,177,stride_17,196608,1048576,464,5954562905128293981,3188145,21,21,11561409729680320708,11561409729680320708
15,LP-E,20260918,2554,8,measure,178,pair_same_line,12582912,1048576,238034,2289774852705840162,32197610,21,21,16247258875552748309,16247258875552748309
15,LP-E,20260918,2555,8,measure,179,stride_513,8192,1048576,450,17845071432063764286,2290500,21,21,116592947459441664,116592947459441664
15,LP-E,20260918,2556,8,measure,180,stride_4097,6144,1048576,710,7791223343315556814,2235434,21,21,16215608307161345510,16215608307161345510
15,LP-E,20260918,2557,8,measure,181,stride_1_double,196608,2097152,10312,8669992569606764263,4299307,21,21,6146413464451119750,6146413464451119750
15,LP-E,20260918,2558,8,measure,182,pair_same_line,3145728,1048576,49218,15215039643763893954,27394177,21,21,14458722267180166797,14458722267180166797
15,LP-E,20260918,2559,8,measure,183,stride_17,49152,1048576,5225,491627576743096855,1853078,21,21,3535615694879406332,3535615694879406332
15,LP-E,20260918,2560,8,measure,184,pair_split_line,524288,1048576,3037,3236128206913197866,3054773,21,21,10457029242305663161,10457029242305663161
15,LP-E,20260918,2561,8,measure,185,pair_split_line,4194304,1048576,298465,3052058513523711275,37142559,21,21,2934660859355345167,2934660859355345167
15,LP-E,20260918,2562,8,measure,186,stride_1_bis,16777216,1048576,1130480,5987292209160767497,2534900,21,21,11413604182944109472,11413604182944109472
15,LP-E,20260918,2563,8,measure,187,stride_1_bis,25165824,1048576,2958886,11585124383117212180,2546004,21,21,3973055595834402977,3973055595834402977
15,LP-E,20260918,2564,8,measure,188,stride_17,1048576,1048576,109300,4903082880763486921,2265047,21,21,8797231230870489880,8797231230870489880
15,LP-E,20260918,2565,8,measure,189,stride_4097,25165824,1048576,2294572,1222195202057387257,16635059,21,21,432379830734933430,432379830734933430
15,LP-E,20260918,2566,8,measure,190,pair_same_line,262144,1048576,4024,12310835125045439848,2684199,21,21,7142869277075853720,7142869277075853720
15,LP-E,20260918,2567,8,measure,191,pair_same_line,24576,1048576,2748,7999559526215667442,2222177,21,21,8427727847410413004,8427727847410413004
15,LP-E,20260918,2568,8,measure,192,pair_split_line,16777216,1048576,2089480,12778853390994401380,51558040,21,21,15983909333723824609,15983909333723824609
15,LP-E,20260918,2569,8,measure,193,stride_1_double,24576,2097152,940,12190758951026857463,3598852,21,21,17808349422946747964,17808349422946747964
15,LP-E,20260918,2570,8,measure,194,pair_same_line,16384,1048576,800,16809331145352146240,2232897,21,21,4740554203496839638,4740554203496839638
15,LP-E,20260918,2571,8,measure,195,stride_17,3145728,1048576,11468,477134992433148623,21543802,21,21,5178357761113026221,5178357761113026221
15,LP-E,20260918,2572,8,measure,196,stride_1_double,8388608,2097152,522730,12625031755123002213,5294003,21,21,18159816849507569302,18159816849507569302
15,LP-E,20260918,2573,8,measure,197,random,786432,1048576,65006,14856577205873050003,2378889,21,21,5190078563451933998,5190078563451933998
15,LP-E,20260918,2574,8,measure,198,stride_17,24576,1048576,1718,678243061461408333,1790083,21,21,9186287621407915994,9186287621407915994
15,LP-E,20260918,2575,8,measure,199,stride_1,4096,1048576,237,13463640662953550505,1789473,21,21,8154595385843253248,8154595385843253248
15,LP-E,20260918,2576,8,measure,200,stride_17,262144,1048576,10609,162518301324323385,1847952,21,21,3252759155835688704,3252759155835688704
15,LP-E,20260918,2577,8,measure,201,pair_split_line,393216,1048576,33618,10770916423445017739,2807438,21,21,11959100577451329011,11959100577451329011
15,LP-E,20260918,2578,8,measure,202,random,6291456,1048576,287070,15314165879067761798,22882905,21,21,6670295062273442192,6670295062273442192
15,LP-E,20260918,2579,8,measure,203,stride_4097,524288,1048576,12060,16262404003219086433,1962470,21,21,10061883979847375520,10061883979847375520
15,LP-E,20260918,2580,8,measure,204,pair_same_line,196608,1048576,3893,6461243308166051392,2411024,21,21,5053476202431215272,5053476202431215272
15,LP-E,20260918,2581,8,measure,205,random,8192,1048576,78,14511358185152309870,1650644,21,21,10672647895493119892,10672647895493119892
15,LP-E,20260918,2582,8,measure,206,random,16777216,1048576,987344,15898864900894198794,26510526,21,21,16630562297842073802,16630562297842073802
15,LP-E,20260918,2583,8,measure,207,random,196608,1048576,16301,14270117709296567039,1851680,21,21,3009211805132346332,3009211805132346332
15,LP-E,20260918,2584,8,measure,208,stride_17,201326592,1048576,23227715,15423278392395669117,26806453,21,21,7227067098791648640,7227067098791648640
15,LP-E,20260918,2585,8,measure,209,stride_17,131072,1048576,7091,8518264905599526696,1907153,21,21,16921412609114818048,16921412609114818048
15,LP-E,20260918,2586,8,measure,210,random,98304,1048576,11418,15582452910370891248,1701283,21,21,8415066141395554294,8415066141395554294
15,LP-E,20260918,2587,8,measure,211,stride_1_bis,3145728,1048576,372364,17233877974381542117,2527564,21,21,2717943253569130078,2717943253569130078
15,LP-E,20260918,2588,8,measure,212,pair_split_line,67108864,1048576,2234147,4254344972939099731,68138134,21,21,11176981700597819729,11176981700597819729
15,LP-E,20260918,2589,8,measure,213,stride_513,524288,1048576,53429,9604882483585640045,2069807,21,21,10061883979847375520,10061883979847375520
15,LP-E,20260918,2590,8,measure,214,stride_17,8388608,1048576,148228,1113114061829682002,27867297,21,21,18303280461608560459,18303280461608560459
15,LP-E,20260918,2591,8,measure,215,stride_1,49152,1048576,3170,14839888341513888425,1795934,21,21,9771784165424090682,9771784165424090682
15,LP-E,20260918,2592,8,measure,216,stride_17,4194304,1048576,174695,4673811745181400922,25403542,21,21,12406089252390561320,12406089252390561320
15,LP-E,20260918,2593,8,measure,217,random,24576,1048576,157,15109732876207790545,1679834,21,21,14241866876821700342,14241866876821700342
15,LP-E,20260918,2594,8,measure,218,random,4194304,1048576,486467,11030304438849551547,20867529,21,21,18293732474182848171,18293732474182848171
15,LP-E,20260918,2595,8,measure,219,stride_1_bis,8192,1048576,508,5346841287207843714,1804999,21,21,116592947459441664,116592947459441664
15,LP-E,20260918,2596,8,measure,220,stride_513,131072,1048576,639,13102300003677808639,1900080,21,21,16921412609114818048,16921412609114818048
15,LP-E,20260918,2597,8,measure,221,stride_1_bis,24576,1048576,1888,17965662150172459573,1794597,21,21,9307912405013837210,9307912405013837210
15,LP-E,20260918,2598,8,measure,222,stride_1,262144,1048576,14015,17542689158529060980,1803323,21,21,3252759155835688704,3252759155835688704
15,LP-E,20260918,2599,8,measure,223,random,12582912,1048576,607880,18085990585479034376,26713324,21,21,9514190402772748421,9514190402772748421
15,LP-E,20260918,2600,8,measure,224,stride_17,134217728,1048576,4057666,1314521179205716536,27422567,21,21,15315465492250924036,15315465492250924036
15,LP-E,20260918,2601,8,measure,225,stride_513,12582912,1048576,480693,7254412076577362242,23359342,21,21,10120808792106458316,10120808792106458316
15,LP-E,20260918,2602,8,measure,226,stride_4097,50331648,1048576,5423150,11048948820795419217,19903019,21,21,13307633279709530090,13307633279709530090
15,LP-E,20260918,2603,8,measure,227,pair_same_line,32768,1048576,866,9751453741527199548,2265108,21,21,1154430794541480007,1154430794541480007
15,LP-E,20260918,2604,8,measure,228,pair_split_line,6291456,1048576,167082,15219912938298895053,43706087,21,21,5809601711483144865,5809601711483144865
15,LP-E,20260918,2605,8,measure,229,stride_513,201326592,1048576,1345333,5376887532120069525,32548182,21,21,9484920624704656344,9484920624704656344
15,LP-E,20260918,2606,8,measure,230,stride_1,24576,1048576,370,5133390122610410497,1800809,21,21,181339270180361544,181339270180361544
15,LP-E,20260918,2607,8,measure,231,stride_1_double,524288,2097152,45296,13977136149243284701,3641225,21,21,1677023885985199424,1677023885985199424
15,LP-E,20260918,2608,8,measure,232,pair_split_line,98304,1048576,1225,7831125060312179837,2610440,21,21,16196774525827764220,16196774525827764220
15,LP-E,20260918,2609,8,measure,233,stride_1,131072,1048576,15592,9461261920796483790,1785496,21,21,16921412609114818048,16921412609114818048
15,LP-E,20260918,2610,8,measure,234,random,201326592,1048576,8019905,7775638966802346201,43751017,21,21,9134155750995507101,9134155750995507101
15,LP-E,20260918,2611,8,measure,235,stride_4097,1572864,1048576,135660,12304501758025162778,3486510,21,21,8006839703743452228,8006839703743452228
15,LP-E,20260918,2612,8,measure,236,pair_same_line,33554432,1048576,1012259,5551233588176647203,34677181,21,21,2881140562081396106,2881140562081396106
15,LP-E,20260918,2613,8,measure,237,stride_513,32768,1048576,632,13442352262740097990,1862067,21,21,10598541984122395648,10598541984122395648
15,LP-E,20260918,2614,8,measure,238,stride_1,50331648,1048576,5790560,8382827771726027404,2558797,21,21,9897563333759163012,9897563333759163012
15,LP-E,20260918,2615,8,measure,239,random,25165824,1048576,1528531,11092841306340046229,30387005,21,21,10147861445640926572,10147861445640926572
15,LP-E,20260918,2616,8,measure,240,stride_1_bis,134217728,1048576,10137981,3346305236423428017,2688627,21,21,8135269899507298344,8135269899507298344
15,LP-E,20260918,2617,8,measure,241,pair_split_line,12288,1048576,779,159525223335772949,2333809,21,21,1542358819874105106,1542358819874105106
15,LP-E,20260918,2618,8,measure,242,stride_1,201326592,1048576,1636958,14881635161610871397,2618614,21,21,18094062786173484614,18094062786173484614
15,LP-E,20260918,2619,8,measure,243,stride_1_double,100663296,2097152,3580140,1303766895700509065,5269753,21,21,4248678334481858140,4248678334481858140
15,LP-E,20260918,2620,8,measure,244,pair_same_line,786432,1048576,14750,2774331202114128498,3476799,21,21,7288127896947978679,7288127896947978679
15,LP-E,20260918,2621,8,measure,245,stride_1_double,33554432,2097152,3150408,6744046090082011073,5251621,21,21,8309895894224709329,8309895894224709329
15,LP-E,20260918,2622,8,measure,246,stride_4097,32768,1048576,956,3767443804387487582,1801082,21,21,10598541984122395648,10598541984122395648
15,LP-E,20260918,2623,8,measure,247,random,3145728,1048576,371630,16800421334055166624,20225161,21,21,9778877107306264376,9778877107306264376
15,LP-E,20260918,2624,8,measure,248,pair_same_line,524288,1048576,57999,5375993777926160095,2876966,21,21,16526872366546656870,16526872366546656870
15,LP-E,20260918,2625,8,measure,249,stride_17,65536,1048576,7670,1127523195267671432,1839446,21,21,16423878549329276288,16423878549329276288
15,LP-E,20260918,2626,8,measure,250,stride_1,6144,1048576,604,13545028695062936467,1783298,21,21,14278567010603196444,14278567010603196444
15,LP-E,20260918,2627,8,measure,251,stride_513,393216,1048576,30296,4466084618597476676,1857790,21,21,14269622657413644288,14269622657413644288
15,LP-E,20260918,2628,8,measure,252,stride_4097,2097152,1048576,105613,17255824257722654129,4658952,21,21,14577075130308765988,14577075130308765988
15,LP-E,20260918,2629,8,measure,253,pair_split_line,262144,1048576,27601,17643562586601599885,2797447,21,21,17432884284381251645,17432884284381251645
15,LP-E,20260918,2630,8,measure,254,stride_4097,12288,1048576,230,3421333099960396571,1791388,21,21,7780720932663481105,7780720932663481105
15,LP-E,20260918,2631,8,measure,255,stride_4097,67108864,1048576,5006162,15810189567046567759,18208266,21,21,9088790185516188473,9088790185516188473
15,LP-E,20260918,2632,8,measure,256,stride_1_double,131072,2097152,3742,16704459359016099751,3601474,21,21,15396081144520084480,15396081144520084480
15,LP-E,20260918,2633,8,measure,257,stride_1_bis,2097152,1048576,191981,3533188072600895186,2394490,21,21,14577075130308765988,14577075130308765988
15,LP-E,20260918,2634,8,measure,258,stride_513,134217728,1048576,11372235,10559802200127164225,31462662,21,21,197354528082120708,197354528082120708
15,LP-E,20260918,2635,8,measure,259,stride_513,2097152,1048576,215120,433541035591895272,10571123,21,21,14577075130308765988,14577075130308765988
15,LP-E,20260918,2636,8,measure,260,stride_1_double,262144,2097152,13988,17845029704072584530,3621661,21,21,6505518311671377408,6505518311671377408
15,LP-E,20260918,2637,8,measure,261,pair_same_line,8192,1048576,197,1406320240065440631,2241687,21,21,11485947853610695114,11485947853610695114
15,LP-E,20260918,2638,8,measure,262,pair_same_line,12288,1048576,468,2141665208578194768,2237626,21,21,3022781894720044670,3022781894720044670
15,LP-E,20260918,2639,8,measure,263,stride_1,524288,1048576,37968,12761335290053644008,1826423,21,21,10061883979847375520,10061883979847375520
15,LP-E,20260918,2640,8,measure,264,stride_1_double,201326592,2097152,20615545,3849223104558986543,5185037,21,21,14735247340611092710,14735247340611092710
15,LP-E,20260918,2641,8,measure,265,stride_4097,134217728,1048576,351214,3684936806630164079,19387844,21,21,8479708622051079989,8479708622051079989
15,LP-E,20260918,2642,8,measure,266,random,6144,1048576,188,9557284397717948829,1673353,21,21,14821868455887297614,14821868455887297614
15,LP-E,20260918,2643,8,measure,267,stride_513,8388608,1048576,801796,8956116393528980678,15974683,21,21,18303280461608560459,18303280461608560459
15,LP-E,20260918,2644,8,measure,268,stride_513,1048576,1048576,40816,3343127822931174183,2729918,21,21,8797231230870489880,8797231230870489880
15,LP-E,20260918,2645,8,measure,269,stride_513,98304,1048576,974,15641105816250533335,1850710,21,21,16959111087276692480,16959111087276692480
15,LP-E,20260918,2646,8,measure,270,pair_same_line,50331648,1048576,2935286,766649993392841723,35045948,21,21,8834503552067102257,8834503552067102257
15,LP-E,20260918,2647,8,measure,271,stride_1_bis,4096,1048576,154,18145257770514423379,1815994,21,21,8154595385843253248,8154595385843253248
15,LP-E,20260918,2648,8,measure,272,pair_same_line,4194304,1048576,181371,11466301111860699581,28977580,21,21,7284533537846508374,7284533537846508374
15,LP-E,20260918,2649,8,measure,273,stride_513,6144,1048576,732,17094190835629258868,1808129,21,21,6498767571919667200,6498767571919667200
15,LP-E,20260918,2650,8,measure,274,stride_1_double,32768,2097152,1497,15665959401057337201,3591762,21,21,2750339894535239680,2750339894535239680
15,LP-E,20260918,2651,8,measure,275,stride_513,196608,1048576,4128,13563120157036953229,1888917,21,21,11662605144128544768,11662605144128544768
15,LP-E,20260918,2652,8,measure,276,stride_513,67108864,1048576,5790049,7186101840223697668,31264100,21,21,4317447040072708525,4317447040072708525
15,LP-E,20260918,2653,8,measure,277,stride_1,12582912,1048576,1408657,10589537404610312176,2588458,21,21,16397620644809008567,16397620644809008567
15,LP-E,20260918,2654,8,measure,278,stride_1_double,786432,2097152,50127,7872782507446282768,3707921,21,21,3314429096742087112,3314429096742087112
15,LP-E,20260918,2655,8,measure,279,stride_17,25165824,1048576,1620388,11135407466346271335,26881554,21,21,12762680175949173758,12762680175949173758
15,LP-E,20260918,2656,8,measure,280,pair_split_line,33554432,1048576,1708527,2073333256015995704,60524498,21,21,10669557496551256825,10669557496551256825
15,LP-E,20260918,2657,8,measure,281,random,65536,1048576,7074,10170436319317920260,1741097,21,21,13229067014110234115,13229067014110234115
15,LP-E,20260918,2658,8,measure,282,stride_1_bis,201326592,1048576,9170228,8195414814045753146,2536459,21,21,15606312562311099678,15606312562311099678
15,LP-E,20260918,2659,8,measure,283,stride_1,16777216,1048576,385987,13075963821764355149,2546783,21,21,258024188887989073,258024188887989073
15,LP-E,20260918,2660,8,measure,284,stride_513,24576,1048576,630,6428945194280501560,1808491,21,21,15675031744929201152,15675031744929201152
15,LP-E,20260918,2661,8,measure,285,stride_1_bis,4194304,1048576,108913,14377804960518180544,2562771,21,21,12406089252390561320,12406089252390561320
15,LP-E,20260918,2662,8,measure,286,stride_1,6291456,1048576,46884,1233414090428149092,2475577,21,21,7885786271089009827,7885786271089009827
15,LP-E,20260918,2663,8,measure,287,pair_same_line,49152,1048576,3545,11751847915475636659,2367804,21,21,14394070824748182227,14394070824748182227
15,LP-E,20260918,2664,8,measure,288,pair_split_line,131072,1048576,1862,4932491259705282186,2666663,21,21,15449075207915781470,15449075207915781470
15,LP-E,20260918,2665,8,measure,289,stride_1_bis,12288,1048576,463,2337476570581890194,1790646,21,21,15785465636629074005,15785465636629074005
15,LP-E,20260918,2666,8,measure,290,pair_split_line,2097152,1048576,69525,894436592301140900,24149373,21,21,17762620431534081895,17762620431534081895
15,LP-E,20260918,2667,8,measure,291,stride_1_double,50331648,2097152,1134878,1098811540343554222,5086294,21,21,5479978246807394961,5479978246807394961
15,LP-E,20260918,2668,8,measure,292,stride_4097,3145728,1048576,336636,12527094963448804836,8387902,21,21,5214807703883987423,5214807703883987423
15,LP-E,20260918,2669,8,measure,293,stride_4097,6291456,1048576,257714,2591039103767764435,13546054,21,21,9300298237441173094,9300298237441173094
15,LP-E,20260918,2670,8,measure,294,random,524288,1048576,50263,8060061484625934557,2091469,21,21,8959938299368094568,8959938299368094568
15,LP-E,20260918,2671,8,measure,295,stride_1,100663296,1048576,11448678,15254420214704569414,2547642,21,21,7841760912386183736,7841760912386183736
15,LP-E,20260918,2672,8,measure,296,stride_4097,8388608,1048576,453126,13253020184458104860,7274926,21,21,18303280461608560459,18303280461608560459
