run_id,core,seed,sample,round,phase,position,label,bytes,accesses,start,salt,elapsed_ns,cpu_before,cpu_after,result,expected
13,P,20260918,0,0,warmup,0,stride_513,33554432,1048576,3989490,14558581189609433635,12355002,11,11,13517761653308526194,13517761653308526194
13,P,20260918,1,0,warmup,1,random,67108864,1048576,4413187,10604220659192019262,16716465,11,11,16483332259780184239,16483332259780184239
13,P,20260918,2,0,warmup,2,pair_same_line,50331648,1048576,4099321,8298884562167394579,18531864,11,11,8417636801280536628,8417636801280536628
13,P,20260918,3,0,warmup,3,stride_1_bis,524288,1048576,57746,14843697468082050768,1392898,11,11,10061883979847375520,10061883979847375520
13,P,20260918,4,0,warmup,4,stride_513,50331648,1048576,755425,11471438899388860442,12504176,11,11,568091239792524358,568091239792524358
13,P,20260918,5,0,warmup,5,stride_4097,6144,1048576,683,8190087997865748132,1608249,11,11,3914353121520337426,3914353121520337426
13,P,20260918,6,0,warmup,6,stride_4097,393216,1048576,15854,16059733894704832946,1608369,11,11,7176070104416017272,7176070104416017272
13,P,20260918,7,0,warmup,7,pair_same_line,100663296,1048576,3819460,11872329717317817195,19862354,11,11,13256744401941280824,13256744401941280824
13,P,20260918,8,0,warmup,8,stride_1_double,6291456,2097152,384179,360772997919209309,4290001,11,11,4511423810815339551,4511423810815339551
13,P,20260918,9,0,warmup,9,stride_1_double,2097152,2097152,179184,15031486338032895677,3524107,11,11,10707406186907980360,10707406186907980360
13,P,20260918,10,0,warmup,10,pair_same_line,24576,1048576,2306,10855245143707230708,1960721,11,11,12921875220042186077,12921875220042186077
13,P,20260918,11,0,warmup,11,stride_4097,1048576,1048576,84794,415730645491437345,1781668,11,11,8797231230870489880,8797231230870489880
13,P,20260918,12,0,warmup,12,stride_1_bis,49152,1048576,514,12846619478847121964,1498680,11,11,5948654248761733266,5948654248761733266
13,P,20260918,13,0,warmup,13,pair_same_line,65536,1048576,5275,1596545395552783633,1818987,11,11,3839737205698198577,3839737205698198577
13,P,20260918,14,0,warmup,14,stride_17,12288,1048576,625,7448566520816902717,1380450,11,11,15743125984010828079,15743125984010828079
13,P,20260918,15,0,warmup,15,stride_1_double,12582912,2097152,156447,8413705335316899687,4753364,11,11,3955030336108521542,3955030336108521542
13,P,20260918,16,0,warmup,16,random,196608,1048576,3285,4214897375447902752,1178783,11,11,7640644466971456174,7640644466971456174
13,P,20260918,17,0,warmup,17,stride_17,4096,1048576,267,13973497930141061739,1353033,11,11,8154595385843253248,8154595385843253248
13,P,20260918,18,0,warmup,18,stride_1_bis,12288,1048576,1021,12779192099000451739,1355666,11,11,2459716434644384207,2459716434644384207
13,P,20260918,19,0,warmup,19,stride_513,4096,1048576,47,11569402140576924383,1351892,11,11,8154595385843253248,8154595385843253248
13,P,20260918,20,0,warmup,20,random,131072,1048576,13528,6601002068343930681,1122501,11,11,13786481756579681895,13786481756579681895
13,P,20260918,21,0,warmup,21,stride_17,786432,1048576,70163,7155210311952609121,1438434,11,11,16208249825255261628,16208249825255261628
13,P,20260918,22,0,warmup,22,stride_4097,100663296,1048576,10716924,7666148808848723955,10043334,11,11,3723401588503727903,3723401588503727903
13,P,20260918,23,0,warmup,23,stride_1_bis,12582912,1048576,424778,310556873199268847,1730091,11,11,7628316303140314320,7628316303140314320
13,P,20260918,24,0,warmup,24,stride_1_bis,262144,1048576,18177,12796254845929889853,1372238,11,11,3252759155835688704,3252759155835688704
13,P,20260918,25,0,warmup,25,pair_split_line,8388608,1048576,400306,9363689750460533435,14186524,11,11,15480917623941710753,15480917623941710753
13,P,20260918,26,0,warmup,26,stride_1_bis,3145728,1048576,301983,5305347103516711167,1714988,11,11,11968904487010928455,11968904487010928455
13,P,20260918,27,0,warmup,27,stride_17,134217728,1048576,1907472,14042436603458766481,9458738,11,11,2013609459653406528,2013609459653406528
13,P,20260918,28,0,warmup,28,stride_4097,201326592,1048576,13411569,8970431009863720750,7731184,11,11,2851614695837576132,2851614695837576132
13,P,20260918,29,0,warmup,29,stride_4097,4096,1048576,225,11244201163820894097,1633915,11,11,8154595385843253248,8154595385843253248
13,P,20260918,30,0,warmup,30,stride_4097,16777216,1048576,827300,14049514209449768733,7755080,11,11,12027614122506968974,12027614122506968974
13,P,20260918,31,0,warmup,31,stride_17,49152,1048576,3902,10217979807380628153,1810884,11,11,7907843471703345813,7907843471703345813
13,P,20260918,32,0,warmup,32,stride_1_double,1048576,2097152,59570,10899547075545832621,3970635,11,11,17594462461740979760,17594462461740979760
13,P,20260918,33,0,warmup,33,stride_4097,196608,1048576,3793,16435960701728090044,1693362,11,11,17194887587237608635,17194887587237608635
13,P,20260918,34,0,warmup,34,pair_split_line,12582912,1048576,1443750,11423597857826754208,17760785,11,11,6322862732714748049,6322862732714748049
13,P,20260918,35,0,warmup,35,stride_1_double,268435456,2097152,16263971,17543087596603963219,3905776,11,11,9849137831008028432,9849137831008028432
13,P,20260918,36,0,warmup,36,stride_513,6144,1048576,116,198684738614360086,1709467,11,11,9261835561974562816,9261835561974562816
13,P,20260918,37,0,warmup,37,stride_17,8192,1048576,303,9859253565322559012,1607328,11,11,116592947459441664,116592947459441664
13,P,20260918,38,0,warmup,38,stride_1,50331648,1048576,2286592,2228736351082426101,1908662,11,11,10485483196683226173,10485483196683226173
13,P,20260918,39,0,warmup,39,pair_same_line,16384,1048576,1945,10789910090543596518,1801872,11,11,11384679789644630923,11384679789644630923
13,P,20260918,40,0,warmup,40,random,32768,1048576,3370,1100528909143211030,1148364,11,11,304963405529084724,304963405529084724
13,P,20260918,41,0,warmup,41,stride_17,1572864,1048576,37274,17639265476558279735,2121661,11,11,1033633778957555202,1033633778957555202
13,P,20260918,42,0,warmup,42,stride_1_bis,6291456,1048576,265625,7632210316816725,2124813,11,11,15285589905205769713,15285589905205769713
13,P,20260918,43,0,warmup,43,stride_513,196608,1048576,10673,5086077910226604703,1444426,11,11,8126674812445135616,8126674812445135616
13,P,20260918,44,0,warmup,44,stride_17,50331648,1048576,4455619,2834512330171708246,8684994,11,11,18401801937861322457,18401801937861322457
13,P,20260918,45,0,warmup,45,stride_1_bis,131072,1048576,12651,3889638989058081895,1356874,11,11,16921412609114818048,16921412609114818048
13,P,20260918,46,0,warmup,46,stride_1_double,49152,2097152,2536,10938864874786005880,2707738,11,11,14546426550127586804,14546426550127586804
13,P,20260918,47,0,warmup,47,pair_same_line,8388608,1048576,913532,8930000060259575225,14680693,11,11,17569994872300800064,17569994872300800064
13,P,20260918,48,0,warmup,48,stride_1_double,196608,2097152,3922,12466501588714409178,3109488,11,11,12924208567848217649,12924208567848217649
13,P,20260918,49,0,warmup,49,stride_17,33554432,1048576,3697408,15201205698978199655,8746745,11,11,688454361736342011,688454361736342011
13,P,20260918,50,0,warmup,50,pair_split_line,786432,1048576,63424,17980430999904100782,2981754,11,11,3707998829312172180,3707998829312172180
13,P,20260918,51,0,warmup,51,pair_same_line,33554432,1048576,349773,16354463185976297263,16861324,11,11,2263834188819627354,2263834188819627354
13,P,20260918,52,0,warmup,52,pair_split_line,134217728,1048576,13437595,4846490024975861751,24682294,11,11,14504949277905893957,14504949277905893957
13,P,20260918,53,0,warmup,53,stride_4097,524288,1048576,7289,8330428812578263676,2274032,11,11,10061883979847375520,10061883979847375520
13,P,20260918,54,0,warmup,54,stride_4097,268435456,1048576,10806189,3687658312251791692,10067087,11,11,7429867277110169242,7429867277110169242
13,P,20260918,55,0,warmup,55,stride_17,2097152,1048576,171405,6743690960904191365,4338243,11,11,14577075130308765988,14577075130308765988
13,P,20260918,56,0,warmup,56,random,65536,1048576,3972,11530357718689414097,1964365,11,11,3240072549988632549,3240072549988632549
13,P,20260918,57,0,warmup,57,stride_1,8388608,1048576,793567,12618371990793760959,2376487,11,11,18303280461608560459,18303280461608560459
13,P,20260918,58,0,warmup,58,pair_split_line,8192,1048576,889,3211259476990898037,2468588,11,11,9107744510840322318,9107744510840322318
13,P,20260918,59,0,warmup,59,stride_1_bis,393216,1048576,35610,15402815943251814178,1965374,11,11,8716593849912686178,8716593849912686178
13,P,20260918,60,0,warmup,60,pair_split_line,24576,1048576,2273,1134146658105793816,2352591,11,11,11251369335090701897,11251369335090701897
13,P,20260918,61,0,warmup,61,stride_1_bis,1572864,1048576,133929,10794722868673886090,1832947,11,11,9513183005690968947,9513183005690968947
13,P,20260918,62,0,warmup,62,stride_513,6291456,1048576,203250,10913861052779413664,7154486,11,11,2329185465026963428,2329185465026963428
13,P,20260918,63,0,warmup,63,pair_split_line,16777216,1048576,535273,17441418990003357450,18898808,11,11,9698770700991373408,9698770700991373408
13,P,20260918,64,0,warmup,64,pair_split_line,67108864,1048576,918895,17446810114711546861,24837769,11,11,17730370774466298269,17730370774466298269
13,P,20260918,65,0,warmup,65,stride_1_bis,201326592,1048576,24899823,17567779771395094202,2987547,11,11,7820691482220966522,7820691482220966522
13,P,20260918,66,0,warmup,66,random,33554432,1048576,718150,11134651986456659568,17784207,11,11,2759550129409537580,2759550129409537580
13,P,20260918,67,0,warmup,67,stride_4097,786432,1048576,58416,5358117348043078763,2696906,11,11,15362807692906111735,15362807692906111735
13,P,20260918,68,0,warmup,68,random,3145728,1048576,231963,7498933058448438872,11993536,11,11,13205262807561380752,13205262807561380752
13,P,20260918,69,0,warmup,69,random,16777216,1048576,1195514,7713039325881724459,16156627,11,11,11354639290197648300,11354639290197648300
13,P,20260918,70,0,warmup,70,stride_1_bis,25165824,1048576,2961207,16722779742211353704,3340897,11,11,3724154616421258066,3724154616421258066
13,P,20260918,71,0,warmup,71,pair_split_line,16384,1048576,85,8449809662843674937,4105321,11,11,18439913681922668939,18439913681922668939
13,P,20260918,72,0,warmup,72,stride_4097,25165824,1048576,1673011,12270337139730289024,10817063,11,11,13996753068061324584,13996753068061324584
13,P,20260918,73,0,warmup,73,stride_1_bis,268435456,1048576,14156758,9615961292204946069,3140425,11,11,4510775337963911596,4510775337963911596
13,P,20260918,74,0,warmup,74,random,8192,1048576,603,6233338807283370706,1677830,11,11,8694650249802480972,8694650249802480972
13,P,20260918,75,0,warmup,75,stride_1,4194304,1048576,38781,3836992211971439416,2183945,11,11,12406089252390561320,12406089252390561320
13,P,20260918,76,0,warmup,76,pair_same_line,25165824,1048576,2585875,286708929258152504,18877494,11,11,16566248318170445920,16566248318170445920
13,P,20260918,77,0,warmup,77,stride_1_bis,134217728,1048576,15857420,14025608906750032058,3160296,11,11,12570654811583532194,12570654811583532194
13,P,20260918,78,0,warmup,78,pair_split_line,393216,1048576,21926,12518845722450918207,3846208,11,11,6980749894405147976,6980749894405147976
13,P,20260918,79,0,warmup,79,stride_1_bis,786432,1048576,26244,14345271013961805331,1789740,11,11,17372014270506585585,17372014270506585585
13,P,20260918,80,0,warmup,80,stride_1,4096,1048576,99,13563835160901017394,1694361,11,11,8154595385843253248,8154595385843253248
13,P,20260918,81,0,warmup,81,stride_17,3145728,1048576,370427,5351514589592221143,5476066,11,11,642461179066082795,642461179066082795
13,P,20260918,82,0,warmup,82,stride_1_bis,4194304,1048576,49426,12852895931919606379,2367047,11,11,12406089252390561320,12406089252390561320
13,P,20260918,83,0,warmup,83,random,49152,1048576,3003,7883401263311616901,1729965,11,11,15313971837983981067,15313971837983981067
13,P,20260918,84,0,warmup,84,random,2097152,1048576,604,7399369616570147200,2747523,11,11,16950540468591738841,16950540468591738841
13,P,20260918,85,0,warmup,85,pair_same_line,262144,1048576,3475,5761616616129513473,2839377,11,11,12515895382004909007,12515895382004909007
13,P,20260918,86,0,warmup,86,random,4194304,1048576,104110,2664513555173008922,5379496,11,11,2773600209830023236,2773600209830023236
13,P,20260918,87,0,warmup,87,stride_4097,33554432,1048576,1029462,10291040731890585187,7626665,11,11,2436723584378832484,2436723584378832484
13,P,20260918,88,0,warmup,88,stride_1_double,6144,2097152,563,3306562337354910806,3761484,11,11,7535538715374250703,7535538715374250703
13,P,20260918,89,0,warmup,89,stride_4097,1572864,1048576,130308,6210269833699521512,2054736,11,11,9818347871728830949,9818347871728830949
13,P,20260918,90,0,warmup,90,stride_4097,49152,1048576,5850,7635037024814868891,1782110,11,11,1358210835014334735,1358210835014334735
13,P,20260918,91,0,warmup,91,stride_4097,12582912,1048576,86264,13427714820933107036,7779244,11,11,11951005801347986712,11951005801347986712
13,P,20260918,92,0,warmup,92,stride_1_bis,65536,1048576,1023,12321703294856866416,1786770,11,11,16423878549329276288,16423878549329276288
13,P,20260918,93,0,warmup,93,stride_513,8192,1048576,410,12815351068668032084,1782739,11,11,116592947459441664,116592947459441664
13,P,20260918,94,0,warmup,94,stride_1_bis,1048576,1048576,94129,17002750631113907686,1716077,11,11,8797231230870489880,8797231230870489880
13,P,20260918,95,0,warmup,95,stride_4097,8388608,1048576,585223,7588272528850975483,3917473,11,11,18303280461608560459,18303280461608560459
13,P,20260918,96,0,warmup,96,pair_split_line,25165824,1048576,479460,8772463443515299513,18552158,11,11,12522355099867608601,12522355099867608601
13,P,20260918,97,0,warmup,97,stride_1,1048576,1048576,18590,15328496549231247433,2129948,11,11,8797231230870489880,8797231230870489880
13,P,20260918,98,0,warmup,98,stride_17,131072,1048576,5522,15512995389418470110,1896186,11,11,16921412609114818048,16921412609114818048
13,P,20260918,99,0,warmup,99,pair_split_line,4194304,1048576,30432,6512802968395679285,8203964,11,11,42511891284659021,42511891284659021
13,P,20260918,100,0,warmup,100,stride_513,268435456,1048576,2009653,14946338284357510037,13059980,11,11,17652595898580451214,17652595898580451214
13,P,20260918,101,0,warmup,101,stride_17,524288,1048576,58463,11938651747957859217,2206094,11,11,10061883979847375520,10061883979847375520
13,P,20260918,102,0,warmup,102,stride_17,4194304,1048576,379403,1048347887083118234,5438204,11,11,12406089252390561320,12406089252390561320
13,P,20260918,103,0,warmup,103,random,134217728,1048576,7925463,17680393539796143679,18079714,11,11,2738236625781503993,2738236625781503993
13,P,20260918,104,0,warmup,104,stride_4097,4194304,1048576,171434,15157866950956768176,3159524,11,11,12406089252390561320,12406089252390561320
13,P,20260918,105,0,warmup,105,pair_same_line,4096,1048576,72,8529306719806057481,2611082,11,11,9350105203845919371,9350105203845919371
13,P,20260918,106,0,warmup,106,stride_513,2097152,1048576,203174,9536359313964747713,2938419,11,11,14577075130308765988,14577075130308765988
13,P,20260918,107,0,warmup,107,stride_513,134217728,1048576,3603372,1842238637957301956,12282483,11,11,8813318781740322295,8813318781740322295
13,P,20260918,108,0,warmup,108,stride_17,262144,1048576,23493,964141074269549968,2142510,11,11,3252759155835688704,3252759155835688704
13,P,20260918,109,0,warmup,109,stride_17,65536,1048576,4033,3200988875502375537,2030964,11,11,16423878549329276288,16423878549329276288
13,P,20260918,110,0,warmup,110,stride_513,524288,1048576,16801,11172655524672905425,2026207,11,11,10061883979847375520,10061883979847375520
13,P,20260918,111,0,warmup,111,pair_split_line,131072,1048576,10441,14360313317056960812,2859456,11,11,4259360574624018956,4259360574624018956
13,P,20260918,112,0,warmup,112,pair_split_line,524288,1048576,36827,7711172825810230870,3045431,11,11,2515813913324934563,2515813913324934563
13,P,20260918,113,0,warmup,113,stride_4097,3145728,1048576,4896,10126329746266398279,3865354,11,11,16894112235750343203,16894112235750343203
13,P,20260918,114,0,warmup,114,stride_1_double,16777216,2097152,1285684,11515459170274913420,4162139,11,11,12841062978479921428,12841062978479921428
13,P,20260918,115,0,warmup,115,stride_513,1048576,1048576,40265,8259959135028720237,2008893,11,11,8797231230870489880,8797231230870489880
13,P,20260918,116,0,warmup,116,random,16384,1048576,1347,1857716347108690474,1368583,11,11,5766757507592279928,5766757507592279928
13,P,20260918,117,0,warmup,117,stride_1,6291456,1048576,432273,8727366468407661088,1954040,11,11,6714982208236085232,6714982208236085232
13,P,20260918,118,0,warmup,118,random,4096,1048576,77,4542003789915597743,1260475,11,11,12970352962191582478,12970352962191582478
13,P,20260918,119,0,warmup,119,pair_split_line,262144,1048576,7478,3501700202842857986,2677141,11,11,7439188433086815613,7439188433086815613
13,P,20260918,120,0,warmup,120,stride_4097,6291456,1048576,120054,7078837421948150869,4411351,11,11,14382795617689276574,14382795617689276574
13,P,20260918,121,0,warmup,121,stride_17,24576,1048576,1528,10056986755765110915,1422164,11,11,16763996679850631833,16763996679850631833
13,P,20260918,122,0,warmup,122,stride_1,201326592,1048576,11185543,6122136144081115290,1946404,11,11,2477432951705191396,2477432951705191396
13,P,20260918,123,0,warmup,123,pair_split_line,196608,1048576,17571,1950806791987638033,2317629,11,11,8189356373858994408,8189356373858994408
13,P,20260918,124,0,warmup,124,random,268435456,1048576,2684569,8922678400996283686,18559521,11,11,7962194354801959363,7962194354801959363
13,P,20260918,125,0,warmup,125,pair_split_line,6291456,1048576,713975,17331924257544261247,10754507,11,11,14230326436285897000,14230326436285897000
13,P,20260918,126,0,warmup,126,random,12582912,1048576,1314416,14208511823837471935,13002953,11,11,9157357210699922072,9157357210699922072
13,P,20260918,127,0,warmup,127,stride_513,67108864,1048576,1404982,9515990515236182639,12804861,11,11,8957636078352591483,8957636078352591483
13,P,20260918,128,0,warmup,128,stride_1_bis,32768,1048576,952,12771841174627189407,2436444,11,11,10598541984122395648,10598541984122395648
13,P,20260918,129,0,warmup,129,stride_1,12582912,1048576,83151,2691156707952110535,2385651,11,11,7435106924981896589,7435106924981896589
13,P,20260918,130,0,warmup,130,stride_513,3145728,1048576,388556,13269508242123267282,6503081,11,11,13978878534847391976,13978878534847391976
13,P,20260918,131,0,warmup,131,pair_split_line,49152,1048576,3944,5101992626014533713,3078306,11,11,10387908209812724257,10387908209812724257
13,P,20260918,132,0,warmup,132,pair_same_line,3145728,1048576,273755,2068723215362157077,5550454,11,11,2219037913854118826,2219037913854118826
13,P,20260918,133,0,warmup,133,random,524288,1048576,41442,17787185535497896870,1987195,11,11,16844352259443302990,16844352259443302990
13,P,20260918,134,0,warmup,134,stride_1,3145728,1048576,92520,5256339723547368969,2025978,11,11,8827342719755122558,8827342719755122558
13,P,20260918,135,0,warmup,135,stride_1,25165824,1048576,1822165,14066285437645480272,2299696,11,11,15035402712290042282,15035402712290042282
13,P,20260918,136,0,warmup,136,stride_1_double,33554432,2097152,3006054,30835188975768850,3804835,11,11,15263533371646120793,15263533371646120793
13,P,20260918,137,0,warmup,137,stride_17,12582912,1048576,548758,13195130269093778114,7596239,11,11,9568925722448341413,9568925722448341413
13,P,20260918,138,0,warmup,138,pair_split_line,2097152,1048576,37242,5271826382100236200,4003385,11,11,16671846547033918470,16671846547033918470
13,P,20260918,139,0,warmup,139,pair_split_line,6144,1048576,465,9937205652560978421,2302697,11,11,18201557097508405717,18201557097508405717
13,P,20260918,140,0,warmup,140,stride_1,524288,1048576,30685,14978876356024796509,1568300,11,11,10061883979847375520,10061883979847375520
13,P,20260918,141,0,warmup,141,stride_1_double,201326592,2097152,14966432,2343951219815059879,3483969,11,11,8608068908564222373,8608068908564222373
13,P,20260918,142,0,warmup,142,stride_1,196608,1048576,9069,5944713458704033960,1395821,11,11,16256263786156325108,16256263786156325108
13,P,20260918,143,0,warmup,143,stride_1_double,65536,2097152,4052,15052098200627404130,2726609,11,11,14401013024949000960,14401013024949000960
13,P,20260918,144,0,warmup,144,stride_4097,8192,1048576,918,11499465504254786429,1356799,11,11,116592947459441664,116592947459441664
13,P,20260918,145,0,warmup,145,random,6291456,1048576,503742,5100031053660070976,9639113,11,11,14394047852961656008,14394047852961656008
13,P,20260918,146,0,warmup,146,stride_4097,32768,1048576,1509,3417451722940417606,1368161,11,11,10598541984122395648,10598541984122395648
13,P,20260918,147,0,warmup,147,stride_513,1572864,1048576,168624,1141302755535861050,1482725,11,11,15346159349426821392,15346159349426821392
13,P,20260918,148,0,warmup,148,stride_513,49152,1048576,2414,7213119341346664629,1395144,11,11,1303108010804061184,1303108010804061184
13,P,20260918,149,0,warmup,149,stride_1,67108864,1048576,7885310,10593502629198057868,1820159,11,11,15968116997359748838,15968116997359748838
13,P,20260918,150,0,warmup,150,stride_1_double,4194304,2097152,499621,10610494665414305362,2934834,11,11,6365434431071571024,6365434431071571024
13,P,20260918,151,0,warmup,151,stride_4097,24576,1048576,1553,14277937104128601975,1355035,11,11,10012082161992278982,10012082161992278982
13,P,20260918,152,0,warmup,152,random,201326592,1048576,21693187,12412306286574994518,18253059,11,11,4041293375729697452,4041293375729697452
13,P,20260918,153,0,warmup,153,stride_4097,131072,1048576,9218,8105055375371917511,1556677,11,11,16921412609114818048,16921412609114818048
13,P,20260918,154,0,warmup,154,stride_513,100663296,1048576,4562818,5167055775698240000,12881113,11,11,213683526983560775,213683526983560775
13,P,20260918,155,0,warmup,155,stride_17,100663296,1048576,3349266,6641891047890756651,9158100,11,11,6596207609837954225,6596207609837954225
13,P,20260918,156,0,warmup,156,stride_1_bis,16384,1048576,1537,2782294388339852298,2000703,11,11,9548053087369131008,9548053087369131008
13,P,20260918,157,0,warmup,157,pair_split_line,50331648,1048576,1548236,18224604517132666184,24984550,11,11,3607600392927797467,3607600392927797467
13,P,20260918,158,0,warmup,158,random,1048576,1048576,52571,10699096435743076501,2381125,11,11,5220666506290855634,5220666506290855634
13,P,20260918,159,0,warmup,159,pair_same_line,524288,1048576,47580,3414607312145802813,2895792,11,11,8611827856375484496,8611827856375484496
13,P,20260918,160,0,warmup,160,pair_same_line,32768,1048576,1994,5647952100148046612,2223695,11,11,5867687046602482529,5867687046602482529
13,P,20260918,161,0,warmup,161,stride_513,98304,1048576,9537,11229989094899752630,1772176,11,11,3510283103173401088,3510283103173401088
13,P,20260918,162,0,warmup,162,random,12288,1048576,227,17320854352684452146,1458568,11,11,15043116346177296532,15043116346177296532
13,P,20260918,163,0,warmup,163,pair_same_line,201326592,1048576,12337973,153955059654789072,21615730,11,11,1851708254178142196,1851708254178142196
13,P,20260918,164,0,warmup,164,stride_1,24576,1048576,2277,9405290598027477751,2146387,11,11,11826133783175514417,11826133783175514417
13,P,20260918,165,0,warmup,165,stride_1,65536,1048576,7446,2050876366353340072,2187170,11,11,16423878549329276288,16423878549329276288
13,P,20260918,166,0,warmup,166,pair_same_line,1572864,1048576,6057,17182934327858302937,5874146,11,11,18023991958627172348,18023991958627172348
13,P,20260918,167,0,warmup,167,stride_4097,262144,1048576,992,3729316142151395783,2183402,11,11,3252759155835688704,3252759155835688704
13,P,20260918,168,0,warmup,168,stride_513,16777216,1048576,1202915,6537533568657801658,13462425,11,11,10991683316953693856,10991683316953693856
13,P,20260918,169,0,warmup,169,stride_513,16384,1048576,860,11774795916196533013,2425986,11,11,9548053087369131008,9548053087369131008
13,P,20260918,170,0,warmup,170,random,100663296,1048576,12014995,4257384980898716220,21059965,11,11,4340245608410319287,4340245608410319287
13,P,20260918,171,0,warmup,171,stride_1,32768,1048576,580,15424611435782602172,2846251,11,11,10598541984122395648,10598541984122395648
13,P,20260918,172,0,warmup,172,random,6144,1048576,67,5891108251082616287,1781091,11,11,8461685812130484233,8461685812130484233
13,P,20260918,173,0,warmup,173,stride_17,1048576,1048576,7474,12298747697762450811,1935062,11,11,8797231230870489880,8797231230870489880
13,P,20260918,174,0,warmup,174,stride_1,49152,1048576,5846,3880972341795898481,1757198,11,11,731877401148898195,731877401148898195
13,P,20260918,175,0,warmup,175,pair_split_line,4096,1048576,241,15294272648976338563,2371948,11,11,12351997583669278850,12351997583669278850
13,P,20260918,176,0,warmup,176,stride_1_bis,8192,1048576,373,14289716068805132640,1690592,11,11,116592947459441664,116592947459441664
13,P,20260918,177,0,warmup,177,stride_513,131072,1048576,12841,12732697784799953206,1770588,11,11,16921412609114818048,16921412609114818048
13,P,20260918,178,0,warmup,178,stride_17,393216,1048576,23762,13828941635379127164,1730428,11,11,11225242757670505121,11225242757670505121
13,P,20260918,179,0,warmup,179,pair_same_line,12582912,1048576,1186618,8576065991853859967,16413521,11,11,13439329145069454237,13439329145069454237
13,P,20260918,180,0,warmup,180,stride_1,33554432,1048576,3361191,16570006869647837688,3956802,11,11,1606018097643720721,1606018097643720721
13,P,20260918,181,0,warmup,181,pair_same_line,786432,1048576,62006,9623361682396371566,3190991,11,11,10343627117902828687,10343627117902828687
13,P,20260918,182,0,warmup,182,stride_1_double,32768,2097152,1930,2088670437664241870,3673000,11,11,2750339894535239680,2750339894535239680
13,P,20260918,183,0,warmup,183,stride_513,393216,1048576,44556,5057709776290632731,1783255,11,11,9218483334806453440,9218483334806453440
13,P,20260918,184,0,warmup,184,stride_4097,16384,1048576,40,7210850449601598685,1699220,11,11,9548053087369131008,9548053087369131008
13,P,20260918,185,0,warmup,185,stride_1_double,262144,2097152,19192,8465310474079181243,3275787,11,11,6505518311671377408,6505518311671377408
13,P,20260918,186,0,warmup,186,stride_4097,67108864,1048576,836935,8887343065591970106,7154069,11,11,8005678281776367424,8005678281776367424
13,P,20260918,187,0,warmup,187,stride_513,24576,1048576,652,3007643965111391389,1615090,11,11,1712612578793322496,1712612578793322496
13,P,20260918,188,0,warmup,188,stride_513,201326592,1048576,23546054,8408143615427841520,13371602,11,11,8321533545057188308,8321533545057188308
13,P,20260918,189,0,warmup,189,stride_17,67108864,1048576,6028602,6929214195940328681,9100782,11,11,5992917321456554694,5992917321456554694
13,P,20260918,190,0,warmup,190,stride_1_double,524288,2097152,46600,5017139120349117853,4064829,11,11,1677023885985199424,1677023885985199424
13,P,20260918,191,0,warmup,191,stride_17,16384,1048576,1951,16319210390487876395,1692050,11,11,9548053087369131008,9548053087369131008
13,P,20260918,192,0,warmup,192,stride_1,393216,1048576,27005,11146136943521914480,1691035,11,11,14802101443041587338,14802101443041587338
13,P,20260918,193,0,warmup,193,stride_1_bis,98304,1048576,5674,16391198687080717163,1698379,11,11,397189580700655637,397189580700655637
13,P,20260918,194,0,warmup,194,stride_4097,2097152,1048576,37590,7919144540966885772,2537056,11,11,14577075130308765988,14577075130308765988
13,P,20260918,195,0,warmup,195,pair_same_line,131072,1048576,2050,11643775564877351314,2178791,11,11,1283859448934885637,1283859448934885637
13,P,20260918,196,0,warmup,196,pair_same_line,8192,1048576,420,8878095519374327719,1905505,11,11,3934519582909354597,3934519582909354597
13,P,20260918,197,0,warmup,197,pair_same_line,6291456,1048576,36012,3386235929470045532,13235436,11,11,2309827246779993124,2309827246779993124
13,P,20260918,198,0,warmup,198,random,25165824,1048576,644104,7816025483294872802,16537056,11,11,12165126599139008067,12165126599139008067
13,P,20260918,199,0,warmup,199,stride_4097,12288,1048576,1169,11843932899809754339,2273153,11,11,9627205431976107730,9627205431976107730
13,P,20260918,200,0,warmup,200,stride_1,262144,1048576,10872,14496633573606475558,2201313,11,11,3252759155835688704,3252759155835688704
13,P,20260918,201,0,warmup,201,stride_1_bis,4096,1048576,90,8625580887480421009,1947902,11,11,8154595385843253248,8154595385843253248
13,P,20260918,202,0,warmup,202,stride_1_double,24576,2097152,98,6805674388264694977,3672253,11,11,10688266126763073723,10688266126763073723
13,P,20260918,203,0,warmup,203,stride_1,134217728,1048576,13791376,415516639706966238,2045598,11,11,11969487623596367714,11969487623596367714
13,P,20260918,204,0,warmup,204,random,262144,1048576,31577,4952761892286204598,1369446,11,11,8807411024571197848,8807411024571197848
13,P,20260918,205,0,warmup,205,random,786432,1048576,89023,8652170828696985495,1648754,11,11,6328050822437652623,6328050822437652623
13,P,20260918,206,0,warmup,206,stride_1,2097152,1048576,179537,16332081032835335746,1935539,11,11,14577075130308765988,14577075130308765988
13,P,20260918,207,0,warmup,207,stride_513,12288,1048576,1418,6563932336872511165,1472046,11,11,9502424420678940672,9502424420678940672
13,P,20260918,208,0,warmup,208,stride_1_double,3145728,2097152,103085,12603047898580437104,4252883,11,11,10026542630572256361,10026542630572256361
13,P,20260918,209,0,warmup,209,stride_1,786432,1048576,16661,3078742062959971185,1370365,11,11,883738550119666839,883738550119666839
13,P,20260918,210,0,warmup,210,pair_same_line,98304,1048576,6434,9621103925793603783,1765201,11,11,7291084785805331071,7291084785805331071
13,P,20260918,211,0,warmup,211,stride_1,1572864,1048576,131585,2683071781534641929,1380108,11,11,3986341153740858802,3986341153740858802
13,P,20260918,212,0,warmup,212,stride_17,6291456,1048576,675419,11159883788344772950,5661409,11,11,16084709409604487992,16084709409604487992
13,P,20260918,213,0,warmup,213,stride_17,196608,1048576,18059,10427883725872247089,1358739,11,11,12340531216801840984,12340531216801840984
13,P,20260918,214,0,warmup,214,stride_1,16384,1048576,378,7887206341992494660,1353257,11,11,9548053087369131008,9548053087369131008
13,P,20260918,215,0,warmup,215,stride_1_double,134217728,2097152,13393189,2542065169002886366,3471007,11,11,2825457290608810339,2825457290608810339
13,P,20260918,216,0,warmup,216,stride_1,16777216,1048576,400163,18398743145419949166,1939140,11,11,2202234350525750408,2202234350525750408
13,P,20260918,217,0,warmup,217,pair_same_line,1048576,1048576,111100,15395353141329899050,2548434,11,11,14463409172962848304,14463409172962848304
13,P,20260918,218,0,warmup,218,pair_split_line,1572864,1048576,147032,880217875624275597,3450660,11,11,10927551234954267304,10927551234954267304
13,P,20260918,219,0,warmup,219,pair_same_line,393216,1048576,28306,7841600469221425499,1831429,11,11,10308787586329319516,10308787586329319516
13,P,20260918,220,0,warmup,220,stride_1_bis,67108864,1048576,7843810,9855290295691131799,2073009,11,11,17510970318221543410,17510970318221543410
13,P,20260918,221,0,warmup,221,stride_17,16777216,1048576,1524501,14482421877228584840,7552561,11,11,2300987049642704675,2300987049642704675
13,P,20260918,222,0,warmup,222,stride_513,262144,1048576,16891,9480098854737041407,1458917,11,11,3252759155835688704,3252759155835688704
13,P,20260918,223,0,warmup,223,pair_split_line,32768,1048576,2800,12699205591048234749,1882525,11,11,14766067173402574665,14766067173402574665
13,P,20260918,224,0,warmup,224,pair_same_line,49152,1048576,2371,6921101532196235202,1627780,11,11,2077210747527955638,2077210747527955638
13,P,20260918,225,0,warmup,225,pair_same_line,12288,1048576,495,4124813940765932860,1866417,11,11,2322850642907099520,2322850642907099520
13,P,20260918,226,0,warmup,226,stride_17,201326592,1048576,19368153,6900440334794471568,9145566,11,11,4938250684957865798,4938250684957865798
13,P,20260918,227,0,warmup,227,stride_1_double,1572864,2097152,46025,13390707163386325955,2807776,11,11,8197281725404290762,8197281725404290762
13,P,20260918,228,0,warmup,228,stride_513,25165824,1048576,1205448,8060672885158728936,12038978,11,11,1003168821508743228,1003168821508743228
13,P,20260918,229,0,warmup,229,stride_1_bis,33554432,1048576,3978004,10841167131509917102,1944525,11,11,2198988367546980719,2198988367546980719
13,P,20260918,230,0,warmup,230,pair_split_line,1048576,1048576,34020,14638672910932447589,2798864,11,11,5658238828764795494,5658238828764795494
13,P,20260918,231,0,warmup,231,pair_same_line,134217728,1048576,8884673,2772431909555802863,20094908,11,11,7822768550919615528,7822768550919615528
13,P,20260918,232,0,warmup,232,stride_1_bis,196608,1048576,24418,15416133843599852969,1533015,11,11,2708010727601086244,2708010727601086244
13,P,20260918,233,0,warmup,233,stride_1,98304,1048576,2187,1324631564749695011,1463163,11,11,1148176486818499707,1148176486818499707
13,P,20260918,234,0,warmup,234,pair_split_line,3145728,1048576,157668,4008017450845616038,7751277,11,11,4547797082221581966,4547797082221581966
13,P,20260918,235,0,warmup,235,stride_1_bis,24576,1048576,2360,7873032175355307020,1441769,11,11,2995332308706489693,2995332308706489693
13,P,20260918,236,0,warmup,236,stride_17,268435456,1048576,17432628,7804784688500183630,8636532,11,11,18106274677251962746,18106274677251962746
13,P,20260918,237,0,warmup,237,stride_4097,65536,1048576,6886,15936122043534434181,1609608,11,11,16423878549329276288,16423878549329276288
13,P,20260918,238,0,warmup,238,stride_1_bis,50331648,1048576,3547954,10872275749810135621,1978888,11,11,11387905322989068676,11387905322989068676
13,P,20260918,239,0,warmup,239,stride_1_double,786432,2097152,82458,4815044688737597821,2839743,11,11,6105377361498323039,6105377361498323039
13,P,20260918,240,0,warmup,240,stride_1_bis,16777216,1048576,1884502,12398844434867543260,1804256,11,11,1698144752534459730,1698144752534459730
13,P,20260918,241,0,warmup,241,random,8388608,1048576,315027,11827033079973566834,10490952,11,11,17616547665014594802,17616547665014594802
13,P,20260918,242,0,warmup,242,stride_513,32768,1048576,1016,3091105768443586147,1475853,11,11,10598541984122395648,10598541984122395648
13,P,20260918,243,0,warmup,243,stride_1,268435456,1048576,19509237,17024487183704635056,1795350,11,11,8135449358293417237,8135449358293417237
13,P,20260918,244,0,warmup,244,stride_17,32768,1048576,1151,16372666778818773065,1425921,11,11,10598541984122395648,10598541984122395648
13,P,20260918,245,0,warmup,245,pair_split_line,201326592,1048576,21611821,7913834620342250487,26964392,11,11,12531906111631558064,12531906111631558064
13,P,20260918,246,0,warmup,246,stride_4097,98304,1048576,10512,8402107339717543311,1992394,11,11,5928853429496299662,5928853429496299662
13,P,20260918,247,0,warmup,247,stride_513,4194304,1048576,331657,13337904561255990099,5443948,11,11,12406089252390561320,12406089252390561320
13,P,20260918,248,0,warmup,248,pair_same_line,268435456,1048576,4375276,11994189150942607790,21582378,11,11,12227735145797043911,12227735145797043911
13,P,20260918,249,0,warmup,249,pair_same_line,196608,1048576,8747,7979033803815309093,3084922,11,11,4378963099633226507,4378963099633226507
13,P,20260918,250,0,warmup,250,stride_1,131072,1048576,6566,3305040211829252522,2374305,11,11,16921412609114818048,16921412609114818048
13,P,20260918,251,0,warmup,251,stride_1_bis,8388608,1048576,604330,9856096000492400116,2332226,11,11,18303280461608560459,18303280461608560459
13,P,20260918,252,0,warmup,252,pair_same_line,16777216,1048576,1820238,1133172559490731611,16589874,11,11,17857249435857382431,17857249435857382431
13,P,20260918,253,0,warmup,253,stride_1_bis,6144,1048576,401,16707250746340404288,2378380,11,11,16106277224703893648,16106277224703893648
13,P,20260918,254,0,warmup,254,stride_1_bis,100663296,1048576,11317884,3656680710924464580,2344187,11,11,1855867581014232405,1855867581014232405
13,P,20260918,255,0,warmup,255,stride_1_double,25165824,2097152,2656282,81545939110730707,4393084,11,11,15009887493351371962,15009887493351371962
13,P,20260918,256,0,warmup,256,stride_1,12288,1048576,815,16192496182429446609,1728938,11,11,2904427553229656282,2904427553229656282
13,P,20260918,257,0,warmup,257,stride_1_double,50331648,2097152,3929024,590409850938161833,3958627,11,11,12925634503043448194,12925634503043448194
13,P,20260918,258,0,warmup,258,pair_split_line,98304,1048576,6704,2521030121160568194,2646395,11,11,5865789487500076552,5865789487500076552
13,P,20260918,259,0,warmup,259,stride_1_double,67108864,2097152,6761835,9812501881549087416,4959523,11,11,9170697878790721021,9170697878790721021
13,P,20260918,260,0,warmup,260,stride_513,8388608,1048576,70994,5530169330861596489,3708614,11,11,18303280461608560459,18303280461608560459
13,P,20260918,261,0,warmup,261,stride_1_bis,2097152,1048576,243220,13078094556051789841,1400259,11,11,14577075130308765988,14577075130308765988
13,P,20260918,262,0,warmup,262,pair_split_line,65536,1048576,364,13146484772614098812,2017630,11,11,4354132437152022273,4354132437152022273
13,P,20260918,263,0,warmup,263,pair_split_line,268435456,1048576,9629072,8938303577069535787,24153998,11,11,1730880745382337869,1730880745382337869
13,P,20260918,264,0,warmup,264,pair_same_line,67108864,1048576,1216354,15203407547328404549,20076113,11,11,13439815328556060188,13439815328556060188
13,P,20260918,265,0,warmup,265,pair_same_line,6144,1048576,636,9889343468353915762,2866017,11,11,13019845269090082022,13019845269090082022
13,P,20260918,266,0,warmup,266,random,24576,1048576,592,13367353641095765119,1711349,11,11,11217389065338619513,11217389065338619513
13,P,20260918,267,0,warmup,267,pair_split_line,33554432,1048576,3611068,3376971481553707991,25605465,11,11,15988940412580897444,15988940412580897444
13,P,20260918,268,0,warmup,268,stride_1,8192,1048576,1012,7622338558238887107,2003562,11,11,116592947459441664,116592947459441664
13,P,20260918,269,0,warmup,269,stride_4097,134217728,1048576,3564081,5429864803987759913,9190300,11,11,2151504976827854413,2151504976827854413
13,P,20260918,270,0,warmup,270,stride_1_double,98304,2097152,8866,15971560302030524702,4252410,11,11,6197509346845511305,6197509346845511305
13,P,20260918,271,0,warmup,271,stride_4097,50331648,1048576,2355605,10821858544368438164,9821407,11,11,11138225542426512117,11138225542426512117
13,P,20260918,272,0,warmup,272,stride_513,65536,1048576,7149,11614538098240020711,2502449,11,11,16423878549329276288,16423878549329276288
13,P,20260918,273,0,warmup,273,stride_1_double,8388608,2097152,275769,794702896036254897,4662861,11,11,18159816849507569302,18159816849507569302
13,P,20260918,274,0,warmup,274,stride_1_double,12288,2097152,292,9342069856599934100,3421173,11,11,6972216112148059479,6972216112148059479
13,P,20260918,275,0,warmup,275,stride_1_double,8192,2097152,668,16305954286461482568,3389908,11,11,233185894918883328,233185894918883328
13,P,20260918,276,0,warmup,276,stride_1_double,131072,2097152,8952,5165552812851371534,3379867,11,11,15396081144520084480,15396081144520084480
13,P,20260918,277,0,warmup,277,stride_513,12582912,1048576,968883,9141909776619992619,9888696,11,11,10120808792106458316,10120808792106458316
13,P,20260918,278,0,warmup,278,stride_1_double,393216,2097152,33970,3022626060281972839,3557905,11,11,14524200271867475489,14524200271867475489
13,P,20260918,279,0,warmup,279,random,50331648,1048576,324766,17815518481379171022,16051103,11,11,10907864753979433772,10907864753979433772
13,P,20260918,280,0,warmup,280,stride_513,786432,1048576,22801,11446379912728644104,2388606,11,11,16022285928360536512,16022285928360536512
13,P,20260918,281,0,warmup,281,stride_1,6144,1048576,657,2901274284975280588,2061063,11,11,13376938185858615610,13376938185858615610
13,P,20260918,282,0,warmup,282,stride_17,25165824,1048576,405691,10710809861999559749,8644798,11,11,11623702618909321543,11623702618909321543
13,P,20260918,283,0,warmup,283,random,98304,1048576,10163,9465208258157393666,1987276,11,11,12566035419263376497,12566035419263376497
13,P,20260918,284,0,warmup,284,pair_split_line,100663296,1048576,8643946,6307526601488072034,25025355,11,11,9014706302705002541,9014706302705002541
13,P,20260918,285,0,warmup,285,stride_1_double,100663296,2097152,1540722,14500962101181341050,5286012,11,11,1738303539491210440,1738303539491210440
13,P,20260918,286,0,warmup,286,pair_split_line,12288,1048576,697,589832801024350534,2359234,11,11,7500903911985376700,7500903911985376700
13,P,20260918,287,0,warmup,287,stride_17,6144,1048576,360,10146613676473954799,1694431,11,11,3478278016295725356,3478278016295725356
13,P,20260918,288,0,warmup,288,stride_1_double,4096,2097152,405,7728000322598656464,3386628,11,11,16309190771686506496,16309190771686506496
13,P,20260918,289,0,warmup,289,stride_1_double,16384,2097152,649,17202421698928019761,3405890,11,11,649362101028710400,649362101028710400
13,P,20260918,290,0,warmup,290,stride_17,8388608,1048576,288964,10645272907314098155,6983257,11,11,18303280461608560459,18303280461608560459
13,P,20260918,291,0,warmup,291,pair_same_line,4194304,1048576,447602,18370841893317661756,5892753,11,11,13549512795523630365,13549512795523630365
13,P,20260918,292,0,warmup,292,stride_1,100663296,1048576,4227193,7518586522221144059,2191263,11,11,373248702832618053,373248702832618053
13,P,20260918,293,0,warmup,293,stride_17,98304,1048576,8936,7318269879352499990,1762335,11,11,2568418893087475958,2568418893087475958
13,P,20260918,294,0,warmup,294,pair_same_line,2097152,1048576,213855,13890313893325121002,3815930,11,11,11461553473745887229,11461553473745887229
13,P,20260918,295,0,warmup,295,random,1572864,1048576,91060,11777116724370782690,1625635,11,11,1957164253976672792,1957164253976672792
13,P,20260918,296,0,warmup,296,random,393216,1048576,32284,5154960696939308972,1314461,11,11,16559962655033577001,16559962655033577001
13,P,20260918,297,1,measure,0,stride_1_bis,3145728,1048576,181943,13707290337894839917,1849819,11,11,17612335788427720042,17612335788427720042
13,P,20260918,298,1,measure,1,stride_1_bis,16777216,1048576,1716930,7127336023932559019,1721954,11,11,10006075224371603294,10006075224371603294
13,P,20260918,299,1,measure,2,stride_1,33554432,1048576,567245,16788438097465233684,1838357,11,11,8051197195036079256,8051197195036079256
13,P,20260918,300,1,measure,3,random,201326592,1048576,1905296,12363228214524308328,19291805,11,11,15417657634381773336,15417657634381773336
13,P,20260918,301,1,measure,4,pair_split_line,131072,1048576,7891,4404103762245519862,3003989,11,11,6202510037785700444,6202510037785700444
13,P,20260918,302,1,measure,5,stride_17,98304,1048576,2660,6309892342135791594,1821337,11,11,3050419421923269000,3050419421923269000
13,P,20260918,303,1,measure,6,stride_1_bis,12288,1048576,954,2260171532041995889,1695927,11,11,16282342982035695474,16282342982035695474
13,P,20260918,304,1,measure,7,stride_1_double,786432,2097152,76077,16230660931379953535,3439379,11,11,1277811825634870108,1277811825634870108
13,P,20260918,305,1,measure,8,stride_1_bis,12582912,1048576,127350,12210672846568756299,1987421,11,11,4152594489413656211,4152594489413656211
13,P,20260918,306,1,measure,9,stride_1_bis,65536,1048576,2008,1590717430781162040,1629681,11,11,16423878549329276288,16423878549329276288
13,P,20260918,307,1,measure,10,pair_split_line,12582912,1048576,398203,6581395967551003331,14248082,11,11,13056819885107309567,13056819885107309567
13,P,20260918,308,1,measure,11,stride_1,6291456,1048576,27781,15467890853067111011,1714638,11,11,16670761134131679325,16670761134131679325
13,P,20260918,309,1,measure,12,stride_1,201326592,1048576,112992,2345516122505568210,1965585,11,11,5086120108019298226,5086120108019298226
13,P,20260918,310,1,measure,13,stride_17,67108864,1048576,5476995,5054600478103300710,10394854,11,11,11244952316204788779,11244952316204788779
13,P,20260918,311,1,measure,14,stride_1_double,6144,2097152,508,8906258381454917955,3429603,11,11,12200835936486393395,12200835936486393395
13,P,20260918,312,1,measure,15,stride_1,196608,1048576,2126,3026588514530613134,1788245,11,11,7600281246268892389,7600281246268892389
13,P,20260918,313,1,measure,16,stride_1,393216,1048576,43742,11695486729066256722,1798611,11,11,3268247126576846193,3268247126576846193
13,P,20260918,314,1,measure,17,random,32768,1048576,2278,16176755237716136453,1239330,11,11,17275766832962445145,17275766832962445145
13,P,20260918,315,1,measure,18,stride_1,12582912,1048576,1182111,12133253832394400398,2412730,11,11,3638146291998126239,3638146291998126239
13,P,20260918,316,1,measure,19,stride_17,50331648,1048576,3472140,14211683885512649015,7854567,11,11,10788451416781734505,10788451416781734505
13,P,20260918,317,1,measure,20,stride_1_double,4194304,2097152,76216,14246418710494510238,3738146,11,11,6365434431071571024,6365434431071571024
13,P,20260918,318,1,measure,21,stride_4097,25165824,1048576,892817,1902266934885002574,8581132,11,11,977161658304664983,977161658304664983
13,P,20260918,319,1,measure,22,stride_1,268435456,1048576,32465299,6885398400508988769,1880646,11,11,16363075611980313504,16363075611980313504
13,P,20260918,320,1,measure,23,pair_same_line,1048576,1048576,87872,12285029554100825694,2677938,11,11,16317582903673655571,16317582903673655571
13,P,20260918,321,1,measure,24,stride_17,6144,1048576,585,6265409856503845820,1509560,11,11,15809223654723372211,15809223654723372211
13,P,20260918,322,1,measure,25,stride_17,6291456,1048576,371125,11348794045729294097,5543706,11,11,8863421263338266481,8863421263338266481
13,P,20260918,323,1,measure,26,stride_1,134217728,1048576,4361846,995316953671178599,1845114,11,11,62201124679655374,62201124679655374
13,P,20260918,324,1,measure,27,pair_split_line,16384,1048576,1913,9143562217849902616,1956351,11,11,1338698410242052202,1338698410242052202
13,P,20260918,325,1,measure,28,stride_17,12288,1048576,1079,9593625443797241145,1368944,11,11,9424788141215977346,9424788141215977346
13,P,20260918,326,1,measure,29,random,524288,1048576,21853,18197864692770594236,1357475,11,11,13793773253660428477,13793773253660428477
13,P,20260918,327,1,measure,30,stride_4097,262144,1048576,10027,17722324273169803866,1410692,11,11,3252759155835688704,3252759155835688704
13,P,20260918,328,1,measure,31,stride_1_double,3145728,2097152,229894,10950270194426200121,4102410,11,11,13966033127323867413,13966033127323867413
13,P,20260918,329,1,measure,32,stride_1_double,6291456,2097152,11188,2968126114765327106,3811086,11,11,1463222955721587227,1463222955721587227
13,P,20260918,330,1,measure,33,pair_same_line,393216,1048576,3111,3509505568593794761,1882539,11,11,8086341155888508951,8086341155888508951
13,P,20260918,331,1,measure,34,pair_split_line,25165824,1048576,1766349,17811605710913796928,18835182,11,11,10014029883209142524,10014029883209142524
13,P,20260918,332,1,measure,35,stride_17,16777216,1048576,468512,16223913576997158344,5980299,11,11,6012382754645106206,6012382754645106206
13,P,20260918,333,1,measure,36,stride_17,8192,1048576,754,15043181351110988146,1356180,11,11,116592947459441664,116592947459441664
13,P,20260918,334,1,measure,37,stride_1_double,98304,2097152,10917,11424256109303874507,2715708,11,11,11857473601294175395,11857473601294175395
13,P,20260918,335,1,measure,38,stride_4097,24576,1048576,433,3597473003656335688,1352310,11,11,4930429111309366944,4930429111309366944
13,P,20260918,336,1,measure,39,stride_513,268435456,1048576,2045109,4304788369829566057,13237052,11,11,9273373280593232187,9273373280593232187
13,P,20260918,337,1,measure,40,stride_1_bis,1572864,1048576,68070,1584220159293892419,1819555,11,11,1968229402183945593,1968229402183945593
13,P,20260918,338,1,measure,41,random,98304,1048576,11333,11712044056113186135,1328576,11,11,7271840900702016885,7271840900702016885
13,P,20260918,339,1,measure,42,stride_513,100663296,1048576,6015528,12578274993280966603,12818511,11,11,9995362879206264235,9995362879206264235
13,P,20260918,340,1,measure,43,stride_4097,3145728,1048576,349129,6394415197960148119,4438370,11,11,1040304876977421775,1040304876977421775
13,P,20260918,341,1,measure,44,stride_1_double,201326592,2097152,7341308,6470693992825714109,4346531,11,11,5002959933014260838,5002959933014260838
13,P,20260918,342,1,measure,45,pair_same_line,8388608,1048576,858403,16033288568618696065,14469647,11,11,15775472946799270201,15775472946799270201
13,P,20260918,343,1,measure,46,random,12582912,1048576,1176029,4305764775236690433,12436913,11,11,1630535118128288334,1630535118128288334
13,P,20260918,344,1,measure,47,pair_same_line,32768,1048576,108,10813000488329601036,2833677,11,11,8255470388241905427,8255470388241905427
13,P,20260918,345,1,measure,48,stride_1_bis,1048576,1048576,127487,6550821869658102399,2132649,11,11,8797231230870489880,8797231230870489880
13,P,20260918,346,1,measure,49,pair_same_line,65536,1048576,6938,11637527529351245127,2482837,11,11,7042797149646317030,7042797149646317030
13,P,20260918,347,1,measure,50,pair_same_line,24576,1048576,1549,14071122795598217276,2279914,11,11,16189738774154928322,16189738774154928322
13,P,20260918,348,1,measure,51,stride_1_double,4096,2097152,196,13753696485783066014,3612917,11,11,16309190771686506496,16309190771686506496
13,P,20260918,349,1,measure,52,stride_1_bis,8192,1048576,223,9755898669310799912,1771040,11,11,116592947459441664,116592947459441664
13,P,20260918,350,1,measure,53,stride_1_bis,201326592,1048576,20088632,10128750109237924619,2108856,11,11,1991232461079166975,1991232461079166975
13,P,20260918,351,1,measure,54,stride_4097,4194304,1048576,393825,13244005278554088692,3191894,11,11,12406089252390561320,12406089252390561320
13,P,20260918,352,1,measure,55,stride_1_double,8192,2097152,939,11726139980962095680,3081365,11,11,233185894918883328,233185894918883328
13,P,20260918,353,1,measure,56,stride_1_double,524288,2097152,10244,3298722799537298641,3377368,11,11,1677023885985199424,1677023885985199424
13,P,20260918,354,1,measure,57,stride_17,4194304,1048576,393462,1917814952360850514,5252989,11,11,12406089252390561320,12406089252390561320
13,P,20260918,355,1,measure,58,stride_1_bis,134217728,1048576,6589549,6050403743135345052,1710547,11,11,13554877907261946156,13554877907261946156
13,P,20260918,356,1,measure,59,stride_513,262144,1048576,20400,4513842773893047891,1461336,11,11,3252759155835688704,3252759155835688704
13,P,20260918,357,1,measure,60,pair_split_line,262144,1048576,31955,12914205135969063188,2309380,11,11,16112732309561964007,16112732309561964007
13,P,20260918,358,1,measure,61,stride_1_bis,524288,1048576,65131,5717794905971835340,1406385,11,11,10061883979847375520,10061883979847375520
13,P,20260918,359,1,measure,62,stride_513,4096,1048576,398,9597041530410079688,1390728,11,11,8154595385843253248,8154595385843253248
13,P,20260918,360,1,measure,63,pair_split_line,33554432,1048576,1643661,17023412388975193908,17522757,11,11,12758996768257209976,12758996768257209976
13,P,20260918,361,1,measure,64,stride_1_bis,196608,1048576,2013,10868924410510905372,1406779,11,11,9041324198472668696,9041324198472668696
13,P,20260918,362,1,measure,65,stride_1,25165824,1048576,3117022,8414777109250516777,1679957,11,11,3307242812457114380,3307242812457114380
13,P,20260918,363,1,measure,66,stride_17,201326592,1048576,10143841,11876518405093666332,8334692,11,11,15694003303129256178,15694003303129256178
13,P,20260918,364,1,measure,67,stride_4097,1048576,1048576,54418,10453012384543672104,1579197,11,11,8797231230870489880,8797231230870489880
13,P,20260918,365,1,measure,68,stride_1_double,12288,2097152,588,1989275880105500107,2880155,11,11,16450418539083276163,16450418539083276163
13,P,20260918,366,1,measure,69,stride_4097,12582912,1048576,383967,12236760184779196867,7816955,11,11,6043510010779493429,6043510010779493429
13,P,20260918,367,1,measure,70,stride_17,196608,1048576,13393,128377246550508806,1418317,11,11,3497214191884844379,3497214191884844379
13,P,20260918,368,1,measure,71,stride_513,50331648,1048576,2509581,967421328392211167,12577675,11,11,16438183149258580665,16438183149258580665
13,P,20260918,369,1,measure,72,stride_513,25165824,1048576,2332517,2539750069627801149,10259785,11,11,11886943178879158261,11886943178879158261
13,P,20260918,370,1,measure,73,stride_1,8388608,1048576,211317,2033835664776362585,2294197,11,11,18303280461608560459,18303280461608560459
13,P,20260918,371,1,measure,74,stride_1_bis,268435456,1048576,33155673,8155291033707970986,2188415,11,11,1493981280482343968,1493981280482343968
13,P,20260918,372,1,measure,75,stride_513,65536,1048576,1663,1301077727149649750,1938551,11,11,16423878549329276288,16423878549329276288
13,P,20260918,373,1,measure,76,stride_17,16384,1048576,1066,14038353997884918969,1690594,11,11,9548053087369131008,9548053087369131008
13,P,20260918,374,1,measure,77,stride_1_double,100663296,2097152,6897862,4883151776873646513,3702416,11,11,15799166388741195981,15799166388741195981
13,P,20260918,375,1,measure,78,stride_513,4194304,1048576,185710,9923819779976574997,6529438,11,11,12406089252390561320,12406089252390561320
13,P,20260918,376,1,measure,79,stride_513,32768,1048576,1769,14636039199244428672,1610797,11,11,10598541984122395648,10598541984122395648
13,P,20260918,377,1,measure,80,pair_split_line,1048576,1048576,65616,11650488306741607583,3177159,11,11,11749378145175023538,11749378145175023538
13,P,20260918,378,1,measure,81,stride_513,98304,1048576,9501,10028458858500104558,1682348,11,11,3510283103173401088,3510283103173401088
13,P,20260918,379,1,measure,82,stride_4097,16384,1048576,103,4567343553242123480,1601140,11,11,9548053087369131008,9548053087369131008
13,P,20260918,380,1,measure,83,pair_split_line,196608,1048576,855,8381382562242411082,3010237,11,11,12854251427387653987,12854251427387653987
13,P,20260918,381,1,measure,84,stride_1_double,65536,2097152,7413,10588939631945253180,2809811,11,11,14401013024949000960,14401013024949000960
13,P,20260918,382,1,measure,85,pair_split_line,524288,1048576,17359,17104760852381502582,2532497,11,11,2641067841569650502,2641067841569650502
13,P,20260918,383,1,measure,86,pair_split_line,201326592,1048576,15606585,3520697432832686912,24308230,11,11,11607986499862553832,11607986499862553832
13,P,20260918,384,1,measure,87,stride_4097,16777216,1048576,496764,3787154978038110918,7459122,11,11,9870981402974247628,9870981402974247628
13,P,20260918,385,1,measure,88,pair_split_line,134217728,1048576,8906216,16024662882060562181,21214764,11,11,6706694640930862775,6706694640930862775
13,P,20260918,386,1,measure,89,pair_split_line,3145728,1048576,361015,4975587941099578757,12045594,11,11,10357836641402230578,10357836641402230578
13,P,20260918,387,1,measure,90,stride_1_double,268435456,2097152,2548684,6896009622408858742,4649708,11,11,994390637768951555,994390637768951555
13,P,20260918,388,1,measure,91,stride_1,524288,1048576,59075,16183572812686943704,1748126,11,11,10061883979847375520,10061883979847375520
13,P,20260918,389,1,measure,92,stride_4097,131072,1048576,15813,14973450669141298105,1856366,11,11,16921412609114818048,16921412609114818048
13,P,20260918,390,1,measure,93,stride_1_bis,4194304,1048576,24916,18273621861200865797,2156300,11,11,12406089252390561320,12406089252390561320
13,P,20260918,391,1,measure,94,random,67108864,1048576,3622834,305541617285891619,16701061,11,11,15297194185810726131,15297194185810726131
13,P,20260918,392,1,measure,95,stride_1_double,24576,2097152,1192,16260804695551794220,3988570,11,11,18148232324024960721,18148232324024960721
13,P,20260918,393,1,measure,96,stride_4097,2097152,1048576,84051,1691355928562086009,2183049,11,11,14577075130308765988,14577075130308765988
13,P,20260918,394,1,measure,97,stride_4097,6144,1048576,517,9969276881765359244,1813997,11,11,9275929454916069240,9275929454916069240
13,P,20260918,395,1,measure,98,stride_513,49152,1048576,4267,929765650033212877,1744949,11,11,10058475094351434240,10058475094351434240
13,P,20260918,396,1,measure,99,pair_split_line,8388608,1048576,716708,5604537615189926564,13108995,11,11,9066282025292614979,9066282025292614979
13,P,20260918,397,1,measure,100,stride_1,4194304,1048576,33738,17244293114709496123,1973253,11,11,12406089252390561320,12406089252390561320
13,P,20260918,398,1,measure,101,pair_split_line,8192,1048576,669,2498221306659633983,2755661,11,11,13541380963890175635,13541380963890175635
13,P,20260918,399,1,measure,102,pair_same_line,12582912,1048576,354742,11784348272008169899,13313368,11,11,18068857630808663511,18068857630808663511
13,P,20260918,400,1,measure,103,stride_1,1572864,1048576,186884,15200407740039758808,2006095,11,11,17836627483282239666,17836627483282239666
13,P,20260918,401,1,measure,104,stride_1,16384,1048576,1051,666997889351752357,1825265,11,11,9548053087369131008,9548053087369131008
13,P,20260918,402,1,measure,105,stride_1,2097152,1048576,13696,3761142442174574871,1784158,11,11,14577075130308765988,14577075130308765988
13,P,20260918,403,1,measure,106,pair_split_line,4096,1048576,299,16981281318159012771,2323652,11,11,2153932488640672362,2153932488640672362
13,P,20260918,404,1,measure,107,stride_1_bis,25165824,1048576,564473,12078454335238135162,2019997,11,11,9460805162133141252,9460805162133141252
13,P,20260918,405,1,measure,108,pair_split_line,65536,1048576,682,14636491117807717990,2276568,11,11,6400755415349429127,6400755415349429127
13,P,20260918,406,1,measure,109,pair_same_line,201326592,1048576,11620408,14985846110009393165,19572965,11,11,6491944542468216711,6491944542468216711
13,P,20260918,407,1,measure,110,stride_1,49152,1048576,29,17348822640539784702,1847360,11,11,13161953962345016503,13161953962345016503
13,P,20260918,408,1,measure,111,stride_17,49152,1048576,2078,1428523169553180260,1884658,11,11,1803928228891181791,1803928228891181791
13,P,20260918,409,1,measure,112,stride_513,201326592,1048576,22105672,4098665819559677909,12829312,11,11,6132124143588459416,6132124143588459416
13,P,20260918,410,1,measure,113,stride_17,2097152,1048576,196763,11048640153560242558,2455419,11,11,14577075130308765988,14577075130308765988
13,P,20260918,411,1,measure,114,pair_split_line,100663296,1048576,10103429,9948736512807469942,25161785,11,11,15342986587850021206,15342986587850021206
13,P,20260918,412,1,measure,115,random,16777216,1048576,1600618,806617334500939341,14682951,11,11,7272212274160149198,7272212274160149198
13,P,20260918,413,1,measure,116,pair_same_line,16777216,1048576,419482,6618605879137026448,16487668,11,11,17495216966965315533,17495216966965315533
13,P,20260918,414,1,measure,117,pair_same_line,50331648,1048576,3472260,1878240228153602117,19635757,11,11,14841989494852972682,14841989494852972682
13,P,20260918,415,1,measure,118,stride_17,134217728,1048576,1415347,11220084649671063358,10652082,11,11,5140988447485252514,5140988447485252514
13,P,20260918,416,1,measure,119,stride_513,24576,1048576,2819,7801302354085723101,3171233,11,11,13347672456076306432,13347672456076306432
13,P,20260918,417,1,measure,120,stride_1_bis,67108864,1048576,2283026,8660216972557905369,2355526,11,11,6173100327964462317,6173100327964462317
13,P,20260918,418,1,measure,121,random,49152,1048576,512,3892970441791298981,1447206,11,11,15561359019394242105,15561359019394242105
13,P,20260918,419,1,measure,122,pair_split_line,50331648,1048576,2537395,6787056338465067967,25224373,11,11,11017835693032129551,11017835693032129551
13,P,20260918,420,1,measure,123,stride_1_bis,49152,1048576,1150,12422388979171448224,2790201,11,11,9481393871850946311,9481393871850946311
13,P,20260918,421,1,measure,124,pair_same_line,25165824,1048576,443706,839545403142753187,18319823,11,11,3244911056112709345,3244911056112709345
13,P,20260918,422,1,measure,125,pair_same_line,8192,1048576,96,6325491930943002129,3481502,11,11,17445555690882166148,17445555690882166148
13,P,20260918,423,1,measure,126,pair_same_line,196608,1048576,19989,12565122336169441186,2916734,11,11,6041822870075100890,6041822870075100890
13,P,20260918,424,1,measure,127,random,100663296,1048576,10125548,16045468392911220867,19142622,11,11,18362422614733509345,18362422614733509345
13,P,20260918,425,1,measure,128,pair_same_line,2097152,1048576,54787,10715391338801722477,6174280,11,11,11038822300945159008,11038822300945159008
13,P,20260918,426,1,measure,129,stride_1,67108864,1048576,4252201,12236830257119788300,2366385,11,11,12523555506876562803,12523555506876562803
13,P,20260918,427,1,measure,130,stride_4097,786432,1048576,26773,14028725332156615763,1833695,11,11,17775159863141810277,17775159863141810277
13,P,20260918,428,1,measure,131,stride_1_double,50331648,2097152,4436046,4211521748314806668,4124794,11,11,10507401606016507916,10507401606016507916
13,P,20260918,429,1,measure,132,pair_split_line,2097152,1048576,178498,6847252391276437405,3838580,11,11,11060298039881213615,11060298039881213615
13,P,20260918,430,1,measure,133,stride_1_bis,32768,1048576,922,4712400420160019600,1690923,11,11,10598541984122395648,10598541984122395648
13,P,20260918,431,1,measure,134,stride_1_bis,33554432,1048576,2723900,6192038513696808562,2051930,11,11,11448851559325253571,11448851559325253571
13,P,20260918,432,1,measure,135,pair_split_line,24576,1048576,2753,8335146567116063993,2368805,11,11,8083183667620304767,8083183667620304767
13,P,20260918,433,1,measure,136,stride_4097,49152,1048576,5721,8012444703670213959,1690515,11,11,8152274753999269885,8152274753999269885
13,P,20260918,434,1,measure,137,stride_1_double,196608,2097152,14785,11615559973089431344,3441972,11,11,16623570560690906650,16623570560690906650
13,P,20260918,435,1,measure,138,stride_513,6291456,1048576,440147,13179786470353034726,3278923,11,11,8960868997562969188,8960868997562969188
13,P,20260918,436,1,measure,139,pair_split_line,393216,1048576,12829,15237349468527779739,2812332,11,11,15672212988462676355,15672212988462676355
13,P,20260918,437,1,measure,140,random,1572864,1048576,20227,17834224950670386542,1621738,11,11,14086133148883213646,14086133148883213646
13,P,20260918,438,1,measure,141,stride_513,196608,1048576,3848,1699935505413896132,1548102,11,11,8126674812445135616,8126674812445135616
13,P,20260918,439,1,measure,142,pair_split_line,6144,1048576,289,2792139614546416297,1931239,11,11,15824562047465684344,15824562047465684344
13,P,20260918,440,1,measure,143,pair_split_line,12288,1048576,1406,9356124864001493472,2086034,11,11,8288389403021237438,8288389403021237438
13,P,20260918,441,1,measure,144,stride_1,32768,1048576,613,9241764926296164983,1388524,11,11,10598541984122395648,10598541984122395648
13,P,20260918,442,1,measure,145,stride_513,12582912,1048576,325899,16837187609052665403,8032690,11,11,10120808792106458316,10120808792106458316
13,P,20260918,443,1,measure,146,stride_1_bis,2097152,1048576,46696,8560130887357372588,1534063,11,11,14577075130308765988,14577075130308765988
13,P,20260918,444,1,measure,147,random,196608,1048576,17534,9793213212271770187,1129544,11,11,13128045126016012541,13128045126016012541
13,P,20260918,445,1,measure,148,stride_17,524288,1048576,36920,2207242127050786140,1437900,11,11,10061883979847375520,10061883979847375520
13,P,20260918,446,1,measure,149,stride_1,786432,1048576,88160,12980587622802170485,1376990,11,11,17661480879306464079,17661480879306464079
13,P,20260918,447,1,measure,150,random,4096,1048576,401,551294559460933514,1089363,11,11,9573351826083392747,9573351826083392747
13,P,20260918,448,1,measure,151,pair_same_line,67108864,1048576,4212915,15077354888784062442,18324543,11,11,6977561792573668859,6977561792573668859
13,P,20260918,449,1,measure,152,stride_1_bis,98304,1048576,10219,15305879778689701290,1546193,11,11,17086227397194238332,17086227397194238332
13,P,20260918,450,1,measure,153,stride_513,8192,1048576,1009,289211029300171531,1518955,11,11,116592947459441664,116592947459441664
13,P,20260918,451,1,measure,154,stride_1_double,8388608,2097152,714261,11020391852582444189,3897987,11,11,18159816849507569302,18159816849507569302
13,P,20260918,452,1,measure,155,stride_513,131072,1048576,14022,3877901318268282332,1423194,11,11,16921412609114818048,16921412609114818048
13,P,20260918,453,1,measure,156,pair_same_line,100663296,1048576,9118210,13951472793114842218,18849200,11,11,16924335845951833138,16924335845951833138
13,P,20260918,454,1,measure,157,pair_same_line,524288,1048576,26397,11677648887794014057,2516524,11,11,4945783426890604306,4945783426890604306
13,P,20260918,455,1,measure,158,stride_1,6144,1048576,200,7612532423656335524,1643567,11,11,6820155820641263830,6820155820641263830
13,P,20260918,456,1,measure,159,stride_513,16384,1048576,22,15047170091634931479,1573535,11,11,9548053087369131008,9548053087369131008
13,P,20260918,457,1,measure,160,stride_1_double,67108864,2097152,3788337,7659380631189998412,3971231,11,11,18390085941077942184,18390085941077942184
13,P,20260918,458,1,measure,161,stride_513,12288,1048576,1531,16412852297749073220,1367101,11,11,3776769180852905984,3776769180852905984
13,P,20260918,459,1,measure,162,stride_513,67108864,1048576,6234273,3535328060242900036,11863466,11,11,5038047068059754509,5038047068059754509
13,P,20260918,460,1,measure,163,stride_1_double,25165824,2097152,21073,7206555296816579120,4006085,11,11,4512470976302029389,4512470976302029389
13,P,20260918,461,1,measure,164,stride_1,16777216,1048576,957424,7052744774092136675,2058003,11,11,9633987487315648198,9633987487315648198
13,P,20260918,462,1,measure,165,stride_4097,12288,1048576,857,9296064609782855532,1562192,11,11,15016619716157269423,15016619716157269423
13,P,20260918,463,1,measure,166,stride_1_bis,8388608,1048576,321663,17029060570853962899,2053393,11,11,18303280461608560459,18303280461608560459
13,P,20260918,464,1,measure,167,stride_1_double,33554432,2097152,1301187,9674106128485491301,3798580,11,11,16168774621755114313,16168774621755114313
13,P,20260918,465,1,measure,168,stride_1_bis,786432,1048576,81746,17742258655521277106,1445508,11,11,9796914828805218366,9796914828805218366
13,P,20260918,466,1,measure,169,stride_513,3145728,1048576,236420,2217190367749621504,2080405,11,11,13978878534847391976,13978878534847391976
13,P,20260918,467,1,measure,170,stride_4097,65536,1048576,6635,16452197101647314218,1454532,11,11,16423878549329276288,16423878549329276288
13,P,20260918,468,1,measure,171,stride_17,32768,1048576,2590,7452930849354658068,1352342,11,11,10598541984122395648,10598541984122395648
13,P,20260918,469,1,measure,172,stride_4097,268435456,1048576,21226221,13733575581421811933,8511880,11,11,4821891195804646524,4821891195804646524
13,P,20260918,470,1,measure,173,pair_split_line,268435456,1048576,25985430,7895910189720039680,20703171,11,11,16977813122619356079,16977813122619356079
13,P,20260918,471,1,measure,174,stride_17,4096,1048576,94,3817820498171554412,1609416,11,11,8154595385843253248,8154595385843253248
13,P,20260918,472,1,measure,175,stride_4097,33554432,1048576,2286852,3291679682472396128,7304057,11,11,14584862042730229915,14584862042730229915
13,P,20260918,473,1,measure,176,pair_same_line,131072,1048576,2038,7453263980765945465,2221955,11,11,15492434357026162335,15492434357026162335
13,P,20260918,474,1,measure,177,random,8192,1048576,36,15470906157684185146,1315233,11,11,6534030968022220966,6534030968022220966
13,P,20260918,475,1,measure,178,stride_1_bis,262144,1048576,5416,5997953517422589691,1587770,11,11,3252759155835688704,3252759155835688704
13,P,20260918,476,1,measure,179,stride_17,3145728,1048576,67134,16067110529010456931,3295627,11,11,13195984325407365562,13195984325407365562
13,P,20260918,477,1,measure,180,random,3145728,1048576,680,10000843320601948632,1930216,11,11,11737381943430704700,11737381943430704700
13,P,20260918,478,1,measure,181,stride_513,1048576,1048576,27124,16111964831078578075,1502255,11,11,8797231230870489880,8797231230870489880
13,P,20260918,479,1,measure,182,stride_1,1048576,1048576,91412,15823520474171334796,1355713,11,11,8797231230870489880,8797231230870489880
13,P,20260918,480,1,measure,183,random,25165824,1048576,1090080,4715033569368698813,13937883,11,11,18020087390298875456,18020087390298875456
13,P,20260918,481,1,measure,184,stride_1_double,16384,2097152,1212,10408259584754269824,3161474,11,11,649362101028710400,649362101028710400
13,P,20260918,482,1,measure,185,stride_17,24576,1048576,2304,7411827418835985060,1508316,11,11,12710369439544761902,12710369439544761902
13,P,20260918,483,1,measure,186,stride_1,100663296,1048576,3056369,18405575257677944913,2078056,11,11,17807452482076630245,17807452482076630245
13,P,20260918,484,1,measure,187,random,65536,1048576,701,8454471346939163754,1177132,11,11,5327651537731079423,5327651537731079423
13,P,20260918,485,1,measure,188,stride_17,262144,1048576,21522,12450755348448063502,1368862,11,11,3252759155835688704,3252759155835688704
13,P,20260918,486,1,measure,189,random,50331648,1048576,5822873,4540750529767338597,16548805,11,11,11690841678282701688,11690841678282701688
13,P,20260918,487,1,measure,190,random,786432,1048576,49035,13838807477622767343,1782916,11,11,8801818876855026292,8801818876855026292
13,P,20260918,488,1,measure,191,stride_1_double,1048576,2097152,65587,3583171405644807532,3289918,11,11,17594462461740979760,17594462461740979760
13,P,20260918,489,1,measure,192,pair_same_line,268435456,1048576,18499384,518568288314917328,19762411,11,11,8656166787808114649,8656166787808114649
13,P,20260918,490,1,measure,193,random,268435456,1048576,4171259,2862111561937575561,18814934,11,11,4588084504887823513,4588084504887823513
13,P,20260918,491,1,measure,194,pair_split_line,67108864,1048576,7123113,916776648332466476,25657607,11,11,4442920553279702663,4442920553279702663
13,P,20260918,492,1,measure,195,stride_4097,100663296,1048576,3766135,17835500183995300465,11704501,11,11,5000514571181077883,5000514571181077883
13,P,20260918,493,1,measure,196,stride_1,98304,1048576,11586,11723023358733768911,3395742,11,11,9155869173014776539,9155869173014776539
13,P,20260918,494,1,measure,197,stride_1,262144,1048576,25106,7757674609939371537,3328077,11,11,3252759155835688704,3252759155835688704
13,P,20260918,495,1,measure,198,random,12288,1048576,1074,8533692012915429867,2372638,11,11,10252665338252043984,10252665338252043984
13,P,20260918,496,1,measure,199,stride_513,16777216,1048576,845699,16634002732747225656,13385484,11,11,9137477001855463970,9137477001855463970
13,P,20260918,497,1,measure,200,stride_17,393216,1048576,34524,14785051889368675409,2523813,11,11,10888959764516972806,10888959764516972806
13,P,20260918,498,1,measure,201,stride_1_double,32768,2097152,1976,5515877151932828816,4359850,11,11,2750339894535239680,2750339894535239680
13,P,20260918,499,1,measure,202,pair_split_line,32768,1048576,3551,4355868408569346349,2958494,11,11,6507457403757142312,6507457403757142312
13,P,20260918,500,1,measure,203,stride_513,524288,1048576,59164,1081572576124009016,2196217,11,11,10061883979847375520,10061883979847375520
13,P,20260918,501,1,measure,204,stride_1_bis,6144,1048576,299,7817763410372912594,1766174,11,11,9132883895907835221,9132883895907835221
13,P,20260918,502,1,measure,205,pair_split_line,4194304,1048576,510325,13045379057527739893,13132981,11,11,16618834251914736001,16618834251914736001
13,P,20260918,503,1,measure,206,stride_4097,4096,1048576,360,6441789689011953474,2373064,11,11,8154595385843253248,8154595385843253248
13,P,20260918,504,1,measure,207,stride_1_bis,100663296,1048576,3564143,17624023966318909288,2583129,11,11,16015574000408960412,16015574000408960412
13,P,20260918,505,1,measure,208,stride_1,131072,1048576,6873,14659058415643172104,2217380,11,11,16921412609114818048,16921412609114818048
13,P,20260918,506,1,measure,209,random,8388608,1048576,128772,16387304842384380303,12501101,11,11,4525077005636284772,4525077005636284772
13,P,20260918,507,1,measure,210,random,4194304,1048576,502744,6455953928087926262,7407351,11,11,1376154122301655688,1376154122301655688
13,P,20260918,508,1,measure,211,stride_1_bis,6291456,1048576,765827,5585778972889008356,2493331,11,11,1781887776024652914,1781887776024652914
13,P,20260918,509,1,measure,212,stride_1,3145728,1048576,121651,5838012294187897791,2355484,11,11,6338111361723637624,6338111361723637624
13,P,20260918,510,1,measure,213,stride_4097,134217728,1048576,12643951,2742776544598813108,8597948,11,11,4505152788984061445,4505152788984061445
13,P,20260918,511,1,measure,214,random,24576,1048576,1305,8241015001073515836,1707438,11,11,16179494460875984450,16179494460875984450
13,P,20260918,512,1,measure,215,stride_1,50331648,1048576,1051281,153743864857781328,2562998,11,11,863373981677999039,863373981677999039
13,P,20260918,513,1,measure,216,stride_17,100663296,1048576,9888213,11435216007121366211,9802838,11,11,2954025930236969845,2954025930236969845
13,P,20260918,514,1,measure,217,stride_4097,1572864,1048576,38398,13877153654689344879,2676041,11,11,1565294656730270430,1565294656730270430
13,P,20260918,515,1,measure,218,stride_513,8388608,1048576,577883,5759214487755364548,8857039,11,11,18303280461608560459,18303280461608560459
13,P,20260918,516,1,measure,219,pair_split_line,49152,1048576,5181,4272164691038064148,3171448,11,11,14745323514925064284,14745323514925064284
13,P,20260918,517,1,measure,220,pair_same_line,3145728,1048576,180483,6234078769848187195,9645521,11,11,7382508286743034705,7382508286743034705
13,P,20260918,518,1,measure,221,random,131072,1048576,11543,1507036017614525638,1968682,11,11,13540319949547633546,13540319949547633546
13,P,20260918,519,1,measure,222,stride_17,12582912,1048576,406870,1313396520492347666,7762129,11,11,5807111712474377076,5807111712474377076
13,P,20260918,520,1,measure,223,stride_17,1048576,1048576,28018,14850793873793037066,2543902,11,11,8797231230870489880,8797231230870489880
13,P,20260918,521,1,measure,224,pair_split_line,16777216,1048576,851565,14957284619220135304,17806371,11,11,2562953842496005254,2562953842496005254
13,P,20260918,522,1,measure,225,stride_1_double,1572864,2097152,182577,2271577253239361758,4866419,11,11,1539474817904303431,1539474817904303431
13,P,20260918,523,1,measure,226,pair_split_line,1572864,1048576,72857,8495453122465336158,4145000,11,11,7677111489271905751,7677111489271905751
13,P,20260918,524,1,measure,227,pair_same_line,4194304,1048576,46520,6333700334461545366,13611028,11,11,646415077503356054,646415077503356054
13,P,20260918,525,1,measure,228,stride_1_double,16777216,2097152,1368039,14883344540881735423,4966502,11,11,12841062978479921428,12841062978479921428
13,P,20260918,526,1,measure,229,random,33554432,1048576,2874644,6933365283658476195,15702494,11,11,15223538150949539993,15223538150949539993
13,P,20260918,527,1,measure,230,stride_17,786432,1048576,77696,12568861698575545712,2255956,11,11,1642485908317890543,1642485908317890543
13,P,20260918,528,1,measure,231,pair_same_line,33554432,1048576,1079484,14523913361921723585,19984075,11,11,4183484668848417294,4183484668848417294
13,P,20260918,529,1,measure,232,stride_1_bis,393216,1048576,16040,12004688895417190216,2430124,11,11,17555122931858215928,17555122931858215928
13,P,20260918,530,1,measure,233,pair_same_line,786432,1048576,9762,12675801702817949603,3604907,11,11,15199373277758314925,15199373277758314925
13,P,20260918,531,1,measure,234,stride_1_double,2097152,2097152,76695,101760432810456601,4382310,11,11,10707406186907980360,10707406186907980360
13,P,20260918,532,1,measure,235,stride_513,786432,1048576,33990,4044271621917533008,1810950,11,11,18197965301733415104,18197965301733415104
13,P,20260918,533,1,measure,236,random,16384,1048576,2009,1524273484081369997,1386399,11,11,4209085345182002733,4209085345182002733
13,P,20260918,534,1,measure,237,stride_513,134217728,1048576,14048307,11756234433186269333,12979823,11,11,15136660483965720474,15136660483965720474
13,P,20260918,535,1,measure,238,pair_split_line,6291456,1048576,500191,5831062100968752529,11007328,11,11,6838364541881333304,6838364541881333304
13,P,20260918,536,1,measure,239,stride_17,65536,1048576,1681,13338444765107376611,2011131,11,11,16423878549329276288,16423878549329276288
13,P,20260918,537,1,measure,240,stride_1,65536,1048576,5226,16695157941315614851,1694255,11,11,16423878549329276288,16423878549329276288
13,P,20260918,538,1,measure,241,stride_1_bis,50331648,1048576,2794276,17673145971492087552,2053027,11,11,10073078663631928862,10073078663631928862
13,P,20260918,539,1,measure,242,pair_same_line,6144,1048576,730,7555805949328485687,2052224,11,11,16536760661030810790,16536760661030810790
13,P,20260918,540,1,measure,243,stride_513,2097152,1048576,34597,1148950190748154875,3373040,11,11,14577075130308765988,14577075130308765988
13,P,20260918,541,1,measure,244,stride_513,393216,1048576,48158,7231281768690356397,1819499,11,11,14269622657413644288,14269622657413644288
13,P,20260918,542,1,measure,245,pair_split_line,98304,1048576,10797,14648307344574324811,2661267,11,11,5011188792096720337,5011188792096720337
13,P,20260918,543,1,measure,246,stride_1_double,393216,2097152,514,13017082478092602556,3134072,11,11,3009069846040968486,3009069846040968486
13,P,20260918,544,1,measure,247,stride_1_double,131072,2097152,8435,1714123054636155372,2837005,11,11,15396081144520084480,15396081144520084480
13,P,20260918,545,1,measure,248,stride_1_bis,24576,1048576,772,17198330779525544375,1352641,11,11,16688045814908469951,16688045814908469951
13,P,20260918,546,1,measure,249,stride_1_bis,131072,1048576,9418,9231792689158521502,1389626,11,11,16921412609114818048,16921412609114818048
13,P,20260918,547,1,measure,250,stride_4097,98304,1048576,393,4129802581202032388,1471963,11,11,17016190119476487338,17016190119476487338
13,P,20260918,548,1,measure,251,stride_1_double,262144,2097152,31450,7391276455440671770,2783050,11,11,6505518311671377408,6505518311671377408
13,P,20260918,549,1,measure,252,stride_4097,524288,1048576,58844,15535154086026502453,1487817,11,11,10061883979847375520,10061883979847375520
13,P,20260918,550,1,measure,253,stride_4097,393216,1048576,11579,5268725624969014672,1417561,11,11,5926019983871976487,5926019983871976487
13,P,20260918,551,1,measure,254,random,6144,1048576,520,16354168718563230425,1134449,11,11,9043767338323796606,9043767338323796606
13,P,20260918,552,1,measure,255,pair_same_line,262144,1048576,16127,14390724123047311460,1825470,11,11,17783665628449740512,17783665628449740512
13,P,20260918,553,1,measure,256,stride_4097,201326592,1048576,19521887,8693953285323704927,9333130,11,11,13100134703484110280,13100134703484110280
13,P,20260918,554,1,measure,257,stride_1_double,49152,2097152,1963,16116403038461978909,2713475,11,11,18022787449284743561,18022787449284743561
13,P,20260918,555,1,measure,258,pair_same_line,98304,1048576,9170,237605458940385902,1772861,11,11,5005819706263614382,5005819706263614382
13,P,20260918,556,1,measure,259,random,2097152,1048576,25105,14412766883527700611,5146864,11,11,3736394106363388244,3736394106363388244
13,P,20260918,557,1,measure,260,pair_same_line,134217728,1048576,12710964,15823283947100369416,18844617,11,11,11413246252028996205,11413246252028996205
13,P,20260918,558,1,measure,261,stride_1,8192,1048576,1011,4589914977562870294,1495629,11,11,116592947459441664,116592947459441664
13,P,20260918,559,1,measure,262,stride_4097,67108864,1048576,6496238,3168610023679128664,7069388,11,11,11213771670144386407,11213771670144386407
13,P,20260918,560,1,measure,263,stride_513,1572864,1048576,113037,7570447328530610957,2407842,11,11,15346159349426821392,15346159349426821392
13,P,20260918,561,1,measure,264,pair_same_line,1572864,1048576,46989,1048035184962849888,2667358,11,11,8436965280171280306,8436965280171280306
13,P,20260918,562,1,measure,265,pair_same_line,4096,1048576,387,5242721105256809748,1848811,11,11,13657754724801199559,13657754724801199559
13,P,20260918,563,1,measure,266,stride_4097,50331648,1048576,825584,8191784165039755725,8658230,11,11,10830180703089673887,10830180703089673887
13,P,20260918,564,1,measure,267,stride_17,8388608,1048576,578994,11858445170153110056,6481526,11,11,18303280461608560459,18303280461608560459
13,P,20260918,565,1,measure,268,random,262144,1048576,6248,1631977010599495079,1362177,11,11,14335879976217894662,14335879976217894662
13,P,20260918,566,1,measure,269,stride_513,6144,1048576,742,11321121595040390705,1627620,11,11,6657726286896836608,6657726286896836608
13,P,20260918,567,1,measure,270,stride_4097,8192,1048576,1018,14136594908432381277,1617154,11,11,116592947459441664,116592947459441664
13,P,20260918,568,1,measure,271,stride_17,268435456,1048576,26748339,3609302927272127847,9061211,11,11,7946337707270770815,7946337707270770815
13,P,20260918,569,1,measure,272,random,393216,1048576,25033,17272664606808626897,1474736,11,11,8799727060192778097,8799727060192778097
13,P,20260918,570,1,measure,273,random,6291456,1048576,455227,1881943223449580660,11508712,11,11,7630866398563547106,7630866398563547106
13,P,20260918,571,1,measure,274,pair_same_line,16384,1048576,96,5887578073616396230,2262301,11,11,2197551094750378788,2197551094750378788
13,P,20260918,572,1,measure,275,stride_1,24576,1048576,2496,6152428528856108345,1913842,11,11,8070289545191611736,8070289545191611736
13,P,20260918,573,1,measure,276,stride_1_double,134217728,2097152,7673347,2661783975912391202,4139532,11,11,16669912689893132706,16669912689893132706
13,P,20260918,574,1,measure,277,stride_17,25165824,1048576,2013181,8832156555265877196,8776960,11,11,17395558662391226434,17395558662391226434
13,P,20260918,575,1,measure,278,stride_4097,196608,1048576,22777,10352711428875524818,1860198,11,11,16956707747951054934,16956707747951054934
13,P,20260918,576,1,measure,279,pair_same_line,6291456,1048576,662261,16406475132437096504,12509698,11,11,1821999919648597418,1821999919648597418
13,P,20260918,577,1,measure,280,stride_4097,32768,1048576,1044,4847495291093287779,1883166,11,11,10598541984122395648,10598541984122395648
13,P,20260918,578,1,measure,281,stride_17,131072,1048576,12703,15017556661345282711,1893295,11,11,16921412609114818048,16921412609114818048
13,P,20260918,579,1,measure,282,pair_split_line,786432,1048576,27748,15516528485233166427,3317499,11,11,14708037306775958325,14708037306775958325
13,P,20260918,580,1,measure,283,stride_1_bis,16384,1048576,869,11072553407058550204,1743127,11,11,9548053087369131008,9548053087369131008
13,P,20260918,581,1,measure,284,stride_17,33554432,1048576,1894600,7363618046432524540,8548824,11,11,12539411788221521701,12539411788221521701
13,P,20260918,582,1,measure,285,stride_4097,8388608,1048576,800390,17237216241470834996,3553831,11,11,18303280461608560459,18303280461608560459
13,P,20260918,583,1,measure,286,stride_1_double,12582912,2097152,437645,12901195276825494172,4144222,11,11,9358700761948483762,9358700761948483762
13,P,20260918,584,1,measure,287,stride_1_bis,4096,1048576,280,12680661929582430118,1615276,11,11,8154595385843253248,8154595385843253248
13,P,20260918,585,1,measure,288,random,1048576,1048576,66210,4474230446892218559,1747241,11,11,10331660563507724550,10331660563507724550
13,P,20260918,586,1,measure,289,pair_same_line,12288,1048576,951,13209926472105804372,1931238,11,11,17946956841894770746,17946956841894770746
13,P,20260918,587,1,measure,290,stride_1,12288,1048576,295,5807330118176972477,1457275,11,11,2104317501331163644,2104317501331163644
13,P,20260918,588,1,measure,291,stride_1,4096,1048576,265,3063317853400883222,1400611,11,11,8154595385843253248,8154595385843253248
13,P,20260918,589,1,measure,292,pair_same_line,49152,1048576,414,9699366272109103681,1623946,11,11,11779425975486956586,11779425975486956586
13,P,20260918,590,1,measure,293,stride_513,33554432,1048576,2548612,3459976704343367026,11563958,11,11,2476081470468223081,2476081470468223081
13,P,20260918,591,1,measure,294,random,134217728,1048576,4898204,17957469046224793097,18635550,11,11,4541446649754925673,4541446649754925673
13,P,20260918,592,1,measure,295,stride_4097,6291456,1048576,103458,14663541613018621426,7728159,11,11,11982891473300215156,11982891473300215156
13,P,20260918,593,1,measure,296,stride_17,1572864,1048576,47212,14553778664429053915,2822451,11,11,6384708038448089897,6384708038448089897
13,P,20260918,594,2,measure,0,pair_same_line,12288,1048576,585,1666491987584770319,2479570,11,11,2240102543076804561,2240102543076804561
13,P,20260918,595,2,measure,1,pair_same_line,100663296,1048576,12440504,7462229747449564051,21351124,11,11,5454085350574261710,5454085350574261710
13,P,20260918,596,2,measure,2,stride_17,50331648,1048576,1049341,1469967467602348101,10641985,11,11,4508606846025492516,4508606846025492516
13,P,20260918,597,2,measure,3,stride_17,134217728,1048576,3812489,11038413394809584945,9646397,11,11,4603268577883478019,4603268577883478019
13,P,20260918,598,2,measure,4,stride_1_bis,50331648,1048576,5114806,11173919646836885886,3056069,11,11,12028219986582915176,12028219986582915176
13,P,20260918,599,2,measure,5,stride_1_bis,131072,1048576,2663,12055075174773101153,2711253,11,11,16921412609114818048,16921412609114818048
13,P,20260918,600,2,measure,6,pair_same_line,393216,1048576,23670,4317928753396768957,3514095,11,11,1941460225111224237,1941460225111224237
13,P,20260918,601,2,measure,7,stride_1,32768,1048576,2677,6493985901643121829,2236132,11,11,10598541984122395648,10598541984122395648
13,P,20260918,602,2,measure,8,stride_1,262144,1048576,15355,2999839627840195556,1787302,11,11,3252759155835688704,3252759155835688704
13,P,20260918,603,2,measure,9,stride_1,16777216,1048576,1916540,10498297265032140709,2279157,11,11,8003210169836706075,8003210169836706075
13,P,20260918,604,2,measure,10,pair_split_line,196608,1048576,9089,10044823393710076781,2869103,11,11,4176060362518005792,4176060362518005792
13,P,20260918,605,2,measure,11,stride_1_bis,16777216,1048576,874893,6272243403909923951,2006887,11,11,14687062881092114978,14687062881092114978
13,P,20260918,606,2,measure,12,stride_17,6144,1048576,509,11414013086265698559,1788302,11,11,16368931315125858142,16368931315125858142
13,P,20260918,607,2,measure,13,pair_split_line,1048576,1048576,48302,3304813198952455080,3451621,11,11,10943597896179320679,10943597896179320679
13,P,20260918,608,2,measure,14,stride_4097,262144,1048576,32043,17564575288937851426,1608616,11,11,3252759155835688704,3252759155835688704
13,P,20260918,609,2,measure,15,stride_1,8388608,1048576,695638,11627306503157520339,2096107,11,11,18303280461608560459,18303280461608560459
13,P,20260918,610,2,measure,16,stride_1_double,2097152,2097152,117295,12124593143634469208,3202305,11,11,10707406186907980360,10707406186907980360
13,P,20260918,611,2,measure,17,stride_513,32768,1048576,2404,2443558894056145444,1410700,11,11,10598541984122395648,10598541984122395648
13,P,20260918,612,2,measure,18,stride_1,16384,1048576,1694,10984884710962267164,1360966,11,11,9548053087369131008,9548053087369131008
13,P,20260918,613,2,measure,19,stride_1_double,3145728,2097152,212992,8104704037694739207,3981349,11,11,1194494488455815974,1194494488455815974
13,P,20260918,614,2,measure,20,stride_513,25165824,1048576,1390064,11730687007595289139,11380928,11,11,11886943178879158261,11886943178879158261
13,P,20260918,615,2,measure,21,stride_4097,49152,1048576,2832,2186797547243274342,1411016,11,11,16757670796273491599,16757670796273491599
13,P,20260918,616,2,measure,22,stride_4097,65536,1048576,7834,17696252650813021477,1466584,11,11,16423878549329276288,16423878549329276288
13,P,20260918,617,2,measure,23,stride_1,393216,1048576,1686,18437738143272063976,1370748,11,11,5055538563817182713,5055538563817182713
13,P,20260918,618,2,measure,24,stride_1_bis,25165824,1048576,3110118,11216074501494762682,1884144,11,11,5142868690961583625,5142868690961583625
13,P,20260918,619,2,measure,25,stride_1_double,8388608,2097152,177800,4425797108044831725,3463552,11,11,18159816849507569302,18159816849507569302
13,P,20260918,620,2,measure,26,stride_513,98304,1048576,7229,11679497266265806126,1413482,11,11,16959111087276692480,16959111087276692480
13,P,20260918,621,2,measure,27,stride_1_double,50331648,2097152,2973089,5358907820571576955,3384427,11,11,5058066588621322904,5058066588621322904
13,P,20260918,622,2,measure,28,stride_513,131072,1048576,3586,15519296069744177386,1420065,11,11,16921412609114818048,16921412609114818048
13,P,20260918,623,2,measure,29,stride_513,50331648,1048576,4783780,3760985420055490721,12161629,11,11,18107603721646998388,18107603721646998388
13,P,20260918,624,2,measure,30,stride_17,24576,1048576,990,13276575965601396101,1371556,11,11,12271905296485931522,12271905296485931522
13,P,20260918,625,2,measure,31,stride_17,65536,1048576,7361,11759116758226321065,1357240,11,11,16423878549329276288,16423878549329276288
13,P,20260918,626,2,measure,32,stride_1_bis,1572864,1048576,42614,9333056485519716592,1561977,11,11,13311677084218887385,13311677084218887385
13,P,20260918,627,2,measure,33,stride_17,3145728,1048576,387988,1909896139285979734,4403516,11,11,13877433364985112886,13877433364985112886
13,P,20260918,628,2,measure,34,stride_4097,6144,1048576,476,10724540992732007320,1355844,11,11,8756471604765730219,8756471604765730219
13,P,20260918,629,2,measure,35,pair_same_line,134217728,1048576,2866994,15185586406648810466,18978570,11,11,2089547435037087358,2089547435037087358
13,P,20260918,630,2,measure,36,pair_split_line,393216,1048576,10478,4601997770595411581,2606055,11,11,13798583665935640108,13798583665935640108
13,P,20260918,631,2,measure,37,stride_1,8192,1048576,47,8259350994916831892,1411808,11,11,116592947459441664,116592947459441664
13,P,20260918,632,2,measure,38,pair_split_line,12582912,1048576,1375740,727968848848487166,17709912,11,11,1479786768767217611,1479786768767217611
13,P,20260918,633,2,measure,39,stride_17,524288,1048576,28886,3417050479058360895,1710171,11,11,10061883979847375520,10061883979847375520
13,P,20260918,634,2,measure,40,random,786432,1048576,69657,14077305121196395519,1425022,11,11,8994029307852048208,8994029307852048208
13,P,20260918,635,2,measure,41,stride_1,4194304,1048576,99638,17698500035094860158,2048205,11,11,12406089252390561320,12406089252390561320
13,P,20260918,636,2,measure,42,stride_4097,131072,1048576,4736,2408183297932923631,1580695,11,11,16921412609114818048,16921412609114818048
13,P,20260918,637,2,measure,43,random,67108864,1048576,2482600,10414125553955062975,16741329,11,11,6648951810165676162,6648951810165676162
13,P,20260918,638,2,measure,44,stride_1,786432,1048576,76005,2566507773553039082,1852047,11,11,2110288692788677044,2110288692788677044
13,P,20260918,639,2,measure,45,stride_4097,1048576,1048576,28054,14448579351370140568,1949565,11,11,8797231230870489880,8797231230870489880
13,P,20260918,640,2,measure,46,random,16777216,1048576,104396,5186129179660692164,15187782,11,11,2229398385332060483,2229398385332060483
13,P,20260918,641,2,measure,47,random,33554432,1048576,3874099,6753284242385490428,15587945,11,11,6156559491641837506,6156559491641837506
13,P,20260918,642,2,measure,48,stride_4097,50331648,1048576,3625816,1573954925615686282,10107430,11,11,7891822747940852795,7891822747940852795
13,P,20260918,643,2,measure,49,stride_4097,100663296,1048576,11108589,9958569425190382352,10991750,11,11,1335009432473386659,1335009432473386659
13,P,20260918,644,2,measure,50,stride_4097,98304,1048576,1133,14198175571061961631,2922997,11,11,9602008644736760666,9602008644736760666
13,P,20260918,645,2,measure,51,pair_split_line,12288,1048576,74,10360697743195119415,3139449,11,11,6750068717541676610,6750068717541676610
13,P,20260918,646,2,measure,52,stride_1_double,201326592,2097152,20908444,12829008063025640675,4057552,11,11,12277289963398728730,12277289963398728730
13,P,20260918,647,2,measure,53,stride_1_double,98304,2097152,10133,15161079995720594993,3554338,11,11,12128451925349345095,12128451925349345095
13,P,20260918,648,2,measure,54,pair_same_line,4194304,1048576,180403,13658067590422855713,13077545,11,11,9915184999658009007,9915184999658009007
13,P,20260918,649,2,measure,55,pair_same_line,16384,1048576,622,1584228992897960669,2717415,11,11,16665363331710860121,16665363331710860121
13,P,20260918,650,2,measure,56,random,134217728,1048576,1119979,3855532968706899290,19601224,11,11,18380656800067340974,18380656800067340974
13,P,20260918,651,2,measure,57,stride_1_bis,100663296,1048576,6314333,1747008731319386930,2704450,11,11,18886287623741714,18886287623741714
13,P,20260918,652,2,measure,58,stride_17,1572864,1048576,116880,14552556788753198661,2787792,11,11,9730539720296894701,9730539720296894701
13,P,20260918,653,2,measure,59,stride_4097,4194304,1048576,231694,17629543357157905703,3311656,11,11,12406089252390561320,12406089252390561320
13,P,20260918,654,2,measure,60,random,524288,1048576,11206,13950407632771325964,2211739,11,11,10890897702390952730,10890897702390952730
13,P,20260918,655,2,measure,61,pair_split_line,262144,1048576,5716,13920395630265107460,4154215,11,11,11263697783812863199,11263697783812863199
13,P,20260918,656,2,measure,62,stride_17,786432,1048576,50470,7732476802654597818,2196404,11,11,1689219546396331090,1689219546396331090
13,P,20260918,657,2,measure,63,stride_1_double,33554432,2097152,2578412,15525314387844227104,4639943,11,11,15873845437382162359,15873845437382162359
13,P,20260918,658,2,measure,64,stride_1_bis,393216,1048576,46029,5495285962531073233,1809028,11,11,7107652339768539588,7107652339768539588
13,P,20260918,659,2,measure,65,stride_4097,393216,1048576,42965,12977353483279333819,1821315,11,11,12863044946090933486,12863044946090933486
13,P,20260918,660,2,measure,66,stride_1,25165824,1048576,2162371,8861446947507208170,2177290,11,11,11486613405721894606,11486613405721894606
13,P,20260918,661,2,measure,67,stride_4097,786432,1048576,40287,6264817918703074891,1809776,11,11,17487105669301666821,17487105669301666821
13,P,20260918,662,2,measure,68,random,24576,1048576,2847,15453711409728733221,1252919,11,11,5369120767165129529,5369120767165129529
13,P,20260918,663,2,measure,69,stride_513,196608,1048576,20275,2342145998863102460,1617092,11,11,2303624161942002560,2303624161942002560
13,P,20260918,664,2,measure,70,pair_split_line,67108864,1048576,6375692,12234784760001266644,19958032,11,11,6371207287797694511,6371207287797694511
13,P,20260918,665,2,measure,71,random,6291456,1048576,245065,12071180805142140495,10816614,11,11,14984693856703384056,14984693856703384056
13,P,20260918,666,2,measure,72,stride_17,1048576,1048576,35376,7144820309752899895,2117806,11,11,8797231230870489880,8797231230870489880
13,P,20260918,667,2,measure,73,stride_17,32768,1048576,2530,6792414976955171165,2038533,11,11,10598541984122395648,10598541984122395648
13,P,20260918,668,2,measure,74,stride_1_bis,33554432,1048576,3492011,963033795814582606,2381394,11,11,9540615223641551903,9540615223641551903
13,P,20260918,669,2,measure,75,stride_4097,6291456,1048576,103983,17527045496249171555,7022161,11,11,17624295492380545326,17624295492380545326
13,P,20260918,670,2,measure,76,stride_513,24576,1048576,2432,16922228553517459288,1878790,11,11,13347672456076306432,13347672456076306432
13,P,20260918,671,2,measure,77,pair_same_line,49152,1048576,1750,1054832198043144714,2267270,11,11,11384627847435584647,11384627847435584647
13,P,20260918,672,2,measure,78,stride_1_double,4096,2097152,101,10626111973338560598,3507844,11,11,16309190771686506496,16309190771686506496
13,P,20260918,673,2,measure,79,stride_513,4096,1048576,134,5279433840526144883,1701353,11,11,8154595385843253248,8154595385843253248
13,P,20260918,674,2,measure,80,pair_split_line,1572864,1048576,79201,17876982604354693544,3943978,11,11,7111607820912740684,7111607820912740684
13,P,20260918,675,2,measure,81,stride_4097,32768,1048576,3619,16746117892635575850,1575305,11,11,10598541984122395648,10598541984122395648
13,P,20260918,676,2,measure,82,stride_1,65536,1048576,2689,10995987247888955543,1472765,11,11,16423878549329276288,16423878549329276288
13,P,20260918,677,2,measure,83,pair_split_line,201326592,1048576,3850322,6144261895485224108,25840322,11,11,7929519685484370875,7929519685484370875
13,P,20260918,678,2,measure,84,stride_1_bis,4096,1048576,21,3233555310409937565,2060347,11,11,8154595385843253248,8154595385843253248
13,P,20260918,679,2,measure,85,stride_1,6291456,1048576,294728,15716578329553377756,2996160,11,11,6298679245569335842,6298679245569335842
13,P,20260918,680,2,measure,86,stride_17,393216,1048576,41388,10807412042093593107,1939057,11,11,12665345000766296610,12665345000766296610
13,P,20260918,681,2,measure,87,random,393216,1048576,5774,3256612689692737165,1559386,11,11,17296026158404107550,17296026158404107550
13,P,20260918,682,2,measure,88,stride_4097,16384,1048576,1106,1568012097472024755,1787279,11,11,9548053087369131008,9548053087369131008
13,P,20260918,683,2,measure,89,stride_1_bis,8192,1048576,483,2646237032644713024,1798438,11,11,116592947459441664,116592947459441664
13,P,20260918,684,2,measure,90,stride_17,268435456,1048576,10064094,10471260664298514719,10325015,11,11,1978371318541117140,1978371318541117140
13,P,20260918,685,2,measure,91,stride_1_double,25165824,2097152,902789,7922763242964907922,3840057,11,11,10034554633716346075,10034554633716346075
13,P,20260918,686,2,measure,92,stride_513,393216,1048576,4001,14103869445494739725,1772728,11,11,14269622657413644288,14269622657413644288
13,P,20260918,687,2,measure,93,pair_same_line,1048576,1048576,130236,18186613592845705294,2837774,11,11,13402899481942618311,13402899481942618311
13,P,20260918,688,2,measure,94,pair_same_line,262144,1048576,32156,927156514235878563,2066268,11,11,6237317083846995075,6237317083846995075
13,P,20260918,689,2,measure,95,stride_4097,25165824,1048576,1261835,17860346496107758652,8878223,11,11,11898747804474865729,11898747804474865729
13,P,20260918,690,2,measure,96,stride_1_bis,524288,1048576,44886,9535149614543202031,1589015,11,11,10061883979847375520,10061883979847375520
13,P,20260918,691,2,measure,97,pair_same_line,33554432,1048576,1516085,15620224467710818696,19858514,11,11,12168633069374226493,12168633069374226493
13,P,20260918,692,2,measure,98,stride_513,1048576,1048576,77287,7172776665777619460,2827106,11,11,8797231230870489880,8797231230870489880
13,P,20260918,693,2,measure,99,pair_split_line,33554432,1048576,1998722,14996410898059122743,23451315,11,11,8890819959051191898,8890819959051191898
13,P,20260918,694,2,measure,100,pair_split_line,4096,1048576,249,16777038235464356249,3302486,11,11,14703445285569049526,14703445285569049526
13,P,20260918,695,2,measure,101,stride_1,134217728,1048576,4116211,8096378456799225670,2718766,11,11,762706285997791686,762706285997791686
13,P,20260918,696,2,measure,102,random,2097152,1048576,141023,7958661358139915884,6955822,11,11,3012374877265485858,3012374877265485858
13,P,20260918,697,2,measure,103,stride_1_double,131072,2097152,13314,14929605083008280427,4482982,11,11,15396081144520084480,15396081144520084480
13,P,20260918,698,2,measure,104,pair_same_line,67108864,1048576,3964905,16271754163390813251,20832130,11,11,741280029664449040,741280029664449040
13,P,20260918,699,2,measure,105,stride_1_double,268435456,2097152,24921962,13845446721188611734,5155180,11,11,7708053726059638948,7708053726059638948
13,P,20260918,700,2,measure,106,stride_4097,201326592,1048576,24082596,3151541200831022642,10363206,11,11,5466262127223248473,5466262127223248473
13,P,20260918,701,2,measure,107,stride_4097,524288,1048576,61105,12721423770685492222,2345220,11,11,10061883979847375520,10061883979847375520
13,P,20260918,702,2,measure,108,stride_1,4096,1048576,54,3275426318240696998,2220259,11,11,8154595385843253248,8154595385843253248
13,P,20260918,703,2,measure,109,stride_513,1572864,1048576,189877,16268058784987381190,2885839,11,11,16747479167117318944,16747479167117318944
13,P,20260918,704,2,measure,110,stride_17,4194304,1048576,331728,17196929724248797846,6158298,11,11,12406089252390561320,12406089252390561320
13,P,20260918,705,2,measure,111,pair_same_line,4096,1048576,391,11995582168661523851,2546386,11,11,15245158411021003743,15245158411021003743
13,P,20260918,706,2,measure,112,random,12582912,1048576,572366,15113677278263147327,12605387,11,11,13533258231200589500,13533258231200589500
13,P,20260918,707,2,measure,113,stride_17,262144,1048576,1000,1146341514468864638,2304324,11,11,3252759155835688704,3252759155835688704
13,P,20260918,708,2,measure,114,stride_1_double,6144,2097152,489,11835712847127352130,4360945,11,11,5479937459140231247,5479937459140231247
13,P,20260918,709,2,measure,115,stride_4097,12288,1048576,854,1625408957117655085,2106049,11,11,6219772160467881450,6219772160467881450
13,P,20260918,710,2,measure,116,stride_4097,196608,1048576,19897,565904701526498066,2035314,11,11,811304615469780124,811304615469780124
13,P,20260918,711,2,measure,117,random,25165824,1048576,222980,2708790879070125656,14002902,11,11,15357997717553187364,15357997717553187364
13,P,20260918,712,2,measure,118,pair_same_line,12582912,1048576,104303,11038885962248087436,14249302,11,11,17239983108357725134,17239983108357725134
13,P,20260918,713,2,measure,119,stride_1_double,8192,2097152,181,16867293035175029216,4358091,11,11,233185894918883328,233185894918883328
13,P,20260918,714,2,measure,120,stride_1_bis,32768,1048576,1076,3442405318007929617,2037580,11,11,10598541984122395648,10598541984122395648
13,P,20260918,715,2,measure,121,stride_1_bis,786432,1048576,25862,2673618025860795159,2042429,11,11,15409180198489702392,15409180198489702392
13,P,20260918,716,2,measure,122,pair_split_line,100663296,1048576,6099089,5618722284675998505,21734007,11,11,2103029543663798630,2103029543663798630
13,P,20260918,717,2,measure,123,stride_1_bis,8388608,1048576,486574,8563018736939921596,2375316,11,11,18303280461608560459,18303280461608560459
13,P,20260918,718,2,measure,124,stride_1_double,393216,2097152,34282,1563540672158714225,4414084,11,11,2362190831974208854,2362190831974208854
13,P,20260918,719,2,measure,125,pair_same_line,8388608,1048576,995605,6574370350079846796,16504618,11,11,14430941490374744357,14430941490374744357
13,P,20260918,720,2,measure,126,stride_1,268435456,1048576,3841743,392131641097756283,2840197,11,11,305725241109746336,305725241109746336
13,P,20260918,721,2,measure,127,stride_1,524288,1048576,10392,129142206348955089,2268332,11,11,10061883979847375520,10061883979847375520
13,P,20260918,722,2,measure,128,stride_1_double,1048576,2097152,3678,14516990069012270918,4315512,11,11,17594462461740979760,17594462461740979760
13,P,20260918,723,2,measure,129,random,196608,1048576,15879,3188623672653806779,1611992,11,11,9129084716655200476,9129084716655200476
13,P,20260918,724,2,measure,130,stride_17,201326592,1048576,2416577,16685815968182465616,10084280,11,11,13442230132010562833,13442230132010562833
13,P,20260918,725,2,measure,131,stride_1_double,196608,2097152,3004,11646310566429163044,4212030,11,11,17887281465944489899,17887281465944489899
13,P,20260918,726,2,measure,132,stride_1_double,32768,2097152,530,530272130964438883,3853761,11,11,2750339894535239680,2750339894535239680
13,P,20260918,727,2,measure,133,stride_1_bis,4194304,1048576,474188,14123664295933856930,2384566,11,11,12406089252390561320,12406089252390561320
13,P,20260918,728,2,measure,134,stride_4097,2097152,1048576,218133,17973913470523569238,2436595,11,11,14577075130308765988,14577075130308765988
13,P,20260918,729,2,measure,135,pair_split_line,4194304,1048576,247615,15279026500158631300,10722699,11,11,12190438882125846389,12190438882125846389
13,P,20260918,730,2,measure,136,pair_split_line,32768,1048576,2466,15775004698147514341,2354855,11,11,13536209068268432680,13536209068268432680
13,P,20260918,731,2,measure,137,stride_1_double,4194304,2097152,27093,15435596380222764384,3637315,11,11,6365434431071571024,6365434431071571024
13,P,20260918,732,2,measure,138,stride_1,100663296,1048576,5129100,4752298421756090512,2647396,11,11,15743715435714081659,15743715435714081659
13,P,20260918,733,2,measure,139,stride_1_bis,65536,1048576,1564,14730281480461567579,1460855,11,11,16423878549329276288,16423878549329276288
13,P,20260918,734,2,measure,140,stride_513,67108864,1048576,5266391,4601935300425396720,12580458,11,11,6678565176835726499,6678565176835726499
13,P,20260918,735,2,measure,141,stride_17,12288,1048576,245,10844002163115173377,1671153,11,11,13910541135740186361,13910541135740186361
13,P,20260918,736,2,measure,142,pair_same_line,786432,1048576,87147,1603291140686044510,2771952,11,11,12456634171122477536,12456634171122477536
13,P,20260918,737,2,measure,143,stride_513,100663296,1048576,2843482,3410548820887258496,13456056,11,11,6268747350131153074,6268747350131153074
13,P,20260918,738,2,measure,144,stride_513,16777216,1048576,1545954,10741986395679720993,10562283,11,11,14010227701002329221,14010227701002329221
13,P,20260918,739,2,measure,145,stride_513,6291456,1048576,543502,15309931525228573456,7130877,11,11,2091461971855407884,2091461971855407884
13,P,20260918,740,2,measure,146,stride_1_bis,262144,1048576,12910,10485161475290594183,2266440,11,11,3252759155835688704,3252759155835688704
13,P,20260918,741,2,measure,147,stride_1,6144,1048576,469,11976505559867494344,2253273,11,11,10168221003912446624,10168221003912446624
13,P,20260918,742,2,measure,148,stride_1,98304,1048576,10038,11257679473980757704,2119083,11,11,14738936801211113530,14738936801211113530
13,P,20260918,743,2,measure,149,stride_513,6144,1048576,609,17024388203901070337,2093877,11,11,6498767571919667200,6498767571919667200
13,P,20260918,744,2,measure,150,pair_split_line,98304,1048576,86,16970106989402955156,3101306,11,11,3966240029416629489,3966240029416629489
13,P,20260918,745,2,measure,151,stride_513,268435456,1048576,8124550,2219840979533499819,14184234,11,11,18209437804577091253,18209437804577091253
13,P,20260918,746,2,measure,152,stride_4097,134217728,1048576,2535608,218886331609326246,8865905,11,11,7466383718967631643,7466383718967631643
13,P,20260918,747,2,measure,153,random,98304,1048576,6217,17649910129892094057,1900210,11,11,17306768234033829533,17306768234033829533
13,P,20260918,748,2,measure,154,stride_1_double,16777216,2097152,1034366,15802488147399297611,5335798,11,11,12841062978479921428,12841062978479921428
13,P,20260918,749,2,measure,155,random,4096,1048576,388,4291509855075101446,1361060,11,11,11276730392399480983,11276730392399480983
13,P,20260918,750,2,measure,156,stride_1_double,67108864,2097152,886603,1129039532292225288,4174869,11,11,6925343820062888913,6925343820062888913
13,P,20260918,751,2,measure,157,stride_1_bis,12288,1048576,1453,3696402159383920996,1694521,11,11,4615662067842464452,4615662067842464452
13,P,20260918,752,2,measure,158,stride_17,196608,1048576,23743,4971145402225329150,1726541,11,11,14497560272456803162,14497560272456803162
13,P,20260918,753,2,measure,159,random,1572864,1048576,190279,752112859957123512,3496472,11,11,8165996759405076501,8165996759405076501
13,P,20260918,754,2,measure,160,stride_1_bis,1048576,1048576,100238,11685753976033870513,1615250,11,11,8797231230870489880,8797231230870489880
13,P,20260918,755,2,measure,161,random,50331648,1048576,1443194,11500055103467544576,17414406,11,11,17441107165232069476,17441107165232069476
13,P,20260918,756,2,measure,162,stride_4097,8192,1048576,307,7167592868047436556,1994881,11,11,116592947459441664,116592947459441664
13,P,20260918,757,2,measure,163,stride_17,2097152,1048576,63106,4575009938415686484,3839616,11,11,14577075130308765988,14577075130308765988
13,P,20260918,758,2,measure,164,pair_split_line,131072,1048576,5126,16010140901929538687,3119346,11,11,9636410545487002110,9636410545487002110
13,P,20260918,759,2,measure,165,stride_17,4096,1048576,271,17337915500584287410,1845720,11,11,8154595385843253248,8154595385843253248
13,P,20260918,760,2,measure,166,stride_513,49152,1048576,4278,9637559796303477122,1791837,11,11,9764209366394647040,9764209366394647040
13,P,20260918,761,2,measure,167,stride_513,201326592,1048576,771062,14155547785802276932,13644002,11,11,6944684892697560119,6944684892697560119
13,P,20260918,762,2,measure,168,stride_4097,268435456,1048576,2773874,1328334035026477407,10341875,11,11,4599092424337161895,4599092424337161895
13,P,20260918,763,2,measure,169,pair_split_line,50331648,1048576,4501014,2662654089323183843,24716917,11,11,14215480931675045214,14215480931675045214
13,P,20260918,764,2,measure,170,stride_1,196608,1048576,6738,8619152783326602528,2442088,11,11,18091291827964278941,18091291827964278941
13,P,20260918,765,2,measure,171,random,268435456,1048576,2448954,1317703927534513332,23906247,11,11,5544145754964309201,5544145754964309201
13,P,20260918,766,2,measure,172,stride_17,16384,1048576,101,11877248300982601453,2924743,11,11,9548053087369131008,9548053087369131008
13,P,20260918,767,2,measure,173,stride_513,134217728,1048576,15063228,12016177472654586945,15153347,11,11,425621527707763964,425621527707763964
13,P,20260918,768,2,measure,174,stride_1,201326592,1048576,5594041,1569814703295270159,2710744,11,11,887628597010318546,887628597010318546
13,P,20260918,769,2,measure,175,pair_same_line,98304,1048576,9719,14092647617069863201,2975911,11,11,8614339502970748041,8614339502970748041
13,P,20260918,770,2,measure,176,stride_513,8192,1048576,159,2135265499054109963,1986970,11,11,116592947459441664,116592947459441664
13,P,20260918,771,2,measure,177,stride_17,100663296,1048576,5394854,5540328922393484701,11411718,11,11,3545513052178899708,3545513052178899708
13,P,20260918,772,2,measure,178,stride_513,3145728,1048576,357065,13421021199459425252,6302324,11,11,13978878534847391976,13978878534847391976
13,P,20260918,773,2,measure,179,stride_513,12288,1048576,255,7812985062681809252,2280198,11,11,5992043729455024128,5992043729455024128
13,P,20260918,774,2,measure,180,stride_1_double,12288,2097152,426,7448723785111459764,4707130,11,11,2252397776918272236,2252397776918272236
13,P,20260918,775,2,measure,181,pair_split_line,25165824,1048576,1773897,11430646595509002268,24810129,11,11,9923139804790041281,9923139804790041281
13,P,20260918,776,2,measure,182,pair_same_line,16777216,1048576,1903516,4639967762243481712,16538077,11,11,8106237741850197402,8106237741850197402
13,P,20260918,777,2,measure,183,random,201326592,1048576,8716939,3219529702979941977,23296295,11,11,17619837288228876788,17619837288228876788
13,P,20260918,778,2,measure,184,stride_1_bis,134217728,1048576,13317468,14520220433058531718,2773339,11,11,17221834632199305800,17221834632199305800
13,P,20260918,779,2,measure,185,pair_split_line,65536,1048576,3008,641736581629024451,3599989,11,11,8809581149436808690,8809581149436808690
13,P,20260918,780,2,measure,186,stride_4097,4096,1048576,280,10668189252677339872,1775466,11,11,8154595385843253248,8154595385843253248
13,P,20260918,781,2,measure,187,stride_1,3145728,1048576,388139,10396783401697136802,2286016,11,11,10189511478099728361,10189511478099728361
13,P,20260918,782,2,measure,188,stride_513,33554432,1048576,3968204,3799660269569723700,14036746,11,11,10959986242188158042,10959986242188158042
13,P,20260918,783,2,measure,189,stride_17,49152,1048576,1286,721335619305397865,2387486,11,11,13793911676827568623,13793911676827568623
13,P,20260918,784,2,measure,190,stride_1_double,12582912,2097152,293473,13701951208236467769,4413572,11,11,3521872806943006928,3521872806943006928
13,P,20260918,785,2,measure,191,pair_same_line,25165824,1048576,2048355,11699137492035014808,20428617,11,11,5305005426231376740,5305005426231376740
13,P,20260918,786,2,measure,192,random,6144,1048576,257,14978990515944137583,2332344,11,11,11414488821565712509,11414488821565712509
13,P,20260918,787,2,measure,193,stride_1,67108864,1048576,2746956,18024037774533526820,2455888,11,11,12190348675748039672,12190348675748039672
13,P,20260918,788,2,measure,194,stride_1_bis,49152,1048576,3766,15594070322170802286,1696670,11,11,1780296606184298665,1780296606184298665
13,P,20260918,789,2,measure,195,random,12288,1048576,70,16777613691705327782,1360324,11,11,7945272851641728297,7945272851641728297
13,P,20260918,790,2,measure,196,pair_split_line,3145728,1048576,89169,10809163399699433174,11534077,11,11,17101796673701399870,17101796673701399870
13,P,20260918,791,2,measure,197,stride_17,8388608,1048576,164047,12728467103995455492,8703294,11,11,18303280461608560459,18303280461608560459
13,P,20260918,792,2,measure,198,stride_1_double,49152,2097152,1448,15279412208639114286,4154420,11,11,10209288895686966590,10209288895686966590
13,P,20260918,793,2,measure,199,stride_17,8192,1048576,625,16287442504963589299,1694053,11,11,116592947459441664,116592947459441664
13,P,20260918,794,2,measure,200,stride_1_bis,24576,1048576,244,4811982321603837478,1689966,11,11,7831852459234509003,7831852459234509003
13,P,20260918,795,2,measure,201,stride_17,33554432,1048576,3433278,11375264332641065028,8908193,11,11,16964097027839307906,16964097027839307906
13,P,20260918,796,2,measure,202,stride_1,33554432,1048576,2746795,3765525531051457116,2418119,11,11,13851282035661613812,13851282035661613812
13,P,20260918,797,2,measure,203,pair_same_line,8192,1048576,82,7921858466347540932,2598951,11,11,8635840339443803209,8635840339443803209
13,P,20260918,798,2,measure,204,pair_same_line,201326592,1048576,13488570,17473916164223720332,24198345,11,11,85833281810966657,85833281810966657
13,P,20260918,799,2,measure,205,stride_1_double,786432,2097152,37110,7977570892412631379,4709544,11,11,10843927581142525292,10843927581142525292
13,P,20260918,800,2,measure,206,pair_split_line,6144,1048576,318,88451301046781026,2532809,11,11,17098484270904904174,17098484270904904174
13,P,20260918,801,2,measure,207,pair_same_line,50331648,1048576,675431,2748772907026543629,21876236,11,11,9192361742348791329,9192361742348791329
13,P,20260918,802,2,measure,208,stride_1_double,6291456,2097152,382590,7123430139633791526,5786464,11,11,9692441789720531244,9692441789720531244
13,P,20260918,803,2,measure,209,stride_1,24576,1048576,2149,6550277900907691442,1694876,11,11,15969730043428524729,15969730043428524729
13,P,20260918,804,2,measure,210,pair_same_line,6291456,1048576,634378,15187671993381121029,13664696,11,11,11664442672958621990,11664442672958621990
13,P,20260918,805,2,measure,211,pair_same_line,524288,1048576,7827,11621672822999617788,3235089,11,11,5913346126644087639,5913346126644087639
13,P,20260918,806,2,measure,212,stride_17,131072,1048576,11598,7180198226199990617,2047566,11,11,16921412609114818048,16921412609114818048
13,P,20260918,807,2,measure,213,stride_4097,16777216,1048576,1951981,12436814413587492455,7551494,11,11,8359336593591648377,8359336593591648377
13,P,20260918,808,2,measure,214,pair_split_line,8388608,1048576,889906,14037968796223193574,15426944,11,11,10672198526095836518,10672198526095836518
13,P,20260918,809,2,measure,215,pair_split_line,268435456,1048576,32347400,9913638848578337025,27341172,11,11,9454765602474224116,9454765602474224116
13,P,20260918,810,2,measure,216,stride_1_double,524288,2097152,32902,13283154458612699615,5530547,11,11,1677023885985199424,1677023885985199424
13,P,20260918,811,2,measure,217,stride_1_double,24576,2097152,481,15061210209023196406,3607959,11,11,13129498541324574864,13129498541324574864
13,P,20260918,812,2,measure,218,pair_split_line,16777216,1048576,21408,7971514649108783319,22808724,11,11,10912811014153009121,10912811014153009121
13,P,20260918,813,2,measure,219,random,131072,1048576,8771,7660655620035084919,1989802,11,11,15396814987352291931,15396814987352291931
13,P,20260918,814,2,measure,220,stride_17,98304,1048576,10032,6781672727330283203,2404467,11,11,15123147468921138383,15123147468921138383
13,P,20260918,815,2,measure,221,stride_17,12582912,1048576,203425,17292629090343348411,8971517,11,11,5381353693531277801,5381353693531277801
13,P,20260918,816,2,measure,222,stride_1,50331648,1048576,467526,8665733404202726908,2667891,11,11,6551951439084790837,6551951439084790837
13,P,20260918,817,2,measure,223,stride_513,2097152,1048576,189381,5529455291924181526,3616839,11,11,14577075130308765988,14577075130308765988
13,P,20260918,818,2,measure,224,stride_4097,8388608,1048576,652206,2562228852027443822,4149800,11,11,18303280461608560459,18303280461608560459
13,P,20260918,819,2,measure,225,stride_17,6291456,1048576,541524,4306754233213234655,5731001,11,11,10273346181715782560,10273346181715782560
13,P,20260918,820,2,measure,226,pair_same_line,2097152,1048576,94461,3526559937182335130,3638985,11,11,10045593262202203863,10045593262202203863
13,P,20260918,821,2,measure,227,random,16384,1048576,704,10468836668326708577,1530313,11,11,1731463219085598040,1731463219085598040
13,P,20260918,822,2,measure,228,random,49152,1048576,1291,1017373616227067906,1360798,11,11,7224198960191361434,7224198960191361434
13,P,20260918,823,2,measure,229,stride_1,1572864,1048576,92020,18079097815362128963,1739839,11,11,2675266911176134870,2675266911176134870
13,P,20260918,824,2,measure,230,stride_4097,67108864,1048576,7694019,16137875931528584773,9367396,11,11,7247212515827973160,7247212515827973160
13,P,20260918,825,2,measure,231,stride_4097,24576,1048576,232,8561187712668448766,2117272,11,11,5629241607303656779,5629241607303656779
13,P,20260918,826,2,measure,232,stride_4097,33554432,1048576,3048968,9701067442690409631,8025514,11,11,122445556747469409,122445556747469409
13,P,20260918,827,2,measure,233,random,262144,1048576,29364,13470365699780614834,1804063,11,11,1294962501931832622,1294962501931832622
13,P,20260918,828,2,measure,234,stride_513,262144,1048576,2343,11081377951735138091,2089930,11,11,3252759155835688704,3252759155835688704
13,P,20260918,829,2,measure,235,stride_1,49152,1048576,5692,12206278257339968018,1903673,11,11,5986707102416851887,5986707102416851887
13,P,20260918,830,2,measure,236,random,3145728,1048576,9470,9884667816080345371,9098690,11,11,1759331627025792499,1759331627025792499
13,P,20260918,831,2,measure,237,pair_split_line,134217728,1048576,9900664,1855638883719672711,29209837,11,11,1792870925963049236,1792870925963049236
13,P,20260918,832,2,measure,238,stride_4097,1572864,1048576,91842,14605920003011165669,3301241,11,11,14963517461754540831,14963517461754540831
13,P,20260918,833,2,measure,239,stride_1_double,134217728,2097152,3079474,5996732646799072371,4251930,11,11,6047238461826171188,6047238461826171188
13,P,20260918,834,2,measure,240,stride_1_bis,6291456,1048576,399028,3291171454857124062,2054777,11,11,15706957763137553810,15706957763137553810
13,P,20260918,835,2,measure,241,stride_17,16777216,1048576,1484121,13865977554726337647,9816241,11,11,3482965553557103474,3482965553557103474
13,P,20260918,836,2,measure,242,stride_513,524288,1048576,60848,18226762172100333514,2615907,11,11,10061883979847375520,10061883979847375520
13,P,20260918,837,2,measure,243,stride_4097,3145728,1048576,194478,14628801647058687836,2987838,11,11,15123051955048498048,15123051955048498048
13,P,20260918,838,2,measure,244,pair_split_line,8192,1048576,379,14324352667780704169,2434405,11,11,17885581550967631622,17885581550967631622
13,P,20260918,839,2,measure,245,stride_1_double,100663296,2097152,9286470,18361310392442744038,4633661,11,11,9511867200815864253,9511867200815864253
13,P,20260918,840,2,measure,246,pair_same_line,65536,1048576,486,14455248766303252340,2128159,11,11,8229776472096645708,8229776472096645708
13,P,20260918,841,2,measure,247,pair_same_line,196608,1048576,9668,3616014899955581012,2268133,11,11,12715406780386296172,12715406780386296172
13,P,20260918,842,2,measure,248,stride_1_bis,3145728,1048576,392841,1880275517861878046,2162948,11,11,14087496223040808734,14087496223040808734
13,P,20260918,843,2,measure,249,stride_1_double,262144,2097152,970,7745183692941955446,3084235,11,11,6505518311671377408,6505518311671377408
13,P,20260918,844,2,measure,250,stride_1,2097152,1048576,123177,3293656491155949056,1489520,11,11,14577075130308765988,14577075130308765988
13,P,20260918,845,2,measure,251,stride_513,16384,1048576,84,10481437805186545815,1371921,11,11,9548053087369131008,9548053087369131008
13,P,20260918,846,2,measure,252,random,1048576,1048576,84073,1002725093745206127,1184004,11,11,14761676148847197742,14761676148847197742
13,P,20260918,847,2,measure,253,stride_513,8388608,1048576,220104,716003320023546927,8190700,11,11,18303280461608560459,18303280461608560459
13,P,20260918,848,2,measure,254,stride_513,65536,1048576,3969,13312611473542862466,1519215,11,11,16423878549329276288,16423878549329276288
13,P,20260918,849,2,measure,255,stride_1_bis,196608,1048576,22082,15193004206310362292,1407553,11,11,5771829411709094388,5771829411709094388
13,P,20260918,850,2,measure,256,stride_17,67108864,1048576,4717539,9143419256651130426,8486808,11,11,17319453826175997947,17319453826175997947
13,P,20260918,851,2,measure,257,pair_split_line,24576,1048576,641,17088147797337541549,2138787,11,11,7456858982178733607,7456858982178733607
13,P,20260918,852,2,measure,258,stride_1_double,65536,2097152,4970,13320487307508329011,2915406,11,11,14401013024949000960,14401013024949000960
13,P,20260918,853,2,measure,259,pair_split_line,16384,1048576,815,11846234246244673873,1917094,11,11,7949423125164957384,7949423125164957384
13,P,20260918,854,2,measure,260,stride_1_bis,268435456,1048576,5034958,2252794658304903667,1790818,11,11,11188693626686986142,11188693626686986142
13,P,20260918,855,2,measure,261,stride_1_bis,6144,1048576,509,11821286923475310681,1409713,11,11,5090416215731231556,5090416215731231556
13,P,20260918,856,2,measure,262,random,32768,1048576,3511,11650550920454842177,1135769,11,11,16560734870644920982,16560734870644920982
13,P,20260918,857,2,measure,263,pair_split_line,49152,1048576,2456,4307777624011378787,1884874,11,11,15459709085095303564,15459709085095303564
13,P,20260918,858,2,measure,264,random,4194304,1048576,195116,3347017246197132571,11200308,11,11,4246134041501857726,4246134041501857726
13,P,20260918,859,2,measure,265,pair_split_line,2097152,1048576,189397,15303008003861752083,5083584,11,11,3354660338923595589,3354660338923595589
13,P,20260918,860,2,measure,266,pair_split_line,786432,1048576,3154,3231568124462311624,2545101,11,11,1807913264378830480,1807913264378830480
13,P,20260918,861,2,measure,267,pair_split_line,6291456,1048576,687881,1693466484128871834,5859150,11,11,10832681190610894315,10832681190610894315
13,P,20260918,862,2,measure,268,random,8388608,1048576,1005709,8767865696682738672,8861663,11,11,2659213339726194300,2659213339726194300
13,P,20260918,863,2,measure,269,pair_same_line,6144,1048576,479,17767583605492886358,1659976,11,11,11936169058697455825,11936169058697455825
13,P,20260918,864,2,measure,270,stride_1_bis,67108864,1048576,2922273,8671404274540921244,1725802,11,11,7748638036178269988,7748638036178269988
13,P,20260918,865,2,measure,271,stride_1_bis,2097152,1048576,226941,11531334304471127790,1481293,11,11,14577075130308765988,14577075130308765988
13,P,20260918,866,2,measure,272,pair_same_line,1572864,1048576,7027,3165083457261822533,2162290,11,11,4524068195630009633,4524068195630009633
13,P,20260918,867,2,measure,273,pair_same_line,131072,1048576,13803,8598423195935291786,1785128,11,11,6957535423171684652,6957535423171684652
13,P,20260918,868,2,measure,274,pair_same_line,24576,1048576,2301,14473859616827933654,1623103,11,11,18285200482391319775,18285200482391319775
13,P,20260918,869,2,measure,275,stride_513,4194304,1048576,219226,14599950804493557298,4391879,11,11,12406089252390561320,12406089252390561320
13,P,20260918,870,2,measure,276,stride_1_bis,201326592,1048576,5015408,6164113473119766224,2531981,11,11,9181756902960663148,9181756902960663148
13,P,20260918,871,2,measure,277,pair_same_line,268435456,1048576,22648163,4082811379490462399,19499287,11,11,18145445111555051977,18145445111555051977
13,P,20260918,872,2,measure,278,stride_17,25165824,1048576,904117,14852324094018794571,8066093,11,11,4147181897599162919,4147181897599162919
13,P,20260918,873,2,measure,279,random,65536,1048576,7980,8814279652122829464,1314199,11,11,13421926977394357580,13421926977394357580
13,P,20260918,874,2,measure,280,pair_same_line,3145728,1048576,149580,10245986923113362751,10127724,11,11,6935875759255167998,6935875759255167998
13,P,20260918,875,2,measure,281,stride_1_bis,16384,1048576,192,3361267706589259731,1619574,11,11,9548053087369131008,9548053087369131008
13,P,20260918,876,2,measure,282,stride_4097,12582912,1048576,743219,1904978858921670792,7494760,11,11,9617421493867318146,9617421493867318146
13,P,20260918,877,2,measure,283,stride_1,12288,1048576,1420,15113717747647981019,1748913,11,11,17638600238109385796,17638600238109385796
13,P,20260918,878,2,measure,284,stride_1,12582912,1048576,802077,3833064644756280774,2449363,11,11,7474393514186418409,7474393514186418409
13,P,20260918,879,2,measure,285,stride_1_double,1572864,2097152,22379,8743374569071057503,3259463,11,11,5529471764004713559,5529471764004713559
13,P,20260918,880,2,measure,286,stride_1_bis,98304,1048576,7328,11847748655015069458,1494493,11,11,15322388399852595311,15322388399852595311
13,P,20260918,881,2,measure,287,stride_1_bis,12582912,1048576,1118318,12788692260151745159,2079677,11,11,12908089491252549713,12908089491252549713
13,P,20260918,882,2,measure,288,random,8192,1048576,721,6003712818842039444,1096210,11,11,2935685694833275099,2935685694833275099
13,P,20260918,883,2,measure,289,stride_1_double,16384,2097152,337,4970968559061661363,2724494,11,11,649362101028710400,649362101028710400
13,P,20260918,884,2,measure,290,stride_1,131072,1048576,2461,116371295179277104,1359110,11,11,16921412609114818048,16921412609114818048
13,P,20260918,885,2,measure,291,pair_same_line,32768,1048576,3197,14745847438817343997,1708025,11,11,4804840578109305473,4804840578109305473
13,P,20260918,886,2,measure,292,stride_1,1048576,1048576,91074,11969025779192837810,1434438,11,11,8797231230870489880,8797231230870489880
13,P,20260918,887,2,measure,293,stride_513,786432,1048576,96677,8987574892450438196,1442255,11,11,13192199103146003808,13192199103146003808
13,P,20260918,888,2,measure,294,random,100663296,1048576,4954815,1912351606722474611,16585887,11,11,4923175975472715787,4923175975472715787
13,P,20260918,889,2,measure,295,pair_split_line,524288,1048576,49360,15638827631522274095,2624544,11,11,12314882543687318523,12314882543687318523
13,P,20260918,890,2,measure,296,stride_513,12582912,1048576,738342,12952494604877682125,10776003,11,11,10120808792106458316,10120808792106458316
13,P,20260918,891,3,measure,0,pair_split_line,1572864,1048576,104788,70252768161964076,3750999,11,11,2237704681341456363,2237704681341456363
13,P,20260918,892,3,measure,1,stride_17,16384,1048576,548,18076898652867526584,1507756,11,11,9548053087369131008,9548053087369131008
13,P,20260918,893,3,measure,2,stride_1_double,16777216,2097152,8269,16960524642312040098,3932154,11,11,12841062978479921428,12841062978479921428
13,P,20260918,894,3,measure,3,pair_same_line,1048576,1048576,43692,5422291867562511832,2340292,11,11,2444629792069645606,2444629792069645606
13,P,20260918,895,3,measure,4,stride_4097,100663296,1048576,3722227,12436268744737892772,8712036,11,11,351143971792543956,351143971792543956
13,P,20260918,896,3,measure,5,stride_1,196608,1048576,23333,8080935023989696286,1421242,11,11,12296405640409803257,12296405640409803257
13,P,20260918,897,3,measure,6,pair_split_line,6144,1048576,391,17676431032904496830,1945617,11,11,16906654970988883441,16906654970988883441
13,P,20260918,898,3,measure,7,random,16777216,1048576,1509307,5842145852625587573,15293558,11,11,14731017507408305708,14731017507408305708
13,P,20260918,899,3,measure,8,pair_same_line,268435456,1048576,14844082,4424539293495230918,24094774,11,11,3552965765351830466,3552965765351830466
13,P,20260918,900,3,measure,9,stride_1,3145728,1048576,315761,12397576074024514799,2727881,11,11,11862602580697896713,11862602580697896713
13,P,20260918,901,3,measure,10,stride_17,33554432,1048576,587275,6034217189433912129,9595246,11,11,16269170220030311486,16269170220030311486
13,P,20260918,902,3,measure,11,stride_17,131072,1048576,1634,12081910549213043367,2287600,11,11,16921412609114818048,16921412609114818048
13,P,20260918,903,3,measure,12,pair_split_line,16384,1048576,794,3041450087376026849,2594171,11,11,18429320878739017010,18429320878739017010
13,P,20260918,904,3,measure,13,random,4194304,1048576,415323,12620498757926184809,4999527,11,11,5723965887302803626,5723965887302803626
13,P,20260918,905,3,measure,14,random,33554432,1048576,2926515,10599116426465785422,13618505,11,11,8810365960353136450,8810365960353136450
13,P,20260918,906,3,measure,15,stride_1_double,98304,2097152,8972,11624867304183300568,4172745,11,11,17205435311770574364,17205435311770574364
13,P,20260918,907,3,measure,16,stride_4097,3145728,1048576,293781,18392680056090429352,2530621,11,11,7711151121728495921,7711151121728495921
13,P,20260918,908,3,measure,17,pair_same_line,6291456,1048576,161186,11418423000743719579,10127480,11,11,10205417549279721000,10205417549279721000
13,P,20260918,909,3,measure,18,stride_1,8388608,1048576,617731,9137041653727727656,2422539,11,11,18303280461608560459,18303280461608560459
13,P,20260918,910,3,measure,19,random,524288,1048576,4920,7022513755671223107,1727081,11,11,11555424312265577457,11555424312265577457
13,P,20260918,911,3,measure,20,stride_1,16384,1048576,619,13124261721297100481,1865353,11,11,9548053087369131008,9548053087369131008
13,P,20260918,912,3,measure,21,pair_split_line,6291456,1048576,534904,13352957664256696502,7500625,11,11,15276435765980477434,15276435765980477434
13,P,20260918,913,3,measure,22,stride_1_bis,12582912,1048576,1337516,10108127695026210,1835239,11,11,15448857166570310324,15448857166570310324
13,P,20260918,914,3,measure,23,pair_split_line,4096,1048576,453,6533455815123332628,2099900,11,11,18092439544000018437,18092439544000018437
13,P,20260918,915,3,measure,24,stride_1_bis,24576,1048576,1422,4317353769108548332,1431566,11,11,8263058725128168166,8263058725128168166
13,P,20260918,916,3,measure,25,stride_4097,262144,1048576,18941,14832048511751115503,1455746,11,11,3252759155835688704,3252759155835688704
13,P,20260918,917,3,measure,26,stride_17,134217728,1048576,3867358,4785608743080776164,8877434,11,11,18094310810836267465,18094310810836267465
13,P,20260918,918,3,measure,27,stride_17,786432,1048576,47799,9200532758730745186,1642191,11,11,15933128900573762660,15933128900573762660
13,P,20260918,919,3,measure,28,stride_4097,393216,1048576,21084,16955565799232796690,1479988,11,11,4733131022989804,4733131022989804
13,P,20260918,920,3,measure,29,stride_513,1572864,1048576,8755,2403824101736236813,1766982,11,11,16747479167117318944,16747479167117318944
13,P,20260918,921,3,measure,30,stride_17,67108864,1048576,8087816,7429742133092708042,8345394,11,11,1782880691930144455,1782880691930144455
13,P,20260918,922,3,measure,31,stride_513,393216,1048576,39920,10348338010854659044,1639122,11,11,14269622657413644288,14269622657413644288
13,P,20260918,923,3,measure,32,stride_1,65536,1048576,2176,13621996155955008846,1491077,11,11,16423878549329276288,16423878549329276288
13,P,20260918,924,3,measure,33,stride_1_double,393216,2097152,6479,7758420953626967034,2792519,11,11,14136862509067289896,14136862509067289896
13,P,20260918,925,3,measure,34,stride_1_bis,49152,1048576,3538,1792315046145821379,1351646,11,11,1793646839945510228,1793646839945510228
13,P,20260918,926,3,measure,35,random,6144,1048576,448,11556679850143029157,1089443,11,11,10668602035818426596,10668602035818426596
13,P,20260918,927,3,measure,36,pair_split_line,49152,1048576,4743,15914424945067230470,1966466,11,11,10595289336965074651,10595289336965074651
13,P,20260918,928,3,measure,37,pair_split_line,201326592,1048576,8525049,8820137873252518665,25600717,11,11,12774055396090209498,12774055396090209498
13,P,20260918,929,3,measure,38,stride_4097,67108864,1048576,6191947,16134105013257950635,7778663,11,11,18186141011146374442,18186141011146374442
13,P,20260918,930,3,measure,39,stride_17,262144,1048576,15179,12567120336027232271,1912704,11,11,3252759155835688704,3252759155835688704
13,P,20260918,931,3,measure,40,stride_4097,131072,1048576,2111,16554408892712801443,1890087,11,11,16921412609114818048,16921412609114818048
13,P,20260918,932,3,measure,41,stride_513,8388608,1048576,651020,6049197474793816995,7261766,11,11,18303280461608560459,18303280461608560459
13,P,20260918,933,3,measure,42,stride_1_double,8388608,2097152,148409,8994535829911815514,4533219,11,11,18159816849507569302,18159816849507569302
13,P,20260918,934,3,measure,43,random,67108864,1048576,3062822,17218815075751985998,18351176,11,11,9682584464559366668,9682584464559366668
13,P,20260918,935,3,measure,44,stride_1,100663296,1048576,9329633,7447181206034267522,2727071,11,11,3603448684964430635,3603448684964430635
13,P,20260918,936,3,measure,45,pair_same_line,33554432,1048576,260301,5298348519001284491,17418542,11,11,4489611774153264966,4489611774153264966
13,P,20260918,937,3,measure,46,stride_4097,32768,1048576,345,13450427826414550455,2307821,11,11,10598541984122395648,10598541984122395648
13,P,20260918,938,3,measure,47,stride_513,32768,1048576,1873,3601373538598321288,1996472,11,11,10598541984122395648,10598541984122395648
13,P,20260918,939,3,measure,48,stride_4097,201326592,1048576,21637534,3133607425942399757,10466644,11,11,17970725111345736098,17970725111345736098
13,P,20260918,940,3,measure,49,stride_1_bis,268435456,1048576,8873523,2080627799930525699,2551391,11,11,7227401293900244725,7227401293900244725
13,P,20260918,941,3,measure,50,stride_1_bis,134217728,1048576,6441771,8392924958146415118,2318692,11,11,1235815879151443099,1235815879151443099
13,P,20260918,942,3,measure,51,stride_1_bis,6291456,1048576,109285,1876381874637789098,2518483,11,11,17912650774268300334,17912650774268300334
13,P,20260918,943,3,measure,52,stride_513,12288,1048576,428,14319870786388521997,1724059,11,11,9502424420678940672,9502424420678940672
13,P,20260918,944,3,measure,53,pair_same_line,6144,1048576,80,18175391733214307306,2038204,11,11,11920445451715558140,11920445451715558140
13,P,20260918,945,3,measure,54,random,393216,1048576,670,17017434860257684525,1491323,11,11,12916226106396328552,12916226106396328552
13,P,20260918,946,3,measure,55,random,196608,1048576,12965,10622653548306561072,1409301,11,11,15575567697352021590,15575567697352021590
13,P,20260918,947,3,measure,56,stride_1_bis,32768,1048576,3027,5936798062127868694,1689719,11,11,10598541984122395648,10598541984122395648
13,P,20260918,948,3,measure,57,stride_1,131072,1048576,11176,4397303950954233460,1626815,11,11,16921412609114818048,16921412609114818048
13,P,20260918,949,3,measure,58,stride_1,24576,1048576,1423,17815390241193770358,1574352,11,11,6346066320375565225,6346066320375565225
13,P,20260918,950,3,measure,59,random,262144,1048576,11962,5472566820882357869,1268145,11,11,7368443021968236869,7368443021968236869
13,P,20260918,951,3,measure,60,stride_17,8192,1048576,409,14472467234694883745,1470893,11,11,116592947459441664,116592947459441664
13,P,20260918,952,3,measure,61,pair_same_line,24576,1048576,1541,1052491564610470507,1698765,11,11,16204076485070379145,16204076485070379145
13,P,20260918,953,3,measure,62,stride_4097,2097152,1048576,133968,11421215302461446706,1738256,11,11,14577075130308765988,14577075130308765988
13,P,20260918,954,3,measure,63,stride_17,65536,1048576,907,16892025251146720019,1398315,11,11,16423878549329276288,16423878549329276288
13,P,20260918,955,3,measure,64,pair_same_line,393216,1048576,9337,13022276083904645488,1837660,11,11,14561783315873545580,14561783315873545580
13,P,20260918,956,3,measure,65,stride_1_bis,1048576,1048576,24109,1563638633321034898,1389104,11,11,8797231230870489880,8797231230870489880
13,P,20260918,957,3,measure,66,pair_split_line,786432,1048576,85168,14500274022190800182,2510621,11,11,11198490473411589540,11198490473411589540
13,P,20260918,958,3,measure,67,stride_1,2097152,1048576,55952,1113278751491228499,1386222,11,11,14577075130308765988,14577075130308765988
13,P,20260918,959,3,measure,68,pair_split_line,1048576,1048576,6105,18135942696658272447,2550465,11,11,108812351458880929,108812351458880929
13,P,20260918,960,3,measure,69,stride_4097,6144,1048576,564,16873421777311858131,1381482,11,11,16867731223937457861,16867731223937457861
13,P,20260918,961,3,measure,70,stride_1_double,268435456,2097152,20553512,17904391729386628276,4076561,11,11,16745001580312794510,16745001580312794510
13,P,20260918,962,3,measure,71,pair_split_line,8388608,1048576,31978,1513163123795060336,9139953,11,11,4342376651634720459,4342376651634720459
13,P,20260918,963,3,measure,72,stride_513,98304,1048576,717,7992442046999699443,1415220,11,11,3510283103173401088,3510283103173401088
13,P,20260918,964,3,measure,73,pair_same_line,32768,1048576,411,6247874236762454750,1624124,11,11,2612876970494320571,2612876970494320571
13,P,20260918,965,3,measure,74,pair_same_line,201326592,1048576,445382,11391051958012960483,18589201,11,11,11239270042855905567,11239270042855905567
13,P,20260918,966,3,measure,75,pair_same_line,100663296,1048576,9042167,10012048248966690213,17702770,11,11,16241052997241358628,16241052997241358628
13,P,20260918,967,3,measure,76,stride_1,6291456,1048576,4236,14682195278157504845,2694678,11,11,4941266788787472385,4941266788787472385
13,P,20260918,968,3,measure,77,stride_513,4096,1048576,393,4924048140002811057,1439770,11,11,8154595385843253248,8154595385843253248
13,P,20260918,969,3,measure,78,random,100663296,1048576,6984142,12772821512810287245,16256802,11,11,15852462167443683876,15852462167443683876
13,P,20260918,970,3,measure,79,stride_513,6291456,1048576,435267,803047926045174588,5628876,11,11,2329185465026963428,2329185465026963428
13,P,20260918,971,3,measure,80,stride_1_double,100663296,2097152,5439462,5918528854277736854,4776719,11,11,12499482064098382390,12499482064098382390
13,P,20260918,972,3,measure,81,stride_4097,98304,1048576,9637,16199222311316850885,1734982,11,11,12977651235442730923,12977651235442730923
13,P,20260918,973,3,measure,82,stride_1_double,1572864,2097152,76408,849955283018464176,3207292,11,11,13441160716078229294,13441160716078229294
13,P,20260918,974,3,measure,83,stride_1,6144,1048576,669,456806724368687230,1470985,11,11,4828582669910122240,4828582669910122240
13,P,20260918,975,3,measure,84,stride_1,12582912,1048576,571596,2711556566656186555,1718512,11,11,5279492619754690471,5279492619754690471
13,P,20260918,976,3,measure,85,pair_same_line,25165824,1048576,18072,8581622079117342880,14507681,11,11,17906943338983139886,17906943338983139886
13,P,20260918,977,3,measure,86,pair_same_line,98304,1048576,5890,6219760338432286654,2068331,11,11,15160053422301138748,15160053422301138748
13,P,20260918,978,3,measure,87,pair_split_line,2097152,1048576,52859,14814667800586273494,3473381,11,11,13959167676084605,13959167676084605
13,P,20260918,979,3,measure,88,pair_split_line,50331648,1048576,2288984,4397188482947061291,19086812,11,11,2210106151869349295,2210106151869349295
13,P,20260918,980,3,measure,89,stride_1_double,134217728,2097152,14644608,15414534006975441981,4636617,11,11,13213695092871726771,13213695092871726771
13,P,20260918,981,3,measure,90,random,32768,1048576,3327,11374192049894223778,1306073,11,11,837355626729931499,837355626729931499
13,P,20260918,982,3,measure,91,stride_1,1572864,1048576,65301,8783060696098857685,1692321,11,11,5978503418052627390,5978503418052627390
13,P,20260918,983,3,measure,92,stride_1_bis,4194304,1048576,339744,1541288961631237000,1834003,11,11,12406089252390561320,12406089252390561320
13,P,20260918,984,3,measure,93,stride_513,268435456,1048576,7261077,1205943621886298345,12710745,11,11,6757262652989709408,6757262652989709408
13,P,20260918,985,3,measure,94,stride_4097,1572864,1048576,22263,7213789419185107289,1879293,11,11,8270368145028879110,8270368145028879110
13,P,20260918,986,3,measure,95,stride_513,33554432,1048576,1362945,2052019200558925238,11422550,11,11,6919573918125216895,6919573918125216895
13,P,20260918,987,3,measure,96,stride_1,12288,1048576,784,1919448916622209869,1888125,11,11,14282713991183120470,14282713991183120470
13,P,20260918,988,3,measure,97,pair_split_line,98304,1048576,2224,10332194939109659353,2854359,11,11,16061551752799966674,16061551752799966674
13,P,20260918,989,3,measure,98,stride_1_double,12582912,2097152,467009,16594660305642769556,5002481,11,11,11882143689684504104,11882143689684504104
13,P,20260918,990,3,measure,99,stride_1,98304,1048576,8210,4249914813876065056,1585243,11,11,812513814574647263,812513814574647263
13,P,20260918,991,3,measure,100,stride_1_double,24576,2097152,2114,7897853410416712058,2967487,11,11,16165946559376595414,16165946559376595414
13,P,20260918,992,3,measure,101,random,50331648,1048576,5333104,9889708264066191898,13892569,11,11,603564368092417049,603564368092417049
13,P,20260918,993,3,measure,102,stride_4097,12582912,1048576,978661,764988526639488754,6493939,11,11,12114998366123808629,12114998366123808629
13,P,20260918,994,3,measure,103,stride_1_bis,100663296,1048576,6827875,2646468708835035390,2361909,11,11,2755198409323727553,2755198409323727553
13,P,20260918,995,3,measure,104,pair_split_line,100663296,1048576,5709783,5518539918057227013,23345282,11,11,16702298132893621044,16702298132893621044
13,P,20260918,996,3,measure,105,stride_17,2097152,1048576,260949,6572463346717212745,2905682,11,11,14577075130308765988,14577075130308765988
13,P,20260918,997,3,measure,106,stride_513,131072,1048576,6158,2534744727365812702,2314129,11,11,16921412609114818048,16921412609114818048
13,P,20260918,998,3,measure,107,stride_17,12582912,1048576,889389,902306637277555497,7439810,11,11,3835031256401085548,3835031256401085548
13,P,20260918,999,3,measure,108,stride_1_double,3145728,2097152,83270,6225944721015459810,4222823,11,11,14973738113761373168,14973738113761373168
13,P,20260918,1000,3,measure,109,stride_513,134217728,1048576,12471856,14450217111695047523,12676840,11,11,3777379433275412579,3777379433275412579
13,P,20260918,1001,3,measure,110,stride_1_double,12288,2097152,1286,4828376540476312712,4186384,11,11,3043364571886076875,3043364571886076875
13,P,20260918,1002,3,measure,111,stride_1_double,201326592,2097152,9574233,16487528730160021423,4402571,11,11,3768725415243909019,3768725415243909019
13,P,20260918,1003,3,measure,112,pair_split_line,4194304,1048576,174272,7050155692581601969,6658654,11,11,5033880862385725158,5033880862385725158
13,P,20260918,1004,3,measure,113,stride_513,50331648,1048576,318746,15668322600724767322,13272849,11,11,14731489731693703243,14731489731693703243
13,P,20260918,1005,3,measure,114,stride_1,1048576,1048576,76411,17116107665041462425,2036848,11,11,8797231230870489880,8797231230870489880
13,P,20260918,1006,3,measure,115,stride_1,67108864,1048576,6512141,8145001178822816593,2312030,11,11,7198235027316469522,7198235027316469522
13,P,20260918,1007,3,measure,116,pair_same_line,524288,1048576,9033,1326441529358382412,2724145,11,11,5825507883426925819,5825507883426925819
13,P,20260918,1008,3,measure,117,stride_17,6144,1048576,126,18383919979461769726,1803342,11,11,14117956461493415829,14117956461493415829
13,P,20260918,1009,3,measure,118,pair_same_line,8192,1048576,738,3619732761124459142,2032348,11,11,15052859616199060519,15052859616199060519
13,P,20260918,1010,3,measure,119,random,49152,1048576,3216,2856317538960451095,1368121,11,11,9485940285603514936,9485940285603514936
13,P,20260918,1011,3,measure,120,stride_4097,4096,1048576,7,13603429310054398534,1709282,11,11,8154595385843253248,8154595385843253248
13,P,20260918,1012,3,measure,121,random,12288,1048576,165,2962871863968822154,1706637,11,11,593940422246389324,593940422246389324
13,P,20260918,1013,3,measure,122,stride_4097,8388608,1048576,188700,13129352719882287337,4315705,11,11,18303280461608560459,18303280461608560459
13,P,20260918,1014,3,measure,123,stride_1_bis,2097152,1048576,244839,16595854550029084882,1561862,11,11,14577075130308765988,14577075130308765988
13,P,20260918,1015,3,measure,124,random,1572864,1048576,46126,10844358900247139927,1466375,11,11,16838379052347821055,16838379052347821055
13,P,20260918,1016,3,measure,125,stride_1_bis,393216,1048576,15123,4714261381465118831,1385305,11,11,1281213188637048034,1281213188637048034
13,P,20260918,1017,3,measure,126,stride_17,12288,1048576,40,4725615867864964626,1377439,11,11,509970404266758297,509970404266758297
13,P,20260918,1018,3,measure,127,stride_1_double,2097152,2097152,189046,5672747508159805900,2743445,11,11,10707406186907980360,10707406186907980360
13,P,20260918,1019,3,measure,128,stride_513,65536,1048576,1194,5260852731964393076,1411617,11,11,16423878549329276288,16423878549329276288
13,P,20260918,1020,3,measure,129,stride_1_bis,786432,1048576,2315,7127307015477780788,1355643,11,11,2093336279213123590,2093336279213123590
13,P,20260918,1021,3,measure,130,stride_1_double,4194304,2097152,468427,16772685642895133117,2995762,11,11,6365434431071571024,6365434431071571024
13,P,20260918,1022,3,measure,131,stride_1_double,6291456,2097152,692590,2830518668251025790,3030610,11,11,16970130578116684747,16970130578116684747
13,P,20260918,1023,3,measure,132,stride_1_bis,8388608,1048576,909734,14473059712213846829,1677979,11,11,18303280461608560459,18303280461608560459
13,P,20260918,1024,3,measure,133,stride_17,4096,1048576,332,16865256198271569824,1356470,11,11,8154595385843253248,8154595385843253248
13,P,20260918,1025,3,measure,134,random,8388608,1048576,1044279,5184203092709766327,6137411,11,11,4918234363436550467,4918234363436550467
13,P,20260918,1026,3,measure,135,stride_17,98304,1048576,8533,670290517115534546,1360258,11,11,4253238597892953149,4253238597892953149
13,P,20260918,1027,3,measure,136,stride_1_double,65536,2097152,4584,8416776281111592013,2709483,11,11,14401013024949000960,14401013024949000960
13,P,20260918,1028,3,measure,137,stride_513,49152,1048576,663,9697972272893757292,1403846,11,11,9764209366394647040,9764209366394647040
13,P,20260918,1029,3,measure,138,random,3145728,1048576,372865,3143578750252059434,2700642,11,11,1852897283767538738,1852897283767538738
13,P,20260918,1030,3,measure,139,stride_4097,1048576,1048576,75252,4239052211043881594,1447297,11,11,8797231230870489880,8797231230870489880
13,P,20260918,1031,3,measure,140,stride_1_bis,8192,1048576,104,9258679758685251857,1352479,11,11,116592947459441664,116592947459441664
13,P,20260918,1032,3,measure,141,stride_1_double,196608,2097152,1609,12091934949392606360,2705495,11,11,84237851558645307,84237851558645307
13,P,20260918,1033,3,measure,142,pair_split_line,524288,1048576,58186,3173555789020322246,2748287,11,11,12513885133456093740,12513885133456093740
13,P,20260918,1034,3,measure,143,stride_513,16384,1048576,16,1600411127497403741,1415138,11,11,9548053087369131008,9548053087369131008
13,P,20260918,1035,3,measure,144,pair_split_line,134217728,1048576,2883481,1980723775741304171,20661707,11,11,2261326199881017990,2261326199881017990
13,P,20260918,1036,3,measure,145,stride_1,32768,1048576,1393,5440616467093774720,1386429,11,11,10598541984122395648,10598541984122395648
13,P,20260918,1037,3,measure,146,stride_17,268435456,1048576,14424053,10605474795736827854,9014458,11,11,8220891715696690234,8220891715696690234
13,P,20260918,1038,3,measure,147,pair_split_line,12288,1048576,1089,5074230078267710926,1881946,11,11,12185716485386877712,12185716485386877712
13,P,20260918,1039,3,measure,148,pair_split_line,393216,1048576,44132,6519113488224001506,2402866,11,11,13754762589423651867,13754762589423651867
13,P,20260918,1040,3,measure,149,stride_1_double,8192,2097152,192,2533098347840518010,2718472,11,11,233185894918883328,233185894918883328
13,P,20260918,1041,3,measure,150,stride_513,262144,1048576,15322,17927110253432036092,1390043,11,11,3252759155835688704,3252759155835688704
13,P,20260918,1042,3,measure,151,stride_1,50331648,1048576,4707118,16933531810330399527,1734733,11,11,6368037793147009094,6368037793147009094
13,P,20260918,1043,3,measure,152,pair_same_line,50331648,1048576,347676,8681493742625169305,16977292,11,11,12278982527154951162,12278982527154951162
13,P,20260918,1044,3,measure,153,pair_same_line,1572864,1048576,79345,13185790459366028995,2910668,11,11,12251097882219287881,12251097882219287881
13,P,20260918,1045,3,measure,154,stride_513,201326592,1048576,22026851,6288829946971270940,13087218,11,11,3409710503386430943,3409710503386430943
13,P,20260918,1046,3,measure,155,stride_513,4194304,1048576,515226,2660770641533168363,3239121,11,11,12406089252390561320,12406089252390561320
13,P,20260918,1047,3,measure,156,stride_1_double,131072,2097152,10079,12713489595598874949,3085215,11,11,15396081144520084480,15396081144520084480
13,P,20260918,1048,3,measure,157,stride_1_bis,16384,1048576,830,16620381271054867062,1469885,11,11,9548053087369131008,9548053087369131008
13,P,20260918,1049,3,measure,158,stride_1,524288,1048576,31557,679442301168840417,1448643,11,11,10061883979847375520,10061883979847375520
13,P,20260918,1050,3,measure,159,random,25165824,1048576,355584,12879105518547586387,13868099,11,11,11536191456098213936,11536191456098213936
13,P,20260918,1051,3,measure,160,pair_same_line,134217728,1048576,1754149,1814065858450134220,19500019,11,11,16677190767795934224,16677190767795934224
13,P,20260918,1052,3,measure,161,stride_513,67108864,1048576,2997358,15408789358660584189,13160134,11,11,867153920963178614,867153920963178614
13,P,20260918,1053,3,measure,162,pair_split_line,3145728,1048576,320590,7894997041442112950,5782583,11,11,8432968569813651403,8432968569813651403
13,P,20260918,1054,3,measure,163,pair_same_line,4096,1048576,163,9496710902695816938,2276038,11,11,11832740515461381519,11832740515461381519
13,P,20260918,1055,3,measure,164,pair_split_line,131072,1048576,6819,9636900218612548307,2775158,11,11,14961789406875860146,14961789406875860146
13,P,20260918,1056,3,measure,165,stride_1,4096,1048576,98,7278710414696147876,1698229,11,11,8154595385843253248,8154595385843253248
13,P,20260918,1057,3,measure,166,stride_1_double,6144,2097152,611,14389313932534758902,3385207,11,11,9043986141553158639,9043986141553158639
13,P,20260918,1058,3,measure,167,stride_1,134217728,1048576,12512170,14634253467547634147,2272114,11,11,10758682824559171838,10758682824559171838
13,P,20260918,1059,3,measure,168,stride_513,6144,1048576,399,14320835056109470516,1639358,11,11,6498767571919667200,6498767571919667200
13,P,20260918,1060,3,measure,169,pair_split_line,262144,1048576,22575,3414007762525011651,2676282,11,11,12769349937360933656,12769349937360933656
13,P,20260918,1061,3,measure,170,stride_1_double,4096,2097152,474,7080910036834815494,2929985,11,11,16309190771686506496,16309190771686506496
13,P,20260918,1062,3,measure,171,random,131072,1048576,13248,14968004516660434519,1155805,11,11,8146695146964718087,8146695146964718087
13,P,20260918,1063,3,measure,172,random,201326592,1048576,16051264,13562297949059220252,18765251,11,11,18069637351399108185,18069637351399108185
13,P,20260918,1064,3,measure,173,pair_split_line,268435456,1048576,4327786,13619339333707248686,28683857,11,11,13963743028270418552,13963743028270418552
13,P,20260918,1065,3,measure,174,stride_1_bis,6144,1048576,711,13603779307412664275,2508663,11,11,14463040613407236708,14463040613407236708
13,P,20260918,1066,3,measure,175,stride_1,262144,1048576,8795,3775330173253744001,2373879,11,11,3252759155835688704,3252759155835688704
13,P,20260918,1067,3,measure,176,stride_4097,16777216,1048576,137323,7535444523875812001,8913308,11,11,12380226411108767743,12380226411108767743
13,P,20260918,1068,3,measure,177,pair_split_line,33554432,1048576,3910144,11144867010666486021,23898431,11,11,14953824481404188884,14953824481404188884
13,P,20260918,1069,3,measure,178,stride_1_bis,524288,1048576,149,11816131168820626636,2709888,11,11,10061883979847375520,10061883979847375520
13,P,20260918,1070,3,measure,179,random,65536,1048576,3610,9990715428131556455,1644153,11,11,12006648006709226425,12006648006709226425
13,P,20260918,1071,3,measure,180,stride_17,196608,1048576,18414,18268099778571767914,1798743,11,11,4914374609867453502,4914374609867453502
13,P,20260918,1072,3,measure,181,stride_17,50331648,1048576,1136443,17806463131637920325,10315816,11,11,2809336015223452576,2809336015223452576
13,P,20260918,1073,3,measure,182,stride_4097,524288,1048576,65109,7727302359077687593,2701075,11,11,10061883979847375520,10061883979847375520
13,P,20260918,1074,3,measure,183,stride_17,16777216,1048576,170079,16057162383867411742,7848421,11,11,10954762423962378620,10954762423962378620
13,P,20260918,1075,3,measure,184,stride_1_double,33554432,2097152,480446,1025646559409490261,5148395,11,11,6837624382628755771,6837624382628755771
13,P,20260918,1076,3,measure,185,random,786432,1048576,43940,1716064280766241833,1754901,11,11,10690250536941416766,10690250536941416766
13,P,20260918,1077,3,measure,186,random,2097152,1048576,141523,5604758393256855420,3357083,11,11,7263716826161148814,7263716826161148814
13,P,20260918,1078,3,measure,187,stride_4097,65536,1048576,2192,2172750089086380940,2035889,11,11,16423878549329276288,16423878549329276288
13,P,20260918,1079,3,measure,188,stride_513,196608,1048576,7331,6003117635010050248,1838632,11,11,8126674812445135616,8126674812445135616
13,P,20260918,1080,3,measure,189,stride_1,8192,1048576,768,17247117036586852663,1698713,11,11,116592947459441664,116592947459441664
13,P,20260918,1081,3,measure,190,stride_1_bis,201326592,1048576,13267086,372674852095458934,2071957,11,11,12305453939678551940,12305453939678551940
13,P,20260918,1082,3,measure,191,stride_1_double,16384,2097152,678,4070052127446562611,3383867,11,11,649362101028710400,649362101028710400
13,P,20260918,1083,3,measure,192,stride_1,4194304,1048576,21975,5493670928665994966,2032168,11,11,12406089252390561320,12406089252390561320
13,P,20260918,1084,3,measure,193,stride_1_double,1048576,2097152,62342,5061905284684997336,3101359,11,11,17594462461740979760,17594462461740979760
13,P,20260918,1085,3,measure,194,pair_split_line,67108864,1048576,846887,1729756761084621640,23400164,11,11,4663851669156930506,4663851669156930506
13,P,20260918,1086,3,measure,195,stride_4097,268435456,1048576,33484799,7797641270146785924,9070140,11,11,3563046332863343612,3563046332863343612
13,P,20260918,1087,3,measure,196,pair_same_line,67108864,1048576,994568,5714834941592123239,21799577,11,11,962959548337242031,962959548337242031
13,P,20260918,1088,3,measure,197,stride_1_double,524288,2097152,18614,17464650092231337854,4900971,11,11,1677023885985199424,1677023885985199424
13,P,20260918,1089,3,measure,198,stride_513,524288,1048576,41810,10607533192597837161,2053666,11,11,10061883979847375520,10061883979847375520
13,P,20260918,1090,3,measure,199,random,268435456,1048576,21203090,17217638279342705908,20382239,11,11,8015431934930623048,8015431934930623048
13,P,20260918,1091,3,measure,200,stride_513,100663296,1048576,8226411,17884318655115637052,15873585,11,11,11763410851595938202,11763410851595938202
13,P,20260918,1092,3,measure,201,stride_513,8192,1048576,972,18286880896317021285,2950680,11,11,116592947459441664,116592947459441664
13,P,20260918,1093,3,measure,202,pair_same_line,12582912,1048576,734251,676298028302422975,16464331,11,11,3474095470213188618,3474095470213188618
13,P,20260918,1094,3,measure,203,stride_513,25165824,1048576,576176,10024217563304674465,14497462,11,11,11886943178879158261,11886943178879158261
13,P,20260918,1095,3,measure,204,pair_same_line,131072,1048576,3165,1580974584907679362,3949546,11,11,13616286456684653314,13616286456684653314
13,P,20260918,1096,3,measure,205,stride_1,16777216,1048576,21253,12523465485103839326,2275155,11,11,3373020949159663445,3373020949159663445
13,P,20260918,1097,3,measure,206,stride_1_bis,67108864,1048576,2693006,7588984709340185594,1914286,11,11,17399849500585875918,17399849500585875918
13,P,20260918,1098,3,measure,207,stride_513,1048576,1048576,92341,3840057919437218365,2125981,11,11,8797231230870489880,8797231230870489880
13,P,20260918,1099,3,measure,208,stride_1_bis,16777216,1048576,855204,16283067353245284829,2016894,11,11,15683549327889919342,15683549327889919342
13,P,20260918,1100,3,measure,209,stride_1_bis,33554432,1048576,2754922,17273560673013249714,2721941,11,11,8449306480616892391,8449306480616892391
13,P,20260918,1101,3,measure,210,random,134217728,1048576,3102144,2984387189262222055,19657240,11,11,15846961607495896035,15846961607495896035
13,P,20260918,1102,3,measure,211,stride_1_double,49152,2097152,5379,10028683888781068733,4947888,11,11,16091806037137132395,16091806037137132395
13,P,20260918,1103,3,measure,212,stride_513,3145728,1048576,328645,1946273535457433057,2653149,11,11,4696861105486946824,4696861105486946824
13,P,20260918,1104,3,measure,213,random,24576,1048576,753,3352839210894664776,1640627,11,11,16463884150480466527,16463884150480466527
13,P,20260918,1105,3,measure,214,random,1048576,1048576,114001,11543560115900092283,1629390,11,11,942232191791571237,942232191791571237
13,P,20260918,1106,3,measure,215,stride_17,524288,1048576,27826,7569996632890179488,1764005,11,11,10061883979847375520,10061883979847375520
13,P,20260918,1107,3,measure,216,stride_17,32768,1048576,2997,10346589831776085034,1705271,11,11,10598541984122395648,10598541984122395648
13,P,20260918,1108,3,measure,217,stride_4097,6291456,1048576,198863,13783508967310440288,3323751,11,11,4799313101098477686,4799313101098477686
13,P,20260918,1109,3,measure,218,pair_same_line,786432,1048576,62052,13931319849675888910,2965944,11,11,17598635812490362779,17598635812490362779
13,P,20260918,1110,3,measure,219,stride_4097,33554432,1048576,2932172,14839493247978367344,7496359,11,11,3068617869499746310,3068617869499746310
13,P,20260918,1111,3,measure,220,stride_513,24576,1048576,452,13347523113479252469,1995799,11,11,13347672456076306432,13347672456076306432
13,P,20260918,1112,3,measure,221,stride_1_double,786432,2097152,62955,16726641038458544929,3782424,11,11,4909922557607450877,4909922557607450877
13,P,20260918,1113,3,measure,222,stride_17,201326592,1048576,12489336,11838461599596991313,9992149,11,11,13871300696164161860,13871300696164161860
13,P,20260918,1114,3,measure,223,random,6291456,1048576,419059,14392403438769954721,8779670,11,11,6170488945182553441,6170488945182553441
13,P,20260918,1115,3,measure,224,stride_1_bis,196608,1048576,8334,6099390419772993390,2125041,11,11,6273567658440908175,6273567658440908175
13,P,20260918,1116,3,measure,225,stride_17,4194304,1048576,189061,7615188234103003710,4149909,11,11,12406089252390561320,12406089252390561320
13,P,20260918,1117,3,measure,226,pair_same_line,3145728,1048576,178662,15870854230792279747,3060602,11,11,7294631343685381591,7294631343685381591
13,P,20260918,1118,3,measure,227,stride_1_bis,65536,1048576,4131,17823999869477876704,1695143,11,11,16423878549329276288,16423878549329276288
13,P,20260918,1119,3,measure,228,pair_same_line,2097152,1048576,9003,13616280188769138560,2849127,11,11,8748405377056923208,8748405377056923208
13,P,20260918,1120,3,measure,229,stride_17,8388608,1048576,1036191,11588396673788828911,3645050,11,11,18303280461608560459,18303280461608560459
13,P,20260918,1121,3,measure,230,stride_1_bis,131072,1048576,11567,10705768917082708830,1459284,11,11,16921412609114818048,16921412609114818048
13,P,20260918,1122,3,measure,231,stride_17,100663296,1048576,8063551,4000279420513287448,8760743,11,11,5082373297225435671,5082373297225435671
13,P,20260918,1123,3,measure,232,pair_same_line,196608,1048576,10983,5284882440885961631,2082776,11,11,2518421339685675910,2518421339685675910
13,P,20260918,1124,3,measure,233,stride_17,1048576,1048576,88964,495702842602188104,1602978,11,11,8797231230870489880,8797231230870489880
13,P,20260918,1125,3,measure,234,stride_4097,50331648,1048576,4864163,11344004580427063560,8372377,11,11,9036884948430362173,9036884948430362173
13,P,20260918,1126,3,measure,235,pair_split_line,65536,1048576,7230,17573236202154584315,2401039,11,11,10622645599966754789,10622645599966754789
13,P,20260918,1127,3,measure,236,stride_4097,12288,1048576,1138,8506144656031105538,1531009,11,11,17237966390976031867,17237966390976031867
13,P,20260918,1128,3,measure,237,stride_1_bis,12288,1048576,1018,16934360155015153634,1470000,11,11,3799225758597830022,3799225758597830022
13,P,20260918,1129,3,measure,238,stride_17,25165824,1048576,3059048,13373503921145102152,7498767,11,11,6629168853560408763,6629168853560408763
13,P,20260918,1130,3,measure,239,stride_1_double,32768,2097152,2372,16581110444870645,3044497,11,11,2750339894535239680,2750339894535239680
13,P,20260918,1131,3,measure,240,stride_1_bis,50331648,1048576,5100719,3965432605557299919,2215905,11,11,6402198941057488609,6402198941057488609
13,P,20260918,1132,3,measure,241,pair_same_line,262144,1048576,16994,11719526109323496750,1906789,11,11,7080436296748816294,7080436296748816294
13,P,20260918,1133,3,measure,242,pair_same_line,16384,1048576,1625,5059580955405221638,1625617,11,11,11842309849787556282,11842309849787556282
13,P,20260918,1134,3,measure,243,stride_1,393216,1048576,9023,14282332328483155424,1390183,11,11,18187007937457880813,18187007937457880813
13,P,20260918,1135,3,measure,244,stride_1_double,67108864,2097152,2632808,12480033960387951390,3743931,11,11,9773904346762204107,9773904346762204107
13,P,20260918,1136,3,measure,245,pair_split_line,25165824,1048576,580168,6201224053219652532,14954148,11,11,1466871883159464702,1466871883159464702
13,P,20260918,1137,3,measure,246,random,16384,1048576,1205,8332902798684248068,1091312,11,11,16933002735273583088,16933002735273583088
13,P,20260918,1138,3,measure,247,stride_1_bis,4096,1048576,199,16542067346803758886,1402560,11,11,8154595385843253248,8154595385843253248
13,P,20260918,1139,3,measure,248,stride_4097,786432,1048576,4900,8283026187649153301,1446034,11,11,2707193694035117171,2707193694035117171
13,P,20260918,1140,3,measure,249,stride_4097,196608,1048576,21597,10424349903030513540,1401663,11,11,16566836662087089453,16566836662087089453
13,P,20260918,1141,3,measure,250,pair_split_line,8192,1048576,341,4719760881950240871,1886451,11,11,16624206441997914860,16624206441997914860
13,P,20260918,1142,3,measure,251,pair_split_line,32768,1048576,949,548502146477186063,1888823,11,11,5736270008633572258,5736270008633572258
13,P,20260918,1143,3,measure,252,pair_same_line,16777216,1048576,1353170,9598846962265796566,11198142,11,11,13732461417724201796,13732461417724201796
13,P,20260918,1144,3,measure,253,stride_4097,24576,1048576,655,14288161638241679363,1358196,11,11,7276120570723785039,7276120570723785039
13,P,20260918,1145,3,measure,254,stride_1_double,262144,2097152,21327,11896548623696047878,2737850,11,11,6505518311671377408,6505518311671377408
13,P,20260918,1146,3,measure,255,stride_17,3145728,1048576,219355,10511957378733139279,2612975,11,11,14977424390310043067,14977424390310043067
13,P,20260918,1147,3,measure,256,stride_513,16777216,1048576,1818435,8979530120596175201,6412574,11,11,13066245674715383406,13066245674715383406
13,P,20260918,1148,3,measure,257,stride_4097,49152,1048576,3650,16308815410407329953,1356581,11,11,12539115265714963078,12539115265714963078
13,P,20260918,1149,3,measure,258,random,98304,1048576,7890,2119404558651178917,1136517,11,11,16612716473582690862,16612716473582690862
13,P,20260918,1150,3,measure,259,stride_513,12582912,1048576,1167494,18102664925686005146,5590788,11,11,446194662936398502,446194662936398502
13,P,20260918,1151,3,measure,260,stride_1_bis,25165824,1048576,2430678,16699326271983768892,2008963,11,11,6470356180238020024,6470356180238020024
13,P,20260918,1152,3,measure,261,pair_same_line,12288,1048576,800,18118674869688564163,1675718,11,11,10516077384106535918,10516077384106535918
13,P,20260918,1153,3,measure,262,stride_4097,25165824,1048576,1060891,3652558567486832928,7282791,11,11,17044014329174645274,17044014329174645274
13,P,20260918,1154,3,measure,263,stride_17,6291456,1048576,476622,10608835352134625193,3741105,11,11,15136301057274918168,15136301057274918168
13,P,20260918,1155,3,measure,264,stride_4097,134217728,1048576,3413903,2870484058439561226,6962621,11,11,7852328084383204327,7852328084383204327
13,P,20260918,1156,3,measure,265,random,8192,1048576,255,12559337130905837348,1088981,11,11,13558041319900003159,13558041319900003159
13,P,20260918,1157,3,measure,266,stride_1_double,25165824,2097152,1612480,2938581529664129500,4305400,11,11,6080454232353457232,6080454232353457232
13,P,20260918,1158,3,measure,267,stride_1_bis,262144,1048576,30045,158514738279738440,1374919,11,11,3252759155835688704,3252759155835688704
13,P,20260918,1159,3,measure,268,pair_same_line,49152,1048576,5561,2049924344652808912,1705345,11,11,6138155570687559134,6138155570687559134
13,P,20260918,1160,3,measure,269,stride_1,786432,1048576,88556,4495187429396228954,1400192,11,11,7875568742736541762,7875568742736541762
13,P,20260918,1161,3,measure,270,stride_513,786432,1048576,30566,11799171888999372607,1445861,11,11,13192199103146003808,13192199103146003808
13,P,20260918,1162,3,measure,271,stride_1_double,50331648,2097152,1812947,439486821252437853,4425532,11,11,4408905830898495922,4408905830898495922
13,P,20260918,1163,3,measure,272,stride_4097,4194304,1048576,523324,429404435018245274,2001401,11,11,12406089252390561320,12406089252390561320
13,P,20260918,1164,3,measure,273,stride_17,1572864,1048576,80696,9759383352618882153,1425861,11,11,6501236365615707406,6501236365615707406
13,P,20260918,1165,3,measure,274,stride_1,201326592,1048576,7106924,5683389265677223879,2226791,11,11,510395738179158185,510395738179158185
13,P,20260918,1166,3,measure,275,stride_17,24576,1048576,680,4021398944875277667,1501305,11,11,10079526667825846339,10079526667825846339
13,P,20260918,1167,3,measure,276,stride_17,393216,1048576,3280,12500609378274501540,1525077,11,11,4781279725648531978,4781279725648531978
13,P,20260918,1168,3,measure,277,pair_split_line,196608,1048576,13594,15009274175480940497,2316875,11,11,14397777221192415937,14397777221192415937
13,P,20260918,1169,3,measure,278,pair_split_line,12582912,1048576,244939,13468277592871328549,12510536,11,11,10935945185705681002,10935945185705681002
13,P,20260918,1170,3,measure,279,stride_1_bis,98304,1048576,8757,10180507976525306652,1359529,11,11,1282620149221715011,1282620149221715011
13,P,20260918,1171,3,measure,280,pair_same_line,8388608,1048576,832150,1244031381420543281,9207061,11,11,8138426733949728890,8138426733949728890
13,P,20260918,1172,3,measure,281,stride_1,49152,1048576,2797,11495273105360535967,1383956,11,11,11402338792202150297,11402338792202150297
13,P,20260918,1173,3,measure,282,pair_same_line,65536,1048576,517,9667705306535343175,1739514,11,11,11223976358059552913,11223976358059552913
13,P,20260918,1174,3,measure,283,stride_4097,16384,1048576,609,3993157221149069307,1382157,11,11,9548053087369131008,9548053087369131008
13,P,20260918,1175,3,measure,284,stride_1,25165824,1048576,2216246,786013802890833665,2000815,11,11,14661303626530651103,14661303626530651103
13,P,20260918,1176,3,measure,285,stride_1,33554432,1048576,733176,13936350062774112777,2253912,11,11,9450294662728348341,9450294662728348341
13,P,20260918,1177,3,measure,286,random,12582912,1048576,1035968,10467553929226667956,9712622,11,11,16260802672119117086,16260802672119117086
13,P,20260918,1178,3,measure,287,stride_4097,8192,1048576,77,13256138682353047163,1413670,11,11,116592947459441664,116592947459441664
13,P,20260918,1179,3,measure,288,pair_split_line,16777216,1048576,957782,2627201652475367780,13530879,11,11,6301140835626466239,6301140835626466239
13,P,20260918,1180,3,measure,289,pair_same_line,4194304,1048576,117302,5830898258035970998,3757702,11,11,5151325667065220477,5151325667065220477
13,P,20260918,1181,3,measure,290,stride_1_bis,3145728,1048576,61445,1926884789110809973,1384219,11,11,11556269067452392160,11556269067452392160
13,P,20260918,1182,3,measure,291,random,4096,1048576,339,13467593805026957556,1135312,11,11,17412044295883041471,17412044295883041471
13,P,20260918,1183,3,measure,292,stride_513,2097152,1048576,57985,2012801706484296299,1479833,11,11,14577075130308765988,14577075130308765988
13,P,20260918,1184,3,measure,293,stride_1,268435456,1048576,31543031,9969194322213564870,1919489,11,11,1387341851835965922,1387341851835965922
13,P,20260918,1185,3,measure,294,stride_17,49152,1048576,2313,2813188678161350303,1418029,11,11,8353246704380745964,8353246704380745964
13,P,20260918,1186,3,measure,295,stride_1_bis,1572864,1048576,1365,5130395297166384008,1459068,11,11,3408609325757306455,3408609325757306455
13,P,20260918,1187,3,measure,296,pair_split_line,24576,1048576,20,5719552244781631577,1883246,11,11,8060872512521542005,8060872512521542005
13,P,20260918,1188,4,measure,0,stride_513,32768,1048576,3499,2786682338661822206,1380904,11,11,10598541984122395648,10598541984122395648
13,P,20260918,1189,4,measure,1,stride_1_double,65536,2097152,355,10205146620114797390,2818686,11,11,14401013024949000960,14401013024949000960
13,P,20260918,1190,4,measure,2,stride_17,201326592,1048576,2211183,5486686223339682056,8439953,11,11,3344053757401176409,3344053757401176409
13,P,20260918,1191,4,measure,3,stride_513,4096,1048576,219,1510033880773628111,1412805,11,11,8154595385843253248,8154595385843253248
13,P,20260918,1192,4,measure,4,stride_17,268435456,1048576,26789557,2581928493939204011,9069631,11,11,9439279103134897297,9439279103134897297
13,P,20260918,1193,4,measure,5,stride_1_bis,131072,1048576,10404,7410025818572140158,1417446,11,11,16921412609114818048,16921412609114818048
13,P,20260918,1194,4,measure,6,stride_1_bis,4096,1048576,319,16669448480889352819,1423103,11,11,8154595385843253248,8154595385843253248
13,P,20260918,1195,4,measure,7,stride_1,24576,1048576,510,5612760875888269896,1413699,11,11,9013208047354532253,9013208047354532253
13,P,20260918,1196,4,measure,8,stride_4097,49152,1048576,5251,832698281210604276,1412799,11,11,12034445987243432042,12034445987243432042
13,P,20260918,1197,4,measure,9,stride_4097,65536,1048576,6865,8998010931827042335,1484244,11,11,16423878549329276288,16423878549329276288
13,P,20260918,1198,4,measure,10,stride_1_double,49152,2097152,3641,14491645381433574564,2827231,11,11,7277128368142569686,7277128368142569686
13,P,20260918,1199,4,measure,11,stride_1_bis,8388608,1048576,655971,14816446410606193461,1856533,11,11,18303280461608560459,18303280461608560459
13,P,20260918,1200,4,measure,12,stride_4097,67108864,1048576,131383,12635178524087535612,6927970,11,11,4417202176278943636,4417202176278943636
13,P,20260918,1201,4,measure,13,random,1048576,1048576,7265,4591325838770153709,1504450,11,11,18130667092364021598,18130667092364021598
13,P,20260918,1202,4,measure,14,pair_same_line,25165824,1048576,1037724,483286185681800523,15026104,11,11,1914184845322685832,1914184845322685832
13,P,20260918,1203,4,measure,15,stride_4097,16777216,1048576,1674865,9560621308050485771,6576567,11,11,1655785393899379203,1655785393899379203
13,P,20260918,1204,4,measure,16,stride_4097,393216,1048576,45670,1458951880586487487,1453543,11,11,9959191284910210121,9959191284910210121
13,P,20260918,1205,4,measure,17,stride_1,65536,1048576,90,11340983229090649290,1408349,11,11,16423878549329276288,16423878549329276288
13,P,20260918,1206,4,measure,18,pair_same_line,50331648,1048576,5261089,6817994290300004872,15987852,11,11,3399640196031406995,3399640196031406995
13,P,20260918,1207,4,measure,19,random,393216,1048576,16644,10757053491313207688,1322686,11,11,18142346603713317035,18142346603713317035
13,P,20260918,1208,4,measure,20,stride_513,1572864,1048576,149251,2900450298435131111,1771330,11,11,16747479167117318944,16747479167117318944
13,P,20260918,1209,4,measure,21,stride_513,393216,1048576,44912,10266424287445037191,1454172,11,11,14269622657413644288,14269622657413644288
13,P,20260918,1210,4,measure,22,random,12582912,1048576,977601,9769904240205390929,10394006,11,11,1893405254951719273,1893405254951719273
13,P,20260918,1211,4,measure,23,stride_4097,134217728,1048576,6892933,13780615715260320588,7273670,11,11,5516265633650219512,5516265633650219512
13,P,20260918,1212,4,measure,24,stride_513,6144,1048576,188,17774631742831689922,1620227,11,11,9261835561974562816,9261835561974562816
13,P,20260918,1213,4,measure,25,stride_1_double,12582912,2097152,73381,2068252068760129222,4238450,11,11,9289424293227278608,9289424293227278608
13,P,20260918,1214,4,measure,26,stride_1_double,201326592,2097152,21106568,4791078604663138777,4492283,11,11,1413666548638411099,1413666548638411099
13,P,20260918,1215,4,measure,27,random,268435456,1048576,13183253,367244502510352477,17377855,11,11,12359271460219967066,12359271460219967066
13,P,20260918,1216,4,measure,28,stride_513,786432,1048576,35787,4273420951189689372,1921142,11,11,18197965301733415104,18197965301733415104
13,P,20260918,1217,4,measure,29,stride_17,33554432,1048576,2751016,13790027836607338803,8783311,11,11,2086829411237337094,2086829411237337094
13,P,20260918,1218,4,measure,30,pair_split_line,268435456,1048576,11870400,10828775786375378738,28756461,11,11,16453680757763771540,16453680757763771540
13,P,20260918,1219,4,measure,31,random,134217728,1048576,12861413,2170830226775804693,18796601,11,11,5811627300524943275,5811627300524943275
13,P,20260918,1220,4,measure,32,random,1572864,1048576,127704,16404677767501538463,3764819,11,11,10016210243456431314,10016210243456431314
13,P,20260918,1221,4,measure,33,stride_1,16384,1048576,108,5126823708211367569,2017728,11,11,9548053087369131008,9548053087369131008
13,P,20260918,1222,4,measure,34,stride_1_bis,134217728,1048576,10137403,1202535039810652723,2147154,11,11,8468168247110372391,8468168247110372391
13,P,20260918,1223,4,measure,35,stride_4097,8192,1048576,200,7537559332584117964,1696929,11,11,116592947459441664,116592947459441664
13,P,20260918,1224,4,measure,36,stride_1_double,1048576,2097152,82274,5647383500070730900,3611131,11,11,17594462461740979760,17594462461740979760
13,P,20260918,1225,4,measure,37,stride_513,196608,1048576,2507,12649862441066160170,1782767,11,11,8126674812445135616,8126674812445135616
13,P,20260918,1226,4,measure,38,stride_513,16384,1048576,1938,4541813942425429198,1693986,11,11,9548053087369131008,9548053087369131008
13,P,20260918,1227,4,measure,39,pair_same_line,201326592,1048576,21710580,6297737876217413506,22421737,11,11,7796499381009212714,7796499381009212714
13,P,20260918,1228,4,measure,40,stride_1,16777216,1048576,665358,10021617911277819978,2880892,11,11,6572507913630526061,6572507913630526061
13,P,20260918,1229,4,measure,41,stride_513,4194304,1048576,385084,11961013239123773770,3793278,11,11,12406089252390561320,12406089252390561320
13,P,20260918,1230,4,measure,42,stride_4097,100663296,1048576,1911181,14908568964581146720,11261966,11,11,14081145881168194585,14081145881168194585
13,P,20260918,1231,4,measure,43,stride_4097,268435456,1048576,20669921,10417396506868138243,10388369,11,11,10908576399781884724,10908576399781884724
13,P,20260918,1232,4,measure,44,stride_513,49152,1048576,5048,15362049891867477555,2428017,11,11,1303108010804061184,1303108010804061184
13,P,20260918,1233,4,measure,45,stride_1_double,100663296,2097152,3289823,10660454309484607637,3959606,11,11,14557820426982134231,14557820426982134231
13,P,20260918,1234,4,measure,46,stride_4097,50331648,1048576,2136531,18118787453875301834,9793806,11,11,17936222596068473387,17936222596068473387
13,P,20260918,1235,4,measure,47,stride_1,33554432,1048576,365119,3528015617098727355,2794386,11,11,8128148123396155585,8128148123396155585
13,P,20260918,1236,4,measure,48,stride_513,12582912,1048576,591252,16639856830091491546,8805246,11,11,10120808792106458316,10120808792106458316
13,P,20260918,1237,4,measure,49,stride_1,131072,1048576,9867,18321959857959204352,2346343,11,11,16921412609114818048,16921412609114818048
13,P,20260918,1238,4,measure,50,pair_split_line,3145728,1048576,32173,6621245914528976919,5500821,11,11,13687949860369843561,13687949860369843561
13,P,20260918,1239,4,measure,51,pair_same_line,8388608,1048576,40321,2190100126608126248,7018495,11,11,13319955302732687908,13319955302732687908
13,P,20260918,1240,4,measure,52,stride_4097,25165824,1048576,2745790,16669358496284100259,8853428,11,11,16550707483390979496,16550707483390979496
13,P,20260918,1241,4,measure,53,stride_17,12288,1048576,16,5778639417341392178,2002204,11,11,15514236796110723862,15514236796110723862
13,P,20260918,1242,4,measure,54,pair_same_line,8192,1048576,504,11243931938673681541,2280119,11,11,16476050635361803779,16476050635361803779
13,P,20260918,1243,4,measure,55,stride_1_double,1572864,2097152,154112,11075535074647457000,3554285,11,11,18240468305675703224,18240468305675703224
13,P,20260918,1244,4,measure,56,random,16384,1048576,519,9680579902443435812,1375392,11,11,11321838957607011422,11321838957607011422
13,P,20260918,1245,4,measure,57,stride_1_bis,1572864,1048576,121297,11533413082704311253,1652315,11,11,12498781674383559264,12498781674383559264
13,P,20260918,1246,4,measure,58,pair_same_line,196608,1048576,2498,2911874995501319488,2184747,11,11,17423465814990060541,17423465814990060541
13,P,20260918,1247,4,measure,59,stride_513,100663296,1048576,8993971,13046346032853210609,12944856,11,11,10664011444151753569,10664011444151753569
13,P,20260918,1248,4,measure,60,pair_same_line,16777216,1048576,2055211,5668904052309173363,14904422,11,11,6437571150210677922,6437571150210677922
13,P,20260918,1249,4,measure,61,stride_17,196608,1048576,14155,14134080486884711519,2079035,11,11,1673112799661089257,1673112799661089257
13,P,20260918,1250,4,measure,62,stride_1_bis,393216,1048576,22313,17089736748185969254,1969276,11,11,14386524105850378246,14386524105850378246
13,P,20260918,1251,4,measure,63,stride_17,786432,1048576,8445,8390600663876420101,1849480,11,11,3945776109437920703,3945776109437920703
13,P,20260918,1252,4,measure,64,stride_1_double,4096,2097152,258,8644174029128483954,3392383,11,11,16309190771686506496,16309190771686506496
13,P,20260918,1253,4,measure,65,stride_1_bis,32768,1048576,2750,3688495224525150838,1674721,11,11,10598541984122395648,10598541984122395648
13,P,20260918,1254,4,measure,66,stride_17,8192,1048576,643,1676376506947345046,1617938,11,11,116592947459441664,116592947459441664
13,P,20260918,1255,4,measure,67,stride_1_bis,786432,1048576,93028,7183415308307764526,1681719,11,11,779480570287104808,779480570287104808
13,P,20260918,1256,4,measure,68,stride_513,33554432,1048576,1293581,11176184724798024050,10284167,11,11,17181386713670646371,17181386713670646371
13,P,20260918,1257,4,measure,69,random,25165824,1048576,2266830,10749515204623633071,13511089,11,11,8769178697413292051,8769178697413292051
13,P,20260918,1258,4,measure,70,stride_1_bis,25165824,1048576,2481371,6854648337494562214,2341524,11,11,1741190239316899650,1741190239316899650
13,P,20260918,1259,4,measure,71,stride_1_bis,4194304,1048576,305320,1460187695736502930,2380719,11,11,12406089252390561320,12406089252390561320
13,P,20260918,1260,4,measure,72,stride_513,1048576,1048576,34513,5325382623706224959,2035663,11,11,8797231230870489880,8797231230870489880
13,P,20260918,1261,4,measure,73,stride_1,49152,1048576,1256,1065843840087180943,1693122,11,11,697188580712089672,697188580712089672
13,P,20260918,1262,4,measure,74,pair_split_line,393216,1048576,30998,13285152716789646195,2883112,11,11,17806297986000142602,17806297986000142602
13,P,20260918,1263,4,measure,75,stride_1_double,12288,2097152,494,3787107475253262621,3243707,11,11,7608228205220718716,7608228205220718716
13,P,20260918,1264,4,measure,76,stride_1_double,786432,2097152,62294,18264377220650655468,2990243,11,11,15932149320625721409,15932149320625721409
13,P,20260918,1265,4,measure,77,stride_4097,1572864,1048576,29703,8817061089657705324,1655511,11,11,2254023908235332425,2254023908235332425
13,P,20260918,1266,4,measure,78,stride_1_double,196608,2097152,6080,7729773997456300830,2708729,11,11,2290755850441360637,2290755850441360637
13,P,20260918,1267,4,measure,79,stride_1_bis,100663296,1048576,7424047,17379116181656115141,1792880,11,11,14877308812625900204,14877308812625900204
13,P,20260918,1268,4,measure,80,stride_513,6291456,1048576,34080,13549436150185947638,4146183,11,11,2329185465026963428,2329185465026963428
13,P,20260918,1269,4,measure,81,stride_17,98304,1048576,7047,1618314864222237655,1358892,11,11,3485295751345580660,3485295751345580660
13,P,20260918,1270,4,measure,82,stride_1,8192,1048576,935,15142149038770660295,1354227,11,11,116592947459441664,116592947459441664
13,P,20260918,1271,4,measure,83,stride_4097,16384,1048576,746,11277350786672838313,1354257,11,11,9548053087369131008,9548053087369131008
13,P,20260918,1272,4,measure,84,stride_1_double,6291456,2097152,93590,15787896307029206566,2731038,11,11,6246241642057281385,6246241642057281385
13,P,20260918,1273,4,measure,85,pair_same_line,65536,1048576,5911,13809314153294108436,1700791,11,11,15244202764067700780,15244202764067700780
13,P,20260918,1274,4,measure,86,pair_split_line,25165824,1048576,1469771,2872297718046296983,17247124,11,11,2541830933767156076,2541830933767156076
13,P,20260918,1275,4,measure,87,stride_1_bis,98304,1048576,12186,3644207876743843388,1391768,11,11,14006948873817067417,14006948873817067417
13,P,20260918,1276,4,measure,88,stride_513,2097152,1048576,92105,11594683948741246170,3129624,11,11,14577075130308765988,14577075130308765988
13,P,20260918,1277,4,measure,89,stride_1_bis,1048576,1048576,28669,2777153005834473769,1412794,11,11,8797231230870489880,8797231230870489880
13,P,20260918,1278,4,measure,90,pair_same_line,6291456,1048576,243474,2422412124120550243,6744475,11,11,8425801194559726103,8425801194559726103
13,P,20260918,1279,4,measure,91,random,196608,1048576,22399,410150666254955259,1144172,11,11,1901546479953072548,1901546479953072548
13,P,20260918,1280,4,measure,92,random,8388608,1048576,352880,10039159005138410665,7541656,11,11,14951524271643599814,14951524271643599814
13,P,20260918,1281,4,measure,93,stride_17,24576,1048576,2541,11575026581757077730,1441074,11,11,15691404398902350993,15691404398902350993
13,P,20260918,1282,4,measure,94,pair_split_line,100663296,1048576,8705774,15584176317819841124,23756151,11,11,3118917982580306449,3118917982580306449
13,P,20260918,1283,4,measure,95,stride_513,134217728,1048576,14119167,13306589330749747537,13448598,11,11,4570006486543943498,4570006486543943498
13,P,20260918,1284,4,measure,96,stride_513,131072,1048576,2373,5922294300977777809,2229355,11,11,16921412609114818048,16921412609114818048
13,P,20260918,1285,4,measure,97,random,6144,1048576,389,4802882774913822852,1667295,11,11,17501371418849087605,17501371418849087605
13,P,20260918,1286,4,measure,98,stride_1_double,262144,2097152,5922,18328004346213109488,3472628,11,11,6505518311671377408,6505518311671377408
13,P,20260918,1287,4,measure,99,stride_1_double,25165824,2097152,2428646,18034817920771489776,4697632,11,11,13458538689049039281,13458538689049039281
13,P,20260918,1288,4,measure,100,random,49152,1048576,562,3511895490722913664,1371714,11,11,16641507572804561778,16641507572804561778
13,P,20260918,1289,4,measure,101,stride_513,524288,1048576,31270,14323380954980090324,1790113,11,11,10061883979847375520,10061883979847375520
13,P,20260918,1290,4,measure,102,pair_same_line,268435456,1048576,829196,15518994451359923857,20505626,11,11,11926417184173417570,11926417184173417570
13,P,20260918,1291,4,measure,103,stride_17,131072,1048576,9990,809125463404204772,1982724,11,11,16921412609114818048,16921412609114818048
13,P,20260918,1292,4,measure,104,stride_1,67108864,1048576,3914853,1835079596125525362,2606349,11,11,6684339961064853446,6684339961064853446
13,P,20260918,1293,4,measure,105,stride_513,268435456,1048576,12099041,7025231140674953264,13029750,11,11,15892960347685149385,15892960347685149385
13,P,20260918,1294,4,measure,106,stride_4097,3145728,1048576,222780,13216359626983518287,3645323,11,11,14301246671998580427,14301246671998580427
13,P,20260918,1295,4,measure,107,stride_1,6144,1048576,161,14142408218575360896,1879004,11,11,5459921716060379549,5459921716060379549
13,P,20260918,1296,4,measure,108,stride_4097,6291456,1048576,745721,4109325233935797469,3183847,11,11,10277119965591654326,10277119965591654326
13,P,20260918,1297,4,measure,109,random,4096,1048576,95,12683591811282679321,1515005,11,11,18015252466051396272,18015252466051396272
13,P,20260918,1298,4,measure,110,random,3145728,1048576,163023,2557609956490866953,2288317,11,11,17063951711244004588,17063951711244004588
13,P,20260918,1299,4,measure,111,stride_4097,98304,1048576,2040,17088599414813278111,1778502,11,11,14763713964130311268,14763713964130311268
13,P,20260918,1300,4,measure,112,stride_1_bis,2097152,1048576,68518,17059617362043036992,1655229,11,11,14577075130308765988,14577075130308765988
13,P,20260918,1301,4,measure,113,stride_1,4194304,1048576,157229,14223553236148958540,1612862,11,11,12406089252390561320,12406089252390561320
13,P,20260918,1302,4,measure,114,stride_513,201326592,1048576,19878916,12608106412262545806,14184962,11,11,4982571918075493702,4982571918075493702
13,P,20260918,1303,4,measure,115,stride_17,16384,1048576,157,11259617257603986621,1896798,11,11,9548053087369131008,9548053087369131008
13,P,20260918,1304,4,measure,116,stride_1_bis,3145728,1048576,124281,9591163060106895410,2001017,11,11,18293508170226022336,18293508170226022336
13,P,20260918,1305,4,measure,117,stride_1_double,24576,2097152,1107,8041726155404292677,3394693,11,11,11437996995227814305,11437996995227814305
13,P,20260918,1306,4,measure,118,stride_17,12582912,1048576,58590,14876855301258823969,4993923,11,11,9546780735456646541,9546780735456646541
13,P,20260918,1307,4,measure,119,pair_same_line,32768,1048576,1522,10024272075154505742,1939439,11,11,16713239052019263018,16713239052019263018
13,P,20260918,1308,4,measure,120,stride_17,4194304,1048576,24694,8443922438976953502,3198612,11,11,12406089252390561320,12406089252390561320
13,P,20260918,1309,4,measure,121,stride_17,16777216,1048576,2089863,11522986971932634670,4499135,11,11,3419949357526397992,3419949357526397992
13,P,20260918,1310,4,measure,122,pair_split_line,6291456,1048576,363434,3659751962651215170,5236719,11,11,15082831456569275200,15082831456569275200
13,P,20260918,1311,4,measure,123,stride_4097,524288,1048576,975,13473783940631066637,1463133,11,11,10061883979847375520,10061883979847375520
13,P,20260918,1312,4,measure,124,stride_4097,2097152,1048576,6995,8726785689424651384,1671257,11,11,14577075130308765988,14577075130308765988
13,P,20260918,1313,4,measure,125,pair_split_line,8192,1048576,648,10946523310325005539,1886014,11,11,5784359748311496866,5784359748311496866
13,P,20260918,1314,4,measure,126,stride_1_bis,16384,1048576,1871,17329356955933906093,1355592,11,11,9548053087369131008,9548053087369131008
13,P,20260918,1315,4,measure,127,pair_split_line,12288,1048576,568,17882819902696418402,1962693,11,11,11619367564121090131,11619367564121090131
13,P,20260918,1316,4,measure,128,stride_1_bis,12582912,1048576,1073641,6295820033167707546,1546727,11,11,11594521144537783329,11594521144537783329
13,P,20260918,1317,4,measure,129,stride_1,4096,1048576,402,14464320499866535919,1362354,11,11,8154595385843253248,8154595385843253248
13,P,20260918,1318,4,measure,130,pair_split_line,786432,1048576,29818,8055205513332232054,2618297,11,11,10754547075546602499,10754547075546602499
13,P,20260918,1319,4,measure,131,stride_1_bis,524288,1048576,7503,5796012399859006660,1357324,11,11,10061883979847375520,10061883979847375520
13,P,20260918,1320,4,measure,132,stride_1,100663296,1048576,890517,3980125606132909589,1555952,11,11,18183329533441113330,18183329533441113330
13,P,20260918,1321,4,measure,133,stride_513,16777216,1048576,530925,5154044179496251947,6031182,11,11,12055374252140560691,12055374252140560691
13,P,20260918,1322,4,measure,134,stride_513,98304,1048576,9236,17606354665518960404,1549256,11,11,16959111087276692480,16959111087276692480
13,P,20260918,1323,4,measure,135,pair_same_line,4194304,1048576,490334,4332075074482564262,3192819,11,11,14422509169241811109,14422509169241811109
13,P,20260918,1324,4,measure,136,random,2097152,1048576,26442,17531637604265643065,1701024,11,11,10784184691939620437,10784184691939620437
13,P,20260918,1325,4,measure,137,pair_same_line,134217728,1048576,11907668,11298112684699824953,17836077,11,11,13388544265891156588,13388544265891156588
13,P,20260918,1326,4,measure,138,stride_1_double,524288,2097152,53612,2210822225160355073,2828629,11,11,1677023885985199424,1677023885985199424
13,P,20260918,1327,4,measure,139,random,12288,1048576,880,3113883927084549737,1094637,11,11,12929358749809789756,12929358749809789756
13,P,20260918,1328,4,measure,140,stride_1_bis,12288,1048576,73,10450374466324656164,1356880,11,11,8844433124440529910,8844433124440529910
13,P,20260918,1329,4,measure,141,pair_split_line,1048576,1048576,43800,9359689518213743535,2759023,11,11,13502381015052942835,13502381015052942835
13,P,20260918,1330,4,measure,142,stride_1,786432,1048576,13022,10065369753920680958,1380432,11,11,1588706913295220132,1588706913295220132
13,P,20260918,1331,4,measure,143,stride_1_double,3145728,2097152,268886,5183308102953109674,3097292,11,11,15248385835812641956,15248385835812641956
13,P,20260918,1332,4,measure,144,stride_1_bis,196608,1048576,18663,6857660876012986497,1358306,11,11,5029815860803727126,5029815860803727126
13,P,20260918,1333,4,measure,145,stride_17,1572864,1048576,80704,6968803316307826243,1418165,11,11,13323680031618355413,13323680031618355413
13,P,20260918,1334,4,measure,146,pair_same_line,33554432,1048576,1244485,18225713976112124500,15217396,11,11,2159037049844007890,2159037049844007890
13,P,20260918,1335,4,measure,147,stride_1_double,33554432,2097152,1810948,8213368688855075120,3708667,11,11,5674285463479652403,5674285463479652403
13,P,20260918,1336,4,measure,148,stride_1_bis,262144,1048576,20947,17559641561032447976,1384606,11,11,3252759155835688704,3252759155835688704
13,P,20260918,1337,4,measure,149,stride_513,8388608,1048576,499665,2189582844198551981,3485697,11,11,18303280461608560459,18303280461608560459
13,P,20260918,1338,4,measure,150,stride_1_double,134217728,2097152,6419405,11964018709013642840,3352542,11,11,818241992534252686,818241992534252686
13,P,20260918,1339,4,measure,151,random,98304,1048576,2706,16241179274471609433,1128859,11,11,18155802859342149037,18155802859342149037
13,P,20260918,1340,4,measure,152,pair_same_line,6144,1048576,89,13707947511717261722,1697760,11,11,15068137549553384687,15068137549553384687
13,P,20260918,1341,4,measure,153,stride_4097,6144,1048576,742,18405788836868662698,1379376,11,11,14117813205673306849,14117813205673306849
13,P,20260918,1342,4,measure,154,stride_1,2097152,1048576,168185,5575342980302945295,1522094,11,11,14577075130308765988,14577075130308765988
13,P,20260918,1343,4,measure,155,random,6291456,1048576,755034,6705804952148201060,7542404,11,11,2240396650915572109,2240396650915572109
13,P,20260918,1344,4,measure,156,stride_1,1572864,1048576,109054,14690207666713796914,1374129,11,11,13053826780998985830,13053826780998985830
13,P,20260918,1345,4,measure,157,stride_17,25165824,1048576,3002720,7280220443738557997,7963125,11,11,9318433538918625839,9318433538918625839
13,P,20260918,1346,4,measure,158,pair_split_line,524288,1048576,54682,15708117539125969895,2557580,11,11,3876339195128076625,3876339195128076625
13,P,20260918,1347,4,measure,159,stride_513,50331648,1048576,1824752,7602624209567039652,10856157,11,11,9402581025073269371,9402581025073269371
13,P,20260918,1348,4,measure,160,stride_1_double,2097152,2097152,169624,4192090240161403750,2960685,11,11,10707406186907980360,10707406186907980360
13,P,20260918,1349,4,measure,161,pair_split_line,4194304,1048576,257437,7161831359818606599,4908797,11,11,1727519331168203296,1727519331168203296
13,P,20260918,1350,4,measure,162,stride_1,12582912,1048576,547595,14543762264131618962,1858501,11,11,10695089731068752925,10695089731068752925
13,P,20260918,1351,4,measure,163,stride_1_double,131072,2097152,12399,2376610282837267939,2705960,11,11,15396081144520084480,15396081144520084480
13,P,20260918,1352,4,measure,164,random,65536,1048576,3485,16704801974040580007,1128292,11,11,1143282058295987309,1143282058295987309
13,P,20260918,1353,4,measure,165,pair_same_line,4096,1048576,223,16503132283692952934,1675938,11,11,9097731020720065461,9097731020720065461
13,P,20260918,1354,4,measure,166,pair_same_line,262144,1048576,1901,16513237088415523549,1895103,11,11,18266272948637658449,18266272948637658449
13,P,20260918,1355,4,measure,167,stride_1_double,16777216,2097152,1141815,18070306837012005631,3892175,11,11,12841062978479921428,12841062978479921428
13,P,20260918,1356,4,measure,168,stride_1_double,393216,2097152,33570,17243059065763289747,2722511,11,11,3587156124472002189,3587156124472002189
13,P,20260918,1357,4,measure,169,stride_1,134217728,1048576,15935545,14249341139666948466,1660395,11,11,9730263135692897358,9730263135692897358
13,P,20260918,1358,4,measure,170,stride_1_bis,16777216,1048576,338949,9858623725132360881,2113291,11,11,9664874183112729474,9664874183112729474
13,P,20260918,1359,4,measure,171,stride_1_bis,50331648,1048576,5847854,12091321590886429495,2116301,11,11,4194324682487215300,4194324682487215300
13,P,20260918,1360,4,measure,172,stride_17,100663296,1048576,10176614,10136222753730461494,8854573,11,11,15259509006669196164,15259509006669196164
13,P,20260918,1361,4,measure,173,stride_1_bis,268435456,1048576,24409763,17301101616499251157,1651334,11,11,16751685271891310672,16751685271891310672
13,P,20260918,1362,4,measure,174,pair_same_line,524288,1048576,26473,6637240198205127155,2015147,11,11,16498909370442386178,16498909370442386178
13,P,20260918,1363,4,measure,175,stride_1,98304,1048576,8021,12197083854437537233,1384326,11,11,4442825845430280554,4442825845430280554
13,P,20260918,1364,4,measure,176,stride_4097,131072,1048576,4496,898665916999292235,1480943,11,11,16921412609114818048,16921412609114818048
13,P,20260918,1365,4,measure,177,pair_split_line,16384,1048576,813,7878601672990330982,1883327,11,11,6161904244029552403,6161904244029552403
13,P,20260918,1366,4,measure,178,pair_same_line,1048576,1048576,59305,2299549407255793128,2321282,11,11,3925953056772981525,3925953056772981525
13,P,20260918,1367,4,measure,179,stride_1_double,6144,2097152,749,4064334103856805413,2791987,11,11,2886252545310004439,2886252545310004439
13,P,20260918,1368,4,measure,180,stride_1,201326592,1048576,22376301,15667096860389675657,1834923,11,11,8586512735017668329,8586512735017668329
13,P,20260918,1369,4,measure,181,random,100663296,1048576,8740258,12138494106162684277,18309251,11,11,6040198816020562183,6040198816020562183
13,P,20260918,1370,4,measure,182,stride_1,12288,1048576,989,7193457593739365401,1414383,11,11,3307062550521477127,3307062550521477127
13,P,20260918,1371,4,measure,183,pair_split_line,12582912,1048576,105738,10085555587205669414,16100253,11,11,7465337049688275014,7465337049688275014
13,P,20260918,1372,4,measure,184,stride_17,2097152,1048576,225761,8571424559279201681,1670229,11,11,14577075130308765988,14577075130308765988
13,P,20260918,1373,4,measure,185,stride_1_double,268435456,2097152,4786950,3446745407988349221,3275689,11,11,7425161972035889210,7425161972035889210
13,P,20260918,1374,4,measure,186,random,67108864,1048576,4654116,14140256592906214823,15381424,11,11,4374319855126063334,4374319855126063334
13,P,20260918,1375,4,measure,187,stride_17,134217728,1048576,11086808,9344468684748461004,8813821,11,11,9515537938608191075,9515537938608191075
13,P,20260918,1376,4,measure,188,stride_513,24576,1048576,54,13202218120311895640,1627054,11,11,15675031744929201152,15675031744929201152
13,P,20260918,1377,4,measure,189,stride_1_bis,33554432,1048576,306392,801311604018595103,1941262,11,11,16568411924375454861,16568411924375454861
13,P,20260918,1378,4,measure,190,stride_1_bis,65536,1048576,4777,17202234717186323252,1568473,11,11,16423878549329276288,16423878549329276288
13,P,20260918,1379,4,measure,191,random,33554432,1048576,1510729,17937459251748621478,14543842,11,11,15159290649290965513,15159290649290965513
13,P,20260918,1380,4,measure,192,pair_split_line,16777216,1048576,1141810,13052412829786595439,15085514,11,11,1748406352197527880,1748406352197527880
13,P,20260918,1381,4,measure,193,stride_1_double,8192,2097152,843,11838504605424668524,4260780,11,11,233185894918883328,233185894918883328
13,P,20260918,1382,4,measure,194,pair_split_line,24576,1048576,524,12576856639123815759,2533205,11,11,4748778108362776914,4748778108362776914
13,P,20260918,1383,4,measure,195,pair_same_line,24576,1048576,2858,58076721987978583,2110907,11,11,8043656950280144902,8043656950280144902
13,P,20260918,1384,4,measure,196,stride_513,12288,1048576,1389,5016816069211571781,1630068,11,11,5992043729455024128,5992043729455024128
13,P,20260918,1385,4,measure,197,stride_1,196608,1048576,2166,17640349741853806238,1624711,11,11,739116580734892561,739116580734892561
13,P,20260918,1386,4,measure,198,stride_17,8388608,1048576,357611,3617259958687290009,4481134,11,11,18303280461608560459,18303280461608560459
13,P,20260918,1387,4,measure,199,stride_1_double,16384,2097152,1604,6176215233725145826,2881143,11,11,649362101028710400,649362101028710400
13,P,20260918,1388,4,measure,200,stride_17,67108864,1048576,2389997,14712911178088640768,9035624,11,11,15940260054898308083,15940260054898308083
13,P,20260918,1389,4,measure,201,random,201326592,1048576,13450576,8590573154144693494,17305212,11,11,11434243417325498678,11434243417325498678
13,P,20260918,1390,4,measure,202,pair_same_line,100663296,1048576,11888772,16813594665487518727,19738242,11,11,171573254076748672,171573254076748672
13,P,20260918,1391,4,measure,203,stride_4097,12582912,1048576,219009,5737437192197318572,8480946,11,11,3493325111834036304,3493325111834036304
13,P,20260918,1392,4,measure,204,pair_same_line,67108864,1048576,1704083,9070893584813972830,19720613,11,11,6577060708220512375,6577060708220512375
13,P,20260918,1393,4,measure,205,stride_1_bis,67108864,1048576,5288613,14223805945874338607,2719023,11,11,16422175118064084769,16422175118064084769
13,P,20260918,1394,4,measure,206,stride_1_bis,6291456,1048576,524631,5125425945717952155,2564988,11,11,6068852401074080740,6068852401074080740
13,P,20260918,1395,4,measure,207,stride_17,393216,1048576,21536,16789954131482972144,1899311,11,11,118689362882554843,118689362882554843
13,P,20260918,1396,4,measure,208,stride_513,67108864,1048576,6657153,16510830986300161246,14697921,11,11,1646708536654545046,1646708536654545046
13,P,20260918,1397,4,measure,209,stride_1_double,98304,2097152,12082,13372623699394531931,5165162,11,11,6512519999231409308,6512519999231409308
13,P,20260918,1398,4,measure,210,stride_17,49152,1048576,3719,1074193722607506323,1975602,11,11,12957395008192419336,12957395008192419336
13,P,20260918,1399,4,measure,211,pair_split_line,196608,1048576,7285,15620783131369884280,2924517,11,11,15516061987886367247,15516061987886367247
13,P,20260918,1400,4,measure,212,pair_split_line,65536,1048576,843,15893137818936897852,2542935,11,11,15615197515546419103,15615197515546419103
13,P,20260918,1401,4,measure,213,stride_4097,201326592,1048576,3829297,17874847857583911404,10612553,11,11,16922716166991594199,16922716166991594199
13,P,20260918,1402,4,measure,214,pair_same_line,1572864,1048576,165952,7283816631980393992,4494408,11,11,1659753473156781382,1659753473156781382
13,P,20260918,1403,4,measure,215,pair_same_line,98304,1048576,4827,17786740836752163698,2433590,11,11,17764981518748063201,17764981518748063201
13,P,20260918,1404,4,measure,216,stride_1_bis,6144,1048576,574,207285214658023379,1899959,11,11,1106211505254467366,1106211505254467366
13,P,20260918,1405,4,measure,217,stride_17,6291456,1048576,100370,13412934548800910525,4896217,11,11,17750886869134085808,17750886869134085808
13,P,20260918,1406,4,measure,218,stride_1,1048576,1048576,40031,12181396833650596166,1826255,11,11,8797231230870489880,8797231230870489880
13,P,20260918,1407,4,measure,219,stride_4097,1048576,1048576,93556,14514931598798282198,1822731,11,11,8797231230870489880,8797231230870489880
13,P,20260918,1408,4,measure,220,pair_split_line,8388608,1048576,61976,11754908922746828852,7990227,11,11,4415352338707126053,4415352338707126053
13,P,20260918,1409,4,measure,221,stride_17,3145728,1048576,320013,17119062382936367643,2559538,11,11,3840040096838082446,3840040096838082446
13,P,20260918,1410,4,measure,222,random,4194304,1048576,373065,11979135709750665748,2407335,11,11,2224471574426537053,2224471574426537053
13,P,20260918,1411,4,measure,223,stride_1,3145728,1048576,148836,18202422452847870327,1359541,11,11,10247932776051056332,10247932776051056332
13,P,20260918,1412,4,measure,224,stride_4097,4194304,1048576,352331,7073507428770438231,1538069,11,11,12406089252390561320,12406089252390561320
13,P,20260918,1413,4,measure,225,stride_1_double,8388608,2097152,346459,11481004552585029676,2803223,11,11,18159816849507569302,18159816849507569302
13,P,20260918,1414,4,measure,226,stride_1_bis,8192,1048576,574,17664132807993718807,1351404,11,11,116592947459441664,116592947459441664
13,P,20260918,1415,4,measure,227,pair_split_line,1572864,1048576,68686,11166563307523238719,2764006,11,11,14998295332548208038,14998295332548208038
13,P,20260918,1416,4,measure,228,random,131072,1048576,15718,14011246622623174963,1134223,11,11,13690113994580639490,13690113994580639490
13,P,20260918,1417,4,measure,229,stride_1_double,50331648,2097152,2563185,18346914288762654834,4508438,11,11,9479353969115063516,9479353969115063516
13,P,20260918,1418,4,measure,230,stride_1,6291456,1048576,510468,8781076598972191365,1960036,11,11,14038279389054285131,14038279389054285131
13,P,20260918,1419,4,measure,231,stride_1_double,4194304,2097152,15352,12429455550014181929,3678483,11,11,6365434431071571024,6365434431071571024
13,P,20260918,1420,4,measure,232,stride_1,50331648,1048576,2568436,3787672712439512128,1960158,11,11,2157461711427776364,2157461711427776364
13,P,20260918,1421,4,measure,233,pair_split_line,98304,1048576,6845,18122609370574728123,2159202,11,11,12974651431542047563,12974651431542047563
13,P,20260918,1422,4,measure,234,stride_4097,196608,1048576,12107,17787161243779931030,1438664,11,11,7845036320356440122,7845036320356440122
13,P,20260918,1423,4,measure,235,stride_17,262144,1048576,8310,7549975010777498931,1401622,11,11,3252759155835688704,3252759155835688704
13,P,20260918,1424,4,measure,236,random,8192,1048576,226,11153427089807057628,1118424,11,11,7935184045960476943,7935184045960476943
13,P,20260918,1425,4,measure,237,stride_1_bis,24576,1048576,690,14097860973487447094,1380158,11,11,3349653186913483103,3349653186913483103
13,P,20260918,1426,4,measure,238,pair_same_line,12582912,1048576,1435943,10370178140836041932,11601631,11,11,18351174029744348433,18351174029744348433
13,P,20260918,1427,4,measure,239,stride_513,65536,1048576,5580,17282064024604499718,1447871,11,11,16423878549329276288,16423878549329276288
13,P,20260918,1428,4,measure,240,random,524288,1048576,4008,4539817587978843458,1237142,11,11,5528706452402159986,5528706452402159986
13,P,20260918,1429,4,measure,241,random,786432,1048576,66735,13668772910728529393,1241501,11,11,1210153177168801503,1210153177168801503
13,P,20260918,1430,4,measure,242,stride_4097,4096,1048576,508,888073558720662987,1353774,11,11,8154595385843253248,8154595385843253248
13,P,20260918,1431,4,measure,243,pair_split_line,131072,1048576,1176,13392100302629586143,2251167,11,11,9024241711706664081,9024241711706664081
13,P,20260918,1432,4,measure,244,random,16777216,1048576,1362933,5548749480591201132,11161269,11,11,7225709186571238967,7225709186571238967
13,P,20260918,1433,4,measure,245,stride_4097,8388608,1048576,464705,18241962004740469174,2572374,11,11,18303280461608560459,18303280461608560459
13,P,20260918,1434,4,measure,246,pair_split_line,33554432,1048576,3502900,16024607583247816535,17969005,11,11,275046426992064308,275046426992064308
13,P,20260918,1435,4,measure,247,stride_4097,33554432,1048576,1102404,7187034597023226358,6715284,11,11,16100796400311458820,16100796400311458820
13,P,20260918,1436,4,measure,248,pair_split_line,6144,1048576,598,2857428073073408326,1962789,11,11,7382561217835163709,7382561217835163709
13,P,20260918,1437,4,measure,249,stride_17,524288,1048576,21515,2025172703127879691,1446559,11,11,10061883979847375520,10061883979847375520
13,P,20260918,1438,4,measure,250,stride_513,262144,1048576,22894,15970718767660146575,1422924,11,11,3252759155835688704,3252759155835688704
13,P,20260918,1439,4,measure,251,pair_split_line,50331648,1048576,3130190,10369635019193707797,19915305,11,11,6581819845410644857,6581819845410644857
13,P,20260918,1440,4,measure,252,stride_4097,32768,1048576,112,15950804253261349677,1604705,11,11,10598541984122395648,10598541984122395648
13,P,20260918,1441,4,measure,253,stride_4097,262144,1048576,10061,8823422077392749774,1602408,11,11,3252759155835688704,3252759155835688704
13,P,20260918,1442,4,measure,254,pair_same_line,3145728,1048576,353490,3798981196882424691,4744619,11,11,2427688414166958238,2427688414166958238
13,P,20260918,1443,4,measure,255,pair_split_line,134217728,1048576,4247242,15779949564565621825,25565941,11,11,9703210038293504358,9703210038293504358
13,P,20260918,1444,4,measure,256,pair_split_line,4096,1048576,375,15926319745426480284,2759539,11,11,8559707198293537419,8559707198293537419
13,P,20260918,1445,4,measure,257,pair_same_line,49152,1048576,5693,15670748744425179811,2242803,11,11,12959008608193992735,12959008608193992735
13,P,20260918,1446,4,measure,258,pair_same_line,16384,1048576,1420,14222843750761412323,2061649,11,11,16785546589414315136,16785546589414315136
13,P,20260918,1447,4,measure,259,stride_513,8192,1048576,689,8068491255099198863,1693982,11,11,116592947459441664,116592947459441664
13,P,20260918,1448,4,measure,260,pair_same_line,12288,1048576,1077,15749522307184780547,2006313,11,11,2255984831348753859,2255984831348753859
13,P,20260918,1449,4,measure,261,random,32768,1048576,2052,1623176784407857270,1290333,11,11,13469766069178653642,13469766069178653642
13,P,20260918,1450,4,measure,262,stride_1,8388608,1048576,894805,11233796455026805178,2127163,11,11,18303280461608560459,18303280461608560459
13,P,20260918,1451,4,measure,263,stride_1,32768,1048576,1166,6144044684637691750,1489201,11,11,10598541984122395648,10598541984122395648
13,P,20260918,1452,4,measure,264,stride_1,262144,1048576,3389,4601080371358095875,1478452,11,11,3252759155835688704,3252759155835688704
13,P,20260918,1453,4,measure,265,stride_17,32768,1048576,1218,14103014988098463875,1473748,11,11,10598541984122395648,10598541984122395648
13,P,20260918,1454,4,measure,266,stride_513,25165824,1048576,1452359,4485699176913641965,12658453,11,11,11886943178879158261,11886943178879158261
13,P,20260918,1455,4,measure,267,stride_17,65536,1048576,6734,10362334500092047121,1726305,11,11,16423878549329276288,16423878549329276288
13,P,20260918,1456,4,measure,268,pair_same_line,393216,1048576,44598,14708005014832028179,2290666,11,11,11905082038220818598,11905082038220818598
13,P,20260918,1457,4,measure,269,pair_same_line,2097152,1048576,252137,10874594389597574740,3713294,11,11,14797052927286882935,14797052927286882935
13,P,20260918,1458,4,measure,270,pair_split_line,67108864,1048576,8178579,1483165060928231653,22546509,11,11,3598501949060452502,3598501949060452502
13,P,20260918,1459,4,measure,271,stride_1_double,32768,2097152,1005,13542071777593377085,3746366,11,11,2750339894535239680,2750339894535239680
13,P,20260918,1460,4,measure,272,stride_17,1048576,1048576,61876,10718390795079961588,2217988,11,11,8797231230870489880,8797231230870489880
13,P,20260918,1461,4,measure,273,stride_1_bis,201326592,1048576,18856046,12638831699314173288,2206868,11,11,98016397591897081,98016397591897081
13,P,20260918,1462,4,measure,274,stride_1,524288,1048576,19873,9552764637191937151,1685791,11,11,10061883979847375520,10061883979847375520
13,P,20260918,1463,4,measure,275,stride_4097,12288,1048576,6,9243229543803704103,1598195,11,11,17130729557679099082,17130729557679099082
13,P,20260918,1464,4,measure,276,pair_split_line,262144,1048576,29474,4591389289028118117,2553921,11,11,4575892569134725662,4575892569134725662
13,P,20260918,1465,4,measure,277,random,262144,1048576,28731,1122311825635206865,1199942,11,11,9678119794929509186,9678119794929509186
13,P,20260918,1466,4,measure,278,stride_17,50331648,1048576,323749,3993438993492073571,8512204,11,11,7693523527939466487,7693523527939466487
13,P,20260918,1467,4,measure,279,stride_513,3145728,1048576,295382,5647742140761028978,1934109,11,11,13978878534847391976,13978878534847391976
13,P,20260918,1468,4,measure,280,pair_same_line,131072,1048576,603,4783402743873791009,1969193,11,11,1277752434085107782,1277752434085107782
13,P,20260918,1469,4,measure,281,stride_1,25165824,1048576,1070631,16996428505799617208,1948269,11,11,3244981017664190224,3244981017664190224
13,P,20260918,1470,4,measure,282,stride_4097,24576,1048576,2144,1859972996449165706,1386005,11,11,11924270514630311306,11924270514630311306
13,P,20260918,1471,4,measure,283,stride_1_double,67108864,2097152,7658216,5441769405522538785,3482774,11,11,13129966199955565674,13129966199955565674
13,P,20260918,1472,4,measure,284,pair_split_line,49152,1048576,4008,3534382442605924729,1970593,11,11,10107595309275337347,10107595309275337347
13,P,20260918,1473,4,measure,285,stride_1_bis,49152,1048576,2148,2627950181627560649,1382471,11,11,13431340921523842009,13431340921523842009
13,P,20260918,1474,4,measure,286,stride_17,4096,1048576,18,10378070747405758451,1351647,11,11,8154595385843253248,8154595385843253248
13,P,20260918,1475,4,measure,287,random,24576,1048576,2924,4782909064935495237,1088860,11,11,17303650563643653042,17303650563643653042
13,P,20260918,1476,4,measure,288,pair_same_line,786432,1048576,6322,8032657393265510861,2094197,11,11,17429626344926454060,17429626344926454060
13,P,20260918,1477,4,measure,289,stride_1,268435456,1048576,18225717,6284997180326744832,2185985,11,11,6189308461420126936,6189308461420126936
13,P,20260918,1478,4,measure,290,stride_4097,786432,1048576,81136,17836155877575739503,1444247,11,11,1503320380610524971,1503320380610524971
13,P,20260918,1479,4,measure,291,stride_1,393216,1048576,35869,18378758774013525610,1356716,11,11,4834074647535536731,4834074647535536731
13,P,20260918,1480,4,measure,292,pair_split_line,32768,1048576,3571,1116746905674467826,1963362,11,11,11125873355520107212,11125873355520107212
13,P,20260918,1481,4,measure,293,stride_17,6144,1048576,541,7514384057993841901,1382380,11,11,5089966398114942259,5089966398114942259
13,P,20260918,1482,4,measure,294,random,50331648,1048576,202036,10265887279710565189,14582336,11,11,14257298452576700862,14257298452576700862
13,P,20260918,1483,4,measure,295,pair_split_line,2097152,1048576,217332,17502659196429499350,3109248,11,11,9010188056332807722,9010188056332807722
13,P,20260918,1484,4,measure,296,pair_split_line,201326592,1048576,13928230,13589821439395510372,25122479,11,11,11504234840813681552,11504234840813681552
13,P,20260918,1485,5,measure,0,stride_17,4096,1048576,394,18225011726121438605,1626028,11,11,8154595385843253248,8154595385843253248
13,P,20260918,1486,5,measure,1,stride_513,8388608,1048576,641818,12626720553316430656,3790726,11,11,18303280461608560459,18303280461608560459
13,P,20260918,1487,5,measure,2,pair_same_line,6144,1048576,77,17111435644292094008,1894143,11,11,15030812331442679550,15030812331442679550
13,P,20260918,1488,5,measure,3,random,65536,1048576,8184,8935842658628466490,1270261,11,11,8381947398729361678,8381947398729361678
13,P,20260918,1489,5,measure,4,pair_split_line,262144,1048576,113,12509450412782977029,2468157,11,11,8773581848715863419,8773581848715863419
13,P,20260918,1490,5,measure,5,stride_1_bis,268435456,1048576,20598529,6162871019897280936,2118429,11,11,9303249532581511234,9303249532581511234
13,P,20260918,1491,5,measure,6,stride_1_bis,100663296,1048576,2476753,7004797132380190317,1521356,11,11,14423852863801646684,14423852863801646684
13,P,20260918,1492,5,measure,7,stride_1,98304,1048576,3502,1903450486370127615,1362567,11,11,3568418271091129584,3568418271091129584
13,P,20260918,1493,5,measure,8,random,268435456,1048576,8413233,6193667542423631835,17328769,11,11,4878083094628954695,4878083094628954695
13,P,20260918,1494,5,measure,9,pair_split_line,4096,1048576,77,12824045286672494289,2251838,11,11,7685173261453283758,7685173261453283758
13,P,20260918,1495,5,measure,10,stride_513,8192,1048576,617,8770401265142816869,2058898,11,11,116592947459441664,116592947459441664
13,P,20260918,1496,5,measure,11,random,49152,1048576,2146,7847273014336008608,1465431,11,11,7895909973711670931,7895909973711670931
13,P,20260918,1497,5,measure,12,pair_same_line,8388608,1048576,338965,6762183381607090610,10817618,11,11,16002579744084562423,16002579744084562423
13,P,20260918,1498,5,measure,13,pair_same_line,196608,1048576,20421,12658229180263565949,2133095,11,11,16803159353301473775,16803159353301473775
13,P,20260918,1499,5,measure,14,stride_1,393216,1048576,30700,9794674428178202698,1556713,11,11,16973239778827347634,16973239778827347634
13,P,20260918,1500,5,measure,15,stride_17,1048576,1048576,81880,7868740434798567071,1544318,11,11,8797231230870489880,8797231230870489880
13,P,20260918,1501,5,measure,16,random,24576,1048576,1830,15377594031112911949,1133533,11,11,9147571244766025349,9147571244766025349
13,P,20260918,1502,5,measure,17,stride_513,67108864,1048576,543847,12536125229866766409,11441170,11,11,533400195973768455,533400195973768455
13,P,20260918,1503,5,measure,18,stride_1_double,50331648,2097152,5545572,321144610291169395,4179779,11,11,17300049142179325364,17300049142179325364
13,P,20260918,1504,5,measure,19,stride_1_bis,12582912,1048576,326232,6043139374785226241,1702803,11,11,6413439267631387256,6413439267631387256
13,P,20260918,1505,5,measure,20,pair_same_line,6291456,1048576,241269,14569944359473267858,9402041,11,11,13096165227921779123,13096165227921779123
13,P,20260918,1506,5,measure,21,stride_1_double,262144,2097152,31091,16455095027490271289,2994328,11,11,6505518311671377408,6505518311671377408
13,P,20260918,1507,5,measure,22,stride_4097,2097152,1048576,105713,262476087684192091,1602182,11,11,14577075130308765988,14577075130308765988
13,P,20260918,1508,5,measure,23,stride_17,268435456,1048576,514644,17470251973521873406,9478662,11,11,2883575874152444171,2883575874152444171
13,P,20260918,1509,5,measure,24,stride_17,1572864,1048576,40687,10475050516847876895,1692177,11,11,14363738184756325695,14363738184756325695
13,P,20260918,1510,5,measure,25,stride_1_double,196608,2097152,2402,11492110885269460806,3045293,11,11,15509756288681698361,15509756288681698361
13,P,20260918,1511,5,measure,26,stride_513,393216,1048576,16681,18241428754570442208,1508858,11,11,14847694413740558592,14847694413740558592
13,P,20260918,1512,5,measure,27,stride_513,786432,1048576,56928,13099551228482156625,1529925,11,11,18197965301733415104,18197965301733415104
13,P,20260918,1513,5,measure,28,stride_4097,33554432,1048576,46820,5937082234090349575,6894633,11,11,13103963247096729540,13103963247096729540
13,P,20260918,1514,5,measure,29,stride_1_bis,131072,1048576,50,6875837094647806973,1417247,11,11,16921412609114818048,16921412609114818048
13,P,20260918,1515,5,measure,30,stride_17,49152,1048576,5247,15686201056367670620,1411111,11,11,9152338147444754093,9152338147444754093
13,P,20260918,1516,5,measure,31,stride_17,3145728,1048576,380198,17009037840513179454,3283221,11,11,4173866715486207994,4173866715486207994
13,P,20260918,1517,5,measure,32,random,8192,1048576,1016,5275011233288684862,1089364,11,11,14322226851172482456,14322226851172482456
13,P,20260918,1518,5,measure,33,stride_1,4194304,1048576,430488,13550862019536696176,1381751,11,11,12406089252390561320,12406089252390561320
13,P,20260918,1519,5,measure,34,pair_split_line,201326592,1048576,18773859,14761042439381699436,24557649,11,11,4764359417299104788,4764359417299104788
13,P,20260918,1520,5,measure,35,pair_same_line,1048576,1048576,56261,4218571310167780899,3481898,11,11,15015357174985064295,15015357174985064295
13,P,20260918,1521,5,measure,36,pair_same_line,4194304,1048576,7673,14538940284213629993,7676112,11,11,7231938540946392039,7231938540946392039
13,P,20260918,1522,5,measure,37,random,262144,1048576,6653,2332142678637378470,1474915,11,11,6708220014205595372,6708220014205595372
13,P,20260918,1523,5,measure,38,stride_1,524288,1048576,17643,4418165917707214681,1736644,11,11,10061883979847375520,10061883979847375520
13,P,20260918,1524,5,measure,39,stride_1_bis,3145728,1048576,330371,13525592618025662985,1688740,11,11,3189695972563161879,3189695972563161879
13,P,20260918,1525,5,measure,40,stride_17,16384,1048576,543,3187686337159320983,2193643,11,11,9548053087369131008,9548053087369131008
13,P,20260918,1526,5,measure,41,stride_1_bis,4194304,1048576,255911,12439465003303429001,1953995,11,11,12406089252390561320,12406089252390561320
13,P,20260918,1527,5,measure,42,pair_split_line,131072,1048576,4866,12230727843932375540,2765321,11,11,16604742160276360552,16604742160276360552
13,P,20260918,1528,5,measure,43,stride_1,8388608,1048576,391303,3702740069672180132,1744898,11,11,18303280461608560459,18303280461608560459
13,P,20260918,1529,5,measure,44,stride_1,1048576,1048576,52193,14121924539371795794,1404094,11,11,8797231230870489880,8797231230870489880
13,P,20260918,1530,5,measure,45,pair_same_line,50331648,1048576,3331085,16935507724179259560,17534566,11,11,6818834251430896485,6818834251430896485
13,P,20260918,1531,5,measure,46,stride_1,67108864,1048576,1991137,8603359660933408475,1705620,11,11,17963960579666845421,17963960579666845421
13,P,20260918,1532,5,measure,47,stride_1_double,8388608,2097152,938649,8460480924129910421,3878991,11,11,18159816849507569302,18159816849507569302
13,P,20260918,1533,5,measure,48,stride_1,12288,1048576,698,3710706239587530692,1383736,11,11,2053195079385583373,2053195079385583373
13,P,20260918,1534,5,measure,49,pair_split_line,12582912,1048576,203319,13070548707504272078,14861155,11,11,16821068977569605059,16821068977569605059
13,P,20260918,1535,5,measure,50,pair_same_line,268435456,1048576,2734210,7345926527157409767,20846411,11,11,1197911957156943002,1197911957156943002
13,P,20260918,1536,5,measure,51,stride_1_bis,33554432,1048576,1462033,10706308830937036847,2199766,11,11,3345849522469442730,3345849522469442730
13,P,20260918,1537,5,measure,52,stride_17,12582912,1048576,391458,9250737971348858032,7788091,11,11,10930771037761110376,10930771037761110376
13,P,20260918,1538,5,measure,53,stride_1,12582912,1048576,1093779,17211694694705914265,2360034,11,11,1958091874227612855,1958091874227612855
13,P,20260918,1539,5,measure,54,stride_1_bis,201326592,1048576,16521210,2493434238660190446,1912315,11,11,17933556415791921536,17933556415791921536
13,P,20260918,1540,5,measure,55,stride_1,6144,1048576,487,5705713981070957596,1824747,11,11,9227298598582439051,9227298598582439051
13,P,20260918,1541,5,measure,56,pair_same_line,16777216,1048576,1897167,5233938219611432963,14902473,11,11,12606334274376105286,12606334274376105286
13,P,20260918,1542,5,measure,57,pair_split_line,8192,1048576,1,132958999148411067,2767685,11,11,17071828596779564208,17071828596779564208
13,P,20260918,1543,5,measure,58,stride_1_bis,196608,1048576,20866,207032014269856099,1916891,11,11,13973619101444359729,13973619101444359729
13,P,20260918,1544,5,measure,59,stride_1_double,393216,2097152,21000,8491244653584010599,3635321,11,11,3710796010107259922,3710796010107259922
13,P,20260918,1545,5,measure,60,stride_4097,16777216,1048576,2031481,11854460817995385332,7172927,11,11,11974162595599517868,11974162595599517868
13,P,20260918,1546,5,measure,61,pair_split_line,4194304,1048576,459433,8564624343967025509,6931456,11,11,15892136540440290272,15892136540440290272
13,P,20260918,1547,5,measure,62,stride_1_bis,25165824,1048576,835201,9550614780872687538,1995742,11,11,85148355908659737,85148355908659737
13,P,20260918,1548,5,measure,63,stride_4097,196608,1048576,5179,1067268674049601309,1679714,11,11,661104813672227880,661104813672227880
13,P,20260918,1549,5,measure,64,stride_4097,524288,1048576,1188,2617215332162156025,1638614,11,11,10061883979847375520,10061883979847375520
13,P,20260918,1550,5,measure,65,random,4096,1048576,141,5485314410795713718,1226284,11,11,16689848080071533224,16689848080071533224
13,P,20260918,1551,5,measure,66,stride_513,4194304,1048576,292212,1839687872851421400,2239438,11,11,12406089252390561320,12406089252390561320
13,P,20260918,1552,5,measure,67,random,32768,1048576,1824,9653704477795182154,1134816,11,11,10068816811724616764,10068816811724616764
13,P,20260918,1553,5,measure,68,stride_4097,6291456,1048576,107501,2812592109273861773,2082661,11,11,17191256077619304572,17191256077619304572
13,P,20260918,1554,5,measure,69,stride_1_double,134217728,2097152,12543617,7175077997326262844,3548871,11,11,9446929918205229079,9446929918205229079
13,P,20260918,1555,5,measure,70,pair_split_line,524288,1048576,36313,10067144874310437157,2527866,11,11,16247479090426545943,16247479090426545943
13,P,20260918,1556,5,measure,71,stride_1,100663296,1048576,3875217,4682472072209675579,1726233,11,11,10189466309753520748,10189466309753520748
13,P,20260918,1557,5,measure,72,pair_same_line,100663296,1048576,5659812,7551779376069689613,17901448,11,11,7005308774948857013,7005308774948857013
13,P,20260918,1558,5,measure,73,stride_17,24576,1048576,571,6596929032779700150,1446125,11,11,1447362610651510192,1447362610651510192
13,P,20260918,1559,5,measure,74,stride_4097,134217728,1048576,6078717,11072422128403390541,7279962,11,11,322024788431018865,322024788431018865
13,P,20260918,1560,5,measure,75,random,524288,1048576,21891,6958073397930026586,1453696,11,11,15293125396537491627,15293125396537491627
13,P,20260918,1561,5,measure,76,stride_1_bis,524288,1048576,34438,14935339987225621611,1491790,11,11,10061883979847375520,10061883979847375520
13,P,20260918,1562,5,measure,77,stride_1_double,4194304,2097152,253378,17055798970859617470,3534774,11,11,6365434431071571024,6365434431071571024
13,P,20260918,1563,5,measure,78,stride_17,33554432,1048576,414069,17118921491504481915,8366665,11,11,6831110659420684692,6831110659420684692
13,P,20260918,1564,5,measure,79,stride_1_bis,1048576,1048576,8443,6834237156802492183,1512761,11,11,8797231230870489880,8797231230870489880
13,P,20260918,1565,5,measure,80,random,50331648,1048576,1920331,8060432994581022036,14669653,11,11,14381066469139945977,14381066469139945977
13,P,20260918,1566,5,measure,81,stride_1,786432,1048576,49959,2163084814234114629,1843236,11,11,17117907664832215887,17117907664832215887
13,P,20260918,1567,5,measure,82,stride_513,12582912,1048576,869575,7210978888517924141,8238072,11,11,4963127596952158292,4963127596952158292
13,P,20260918,1568,5,measure,83,random,6291456,1048576,451156,10154215035745498412,6239278,11,11,16502872374515843322,16502872374515843322
13,P,20260918,1569,5,measure,84,stride_17,4194304,1048576,431933,9031249302175308263,3945271,11,11,12406089252390561320,12406089252390561320
13,P,20260918,1570,5,measure,85,pair_split_line,25165824,1048576,2726557,16385038623325313046,17829408,11,11,12780820938632489001,12780820938632489001
13,P,20260918,1571,5,measure,86,random,98304,1048576,5326,13222802129350989549,1805700,11,11,10487825331085741168,10487825331085741168
13,P,20260918,1572,5,measure,87,stride_1,50331648,1048576,5079264,12957287107907817464,2376524,11,11,16813450625002336471,16813450625002336471
13,P,20260918,1573,5,measure,88,stride_17,12288,1048576,3,357307512451603251,1973314,11,11,5019480856057741555,5019480856057741555
13,P,20260918,1574,5,measure,89,stride_17,131072,1048576,15183,3746793289454485828,1775978,11,11,16921412609114818048,16921412609114818048
13,P,20260918,1575,5,measure,90,stride_1_bis,393216,1048576,22063,16978326973298980645,1712038,11,11,17537073821545487611,17537073821545487611
13,P,20260918,1576,5,measure,91,random,6144,1048576,289,17108729921495239757,1365711,11,11,16887740260845718303,16887740260845718303
13,P,20260918,1577,5,measure,92,pair_split_line,786432,1048576,36939,15202623934778623180,3182759,11,11,4443292221792212102,4443292221792212102
13,P,20260918,1578,5,measure,93,random,393216,1048576,13927,2936126796505262869,1258881,11,11,2769318432114316564,2769318432114316564
13,P,20260918,1579,5,measure,94,stride_4097,393216,1048576,1581,14830215745349614068,1513732,11,11,14600881691191535009,14600881691191535009
13,P,20260918,1580,5,measure,95,pair_same_line,12288,1048576,1282,10045145130095897086,1659287,11,11,7763695234808833419,7763695234808833419
13,P,20260918,1581,5,measure,96,stride_1_bis,4096,1048576,317,3868244376398364422,1382606,11,11,8154595385843253248,8154595385843253248
13,P,20260918,1582,5,measure,97,pair_split_line,98304,1048576,2275,6349118308659615084,2150197,11,11,2531071731112088290,2531071731112088290
13,P,20260918,1583,5,measure,98,stride_1_bis,98304,1048576,1915,16530228067848263514,1380341,11,11,8207493410334337426,8207493410334337426
13,P,20260918,1584,5,measure,99,pair_same_line,393216,1048576,21399,8993564835422017729,1834694,11,11,11026037847876788581,11026037847876788581
13,P,20260918,1585,5,measure,100,pair_split_line,3145728,1048576,298635,2070567621092563458,4312684,11,11,859308200679771366,859308200679771366
13,P,20260918,1586,5,measure,101,pair_split_line,16777216,1048576,746489,12043289352978081108,15951714,11,11,604371022052322220,604371022052322220
13,P,20260918,1587,5,measure,102,stride_17,196608,1048576,13743,6218246625509302296,1395536,11,11,8455834754758546640,8455834754758546640
13,P,20260918,1588,5,measure,103,stride_4097,1572864,1048576,139653,4752598480895291588,1488765,11,11,7943121027327195358,7943121027327195358
13,P,20260918,1589,5,measure,104,stride_1_double,524288,2097152,22595,6475494903241510617,2730822,11,11,1677023885985199424,1677023885985199424
13,P,20260918,1590,5,measure,105,stride_1_double,1048576,2097152,80631,9478994138984588953,2776786,11,11,17594462461740979760,17594462461740979760
13,P,20260918,1591,5,measure,106,stride_1_double,6144,2097152,715,11917166014020561944,2724260,11,11,14205557369569955523,14205557369569955523
13,P,20260918,1592,5,measure,107,stride_1_double,24576,2097152,1951,2872558044394766701,2712202,11,11,10155686222702112585,10155686222702112585
13,P,20260918,1593,5,measure,108,pair_same_line,24576,1048576,5,4446361279607076981,1666739,11,11,10832806862866009718,10832806862866009718
13,P,20260918,1594,5,measure,109,stride_1_double,25165824,2097152,1403063,2801732075403476145,4209399,11,11,8757669165617805647,8757669165617805647
13,P,20260918,1595,5,measure,110,random,786432,1048576,89092,13517625065918994339,1232948,11,11,13572317562534471856,13572317562534471856
13,P,20260918,1596,5,measure,111,stride_1,6291456,1048576,54796,5304967142271151870,1696355,11,11,2592226790505816796,2592226790505816796
13,P,20260918,1597,5,measure,112,stride_4097,3145728,1048576,116632,4891560007728419336,1779403,11,11,6473107856884865,6473107856884865
13,P,20260918,1598,5,measure,113,stride_17,67108864,1048576,5346488,15400764590583848806,8492632,11,11,7906340959352450079,7906340959352450079
13,P,20260918,1599,5,measure,114,stride_1,49152,1048576,3680,9387997588664413134,1363193,11,11,4987865771713633440,4987865771713633440
13,P,20260918,1600,5,measure,115,pair_same_line,98304,1048576,3209,14612763782105364912,1822349,11,11,15867443398373496734,15867443398373496734
13,P,20260918,1601,5,measure,116,pair_split_line,67108864,1048576,8108690,4911910087453495592,22205806,11,11,1426019739942653256,1426019739942653256
13,P,20260918,1602,5,measure,117,stride_513,6291456,1048576,427296,8908903438556525992,2978192,11,11,2329185465026963428,2329185465026963428
13,P,20260918,1603,5,measure,118,stride_1,131072,1048576,3150,14205287826860445673,1450799,11,11,16921412609114818048,16921412609114818048
13,P,20260918,1604,5,measure,119,stride_1,201326592,1048576,15521421,8488774854340799558,2089842,11,11,16666828757322887160,16666828757322887160
13,P,20260918,1605,5,measure,120,pair_same_line,131072,1048576,6015,7708780707521913568,1804744,11,11,8351306500652198005,8351306500652198005
13,P,20260918,1606,5,measure,121,stride_17,393216,1048576,14785,18424990466383575525,1373355,11,11,5687545627098637821,5687545627098637821
13,P,20260918,1607,5,measure,122,stride_4097,131072,1048576,2538,552702476826296018,1446460,11,11,16921412609114818048,16921412609114818048
13,P,20260918,1608,5,measure,123,stride_4097,8388608,1048576,942572,3988419821142059744,3607077,11,11,18303280461608560459,18303280461608560459
13,P,20260918,1609,5,measure,124,stride_17,100663296,1048576,10928906,3514196664271562938,8667399,11,11,16959127165440448947,16959127165440448947
13,P,20260918,1610,5,measure,125,stride_513,201326592,1048576,22263429,4329938121352142732,11015307,11,11,10103287274142118667,10103287274142118667
13,P,20260918,1611,5,measure,126,pair_split_line,24576,1048576,564,1901899836804767072,2111339,11,11,3069260636192228180,3069260636192228180
13,P,20260918,1612,5,measure,127,pair_split_line,100663296,1048576,11820396,14260052397724369134,24461720,11,11,9514363250348401200,9514363250348401200
13,P,20260918,1613,5,measure,128,stride_17,25165824,1048576,2819159,10536378223833504932,9263547,11,11,14523844879437888965,14523844879437888965
13,P,20260918,1614,5,measure,129,stride_1_bis,50331648,1048576,2914018,6866255267328240178,2381052,11,11,357704313796218928,357704313796218928
13,P,20260918,1615,5,measure,130,random,3145728,1048576,105773,8910609061147705695,4488684,11,11,8841119600716779648,8841119600716779648
13,P,20260918,1616,5,measure,131,pair_split_line,8388608,1048576,178922,3612883550375654777,10210857,11,11,16742905693519038346,16742905693519038346
13,P,20260918,1617,5,measure,132,stride_1_bis,32768,1048576,1527,7119473486440185547,2073542,11,11,10598541984122395648,10598541984122395648
13,P,20260918,1618,5,measure,133,stride_1,1572864,1048576,80888,1865397223398074266,1888679,11,11,6042013562849123240,6042013562849123240
13,P,20260918,1619,5,measure,134,stride_1_bis,65536,1048576,7458,12045112593247465696,1696109,11,11,16423878549329276288,16423878549329276288
13,P,20260918,1620,5,measure,135,stride_17,786432,1048576,31676,3940720717843268239,1802143,11,11,9167543453068046585,9167543453068046585
13,P,20260918,1621,5,measure,136,stride_4097,786432,1048576,93531,13772399001401934543,1931159,11,11,7837894064989548239,7837894064989548239
13,P,20260918,1622,5,measure,137,stride_4097,12288,1048576,880,13389892540951001233,1695200,11,11,6681168736502059419,6681168736502059419
13,P,20260918,1623,5,measure,138,random,8388608,1048576,309240,11603071005102614829,11495148,11,11,7775261175320436720,7775261175320436720
13,P,20260918,1624,5,measure,139,stride_1_double,49152,2097152,2797,15525691744152814356,3568798,11,11,17408241053922819238,17408241053922819238
13,P,20260918,1625,5,measure,140,pair_split_line,6144,1048576,463,8286695867646135452,2392018,11,11,13126639040568628269,13126639040568628269
13,P,20260918,1626,5,measure,141,stride_17,98304,1048576,6399,3596130995887272499,1643564,11,11,10369906047814666314,10369906047814666314
13,P,20260918,1627,5,measure,142,stride_4097,1048576,1048576,85354,4626865789259479291,1746289,11,11,8797231230870489880,8797231230870489880
13,P,20260918,1628,5,measure,143,pair_split_line,16384,1048576,588,8821648177559500140,2050302,11,11,6996802657903469288,6996802657903469288
13,P,20260918,1629,5,measure,144,random,16777216,1048576,2050418,5809895226162724859,12261301,11,11,15351720862287170515,15351720862287170515
13,P,20260918,1630,5,measure,145,stride_17,6291456,1048576,655994,7481333613768837208,4484911,11,11,7710684935140716240,7710684935140716240
13,P,20260918,1631,5,measure,146,stride_4097,49152,1048576,3896,5183445875543552849,1611901,11,11,9857752802803575924,9857752802803575924
13,P,20260918,1632,5,measure,147,stride_1_bis,49152,1048576,812,6627881236005702883,1573947,11,11,5904080776456463861,5904080776456463861
13,P,20260918,1633,5,measure,148,stride_1_double,8192,2097152,219,6740901169102398567,2981585,11,11,233185894918883328,233185894918883328
13,P,20260918,1634,5,measure,149,stride_513,24576,1048576,438,4622970335882048312,1566448,11,11,15675031744929201152,15675031744929201152
13,P,20260918,1635,5,measure,150,stride_1_double,4096,2097152,264,15647053719364654299,2748006,11,11,16309190771686506496,16309190771686506496
13,P,20260918,1636,5,measure,151,stride_1,16384,1048576,1902,9247145783496079910,1355113,11,11,9548053087369131008,9548053087369131008
13,P,20260918,1637,5,measure,152,pair_same_line,8192,1048576,799,12794635470285595153,1693806,11,11,9263876800083371903,9263876800083371903
13,P,20260918,1638,5,measure,153,pair_same_line,2097152,1048576,165677,5802794094811338007,3056127,11,11,4629249462227453902,4629249462227453902
13,P,20260918,1639,5,measure,154,stride_513,268435456,1048576,1378335,5504362630269009801,12822742,11,11,6097721711865055176,6097721711865055176
13,P,20260918,1640,5,measure,155,stride_1,262144,1048576,22940,16168033792628782644,1448499,11,11,3252759155835688704,3252759155835688704
13,P,20260918,1641,5,measure,156,stride_513,49152,1048576,1876,4238034323835015533,1428264,11,11,10058475094351434240,10058475094351434240
13,P,20260918,1642,5,measure,157,stride_4097,32768,1048576,2574,8531951379771643237,1355173,11,11,10598541984122395648,10598541984122395648
13,P,20260918,1643,5,measure,158,stride_513,1048576,1048576,33560,5165363061250493069,1657356,11,11,8797231230870489880,8797231230870489880
13,P,20260918,1644,5,measure,159,pair_same_line,262144,1048576,32486,1144008915166417491,1876165,11,11,4551953801498006850,4551953801498006850
13,P,20260918,1645,5,measure,160,stride_1_bis,1572864,1048576,107378,3278056208198748628,1452808,11,11,12304454308449410705,12304454308449410705
13,P,20260918,1646,5,measure,161,stride_4097,262144,1048576,4772,15660192124741503606,1387733,11,11,3252759155835688704,3252759155835688704
13,P,20260918,1647,5,measure,162,stride_1_double,32768,2097152,3287,11845029851565485738,2707215,11,11,2750339894535239680,2750339894535239680
13,P,20260918,1648,5,measure,163,stride_1_double,16777216,2097152,1030271,12210675383132347950,4530513,11,11,12841062978479921428,12841062978479921428
13,P,20260918,1649,5,measure,164,stride_513,50331648,1048576,300293,6849588577173636552,12346196,11,11,5665548791931146883,5665548791931146883
13,P,20260918,1650,5,measure,165,stride_1,65536,1048576,3427,5238357072172744281,1369450,11,11,16423878549329276288,16423878549329276288
13,P,20260918,1651,5,measure,166,stride_513,6144,1048576,415,8966035538777305328,1356275,11,11,6657726286896836608,6657726286896836608
13,P,20260918,1652,5,measure,167,pair_split_line,6291456,1048576,209652,10355114900212725571,6281585,11,11,8385837037252268040,8385837037252268040
13,P,20260918,1653,5,measure,168,stride_1_bis,134217728,1048576,9021279,9551536872800765374,2152921,11,11,14349973435236650357,14349973435236650357
13,P,20260918,1654,5,measure,169,pair_same_line,786432,1048576,52603,7622605966635667119,2095645,11,11,4587903988284438386,4587903988284438386
13,P,20260918,1655,5,measure,170,stride_1,3145728,1048576,95821,5365970611990797931,1440803,11,11,3445817955518477105,3445817955518477105
13,P,20260918,1656,5,measure,171,stride_1_bis,262144,1048576,275,17560146975588462423,1648084,11,11,3252759155835688704,3252759155835688704
13,P,20260918,1657,5,measure,172,stride_4097,100663296,1048576,8946634,6248292804219234578,8549647,11,11,2814098637961803465,2814098637961803465
13,P,20260918,1658,5,measure,173,stride_513,134217728,1048576,14873673,6446168690092994158,11893028,11,11,472404618659262475,472404618659262475
13,P,20260918,1659,5,measure,174,pair_split_line,12288,1048576,1458,12862701386380777159,1971659,11,11,10038471999368716173,10038471999368716173
13,P,20260918,1660,5,measure,175,stride_4097,50331648,1048576,3327961,868260018038225301,8154245,11,11,16324339712739349857,16324339712739349857
13,P,20260918,1661,5,measure,176,stride_1,268435456,1048576,15665337,6663999047732204955,2330839,11,11,15008635127756399334,15008635127756399334
13,P,20260918,1662,5,measure,177,stride_4097,268435456,1048576,12516654,16370623198292883548,7799132,11,11,15545103467715341950,15545103467715341950
13,P,20260918,1663,5,measure,178,stride_513,16384,1048576,1164,14894583615949656228,1475500,11,11,9548053087369131008,9548053087369131008
13,P,20260918,1664,5,measure,179,random,131072,1048576,7224,7918004306963277542,1212272,11,11,11828051252083358397,11828051252083358397
13,P,20260918,1665,5,measure,180,stride_17,201326592,1048576,20193741,8693432989309430143,8894438,11,11,5711343014828261159,5711343014828261159
13,P,20260918,1666,5,measure,181,stride_17,50331648,1048576,2725068,2804194490286474590,6306359,11,11,7915981153239020162,7915981153239020162
13,P,20260918,1667,5,measure,182,stride_17,16777216,1048576,87577,5077521568212589049,5997055,11,11,11132962043207383904,11132962043207383904
13,P,20260918,1668,5,measure,183,stride_1,196608,1048576,4785,2840079221744210089,1729368,11,11,17307850035586959995,17307850035586959995
13,P,20260918,1669,5,measure,184,random,4194304,1048576,190058,1747399434576717051,4119141,11,11,17243696538859641986,17243696538859641986
13,P,20260918,1670,5,measure,185,stride_4097,24576,1048576,811,5055700966244190270,1620739,11,11,8158043372099417871,8158043372099417871
13,P,20260918,1671,5,measure,186,stride_513,100663296,1048576,8758238,11623577494199342883,13525476,11,11,16043606506579302407,16043606506579302407
13,P,20260918,1672,5,measure,187,random,25165824,1048576,2974908,15810935903235995865,15626378,11,11,13218748558516145910,13218748558516145910
13,P,20260918,1673,5,measure,188,random,196608,1048576,18897,11319792436364311713,1906313,11,11,15974935769742744678,15974935769742744678
13,P,20260918,1674,5,measure,189,stride_1_bis,12288,1048576,1310,8009994619020414604,2142981,11,11,972128612693887088,972128612693887088
13,P,20260918,1675,5,measure,190,stride_1,134217728,1048576,121040,2904008195794545546,2128047,11,11,8065079371814297817,8065079371814297817
13,P,20260918,1676,5,measure,191,pair_same_line,16384,1048576,101,4705689071262059612,2056400,11,11,11655494467414361130,11655494467414361130
13,P,20260918,1677,5,measure,192,stride_513,98304,1048576,12211,1179757210795746522,1828925,11,11,1589993245443464960,1589993245443464960
13,P,20260918,1678,5,measure,193,random,12288,1048576,1284,10107196907245651500,1359548,11,11,639344225522618275,639344225522618275
13,P,20260918,1679,5,measure,194,stride_513,33554432,1048576,4031795,8514650995905214249,11182738,11,11,11793097218846299813,11793097218846299813
13,P,20260918,1680,5,measure,195,stride_4097,4096,1048576,187,16559216896700563437,2004992,11,11,8154595385843253248,8154595385843253248
13,P,20260918,1681,5,measure,196,stride_513,524288,1048576,860,1971461919637204749,2161628,11,11,10061883979847375520,10061883979847375520
13,P,20260918,1682,5,measure,197,stride_17,65536,1048576,2690,8142010635791948141,1771668,11,11,16423878549329276288,16423878549329276288
13,P,20260918,1683,5,measure,198,stride_4097,67108864,1048576,5106780,2237611703438525872,7893533,11,11,7401150086704538756,7401150086704538756
13,P,20260918,1684,5,measure,199,pair_split_line,32768,1048576,982,5479949837788221213,2584019,11,11,9679976661942122784,9679976661942122784
13,P,20260918,1685,5,measure,200,stride_513,3145728,1048576,96382,14103907314754525276,2698605,11,11,4696861105486946824,4696861105486946824
13,P,20260918,1686,5,measure,201,pair_same_line,33554432,1048576,1981871,13197128626007047567,16293038,11,11,14388590061794188391,14388590061794188391
13,P,20260918,1687,5,measure,202,pair_same_line,3145728,1048576,116152,10460769299158260795,5121663,11,11,16044458616343909390,16044458616343909390
13,P,20260918,1688,5,measure,203,stride_513,65536,1048576,6864,10503817411239221214,2103965,11,11,16423878549329276288,16423878549329276288
13,P,20260918,1689,5,measure,204,stride_1_double,201326592,2097152,13343292,4105814058901177399,4018703,11,11,1530454378122614897,1530454378122614897
13,P,20260918,1690,5,measure,205,stride_513,262144,1048576,18910,15183711488990298747,1661651,11,11,3252759155835688704,3252759155835688704
13,P,20260918,1691,5,measure,206,stride_4097,201326592,1048576,21981859,10171806839555626580,9293998,11,11,11350224996917469651,11350224996917469651
13,P,20260918,1692,5,measure,207,stride_4097,65536,1048576,1869,15158074340317681401,1789982,11,11,16423878549329276288,16423878549329276288
13,P,20260918,1693,5,measure,208,stride_17,134217728,1048576,3604092,16737517281161495897,9200262,11,11,11609953218765154601,11609953218765154601
13,P,20260918,1694,5,measure,209,stride_1_double,786432,2097152,62665,9121446234509857871,3741325,11,11,13148835505206776018,13148835505206776018
13,P,20260918,1695,5,measure,210,stride_1,32768,1048576,2289,5320256116788276725,1798382,11,11,10598541984122395648,10598541984122395648
13,P,20260918,1696,5,measure,211,stride_1,16777216,1048576,2060781,18127362538187750757,2063537,11,11,13209384360831817411,13209384360831817411
13,P,20260918,1697,5,measure,212,stride_1,33554432,1048576,2086914,5647640275323808248,1721201,11,11,3771683250631322872,3771683250631322872
13,P,20260918,1698,5,measure,213,stride_513,2097152,1048576,216979,16551504431770482905,3786646,11,11,14577075130308765988,14577075130308765988
13,P,20260918,1699,5,measure,214,stride_1_bis,6144,1048576,411,3311160788916353504,1543745,11,11,8051690804638292737,8051690804638292737
13,P,20260918,1700,5,measure,215,stride_1_double,33554432,2097152,628452,314595916722510631,3465517,11,11,7361078795159069097,7361078795159069097
13,P,20260918,1701,5,measure,216,stride_1_double,12582912,2097152,1468014,3161024618618856920,3595143,11,11,12448201533051619561,12448201533051619561
13,P,20260918,1702,5,measure,217,stride_513,4096,1048576,424,8909378357631800329,1353962,11,11,8154595385843253248,8154595385843253248
13,P,20260918,1703,5,measure,218,stride_1_bis,2097152,1048576,14760,8139662608499641031,1475035,11,11,14577075130308765988,14577075130308765988
13,P,20260918,1704,5,measure,219,stride_513,32768,1048576,3936,16126364365186943554,1351566,11,11,10598541984122395648,10598541984122395648
13,P,20260918,1705,5,measure,220,stride_1,25165824,1048576,2333573,18388132832384413994,1745790,11,11,8189250274092555599,8189250274092555599
13,P,20260918,1706,5,measure,221,stride_17,2097152,1048576,184236,12961210173528351534,1531508,11,11,14577075130308765988,14577075130308765988
13,P,20260918,1707,5,measure,222,stride_1_double,100663296,2097152,3099852,3258874019055028585,3625079,11,11,17565666113891829872,17565666113891829872
13,P,20260918,1708,5,measure,223,random,33554432,1048576,2716965,9184962999661794202,14566282,11,11,3542474700574034008,3542474700574034008
13,P,20260918,1709,5,measure,224,stride_1_bis,6291456,1048576,234735,14810103747751114873,1871955,11,11,5585732725280795343,5585732725280795343
13,P,20260918,1710,5,measure,225,pair_split_line,50331648,1048576,5791010,6118004615734460700,21224843,11,11,8102146057768974161,8102146057768974161
13,P,20260918,1711,5,measure,226,pair_same_line,49152,1048576,106,3213671601713546893,2022386,11,11,9030895815749237473,9030895815749237473
13,P,20260918,1712,5,measure,227,stride_17,262144,1048576,4679,15895803213671038182,1661559,11,11,3252759155835688704,3252759155835688704
13,P,20260918,1713,5,measure,228,random,1048576,1048576,123683,16784935234673373013,1713428,11,11,13665198055045911407,13665198055045911407
13,P,20260918,1714,5,measure,229,stride_4097,6144,1048576,180,12328069096680906034,1489764,11,11,19968232314257507,19968232314257507
13,P,20260918,1715,5,measure,230,stride_1,2097152,1048576,243203,14661001091022516458,1593922,11,11,14577075130308765988,14577075130308765988
13,P,20260918,1716,5,measure,231,random,12582912,1048576,1021318,18088042262535439648,11284749,11,11,8247301482541804049,8247301482541804049
13,P,20260918,1717,5,measure,232,stride_17,6144,1048576,411,16128990071807060393,1632790,11,11,7364162039912967856,7364162039912967856
13,P,20260918,1718,5,measure,233,random,1572864,1048576,41510,1609848799485161066,1729928,11,11,14185268210309816808,14185268210309816808
13,P,20260918,1719,5,measure,234,stride_1_double,65536,2097152,6649,15346038066799139800,3146754,11,11,14401013024949000960,14401013024949000960
13,P,20260918,1720,5,measure,235,stride_1_double,3145728,2097152,293957,15665897852401114586,3380402,11,11,1118242601446784124,1118242601446784124
13,P,20260918,1721,5,measure,236,random,201326592,1048576,22899007,17712589295649572021,17193012,11,11,17385567196270763314,17385567196270763314
13,P,20260918,1722,5,measure,237,stride_17,524288,1048576,29280,20896784931123625,1765073,11,11,10061883979847375520,10061883979847375520
13,P,20260918,1723,5,measure,238,stride_1,4096,1048576,38,11286360419331960722,1663487,11,11,8154595385843253248,8154595385843253248
13,P,20260918,1724,5,measure,239,pair_split_line,65536,1048576,2340,7729107299381649752,2384541,11,11,1372246859946588982,1372246859946588982
13,P,20260918,1725,5,measure,240,stride_1_bis,67108864,1048576,6717939,3621230909873428161,2057628,11,11,16846562326780516364,16846562326780516364
13,P,20260918,1726,5,measure,241,pair_split_line,33554432,1048576,2353887,7770178747696232831,18652176,11,11,4718511528461117661,4718511528461117661
13,P,20260918,1727,5,measure,242,random,67108864,1048576,2859105,8311648789152238075,15590286,11,11,17199670490203077980,17199670490203077980
13,P,20260918,1728,5,measure,243,pair_same_line,4096,1048576,418,1053288394533259575,2554905,11,11,3305347472686418242,3305347472686418242
13,P,20260918,1729,5,measure,244,random,134217728,1048576,10505908,13698464809764895037,18100261,11,11,5433778027504563501,5433778027504563501
13,P,20260918,1730,5,measure,245,stride_4097,98304,1048576,10945,7961500647971992880,2651859,11,11,10885840603086622816,10885840603086622816
13,P,20260918,1731,5,measure,246,stride_513,196608,1048576,18985,13902749141272611849,2081392,11,11,2303624161942002560,2303624161942002560
13,P,20260918,1732,5,measure,247,stride_1_double,131072,2097152,2523,12841363116567807304,3548996,11,11,15396081144520084480,15396081144520084480
13,P,20260918,1733,5,measure,248,random,2097152,1048576,253171,4041966676661409949,3040958,11,11,11668372805113643780,11668372805113643780
13,P,20260918,1734,5,measure,249,pair_same_line,67108864,1048576,5569051,17729958239120738907,18268840,11,11,9192821814635326264,9192821814635326264
13,P,20260918,1735,5,measure,250,stride_1_double,268435456,2097152,33233106,9716823885732582887,5272889,11,11,4074996622287987720,4074996622287987720
13,P,20260918,1736,5,measure,251,pair_split_line,49152,1048576,4097,5282829962570843345,2367273,11,11,3848551487778435053,3848551487778435053
13,P,20260918,1737,5,measure,252,pair_split_line,2097152,1048576,229908,18288417351629168346,4674003,11,11,2428676554402582508,2428676554402582508
13,P,20260918,1738,5,measure,253,stride_1_bis,8388608,1048576,100592,6858574668112972803,2108104,11,11,18303280461608560459,18303280461608560459
13,P,20260918,1739,5,measure,254,stride_513,1572864,1048576,7824,13973468524071421860,1980134,11,11,15346159349426821392,15346159349426821392
13,P,20260918,1740,5,measure,255,stride_1_bis,8192,1048576,293,11525254673999029658,1619597,11,11,116592947459441664,116592947459441664
13,P,20260918,1741,5,measure,256,stride_1,8192,1048576,926,3578735904396860772,1571416,11,11,116592947459441664,116592947459441664
13,P,20260918,1742,5,measure,257,pair_split_line,1048576,1048576,8895,8612164277515623068,2794816,11,11,11013819870001106808,11013819870001106808
13,P,20260918,1743,5,measure,258,stride_1_double,98304,2097152,10086,8718269329185307961,2827164,11,11,11869490506379211309,11869490506379211309
13,P,20260918,1744,5,measure,259,stride_4097,4194304,1048576,446984,3556328586528896684,1908981,11,11,12406089252390561320,12406089252390561320
13,P,20260918,1745,5,measure,260,pair_split_line,196608,1048576,7924,13865404761549713146,2305594,11,11,17886327442370678570,17886327442370678570
13,P,20260918,1746,5,measure,261,stride_1_double,2097152,2097152,259819,4319676338983358353,2853955,11,11,10707406186907980360,10707406186907980360
13,P,20260918,1747,5,measure,262,pair_same_line,134217728,1048576,5904577,10024305196788649596,17835150,11,11,15111745417450507516,15111745417450507516
13,P,20260918,1748,5,measure,263,pair_same_line,32768,1048576,3582,12719813091750935843,1771504,11,11,5546750775556120605,5546750775556120605
13,P,20260918,1749,5,measure,264,stride_1_bis,16384,1048576,1799,5530221661091331115,1441203,11,11,9548053087369131008,9548053087369131008
13,P,20260918,1750,5,measure,265,stride_4097,12582912,1048576,300419,15401133465718352501,6317109,11,11,13798513024635489761,13798513024635489761
13,P,20260918,1751,5,measure,266,stride_513,131072,1048576,2269,2689192297402011287,1475040,11,11,16921412609114818048,16921412609114818048
13,P,20260918,1752,5,measure,267,stride_1_bis,16777216,1048576,403444,11326642992213552618,1446906,11,11,14422124381554927618,14422124381554927618
13,P,20260918,1753,5,measure,268,pair_same_line,524288,1048576,52590,9375175636407603183,1938400,11,11,4659494603621466167,4659494603621466167
13,P,20260918,1754,5,measure,269,pair_same_line,1572864,1048576,141333,17101930217621299475,2248504,11,11,15440779515408658815,15440779515408658815
13,P,20260918,1755,5,measure,270,stride_1_double,12288,2097152,1332,15630556451372649894,2798619,11,11,1853368692578530549,1853368692578530549
13,P,20260918,1756,5,measure,271,pair_split_line,134217728,1048576,4443382,8828482334567632847,25038397,11,11,4278373520120596088,4278373520120596088
13,P,20260918,1757,5,measure,272,pair_same_line,201326592,1048576,2345527,12359381957196665121,20232763,11,11,10697294873196199016,10697294873196199016
13,P,20260918,1758,5,measure,273,stride_1_bis,24576,1048576,2289,1193337791747967545,2033888,11,11,13359662206604812781,13359662206604812781
13,P,20260918,1759,5,measure,274,stride_4097,16384,1048576,1798,7703105889336607037,1903585,11,11,9548053087369131008,9548053087369131008
13,P,20260918,1760,5,measure,275,stride_4097,25165824,1048576,1781691,4968619882390496994,9183281,11,11,8519116059348469188,8519116059348469188
13,P,20260918,1761,5,measure,276,stride_1_double,6291456,2097152,353579,4004423030535675190,4631821,11,11,10176275977337990467,10176275977337990467
13,P,20260918,1762,5,measure,277,stride_1_bis,786432,1048576,69458,892673423743351717,1703572,11,11,5613280942745312564,5613280942745312564
13,P,20260918,1763,5,measure,278,pair_same_line,65536,1048576,2824,13493281290203638965,2195021,11,11,16887067078445189975,16887067078445189975
13,P,20260918,1764,5,measure,279,stride_17,32768,1048576,433,4640722148076966164,1697779,11,11,10598541984122395648,10598541984122395648
13,P,20260918,1765,5,measure,280,pair_split_line,1572864,1048576,20615,9330795307419470401,3299173,11,11,17571261960288477650,17571261960288477650
13,P,20260918,1766,5,measure,281,stride_513,16777216,1048576,325531,2505082349541665075,7010227,11,11,5025213992285032904,5025213992285032904
13,P,20260918,1767,5,measure,282,stride_17,8192,1048576,149,7716157520979092960,1592824,11,11,116592947459441664,116592947459441664
13,P,20260918,1768,5,measure,283,random,16384,1048576,1432,11334873356550518674,1241404,11,11,14219203693989319368,14219203693989319368
13,P,20260918,1769,5,measure,284,pair_split_line,268435456,1048576,24077705,224332856691041938,28035638,11,11,3038204255574075221,3038204255574075221
13,P,20260918,1770,5,measure,285,stride_4097,8192,1048576,551,17855401684133944150,2178514,11,11,116592947459441664,116592947459441664
13,P,20260918,1771,5,measure,286,pair_same_line,12582912,1048576,423630,16397071850840864702,14747913,11,11,9513417845957736767,9513417845957736767
13,P,20260918,1772,5,measure,287,stride_513,12288,1048576,118,15812598147318703965,2214425,11,11,3776769180852905984,3776769180852905984
13,P,20260918,1773,5,measure,288,stride_1,24576,1048576,1946,719352956328442376,1975438,11,11,8069356899856735353,8069356899856735353
13,P,20260918,1774,5,measure,289,stride_1_double,67108864,2097152,4528541,208097614311036344,4283383,11,11,6552750217715630066,6552750217715630066
13,P,20260918,1775,5,measure,290,stride_1_double,1572864,2097152,7691,5742988382593438905,3519662,11,11,16735692671887425130,16735692671887425130
13,P,20260918,1776,5,measure,291,stride_17,8388608,1048576,36180,14709532257632262113,5320890,11,11,18303280461608560459,18303280461608560459
13,P,20260918,1777,5,measure,292,pair_split_line,393216,1048576,5242,10372193687219120295,2995427,11,11,8402349615214035562,8402349615214035562
13,P,20260918,1778,5,measure,293,stride_513,25165824,1048576,518245,8908613401422880413,11938515,11,11,3223166402984098452,3223166402984098452
13,P,20260918,1779,5,measure,294,pair_same_line,25165824,1048576,38929,13813311597064489041,15715986,11,11,3779970438368839720,3779970438368839720
13,P,20260918,1780,5,measure,295,stride_1_double,16384,2097152,60,4692190464901872752,4102670,11,11,649362101028710400,649362101028710400
13,P,20260918,1781,5,measure,296,random,100663296,1048576,6294706,1069430063033025865,17589996,11,11,5016975285350148944,5016975285350148944
13,P,20260918,1782,6,measure,0,stride_1_bis,393216,1048576,35319,16415820417322074469,2420287,11,11,6319041664251275011,6319041664251275011
13,P,20260918,1783,6,measure,1,random,201326592,1048576,21369002,377779225958402617,20021720,11,11,621155187074232697,621155187074232697
13,P,20260918,1784,6,measure,2,stride_1_bis,1048576,1048576,116157,12475144578112000179,2793778,11,11,8797231230870489880,8797231230870489880
13,P,20260918,1785,6,measure,3,random,2097152,1048576,260712,2894529501054726566,4287504,11,11,6263107586131121032,6263107586131121032
13,P,20260918,1786,6,measure,4,pair_same_line,49152,1048576,323,9231853736889217641,2553984,11,11,10206619635722100597,10206619635722100597
13,P,20260918,1787,6,measure,5,stride_1_double,393216,2097152,12317,14313619938433608980,3529504,11,11,10722914629396285952,10722914629396285952
13,P,20260918,1788,6,measure,6,pair_same_line,6291456,1048576,651632,5139369954067230082,9559748,11,11,14695391532762711738,14695391532762711738
13,P,20260918,1789,6,measure,7,stride_1_double,2097152,2097152,168850,15920669464977484904,4035356,11,11,10707406186907980360,10707406186907980360
13,P,20260918,1790,6,measure,8,stride_1,201326592,1048576,19064685,9794366685074113668,2325139,11,11,14263941701841341605,14263941701841341605
13,P,20260918,1791,6,measure,9,random,6291456,1048576,314904,8522680768746793774,3378696,11,11,9995624754566839590,9995624754566839590
13,P,20260918,1792,6,measure,10,stride_4097,98304,1048576,8640,14598640557477625427,1854046,11,11,16024613003056097281,16024613003056097281
13,P,20260918,1793,6,measure,11,pair_same_line,8388608,1048576,402359,9942489333871844240,8814694,11,11,13667312138941470292,13667312138941470292
13,P,20260918,1794,6,measure,12,random,196608,1048576,12275,8641306144405689814,1437637,11,11,195591588044491071,195591588044491071
13,P,20260918,1795,6,measure,13,stride_1_bis,131072,1048576,14054,10123829082198438923,1747983,11,11,16921412609114818048,16921412609114818048
13,P,20260918,1796,6,measure,14,stride_17,33554432,1048576,2541032,6456406190555045514,8562949,11,11,11176244721906541905,11176244721906541905
13,P,20260918,1797,6,measure,15,stride_1,6144,1048576,190,3905777929202302033,1767767,11,11,12139835197465773650,12139835197465773650
13,P,20260918,1798,6,measure,16,stride_1,32768,1048576,1714,1405157960780644995,1687118,11,11,10598541984122395648,10598541984122395648
13,P,20260918,1799,6,measure,17,stride_17,98304,1048576,4953,1356652477350611559,1686571,11,11,5915839337178733099,5915839337178733099
13,P,20260918,1800,6,measure,18,stride_513,6144,1048576,273,1016753272470478284,1574658,11,11,6498767571919667200,6498767571919667200
13,P,20260918,1801,6,measure,19,stride_1,268435456,1048576,10923412,2546299182529972536,1995877,11,11,16384494709947614548,16384494709947614548
13,P,20260918,1802,6,measure,20,stride_513,134217728,1048576,8200761,12159998508915469902,12404251,11,11,6441993590692950019,6441993590692950019
13,P,20260918,1803,6,measure,21,pair_split_line,6291456,1048576,110055,7032956890346774111,7088430,11,11,15396665933873751161,15396665933873751161
13,P,20260918,1804,6,measure,22,stride_1,196608,1048576,1243,15431461997901825200,1571331,11,11,1287901959786019579,1287901959786019579
13,P,20260918,1805,6,measure,23,stride_17,201326592,1048576,8143199,114083655912162435,9669789,11,11,11191131159205949471,11191131159205949471
13,P,20260918,1806,6,measure,24,stride_4097,24576,1048576,1580,1095515111137954093,1703934,11,11,8967633725381771803,8967633725381771803
13,P,20260918,1807,6,measure,25,random,4096,1048576,141,14988652200437071692,1316413,11,11,10594182023138372510,10594182023138372510
13,P,20260918,1808,6,measure,26,stride_4097,12288,1048576,285,14395814826085769743,1615957,11,11,1553869432920269137,1553869432920269137
13,P,20260918,1809,6,measure,27,random,8192,1048576,381,8243848924614783533,1240609,11,11,8549787844799301295,8549787844799301295
13,P,20260918,1810,6,measure,28,stride_4097,134217728,1048576,14411789,14614897142248578681,7271555,11,11,10158138838461330494,10158138838461330494
13,P,20260918,1811,6,measure,29,pair_split_line,1048576,1048576,57424,11781639488762870374,3272772,11,11,2802924290285968171,2802924290285968171
13,P,20260918,1812,6,measure,30,pair_split_line,524288,1048576,5585,16472698401953393330,2704032,11,11,12551398218096940131,12551398218096940131
13,P,20260918,1813,6,measure,31,random,3145728,1048576,332241,17179349304742424722,3395838,11,11,1242243200121360350,1242243200121360350
13,P,20260918,1814,6,measure,32,stride_513,24576,1048576,1950,10129438467392388574,1431084,11,11,15675031744929201152,15675031744929201152
13,P,20260918,1815,6,measure,33,stride_1_bis,12582912,1048576,251180,3994605474352144759,1683414,11,11,13321985514530070330,13321985514530070330
13,P,20260918,1816,6,measure,34,stride_17,12582912,1048576,961443,12273939119634293190,4462604,11,11,16289276452908059402,16289276452908059402
13,P,20260918,1817,6,measure,35,pair_same_line,196608,1048576,16676,14020104117835072007,1812770,11,11,12824539487037438161,12824539487037438161
13,P,20260918,1818,6,measure,36,random,4194304,1048576,474556,9352729509494001870,2132604,11,11,14189446449535262966,14189446449535262966
13,P,20260918,1819,6,measure,37,stride_1,262144,1048576,721,3606691482225550334,1409146,11,11,3252759155835688704,3252759155835688704
13,P,20260918,1820,6,measure,38,stride_1,49152,1048576,4144,9475563452164544892,1408130,11,11,4407843936232849196,4407843936232849196
13,P,20260918,1821,6,measure,39,stride_1_double,3145728,2097152,32067,3957387848753948712,2847670,11,11,11290210408298028454,11290210408298028454
13,P,20260918,1822,6,measure,40,pair_split_line,4096,1048576,445,11030884427494980775,1890053,11,11,1773461839289042277,1773461839289042277
13,P,20260918,1823,6,measure,41,stride_1,4096,1048576,258,17217875621731437772,1380950,11,11,8154595385843253248,8154595385843253248
13,P,20260918,1824,6,measure,42,pair_same_line,786432,1048576,49036,16426713094035249534,1994261,11,11,5046656000038786710,5046656000038786710
13,P,20260918,1825,6,measure,43,stride_513,393216,1048576,8929,1071400049554195411,1457251,11,11,14847694413740558592,14847694413740558592
13,P,20260918,1826,6,measure,44,pair_same_line,268435456,1048576,16299358,6896894768610819415,18732822,11,11,13878169431701129801,13878169431701129801
13,P,20260918,1827,6,measure,45,random,33554432,1048576,944116,16531189151183209213,14325678,11,11,2465232693544345490,2465232693544345490
13,P,20260918,1828,6,measure,46,stride_1_double,6291456,2097152,263806,15278067971806962558,3729813,11,11,15207256727039002448,15207256727039002448
13,P,20260918,1829,6,measure,47,pair_same_line,131072,1048576,8568,540332300463287430,1949617,11,11,6458852982850405698,6458852982850405698
13,P,20260918,1830,6,measure,48,random,134217728,1048576,8811085,4740820426025352120,17775892,11,11,15231489152116931436,15231489152116931436
13,P,20260918,1831,6,measure,49,stride_1,65536,1048576,2701,12532746101478060842,1797685,11,11,16423878549329276288,16423878549329276288
13,P,20260918,1832,6,measure,50,random,786432,1048576,64587,2515845084443903640,1818206,11,11,137609187251461110,137609187251461110
13,P,20260918,1833,6,measure,51,stride_1_double,6144,2097152,500,6651223511809526201,3558869,11,11,3429033486108592072,3429033486108592072
13,P,20260918,1834,6,measure,52,stride_1,50331648,1048576,5607918,5085862229493900693,2050865,11,11,11795781752116187839,11795781752116187839
13,P,20260918,1835,6,measure,53,stride_17,6291456,1048576,372847,2966820591582102093,3620479,11,11,15896067817862234361,15896067817862234361
13,P,20260918,1836,6,measure,54,stride_17,786432,1048576,78488,10097929773022845600,1473135,11,11,11768772466174202539,11768772466174202539
13,P,20260918,1837,6,measure,55,pair_split_line,8388608,1048576,447247,1531965428924004437,7130891,11,11,7788795859530623583,7788795859530623583
13,P,20260918,1838,6,measure,56,stride_4097,1048576,1048576,120510,17281649469610663489,1462750,11,11,8797231230870489880,8797231230870489880
13,P,20260918,1839,6,measure,57,pair_same_line,4096,1048576,209,2883553170892066603,1634458,11,11,222776691294551092,222776691294551092
13,P,20260918,1840,6,measure,58,stride_17,393216,1048576,34237,15187253861443945093,1374969,11,11,7043864121623829716,7043864121623829716
13,P,20260918,1841,6,measure,59,stride_1_bis,6144,1048576,28,12959327872069472425,1385581,11,11,9467136453178611759,9467136453178611759
13,P,20260918,1842,6,measure,60,stride_1_bis,2097152,1048576,119904,17940393005296837047,1385765,11,11,14577075130308765988,14577075130308765988
13,P,20260918,1843,6,measure,61,stride_1,524288,1048576,33324,15739494065814989250,1381024,11,11,10061883979847375520,10061883979847375520
13,P,20260918,1844,6,measure,62,stride_1,3145728,1048576,355454,5544923588226053132,1435109,11,11,14867507060859025395,14867507060859025395
13,P,20260918,1845,6,measure,63,random,262144,1048576,26406,11736005078266660778,1170396,11,11,14668814050347420037,14668814050347420037
13,P,20260918,1846,6,measure,64,random,24576,1048576,2260,12928353288098649871,1115685,11,11,1632403575804409875,1632403575804409875
13,P,20260918,1847,6,measure,65,stride_17,50331648,1048576,4128313,11883504281052272262,8600285,11,11,13600666098202707549,13600666098202707549
13,P,20260918,1848,6,measure,66,stride_4097,49152,1048576,3860,16648187401297083414,1353996,11,11,2965777897319626161,2965777897319626161
13,P,20260918,1849,6,measure,67,stride_1_double,12582912,2097152,1228373,660756302574397516,3658331,11,11,9010793129313037731,9010793129313037731
13,P,20260918,1850,6,measure,68,stride_513,16777216,1048576,4727,1105309741100257909,7774429,11,11,113859732758748817,113859732758748817
13,P,20260918,1851,6,measure,69,pair_same_line,16384,1048576,396,3122251134327133759,1698543,11,11,18403940666093518617,18403940666093518617
13,P,20260918,1852,6,measure,70,stride_1,24576,1048576,1081,4142779242468190474,1385430,11,11,6439803359790124000,6439803359790124000
13,P,20260918,1853,6,measure,71,pair_same_line,4194304,1048576,388577,11239998735476464276,3565565,11,11,34137650023121465,34137650023121465
13,P,20260918,1854,6,measure,72,stride_4097,131072,1048576,12426,16221432615261349837,1450615,11,11,16921412609114818048,16921412609114818048
13,P,20260918,1855,6,measure,73,stride_17,24576,1048576,36,4714916225718838012,1385456,11,11,6832947390676173637,6832947390676173637
13,P,20260918,1856,6,measure,74,stride_1_bis,8192,1048576,867,2121008216878026019,1368370,11,11,116592947459441664,116592947459441664
13,P,20260918,1857,6,measure,75,stride_4097,6144,1048576,740,11113782486458230669,1354284,11,11,16655415777795771115,16655415777795771115
13,P,20260918,1858,6,measure,76,stride_1_double,524288,2097152,2516,17100885792226527681,2706822,11,11,1677023885985199424,1677023885985199424
13,P,20260918,1859,6,measure,77,pair_split_line,16777216,1048576,1955633,7590998799013442349,11252741,11,11,9763739398778752232,9763739398778752232
13,P,20260918,1860,6,measure,78,stride_1_bis,67108864,1048576,7763767,10561634563367507101,2060376,11,11,11247777685022251947,11247777685022251947
13,P,20260918,1861,6,measure,79,stride_1_double,32768,2097152,107,11464393564245283044,2711579,11,11,2750339894535239680,2750339894535239680
13,P,20260918,1862,6,measure,80,stride_513,98304,1048576,3886,643698620477281028,1439485,11,11,1589993245443464960,1589993245443464960
13,P,20260918,1863,6,measure,81,stride_1_bis,1572864,1048576,76748,8031757478062252316,1365356,11,11,1134322261955776200,1134322261955776200
13,P,20260918,1864,6,measure,82,pair_split_line,786432,1048576,5417,14312678117294828841,2610227,11,11,9096444545718247720,9096444545718247720
13,P,20260918,1865,6,measure,83,stride_1,4194304,1048576,235602,7476199408228895153,1432134,11,11,12406089252390561320,12406089252390561320
13,P,20260918,1866,6,measure,84,stride_1_bis,201326592,1048576,16735430,15668400697954825125,2216610,11,11,1263051331759472924,1263051331759472924
13,P,20260918,1867,6,measure,85,stride_1,134217728,1048576,4432385,11265782683779618118,2179163,11,11,12739544541407702745,12739544541407702745
13,P,20260918,1868,6,measure,86,stride_1_double,8192,2097152,28,12596793503279898632,2714840,11,11,233185894918883328,233185894918883328
13,P,20260918,1869,6,measure,87,stride_17,1048576,1048576,26989,11662104421211954876,1419585,11,11,8797231230870489880,8797231230870489880
13,P,20260918,1870,6,measure,88,stride_1_bis,100663296,1048576,6891771,678223056840652589,2049150,11,11,17502991202174442647,17502991202174442647
13,P,20260918,1871,6,measure,89,pair_split_line,12288,1048576,1297,3001507555045856184,1960197,11,11,13153217365530350769,13153217365530350769
13,P,20260918,1872,6,measure,90,stride_1,2097152,1048576,143886,10092663440019478388,1488167,11,11,14577075130308765988,14577075130308765988
13,P,20260918,1873,6,measure,91,random,131072,1048576,12245,6920357668437198386,1127741,11,11,10495841043511533937,10495841043511533937
13,P,20260918,1874,6,measure,92,stride_1_double,196608,2097152,21465,2062925359287076620,2708082,11,11,3032827131069747916,3032827131069747916
13,P,20260918,1875,6,measure,93,random,268435456,1048576,40475,3348632950469280346,17191232,11,11,13590099928790566609,13590099928790566609
13,P,20260918,1876,6,measure,94,stride_513,16384,1048576,988,2973799574971807504,1356637,11,11,9548053087369131008,9548053087369131008
13,P,20260918,1877,6,measure,95,random,524288,1048576,54419,4143988068398072542,1301008,11,11,12507097385802139839,12507097385802139839
13,P,20260918,1878,6,measure,96,pair_split_line,98304,1048576,9827,4103760518975200382,2235596,11,11,10164631725373785992,10164631725373785992
13,P,20260918,1879,6,measure,97,pair_split_line,67108864,1048576,2653028,17830797121414757834,21118597,11,11,123136281342253728,123136281342253728
13,P,20260918,1880,6,measure,98,stride_4097,786432,1048576,68728,7591761959933707805,1484195,11,11,15710704226523429069,15710704226523429069
13,P,20260918,1881,6,measure,99,stride_513,268435456,1048576,30093632,6624330443054417844,11666015,11,11,16837288260034700878,16837288260034700878
13,P,20260918,1882,6,measure,100,stride_513,786432,1048576,32803,17114996509069380527,1536510,11,11,16022285928360536512,16022285928360536512
13,P,20260918,1883,6,measure,101,stride_1_double,25165824,2097152,585784,9294797482884814855,4597647,11,11,11112993946398926277,11112993946398926277
13,P,20260918,1884,6,measure,102,stride_1,98304,1048576,1543,15765695014950279165,1364930,11,11,12832870584785368199,12832870584785368199
13,P,20260918,1885,6,measure,103,pair_split_line,201326592,1048576,15549858,17731453592411033206,21001891,11,11,856684197516548645,856684197516548645
13,P,20260918,1886,6,measure,104,stride_4097,201326592,1048576,14231617,17114115730694104227,8637169,11,11,4808725444002410072,4808725444002410072
13,P,20260918,1887,6,measure,105,pair_same_line,262144,1048576,28606,15406013617887290585,2343082,11,11,16423675579808449309,16423675579808449309
13,P,20260918,1888,6,measure,106,stride_513,8192,1048576,279,3705760264177831360,1656426,11,11,116592947459441664,116592947459441664
13,P,20260918,1889,6,measure,107,stride_513,67108864,1048576,3581709,208954640144850368,12597330,11,11,3258557688642274671,3258557688642274671
13,P,20260918,1890,6,measure,108,pair_same_line,1572864,1048576,76662,9229571174267859576,3750228,11,11,396232464340441578,396232464340441578
13,P,20260918,1891,6,measure,109,stride_1_double,12288,2097152,1200,2654507861648176427,3542672,11,11,15309756699043510345,15309756699043510345
13,P,20260918,1892,6,measure,110,stride_4097,1572864,1048576,148059,3800028053619209497,1744235,11,11,16032016406001616879,16032016406001616879
13,P,20260918,1893,6,measure,111,pair_same_line,6144,1048576,587,6883554090924855688,1929007,11,11,16237999957368104215,16237999957368104215
13,P,20260918,1894,6,measure,112,pair_split_line,393216,1048576,9976,15081967830589642501,2586672,11,11,5536636478438901612,5536636478438901612
13,P,20260918,1895,6,measure,113,pair_split_line,196608,1048576,20557,8841889889189438725,2381907,11,11,6676792409381719629,6676792409381719629
13,P,20260918,1896,6,measure,114,stride_1_bis,32768,1048576,1573,4602611377573589507,1411627,11,11,10598541984122395648,10598541984122395648
13,P,20260918,1897,6,measure,115,stride_1_double,8388608,2097152,193350,4386324250877270808,3521318,11,11,18159816849507569302,18159816849507569302
13,P,20260918,1898,6,measure,116,stride_1_double,49152,2097152,2792,17929478590559648886,2706125,11,11,537780372404101637,537780372404101637
13,P,20260918,1899,6,measure,117,stride_1,1572864,1048576,44818,8731481751179240522,1351620,11,11,17388871691890510628,17388871691890510628
13,P,20260918,1900,6,measure,118,pair_same_line,524288,1048576,26592,4957094329083070848,1931670,11,11,6809983628547502547,6809983628547502547
13,P,20260918,1901,6,measure,119,stride_1,16384,1048576,76,5332226117123201505,1355531,11,11,9548053087369131008,9548053087369131008
13,P,20260918,1902,6,measure,120,stride_513,4194304,1048576,359213,7442904966183383187,2428374,11,11,12406089252390561320,12406089252390561320
13,P,20260918,1903,6,measure,121,random,49152,1048576,280,17478581420572051614,1088816,11,11,6326355640692003142,6326355640692003142
13,P,20260918,1904,6,measure,122,pair_same_line,50331648,1048576,2512317,5373108541066573570,16260956,11,11,8256681527229204857,8256681527229204857
13,P,20260918,1905,6,measure,123,stride_17,4096,1048576,367,5322316887028746020,1357682,11,11,8154595385843253248,8154595385843253248
13,P,20260918,1906,6,measure,124,stride_513,100663296,1048576,8984839,10228990179233239604,12346039,11,11,11133551615418880016,11133551615418880016
13,P,20260918,1907,6,measure,125,stride_513,49152,1048576,1281,6933032424910763057,1567184,11,11,9764209366394647040,9764209366394647040
13,P,20260918,1908,6,measure,126,pair_split_line,32768,1048576,3462,8810691240280695965,2048788,11,11,14441182221561936214,14441182221561936214
13,P,20260918,1909,6,measure,127,stride_1_bis,262144,1048576,22903,6341094059603827862,1448198,11,11,3252759155835688704,3252759155835688704
13,P,20260918,1910,6,measure,128,stride_1_double,24576,2097152,761,3075392120890074406,2783733,11,11,12750225029076395796,12750225029076395796
13,P,20260918,1911,6,measure,129,stride_1_double,16777216,2097152,990047,10189645254036710687,3695021,11,11,12841062978479921428,12841062978479921428
13,P,20260918,1912,6,measure,130,stride_4097,524288,1048576,9317,3669209449713511721,1455130,11,11,10061883979847375520,10061883979847375520
13,P,20260918,1913,6,measure,131,pair_same_line,65536,1048576,2719,13276218539424927091,1772293,11,11,5237277203983523947,5237277203983523947
13,P,20260918,1914,6,measure,132,stride_4097,196608,1048576,13818,3854741220296408107,1431470,11,11,13599348870549683507,13599348870549683507
13,P,20260918,1915,6,measure,133,stride_513,1572864,1048576,6562,4779303851669747849,1712147,11,11,16747479167117318944,16747479167117318944
13,P,20260918,1916,6,measure,134,stride_4097,2097152,1048576,242780,1748975319862115825,1577625,11,11,14577075130308765988,14577075130308765988
13,P,20260918,1917,6,measure,135,pair_split_line,16384,1048576,1133,16437040394439532512,1947405,11,11,15659579302702968686,15659579302702968686
13,P,20260918,1918,6,measure,136,stride_1,16777216,1048576,735017,11311639743710449976,2072654,11,11,115795635741610287,115795635741610287
13,P,20260918,1919,6,measure,137,stride_1_double,4096,2097152,267,3964002251912622544,2781637,11,11,16309190771686506496,16309190771686506496
13,P,20260918,1920,6,measure,138,stride_4097,8192,1048576,601,4490609033409403095,1425780,11,11,116592947459441664,116592947459441664
13,P,20260918,1921,6,measure,139,stride_4097,33554432,1048576,1824639,774863097527882460,6928203,11,11,11285665577367032356,11285665577367032356
13,P,20260918,1922,6,measure,140,stride_4097,6291456,1048576,208211,3977350468152253893,2589741,11,11,727954897833249721,727954897833249721
13,P,20260918,1923,6,measure,141,stride_4097,100663296,1048576,9779598,18213758681952617361,8540011,11,11,17876769297900107854,17876769297900107854
13,P,20260918,1924,6,measure,142,stride_1,131072,1048576,15655,13453520400871015552,1358676,11,11,16921412609114818048,16921412609114818048
13,P,20260918,1925,6,measure,143,pair_same_line,12582912,1048576,1442218,15943511508828320554,13460376,11,11,13525080985752624193,13525080985752624193
13,P,20260918,1926,6,measure,144,stride_1,12288,1048576,1451,2545309962732596268,1353560,11,11,9189288488659196155,9189288488659196155
13,P,20260918,1927,6,measure,145,random,65536,1048576,2454,6072245789867094934,1124997,11,11,13000640387419166884,13000640387419166884
13,P,20260918,1928,6,measure,146,stride_1_bis,4194304,1048576,166984,6959802380212868380,1958385,11,11,12406089252390561320,12406089252390561320
13,P,20260918,1929,6,measure,147,stride_513,32768,1048576,3780,12352310664809826886,1355434,11,11,10598541984122395648,10598541984122395648
13,P,20260918,1930,6,measure,148,stride_1_double,16384,2097152,1647,14617608370995443606,2711741,11,11,649362101028710400,649362101028710400
13,P,20260918,1931,6,measure,149,pair_split_line,6144,1048576,239,2392063585235239347,1922398,11,11,5581105694448153906,5581105694448153906
13,P,20260918,1932,6,measure,150,stride_4097,8388608,1048576,571332,11467121136194197979,2773636,11,11,18303280461608560459,18303280461608560459
13,P,20260918,1933,6,measure,151,stride_1_bis,25165824,1048576,2101335,11882121689042431325,1773976,11,11,5358889736385505691,5358889736385505691
13,P,20260918,1934,6,measure,152,stride_1,1048576,1048576,83708,12643798619382392823,1370187,11,11,8797231230870489880,8797231230870489880
13,P,20260918,1935,6,measure,153,stride_513,25165824,1048576,3079282,16482871742639320227,8906902,11,11,3223166402984098452,3223166402984098452
13,P,20260918,1936,6,measure,154,stride_17,3145728,1048576,382067,16597434316600741248,2988549,11,11,5773581428691700115,5773581428691700115
13,P,20260918,1937,6,measure,155,stride_17,67108864,1048576,2752591,18243073486659920060,8392825,11,11,4629314541054692235,4629314541054692235
13,P,20260918,1938,6,measure,156,pair_split_line,134217728,1048576,1739373,9555490416860545563,20868266,11,11,15862415732617403381,15862415732617403381
13,P,20260918,1939,6,measure,157,stride_513,50331648,1048576,3538594,155795788456058050,12028094,11,11,14655164775063829950,14655164775063829950
13,P,20260918,1940,6,measure,158,stride_1_double,65536,2097152,4855,14979552403336471750,3761028,11,11,14401013024949000960,14401013024949000960
13,P,20260918,1941,6,measure,159,stride_4097,4194304,1048576,232561,11010173132142183875,2556219,11,11,12406089252390561320,12406089252390561320
13,P,20260918,1942,6,measure,160,stride_1,6291456,1048576,468246,3167768780211945852,1921927,11,11,9822998336126985857,9822998336126985857
13,P,20260918,1943,6,measure,161,pair_same_line,134217728,1048576,15538378,10771698664840489407,18886045,11,11,16565048962915284683,16565048962915284683
13,P,20260918,1944,6,measure,162,stride_513,4096,1048576,227,6855843325504931529,1993188,11,11,8154595385843253248,8154595385843253248
13,P,20260918,1945,6,measure,163,pair_same_line,98304,1048576,8323,8522662651739681116,2430803,11,11,13419495874623761092,13419495874623761092
13,P,20260918,1946,6,measure,164,stride_1_double,268435456,2097152,7377019,7121485554087023739,4070573,11,11,1482253206325559190,1482253206325559190
13,P,20260918,1947,6,measure,165,stride_17,2097152,1048576,45087,338718811072329925,2039232,11,11,14577075130308765988,14577075130308765988
13,P,20260918,1948,6,measure,166,pair_split_line,1572864,1048576,15211,8302057759652967184,3109441,11,11,6709092373435286872,6709092373435286872
13,P,20260918,1949,6,measure,167,stride_1_bis,33554432,1048576,3918148,9575245242257853943,1850011,11,11,4239571069150573998,4239571069150573998
13,P,20260918,1950,6,measure,168,stride_1_bis,50331648,1048576,4871261,9044369881439484003,1804830,11,11,8936225310352196796,8936225310352196796
13,P,20260918,1951,6,measure,169,stride_17,49152,1048576,4918,12404500473339670063,1411956,11,11,8340945394391872518,8340945394391872518
13,P,20260918,1952,6,measure,170,stride_1,8388608,1048576,875179,7891648059324723508,1832708,11,11,18303280461608560459,18303280461608560459
13,P,20260918,1953,6,measure,171,stride_17,4194304,1048576,184961,7472492324333418670,4119981,11,11,12406089252390561320,12406089252390561320
13,P,20260918,1954,6,measure,172,stride_17,16777216,1048576,705578,8636247645948762607,6565339,11,11,16452419973046176257,16452419973046176257
13,P,20260918,1955,6,measure,173,pair_split_line,131072,1048576,10138,544236348988555988,2300089,11,11,7295545097546073556,7295545097546073556
13,P,20260918,1956,6,measure,174,stride_1_bis,134217728,1048576,11310951,7030237789442619224,1557847,11,11,17316616047274680477,17316616047274680477
13,P,20260918,1957,6,measure,175,stride_513,131072,1048576,7481,15176433255169071123,1418340,11,11,16921412609114818048,16921412609114818048
13,P,20260918,1958,6,measure,176,stride_4097,16384,1048576,893,7438157534509182873,1352503,11,11,9548053087369131008,9548053087369131008
13,P,20260918,1959,6,measure,177,stride_1_bis,524288,1048576,16556,13178802639823766221,1375939,11,11,10061883979847375520,10061883979847375520
13,P,20260918,1960,6,measure,178,random,50331648,1048576,4040396,7686479432822791015,14833254,11,11,3732416742732104438,3732416742732104438
13,P,20260918,1961,6,measure,179,stride_1_double,131072,2097152,1517,2653336002780126610,2881793,11,11,15396081144520084480,15396081144520084480
13,P,20260918,1962,6,measure,180,pair_split_line,24576,1048576,2616,15614475825081984775,1938547,11,11,10595610560649203066,10595610560649203066
13,P,20260918,1963,6,measure,181,stride_1,67108864,1048576,4306723,13728058716066461629,1882359,11,11,10347644873385841965,10347644873385841965
13,P,20260918,1964,6,measure,182,stride_513,262144,1048576,10461,10226892336234335209,1396741,11,11,3252759155835688704,3252759155835688704
13,P,20260918,1965,6,measure,183,pair_same_line,393216,1048576,42379,11543457034737576637,1878815,11,11,9242850414500299981,9242850414500299981
13,P,20260918,1966,6,measure,184,stride_1,25165824,1048576,2673571,15155460615442374047,1938189,11,11,6584163670569327424,6584163670569327424
13,P,20260918,1967,6,measure,185,pair_same_line,67108864,1048576,5065012,815087655086209631,16795492,11,11,15493966945562813901,15493966945562813901
13,P,20260918,1968,6,measure,186,stride_1_bis,24576,1048576,864,12349288561028700552,1412734,11,11,17460836708343601228,17460836708343601228
13,P,20260918,1969,6,measure,187,stride_513,3145728,1048576,24577,17099186303840688713,2079771,11,11,4696861105486946824,4696861105486946824
13,P,20260918,1970,6,measure,188,pair_split_line,25165824,1048576,2552241,5852646980147703279,17550407,11,11,6548894853076918983,6548894853076918983
13,P,20260918,1971,6,measure,189,stride_17,131072,1048576,13717,12778547446838695303,1669487,11,11,16921412609114818048,16921412609114818048
13,P,20260918,1972,6,measure,190,stride_1_bis,16384,1048576,341,7958700650127083522,1642260,11,11,9548053087369131008,9548053087369131008
13,P,20260918,1973,6,measure,191,stride_513,1048576,1048576,110364,15478674891777176183,1814171,11,11,8797231230870489880,8797231230870489880
13,P,20260918,1974,6,measure,192,random,12582912,1048576,1374817,5613343883660676039,9888016,11,11,9648395179595096003,9648395179595096003
13,P,20260918,1975,6,measure,193,random,6144,1048576,708,8362679339138709858,1364404,11,11,6636843587057704350,6636843587057704350
13,P,20260918,1976,6,measure,194,stride_17,262144,1048576,17727,6813476254533642679,1661147,11,11,3252759155835688704,3252759155835688704
13,P,20260918,1977,6,measure,195,stride_4097,393216,1048576,2384,13766761206248137252,1608878,11,11,10134560401087453796,10134560401087453796
13,P,20260918,1978,6,measure,196,stride_1_double,786432,2097152,78524,5240736130908063391,3028890,11,11,1930242461591429909,1930242461591429909
13,P,20260918,1979,6,measure,197,random,12288,1048576,617,1720060581264517037,1174426,11,11,7437217459083773242,7437217459083773242
13,P,20260918,1980,6,measure,198,stride_17,32768,1048576,2821,9209607671344333862,1413476,11,11,10598541984122395648,10598541984122395648
13,P,20260918,1981,6,measure,199,random,16777216,1048576,1500859,3185250479512758303,11549557,11,11,12163881984665020347,12163881984665020347
13,P,20260918,1982,6,measure,200,stride_1_bis,65536,1048576,4542,16140889972359253450,1595878,11,11,16423878549329276288,16423878549329276288
13,P,20260918,1983,6,measure,201,stride_513,12582912,1048576,1178459,5616929516747818822,6706669,11,11,446194662936398502,446194662936398502
13,P,20260918,1984,6,measure,202,stride_1_double,98304,2097152,7710,14071804157479865161,3155020,11,11,9522594901711174474,9522594901711174474
13,P,20260918,1985,6,measure,203,pair_same_line,3145728,1048576,341360,8449252253527321239,3046631,11,11,9180027888896293356,9180027888896293356
13,P,20260918,1986,6,measure,204,stride_1,393216,1048576,3555,15410782620908441622,1433336,11,11,5630146555639783541,5630146555639783541
13,P,20260918,1987,6,measure,205,stride_1_double,1572864,2097152,98357,13456102759104238652,2756109,11,11,10689052443416214003,10689052443416214003
13,P,20260918,1988,6,measure,206,pair_same_line,32768,1048576,1555,989019098645111403,1684231,11,11,12138865125200683112,12138865125200683112
13,P,20260918,1989,6,measure,207,pair_same_line,16777216,1048576,573475,4766918018631080783,12184902,11,11,18173793496261861589,18173793496261861589
13,P,20260918,1990,6,measure,208,stride_17,8192,1048576,439,7999944549198739750,1422929,11,11,116592947459441664,116592947459441664
13,P,20260918,1991,6,measure,209,stride_1_bis,8388608,1048576,1008230,4211606098198768320,2030833,11,11,18303280461608560459,18303280461608560459
13,P,20260918,1992,6,measure,210,pair_same_line,100663296,1048576,9221863,11059459291464834378,17883636,11,11,2639788726234736824,2639788726234736824
13,P,20260918,1993,6,measure,211,random,98304,1048576,543,1785615991614112810,1363479,11,11,6472305100567956596,6472305100567956596
13,P,20260918,1994,6,measure,212,stride_513,33554432,1048576,2419140,14248865413312227855,10427293,11,11,7001942995698115224,7001942995698115224
13,P,20260918,1995,6,measure,213,random,25165824,1048576,184341,2630915744413082271,13156891,11,11,6299609014604542180,6299609014604542180
13,P,20260918,1996,6,measure,214,stride_17,65536,1048576,4790,10489778658566785640,2088949,11,11,16423878549329276288,16423878549329276288
13,P,20260918,1997,6,measure,215,stride_4097,268435456,1048576,9995059,12716435277670280620,8920294,11,11,11634389447182618629,11634389447182618629
13,P,20260918,1998,6,measure,216,stride_1,8192,1048576,19,629760721314858345,2117007,11,11,116592947459441664,116592947459441664
13,P,20260918,1999,6,measure,217,pair_same_line,12288,1048576,764,15951344474124945042,2279655,11,11,903522015411507914,903522015411507914
13,P,20260918,2000,6,measure,218,stride_4097,25165824,1048576,2101203,13425741080531514398,9566171,11,11,3754242689346707204,3754242689346707204
13,P,20260918,2001,6,measure,219,pair_same_line,24576,1048576,1553,8576550412980724466,2749202,11,11,8555672299567695311,8555672299567695311
13,P,20260918,2002,6,measure,220,pair_same_line,25165824,1048576,863871,13698721532235059973,15885194,11,11,11496388350528807203,11496388350528807203
13,P,20260918,2003,6,measure,221,random,8388608,1048576,517463,13544989575800821572,10602928,11,11,12184574567948218666,12184574567948218666
13,P,20260918,2004,6,measure,222,stride_1_bis,196608,1048576,10002,8922757023162637094,2117878,11,11,3743236389879657294,3743236389879657294
13,P,20260918,2005,6,measure,223,stride_17,134217728,1048576,4545056,7726616851923319371,10068699,11,11,12811006994976755149,12811006994976755149
13,P,20260918,2006,6,measure,224,stride_4097,3145728,1048576,247405,2416538402698381452,2948715,11,11,17233305207238777029,17233305207238777029
13,P,20260918,2007,6,measure,225,stride_4097,67108864,1048576,3852692,15118851498984691922,8855757,11,11,1277396693560618831,1277396693560618831
13,P,20260918,2008,6,measure,226,stride_4097,4096,1048576,289,16844172005275601028,2570239,11,11,8154595385843253248,8154595385843253248
13,P,20260918,2009,6,measure,227,stride_1_double,262144,2097152,25872,2596146008788247886,3751383,11,11,6505518311671377408,6505518311671377408
13,P,20260918,2010,6,measure,228,stride_17,196608,1048576,22372,4278086569229959343,1696217,11,11,1728339549036932355,1728339549036932355
13,P,20260918,2011,6,measure,229,stride_17,8388608,1048576,103353,9288301506497428732,4956774,11,11,18303280461608560459,18303280461608560459
13,P,20260918,2012,6,measure,230,random,1048576,1048576,29967,2713503018873597108,1495428,11,11,12371032561740003153,12371032561740003153
13,P,20260918,2013,6,measure,231,pair_split_line,100663296,1048576,10676383,5383706712584992039,27598753,11,11,7182924205902109771,7182924205902109771
13,P,20260918,2014,6,measure,232,stride_4097,65536,1048576,2474,10131923280489262956,2594105,11,11,16423878549329276288,16423878549329276288
13,P,20260918,2015,6,measure,233,pair_split_line,262144,1048576,28594,15427887996122785715,3026144,11,11,13961133003546007351,13961133003546007351
13,P,20260918,2016,6,measure,234,pair_split_line,49152,1048576,340,8354183296529684068,2359311,11,11,14398996969939518192,14398996969939518192
13,P,20260918,2017,6,measure,235,pair_split_line,8192,1048576,607,2647825512830555797,2364646,11,11,10438442068959187159,10438442068959187159
13,P,20260918,2018,6,measure,236,stride_17,1572864,1048576,178699,13064623338698655581,1935121,11,11,2321948866841165211,2321948866841165211
13,P,20260918,2019,6,measure,237,stride_1,100663296,1048576,6889720,14131456249247068132,1962189,11,11,9046838659334084631,9046838659334084631
13,P,20260918,2020,6,measure,238,stride_17,16384,1048576,1463,16020702615126413213,1694828,11,11,9548053087369131008,9548053087369131008
13,P,20260918,2021,6,measure,239,stride_513,524288,1048576,14192,9025278107377379407,1856859,11,11,10061883979847375520,10061883979847375520
13,P,20260918,2022,6,measure,240,pair_split_line,268435456,1048576,12567292,6487181043743763675,27926995,11,11,286450694880608883,286450694880608883
13,P,20260918,2023,6,measure,241,stride_4097,12582912,1048576,1373043,13403156623491351806,8224922,11,11,18270738431242344505,18270738431242344505
13,P,20260918,2024,6,measure,242,stride_1_bis,268435456,1048576,5643134,12561669780851074380,2717018,11,11,4892421542811423156,4892421542811423156
13,P,20260918,2025,6,measure,243,stride_1_bis,49152,1048576,1095,3659867544076342927,1695324,11,11,15240666930828777083,15240666930828777083
13,P,20260918,2026,6,measure,244,stride_1,33554432,1048576,1384517,803493535016543227,2067467,11,11,4622317965701736786,4622317965701736786
13,P,20260918,2027,6,measure,245,stride_1_bis,4096,1048576,129,1776311705278033503,1693932,11,11,8154595385843253248,8154595385843253248
13,P,20260918,2028,6,measure,246,stride_1_double,100663296,2097152,1638884,6342984530730765929,4763315,11,11,2448143619798961025,2448143619798961025
13,P,20260918,2029,6,measure,247,pair_same_line,201326592,1048576,8164989,14443780946591635462,20730119,11,11,12722442716615996826,12722442716615996826
13,P,20260918,2030,6,measure,248,stride_17,25165824,1048576,861405,15700552673019761910,8347760,11,11,7800176143327738783,7800176143327738783
13,P,20260918,2031,6,measure,249,stride_1,12582912,1048576,1558519,15929839049679606157,2715197,11,11,11490823777260435282,11490823777260435282
13,P,20260918,2032,6,measure,250,random,393216,1048576,42960,3997008638583254158,1597216,11,11,14201233342415808427,14201233342415808427
13,P,20260918,2033,6,measure,251,stride_513,8388608,1048576,421534,11924873315866308460,3487645,11,11,18303280461608560459,18303280461608560459
13,P,20260918,2034,6,measure,252,random,67108864,1048576,1211470,6161815856116939569,16627560,11,11,13789159581106373793,13789159581106373793
13,P,20260918,2035,6,measure,253,stride_1_double,134217728,2097152,9848742,13278784915080092279,4641241,11,11,6601551883914919351,6601551883914919351
13,P,20260918,2036,6,measure,254,pair_same_line,1048576,1048576,128233,9556149647386882058,3291500,11,11,1366572006204350034,1366572006204350034
13,P,20260918,2037,6,measure,255,stride_1_bis,3145728,1048576,307391,2797705141978417871,2170666,11,11,5901588556933989803,5901588556933989803
13,P,20260918,2038,6,measure,256,stride_513,2097152,1048576,23302,5418768319684798753,1777629,11,11,14577075130308765988,14577075130308765988
13,P,20260918,2039,6,measure,257,stride_1_bis,786432,1048576,33992,6695839647458616190,1692437,11,11,8747079401767075571,8747079401767075571
13,P,20260918,2040,6,measure,258,stride_1_double,201326592,2097152,4753990,416376434496148001,4840407,11,11,13534212012914865418,13534212012914865418
13,P,20260918,2041,6,measure,259,pair_split_line,12582912,1048576,49314,5758796013884160547,10554203,11,11,12835539997502709009,12835539997502709009
13,P,20260918,2042,6,measure,260,stride_1_bis,6291456,1048576,738097,2709160180969332370,1534960,11,11,1398795608818693408,1398795608818693408
13,P,20260918,2043,6,measure,261,pair_split_line,50331648,1048576,5280863,18066695811864883040,17368498,11,11,12062119582728511779,12062119582728511779
13,P,20260918,2044,6,measure,262,stride_4097,262144,1048576,5823,15584071916619875285,1803896,11,11,3252759155835688704,3252759155835688704
13,P,20260918,2045,6,measure,263,stride_513,196608,1048576,98,2362892531022337254,1932178,11,11,8126674812445135616,8126674812445135616
13,P,20260918,2046,6,measure,264,stride_1_bis,12288,1048576,1354,3285715135122042877,1677031,11,11,18092213219356802065,18092213219356802065
13,P,20260918,2047,6,measure,265,pair_split_line,3145728,1048576,316156,3841313412434175726,4034104,11,11,9217318275784069168,9217318275784069168
13,P,20260918,2048,6,measure,266,stride_4097,50331648,1048576,1279354,9307352057023766524,7988294,11,11,17299944533399988917,17299944533399988917
13,P,20260918,2049,6,measure,267,stride_513,65536,1048576,1361,15212191928930823732,1613063,11,11,16423878549329276288,16423878549329276288
13,P,20260918,2050,6,measure,268,random,32768,1048576,1755,15275357567451118705,1219515,11,11,12318991276951972750,12318991276951972750
13,P,20260918,2051,6,measure,269,stride_17,524288,1048576,16806,7165787025664432124,1530779,11,11,10061883979847375520,10061883979847375520
13,P,20260918,2052,6,measure,270,stride_1,786432,1048576,55075,6213699774711497426,1454996,11,11,7155774570883238839,7155774570883238839
13,P,20260918,2053,6,measure,271,pair_same_line,8192,1048576,519,15442952277077257375,1695168,11,11,16331511599808413380,16331511599808413380
13,P,20260918,2054,6,measure,272,pair_same_line,2097152,1048576,122506,12684212585272812552,3488417,11,11,6351187001796967280,6351187001796967280
13,P,20260918,2055,6,measure,273,random,1572864,1048576,120423,8090807198128871916,1479360,11,11,2744871824475769555,2744871824475769555
13,P,20260918,2056,6,measure,274,pair_split_line,2097152,1048576,207741,8914505200587632424,3787074,11,11,15693630888519507280,15693630888519507280
13,P,20260918,2057,6,measure,275,stride_17,268435456,1048576,20688533,9271143146588116515,8940072,11,11,11947436232211852312,11947436232211852312
13,P,20260918,2058,6,measure,276,stride_1_double,50331648,2097152,2639381,1740533349957983140,3334312,11,11,3258478943805876761,3258478943805876761
13,P,20260918,2059,6,measure,277,stride_1_double,4194304,2097152,125425,9903203374426045992,3728624,11,11,6365434431071571024,6365434431071571024
13,P,20260918,2060,6,measure,278,random,100663296,1048576,10451346,10885408575866168340,16150584,11,11,9489711383152827839,9489711383152827839
13,P,20260918,2061,6,measure,279,stride_17,12288,1048576,181,3680874571428090977,1590140,11,11,5284653879581160081,5284653879581160081
13,P,20260918,2062,6,measure,280,stride_1_double,67108864,2097152,7456773,7403928561569890829,3808372,11,11,8513052919670609355,8513052919670609355
13,P,20260918,2063,6,measure,281,pair_split_line,65536,1048576,5194,7542311167852562735,2021011,11,11,14818034413868813080,14818034413868813080
13,P,20260918,2064,6,measure,282,stride_513,201326592,1048576,317580,15289981146285386668,12549037,11,11,779180723840845065,779180723840845065
13,P,20260918,2065,6,measure,283,stride_1_bis,16777216,1048576,1253024,5344419756418754911,1877155,11,11,11340641786458919004,11340641786458919004
13,P,20260918,2066,6,measure,284,stride_1_bis,98304,1048576,10843,10484963306155000455,1525560,11,11,11075606324872365067,11075606324872365067
13,P,20260918,2067,6,measure,285,stride_4097,16777216,1048576,1663932,13324493329784670017,6928077,11,11,17635282745532850103,17635282745532850103
13,P,20260918,2068,6,measure,286,stride_1_double,1048576,2097152,66669,13172480195689165741,3137838,11,11,17594462461740979760,17594462461740979760
13,P,20260918,2069,6,measure,287,stride_513,12288,1048576,362,1000416524046440211,1469258,11,11,9502424420678940672,9502424420678940672
13,P,20260918,2070,6,measure,288,random,16384,1048576,786,3038786340709535999,1133144,11,11,17374212852240847157,17374212852240847157
13,P,20260918,2071,6,measure,289,stride_4097,32768,1048576,731,9069087923543187722,1404469,11,11,10598541984122395648,10598541984122395648
13,P,20260918,2072,6,measure,290,stride_17,6144,1048576,445,16697327398986711396,1352286,11,11,4949355926445257396,4949355926445257396
13,P,20260918,2073,6,measure,291,stride_513,6291456,1048576,171619,7251875329159044808,2768613,11,11,2091461971855407884,2091461971855407884
13,P,20260918,2074,6,measure,292,stride_1_double,33554432,2097152,2209481,1658707854265103523,3589662,11,11,12546627865713759539,12546627865713759539
13,P,20260918,2075,6,measure,293,pair_split_line,33554432,1048576,2469315,14634417057705946900,21283998,11,11,6431042554128950701,6431042554128950701
13,P,20260918,2076,6,measure,294,pair_split_line,4194304,1048576,147303,2862127398089746904,6818037,11,11,14547521495601308389,14547521495601308389
13,P,20260918,2077,6,measure,295,stride_17,100663296,1048576,8060139,8064282554238160067,9181896,11,11,14073356952936131541,14073356952936131541
13,P,20260918,2078,6,measure,296,pair_same_line,33554432,1048576,3040329,13898405626801457102,15504029,11,11,10715363735000029395,10715363735000029395
13,P,20260918,2079,7,measure,0,pair_same_line,8388608,1048576,270007,8624809713081066677,11686272,11,11,12323197805210710278,12323197805210710278
13,P,20260918,2080,7,measure,1,pair_split_line,98304,1048576,9597,11280226818376369272,3142443,11,11,10912682512986897528,10912682512986897528
13,P,20260918,2081,7,measure,2,random,1048576,1048576,78710,18028187956369601254,1643156,11,11,12643928592674647685,12643928592674647685
13,P,20260918,2082,7,measure,3,random,32768,1048576,4050,15786232324144601679,1394946,11,11,7012610075568486532,7012610075568486532
13,P,20260918,2083,7,measure,4,stride_513,16384,1048576,1407,3733289968118946651,1711160,11,11,9548053087369131008,9548053087369131008
13,P,20260918,2084,7,measure,5,stride_513,4096,1048576,41,14267552600350840625,1689864,11,11,8154595385843253248,8154595385843253248
13,P,20260918,2085,7,measure,6,stride_1,12582912,1048576,426062,15252118854268487777,2273513,11,11,7904768980014264493,7904768980014264493
13,P,20260918,2086,7,measure,7,stride_4097,1048576,1048576,81442,9948940227234864306,1665670,11,11,8797231230870489880,8797231230870489880
13,P,20260918,2087,7,measure,8,pair_split_line,6144,1048576,339,16223047732413336480,2084514,11,11,5216631920815725051,5216631920815725051
13,P,20260918,2088,7,measure,9,stride_17,16777216,1048576,993679,18044184925458765803,4835634,11,11,2886567687492765349,2886567687492765349
13,P,20260918,2089,7,measure,10,stride_17,32768,1048576,1545,7240883241714453315,1458873,11,11,10598541984122395648,10598541984122395648
13,P,20260918,2090,7,measure,11,pair_same_line,524288,1048576,35386,1447418810447049630,2062120,11,11,1900658074787003728,1900658074787003728
13,P,20260918,2091,7,measure,12,random,8192,1048576,73,15781127282593561341,1120938,11,11,13426754459425465106,13426754459425465106
13,P,20260918,2092,7,measure,13,random,6291456,1048576,688050,15631498457701916986,5799185,11,11,16114897287508987364,16114897287508987364
13,P,20260918,2093,7,measure,14,stride_1,196608,1048576,4294,17445801144027461027,1353704,11,11,1570890304330180758,1570890304330180758
13,P,20260918,2094,7,measure,15,pair_split_line,32768,1048576,268,13694040192921556859,1970638,11,11,5744412562548723790,5744412562548723790
13,P,20260918,2095,7,measure,16,pair_split_line,8192,1048576,6,13656783177399991775,1959438,11,11,5996923946050131260,5996923946050131260
13,P,20260918,2096,7,measure,17,stride_513,67108864,1048576,8121235,4613412215672806405,11456295,11,11,14887560170580739705,14887560170580739705
13,P,20260918,2097,7,measure,18,stride_17,786432,1048576,49608,7476668443015537677,1516952,11,11,9126970324166517864,9126970324166517864
13,P,20260918,2098,7,measure,19,random,262144,1048576,20788,2170648025139875107,1155668,11,11,7946752746580089344,7946752746580089344
13,P,20260918,2099,7,measure,20,stride_1_double,524288,2097152,23871,8068740530979830320,2710388,11,11,1677023885985199424,1677023885985199424
13,P,20260918,2100,7,measure,21,stride_4097,6144,1048576,451,9464383437231092443,1359883,11,11,14066685106068582702,14066685106068582702
13,P,20260918,2101,7,measure,22,stride_17,3145728,1048576,348437,2572369361514772444,2582105,11,11,14917526186598549352,14917526186598549352
13,P,20260918,2102,7,measure,23,stride_17,268435456,1048576,2867317,5062239151007513296,8776797,11,11,14219990244001805645,14219990244001805645
13,P,20260918,2103,7,measure,24,pair_same_line,65536,1048576,4132,5922282341397142586,1776093,11,11,7366553696889626177,7366553696889626177
13,P,20260918,2104,7,measure,25,stride_4097,65536,1048576,7692,728951982032182975,1457512,11,11,16423878549329276288,16423878549329276288
13,P,20260918,2105,7,measure,26,stride_1_bis,4096,1048576,147,13058210686970025895,1368999,11,11,8154595385843253248,8154595385843253248
13,P,20260918,2106,7,measure,27,stride_17,131072,1048576,753,1152244346429121157,1378763,11,11,16921412609114818048,16921412609114818048
13,P,20260918,2107,7,measure,28,stride_1_bis,8192,1048576,571,9827654433078809987,1356658,11,11,116592947459441664,116592947459441664
13,P,20260918,2108,7,measure,29,stride_1_double,49152,2097152,5105,15399052963852316063,2707106,11,11,10735836442205805130,10735836442205805130
13,P,20260918,2109,7,measure,30,pair_split_line,134217728,1048576,10819346,11246200692501265475,25228084,11,11,12690227004444615696,12690227004444615696
13,P,20260918,2110,7,measure,31,stride_513,1572864,1048576,62512,2742808814617409524,2124553,11,11,16747479167117318944,16747479167117318944
13,P,20260918,2111,7,measure,32,random,2097152,1048576,20836,17705397644699539673,2075523,11,11,15919076583803822569,15919076583803822569
13,P,20260918,2112,7,measure,33,stride_4097,268435456,1048576,17675499,9302958169491114937,7995696,11,11,8232854726819566314,8232854726819566314
13,P,20260918,2113,7,measure,34,stride_1,201326592,1048576,17467659,5760255760305708596,1875288,11,11,6709740924078687241,6709740924078687241
13,P,20260918,2114,7,measure,35,stride_513,8192,1048576,884,15803371693554087255,1591268,11,11,116592947459441664,116592947459441664
13,P,20260918,2115,7,measure,36,stride_1_bis,6144,1048576,738,11378228114933439927,1536393,11,11,16587698706827654628,16587698706827654628
13,P,20260918,2116,7,measure,37,stride_1,1048576,1048576,31293,11091311483251348271,1609905,11,11,8797231230870489880,8797231230870489880
13,P,20260918,2117,7,measure,38,stride_17,134217728,1048576,6936150,11329104925271807531,8934760,11,11,9178085149805618065,9178085149805618065
13,P,20260918,2118,7,measure,39,pair_split_line,1572864,1048576,158805,18166098091225314231,3375610,11,11,15075378480352794221,15075378480352794221
13,P,20260918,2119,7,measure,40,stride_4097,2097152,1048576,156214,3998203940442038615,1743876,11,11,14577075130308765988,14577075130308765988
13,P,20260918,2120,7,measure,41,stride_513,33554432,1048576,779602,6607025695083529779,12162829,11,11,5461006216290255806,5461006216290255806
13,P,20260918,2121,7,measure,42,pair_same_line,196608,1048576,3582,5195695260616775815,2346257,11,11,11408222194683843271,11408222194683843271
13,P,20260918,2122,7,measure,43,stride_1_bis,786432,1048576,26641,9674464489435102042,1753421,11,11,18114072967048357159,18114072967048357159
13,P,20260918,2123,7,measure,44,stride_513,100663296,1048576,5485248,1498651730547541042,13336569,11,11,210056254719534639,210056254719534639
13,P,20260918,2124,7,measure,45,stride_513,201326592,1048576,13962302,13668382590260613977,16287443,11,11,12092358116904634865,12092358116904634865
13,P,20260918,2125,7,measure,46,stride_4097,25165824,1048576,2111835,13410335695272687333,10162522,11,11,4068931022082283496,4068931022082283496
13,P,20260918,2126,7,measure,47,stride_17,25165824,1048576,6289,13258544098441296543,8961360,11,11,1865686744467280509,1865686744467280509
13,P,20260918,2127,7,measure,48,stride_1_bis,1048576,1048576,106311,15712719897975617244,2256951,11,11,8797231230870489880,8797231230870489880
13,P,20260918,2128,7,measure,49,random,33554432,1048576,1745164,3721003022844548147,16784730,11,11,2492391910916609220,2492391910916609220
13,P,20260918,2129,7,measure,50,random,134217728,1048576,12538915,2139231746189455025,21099572,11,11,9513404111556122240,9513404111556122240
13,P,20260918,2130,7,measure,51,stride_17,67108864,1048576,7940429,17892755900536402811,12895393,11,11,3414221094161377694,3414221094161377694
13,P,20260918,2131,7,measure,52,stride_17,196608,1048576,4948,5917483869539042667,3661267,11,11,14234252179568287632,14234252179568287632
13,P,20260918,2132,7,measure,53,stride_17,98304,1048576,5493,16391355084447029662,2342198,11,11,11150752587402746971,11150752587402746971
13,P,20260918,2133,7,measure,54,stride_1_bis,393216,1048576,13065,610648971832362433,1872521,11,11,18384455040691124728,18384455040691124728
13,P,20260918,2134,7,measure,55,stride_4097,6291456,1048576,242311,5224636682336348645,4279312,11,11,3161973786641143788,3161973786641143788
13,P,20260918,2135,7,measure,56,stride_4097,8388608,1048576,28941,2757309754742253553,3353549,11,11,18303280461608560459,18303280461608560459
13,P,20260918,2136,7,measure,57,stride_1_double,25165824,2097152,1098020,3149683599720769084,5050782,11,11,15707916445041614387,15707916445041614387
13,P,20260918,2137,7,measure,58,pair_same_line,1572864,1048576,71208,4127155702659684044,3027048,11,11,1524972767341005452,1524972767341005452
13,P,20260918,2138,7,measure,59,stride_1_bis,1572864,1048576,24609,15378356158900838422,1784371,11,11,16953248637085263762,16953248637085263762
13,P,20260918,2139,7,measure,60,stride_17,50331648,1048576,3849208,10004584688184775198,10204292,11,11,10521421313458330818,10521421313458330818
13,P,20260918,2140,7,measure,61,stride_513,268435456,1048576,29897706,11241660190390667606,15011529,11,11,2740632697836938376,2740632697836938376
13,P,20260918,2141,7,measure,62,stride_1_bis,65536,1048576,766,1100418748221497180,2841102,11,11,16423878549329276288,16423878549329276288
13,P,20260918,2142,7,measure,63,stride_1_double,12582912,2097152,1358021,8157936227183568822,4915477,11,11,11753153676333237579,11753153676333237579
13,P,20260918,2143,7,measure,64,stride_4097,12582912,1048576,971262,14689360251945049263,7821739,11,11,13533572770370602628,13533572770370602628
13,P,20260918,2144,7,measure,65,pair_split_line,201326592,1048576,13847405,7512151603556202176,30473273,11,11,8907010202185375735,8907010202185375735
13,P,20260918,2145,7,measure,66,stride_513,50331648,1048576,6035988,265357486050975931,16010069,11,11,1319648552587121817,1319648552587121817
13,P,20260918,2146,7,measure,67,stride_4097,201326592,1048576,21156779,1497928681050188496,17724136,11,11,4107996959355443002,4107996959355443002
13,P,20260918,2147,7,measure,68,pair_split_line,2097152,1048576,150823,16413271683560496230,7929290,11,11,14262647041034121138,14262647041034121138
13,P,20260918,2148,7,measure,69,random,24576,1048576,2640,4001275051742276692,1626764,11,11,5085372253689223587,5085372253689223587
13,P,20260918,2149,7,measure,70,pair_same_line,49152,1048576,5745,13896694053661196246,2049123,11,11,13361769257583830004,13361769257583830004
13,P,20260918,2150,7,measure,71,stride_1_double,268435456,2097152,28323213,3703894363674217282,4347530,11,11,6133491096628311630,6133491096628311630
13,P,20260918,2151,7,measure,72,pair_split_line,131072,1048576,747,17326225783831269760,2789172,11,11,18298228427006285297,18298228427006285297
13,P,20260918,2152,7,measure,73,pair_same_line,32768,1048576,3260,7139619151324602611,2065858,11,11,11568305623481626550,11568305623481626550
13,P,20260918,2153,7,measure,74,stride_4097,32768,1048576,2821,12667129552682413860,1750228,11,11,10598541984122395648,10598541984122395648
13,P,20260918,2154,7,measure,75,stride_4097,24576,1048576,67,11584163438180820193,1777372,11,11,10853810192526006261,10853810192526006261
13,P,20260918,2155,7,measure,76,stride_1,32768,1048576,376,18399969988082976839,1750286,11,11,10598541984122395648,10598541984122395648
13,P,20260918,2156,7,measure,77,random,98304,1048576,4373,14122350033791710291,1421888,11,11,2274272386641033959,2274272386641033959
13,P,20260918,2157,7,measure,78,stride_1_bis,4194304,1048576,306707,10270248055349386290,2145831,11,11,12406089252390561320,12406089252390561320
13,P,20260918,2158,7,measure,79,stride_513,6291456,1048576,581575,17455489369084945071,2730129,11,11,2091461971855407884,2091461971855407884
13,P,20260918,2159,7,measure,80,stride_513,393216,1048576,40382,8390305030558523441,1867114,11,11,14269622657413644288,14269622657413644288
13,P,20260918,2160,7,measure,81,stride_1_bis,196608,1048576,10846,17465681964225409364,1703911,11,11,15451899528044240624,15451899528044240624
13,P,20260918,2161,7,measure,82,stride_1_bis,12582912,1048576,1014103,9763727038524699790,1965537,11,11,9092082620534407416,9092082620534407416
13,P,20260918,2162,7,measure,83,stride_513,134217728,1048576,4032585,6961105332983166985,13261317,11,11,11192942239171554041,11192942239171554041
13,P,20260918,2163,7,measure,84,stride_1,16384,1048576,1351,8057394160854608852,1938336,11,11,9548053087369131008,9548053087369131008
13,P,20260918,2164,7,measure,85,random,196608,1048576,8970,323643467064800726,1568067,11,11,11610432379751965616,11610432379751965616
13,P,20260918,2165,7,measure,86,pair_same_line,786432,1048576,65277,13208644387192660858,2660240,11,11,15488666714724778351,15488666714724778351
13,P,20260918,2166,7,measure,87,stride_4097,67108864,1048576,4886420,2111292681955377031,7523160,11,11,7359333169933791175,7359333169933791175
13,P,20260918,2167,7,measure,88,pair_split_line,262144,1048576,16262,461533112619830912,3057447,11,11,16006987814811717043,16006987814811717043
13,P,20260918,2168,7,measure,89,random,100663296,1048576,9604022,13810127108334383194,17341870,11,11,1467850750437990823,1467850750437990823
13,P,20260918,2169,7,measure,90,random,393216,1048576,16481,5809736898832755120,1939942,11,11,16978386894848373278,16978386894848373278
13,P,20260918,2170,7,measure,91,stride_1_double,16384,2097152,1416,9395699101796502573,3841341,11,11,649362101028710400,649362101028710400
13,P,20260918,2171,7,measure,92,random,786432,1048576,30588,3164958744394987884,1796774,11,11,17472867226206967256,17472867226206967256
13,P,20260918,2172,7,measure,93,pair_same_line,6144,1048576,170,1895339664240274881,2085907,11,11,8864229360124143225,8864229360124143225
13,P,20260918,2173,7,measure,94,stride_1_double,100663296,2097152,3837838,8953929286141693204,4426706,11,11,11941812124396903402,11941812124396903402
13,P,20260918,2174,7,measure,95,stride_1_bis,49152,1048576,2357,3913876623778635460,1622692,11,11,18139553132660053163,18139553132660053163
13,P,20260918,2175,7,measure,96,stride_1,524288,1048576,22424,8402065329406569365,1551806,11,11,10061883979847375520,10061883979847375520
13,P,20260918,2176,7,measure,97,random,49152,1048576,3459,16915258086732877403,1185672,11,11,14145360566725678074,14145360566725678074
13,P,20260918,2177,7,measure,98,pair_split_line,16777216,1048576,375485,17354695422014608288,14119085,11,11,9542675970452126089,9542675970452126089
13,P,20260918,2178,7,measure,99,stride_17,33554432,1048576,2805221,3690023316052929376,8089005,11,11,1397080321974860605,1397080321974860605
13,P,20260918,2179,7,measure,100,stride_4097,8192,1048576,727,16229150902802928469,1700579,11,11,116592947459441664,116592947459441664
13,P,20260918,2180,7,measure,101,stride_4097,49152,1048576,5527,17680297292633769471,1691016,11,11,6964705340143243014,6964705340143243014
13,P,20260918,2181,7,measure,102,stride_1_bis,67108864,1048576,6388554,4538721780891374853,2396654,11,11,18322833177169437693,18322833177169437693
13,P,20260918,2182,7,measure,103,stride_17,2097152,1048576,19787,55438022947510631,1788654,11,11,14577075130308765988,14577075130308765988
13,P,20260918,2183,7,measure,104,stride_513,65536,1048576,5502,11786620002264236992,1532956,11,11,16423878549329276288,16423878549329276288
13,P,20260918,2184,7,measure,105,stride_1,1572864,1048576,184691,16290463569683759722,1414869,11,11,6695339591334975373,6695339591334975373
13,P,20260918,2185,7,measure,106,pair_same_line,268435456,1048576,25871837,11238705807650848725,19186853,11,11,8580977451911786333,8580977451911786333
13,P,20260918,2186,7,measure,107,pair_split_line,16384,1048576,1173,21577449632312922,2416942,11,11,12702533641473975000,12702533641473975000
13,P,20260918,2187,7,measure,108,pair_same_line,12582912,1048576,592384,2826741363671112139,13270369,11,11,16773088273953338835,16773088273953338835
13,P,20260918,2188,7,measure,109,stride_1,268435456,1048576,16719656,17340307944812568330,2590089,11,11,12421302311688972930,12421302311688972930
13,P,20260918,2189,7,measure,110,stride_1_bis,32768,1048576,1705,9190821348254892603,1706440,11,11,10598541984122395648,10598541984122395648
13,P,20260918,2190,7,measure,111,stride_17,393216,1048576,43496,17530044035574945916,1651001,11,11,5109717853115135659,5109717853115135659
13,P,20260918,2191,7,measure,112,stride_513,24576,1048576,1907,3305714135597061862,1594014,11,11,13347672456076306432,13347672456076306432
13,P,20260918,2192,7,measure,113,stride_513,6144,1048576,286,13732162832215024068,1535472,11,11,6657726286896836608,6657726286896836608
13,P,20260918,2193,7,measure,114,stride_1,131072,1048576,14365,14545926616908677174,1478500,11,11,16921412609114818048,16921412609114818048
13,P,20260918,2194,7,measure,115,stride_1_bis,16384,1048576,1981,9227931543879243503,1428377,11,11,9548053087369131008,9548053087369131008
13,P,20260918,2195,7,measure,116,stride_4097,12288,1048576,1129,3971616156025346898,1371637,11,11,6431000681811129678,6431000681811129678
13,P,20260918,2196,7,measure,117,stride_4097,196608,1048576,8357,16085366935098466350,1405957,11,11,2351188691605003427,2351188691605003427
13,P,20260918,2197,7,measure,118,stride_1,2097152,1048576,238616,6773026423960949353,1455646,11,11,14577075130308765988,14577075130308765988
13,P,20260918,2198,7,measure,119,stride_1_double,16777216,2097152,1355230,8707207735738070665,4110061,11,11,12841062978479921428,12841062978479921428
13,P,20260918,2199,7,measure,120,stride_17,4096,1048576,208,6429277770436904180,1355569,11,11,8154595385843253248,8154595385843253248
13,P,20260918,2200,7,measure,121,stride_17,12288,1048576,328,16785380434929570721,1354405,11,11,17548404347562343321,17548404347562343321
13,P,20260918,2201,7,measure,122,stride_4097,4194304,1048576,142284,3267975090276600612,1549257,11,11,12406089252390561320,12406089252390561320
13,P,20260918,2202,7,measure,123,stride_1_double,196608,2097152,573,16856337225677545207,2712043,11,11,15242522189327948936,15242522189327948936
13,P,20260918,2203,7,measure,124,pair_same_line,50331648,1048576,1639452,3768691191100654920,15474903,11,11,5390473001399231398,5390473001399231398
13,P,20260918,2204,7,measure,125,pair_same_line,25165824,1048576,3072730,12448211398714906718,13664102,11,11,4960963448617845486,4960963448617845486
13,P,20260918,2205,7,measure,126,stride_4097,16777216,1048576,425012,681436669753691533,6555822,11,11,2090536731453089678,2090536731453089678
13,P,20260918,2206,7,measure,127,stride_1_double,3145728,2097152,324903,1264286172390973188,3386044,11,11,13442267375397184266,13442267375397184266
13,P,20260918,2207,7,measure,128,stride_17,8192,1048576,200,8400674557569371018,1352469,11,11,116592947459441664,116592947459441664
13,P,20260918,2208,7,measure,129,random,1572864,1048576,48388,4996838221697459287,1505707,11,11,12630289740959228095,12630289740959228095
13,P,20260918,2209,7,measure,130,random,16384,1048576,1386,1615906782543996988,1091831,11,11,12467019211230761815,12467019211230761815
13,P,20260918,2210,7,measure,131,stride_17,6291456,1048576,349807,16074811774870961687,3301268,11,11,6988972189506027177,6988972189506027177
13,P,20260918,2211,7,measure,132,stride_1_double,1572864,2097152,62248,6423206577032038960,2710432,11,11,17097951722492637558,17097951722492637558
13,P,20260918,2212,7,measure,133,stride_1,3145728,1048576,277135,6197856599592456282,1356221,11,11,2047804762914600607,2047804762914600607
13,P,20260918,2213,7,measure,134,random,268435456,1048576,1451284,6306490663546387553,16999961,11,11,4324348074871281533,4324348074871281533
13,P,20260918,2214,7,measure,135,stride_513,16777216,1048576,1055207,8457240918732329356,8327712,11,11,16926088206817757869,16926088206817757869
13,P,20260918,2215,7,measure,136,stride_1,24576,1048576,1794,14132396309407234301,1608125,11,11,13002765070044118056,13002765070044118056
13,P,20260918,2216,7,measure,137,random,50331648,1048576,1851384,10974362123677241404,14547639,11,11,17465859786901148831,17465859786901148831
13,P,20260918,2217,7,measure,138,stride_513,98304,1048576,535,5987837019976855644,1945630,11,11,1589993245443464960,1589993245443464960
13,P,20260918,2218,7,measure,139,stride_1_double,393216,2097152,28180,8529846150912717467,3479313,11,11,16885254131420850841,16885254131420850841
13,P,20260918,2219,7,measure,140,stride_1_bis,524288,1048576,59676,309403664124232398,1666649,11,11,10061883979847375520,10061883979847375520
13,P,20260918,2220,7,measure,141,stride_4097,524288,1048576,43700,1422078477619724868,1686388,11,11,10061883979847375520,10061883979847375520
13,P,20260918,2221,7,measure,142,stride_513,49152,1048576,1818,8380270945886570842,1590018,11,11,9764209366394647040,9764209366394647040
13,P,20260918,2222,7,measure,143,stride_17,100663296,1048576,11502726,8639879232661527198,8636787,11,11,16699926623634844496,16699926623634844496
13,P,20260918,2223,7,measure,144,stride_513,32768,1048576,1595,10223807651235408158,1692582,11,11,10598541984122395648,10598541984122395648
13,P,20260918,2224,7,measure,145,stride_17,524288,1048576,5483,11465088245013256469,1716284,11,11,10061883979847375520,10061883979847375520
13,P,20260918,2225,7,measure,146,stride_1_bis,134217728,1048576,16331698,10441625811378543531,2202174,11,11,63586244135847075,63586244135847075
13,P,20260918,2226,7,measure,147,stride_1,4096,1048576,93,1343719931350706115,1476957,11,11,8154595385843253248,8154595385843253248
13,P,20260918,2227,7,measure,148,stride_1_bis,98304,1048576,6764,1706055221939007140,1423119,11,11,2190323819060084457,2190323819060084457
13,P,20260918,2228,7,measure,149,pair_same_line,33554432,1048576,3665625,5770126817256560693,15169256,11,11,10429255664277762737,10429255664277762737
13,P,20260918,2229,7,measure,150,stride_17,65536,1048576,1012,18245389673331453605,1672567,11,11,16423878549329276288,16423878549329276288
13,P,20260918,2230,7,measure,151,stride_1_bis,3145728,1048576,320952,2678070372445150391,2032286,11,11,12423181392366163117,12423181392366163117
13,P,20260918,2231,7,measure,152,pair_split_line,1048576,1048576,66891,3156694040416197516,2794209,11,11,12511044338714822599,12511044338714822599
13,P,20260918,2232,7,measure,153,stride_1_bis,131072,1048576,7881,18428649858056773574,1432221,11,11,16921412609114818048,16921412609114818048
13,P,20260918,2233,7,measure,154,stride_1,100663296,1048576,1088226,1127128054452336121,2149863,11,11,5854109769581782355,5854109769581782355
13,P,20260918,2234,7,measure,155,pair_split_line,50331648,1048576,4346038,3964287590491624458,19177412,11,11,10062305703618999,10062305703618999
13,P,20260918,2235,7,measure,156,pair_same_line,134217728,1048576,13084539,11891848335965541422,19612823,11,11,6144741015085774898,6144741015085774898
13,P,20260918,2236,7,measure,157,stride_1_bis,2097152,1048576,183168,15579537933136718314,2250500,11,11,14577075130308765988,14577075130308765988
13,P,20260918,2237,7,measure,158,stride_17,201326592,1048576,21855767,4445888093236574968,10315640,11,11,11650565363924559250,11650565363924559250
13,P,20260918,2238,7,measure,159,pair_split_line,4194304,1048576,377161,6905527636706738770,6303228,11,11,13394873206030609014,13394873206030609014
13,P,20260918,2239,7,measure,160,stride_1,33554432,1048576,2094979,8103870463439320123,2485114,11,11,5219920354258639060,5219920354258639060
13,P,20260918,2240,7,measure,161,random,25165824,1048576,1704693,12099228369621645462,13416273,11,11,12726646099704236589,12726646099704236589
13,P,20260918,2241,7,measure,162,pair_same_line,24576,1048576,2713,18171690171273994505,2517436,11,11,14992496100110519723,14992496100110519723
13,P,20260918,2242,7,measure,163,pair_split_line,786432,1048576,89868,17968564606433828952,3419832,11,11,5479516485869935828,5479516485869935828
13,P,20260918,2243,7,measure,164,pair_split_line,8388608,1048576,873385,4187567146958016050,7818314,11,11,11368361448896261210,11368361448896261210
13,P,20260918,2244,7,measure,165,stride_1,65536,1048576,5595,18376022275487621374,1664592,11,11,16423878549329276288,16423878549329276288
13,P,20260918,2245,7,measure,166,random,12582912,1048576,682326,2785054489559023376,9347863,11,11,8307560783860903772,8307560783860903772
13,P,20260918,2246,7,measure,167,stride_1,786432,1048576,86146,5762097221990512992,1699984,11,11,7843081340447666721,7843081340447666721
13,P,20260918,2247,7,measure,168,pair_split_line,12582912,1048576,1309354,17903645214599694566,8658535,11,11,397351067948320657,397351067948320657
13,P,20260918,2248,7,measure,169,stride_1_double,50331648,2097152,1729192,12026502575552106181,4659912,11,11,11865196350264104302,11865196350264104302
13,P,20260918,2249,7,measure,170,stride_1,8192,1048576,151,16689976847663752922,1384090,11,11,116592947459441664,116592947459441664
13,P,20260918,2250,7,measure,171,pair_same_line,3145728,1048576,319119,18267952394441767415,4914149,11,11,13020050124632964742,13020050124632964742
13,P,20260918,2251,7,measure,172,stride_1,134217728,1048576,9303707,5996227938924290091,2050704,11,11,978932519182418626,978932519182418626
13,P,20260918,2252,7,measure,173,stride_1_double,32768,2097152,1779,16557057311934051536,2711966,11,11,2750339894535239680,2750339894535239680
13,P,20260918,2253,7,measure,174,stride_513,1048576,1048576,1463,16201971976835925720,1529598,11,11,8797231230870489880,8797231230870489880
13,P,20260918,2254,7,measure,175,stride_4097,393216,1048576,41945,12759569916252033599,1387412,11,11,12638415214257763119,12638415214257763119
13,P,20260918,2255,7,measure,176,random,201326592,1048576,15155276,1526657442561115052,16755931,11,11,5061872794168490105,5061872794168490105
13,P,20260918,2256,7,measure,177,pair_same_line,12288,1048576,151,10994715317837566973,1692271,11,11,8491567636011683793,8491567636011683793
13,P,20260918,2257,7,measure,178,pair_split_line,4096,1048576,6,5970147672610059903,1894002,11,11,14863808990868550295,14863808990868550295
13,P,20260918,2258,7,measure,179,stride_1,8388608,1048576,764955,16965737828366906122,2082234,11,11,18303280461608560459,18303280461608560459
13,P,20260918,2259,7,measure,180,stride_1_double,134217728,2097152,2072138,1091139728509241375,4469771,11,11,452709338617066540,452709338617066540
13,P,20260918,2260,7,measure,181,pair_split_line,12288,1048576,1208,8028503265509566593,1882386,11,11,9439768205689739522,9439768205689739522
13,P,20260918,2261,7,measure,182,pair_split_line,3145728,1048576,392999,10663297257433072870,3638677,11,11,6472326860594785161,6472326860594785161
13,P,20260918,2262,7,measure,183,stride_17,4194304,1048576,375724,3689462684544084687,3091285,11,11,12406089252390561320,12406089252390561320
13,P,20260918,2263,7,measure,184,stride_1_bis,201326592,1048576,18968445,13133774604754055180,1750011,11,11,9888277673403956899,9888277673403956899
13,P,20260918,2264,7,measure,185,stride_4097,4096,1048576,117,6573361974522036946,1408631,11,11,8154595385843253248,8154595385843253248
13,P,20260918,2265,7,measure,186,stride_4097,786432,1048576,62687,10557829128618560859,2069917,11,11,9930053645535674274,9930053645535674274
13,P,20260918,2266,7,measure,187,pair_split_line,6291456,1048576,157938,5092121491707686951,7650402,11,11,10599188833190976986,10599188833190976986
13,P,20260918,2267,7,measure,188,stride_1,393216,1048576,29082,3351054754812044843,1392499,11,11,340199021454648985,340199021454648985
13,P,20260918,2268,7,measure,189,stride_513,786432,1048576,94726,12190581849373254534,1868030,11,11,16022285928360536512,16022285928360536512
13,P,20260918,2269,7,measure,190,stride_1_bis,6291456,1048576,450288,12638741352796324375,1488807,11,11,16083054048621890239,16083054048621890239
13,P,20260918,2270,7,measure,191,random,4194304,1048576,387008,13460793190971574338,2474049,11,11,14315947974838049457,14315947974838049457
13,P,20260918,2271,7,measure,192,pair_same_line,2097152,1048576,92059,10916655320998320800,2316919,11,11,13949761209983270835,13949761209983270835
13,P,20260918,2272,7,measure,193,stride_17,1048576,1048576,45784,16459165426972240449,1421468,11,11,8797231230870489880,8797231230870489880
13,P,20260918,2273,7,measure,194,stride_4097,16384,1048576,1063,3990167468382578311,1414547,11,11,9548053087369131008,9548053087369131008
13,P,20260918,2274,7,measure,195,stride_1_bis,24576,1048576,869,6711896956601629838,1608154,11,11,14402513073540039519,14402513073540039519
13,P,20260918,2275,7,measure,196,stride_1_double,8388608,2097152,601813,7223790529319903809,3180258,11,11,18159816849507569302,18159816849507569302
13,P,20260918,2276,7,measure,197,pair_split_line,67108864,1048576,933515,14333427359667603441,20175830,11,11,14188898970944701291,14188898970944701291
13,P,20260918,2277,7,measure,198,random,65536,1048576,1107,4491968486627579952,1134387,11,11,3320969932994423585,3320969932994423585
13,P,20260918,2278,7,measure,199,stride_1_bis,16777216,1048576,824617,15439659528944142273,2146893,11,11,13130076288606160593,13130076288606160593
13,P,20260918,2279,7,measure,200,pair_same_line,1048576,1048576,53289,13689666643306998391,2278427,11,11,8207437621148652102,8207437621148652102
13,P,20260918,2280,7,measure,201,stride_513,131072,1048576,3808,2746032393085526772,1444826,11,11,16921412609114818048,16921412609114818048
13,P,20260918,2281,7,measure,202,stride_4097,131072,1048576,9501,12371181481184898983,1486699,11,11,16921412609114818048,16921412609114818048
13,P,20260918,2282,7,measure,203,stride_4097,50331648,1048576,3537043,15254669192047920662,8006516,11,11,1127127297198394640,1127127297198394640
13,P,20260918,2283,7,measure,204,stride_4097,100663296,1048576,7856083,2899105573113439182,8378476,11,11,9528753877572623622,9528753877572623622
13,P,20260918,2284,7,measure,205,stride_1_double,1048576,2097152,57898,4953242469789228508,2908983,11,11,17594462461740979760,17594462461740979760
13,P,20260918,2285,7,measure,206,stride_513,262144,1048576,3033,5498520775327875375,1446457,11,11,3252759155835688704,3252759155835688704
13,P,20260918,2286,7,measure,207,random,4096,1048576,438,3490312174771489488,1139122,11,11,4571134666741939061,4571134666741939061
13,P,20260918,2287,7,measure,208,stride_1_bis,100663296,1048576,11448647,6298325006118228117,2197410,11,11,1421289019408463741,1421289019408463741
13,P,20260918,2288,7,measure,209,pair_split_line,268435456,1048576,12137819,14713554289468351818,21080646,11,11,9095191791177055177,9095191791177055177
13,P,20260918,2289,7,measure,210,pair_same_line,131072,1048576,7881,4113714034077713153,1800369,11,11,7964630236058140734,7964630236058140734
13,P,20260918,2290,7,measure,211,pair_same_line,4096,1048576,318,15228485698412842627,1633770,11,11,18268390644607774179,18268390644607774179
13,P,20260918,2291,7,measure,212,stride_1_double,201326592,2097152,70496,15817663837496795616,3836243,11,11,5327474960561072637,5327474960561072637
13,P,20260918,2292,7,measure,213,random,3145728,1048576,25380,1078809275216502420,4070081,11,11,14282600749217930029,14282600749217930029
13,P,20260918,2293,7,measure,214,random,131072,1048576,5522,3577203438256973924,1171560,11,11,8755683279137659196,8755683279137659196
13,P,20260918,2294,7,measure,215,pair_split_line,25165824,1048576,1155380,2589295417580702007,18013628,11,11,13081258186848252012,13081258186848252012
13,P,20260918,2295,7,measure,216,pair_split_line,49152,1048576,3385,5970085858013937714,2019757,11,11,4770451728984277664,4770451728984277664
13,P,20260918,2296,7,measure,217,stride_4097,134217728,1048576,8166091,13016083923750220699,7115404,11,11,8733503817190734395,8733503817190734395
13,P,20260918,2297,7,measure,218,stride_17,1572864,1048576,172552,10026444868878515765,1780705,11,11,8039458272263158563,8039458272263158563
13,P,20260918,2298,7,measure,219,stride_513,8388608,1048576,944721,15606783382738767722,3661889,11,11,18303280461608560459,18303280461608560459
13,P,20260918,2299,7,measure,220,stride_17,262144,1048576,13899,8324078547766029773,1497136,11,11,3252759155835688704,3252759155835688704
13,P,20260918,2300,7,measure,221,pair_split_line,33554432,1048576,275313,8654975759901750598,18881917,11,11,16864962331791293141,16864962331791293141
13,P,20260918,2301,7,measure,222,stride_1_double,67108864,2097152,2098175,4948587729201296925,4683678,11,11,11444209201403377552,11444209201403377552
13,P,20260918,2302,7,measure,223,stride_17,8388608,1048576,752658,14438510645475025778,4192246,11,11,18303280461608560459,18303280461608560459
13,P,20260918,2303,7,measure,224,stride_513,3145728,1048576,2057,14235235579611423800,1605588,11,11,13978878534847391976,13978878534847391976
13,P,20260918,2304,7,measure,225,stride_1_bis,262144,1048576,17486,597171524220612927,1507467,11,11,3252759155835688704,3252759155835688704
13,P,20260918,2305,7,measure,226,pair_same_line,16777216,1048576,1870026,6427522229166377983,11906321,11,11,4519854605871239862,4519854605871239862
13,P,20260918,2306,7,measure,227,pair_same_line,262144,1048576,12173,641002628745600304,2074155,11,11,3291923088937789262,3291923088937789262
13,P,20260918,2307,7,measure,228,stride_1_double,98304,2097152,1153,10139490279061756838,2965941,11,11,18247943463141823279,18247943463141823279
13,P,20260918,2308,7,measure,229,stride_17,12582912,1048576,786481,15158018959620760703,4036279,11,11,7804175117527407580,7804175117527407580
13,P,20260918,2309,7,measure,230,stride_1_double,65536,2097152,3044,16739928113498932429,2824352,11,11,14401013024949000960,14401013024949000960
13,P,20260918,2310,7,measure,231,stride_1,98304,1048576,464,6725580030511004153,1413958,11,11,3439067910145510972,3439067910145510972
13,P,20260918,2311,7,measure,232,random,67108864,1048576,4427117,9437104663757545555,14785443,11,11,9592191788580481527,9592191788580481527
13,P,20260918,2312,7,measure,233,random,524288,1048576,37436,590243448531211984,1374602,11,11,15077716061891728500,15077716061891728500
13,P,20260918,2313,7,measure,234,pair_same_line,16384,1048576,1809,7574576076988745268,1785414,11,11,423879697412933698,423879697412933698
13,P,20260918,2314,7,measure,235,random,12288,1048576,1151,17776236999499333595,1156997,11,11,6119643324462383069,6119643324462383069
13,P,20260918,2315,7,measure,236,stride_1_double,6291456,2097152,315277,8561001106765234555,3859803,11,11,16290065394874600972,16290065394874600972
13,P,20260918,2316,7,measure,237,stride_1_bis,8388608,1048576,21585,9609926599252326404,1725499,11,11,18303280461608560459,18303280461608560459
13,P,20260918,2317,7,measure,238,stride_1_double,12288,2097152,337,1084549737546597849,2706487,11,11,4896327495885166633,4896327495885166633
13,P,20260918,2318,7,measure,239,stride_1_bis,12288,1048576,1453,569075951372656163,1359069,11,11,4615662067842464452,4615662067842464452
13,P,20260918,2319,7,measure,240,stride_17,24576,1048576,2862,12341558623397800082,1356901,11,11,1056485499517305467,1056485499517305467
13,P,20260918,2320,7,measure,241,stride_4097,262144,1048576,25243,15696146782404543248,1392226,11,11,3252759155835688704,3252759155835688704
13,P,20260918,2321,7,measure,242,stride_4097,1572864,1048576,9196,11949697284607286684,1461620,11,11,8276368199953052790,8276368199953052790
13,P,20260918,2322,7,measure,243,pair_split_line,24576,1048576,1048,12862905034112756822,1888009,11,11,3834583948103423136,3834583948103423136
13,P,20260918,2323,7,measure,244,random,6144,1048576,510,7351800310156640790,1106865,11,11,8626277626943518710,8626277626943518710
13,P,20260918,2324,7,measure,245,stride_1,6291456,1048576,249028,5514976150056003174,1833359,11,11,1133960808954217457,1133960808954217457
13,P,20260918,2325,7,measure,246,stride_1,49152,1048576,887,1394341676555598687,1429531,11,11,10185162014081987019,10185162014081987019
13,P,20260918,2326,7,measure,247,stride_1,4194304,1048576,8054,4534692164602033188,2091962,11,11,12406089252390561320,12406089252390561320
13,P,20260918,2327,7,measure,248,pair_same_line,201326592,1048576,9043032,4421153005074131792,19561825,11,11,3178892926237478047,3178892926237478047
13,P,20260918,2328,7,measure,249,stride_1_double,6144,2097152,309,16921770775718412902,2706043,11,11,8646092161627059250,8646092161627059250
13,P,20260918,2329,7,measure,250,stride_1_double,4194304,2097152,408672,8969148146156074586,3843086,11,11,6365434431071571024,6365434431071571024
13,P,20260918,2330,7,measure,251,random,8388608,1048576,1027142,15835154547740337434,9796410,11,11,6896797531155314760,6896797531155314760
13,P,20260918,2331,7,measure,252,stride_1_bis,25165824,1048576,2669442,11299941000679005239,2135342,11,11,15334321039338929153,15334321039338929153
13,P,20260918,2332,7,measure,253,stride_513,12582912,1048576,537658,15289116133708047392,6366314,11,11,4963127596952158292,4963127596952158292
13,P,20260918,2333,7,measure,254,stride_1_double,33554432,2097152,1724975,5476364911166171053,4498728,11,11,4607814268293563224,4607814268293563224
13,P,20260918,2334,7,measure,255,stride_513,25165824,1048576,2920051,2566978310942346769,8759410,11,11,3223166402984098452,3223166402984098452
13,P,20260918,2335,7,measure,256,stride_4097,3145728,1048576,266917,8613892181664807087,2036400,11,11,17382563201465343688,17382563201465343688
13,P,20260918,2336,7,measure,257,stride_1,67108864,1048576,5467469,4390552132777401977,2197764,11,11,503982010428197638,503982010428197638
13,P,20260918,2337,7,measure,258,stride_1_bis,50331648,1048576,222469,4740175096727286223,2017020,11,11,8532836538222614288,8532836538222614288
13,P,20260918,2338,7,measure,259,stride_1_double,262144,2097152,15339,14951443626178027881,2725229,11,11,6505518311671377408,6505518311671377408
13,P,20260918,2339,7,measure,260,stride_1_double,24576,2097152,2008,8117707908638294711,2716038,11,11,120819314381220977,120819314381220977
13,P,20260918,2340,7,measure,261,stride_17,16384,1048576,2015,4933199247797788498,1351948,11,11,9548053087369131008,9548053087369131008
13,P,20260918,2341,7,measure,262,stride_513,12288,1048576,1442,16794635345893935491,1351407,11,11,9502424420678940672,9502424420678940672
13,P,20260918,2342,7,measure,263,stride_4097,98304,1048576,10307,10377032860317077876,1429205,11,11,13658256878888407173,13658256878888407173
13,P,20260918,2343,7,measure,264,stride_17,49152,1048576,2089,18199208481059855836,1358459,11,11,2674174280474433733,2674174280474433733
13,P,20260918,2344,7,measure,265,stride_1_double,4096,2097152,235,3390560832846065727,2715383,11,11,16309190771686506496,16309190771686506496
13,P,20260918,2345,7,measure,266,random,16777216,1048576,1756785,15211850765328230609,10657602,11,11,4768285986542013238,4768285986542013238
13,P,20260918,2346,7,measure,267,pair_same_line,67108864,1048576,1492749,23773906219355726,16270335,11,11,17547419915475635944,17547419915475635944
13,P,20260918,2347,7,measure,268,pair_split_line,393216,1048576,48410,12942071001055819020,2372241,11,11,9969096507659392891,9969096507659392891
13,P,20260918,2348,7,measure,269,stride_513,196608,1048576,925,279849773986924967,1429121,11,11,2303624161942002560,2303624161942002560
13,P,20260918,2349,7,measure,270,pair_same_line,393216,1048576,31021,17175143383536762404,1845460,11,11,16276369306137275012,16276369306137275012
13,P,20260918,2350,7,measure,271,stride_1_double,2097152,2097152,69553,18022215140386510608,3083471,11,11,10707406186907980360,10707406186907980360
13,P,20260918,2351,7,measure,272,pair_same_line,100663296,1048576,2368176,8483855314830196176,17867554,11,11,14914406331943341169,14914406331943341169
13,P,20260918,2352,7,measure,273,stride_1_bis,268435456,1048576,6535280,13061755464304740690,1852838,11,11,10125750633864998625,10125750633864998625
13,P,20260918,2353,7,measure,274,pair_split_line,524288,1048576,50678,3671374596793148510,2511339,11,11,3802169140901189145,3802169140901189145
13,P,20260918,2354,7,measure,275,stride_1,50331648,1048576,2019615,11628827223546918992,1607980,11,11,3811948292380216982,3811948292380216982
13,P,20260918,2355,7,measure,276,stride_1_double,8192,2097152,699,13937709026941061431,2820642,11,11,233185894918883328,233185894918883328
13,P,20260918,2356,7,measure,277,stride_1_double,786432,2097152,11056,11383567871757870329,2845775,11,11,6614054404672726474,6614054404672726474
13,P,20260918,2357,7,measure,278,stride_17,6144,1048576,196,15507402973064714073,1411456,11,11,4128066997207730153,4128066997207730153
13,P,20260918,2358,7,measure,279,pair_same_line,6291456,1048576,325409,13635173301017492325,9477185,11,11,15694345062506352072,15694345062506352072
13,P,20260918,2359,7,measure,280,stride_1,16777216,1048576,376715,14032592287768054668,1794203,11,11,2958169519266648530,2958169519266648530
13,P,20260918,2360,7,measure,281,stride_4097,33554432,1048576,4057584,8419612631325593685,6730219,11,11,6073781125370850349,6073781125370850349
13,P,20260918,2361,7,measure,282,pair_same_line,8192,1048576,14,5584534412710405152,1674866,11,11,7611084273564735471,7611084273564735471
13,P,20260918,2362,7,measure,283,stride_1,6144,1048576,24,11182439597617101169,1374691,11,11,5115436626705862109,5115436626705862109
13,P,20260918,2363,7,measure,284,stride_1,262144,1048576,23056,9115287156765202626,1363875,11,11,3252759155835688704,3252759155835688704
13,P,20260918,2364,7,measure,285,pair_same_line,4194304,1048576,256951,11159703269713112332,5068409,11,11,16827356268985593369,16827356268985593369
13,P,20260918,2365,7,measure,286,pair_split_line,196608,1048576,9804,17316296367311353474,2280557,11,11,18035561889935522177,18035561889935522177
13,P,20260918,2366,7,measure,287,stride_513,2097152,1048576,120758,4034163719136033467,1526979,11,11,14577075130308765988,14577075130308765988
13,P,20260918,2367,7,measure,288,stride_1_bis,33554432,1048576,934626,1796119246003823059,2278170,11,11,8996346024886177381,8996346024886177381
13,P,20260918,2368,7,measure,289,pair_split_line,65536,1048576,3777,16431334236921726009,2022341,11,11,12102833323811251799,12102833323811251799
13,P,20260918,2369,7,measure,290,pair_same_line,98304,1048576,8984,2212149450845507650,1756095,11,11,10380177300589390951,10380177300589390951
13,P,20260918,2370,7,measure,291,pair_split_line,100663296,1048576,470230,17751184955106899759,23874051,11,11,1345424999930267363,1345424999930267363
13,P,20260918,2371,7,measure,292,stride_513,4194304,1048576,394097,17440194993842091945,3149311,11,11,12406089252390561320,12406089252390561320
13,P,20260918,2372,7,measure,293,stride_1_double,131072,2097152,5071,14089057859056472812,2845196,11,11,15396081144520084480,15396081144520084480
13,P,20260918,2373,7,measure,294,stride_1,12288,1048576,7,17940136036309311170,1390299,11,11,16180554923669701098,16180554923669701098
13,P,20260918,2374,7,measure,295,stride_1,25165824,1048576,734138,1380778634178833329,1717161,11,11,15942685562252312593,15942685562252312593
13,P,20260918,2375,7,measure,296,stride_513,524288,1048576,60931,8423511927294945718,1543343,11,11,10061883979847375520,10061883979847375520
13,P,20260918,2376,8,measure,0,random,1048576,1048576,10937,1171591918371607855,1281476,11,11,9721234477214617086,9721234477214617086
13,P,20260918,2377,8,measure,1,pair_same_line,32768,1048576,1083,14546516540405338773,1625138,11,11,2053667697985702542,2053667697985702542
13,P,20260918,2378,8,measure,2,stride_1_bis,16384,1048576,1100,4113051397320701543,1383659,11,11,9548053087369131008,9548053087369131008
13,P,20260918,2379,8,measure,3,pair_same_line,25165824,1048576,1471760,3777738184839952328,15189907,11,11,1524686205061251134,1524686205061251134
13,P,20260918,2380,8,measure,4,stride_1_double,3145728,2097152,344668,14683522793818727971,3116444,11,11,4941421397162390158,4941421397162390158
13,P,20260918,2381,8,measure,5,random,100663296,1048576,4368025,14085388717704532612,16925449,11,11,7722196415280927212,7722196415280927212
13,P,20260918,2382,8,measure,6,stride_4097,16777216,1048576,1254052,11683646417075955934,7098387,11,11,14161573231879893686,14161573231879893686
13,P,20260918,2383,8,measure,7,stride_1,50331648,1048576,1274750,12470334235940040182,2088968,11,11,12689625054732732646,12689625054732732646
13,P,20260918,2384,8,measure,8,stride_17,100663296,1048576,4483490,1164764889995114658,8917939,11,11,12968842324714137520,12968842324714137520
13,P,20260918,2385,8,measure,9,stride_1_bis,8192,1048576,134,18268343526319644514,1782995,11,11,116592947459441664,116592947459441664
13,P,20260918,2386,8,measure,10,stride_1_bis,24576,1048576,751,1317722461297333477,1695866,11,11,11477946703616262040,11477946703616262040
13,P,20260918,2387,8,measure,11,stride_1_double,6144,2097152,228,5312520768967124915,3387348,11,11,14699045270583128890,14699045270583128890
13,P,20260918,2388,8,measure,12,pair_same_line,49152,1048576,3702,14062563948154247971,1865296,11,11,8918810735328908550,8918810735328908550
13,P,20260918,2389,8,measure,13,stride_17,8192,1048576,30,18297430857686681356,1528345,11,11,116592947459441664,116592947459441664
13,P,20260918,2390,8,measure,14,stride_1,201326592,1048576,3795221,12938109754809731918,2276881,11,11,10268218870429805889,10268218870429805889
13,P,20260918,2391,8,measure,15,stride_1_double,33554432,2097152,2893761,9598890823462338019,4482078,11,11,1181342578567210530,1181342578567210530
13,P,20260918,2392,8,measure,16,stride_17,50331648,1048576,3141601,7078493552052424282,8670482,11,11,16858395511339357314,16858395511339357314
13,P,20260918,2393,8,measure,17,stride_1_bis,4096,1048576,320,5674712882251625272,1409690,11,11,8154595385843253248,8154595385843253248
13,P,20260918,2394,8,measure,18,stride_4097,268435456,1048576,33023816,18274649441555592842,7804318,11,11,2477469877404263125,2477469877404263125
13,P,20260918,2395,8,measure,19,pair_split_line,100663296,1048576,3773029,9406894238363762118,25565082,11,11,8648373624946941548,8648373624946941548
13,P,20260918,2396,8,measure,20,random,8192,1048576,610,11850243765855789419,1677173,11,11,400869524568624522,400869524568624522
13,P,20260918,2397,8,measure,21,pair_split_line,786432,1048576,43484,13068865071788236813,3797589,11,11,13962763108102960801,13962763108102960801
13,P,20260918,2398,8,measure,22,pair_split_line,1048576,1048576,4478,5512287558721511278,3335695,11,11,12872894228764646034,12872894228764646034
13,P,20260918,2399,8,measure,23,stride_17,67108864,1048576,3911640,10796934566999619148,9449240,11,11,16987874548548900815,16987874548548900815
13,P,20260918,2400,8,measure,24,random,201326592,1048576,22222774,5072256695787238003,18238889,11,11,4048669895275949984,4048669895275949984
13,P,20260918,2401,8,measure,25,stride_513,33554432,1048576,2532021,17116676429285306972,13428692,11,11,2311731996150135892,2311731996150135892
13,P,20260918,2402,8,measure,26,random,32768,1048576,2670,17464483184467764254,2078525,11,11,1110959181202497148,1110959181202497148
13,P,20260918,2403,8,measure,27,pair_split_line,16777216,1048576,2043394,5727644593967117376,14954516,11,11,847542235433150554,847542235433150554
13,P,20260918,2404,8,measure,28,stride_17,12582912,1048576,409507,16059817528063095631,5050467,11,11,730609920912713880,730609920912713880
13,P,20260918,2405,8,measure,29,stride_17,196608,1048576,190,8428922205449058691,1768125,11,11,13536552779354551952,13536552779354551952
13,P,20260918,2406,8,measure,30,pair_same_line,262144,1048576,11186,13266718577837092020,2272734,11,11,5617117992118855282,5617117992118855282
13,P,20260918,2407,8,measure,31,stride_1_bis,786432,1048576,78009,14052969784802034153,1784093,11,11,17174454352242862814,17174454352242862814
13,P,20260918,2408,8,measure,32,stride_1,8388608,1048576,850229,8577139034152627854,1832541,11,11,18303280461608560459,18303280461608560459
13,P,20260918,2409,8,measure,33,pair_same_line,67108864,1048576,4887756,17608419698449182727,17413696,11,11,14926317399879200606,14926317399879200606
13,P,20260918,2410,8,measure,34,pair_split_line,50331648,1048576,761572,12282117273150782544,25772247,11,11,5440730818732725602,5440730818732725602
13,P,20260918,2411,8,measure,35,stride_1,25165824,1048576,1799063,10214316482673581036,2940256,11,11,15493500093659248154,15493500093659248154
13,P,20260918,2412,8,measure,36,stride_17,3145728,1048576,295358,7543716174610939676,3305576,11,11,8885349894783073977,8885349894783073977
13,P,20260918,2413,8,measure,37,stride_1_double,50331648,2097152,383760,13623831063999140642,4429551,11,11,16349827108995506661,16349827108995506661
13,P,20260918,2414,8,measure,38,stride_17,4194304,1048576,364540,8567310166434855676,5331290,11,11,12406089252390561320,12406089252390561320
13,P,20260918,2415,8,measure,39,stride_4097,3145728,1048576,225846,18290306497274682666,2467160,11,11,7355609605861224950,7355609605861224950
13,P,20260918,2416,8,measure,40,pair_same_line,4194304,1048576,107646,1573472881623610558,4195874,11,11,1505197523011526278,1505197523011526278
13,P,20260918,2417,8,measure,41,pair_same_line,33554432,1048576,890517,14470504203419291400,16588294,11,11,12285491889566140348,12285491889566140348
13,P,20260918,2418,8,measure,42,stride_4097,100663296,1048576,10867003,152820325231852174,10004510,11,11,12033538987733387199,12033538987733387199
13,P,20260918,2419,8,measure,43,stride_1_bis,32768,1048576,328,7688801086840304375,2266104,11,11,10598541984122395648,10598541984122395648
13,P,20260918,2420,8,measure,44,stride_513,196608,1048576,9497,8769920811567200682,2282218,11,11,8126674812445135616,8126674812445135616
13,P,20260918,2421,8,measure,45,stride_513,67108864,1048576,3379713,9613330950313804864,12275099,11,11,15506496013113099258,15506496013113099258
13,P,20260918,2422,8,measure,46,pair_split_line,6144,1048576,511,1615813350956068753,3393639,11,11,18434593192599497804,18434593192599497804
13,P,20260918,2423,8,measure,47,pair_same_line,6144,1048576,564,1517160952114124072,2578029,11,11,16719801667349544954,16719801667349544954
13,P,20260918,2424,8,measure,48,stride_1_double,8388608,2097152,607786,9600573482283245797,4256564,11,11,18159816849507569302,18159816849507569302
13,P,20260918,2425,8,measure,49,random,4096,1048576,343,16168510293934402577,1361715,11,11,10750405553530369057,10750405553530369057
13,P,20260918,2426,8,measure,50,random,131072,1048576,780,8441142935594310085,1419834,11,11,3751798462715805544,3751798462715805544
13,P,20260918,2427,8,measure,51,pair_same_line,4096,1048576,46,10167055080187864487,2054569,11,11,458481468724722683,458481468724722683
13,P,20260918,2428,8,measure,52,random,25165824,1048576,2660597,17242112978337744993,14962399,11,11,2748542521746191815,2748542521746191815
13,P,20260918,2429,8,measure,53,stride_1_bis,268435456,1048576,22260818,8568192235467104752,2294930,11,11,14349973566955196659,14349973566955196659
13,P,20260918,2430,8,measure,54,stride_1_double,67108864,2097152,1928186,11432429828276392631,4366705,11,11,17839617814939724983,17839617814939724983
13,P,20260918,2431,8,measure,55,stride_1_bis,98304,1048576,5409,7867208693494959591,1725388,11,11,9368361012611579517,9368361012611579517
13,P,20260918,2432,8,measure,56,pair_same_line,134217728,1048576,9580478,4244574137959137455,20896132,11,11,4217863000596371585,4217863000596371585
13,P,20260918,2433,8,measure,57,stride_513,12288,1048576,891,17616411039665138360,2152975,11,11,5992043729455024128,5992043729455024128
13,P,20260918,2434,8,measure,58,random,786432,1048576,67132,15543886338297672209,2610797,11,11,14985004737189717406,14985004737189717406
13,P,20260918,2435,8,measure,59,random,134217728,1048576,10924459,12657746049378057267,19226579,11,11,16306453181197923053,16306453181197923053
13,P,20260918,2436,8,measure,60,stride_1_bis,49152,1048576,378,10052734047887250208,2547938,11,11,14884421434190134492,14884421434190134492
13,P,20260918,2437,8,measure,61,stride_1_bis,1048576,1048576,114121,3081157405844155234,2111842,11,11,8797231230870489880,8797231230870489880
13,P,20260918,2438,8,measure,62,stride_1,65536,1048576,3851,10633209811921462880,1754484,11,11,16423878549329276288,16423878549329276288
13,P,20260918,2439,8,measure,63,stride_1_double,100663296,2097152,3619025,11694141521868991061,4436884,11,11,4670928831496348536,4670928831496348536
13,P,20260918,2440,8,measure,64,stride_1,268435456,1048576,21006516,3291301186739176881,2488153,11,11,16072270053166910418,16072270053166910418
13,P,20260918,2441,8,measure,65,random,16384,1048576,788,17183167801711210031,1372664,11,11,15622558545768745133,15622558545768745133
13,P,20260918,2442,8,measure,66,stride_1_bis,67108864,1048576,189904,14647032735928344571,2325787,11,11,17338141714538673045,17338141714538673045
13,P,20260918,2443,8,measure,67,pair_split_line,524288,1048576,33544,5439964633570777011,2990809,11,11,11783980749754782384,11783980749754782384
13,P,20260918,2444,8,measure,68,random,262144,1048576,26146,609247748323793927,1287946,11,11,3809624140288658730,3809624140288658730
13,P,20260918,2445,8,measure,69,stride_1_double,98304,2097152,1105,13147412717552544950,2995262,11,11,7543238467353751104,7543238467353751104
13,P,20260918,2446,8,measure,70,random,3145728,1048576,125008,11624181188940790323,3566835,11,11,12698734684625238458,12698734684625238458
13,P,20260918,2447,8,measure,71,stride_4097,1048576,1048576,25695,3850165389187116414,1471328,11,11,8797231230870489880,8797231230870489880
13,P,20260918,2448,8,measure,72,stride_1_bis,1572864,1048576,142798,1035061940263084747,1358341,11,11,14512157757574046917,14512157757574046917
13,P,20260918,2449,8,measure,73,stride_1_double,32768,2097152,3320,13173531354727056321,2711531,11,11,2750339894535239680,2750339894535239680
13,P,20260918,2450,8,measure,74,random,49152,1048576,3789,10491311365894754073,1086835,11,11,16268859913999337832,16268859913999337832
13,P,20260918,2451,8,measure,75,stride_513,201326592,1048576,18446155,10673754251241620789,13473059,11,11,2296763501621779065,2296763501621779065
13,P,20260918,2452,8,measure,76,stride_513,786432,1048576,3268,11255985921286277252,1673398,11,11,16022285928360536512,16022285928360536512
13,P,20260918,2453,8,measure,77,stride_17,16777216,1048576,770694,12692463439352403091,6633639,11,11,10289751553336459733,10289751553336459733
13,P,20260918,2454,8,measure,78,stride_17,201326592,1048576,23938461,7407906704212464818,9016591,11,11,1252389701387990010,1252389701387990010
13,P,20260918,2455,8,measure,79,stride_17,134217728,1048576,10469502,6799888979980630917,6979588,11,11,3571176526923425299,3571176526923425299
13,P,20260918,2456,8,measure,80,stride_1_bis,25165824,1048576,2973521,482171680997689587,2227533,11,11,1208958634915793355,1208958634915793355
13,P,20260918,2457,8,measure,81,stride_513,50331648,1048576,1138675,18072591428657558221,13558148,11,11,15437322851704967400,15437322851704967400
13,P,20260918,2458,8,measure,82,pair_split_line,393216,1048576,36629,4791900383134096701,3591017,11,11,10205281712940383809,10205281712940383809
13,P,20260918,2459,8,measure,83,stride_4097,6144,1048576,30,9220937576232339607,1793907,11,11,2504912013331556999,2504912013331556999
13,P,20260918,2460,8,measure,84,stride_1_double,262144,2097152,9673,9593416680264985981,3426388,11,11,6505518311671377408,6505518311671377408
13,P,20260918,2461,8,measure,85,stride_1,196608,1048576,23748,7250718774060852030,1697702,11,11,4731952498567695046,4731952498567695046
13,P,20260918,2462,8,measure,86,stride_4097,131072,1048576,13739,12473651580652307511,1763461,11,11,16921412609114818048,16921412609114818048
13,P,20260918,2463,8,measure,87,stride_513,16777216,1048576,1984996,5746211517902079519,10794780,11,11,14090055610461457327,14090055610461457327
13,P,20260918,2464,8,measure,88,random,50331648,1048576,1629525,16616230582227472180,16902144,11,11,13338059443758769494,13338059443758769494
13,P,20260918,2465,8,measure,89,stride_1_double,16777216,2097152,496499,5994983056072236003,5077497,11,11,12841062978479921428,12841062978479921428
13,P,20260918,2466,8,measure,90,pair_same_line,12582912,1048576,953620,14361676626722363779,13808242,11,11,4720446567317886549,4720446567317886549
13,P,20260918,2467,8,measure,91,pair_split_line,4096,1048576,228,5576120181932529088,3059247,11,11,13315397110527613888,13315397110527613888
13,P,20260918,2468,8,measure,92,stride_1_bis,201326592,1048576,22511629,13895697551261019263,2287358,11,11,12754714557667747809,12754714557667747809
13,P,20260918,2469,8,measure,93,pair_same_line,98304,1048576,4603,10670383766115414708,2211612,11,11,17344072740229969092,17344072740229969092
13,P,20260918,2470,8,measure,94,pair_split_line,8192,1048576,717,6892338173050371596,2352410,11,11,6443329403543460361,6443329403543460361
13,P,20260918,2471,8,measure,95,pair_split_line,25165824,1048576,3089436,15315816240782989831,18505464,11,11,3457689491038783800,3457689491038783800
13,P,20260918,2472,8,measure,96,pair_split_line,33554432,1048576,3593478,16659656203478248842,21373863,11,11,9362367355393812011,9362367355393812011
13,P,20260918,2473,8,measure,97,stride_1_double,268435456,2097152,26772079,9426719615772635258,5024270,11,11,16912944372663626209,16912944372663626209
13,P,20260918,2474,8,measure,98,stride_1,98304,1048576,5595,828529933833257356,1712589,11,11,11098112478650907932,11098112478650907932
13,P,20260918,2475,8,measure,99,stride_1,4096,1048576,344,16005026887874058572,1695339,11,11,8154595385843253248,8154595385843253248
13,P,20260918,2476,8,measure,100,stride_17,131072,1048576,7508,13327101808634792165,1697775,11,11,16921412609114818048,16921412609114818048
13,P,20260918,2477,8,measure,101,stride_1_bis,6291456,1048576,163272,6237138918014084793,2172682,11,11,8162405250271263421,8162405250271263421
13,P,20260918,2478,8,measure,102,random,98304,1048576,3950,732759306196833853,1408518,11,11,926721948246724948,926721948246724948
13,P,20260918,2479,8,measure,103,pair_same_line,24576,1048576,1026,5779518426193144789,2050510,11,11,4689123949437539274,4689123949437539274
13,P,20260918,2480,8,measure,104,random,24576,1048576,923,16794994653882308945,1360050,11,11,17738112574639379795,17738112574639379795
13,P,20260918,2481,8,measure,105,stride_17,8388608,1048576,67245,845975354174510102,6119787,11,11,18303280461608560459,18303280461608560459
13,P,20260918,2482,8,measure,106,random,268435456,1048576,29168971,10370034894803907438,18767947,11,11,2810486025688618191,2810486025688618191
13,P,20260918,2483,8,measure,107,stride_1_bis,100663296,1048576,11283554,6237164945314695589,2310501,11,11,15266048900791255256,15266048900791255256
13,P,20260918,2484,8,measure,108,stride_1,8192,1048576,61,13839435607509177772,2069320,11,11,116592947459441664,116592947459441664
13,P,20260918,2485,8,measure,109,random,196608,1048576,7729,1819087458663969341,1648171,11,11,3641240987259051819,3641240987259051819
13,P,20260918,2486,8,measure,110,pair_split_line,3145728,1048576,305841,11685488742512467937,4959087,11,11,14707184179800038071,14707184179800038071
13,P,20260918,2487,8,measure,111,stride_1_double,24576,2097152,1469,12053379380897383568,3505582,11,11,5643620770822913193,5643620770822913193
13,P,20260918,2488,8,measure,112,stride_17,49152,1048576,2362,8224225018555721730,1671954,11,11,4317902976514640686,4317902976514640686
13,P,20260918,2489,8,measure,113,stride_1_double,786432,2097152,26491,6113216895751633313,3132576,11,11,15708505554235296139,15708505554235296139
13,P,20260918,2490,8,measure,114,pair_split_line,8388608,1048576,620498,10653543362232810318,7664934,11,11,16628240198728290224,16628240198728290224
13,P,20260918,2491,8,measure,115,stride_1_double,12582912,2097152,82196,13817291581727823888,3144856,11,11,17356751012327125233,17356751012327125233
13,P,20260918,2492,8,measure,116,stride_1_double,12288,2097152,1260,5201259697487098637,2716970,11,11,1494273375818883473,1494273375818883473
13,P,20260918,2493,8,measure,117,stride_17,524288,1048576,56772,3299984375781490945,1400523,11,11,10061883979847375520,10061883979847375520
13,P,20260918,2494,8,measure,118,random,12288,1048576,625,13841924085992938781,1089544,11,11,10091464977444870638,10091464977444870638
13,P,20260918,2495,8,measure,119,stride_513,524288,1048576,6218,7135779198971482937,1472967,11,11,10061883979847375520,10061883979847375520
13,P,20260918,2496,8,measure,120,pair_same_line,196608,1048576,7323,11849471272178573092,1805043,11,11,1549466093105874124,1549466093105874124
13,P,20260918,2497,8,measure,121,stride_1_double,25165824,2097152,1016301,16731449240321184056,3707391,11,11,3291117961497877060,3291117961497877060
13,P,20260918,2498,8,measure,122,stride_1_double,4194304,2097152,409734,16631796524770104587,3573933,11,11,6365434431071571024,6365434431071571024
13,P,20260918,2499,8,measure,123,stride_513,16384,1048576,693,9655392622385533455,1414578,11,11,9548053087369131008,9548053087369131008
13,P,20260918,2500,8,measure,124,stride_513,131072,1048576,2973,8569845673155265324,1470752,11,11,16921412609114818048,16921412609114818048
13,P,20260918,2501,8,measure,125,stride_1,33554432,1048576,3325453,12637399097974432566,1997766,11,11,15566664203415709726,15566664203415709726
13,P,20260918,2502,8,measure,126,stride_1,1572864,1048576,66593,8646577624762869505,1417658,11,11,15960268099623362313,15960268099623362313
13,P,20260918,2503,8,measure,127,pair_same_line,524288,1048576,60926,11837762470590213989,1908659,11,11,15434115969265655137,15434115969265655137
13,P,20260918,2504,8,measure,128,stride_513,2097152,1048576,223982,2197597553997721559,1548081,11,11,14577075130308765988,14577075130308765988
13,P,20260918,2505,8,measure,129,stride_1_bis,196608,1048576,5341,13230220404939739325,1408401,11,11,3326449181122512719,3326449181122512719
13,P,20260918,2506,8,measure,130,stride_1_double,49152,2097152,5904,9797844851432505686,2820659,11,11,1697034267546722731,1697034267546722731
13,P,20260918,2507,8,measure,131,stride_1,16384,1048576,1644,1984213307293210320,1412321,11,11,9548053087369131008,9548053087369131008
13,P,20260918,2508,8,measure,132,stride_513,8388608,1048576,14428,2910271079705683109,3432774,11,11,18303280461608560459,18303280461608560459
13,P,20260918,2509,8,measure,133,stride_17,786432,1048576,49079,6007598133176126773,1457569,11,11,15771162224244511750,15771162224244511750
13,P,20260918,2510,8,measure,134,stride_4097,2097152,1048576,25613,15524098552538939077,1491898,11,11,14577075130308765988,14577075130308765988
13,P,20260918,2511,8,measure,135,stride_4097,16384,1048576,1398,9906222484620201809,1620629,11,11,9548053087369131008,9548053087369131008
13,P,20260918,2512,8,measure,136,pair_split_line,131072,1048576,11867,11924769345549466404,2215817,11,11,2325127607043441284,2325127607043441284
13,P,20260918,2513,8,measure,137,stride_17,2097152,1048576,201132,10689728534231456917,1541712,11,11,14577075130308765988,14577075130308765988
13,P,20260918,2514,8,measure,138,stride_4097,393216,1048576,968,11108555585811331689,1444529,11,11,2144320318331363303,2144320318331363303
13,P,20260918,2515,8,measure,139,stride_1_double,524288,2097152,12306,7989908466747778423,2859165,11,11,1677023885985199424,1677023885985199424
13,P,20260918,2516,8,measure,140,stride_4097,6291456,1048576,739563,17084841653041774600,2523417,11,11,3787619962074200700,3787619962074200700
13,P,20260918,2517,8,measure,141,pair_split_line,49152,1048576,3470,5612006441997202078,1887479,11,11,1876303770073453525,1876303770073453525
13,P,20260918,2518,8,measure,142,stride_4097,98304,1048576,10742,10830495780351789146,1459625,11,11,1723328074767432386,1723328074767432386
13,P,20260918,2519,8,measure,143,stride_4097,65536,1048576,5394,7792309004724210488,1468037,11,11,16423878549329276288,16423878549329276288
13,P,20260918,2520,8,measure,144,stride_17,24576,1048576,2731,12403399190914358340,1408929,11,11,6823020655413210272,6823020655413210272
13,P,20260918,2521,8,measure,145,pair_same_line,3145728,1048576,245561,7712606743005584386,3158388,11,11,18212971342019728562,18212971342019728562
13,P,20260918,2522,8,measure,146,stride_1_bis,16777216,1048576,1442691,951558858542466113,1470199,11,11,11040321646210265583,11040321646210265583
13,P,20260918,2523,8,measure,147,stride_513,65536,1048576,7171,12404409453799422339,1474762,11,11,16423878549329276288,16423878549329276288
13,P,20260918,2524,8,measure,148,stride_1,12288,1048576,827,4839084595799067689,1408067,11,11,1737412612249153967,1737412612249153967
13,P,20260918,2525,8,measure,149,stride_1,134217728,1048576,8647284,3100750046661516966,1583626,11,11,3052175734474857957,3052175734474857957
13,P,20260918,2526,8,measure,150,stride_1,100663296,1048576,3449389,17086669329806264538,1884444,11,11,3553461749586088174,3553461749586088174
13,P,20260918,2527,8,measure,151,stride_1_double,4096,2097152,161,16814693174114753406,2821002,11,11,16309190771686506496,16309190771686506496
13,P,20260918,2528,8,measure,152,stride_1,786432,1048576,18518,15976179328688756983,1421410,11,11,4065895989135421392,4065895989135421392
13,P,20260918,2529,8,measure,153,pair_split_line,201326592,1048576,4482823,13597239171527242715,24005610,11,11,14667608423546026896,14667608423546026896
13,P,20260918,2530,8,measure,154,pair_same_line,131072,1048576,8075,13380544030080975379,1806525,11,11,17764215058624584351,17764215058624584351
13,P,20260918,2531,8,measure,155,stride_4097,4096,1048576,240,10022357063454759945,1384045,11,11,8154595385843253248,8154595385843253248
13,P,20260918,2532,8,measure,156,stride_17,33554432,1048576,2028705,7396269053531485225,8270614,11,11,2453735831267949976,2453735831267949976
13,P,20260918,2533,8,measure,157,stride_17,6291456,1048576,396738,6413202982021126258,4792835,11,11,8684654169838758160,8684654169838758160
13,P,20260918,2534,8,measure,158,pair_split_line,196608,1048576,21457,395444078736541087,2275882,11,11,17621432593238620071,17621432593238620071
13,P,20260918,2535,8,measure,159,stride_4097,24576,1048576,1053,3646650859561612809,1384155,11,11,16813820344586099994,16813820344586099994
13,P,20260918,2536,8,measure,160,stride_513,134217728,1048576,11412700,2759435599095374162,12233080,11,11,8474279570210252984,8474279570210252984
13,P,20260918,2537,8,measure,161,stride_1_bis,2097152,1048576,48831,13394188719890003981,1602696,11,11,14577075130308765988,14577075130308765988
13,P,20260918,2538,8,measure,162,pair_split_line,98304,1048576,3344,14163048655375511376,2204519,11,11,9651785024946413272,9651785024946413272
13,P,20260918,2539,8,measure,163,stride_1,1048576,1048576,8565,7343269867201343486,1375370,11,11,8797231230870489880,8797231230870489880
13,P,20260918,2540,8,measure,164,stride_513,6144,1048576,485,13694291425567464636,1388902,11,11,9261835561974562816,9261835561974562816
13,P,20260918,2541,8,measure,165,stride_513,3145728,1048576,364702,1961565718955904070,1779567,11,11,4696861105486946824,4696861105486946824
13,P,20260918,2542,8,measure,166,pair_same_line,1572864,1048576,139960,12364566675370023125,2150781,11,11,10235397895645184744,10235397895645184744
13,P,20260918,2543,8,measure,167,stride_17,1048576,1048576,111147,16874665442190113077,1460272,11,11,8797231230870489880,8797231230870489880
13,P,20260918,2544,8,measure,168,pair_split_line,134217728,1048576,3360782,17040332076648175748,22584570,11,11,14311913172973408744,14311913172973408744
13,P,20260918,2545,8,measure,169,pair_same_line,2097152,1048576,47347,3500145186118475363,3316813,11,11,7244022160987160226,7244022160987160226
13,P,20260918,2546,8,measure,170,stride_1,6291456,1048576,174089,2655050817937521178,1745705,11,11,9093542405608045283,9093542405608045283
13,P,20260918,2547,8,measure,171,stride_1_bis,3145728,1048576,270750,18206744553426889675,1450878,11,11,14562703213904941157,14562703213904941157
13,P,20260918,2548,8,measure,172,stride_17,25165824,1048576,2721973,16372334928426894665,7724042,11,11,8240171447784239631,8240171447784239631
13,P,20260918,2549,8,measure,173,pair_split_line,1572864,1048576,180836,5316803931647593176,2731974,11,11,837473141912127559,837473141912127559
13,P,20260918,2550,8,measure,174,pair_same_line,100663296,1048576,8142597,18098492888609989214,17712304,11,11,11942601299194744091,11942601299194744091
13,P,20260918,2551,8,measure,175,stride_513,4194304,1048576,180916,5395664882719185873,3057988,11,11,12406089252390561320,12406089252390561320
13,P,20260918,2552,8,measure,176,stride_1_bis,4194304,1048576,223398,16304513042173490396,1648254,11,11,12406089252390561320,12406089252390561320
13,P,20260918,2553,8,measure,177,stride_513,32768,1048576,3982,14050234634113952967,1570096,11,11,10598541984122395648,10598541984122395648
13,P,20260918,2554,8,measure,178,pair_same_line,8388608,1048576,674426,9013060486328047375,10664728,11,11,2480164896604166596,2480164896604166596
13,P,20260918,2555,8,measure,179,stride_4097,8192,1048576,54,4385670741982924959,2044926,11,11,116592947459441664,116592947459441664
13,P,20260918,2556,8,measure,180,stride_4097,67108864,1048576,4313949,5716050777904543685,7265070,11,11,14735135506202262340,14735135506202262340
13,P,20260918,2557,8,measure,181,pair_same_line,6291456,1048576,228025,4157350849344392060,10311548,11,11,10476282964829363916,10476282964829363916
13,P,20260918,2558,8,measure,182,stride_17,98304,1048576,11220,2923470798122269945,1696382,11,11,9587524977912048975,9587524977912048975
13,P,20260918,2559,8,measure,183,random,67108864,1048576,5708673,9801319295590302076,17107687,11,11,1482891687005448694,1482891687005448694
13,P,20260918,2560,8,measure,184,stride_1_double,131072,2097152,7937,8835509606597638905,4052088,11,11,15396081144520084480,15396081144520084480
13,P,20260918,2561,8,measure,185,stride_1_bis,8388608,1048576,111354,16564620132121676401,2068132,11,11,18303280461608560459,18303280461608560459
13,P,20260918,2562,8,measure,186,stride_17,65536,1048576,4880,9633531511101638887,1694116,11,11,16423878549329276288,16423878549329276288
13,P,20260918,2563,8,measure,187,stride_4097,12288,1048576,1394,8915875935677666306,1694417,11,11,12670223021642166776,12670223021642166776
13,P,20260918,2564,8,measure,188,stride_1_double,16384,2097152,1469,17306587366678192959,3336310,11,11,649362101028710400,649362101028710400
13,P,20260918,2565,8,measure,189,stride_513,1048576,1048576,91801,9062020857442057655,1757459,11,11,8797231230870489880,8797231230870489880
13,P,20260918,2566,8,measure,190,stride_1_bis,524288,1048576,18192,11889498539604208018,1549161,11,11,10061883979847375520,10061883979847375520
13,P,20260918,2567,8,measure,191,stride_1_bis,50331648,1048576,6096571,13477943533696931545,1936471,11,11,11037166724161739860,11037166724161739860
13,P,20260918,2568,8,measure,192,stride_4097,1572864,1048576,143398,1655044039889745848,1587104,11,11,18261587720843193312,18261587720843193312
13,P,20260918,2569,8,measure,193,random,33554432,1048576,216953,16102650154007501475,14713861,11,11,2079710053996167248,2079710053996167248
13,P,20260918,2570,8,measure,194,stride_17,1572864,1048576,105733,5898536142723057543,1852139,11,11,17922768467870740298,17922768467870740298
13,P,20260918,2571,8,measure,195,stride_4097,201326592,1048576,14716483,3540227274802410045,9364615,11,11,12904174173050654022,12904174173050654022
13,P,20260918,2572,8,measure,196,pair_same_line,12288,1048576,1193,3151903926720691111,2263264,11,11,7513224287181868603,7513224287181868603
13,P,20260918,2573,8,measure,197,stride_513,12582912,1048576,1431550,14757206379048086662,8830718,11,11,4963127596952158292,4963127596952158292
13,P,20260918,2574,8,measure,198,stride_1_double,196608,2097152,3872,9331356693030292369,3815248,11,11,11512395467089152227,11512395467089152227
13,P,20260918,2575,8,measure,199,stride_513,1572864,1048576,40972,16978375288175498814,2188919,11,11,16747479167117318944,16747479167117318944
13,P,20260918,2576,8,measure,200,stride_1_bis,65536,1048576,4158,5584023942179971455,1740466,11,11,16423878549329276288,16423878549329276288
13,P,20260918,2577,8,measure,201,stride_1_double,8192,2097152,990,9587685623093586205,3285541,11,11,233185894918883328,233185894918883328
13,P,20260918,2578,8,measure,202,stride_513,100663296,1048576,9036733,8692480899756479122,12802936,11,11,18007020863010360717,18007020863010360717
13,P,20260918,2579,8,measure,203,stride_1,3145728,1048576,299099,7442739649922407195,2577827,11,11,7201131450437125570,7201131450437125570
13,P,20260918,2580,8,measure,204,stride_17,32768,1048576,2281,6144981110978095710,2137880,11,11,10598541984122395648,10598541984122395648
13,P,20260918,2581,8,measure,205,stride_1,49152,1048576,805,11213747693950123666,1737243,11,11,16013601839725092097,16013601839725092097
13,P,20260918,2582,8,measure,206,stride_1,67108864,1048576,6041669,16552663988149977273,2043555,11,11,2586144495191457714,2586144495191457714
13,P,20260918,2583,8,measure,207,stride_1,393216,1048576,5912,16912512841951124211,1799695,11,11,8185205612596698561,8185205612596698561
13,P,20260918,2584,8,measure,208,pair_split_line,32768,1048576,2148,14659300766599472611,2322877,11,11,1161143588900136886,1161143588900136886
13,P,20260918,2585,8,measure,209,stride_513,24576,1048576,2170,8214647130213620525,1673759,11,11,1712612578793322496,1712612578793322496
13,P,20260918,2586,8,measure,210,stride_1,262144,1048576,4753,16549009021536391584,1409651,11,11,3252759155835688704,3252759155835688704
13,P,20260918,2587,8,measure,211,stride_1_bis,33554432,1048576,1019978,1990339582643435694,2211676,11,11,4682759145529005992,4682759145529005992
13,P,20260918,2588,8,measure,212,stride_513,49152,1048576,3487,7040320794677467907,1400602,11,11,10058475094351434240,10058475094351434240
13,P,20260918,2589,8,measure,213,pair_same_line,50331648,1048576,1863921,7778559399368239940,16596837,11,11,12702660216016578855,12702660216016578855
13,P,20260918,2590,8,measure,214,stride_1_bis,262144,1048576,6537,399375856988347890,1495706,11,11,3252759155835688704,3252759155835688704
13,P,20260918,2591,8,measure,215,pair_split_line,262144,1048576,16550,18016176596918393342,2463002,11,11,6412213699697113788,6412213699697113788
13,P,20260918,2592,8,measure,216,stride_513,393216,1048576,39463,11673299781068952652,1498958,11,11,14847694413740558592,14847694413740558592
13,P,20260918,2593,8,measure,217,stride_4097,786432,1048576,87754,14669394176972984172,1503330,11,11,17174527030499057277,17174527030499057277
13,P,20260918,2594,8,measure,218,stride_1_double,65536,2097152,1493,9127059723424026841,2830438,11,11,14401013024949000960,14401013024949000960
13,P,20260918,2595,8,measure,219,stride_1,24576,1048576,1756,13496932359556066248,1409472,11,11,6478388744013576906,6478388744013576906
13,P,20260918,2596,8,measure,220,pair_split_line,24576,1048576,2426,17444564155412123326,1882275,11,11,9962284922088119258,9962284922088119258
13,P,20260918,2597,8,measure,221,pair_split_line,6291456,1048576,139754,5523652183293495258,7678695,11,11,7007140754937554678,7007140754937554678
13,P,20260918,2598,8,measure,222,pair_split_line,12582912,1048576,1290769,10845306934289158481,12063938,11,11,11408670336669102866,11408670336669102866
13,P,20260918,2599,8,measure,223,pair_same_line,16777216,1048576,1050795,7138659104258282756,12199341,11,11,3654917944271728628,3654917944271728628
13,P,20260918,2600,8,measure,224,pair_same_line,16384,1048576,1268,6809083834052398168,1696315,11,11,2415372971609302283,2415372971609302283
13,P,20260918,2601,8,measure,225,stride_17,262144,1048576,7082,7829747101549591690,1424789,11,11,3252759155835688704,3252759155835688704
13,P,20260918,2602,8,measure,226,stride_4097,262144,1048576,22766,11554642829488332943,1438274,11,11,3252759155835688704,3252759155835688704
13,P,20260918,2603,8,measure,227,pair_split_line,12288,1048576,327,5115588758080417716,1883127,11,11,7119493571191661527,7119493571191661527
13,P,20260918,2604,8,measure,228,random,2097152,1048576,62259,12756547287139804763,2053193,11,11,11592186534669665182,11592186534669665182
13,P,20260918,2605,8,measure,229,stride_4097,49152,1048576,5835,5444011347222207,1412499,11,11,7270720621277006857,7270720621277006857
13,P,20260918,2606,8,measure,230,stride_17,12288,1048576,49,16438786733562378042,1409044,11,11,17786705700896173699,17786705700896173699
13,P,20260918,2607,8,measure,231,stride_513,262144,1048576,14994,4503073212737321183,1448528,11,11,3252759155835688704,3252759155835688704
13,P,20260918,2608,8,measure,232,stride_1,6144,1048576,145,2356188530838560167,1396885,11,11,11381858083938108982,11381858083938108982
13,P,20260918,2609,8,measure,233,pair_split_line,2097152,1048576,96718,17042041164386149509,2937826,11,11,3743352954148224080,3743352954148224080
13,P,20260918,2610,8,measure,234,stride_1_bis,6144,1048576,538,16260346643540972013,1383055,11,11,15193220522114043993,15193220522114043993
13,P,20260918,2611,8,measure,235,pair_same_line,8192,1048576,284,1376438903812618209,1629129,11,11,6875386621912786361,6875386621912786361
13,P,20260918,2612,8,measure,236,random,12582912,1048576,797124,810224435983931066,11542260,11,11,11046061666545717388,11046061666545717388
13,P,20260918,2613,8,measure,237,stride_4097,524288,1048576,62627,1753194386439007045,1431871,11,11,10061883979847375520,10061883979847375520
13,P,20260918,2614,8,measure,238,stride_1_double,2097152,2097152,118344,4761142913784902874,2808075,11,11,10707406186907980360,10707406186907980360
13,P,20260918,2615,8,measure,239,random,524288,1048576,40435,7725389911090836761,1144125,11,11,12468186740944135130,12468186740944135130
13,P,20260918,2616,8,measure,240,stride_4097,32768,1048576,3602,5882532142461841294,1356407,11,11,10598541984122395648,10598541984122395648
13,P,20260918,2617,8,measure,241,pair_same_line,268435456,1048576,29450801,16358536736822073690,19173973,11,11,13737973047397653180,13737973047397653180
13,P,20260918,2618,8,measure,242,stride_513,25165824,1048576,191163,6823874451611499513,10483369,11,11,1003168821508743228,1003168821508743228
13,P,20260918,2619,8,measure,243,stride_1_bis,12582912,1048576,766555,4924757704177326807,2069028,11,11,4051304634855804251,4051304634855804251
13,P,20260918,2620,8,measure,244,stride_4097,25165824,1048576,2962262,11599949610931791799,8418076,11,11,16050890006809861545,16050890006809861545
13,P,20260918,2621,8,measure,245,random,6291456,1048576,207193,2104715357859273262,5896156,11,11,11450513289972586223,11450513289972586223
13,P,20260918,2622,8,measure,246,stride_17,268435456,1048576,24472833,6044878358891684629,9753583,11,11,10927897682994480114,10927897682994480114
13,P,20260918,2623,8,measure,247,random,4194304,1048576,322413,4198671925657813280,3578893,11,11,11381848375715310516,11381848375715310516
13,P,20260918,2624,8,measure,248,stride_513,6291456,1048576,466563,12119754016102618806,2265573,11,11,2329185465026963428,2329185465026963428
13,P,20260918,2625,8,measure,249,stride_1_double,393216,2097152,37471,4806274775621564847,3369765,11,11,454339954466424189,454339954466424189
13,P,20260918,2626,8,measure,250,stride_1,32768,1048576,2993,3230462981207357097,1612889,11,11,10598541984122395648,10598541984122395648
13,P,20260918,2627,8,measure,251,stride_1_double,1048576,2097152,61185,8083463434911207008,3065913,11,11,17594462461740979760,17594462461740979760
13,P,20260918,2628,8,measure,252,stride_1_bis,134217728,1048576,15451786,17436894921209004067,1980844,11,11,1702873314442857571,1702873314442857571
13,P,20260918,2629,8,measure,253,stride_17,16384,1048576,699,181164093556190015,1403732,11,11,9548053087369131008,9548053087369131008
13,P,20260918,2630,8,measure,254,stride_1_double,134217728,2097152,9947614,3401214200971423163,3869580,11,11,14062669754788137021,14062669754788137021
13,P,20260918,2631,8,measure,255,random,393216,1048576,17838,6340923169354909260,1182281,11,11,8720857534554796157,8720857534554796157
13,P,20260918,2632,8,measure,256,stride_4097,4194304,1048576,217919,13642093133203236026,1571219,11,11,12406089252390561320,12406089252390561320
13,P,20260918,2633,8,measure,257,stride_1,16777216,1048576,1744083,8678479653495285593,1887725,11,11,14700118463033004850,14700118463033004850
13,P,20260918,2634,8,measure,258,pair_same_line,65536,1048576,2349,1298747694752864988,1711936,11,11,8279910506136156182,8279910506136156182
13,P,20260918,2635,8,measure,259,pair_split_line,268435456,1048576,30828212,8258191790267979626,22494236,11,11,4964660769645156397,4964660769645156397
13,P,20260918,2636,8,measure,260,stride_17,6144,1048576,243,17906311064480174425,1525178,11,11,4582798430501662570,4582798430501662570
13,P,20260918,2637,8,measure,261,pair_same_line,201326592,1048576,23668401,15948881105311416485,18702546,11,11,5424515853140741583,5424515853140741583
13,P,20260918,2638,8,measure,262,stride_4097,196608,1048576,22907,14340400645939343586,1930730,11,11,7064675735992007518,7064675735992007518
13,P,20260918,2639,8,measure,263,stride_1,4194304,1048576,28505,7706760475742881300,2249256,11,11,12406089252390561320,12406089252390561320
13,P,20260918,2640,8,measure,264,pair_split_line,16384,1048576,1388,2332686575190516994,2281144,11,11,2705912818636624203,2705912818636624203
13,P,20260918,2641,8,measure,265,stride_1_bis,12288,1048576,280,17795100049912833248,1600072,11,11,167798122877181990,167798122877181990
13,P,20260918,2642,8,measure,266,pair_split_line,67108864,1048576,4347321,15661481496166416203,23612995,11,11,3145157654224919794,3145157654224919794
13,P,20260918,2643,8,measure,267,random,1572864,1048576,22999,16883181676878646195,2156400,11,11,11901400458437885767,11901400458437885767
13,P,20260918,2644,8,measure,268,stride_513,8192,1048576,916,2384075443395425538,1889066,11,11,116592947459441664,116592947459441664
13,P,20260918,2645,8,measure,269,stride_1_bis,131072,1048576,5195,6764965130698092789,1714480,11,11,16921412609114818048,16921412609114818048
13,P,20260918,2646,8,measure,270,pair_same_line,786432,1048576,66224,11189170376475984946,2549073,11,11,3181615943606549747,3181615943606549747
13,P,20260918,2647,8,measure,271,random,8388608,1048576,653859,3542204567102852077,9574203,11,11,6622473836920150887,6622473836920150887
13,P,20260918,2648,8,measure,272,stride_17,4096,1048576,204,14911103666949920878,1874366,11,11,8154595385843253248,8154595385843253248
13,P,20260918,2649,8,measure,273,pair_split_line,4194304,1048576,484440,9804429377333014063,6369078,11,11,6382938434978360928,6382938434978360928
13,P,20260918,2650,8,measure,274,stride_1,2097152,1048576,124371,15999430586901029924,1656738,11,11,14577075130308765988,14577075130308765988
13,P,20260918,2651,8,measure,275,stride_1_double,1572864,2097152,99432,13741089033745815916,3037389,11,11,16577985309491695993,16577985309491695993
13,P,20260918,2652,8,measure,276,random,6144,1048576,597,4118813250903717928,1173921,11,11,11906849924730575213,11906849924730575213
13,P,20260918,2653,8,measure,277,pair_same_line,393216,1048576,25388,14335026540015445419,1906885,11,11,17994203380744615007,17994203380744615007
13,P,20260918,2654,8,measure,278,stride_1,131072,1048576,3552,2858083682506688760,1518656,11,11,16921412609114818048,16921412609114818048
13,P,20260918,2655,8,measure,279,stride_1_bis,393216,1048576,20308,14063944192334834901,1360451,11,11,15364848679272923546,15364848679272923546
13,P,20260918,2656,8,measure,280,stride_513,268435456,1048576,17520689,18247358053756914666,11864607,11,11,12864676300494878076,12864676300494878076
13,P,20260918,2657,8,measure,281,stride_4097,33554432,1048576,3367608,17368543687185082197,7243813,11,11,18101255374778586284,18101255374778586284
13,P,20260918,2658,8,measure,282,stride_1_double,6291456,2097152,636967,916693454614409100,4453099,11,11,12226914146563510620,12226914146563510620
13,P,20260918,2659,8,measure,283,stride_513,98304,1048576,6071,15242755847282379094,1545883,11,11,16959111087276692480,16959111087276692480
13,P,20260918,2660,8,measure,284,random,65536,1048576,578,9652812556205329316,1214649,11,11,10697684541575745518,10697684541575745518
13,P,20260918,2661,8,measure,285,pair_same_line,1048576,1048576,128015,14115424979358159679,2098294,11,11,1277087208870892783,1277087208870892783
13,P,20260918,2662,8,measure,286,pair_split_line,65536,1048576,1042,8228930745552546729,2016768,11,11,12145122403971521566,12145122403971521566
13,P,20260918,2663,8,measure,287,stride_1,524288,1048576,55278,2429093922203861307,1388579,11,11,10061883979847375520,10061883979847375520
13,P,20260918,2664,8,measure,288,stride_513,4096,1048576,300,14376921807119577078,1408782,11,11,8154595385843253248,8154595385843253248
13,P,20260918,2665,8,measure,289,random,16777216,1048576,568178,2095399559943835192,11550707,11,11,11948205242410188804,11948205242410188804
13,P,20260918,2666,8,measure,290,stride_4097,134217728,1048576,14200014,540659507236716667,7142611,11,11,17267368495052870918,17267368495052870918
13,P,20260918,2667,8,measure,291,stride_1,12582912,1048576,1362019,16426580286276628644,2210100,11,11,5431493215165594301,5431493215165594301
13,P,20260918,2668,8,measure,292,stride_4097,50331648,1048576,4577013,15088870339380774839,8298105,11,11,11605397513811157612,11605397513811157612
13,P,20260918,2669,8,measure,293,stride_4097,8388608,1048576,1029676,4627442947644583927,3376018,11,11,18303280461608560459,18303280461608560459
13,P,20260918,2670,8,measure,294,stride_4097,12582912,1048576,13316,9488994309201085842,5465223,11,11,18107360204763062053,18107360204763062053
13,P,20260918,2671,8,measure,295,stride_1_double,201326592,2097152,16931860,9311160740468721705,4367800,11,11,16875598578030661121,16875598578030661121
13,P,20260918,2672,8,measure,296,stride_17,393216,1048576,44635,1137374210212199075,1408452,11,11,2017318875594618493,2017318875594618493
