run_id,core,seed,sample,round,phase,position,label,bytes,accesses,start,salt,elapsed_ns,cpu_before,cpu_after,result,expected
5,P,20260918,0,0,warmup,0,pair_same_line,134217728,1048576,10172287,11244706785804208903,18375181,11,11,4380203260550078879,4380203260550078879
5,P,20260918,1,0,warmup,1,stride_4097,131072,1048576,6953,1176843838976046695,1434142,11,11,16921412609114818048,16921412609114818048
5,P,20260918,2,0,warmup,2,pair_same_line,8192,1048576,471,10421555085976868528,1631997,11,11,5415711362922283313,5415711362922283313
5,P,20260918,3,0,warmup,3,stride_1_bis,4096,1048576,238,11051546760370264775,1365614,11,11,8154595385843253248,8154595385843253248
5,P,20260918,4,0,warmup,4,stride_1,98304,1048576,9456,1208533771894526778,1352003,11,11,1584426753256281043,1584426753256281043
5,P,20260918,5,0,warmup,5,stride_17,2097152,1048576,14693,13457384939883662501,1727696,11,11,14577075130308765988,14577075130308765988
5,P,20260918,6,0,warmup,6,pair_split_line,2097152,1048576,202019,14987896982928204268,3162885,11,11,13315296234873316875,13315296234873316875
5,P,20260918,7,0,warmup,7,stride_4097,12582912,1048576,547066,15137213434801384092,7298237,11,11,1695132305582896429,1695132305582896429
5,P,20260918,8,0,warmup,8,stride_513,2097152,1048576,59112,4851496767875412492,1747973,11,11,14577075130308765988,14577075130308765988
5,P,20260918,9,0,warmup,9,stride_17,25165824,1048576,2314713,15602099945535308106,6683787,11,11,3501264786942286453,3501264786942286453
5,P,20260918,10,0,warmup,10,stride_1,32768,1048576,3027,14997510257851808536,1352082,11,11,10598541984122395648,10598541984122395648
5,P,20260918,11,0,warmup,11,stride_513,24576,1048576,327,3203484222558216073,1351471,11,11,15675031744929201152,15675031744929201152
5,P,20260918,12,0,warmup,12,stride_4097,98304,1048576,7463,11088531309200696773,1424622,11,11,7806815124743920465,7806815124743920465
5,P,20260918,13,0,warmup,13,stride_513,98304,1048576,6987,15869398886249977434,1405924,11,11,3510283103173401088,3510283103173401088
5,P,20260918,14,0,warmup,14,stride_1,12582912,1048576,1430441,17065895436606721249,1848011,11,11,5862960282784194518,5862960282784194518
5,P,20260918,15,0,warmup,15,stride_1,3145728,1048576,110074,17199988021885202461,1689506,11,11,8649403087553095503,8649403087553095503
5,P,20260918,16,0,warmup,16,stride_17,262144,1048576,18056,8431399681217544078,1358328,11,11,3252759155835688704,3252759155835688704
5,P,20260918,17,0,warmup,17,stride_1,1572864,1048576,32879,2959155782344529623,1388612,11,11,7166124276183585863,7166124276183585863
5,P,20260918,18,0,warmup,18,pair_same_line,524288,1048576,58154,10370158128375036943,1918149,11,11,4895531015995483463,4895531015995483463
5,P,20260918,19,0,warmup,19,pair_same_line,98304,1048576,7312,17562975677700772957,1755064,11,11,14731980446762635927,14731980446762635927
5,P,20260918,20,0,warmup,20,pair_split_line,16777216,1048576,675877,16328312655119408595,12334278,11,11,10655250704192725850,10655250704192725850
5,P,20260918,21,0,warmup,21,pair_same_line,4194304,1048576,455290,1372898162050963062,3526210,11,11,11611304810898847325,11611304810898847325
5,P,20260918,22,0,warmup,22,stride_17,33554432,1048576,1470464,2291909602366479278,7325960,11,11,13073129626029126003,13073129626029126003
5,P,20260918,23,0,warmup,23,stride_17,12582912,1048576,216593,13933286503886290768,5268618,11,11,10641866894329419327,10641866894329419327
5,P,20260918,24,0,warmup,24,stride_513,196608,1048576,2101,11198925085768093328,1428497,11,11,2303624161942002560,2303624161942002560
5,P,20260918,25,0,warmup,25,stride_1_double,12288,2097152,1,9117840360657876963,2707149,11,11,16198048369513128409,16198048369513128409
5,P,20260918,26,0,warmup,26,random,16777216,1048576,844452,3554088148602355394,9508900,11,11,15197517428694569105,15197517428694569105
5,P,20260918,27,0,warmup,27,pair_split_line,8388608,1048576,344009,5064667777673407149,7596390,11,11,15742035925420478094,15742035925420478094
5,P,20260918,28,0,warmup,28,stride_1,524288,1048576,48471,16007509529938718122,1354916,11,11,10061883979847375520,10061883979847375520
5,P,20260918,29,0,warmup,29,random,131072,1048576,16331,13392973564954916802,1144499,11,11,4786345053020693759,4786345053020693759
5,P,20260918,30,0,warmup,30,stride_1_bis,6144,1048576,732,4367774160152399695,1354694,11,11,8747294313157040318,8747294313157040318
5,P,20260918,31,0,warmup,31,stride_1_bis,50331648,1048576,4016041,5727877536792652809,1721123,11,11,15707515574674087334,15707515574674087334
5,P,20260918,32,0,warmup,32,stride_1_double,393216,2097152,35599,4150104169541085326,2715116,11,11,18184190009178439388,18184190009178439388
5,P,20260918,33,0,warmup,33,stride_1_bis,12288,1048576,99,13422727537018278213,1351408,11,11,16146105988188776414,16146105988188776414
5,P,20260918,34,0,warmup,34,random,1572864,1048576,195562,15634509775982909478,1569247,11,11,4317533089054229969,4317533089054229969
5,P,20260918,35,0,warmup,35,stride_1_double,6291456,2097152,293460,4758447427342661434,3013842,11,11,3925593069937002179,3925593069937002179
5,P,20260918,36,0,warmup,36,random,8388608,1048576,801030,11802590721157156348,4778573,11,11,6444354095605182374,6444354095605182374
5,P,20260918,37,0,warmup,37,stride_1_double,16384,2097152,1535,7793655644092167582,2704591,11,11,649362101028710400,649362101028710400
5,P,20260918,38,0,warmup,38,stride_1_double,268435456,2097152,17567523,16094954017950452536,3271761,11,11,15949686115987120098,15949686115987120098
5,P,20260918,39,0,warmup,39,stride_1_double,100663296,2097152,9747026,2598990406276507398,3588695,11,11,6902196352340057111,6902196352340057111
5,P,20260918,40,0,warmup,40,stride_1_double,2097152,2097152,169393,5355388757546528658,2963553,11,11,10707406186907980360,10707406186907980360
5,P,20260918,41,0,warmup,41,random,201326592,1048576,7198295,16832325046846895653,17020311,11,11,17660762083068910962,17660762083068910962
5,P,20260918,42,0,warmup,42,pair_split_line,67108864,1048576,50885,7035790564752753274,21816831,11,11,16676532593512089754,16676532593512089754
5,P,20260918,43,0,warmup,43,pair_split_line,65536,1048576,2521,1302163178621204328,2137945,11,11,2719014811002019960,2719014811002019960
5,P,20260918,44,0,warmup,44,pair_split_line,16384,1048576,839,15156759149700449091,1926942,11,11,10911013012319977071,10911013012319977071
5,P,20260918,45,0,warmup,45,stride_4097,524288,1048576,64419,15349956742419845145,1463768,11,11,10061883979847375520,10061883979847375520
5,P,20260918,46,0,warmup,46,stride_513,786432,1048576,68627,16903569492721188549,1444133,11,11,13192199103146003808,13192199103146003808
5,P,20260918,47,0,warmup,47,stride_4097,32768,1048576,298,15276865444673457187,1354653,11,11,10598541984122395648,10598541984122395648
5,P,20260918,48,0,warmup,48,stride_513,8388608,1048576,984780,3374593501029849380,3312737,11,11,18303280461608560459,18303280461608560459
5,P,20260918,49,0,warmup,49,pair_split_line,1572864,1048576,107103,14755258329443963355,2721209,11,11,17166541741240716015,17166541741240716015
5,P,20260918,50,0,warmup,50,stride_1,8192,1048576,172,7994194091989352949,1360315,11,11,116592947459441664,116592947459441664
5,P,20260918,51,0,warmup,51,random,4194304,1048576,282942,10002196622071838000,2478621,11,11,7822445069552827045,7822445069552827045
5,P,20260918,52,0,warmup,52,random,12582912,1048576,508674,10074922647061673674,10262599,11,11,6807795774332296909,6807795774332296909
5,P,20260918,53,0,warmup,53,stride_17,16384,1048576,1253,1943610985450381241,1353794,11,11,9548053087369131008,9548053087369131008
5,P,20260918,54,0,warmup,54,stride_1_double,1048576,2097152,80695,9055157592423918781,2750269,11,11,17594462461740979760,17594462461740979760
5,P,20260918,55,0,warmup,55,stride_4097,49152,1048576,3578,4852869785272191519,1357322,11,11,10884293373732492093,10884293373732492093
5,P,20260918,56,0,warmup,56,pair_same_line,33554432,1048576,2794350,2290075228168128348,14774355,11,11,11922999319809164237,11922999319809164237
5,P,20260918,57,0,warmup,57,stride_1_bis,8388608,1048576,20258,8287892762360802046,1915555,11,11,18303280461608560459,18303280461608560459
5,P,20260918,58,0,warmup,58,random,524288,1048576,536,6367433697120810246,1168673,11,11,1583286227469982273,1583286227469982273
5,P,20260918,59,0,warmup,59,stride_1,393216,1048576,28278,4041187580740708440,1355437,11,11,5391845272788921061,5391845272788921061
5,P,20260918,60,0,warmup,60,random,12288,1048576,470,15388579049173944658,1091546,11,11,4929485306312054902,4929485306312054902
5,P,20260918,61,0,warmup,61,stride_4097,25165824,1048576,1447446,15686632092110811779,7473719,11,11,17004942228087767340,17004942228087767340
5,P,20260918,62,0,warmup,62,stride_1_bis,32768,1048576,11,16094492015542792476,1354018,11,11,10598541984122395648,10598541984122395648
5,P,20260918,63,0,warmup,63,stride_1_bis,6291456,1048576,734278,7625687191935473320,2103517,11,11,15706323323835554557,15706323323835554557
5,P,20260918,64,0,warmup,64,pair_same_line,67108864,1048576,1601628,3634114660522316022,16116679,11,11,14527244696450868574,14527244696450868574
5,P,20260918,65,0,warmup,65,stride_1_double,3145728,2097152,84261,787987296627226370,3785288,11,11,16093492419798655323,16093492419798655323
5,P,20260918,66,0,warmup,66,random,100663296,1048576,10136369,17805701861645923748,15480230,11,11,3398681910903300627,3398681910903300627
5,P,20260918,67,0,warmup,67,random,134217728,1048576,12668103,15003610105058453924,17043919,11,11,15969420142892062148,15969420142892062148
5,P,20260918,68,0,warmup,68,stride_1,24576,1048576,3058,6539274138708723912,2103971,11,11,16125097085428214602,16125097085428214602
5,P,20260918,69,0,warmup,69,stride_513,1572864,1048576,175031,9669131145081392898,2549352,11,11,4152134303135996640,4152134303135996640
5,P,20260918,70,0,warmup,70,pair_same_line,32768,1048576,1108,4723482112298801658,2154226,11,11,6837558649448802865,6837558649448802865
5,P,20260918,71,0,warmup,71,stride_1_double,33554432,2097152,2877821,2550362593019195361,4403767,11,11,2773514389167208440,2773514389167208440
5,P,20260918,72,0,warmup,72,stride_513,50331648,1048576,1548469,1501575267859825434,12258854,11,11,6539814325259676144,6539814325259676144
5,P,20260918,73,0,warmup,73,stride_1_bis,201326592,1048576,22671738,16400778268346429152,2647574,11,11,11031534379350865096,11031534379350865096
5,P,20260918,74,0,warmup,74,stride_1_double,134217728,2097152,15391021,10608020995107173136,5053507,11,11,16827221461069893054,16827221461069893054
5,P,20260918,75,0,warmup,75,stride_1,16777216,1048576,1346087,5561647233890070202,2445210,11,11,1043944361499127997,1043944361499127997
5,P,20260918,76,0,warmup,76,pair_same_line,393216,1048576,13549,4757924525781926241,2336742,11,11,5284803998352775087,5284803998352775087
5,P,20260918,77,0,warmup,77,stride_1_double,67108864,2097152,6935158,16416295557731961028,4182708,11,11,2770301545015486702,2770301545015486702
5,P,20260918,78,0,warmup,78,stride_1_bis,1048576,1048576,39262,14542826519226700913,1461334,11,11,8797231230870489880,8797231230870489880
5,P,20260918,79,0,warmup,79,stride_513,268435456,1048576,358994,17534514974833465863,13088276,11,11,1432114001104604851,1432114001104604851
5,P,20260918,80,0,warmup,80,pair_same_line,2097152,1048576,98304,9009034090597346068,3101355,11,11,8538503858177176477,8538503858177176477
5,P,20260918,81,0,warmup,81,stride_17,131072,1048576,12531,1354818385261290716,1615967,11,11,16921412609114818048,16921412609114818048
5,P,20260918,82,0,warmup,82,stride_17,65536,1048576,4547,12035294380946572651,1569097,11,11,16423878549329276288,16423878549329276288
5,P,20260918,83,0,warmup,83,stride_513,524288,1048576,21282,7727804270596814959,1575413,11,11,10061883979847375520,10061883979847375520
5,P,20260918,84,0,warmup,84,stride_513,12288,1048576,558,6754663927321872741,1416445,11,11,5992043729455024128,5992043729455024128
5,P,20260918,85,0,warmup,85,stride_513,131072,1048576,13339,4670055783275058285,1431205,11,11,16921412609114818048,16921412609114818048
5,P,20260918,86,0,warmup,86,stride_1,100663296,1048576,2807572,7798664262778347817,1739903,11,11,2548133437327766662,2548133437327766662
5,P,20260918,87,0,warmup,87,stride_1_bis,33554432,1048576,2261971,4392284997601294686,2148673,11,11,6991044479969438399,6991044479969438399
5,P,20260918,88,0,warmup,88,stride_513,16777216,1048576,1112650,1054091635201649819,9709158,11,11,17338986606372366838,17338986606372366838
5,P,20260918,89,0,warmup,89,random,393216,1048576,22015,14833424814275552553,1186435,11,11,1532373030370607234,1532373030370607234
5,P,20260918,90,0,warmup,90,stride_513,33554432,1048576,722862,14589232032320985951,10479622,11,11,10176582388878558779,10176582388878558779
5,P,20260918,91,0,warmup,91,stride_4097,786432,1048576,79554,14911865901007588709,1690132,11,11,6818950208777220851,6818950208777220851
5,P,20260918,92,0,warmup,92,pair_same_line,24576,1048576,2895,7216001532598780934,1846880,11,11,4308417356983190228,4308417356983190228
5,P,20260918,93,0,warmup,93,stride_513,49152,1048576,5715,15826056468800278511,1515825,11,11,9764209366394647040,9764209366394647040
5,P,20260918,94,0,warmup,94,stride_17,24576,1048576,2734,6932193144147131196,1450813,11,11,10112255320682618918,10112255320682618918
5,P,20260918,95,0,warmup,95,stride_4097,1048576,1048576,98421,3547475311321850200,1450859,11,11,8797231230870489880,8797231230870489880
5,P,20260918,96,0,warmup,96,random,262144,1048576,27492,17797461105898111709,1184426,11,11,8305801353028690963,8305801353028690963
5,P,20260918,97,0,warmup,97,pair_split_line,24576,1048576,2721,42874045037324104,1895291,11,11,1403394013888382238,1403394013888382238
5,P,20260918,98,0,warmup,98,stride_4097,4096,1048576,495,14564528491117720504,1360861,11,11,8154595385843253248,8154595385843253248
5,P,20260918,99,0,warmup,99,stride_1_double,524288,2097152,51468,11624167636883048045,2708477,11,11,1677023885985199424,1677023885985199424
5,P,20260918,100,0,warmup,100,pair_split_line,6144,1048576,235,3596431385215035732,1880948,11,11,13217830115510211034,13217830115510211034
5,P,20260918,101,0,warmup,101,pair_same_line,6144,1048576,150,9418458929282456696,1626978,11,11,10182245491276495514,10182245491276495514
5,P,20260918,102,0,warmup,102,random,67108864,1048576,574112,14783307577470096777,15345755,11,11,15315213072707458971,15315213072707458971
5,P,20260918,103,0,warmup,103,random,50331648,1048576,5910901,1347632076663109925,15094628,11,11,14979172654162734952,14979172654162734952
5,P,20260918,104,0,warmup,104,stride_17,786432,1048576,42503,6371161775454573799,1784160,11,11,6556066946908346960,6556066946908346960
5,P,20260918,105,0,warmup,105,stride_1_bis,25165824,1048576,1794532,10225541074720719343,2030960,11,11,2532759479743831710,2532759479743831710
5,P,20260918,106,0,warmup,106,pair_split_line,12582912,1048576,1511479,4701971006654088655,14797784,11,11,7789138467801445751,7789138467801445751
5,P,20260918,107,0,warmup,107,stride_1_double,25165824,2097152,752296,3147144069732403405,3976764,11,11,10509086764010405412,10509086764010405412
5,P,20260918,108,0,warmup,108,stride_513,16384,1048576,1946,2278530485247769255,1632640,11,11,9548053087369131008,9548053087369131008
5,P,20260918,109,0,warmup,109,stride_1_double,49152,2097152,5582,16400695907401777820,3152347,11,11,6901467165189271901,6901467165189271901
5,P,20260918,110,0,warmup,110,stride_1,262144,1048576,31951,1425501964794187148,1493252,11,11,3252759155835688704,3252759155835688704
5,P,20260918,111,0,warmup,111,pair_same_line,268435456,1048576,28112237,8455395554392235047,19327547,11,11,4643691626371378542,4643691626371378542
5,P,20260918,112,0,warmup,112,stride_1_bis,393216,1048576,13254,689747688907948486,1818818,11,11,16675949682456901857,16675949682456901857
5,P,20260918,113,0,warmup,113,pair_same_line,16384,1048576,759,4886598431543746604,2058295,11,11,1607820684062905280,1607820684062905280
5,P,20260918,114,0,warmup,114,random,8192,1048576,348,6012971912377857132,1320277,11,11,6506789587585857887,6506789587585857887
5,P,20260918,115,0,warmup,115,stride_1,6291456,1048576,694425,5747435983170373931,2121837,11,11,6141420020091238299,6141420020091238299
5,P,20260918,116,0,warmup,116,stride_1_double,8192,2097152,528,10244985367198434957,3022756,11,11,233185894918883328,233185894918883328
5,P,20260918,117,0,warmup,117,stride_1_double,98304,2097152,9483,910475844860771325,2807428,11,11,2424842470228383117,2424842470228383117
5,P,20260918,118,0,warmup,118,pair_split_line,6291456,1048576,351537,11635247012012988879,6023958,11,11,9111913181553118822,9111913181553118822
5,P,20260918,119,0,warmup,119,stride_513,201326592,1048576,19416329,10083535681596705172,13496828,11,11,17410501843873590537,17410501843873590537
5,P,20260918,120,0,warmup,120,stride_1,65536,1048576,8035,2225614815445588007,1549641,11,11,16423878549329276288,16423878549329276288
5,P,20260918,121,0,warmup,121,stride_4097,262144,1048576,14066,4871176732267767735,1516844,11,11,3252759155835688704,3252759155835688704
5,P,20260918,122,0,warmup,122,stride_17,393216,1048576,7015,4734791974135944323,1447205,11,11,11671056836077852612,11671056836077852612
5,P,20260918,123,0,warmup,123,stride_513,3145728,1048576,324581,8557595821095352698,2063108,11,11,13978878534847391976,13978878534847391976
5,P,20260918,124,0,warmup,124,stride_17,50331648,1048576,1106515,17089862223950851285,8629151,11,11,14967735631464081126,14967735631464081126
5,P,20260918,125,0,warmup,125,stride_1_bis,786432,1048576,50216,14675382490287471264,1584031,11,11,16596001999129307428,16596001999129307428
5,P,20260918,126,0,warmup,126,stride_513,134217728,1048576,11526410,8053377217005197229,12474442,11,11,9178702233179330482,9178702233179330482
5,P,20260918,127,0,warmup,127,stride_17,1572864,1048576,48514,4285012382745446371,1934380,11,11,13897530644216742843,13897530644216742843
5,P,20260918,128,0,warmup,128,stride_4097,1572864,1048576,117381,3577841076529475213,1797988,11,11,981386935705868239,981386935705868239
5,P,20260918,129,0,warmup,129,pair_same_line,131072,1048576,15174,6329988130537209185,2156188,11,11,3207773974077841058,3207773974077841058
5,P,20260918,130,0,warmup,130,random,2097152,1048576,187998,663909062936544841,2991434,11,11,16052794223708546812,16052794223708546812
5,P,20260918,131,0,warmup,131,random,25165824,1048576,190585,200776700446769445,13345152,11,11,8199642766027755437,8199642766027755437
5,P,20260918,132,0,warmup,132,stride_1,8388608,1048576,863750,2107041072431320302,2428332,11,11,18303280461608560459,18303280461608560459
5,P,20260918,133,0,warmup,133,stride_1_double,786432,2097152,36224,13518805152953443485,3480859,11,11,15883954670457996410,15883954670457996410
5,P,20260918,134,0,warmup,134,pair_split_line,196608,1048576,22497,13302077369537216225,2706755,11,11,16855031127309405645,16855031127309405645
5,P,20260918,135,0,warmup,135,pair_same_line,50331648,1048576,905893,11774973174188765690,16411157,11,11,13271672567568026987,13271672567568026987
5,P,20260918,136,0,warmup,136,stride_1_double,1572864,2097152,68107,14270029395113123960,3704057,11,11,3858121592446267008,3858121592446267008
5,P,20260918,137,0,warmup,137,random,268435456,1048576,7537954,11933101166248524424,18490170,11,11,7423806877086214500,7423806877086214500
5,P,20260918,138,0,warmup,138,pair_same_line,4096,1048576,433,7053443030962348101,2540797,11,11,4160254976096782680,4160254976096782680
5,P,20260918,139,0,warmup,139,random,786432,1048576,3200,133245466133550962,2084526,11,11,11935310330734255426,11935310330734255426
5,P,20260918,140,0,warmup,140,stride_1,67108864,1048576,6246889,15762750608995316606,1977871,11,11,14923496889848265198,14923496889848265198
5,P,20260918,141,0,warmup,141,random,6144,1048576,637,4759084852455670149,1425798,11,11,5896628504043982090,5896628504043982090
5,P,20260918,142,0,warmup,142,pair_split_line,268435456,1048576,11062134,9379322174308162820,28761749,11,11,5490390758667330145,5490390758667330145
5,P,20260918,143,0,warmup,143,stride_1,4096,1048576,357,14611983694566594834,2409542,11,11,8154595385843253248,8154595385843253248
5,P,20260918,144,0,warmup,144,random,3145728,1048576,347160,17857708982853827640,5426796,11,11,4836306745983401774,4836306745983401774
5,P,20260918,145,0,warmup,145,stride_4097,16384,1048576,1710,18287098897738431326,2123567,11,11,9548053087369131008,9548053087369131008
5,P,20260918,146,0,warmup,146,stride_1_bis,268435456,1048576,3494619,17698799651388016926,2430186,11,11,5023767425829707976,5023767425829707976
5,P,20260918,147,0,warmup,147,pair_same_line,196608,1048576,11334,12818367160848819195,2273043,11,11,938852634907391185,938852634907391185
5,P,20260918,148,0,warmup,148,random,65536,1048576,7357,4195732555578403781,1408584,11,11,15922289118591617541,15922289118591617541
5,P,20260918,149,0,warmup,149,stride_1,196608,1048576,12187,16270064279394294606,1703246,11,11,4731979044441459245,4731979044441459245
5,P,20260918,150,0,warmup,150,pair_same_line,25165824,1048576,413381,18242395025404029468,16225438,11,11,16667372507214948094,16667372507214948094
5,P,20260918,151,0,warmup,151,stride_1_bis,131072,1048576,1100,839686668979160469,2122536,11,11,16921412609114818048,16921412609114818048
5,P,20260918,152,0,warmup,152,stride_4097,4194304,1048576,269342,3266069342412644489,2694021,11,11,12406089252390561320,12406089252390561320
5,P,20260918,153,0,warmup,153,stride_17,32768,1048576,3971,4043620708536542728,1842229,11,11,10598541984122395648,10598541984122395648
5,P,20260918,154,0,warmup,154,stride_513,4096,1048576,114,16003306802101834545,1902243,11,11,8154595385843253248,8154595385843253248
5,P,20260918,155,0,warmup,155,random,33554432,1048576,1640222,8238640784284543692,13913658,11,11,18248131605154938617,18248131605154938617
5,P,20260918,156,0,warmup,156,stride_17,4096,1048576,154,8808752622722837611,2084805,11,11,8154595385843253248,8154595385843253248
5,P,20260918,157,0,warmup,157,stride_17,8192,1048576,596,16997049972503710112,1903425,11,11,116592947459441664,116592947459441664
5,P,20260918,158,0,warmup,158,pair_split_line,3145728,1048576,154999,758437439247714806,4961868,11,11,11536022569328243043,11536022569328243043
5,P,20260918,159,0,warmup,159,stride_1_bis,2097152,1048576,59292,1692668938702549563,1710206,11,11,14577075130308765988,14577075130308765988
5,P,20260918,160,0,warmup,160,stride_17,134217728,1048576,1193879,12300591323688278148,9777743,11,11,1048834717669981964,1048834717669981964
5,P,20260918,161,0,warmup,161,pair_split_line,201326592,1048576,23243672,17196009006303636692,23987187,11,11,13565563190597319239,13565563190597319239
5,P,20260918,162,0,warmup,162,stride_1_double,16777216,2097152,1013501,11257514562696610147,5300852,11,11,12841062978479921428,12841062978479921428
5,P,20260918,163,0,warmup,163,stride_1,1048576,1048576,25702,4379613049320800585,1816752,11,11,8797231230870489880,8797231230870489880
5,P,20260918,164,0,warmup,164,stride_17,8388608,1048576,704457,6871054067898426029,4561477,11,11,18303280461608560459,18303280461608560459
5,P,20260918,165,0,warmup,165,stride_1_bis,524288,1048576,36131,6998785172245828436,1732231,11,11,10061883979847375520,10061883979847375520
5,P,20260918,166,0,warmup,166,stride_1,12288,1048576,379,15976802687647565,1700506,11,11,10717911705180519179,10717911705180519179
5,P,20260918,167,0,warmup,167,pair_same_line,16777216,1048576,2006917,4482768458822438169,12941939,11,11,8922915037144746896,8922915037144746896
5,P,20260918,168,0,warmup,168,stride_17,4194304,1048576,390450,8455245767243116557,4014999,11,11,12406089252390561320,12406089252390561320
5,P,20260918,169,0,warmup,169,stride_4097,24576,1048576,175,17082688188108423659,1757955,11,11,13339548282192013636,13339548282192013636
5,P,20260918,170,0,warmup,170,stride_513,6291456,1048576,227375,37476897670851807,2284649,11,11,8960868997562969188,8960868997562969188
5,P,20260918,171,0,warmup,171,stride_4097,65536,1048576,7700,9406514706655689968,1695249,11,11,16423878549329276288,16423878549329276288
5,P,20260918,172,0,warmup,172,stride_17,524288,1048576,51460,18413583366274779342,1583751,11,11,10061883979847375520,10061883979847375520
5,P,20260918,173,0,warmup,173,stride_4097,134217728,1048576,16070429,5864455708045088257,7292071,11,11,16186613954573816879,16186613954573816879
5,P,20260918,174,0,warmup,174,stride_513,4194304,1048576,75140,17163044506067304121,2457061,11,11,12406089252390561320,12406089252390561320
5,P,20260918,175,0,warmup,175,stride_1_bis,24576,1048576,2830,1638712098703491576,1582044,11,11,4056628469514229498,4056628469514229498
5,P,20260918,176,0,warmup,176,stride_4097,6291456,1048576,476670,14226319541009323554,2298795,11,11,16759581454810402909,16759581454810402909
5,P,20260918,177,0,warmup,177,stride_4097,268435456,1048576,22907290,1155709652862117411,7989124,11,11,4046208582115813153,4046208582115813153
5,P,20260918,178,0,warmup,178,pair_split_line,4096,1048576,300,14425347672861889777,2242096,11,11,8342589029412979976,8342589029412979976
5,P,20260918,179,0,warmup,179,stride_1_double,6144,2097152,318,10111461386004911715,3103279,11,11,7510627474117479400,7510627474117479400
5,P,20260918,180,0,warmup,180,random,32768,1048576,857,10135070856211032620,1179605,11,11,7917845210006619530,7917845210006619530
5,P,20260918,181,0,warmup,181,stride_17,16777216,1048576,991991,4200757421626962415,7658412,11,11,15473133400231475249,15473133400231475249
5,P,20260918,182,0,warmup,182,pair_split_line,32768,1048576,2196,14875956008027204483,2164646,11,11,9297124434044296970,9297124434044296970
5,P,20260918,183,0,warmup,183,pair_split_line,393216,1048576,12273,10792737323305988483,2536072,11,11,18081634099726960193,18081634099726960193
5,P,20260918,184,0,warmup,184,stride_1_bis,65536,1048576,3301,17491043819514629650,1392007,11,11,16423878549329276288,16423878549329276288
5,P,20260918,185,0,warmup,185,stride_513,32768,1048576,1272,12219745238615582515,1355227,11,11,10598541984122395648,10598541984122395648
5,P,20260918,186,0,warmup,186,stride_513,67108864,1048576,5878016,4694680364972167617,11908025,11,11,16701923688090701333,16701923688090701333
5,P,20260918,187,0,warmup,187,random,196608,1048576,13724,13192500131293918337,1444187,11,11,3949881110734723945,3949881110734723945
5,P,20260918,188,0,warmup,188,stride_17,12288,1048576,1089,7175931414302219208,1568824,11,11,3628803333137752530,3628803333137752530
5,P,20260918,189,0,warmup,189,stride_1_bis,8192,1048576,852,9530260876887743864,1471342,11,11,116592947459441664,116592947459441664
5,P,20260918,190,0,warmup,190,stride_1_bis,100663296,1048576,8438663,10217939262773897981,2048923,11,11,13933329947759976622,13933329947759976622
5,P,20260918,191,0,warmup,191,stride_1,268435456,1048576,18431232,13999408446323147814,2240255,11,11,3404876816272938744,3404876816272938744
5,P,20260918,192,0,warmup,192,pair_same_line,8388608,1048576,936322,1241992975132567187,9495434,11,11,2390214770443946494,2390214770443946494
5,P,20260918,193,0,warmup,193,stride_1,134217728,1048576,10223818,15699459610738492334,2197267,11,11,6542143067511784423,6542143067511784423
5,P,20260918,194,0,warmup,194,stride_17,196608,1048576,5067,500246871068984191,1527932,11,11,5301728976921262895,5301728976921262895
5,P,20260918,195,0,warmup,195,pair_same_line,1048576,1048576,55176,3767790161545523408,2336942,11,11,13535466551885573377,13535466551885573377
5,P,20260918,196,0,warmup,196,stride_1_double,201326592,2097152,13831755,7552865424598369931,4624306,11,11,7361222474549663255,7361222474549663255
5,P,20260918,197,0,warmup,197,pair_split_line,25165824,1048576,1847554,2086303051796539739,15515687,11,11,13463173810644121019,13463173810644121019
5,P,20260918,198,0,warmup,198,stride_1_double,196608,2097152,16702,6028441170194892031,2711820,11,11,15320358390824319650,15320358390824319650
5,P,20260918,199,0,warmup,199,stride_17,3145728,1048576,327615,6021844881467995565,2669232,11,11,14390929985969393037,14390929985969393037
5,P,20260918,200,0,warmup,200,stride_4097,3145728,1048576,81531,12943532356366254873,1684331,11,11,624627938756208514,624627938756208514
5,P,20260918,201,0,warmup,201,stride_1_double,50331648,2097152,5092029,15832114756367033449,4313529,11,11,7648815525064304264,7648815525064304264
5,P,20260918,202,0,warmup,202,pair_same_line,786432,1048576,37373,13683608136357721226,2002781,11,11,4551451788351849612,4551451788351849612
5,P,20260918,203,0,warmup,203,stride_513,1048576,1048576,12359,11726693590853847397,1493361,11,11,8797231230870489880,8797231230870489880
5,P,20260918,204,0,warmup,204,stride_513,65536,1048576,3138,17493965189133695968,1414506,11,11,16423878549329276288,16423878549329276288
5,P,20260918,205,0,warmup,205,stride_17,49152,1048576,3114,14931319686332631325,1364937,11,11,7805996353894826207,7805996353894826207
5,P,20260918,206,0,warmup,206,stride_1_double,131072,2097152,7245,9441965441836906511,2714653,11,11,15396081144520084480,15396081144520084480
5,P,20260918,207,0,warmup,207,stride_1_bis,134217728,1048576,1490761,4870902485272313814,1977081,11,11,12458138239305496653,12458138239305496653
5,P,20260918,208,0,warmup,208,stride_4097,12288,1048576,739,9550546870555985354,1361387,11,11,671577334087494630,671577334087494630
5,P,20260918,209,0,warmup,209,pair_split_line,33554432,1048576,1058272,13408274773244747540,17835407,11,11,14986909369432047988,14986909369432047988
5,P,20260918,210,0,warmup,210,stride_513,262144,1048576,18575,10868449676988279273,1415927,11,11,3252759155835688704,3252759155835688704
5,P,20260918,211,0,warmup,211,stride_4097,201326592,1048576,19881538,14910463113140396592,8882186,11,11,8458046503306177221,8458046503306177221
5,P,20260918,212,0,warmup,212,stride_4097,8192,1048576,648,16704516798512535116,1351708,11,11,116592947459441664,116592947459441664
5,P,20260918,213,0,warmup,213,stride_1_double,8388608,2097152,180954,2543017910451931077,3810909,11,11,18159816849507569302,18159816849507569302
5,P,20260918,214,0,warmup,214,stride_4097,196608,1048576,17006,6884658055229286245,1402450,11,11,690970990056833730,690970990056833730
5,P,20260918,215,0,warmup,215,stride_513,100663296,1048576,1607662,6142213529769478882,13027713,11,11,352397171914226899,352397171914226899
5,P,20260918,216,0,warmup,216,stride_1_bis,16384,1048576,212,16086525863996570147,1356707,11,11,9548053087369131008,9548053087369131008
5,P,20260918,217,0,warmup,217,pair_split_line,131072,1048576,9452,9010391025654450551,2217468,11,11,1134184642227422178,1134184642227422178
5,P,20260918,218,0,warmup,218,pair_same_line,262144,1048576,12089,378226016187310127,1848303,11,11,15829693395035484082,15829693395035484082
5,P,20260918,219,0,warmup,219,pair_split_line,786432,1048576,11153,17627768483338221534,2579408,11,11,10048301223919800467,10048301223919800467
5,P,20260918,220,0,warmup,220,stride_1_bis,12582912,1048576,830271,12606410686795576793,1838427,11,11,285286807476514472,285286807476514472
5,P,20260918,221,0,warmup,221,pair_same_line,65536,1048576,5404,3552776126561127991,1705727,11,11,5553781049915191949,5553781049915191949
5,P,20260918,222,0,warmup,222,stride_17,268435456,1048576,13648424,6593076666502684930,8574589,11,11,12755683737774629609,12755683737774629609
5,P,20260918,223,0,warmup,223,pair_same_line,1572864,1048576,77585,6128886982612328625,2606554,11,11,8678785379186862515,8678785379186862515
5,P,20260918,224,0,warmup,224,stride_1_double,262144,2097152,19512,16674623270764284167,2706757,11,11,6505518311671377408,6505518311671377408
5,P,20260918,225,0,warmup,225,stride_1_bis,4194304,1048576,463221,2025713412783634097,1672904,11,11,12406089252390561320,12406089252390561320
5,P,20260918,226,0,warmup,226,pair_split_line,262144,1048576,13150,10754614427730325359,2311571,11,11,17429850207404096756,17429850207404096756
5,P,20260918,227,0,warmup,227,stride_1,49152,1048576,1112,16730857146252477585,1360725,11,11,17187365573402667192,17187365573402667192
5,P,20260918,228,0,warmup,228,stride_1_double,65536,2097152,584,8320338081483986146,2705480,11,11,14401013024949000960,14401013024949000960
5,P,20260918,229,0,warmup,229,stride_4097,6144,1048576,701,11241968812032220934,1359691,11,11,17070779535739551177,17070779535739551177
5,P,20260918,230,0,warmup,230,stride_4097,16777216,1048576,1101917,4505234584187381646,6862659,11,11,13379268827729062700,13379268827729062700
5,P,20260918,231,0,warmup,231,stride_1_bis,262144,1048576,30685,11889664625928920459,1405552,11,11,3252759155835688704,3252759155835688704
5,P,20260918,232,0,warmup,232,stride_513,393216,1048576,32620,5353676752528171755,1429785,11,11,14847694413740558592,14847694413740558592
5,P,20260918,233,0,warmup,233,stride_1_bis,16777216,1048576,1910208,3738041189994973835,2083664,11,11,11415613110897856993,11415613110897856993
5,P,20260918,234,0,warmup,234,stride_17,98304,1048576,2041,7619618667816445861,1358818,11,11,2103731716288084515,2103731716288084515
5,P,20260918,235,0,warmup,235,stride_1_double,4194304,2097152,275598,8989055499163993015,2917394,11,11,6365434431071571024,6365434431071571024
5,P,20260918,236,0,warmup,236,stride_1,2097152,1048576,249231,965803008702269063,1362540,11,11,14577075130308765988,14577075130308765988
5,P,20260918,237,0,warmup,237,stride_1_double,4096,2097152,419,3305074329921000549,2748738,11,11,16309190771686506496,16309190771686506496
5,P,20260918,238,0,warmup,238,stride_4097,67108864,1048576,839719,11696087424842390388,6792460,11,11,5444368422332076690,5444368422332076690
5,P,20260918,239,0,warmup,239,pair_same_line,201326592,1048576,16840362,15364743070108225057,18324399,11,11,7298512053135283931,7298512053135283931
5,P,20260918,240,0,warmup,240,stride_1,16384,1048576,117,7409682684021149634,1415911,11,11,9548053087369131008,9548053087369131008
5,P,20260918,241,0,warmup,241,stride_4097,100663296,1048576,9333263,13074483302227113844,8410486,11,11,12984443756477708340,12984443756477708340
5,P,20260918,242,0,warmup,242,pair_split_line,50331648,1048576,3253484,9780213198620439189,21352326,11,11,15482577792389756674,15482577792389756674
5,P,20260918,243,0,warmup,243,stride_1,6144,1048576,85,12071060996403842828,1683849,11,11,2296833806286545504,2296833806286545504
5,P,20260918,244,0,warmup,244,stride_17,6291456,1048576,304804,5158346682764851170,4060981,11,11,3579416350013600844,3579416350013600844
5,P,20260918,245,0,warmup,245,stride_1_double,32768,2097152,358,5349155370264768993,3021403,11,11,2750339894535239680,2750339894535239680
5,P,20260918,246,0,warmup,246,pair_split_line,1048576,1048576,38077,6893365088827855519,2727241,11,11,3218679355307300509,3218679355307300509
5,P,20260918,247,0,warmup,247,stride_1_bis,49152,1048576,617,17033717307744205116,1365348,11,11,11935870658693973397,11935870658693973397
5,P,20260918,248,0,warmup,248,random,98304,1048576,11457,3469567651838777403,1159336,11,11,13428386133401357168,13428386133401357168
5,P,20260918,249,0,warmup,249,stride_1,786432,1048576,13105,2426567249563634023,1366497,11,11,2462096647712991979,2462096647712991979
5,P,20260918,250,0,warmup,250,pair_same_line,49152,1048576,4989,8315622343948496769,1627332,11,11,11648619522389541153,11648619522389541153
5,P,20260918,251,0,warmup,251,stride_17,67108864,1048576,3730728,11795146636569972907,8028506,11,11,2862659096264139823,2862659096264139823
5,P,20260918,252,0,warmup,252,pair_split_line,100663296,1048576,10033165,15878241110378148704,21236569,11,11,16096119166949091639,16096119166949091639
5,P,20260918,253,0,warmup,253,pair_same_line,6291456,1048576,541339,692967684804894710,9532475,11,11,2408591259661962881,2408591259661962881
5,P,20260918,254,0,warmup,254,stride_4097,8388608,1048576,53709,1109363701113993297,4164669,11,11,18303280461608560459,18303280461608560459
5,P,20260918,255,0,warmup,255,stride_1,50331648,1048576,2735664,8450359887881749103,2205175,11,11,1093545219506781628,1093545219506781628
5,P,20260918,256,0,warmup,256,stride_4097,2097152,1048576,182780,11483913308645566824,1830973,11,11,14577075130308765988,14577075130308765988
5,P,20260918,257,0,warmup,257,random,4096,1048576,92,11590574277079556849,1321652,11,11,7701551152955984513,7701551152955984513
5,P,20260918,258,0,warmup,258,stride_1_bis,98304,1048576,4905,8633932313876337816,1610021,11,11,5471535509637596188,5471535509637596188
5,P,20260918,259,0,warmup,259,stride_1,25165824,1048576,1208675,17150522972971182268,2114127,11,11,13388987266982627721,13388987266982627721
5,P,20260918,260,0,warmup,260,stride_1,33554432,1048576,896742,9863831064551555900,1988519,11,11,6535688454768337617,6535688454768337617
5,P,20260918,261,0,warmup,261,stride_513,25165824,1048576,960263,16792901170911525822,10139271,11,11,11886943178879158261,11886943178879158261
5,P,20260918,262,0,warmup,262,pair_same_line,3145728,1048576,253649,13002522960061967211,4111419,11,11,7094303261792951141,7094303261792951141
5,P,20260918,263,0,warmup,263,pair_same_line,100663296,1048576,32164,3170513543721999185,18844340,11,11,7179189641812114714,7179189641812114714
5,P,20260918,264,0,warmup,264,pair_split_line,524288,1048576,9009,9830149965035242588,3404370,11,11,3220617486405424635,3220617486405424635
5,P,20260918,265,0,warmup,265,stride_513,12582912,1048576,412303,1563091566394592460,8829232,11,11,4963127596952158292,4963127596952158292
5,P,20260918,266,0,warmup,266,stride_1_bis,67108864,1048576,1932284,8746012072317002764,2251724,11,11,235486386773100361,235486386773100361
5,P,20260918,267,0,warmup,267,stride_4097,33554432,1048576,3720761,2136201031517478078,7793033,11,11,8200839551066457973,8200839551066457973
5,P,20260918,268,0,warmup,268,stride_4097,393216,1048576,14102,853230097904996060,2048099,11,11,16403455941417055578,16403455941417055578
5,P,20260918,269,0,warmup,269,random,49152,1048576,4132,3532215488130751891,1576354,11,11,2556047313793857650,2556047313793857650
5,P,20260918,270,0,warmup,270,random,1048576,1048576,45322,16009372973346678453,2097066,11,11,5176568036906282646,5176568036906282646
5,P,20260918,271,0,warmup,271,stride_1_bis,196608,1048576,6946,6273485230972462340,1795998,11,11,155923225287325583,155923225287325583
5,P,20260918,272,0,warmup,272,stride_17,6144,1048576,716,18024662318993396817,1692473,11,11,4902242666291619961,4902242666291619961
5,P,20260918,273,0,warmup,273,pair_split_line,49152,1048576,5772,1652514624410225866,2368343,11,11,4699008969872559034,4699008969872559034
5,P,20260918,274,0,warmup,274,stride_1,4194304,1048576,421638,17971019214927277154,1882625,11,11,12406089252390561320,12406089252390561320
5,P,20260918,275,0,warmup,275,stride_1,201326592,1048576,19486056,10573308242821582195,1896536,11,11,3678786536429829776,3678786536429829776
5,P,20260918,276,0,warmup,276,stride_513,6144,1048576,255,7969233999636943905,1458668,11,11,6498767571919667200,6498767571919667200
5,P,20260918,277,0,warmup,277,stride_4097,50331648,1048576,1389138,6090126283088868986,8450995,11,11,8156832227649948112,8156832227649948112
5,P,20260918,278,0,warmup,278,stride_17,1048576,1048576,91599,3970046554839753179,1656449,11,11,8797231230870489880,8797231230870489880
5,P,20260918,279,0,warmup,279,pair_split_line,134217728,1048576,14996962,12810448955472419503,26615005,11,11,3292125775815457528,3292125775815457528
5,P,20260918,280,0,warmup,280,random,24576,1048576,384,286610961393622002,1727992,11,11,5545427470459872093,5545427470459872093
5,P,20260918,281,0,warmup,281,stride_1_bis,1572864,1048576,140098,13026598659568133661,2033048,11,11,14839175744678691532,14839175744678691532
5,P,20260918,282,0,warmup,282,stride_17,100663296,1048576,10129627,14090699702062001169,10126448,11,11,13989562472898501962,13989562472898501962
5,P,20260918,283,0,warmup,283,random,6291456,1048576,704399,9824780034535888895,7272015,11,11,15717308139333500232,15717308139333500232
5,P,20260918,284,0,warmup,284,pair_split_line,4194304,1048576,352430,14047200174019765293,5740665,11,11,2314833200394317203,2314833200394317203
5,P,20260918,285,0,warmup,285,stride_1_double,12582912,2097152,940643,10088036461684168826,4525231,11,11,414470266883355201,414470266883355201
5,P,20260918,286,0,warmup,286,stride_1,131072,1048576,12995,1177314614366619653,1751742,11,11,16921412609114818048,16921412609114818048
5,P,20260918,287,0,warmup,287,stride_17,201326592,1048576,14916885,6069044223293544795,9999660,11,11,11452159876404650083,11452159876404650083
5,P,20260918,288,0,warmup,288,pair_same_line,12288,1048576,135,10035548866188973104,2226995,11,11,5349272083805457307,5349272083805457307
5,P,20260918,289,0,warmup,289,pair_split_line,12288,1048576,24,8157869595058663274,2465625,11,11,13148485609161999596,13148485609161999596
5,P,20260918,290,0,warmup,290,pair_split_line,98304,1048576,11299,4514567316712307337,2666098,11,11,5556067235287476704,5556067235287476704
5,P,20260918,291,0,warmup,291,stride_1_double,24576,2097152,2705,8844720701371561263,3136251,11,11,5504668961943069108,5504668961943069108
5,P,20260918,292,0,warmup,292,stride_513,8192,1048576,377,12618198203684084921,1558674,11,11,116592947459441664,116592947459441664
5,P,20260918,293,0,warmup,293,pair_same_line,12582912,1048576,1369084,5625064255585851401,13348696,11,11,10265046236702787378,10265046236702787378
5,P,20260918,294,0,warmup,294,random,16384,1048576,913,9014486807823012856,1315757,11,11,15902911348517594759,15902911348517594759
5,P,20260918,295,0,warmup,295,stride_1_bis,3145728,1048576,376173,16514781714536787905,1999730,11,11,6144516080506985198,6144516080506985198
5,P,20260918,296,0,warmup,296,pair_split_line,8192,1048576,195,7360980734085644113,2093787,11,11,9152163094775868370,9152163094775868370
5,P,20260918,297,1,measure,0,pair_split_line,2097152,1048576,56343,1624485414599340188,3097897,11,11,13120309253005940389,13120309253005940389
5,P,20260918,298,1,measure,1,stride_4097,786432,1048576,58847,834576949728542198,1433533,11,11,12995461927651688478,12995461927651688478
5,P,20260918,299,1,measure,2,random,6144,1048576,242,15139269724380508792,1092576,11,11,2674620908236160241,2674620908236160241
5,P,20260918,300,1,measure,3,pair_same_line,8388608,1048576,554111,14635596499493710756,9823910,11,11,15600835881085573137,15600835881085573137
5,P,20260918,301,1,measure,4,stride_1_double,262144,2097152,2518,10761244399438293962,2716479,11,11,6505518311671377408,6505518311671377408
5,P,20260918,302,1,measure,5,pair_split_line,67108864,1048576,909376,2311502318723128854,20065187,11,11,8764568647712830721,8764568647712830721
5,P,20260918,303,1,measure,6,stride_1,196608,1048576,14346,5158517478357721853,1679008,11,11,12869020687047656029,12869020687047656029
5,P,20260918,304,1,measure,7,pair_split_line,201326592,1048576,17983460,17671665609345776706,25222661,11,11,7657936204040702444,7657936204040702444
5,P,20260918,305,1,measure,8,stride_1,32768,1048576,1394,3649631656145089046,2130949,11,11,10598541984122395648,10598541984122395648
5,P,20260918,306,1,measure,9,pair_same_line,67108864,1048576,4919032,9178279400801586996,19171907,11,11,251115517649754854,251115517649754854
5,P,20260918,307,1,measure,10,pair_split_line,50331648,1048576,5497282,6393534382318465312,25851885,11,11,16833108898795642509,16833108898795642509
5,P,20260918,308,1,measure,11,stride_1_bis,6144,1048576,107,11546501436491478807,2611722,11,11,18420192503111159114,18420192503111159114
5,P,20260918,309,1,measure,12,stride_1,262144,1048576,12484,9938534328380245503,2026282,11,11,3252759155835688704,3252759155835688704
5,P,20260918,310,1,measure,13,stride_17,268435456,1048576,17707800,3268797764130291416,11539581,11,11,13624210588922491783,13624210588922491783
5,P,20260918,311,1,measure,14,stride_1_bis,1048576,1048576,120430,7633968048355930098,2660867,11,11,8797231230870489880,8797231230870489880
5,P,20260918,312,1,measure,15,stride_513,196608,1048576,20305,17827644457687481368,1844646,11,11,2303624161942002560,2303624161942002560
5,P,20260918,313,1,measure,16,stride_4097,6291456,1048576,157926,10187813870660882012,3387615,11,11,3793929850058910847,3793929850058910847
5,P,20260918,314,1,measure,17,stride_4097,32768,1048576,1924,13585054990686410976,1911771,11,11,10598541984122395648,10598541984122395648
5,P,20260918,315,1,measure,18,stride_513,4194304,1048576,59379,10704713460732704801,1744705,11,11,12406089252390561320,12406089252390561320
5,P,20260918,316,1,measure,19,stride_4097,50331648,1048576,2471632,18248289995335385242,9797170,11,11,7887777890556504974,7887777890556504974
5,P,20260918,317,1,measure,20,stride_1_bis,2097152,1048576,4056,15900953481689634386,2587881,11,11,14577075130308765988,14577075130308765988
5,P,20260918,318,1,measure,21,stride_1_double,1572864,2097152,190386,17508255275551849975,3597959,11,11,17922350190233785768,17922350190233785768
5,P,20260918,319,1,measure,22,stride_1_double,8388608,2097152,275201,14642261674066035942,4556890,11,11,18159816849507569302,18159816849507569302
5,P,20260918,320,1,measure,23,random,393216,1048576,10566,10082649502967828939,1434964,11,11,698785117526677977,698785117526677977
5,P,20260918,321,1,measure,24,stride_4097,49152,1048576,3600,2886233464547517122,1803895,11,11,5718300251444613066,5718300251444613066
5,P,20260918,322,1,measure,25,stride_1_double,98304,2097152,6984,4913501611504094605,3320022,11,11,1193619721966633989,1193619721966633989
5,P,20260918,323,1,measure,26,stride_1,393216,1048576,30693,12985482749339542615,1549875,11,11,3990372514114281027,3990372514114281027
5,P,20260918,324,1,measure,27,stride_1_double,25165824,2097152,770929,9973157811793098007,4479124,11,11,9064929241278944542,9064929241278944542
5,P,20260918,325,1,measure,28,stride_17,134217728,1048576,14241024,12596802383960108166,9377684,11,11,10048892986226443215,10048892986226443215
5,P,20260918,326,1,measure,29,stride_1_bis,33554432,1048576,2628185,4463292386590103176,2009559,11,11,14369396343490192931,14369396343490192931
5,P,20260918,327,1,measure,30,pair_same_line,24576,1048576,287,394379875569470813,1776334,11,11,327690684840101895,327690684840101895
5,P,20260918,328,1,measure,31,random,2097152,1048576,7966,6739523927882357442,2843976,11,11,5022137947027778224,5022137947027778224
5,P,20260918,329,1,measure,32,pair_split_line,16777216,1048576,731915,13961707857269413126,11680013,11,11,62161433963886835,62161433963886835
5,P,20260918,330,1,measure,33,pair_split_line,24576,1048576,1598,7952092445590654282,2006805,11,11,4800521377937091592,4800521377937091592
5,P,20260918,331,1,measure,34,stride_4097,201326592,1048576,18647512,11782463745958606528,9041622,11,11,11639776855521941893,11639776855521941893
5,P,20260918,332,1,measure,35,stride_1,16777216,1048576,1673183,11758198544152844738,2326541,11,11,1777568730669725324,1777568730669725324
5,P,20260918,333,1,measure,36,stride_1,67108864,1048576,2901918,17131838757568481801,2267911,11,11,12299110674251186350,12299110674251186350
5,P,20260918,334,1,measure,37,stride_513,49152,1048576,2906,6218469496105290632,1463295,11,11,1303108010804061184,1303108010804061184
5,P,20260918,335,1,measure,38,stride_4097,4194304,1048576,480862,10372799807709101908,2141682,11,11,12406089252390561320,12406089252390561320
5,P,20260918,336,1,measure,39,stride_1_double,6291456,2097152,39574,9113296528768425724,3353174,11,11,13163576651642798539,13163576651642798539
5,P,20260918,337,1,measure,40,stride_513,8192,1048576,253,18296262540738734523,1351952,11,11,116592947459441664,116592947459441664
5,P,20260918,338,1,measure,41,stride_1,100663296,1048576,5392461,15691890314024127193,1935665,11,11,3202727585812557970,3202727585812557970
5,P,20260918,339,1,measure,42,pair_split_line,196608,1048576,2315,9879295947919045351,2294996,11,11,718098347839913239,718098347839913239
5,P,20260918,340,1,measure,43,stride_4097,1048576,1048576,111151,10792574338183026970,1443065,11,11,8797231230870489880,8797231230870489880
5,P,20260918,341,1,measure,44,stride_1_bis,4194304,1048576,20355,12356747957671787345,1531337,11,11,12406089252390561320,12406089252390561320
5,P,20260918,342,1,measure,45,stride_513,1572864,1048576,13895,9813719344734134155,1418916,11,11,4152134303135996640,4152134303135996640
5,P,20260918,343,1,measure,46,stride_1_bis,67108864,1048576,6967009,1484163105973549871,2243473,11,11,8518185638387042599,8518185638387042599
5,P,20260918,344,1,measure,47,random,50331648,1048576,6146138,7314288212353446169,14050860,11,11,13524015284411683768,13524015284411683768
5,P,20260918,345,1,measure,48,stride_1_bis,16384,1048576,1989,6228599830387719804,1356996,11,11,9548053087369131008,9548053087369131008
5,P,20260918,346,1,measure,49,stride_1_double,16777216,2097152,693293,13032741635983051405,4562823,11,11,12841062978479921428,12841062978479921428
5,P,20260918,347,1,measure,50,stride_4097,25165824,1048576,32330,10078231988985207397,8173545,11,11,14445153443722272750,14445153443722272750
5,P,20260918,348,1,measure,51,random,4096,1048576,390,15286666063399498864,1089877,11,11,15634306433682247368,15634306433682247368
5,P,20260918,349,1,measure,52,stride_1_bis,25165824,1048576,2428324,3472581091447483184,1936490,11,11,5219327225070845775,5219327225070845775
5,P,20260918,350,1,measure,53,pair_split_line,1572864,1048576,75570,12053954708344519421,2879001,11,11,6761753553988331599,6761753553988331599
5,P,20260918,351,1,measure,54,stride_513,3145728,1048576,244496,8121571668258880613,1626851,11,11,13978878534847391976,13978878534847391976
5,P,20260918,352,1,measure,55,stride_513,33554432,1048576,4187143,5292417356934777652,9239340,11,11,15747727655313692745,15747727655313692745
5,P,20260918,353,1,measure,56,stride_17,6291456,1048576,743807,5259057639429927151,5392796,11,11,3607311183228271498,3607311183228271498
5,P,20260918,354,1,measure,57,stride_513,134217728,1048576,1103284,12180240933482360584,11897194,11,11,12035082211956159032,12035082211956159032
5,P,20260918,355,1,measure,58,random,25165824,1048576,707425,4152824162284346253,12937086,11,11,10517484708315704596,10517484708315704596
5,P,20260918,356,1,measure,59,stride_17,262144,1048576,16697,17596109656380971840,1803288,11,11,3252759155835688704,3252759155835688704
5,P,20260918,357,1,measure,60,pair_same_line,196608,1048576,15221,5977603164912276080,2254377,11,11,1336970072376631474,1336970072376631474
5,P,20260918,358,1,measure,61,stride_4097,12582912,1048576,1023829,9307557446275817007,6832338,11,11,8778226340062335338,8778226340062335338
5,P,20260918,359,1,measure,62,stride_1_bis,3145728,1048576,202187,15912651456923131305,1755236,11,11,8867018609820207084,8867018609820207084
5,P,20260918,360,1,measure,63,pair_same_line,65536,1048576,742,12244516695886504056,2007774,11,11,12587095970855567617,12587095970855567617
5,P,20260918,361,1,measure,64,random,1572864,1048576,152371,4553659725011343044,1609834,11,11,13485166241175590373,13485166241175590373
5,P,20260918,362,1,measure,65,stride_17,196608,1048576,24161,2852596972847679243,1490158,11,11,10096423561810628978,10096423561810628978
5,P,20260918,363,1,measure,66,stride_4097,134217728,1048576,9191813,3541968366349234533,7171962,11,11,11555667514299833987,11555667514299833987
5,P,20260918,364,1,measure,67,stride_1_bis,196608,1048576,16053,8084638753669289960,1551641,11,11,2235387162665341099,2235387162665341099
5,P,20260918,365,1,measure,68,stride_17,16777216,1048576,17230,6224864963348689830,5144059,11,11,16678793825518401786,16678793825518401786
5,P,20260918,366,1,measure,69,stride_4097,1572864,1048576,173901,126896642438334596,1570610,11,11,5365614730938633061,5365614730938633061
5,P,20260918,367,1,measure,70,stride_1_bis,98304,1048576,7521,8606278236541106012,1453965,11,11,2393953011152596612,2393953011152596612
5,P,20260918,368,1,measure,71,stride_1_double,524288,2097152,54276,8483101063668100520,2751786,11,11,1677023885985199424,1677023885985199424
5,P,20260918,369,1,measure,72,pair_same_line,50331648,1048576,114601,11587593118175173759,15621167,11,11,15428121634716434243,15428121634716434243
5,P,20260918,370,1,measure,73,stride_1_bis,100663296,1048576,8556022,561702735476267168,1856988,11,11,2668115501027960522,2668115501027960522
5,P,20260918,371,1,measure,74,stride_17,2097152,1048576,24987,12828823721756918688,2109389,11,11,14577075130308765988,14577075130308765988
5,P,20260918,372,1,measure,75,pair_same_line,524288,1048576,8958,5255659400929570272,2042221,11,11,977770449518104261,977770449518104261
5,P,20260918,373,1,measure,76,random,67108864,1048576,3943634,12817554636547668770,14844331,11,11,14080357895943518076,14080357895943518076
5,P,20260918,374,1,measure,77,stride_1,524288,1048576,41830,5276428926839018127,1743442,11,11,10061883979847375520,10061883979847375520
5,P,20260918,375,1,measure,78,stride_1_double,12582912,2097152,355288,14657644337890721248,4438321,11,11,18188107075495922816,18188107075495922816
5,P,20260918,376,1,measure,79,pair_same_line,2097152,1048576,252870,14388557511594476811,2702564,11,11,1988022098687019806,1988022098687019806
5,P,20260918,377,1,measure,80,stride_513,8388608,1048576,75265,10152215099367259149,2773379,11,11,18303280461608560459,18303280461608560459
5,P,20260918,378,1,measure,81,stride_1_bis,32768,1048576,2479,7882145140390045179,1397500,11,11,10598541984122395648,10598541984122395648
5,P,20260918,379,1,measure,82,stride_1_bis,8388608,1048576,599882,8797579842322956169,1413253,11,11,18303280461608560459,18303280461608560459
5,P,20260918,380,1,measure,83,stride_1_double,3145728,2097152,334544,14506418434314480903,2806411,11,11,15705572572557423376,15705572572557423376
5,P,20260918,381,1,measure,84,stride_4097,196608,1048576,11787,14677104898713973863,1405726,11,11,13652184109335755064,13652184109335755064
5,P,20260918,382,1,measure,85,random,65536,1048576,1377,7360956588581242544,1124922,11,11,14560816877528516929,14560816877528516929
5,P,20260918,383,1,measure,86,stride_17,8388608,1048576,936243,906690364547427087,3441819,11,11,18303280461608560459,18303280461608560459
5,P,20260918,384,1,measure,87,stride_17,201326592,1048576,4065669,12687047192533372904,9526249,11,11,11943723156770448072,11943723156770448072
5,P,20260918,385,1,measure,88,random,3145728,1048576,109861,14068999654031003065,2473865,11,11,11259427336912050985,11259427336912050985
5,P,20260918,386,1,measure,89,stride_17,12582912,1048576,156288,17861016084181705929,4643671,11,11,11658834336315305064,11658834336315305064
5,P,20260918,387,1,measure,90,pair_same_line,268435456,1048576,16692124,9775810656426961141,18659771,11,11,7963206080055387743,7963206080055387743
5,P,20260918,388,1,measure,91,stride_17,4096,1048576,362,12505345359671285309,1537260,11,11,8154595385843253248,8154595385843253248
5,P,20260918,389,1,measure,92,stride_1_bis,24576,1048576,1412,181563113956841634,1526396,11,11,18089719769371583292,18089719769371583292
5,P,20260918,390,1,measure,93,stride_1,8192,1048576,694,6831109670506058884,1469090,11,11,116592947459441664,116592947459441664
5,P,20260918,391,1,measure,94,stride_17,524288,1048576,28264,834340312694896910,1477912,11,11,10061883979847375520,10061883979847375520
5,P,20260918,392,1,measure,95,stride_1_double,1048576,2097152,16156,13140963901363991930,2774685,11,11,17594462461740979760,17594462461740979760
5,P,20260918,393,1,measure,96,random,33554432,1048576,1321767,608712027762846058,13171490,11,11,5474604052794421426,5474604052794421426
5,P,20260918,394,1,measure,97,pair_split_line,134217728,1048576,14984044,4551255950168173759,26555751,11,11,9554102550505827060,9554102550505827060
5,P,20260918,395,1,measure,98,stride_1_double,134217728,2097152,2059876,9151801772195274782,4877303,11,11,4017475338197330051,4017475338197330051
5,P,20260918,396,1,measure,99,stride_17,4194304,1048576,81607,13900721443030776367,6227093,11,11,12406089252390561320,12406089252390561320
5,P,20260918,397,1,measure,100,stride_17,32768,1048576,2444,18281754452853165476,2000464,11,11,10598541984122395648,10598541984122395648
5,P,20260918,398,1,measure,101,stride_1,201326592,1048576,2325416,1595924274146400045,2215524,11,11,101157381012509865,101157381012509865
5,P,20260918,399,1,measure,102,stride_513,100663296,1048576,4006997,3332282099226832214,13701093,11,11,8137306425973038781,8137306425973038781
5,P,20260918,400,1,measure,103,stride_1_bis,4096,1048576,206,6440085529550371576,2127406,11,11,8154595385843253248,8154595385843253248
5,P,20260918,401,1,measure,104,random,8192,1048576,327,10453153077187777747,1620660,11,11,7172296075385525492,7172296075385525492
5,P,20260918,402,1,measure,105,random,32768,1048576,1280,6359591880067072375,1408329,11,11,5497362920016457830,5497362920016457830
5,P,20260918,403,1,measure,106,stride_4097,67108864,1048576,2674638,4188412403353032634,7937929,11,11,17526911736081323954,17526911736081323954
5,P,20260918,404,1,measure,107,pair_split_line,6144,1048576,120,9083616647026754063,2814095,11,11,3230206857913832014,3230206857913832014
5,P,20260918,405,1,measure,108,stride_1,268435456,1048576,5168386,15258466077681622534,2432858,11,11,7502233691020826612,7502233691020826612
5,P,20260918,406,1,measure,109,stride_1_bis,6291456,1048576,10525,124877500010035679,2410095,11,11,14610123807045867203,14610123807045867203
5,P,20260918,407,1,measure,110,pair_split_line,393216,1048576,44275,3686520984981499165,2969014,11,11,9905101724998422524,9905101724998422524
5,P,20260918,408,1,measure,111,stride_1_double,67108864,2097152,2615021,4253907177799770116,4843403,11,11,13472824725333980958,13472824725333980958
5,P,20260918,409,1,measure,112,stride_1_double,50331648,2097152,4481818,15651855985352547584,3943886,11,11,8003637090832962823,8003637090832962823
5,P,20260918,410,1,measure,113,stride_1,1572864,1048576,62698,7607331953415196274,1371478,11,11,16879680898153865305,16879680898153865305
5,P,20260918,411,1,measure,114,random,786432,1048576,3527,13475303230713464718,1155957,11,11,5634210221045847068,5634210221045847068
5,P,20260918,412,1,measure,115,stride_513,16777216,1048576,908786,12650607653004102732,9131742,11,11,4539643835336172017,4539643835336172017
5,P,20260918,413,1,measure,116,random,134217728,1048576,13508643,7853539876356523909,16706423,11,11,32577242055787926,32577242055787926
5,P,20260918,414,1,measure,117,stride_17,67108864,1048576,6238207,10865855570470593811,9416670,11,11,2883085337138229539,2883085337138229539
5,P,20260918,415,1,measure,118,stride_17,6144,1048576,697,11765910327864225798,1996544,11,11,7735031831676602551,7735031831676602551
5,P,20260918,416,1,measure,119,stride_1_double,16384,2097152,369,12167843284288514912,3698605,11,11,649362101028710400,649362101028710400
5,P,20260918,417,1,measure,120,stride_513,6144,1048576,293,11177495149155467149,1693100,11,11,9261835561974562816,9261835561974562816
5,P,20260918,418,1,measure,121,stride_4097,524288,1048576,50958,17854456318320623048,1811303,11,11,10061883979847375520,10061883979847375520
5,P,20260918,419,1,measure,122,stride_4097,8192,1048576,249,6885781590826421485,1662440,11,11,116592947459441664,116592947459441664
5,P,20260918,420,1,measure,123,pair_same_line,32768,1048576,1757,17165846800628650102,2015827,11,11,13657172072750170146,13657172072750170146
5,P,20260918,421,1,measure,124,stride_1_bis,1572864,1048576,5069,16537264663108833445,1673461,11,11,7003030215167014432,7003030215167014432
5,P,20260918,422,1,measure,125,pair_split_line,8388608,1048576,469254,2019799841341891141,8817880,11,11,15574519825697348358,15574519825697348358
5,P,20260918,423,1,measure,126,pair_same_line,100663296,1048576,9325993,6984533023215761504,17610450,11,11,13817346431420652240,13817346431420652240
5,P,20260918,424,1,measure,127,pair_same_line,1048576,1048576,47278,10271209535856889625,2658476,11,11,4490403361013209249,4490403361013209249
5,P,20260918,425,1,measure,128,stride_513,786432,1048576,28262,740425407723509685,1772183,11,11,13192199103146003808,13192199103146003808
5,P,20260918,426,1,measure,129,pair_same_line,6144,1048576,96,15145351364803408008,1875086,11,11,3212061425503086858,3212061425503086858
5,P,20260918,427,1,measure,130,stride_4097,2097152,1048576,218570,679870875728292491,1961863,11,11,14577075130308765988,14577075130308765988
5,P,20260918,428,1,measure,131,stride_1,98304,1048576,11844,2917512397736333408,1457742,11,11,13625518387746621415,13625518387746621415
5,P,20260918,429,1,measure,132,stride_1_double,131072,2097152,13259,10258440882493176532,2779792,11,11,15396081144520084480,15396081144520084480
5,P,20260918,430,1,measure,133,stride_1,4096,1048576,443,3314293193573485380,1351237,11,11,8154595385843253248,8154595385843253248
5,P,20260918,431,1,measure,134,random,262144,1048576,13934,9732253692319194474,1129140,11,11,4988808105832583625,4988808105832583625
5,P,20260918,432,1,measure,135,stride_1_double,12288,2097152,1462,10931368629008457411,2705911,11,11,17346616682966982687,17346616682966982687
5,P,20260918,433,1,measure,136,stride_1_double,393216,2097152,26963,2705390068025951366,2711360,11,11,7964252308486047365,7964252308486047365
5,P,20260918,434,1,measure,137,pair_split_line,32768,1048576,1121,15364199161203707242,1961110,11,11,14854490093019681470,14854490093019681470
5,P,20260918,435,1,measure,138,pair_same_line,16777216,1048576,737192,3672847675202281370,13495457,11,11,5738110868051045111,5738110868051045111
5,P,20260918,436,1,measure,139,stride_513,98304,1048576,4273,16883892230541665951,1418537,11,11,1589993245443464960,1589993245443464960
5,P,20260918,437,1,measure,140,stride_1,3145728,1048576,198691,7537683599816450794,1871365,11,11,11329028760457739428,11329028760457739428
5,P,20260918,438,1,measure,141,stride_4097,100663296,1048576,6078656,325254417646074002,8519574,11,11,13594189953613074661,13594189953613074661
5,P,20260918,439,1,measure,142,stride_1,24576,1048576,2572,8678605637702398469,1362385,11,11,17313983158083374141,17313983158083374141
5,P,20260918,440,1,measure,143,stride_1,786432,1048576,81118,17884158429448277811,1406273,11,11,16741043345634604731,16741043345634604731
5,P,20260918,441,1,measure,144,pair_same_line,12288,1048576,522,16848311796744662031,1638146,11,11,4841737166729918767,4841737166729918767
5,P,20260918,442,1,measure,145,stride_1_double,786432,2097152,75205,18034494933203182462,2789369,11,11,14467627537399984543,14467627537399984543
5,P,20260918,443,1,measure,146,stride_17,98304,1048576,171,5280421552263408146,1390460,11,11,3827808350580402643,3827808350580402643
5,P,20260918,444,1,measure,147,stride_4097,131072,1048576,8701,1227914774424168074,1449919,11,11,16921412609114818048,16921412609114818048
5,P,20260918,445,1,measure,148,stride_1,50331648,1048576,2933277,12267480828102078596,2226873,11,11,17913047255810032137,17913047255810032137
5,P,20260918,446,1,measure,149,random,6291456,1048576,2995,11901035644032420940,6613675,11,11,12041116188784855551,12041116188784855551
5,P,20260918,447,1,measure,150,random,98304,1048576,9514,5650719885347560710,1126653,11,11,3176264051845175199,3176264051845175199
5,P,20260918,448,1,measure,151,pair_split_line,4194304,1048576,252339,14636503664706661002,4654366,11,11,12845747457578492588,12845747457578492588
5,P,20260918,449,1,measure,152,stride_17,12288,1048576,592,16821293994941227802,1367866,11,11,13287319444327198331,13287319444327198331
5,P,20260918,450,1,measure,153,stride_1_double,33554432,2097152,3402007,3807698725723700866,3612873,11,11,13181743415746747964,13181743415746747964
5,P,20260918,451,1,measure,154,pair_split_line,33554432,1048576,2220651,6430061358340814067,17385248,11,11,239594737902020081,239594737902020081
5,P,20260918,452,1,measure,155,stride_4097,12288,1048576,1005,16323610476846883313,1362318,11,11,15644236652952870845,15644236652952870845
5,P,20260918,453,1,measure,156,random,524288,1048576,35364,2272683447937980821,1214315,11,11,16299846392741590808,16299846392741590808
5,P,20260918,454,1,measure,157,pair_same_line,25165824,1048576,2840535,11567860996479690939,13111928,11,11,4670101486758021055,4670101486758021055
5,P,20260918,455,1,measure,158,stride_513,12582912,1048576,595937,326335650029428821,6558066,11,11,446194662936398502,446194662936398502
5,P,20260918,456,1,measure,159,stride_17,25165824,1048576,629041,924648442908560995,5900549,11,11,5379627592676905004,5379627592676905004
5,P,20260918,457,1,measure,160,pair_same_line,201326592,1048576,16524706,12164311697159649231,18722572,11,11,17036800618686128342,17036800618686128342
5,P,20260918,458,1,measure,161,stride_1_double,100663296,2097152,86648,13337726367262619836,5201120,11,11,17453348993436761912,17453348993436761912
5,P,20260918,459,1,measure,162,pair_same_line,4096,1048576,41,3064117615334280658,2154955,11,11,11178659834203249690,11178659834203249690
5,P,20260918,460,1,measure,163,pair_split_line,16384,1048576,1770,6752777514543463099,2334765,11,11,7551877172008684878,7551877172008684878
5,P,20260918,461,1,measure,164,stride_1_bis,393216,1048576,3228,1069140405412097163,1509101,11,11,15213428667828324124,15213428667828324124
5,P,20260918,462,1,measure,165,stride_1,6144,1048576,373,6268607256850886791,1421604,11,11,8979808935125917050,8979808935125917050
5,P,20260918,463,1,measure,166,pair_split_line,12582912,1048576,699212,13966388636667389990,10422395,11,11,2821601131704700108,2821601131704700108
5,P,20260918,464,1,measure,167,pair_same_line,98304,1048576,2923,16242637616797380037,1757832,11,11,18103842834425179983,18103842834425179983
5,P,20260918,465,1,measure,168,random,268435456,1048576,27135946,16759486831670207663,17590064,11,11,17995832852650332302,17995832852650332302
5,P,20260918,466,1,measure,169,pair_split_line,786432,1048576,81362,13358740726518164865,3154900,11,11,5958476307502981699,5958476307502981699
5,P,20260918,467,1,measure,170,stride_513,262144,1048576,1592,2352577545559914632,1625486,11,11,3252759155835688704,3252759155835688704
5,P,20260918,468,1,measure,171,stride_1,6291456,1048576,252383,1864150712853287653,2301307,11,11,1678418313128491620,1678418313128491620
5,P,20260918,469,1,measure,172,random,8388608,1048576,792315,5676126022937764793,6829703,11,11,9593437999674699905,9593437999674699905
5,P,20260918,470,1,measure,173,pair_split_line,262144,1048576,12237,9017356252924507582,2569254,11,11,1259848448958056852,1259848448958056852
5,P,20260918,471,1,measure,174,random,196608,1048576,18844,158696340077122271,1202178,11,11,13977979824107973017,13977979824107973017
5,P,20260918,472,1,measure,175,pair_same_line,262144,1048576,26912,4863711053706309348,1860559,11,11,17271190305384523538,17271190305384523538
5,P,20260918,473,1,measure,176,stride_1_bis,8192,1048576,350,3234722979854528112,1352017,11,11,116592947459441664,116592947459441664
5,P,20260918,474,1,measure,177,stride_1_double,201326592,2097152,17125448,11595276742529542338,4425880,11,11,4110794132694735767,4110794132694735767
5,P,20260918,475,1,measure,178,stride_513,12288,1048576,1262,9449197666417188835,1356012,11,11,9502424420678940672,9502424420678940672
5,P,20260918,476,1,measure,179,stride_1_bis,524288,1048576,30757,16447294995958992212,1375213,11,11,10061883979847375520,10061883979847375520
5,P,20260918,477,1,measure,180,stride_1,33554432,1048576,3708964,11394242346442710235,1694162,11,11,15001404348785917003,15001404348785917003
5,P,20260918,478,1,measure,181,pair_same_line,33554432,1048576,786296,12365375295740293877,14686736,11,11,12450382444819528216,12450382444819528216
5,P,20260918,479,1,measure,182,stride_17,33554432,1048576,4000421,5583511058512089521,7453333,11,11,15831911401900388524,15831911401900388524
5,P,20260918,480,1,measure,183,stride_513,2097152,1048576,186680,1562756782223659530,1887031,11,11,14577075130308765988,14577075130308765988
5,P,20260918,481,1,measure,184,stride_17,50331648,1048576,4204107,10086981965388962552,8350669,11,11,8327639635291443395,8327639635291443395
5,P,20260918,482,1,measure,185,pair_split_line,268435456,1048576,16283814,10113747058728290206,22529845,11,11,10828894045174026233,10828894045174026233
5,P,20260918,483,1,measure,186,stride_4097,16777216,1048576,1121592,616817133267352222,7869322,11,11,2420855723736344939,2420855723736344939
5,P,20260918,484,1,measure,187,pair_same_line,8192,1048576,872,13559456888416806087,2457688,11,11,558730614288969671,558730614288969671
5,P,20260918,485,1,measure,188,stride_513,201326592,1048576,1966487,14069719109695120692,15207539,11,11,1056968217022633747,1056968217022633747
5,P,20260918,486,1,measure,189,random,49152,1048576,4210,8559980274294563312,1934682,11,11,2643241251555564269,2643241251555564269
5,P,20260918,487,1,measure,190,pair_same_line,134217728,1048576,3115172,16722214642832888153,21269782,11,11,1528587520013156993,1528587520013156993
5,P,20260918,488,1,measure,191,stride_17,24576,1048576,1457,14093427404676330818,2748364,11,11,13598908915889651440,13598908915889651440
5,P,20260918,489,1,measure,192,stride_1_bis,12582912,1048576,1080983,12791387703916318819,2256529,11,11,1687643452407311380,1687643452407311380
5,P,20260918,490,1,measure,193,pair_split_line,4096,1048576,128,4320267789767817405,2459211,11,11,18123585531531666216,18123585531531666216
5,P,20260918,491,1,measure,194,stride_4097,24576,1048576,150,18221384065158337174,1701415,11,11,1210551475846320950,1210551475846320950
5,P,20260918,492,1,measure,195,stride_513,6291456,1048576,471838,11043447037858204182,3796628,11,11,2091461971855407884,2091461971855407884
5,P,20260918,493,1,measure,196,stride_513,24576,1048576,1336,4117195318568944998,2065802,11,11,1712612578793322496,1712612578793322496
5,P,20260918,494,1,measure,197,stride_1,8388608,1048576,74903,7463499191221418008,1969695,11,11,18303280461608560459,18303280461608560459
5,P,20260918,495,1,measure,198,pair_split_line,25165824,1048576,1242899,695254997043819504,16116584,11,11,2102898156225420666,2102898156225420666
5,P,20260918,496,1,measure,199,stride_4097,4096,1048576,457,6582863214550172342,2174140,11,11,8154595385843253248,8154595385843253248
5,P,20260918,497,1,measure,200,stride_1,1048576,1048576,49091,3019011093579267940,2017797,11,11,8797231230870489880,8797231230870489880
5,P,20260918,498,1,measure,201,stride_1_bis,131072,1048576,5902,13805935291329605017,1729219,11,11,16921412609114818048,16921412609114818048
5,P,20260918,499,1,measure,202,pair_split_line,6291456,1048576,700195,16677182727588067232,7984033,11,11,6485709206893716694,6485709206893716694
5,P,20260918,500,1,measure,203,pair_split_line,8192,1048576,426,9195327265520347323,2286748,11,11,8828104393065555886,8828104393065555886
5,P,20260918,501,1,measure,204,stride_1_bis,268435456,1048576,33125653,796471222704947302,2550225,11,11,6077583760614738337,6077583760614738337
5,P,20260918,502,1,measure,205,stride_1_double,65536,2097152,8170,11342555591305694584,3918820,11,11,14401013024949000960,14401013024949000960
5,P,20260918,503,1,measure,206,pair_split_line,65536,1048576,512,3236865606562450015,3798538,11,11,14909783178603320976,14909783178603320976
5,P,20260918,504,1,measure,207,pair_same_line,131072,1048576,6130,1696009482850543262,1810087,11,11,5868960818494380542,5868960818494380542
5,P,20260918,505,1,measure,208,pair_same_line,16384,1048576,926,11680997854208037814,2038274,11,11,6342705657045598524,6342705657045598524
5,P,20260918,506,1,measure,209,random,131072,1048576,14397,7215759185708667096,1907596,11,11,16710063232782312067,16710063232782312067
5,P,20260918,507,1,measure,210,stride_1,65536,1048576,5881,6562166773126791565,1387675,11,11,16423878549329276288,16423878549329276288
5,P,20260918,508,1,measure,211,stride_4097,8388608,1048576,491534,1583501249582515587,4459931,11,11,18303280461608560459,18303280461608560459
5,P,20260918,509,1,measure,212,pair_same_line,393216,1048576,29283,2383567757604178192,1860005,11,11,6330474849043376000,6330474849043376000
5,P,20260918,510,1,measure,213,stride_4097,262144,1048576,10648,9481191835578062011,1405914,11,11,3252759155835688704,3252759155835688704
5,P,20260918,511,1,measure,214,pair_split_line,131072,1048576,4451,7037441898162050385,2222236,11,11,164627691684687661,164627691684687661
5,P,20260918,512,1,measure,215,pair_same_line,49152,1048576,699,7639036448597050536,1622961,11,11,7311267741953051246,7311267741953051246
5,P,20260918,513,1,measure,216,stride_4097,98304,1048576,6509,1840950597825460607,1457229,11,11,14536947381500177620,14536947381500177620
5,P,20260918,514,1,measure,217,stride_1_bis,16777216,1048576,882420,13863962807888667090,1970426,11,11,11759133390000653404,11759133390000653404
5,P,20260918,515,1,measure,218,stride_1_double,6144,2097152,665,5118294643215427460,2703913,11,11,18161939746693617887,18161939746693617887
5,P,20260918,516,1,measure,219,stride_1_bis,134217728,1048576,1550469,1571679149823689801,1877452,11,11,7610593707162560782,7610593707162560782
5,P,20260918,517,1,measure,220,stride_4097,268435456,1048576,12583411,9135118740523840801,7717112,11,11,8671500315654765261,8671500315654765261
5,P,20260918,518,1,measure,221,stride_1_double,2097152,2097152,190472,17650786253032149593,2938338,11,11,10707406186907980360,10707406186907980360
5,P,20260918,519,1,measure,222,stride_513,1048576,1048576,79199,17544928111655085552,1464391,11,11,8797231230870489880,8797231230870489880
5,P,20260918,520,1,measure,223,stride_1_bis,50331648,1048576,1960942,7995496922182046394,1801919,11,11,7788688961609711269,7788688961609711269
5,P,20260918,521,1,measure,224,stride_17,65536,1048576,1700,4587634705864416022,1439901,11,11,16423878549329276288,16423878549329276288
5,P,20260918,522,1,measure,225,pair_split_line,524288,1048576,37725,6019984673652692870,2433415,11,11,5360108019924993935,5360108019924993935
5,P,20260918,523,1,measure,226,random,12288,1048576,902,10786290313433453132,1087943,11,11,17745333987619317352,17745333987619317352
5,P,20260918,524,1,measure,227,stride_513,25165824,1048576,1176305,2976216552926392035,10410113,11,11,11886943178879158261,11886943178879158261
5,P,20260918,525,1,measure,228,stride_1_double,8192,2097152,788,8591601660442458910,2708352,11,11,233185894918883328,233185894918883328
5,P,20260918,526,1,measure,229,stride_513,131072,1048576,3173,10552686318636251205,1414281,11,11,16921412609114818048,16921412609114818048
5,P,20260918,527,1,measure,230,pair_same_line,6291456,1048576,471537,7170149307677254769,8511332,11,11,5699428032405646823,5699428032405646823
5,P,20260918,528,1,measure,231,stride_17,786432,1048576,61739,12047584212051595768,1396929,11,11,5192308710013112617,5192308710013112617
5,P,20260918,529,1,measure,232,stride_17,1048576,1048576,31674,16998838979409226184,1389215,11,11,8797231230870489880,8797231230870489880
5,P,20260918,530,1,measure,233,random,201326592,1048576,5889864,4329419141747523962,16811962,11,11,3370003391875329115,3370003391875329115
5,P,20260918,531,1,measure,234,stride_1_double,4096,2097152,186,4416079012630642283,2704251,11,11,16309190771686506496,16309190771686506496
5,P,20260918,532,1,measure,235,stride_1_bis,12288,1048576,710,14778616775780054783,1355392,11,11,14060976734827579962,14060976734827579962
5,P,20260918,533,1,measure,236,stride_1,12288,1048576,100,10701182277495014870,1351673,11,11,17694459644174770094,17694459644174770094
5,P,20260918,534,1,measure,237,pair_same_line,4194304,1048576,280943,4879398262974300941,3319731,11,11,9777552923228912582,9777552923228912582
5,P,20260918,535,1,measure,238,stride_4097,6144,1048576,641,13220776862731102473,1354968,11,11,11659730708731000198,11659730708731000198
5,P,20260918,536,1,measure,239,random,16384,1048576,1851,14641593590008665375,1087500,11,11,1396798239493442078,1396798239493442078
5,P,20260918,537,1,measure,240,pair_split_line,100663296,1048576,97432,16104547171125356123,22303884,11,11,14003991181632003577,14003991181632003577
5,P,20260918,538,1,measure,241,pair_same_line,1572864,1048576,144343,7357046625623428350,2659722,11,11,16555823982530719354,16555823982530719354
5,P,20260918,539,1,measure,242,random,24576,1048576,486,3523222904982162280,1139707,11,11,197028534195388151,197028534195388151
5,P,20260918,540,1,measure,243,stride_1_bis,262144,1048576,29785,15404527885385846087,1381624,11,11,3252759155835688704,3252759155835688704
5,P,20260918,541,1,measure,244,stride_1_double,4194304,2097152,223964,11663166740690225586,3044425,11,11,6365434431071571024,6365434431071571024
5,P,20260918,542,1,measure,245,pair_same_line,786432,1048576,94583,17117845515894922365,1999079,11,11,3420104906522497945,3420104906522497945
5,P,20260918,543,1,measure,246,stride_17,131072,1048576,4176,4310175228853998008,1382981,11,11,16921412609114818048,16921412609114818048
5,P,20260918,544,1,measure,247,stride_17,49152,1048576,1459,3757923373848678054,1354574,11,11,5067964013255501982,5067964013255501982
5,P,20260918,545,1,measure,248,stride_4097,3145728,1048576,212309,3999184999764536890,1714416,11,11,8038681421861881723,8038681421861881723
5,P,20260918,546,1,measure,249,pair_split_line,3145728,1048576,38126,6871922439454604467,3278791,11,11,7896213744679739402,7896213744679739402
5,P,20260918,547,1,measure,250,stride_513,16384,1048576,676,7504206388173848679,1355519,11,11,9548053087369131008,9548053087369131008
5,P,20260918,548,1,measure,251,stride_4097,33554432,1048576,3589857,7618968932627845836,6716701,11,11,18156904165710209810,18156904165710209810
5,P,20260918,549,1,measure,252,stride_17,3145728,1048576,48645,17523767400237491085,2973459,11,11,8392549683419768651,8392549683419768651
5,P,20260918,550,1,measure,253,stride_1,12582912,1048576,343979,15687370531711120336,1904037,11,11,2520044220610640078,2520044220610640078
5,P,20260918,551,1,measure,254,stride_1,2097152,1048576,251255,15306342022902497918,1371004,11,11,14577075130308765988,14577075130308765988
5,P,20260918,552,1,measure,255,pair_split_line,98304,1048576,96,8442887388463260389,2152554,11,11,14278010158775019410,14278010158775019410
5,P,20260918,553,1,measure,256,stride_513,65536,1048576,6730,4316776288769421864,1423345,11,11,16423878549329276288,16423878549329276288
5,P,20260918,554,1,measure,257,stride_1,131072,1048576,12982,14656134072861717279,1398315,11,11,16921412609114818048,16921412609114818048
5,P,20260918,555,1,measure,258,stride_4097,65536,1048576,7035,3493617747912738630,1459373,11,11,16423878549329276288,16423878549329276288
5,P,20260918,556,1,measure,259,stride_1_bis,786432,1048576,43171,18275767615484501066,1408362,11,11,1898571954153774985,1898571954153774985
5,P,20260918,557,1,measure,260,random,12582912,1048576,1491441,14968781205503632236,11087287,11,11,18194806966497793760,18194806966497793760
5,P,20260918,558,1,measure,261,stride_4097,393216,1048576,40379,1207934356958288243,1393231,11,11,1683626950675487030,1683626950675487030
5,P,20260918,559,1,measure,262,stride_1_bis,65536,1048576,1973,2144582537897242472,1352769,11,11,16423878549329276288,16423878549329276288
5,P,20260918,560,1,measure,263,stride_513,50331648,1048576,3044650,8800186160627409088,10824851,11,11,10460170659556462531,10460170659556462531
5,P,20260918,561,1,measure,264,stride_1,16384,1048576,1565,3699673225542253237,1353992,11,11,9548053087369131008,9548053087369131008
5,P,20260918,562,1,measure,265,pair_split_line,49152,1048576,3149,9469613311644123199,1881789,11,11,1453391855327928253,1453391855327928253
5,P,20260918,563,1,measure,266,random,16777216,1048576,723020,390008216023052656,10843140,11,11,1598641420614644590,1598641420614644590
5,P,20260918,564,1,measure,267,stride_17,100663296,1048576,5849490,2405670481756488302,8479096,11,11,3989958656203262042,3989958656203262042
5,P,20260918,565,1,measure,268,stride_1,4194304,1048576,20391,4608507684308104738,1687033,11,11,12406089252390561320,12406089252390561320
5,P,20260918,566,1,measure,269,stride_513,67108864,1048576,6085984,12721022246320885161,10797367,11,11,6227937452732083606,6227937452732083606
5,P,20260918,567,1,measure,270,stride_1,134217728,1048576,13075718,14423096636839797799,1939197,11,11,17376656554078584975,17376656554078584975
5,P,20260918,568,1,measure,271,stride_1_double,24576,2097152,2169,1632072348364858149,3172231,11,11,16386823264374992802,16386823264374992802
5,P,20260918,569,1,measure,272,pair_split_line,1048576,1048576,75192,9032664471450590712,2962161,11,11,14970859075551144485,14970859075551144485
5,P,20260918,570,1,measure,273,stride_1_double,32768,2097152,68,3292125371202482477,2919361,11,11,2750339894535239680,2750339894535239680
5,P,20260918,571,1,measure,274,stride_1_double,49152,2097152,4103,8193958852656191190,2938368,11,11,10572635577051165696,10572635577051165696
5,P,20260918,572,1,measure,275,stride_513,268435456,1048576,14864643,9108750565869609598,12467141,11,11,9404309472430259984,9404309472430259984
5,P,20260918,573,1,measure,276,stride_513,4096,1048576,103,1656013594434719985,1542468,11,11,8154595385843253248,8154595385843253248
5,P,20260918,574,1,measure,277,pair_same_line,3145728,1048576,184969,6818292527782904729,3992271,11,11,14200256736431598966,14200256736431598966
5,P,20260918,575,1,measure,278,stride_1_bis,49152,1048576,3265,10334764108623470491,1464754,11,11,84040432942053586,84040432942053586
5,P,20260918,576,1,measure,279,stride_17,16384,1048576,2021,5964994028133799360,1382791,11,11,9548053087369131008,9548053087369131008
5,P,20260918,577,1,measure,280,random,1048576,1048576,89774,2356162434071711078,1183456,11,11,15153086929343073828,15153086929343073828
5,P,20260918,578,1,measure,281,pair_split_line,12288,1048576,502,11548325627332073604,1892952,11,11,8462429841246627207,8462429841246627207
5,P,20260918,579,1,measure,282,stride_1_double,196608,2097152,15949,4084236754856114385,2705187,11,11,2819748811698595028,2819748811698595028
5,P,20260918,580,1,measure,283,stride_513,32768,1048576,3094,7018689369450257911,1351553,11,11,10598541984122395648,10598541984122395648
5,P,20260918,581,1,measure,284,random,100663296,1048576,3776128,7642918617230063284,15933493,11,11,2834329774257981391,2834329774257981391
5,P,20260918,582,1,measure,285,stride_17,1572864,1048576,29829,7717810420335749836,1568552,11,11,17712241219999696487,17712241219999696487
5,P,20260918,583,1,measure,286,stride_513,393216,1048576,5826,6880152694184766977,1557773,11,11,9218483334806453440,9218483334806453440
5,P,20260918,584,1,measure,287,stride_17,393216,1048576,18320,7339593381863268553,1446680,11,11,17005711773141800611,17005711773141800611
5,P,20260918,585,1,measure,288,stride_1_bis,201326592,1048576,5090718,14165981399211677427,2016199,11,11,12159266647483976847,12159266647483976847
5,P,20260918,586,1,measure,289,stride_4097,16384,1048576,1921,6650692251316304002,1355079,11,11,9548053087369131008,9548053087369131008
5,P,20260918,587,1,measure,290,stride_1,49152,1048576,4608,3431326211482954201,1351583,11,11,7447395715589848888,7447395715589848888
5,P,20260918,588,1,measure,291,stride_513,524288,1048576,29865,1820807073126754012,1467481,11,11,10061883979847375520,10061883979847375520
5,P,20260918,589,1,measure,292,pair_same_line,12582912,1048576,567691,2273884583066514532,13104604,11,11,639796801090377687,639796801090377687
5,P,20260918,590,1,measure,293,random,4194304,1048576,43770,9825301764343692685,2822051,11,11,3468120190473053034,3468120190473053034
5,P,20260918,591,1,measure,294,stride_1_double,268435456,2097152,25927989,4631192611194010823,3631695,11,11,6613901585721776631,6613901585721776631
5,P,20260918,592,1,measure,295,stride_17,8192,1048576,67,7639524311164334416,1384247,11,11,116592947459441664,116592947459441664
5,P,20260918,593,1,measure,296,stride_1,25165824,1048576,955283,16602177119615128252,1605514,11,11,3403283382376687429,3403283382376687429
5,P,20260918,594,2,measure,0,stride_1,8192,1048576,177,3524085062274572906,1412009,11,11,116592947459441664,116592947459441664
5,P,20260918,595,2,measure,1,pair_split_line,67108864,1048576,1488586,7363682630317141952,20768948,11,11,8078635469985699895,8078635469985699895
5,P,20260918,596,2,measure,2,pair_split_line,262144,1048576,31831,9041654273747642284,2610204,11,11,14994874267701781373,14994874267701781373
5,P,20260918,597,2,measure,3,pair_same_line,16777216,1048576,1071912,8708527389161121046,13270274,11,11,16031894144887765432,16031894144887765432
5,P,20260918,598,2,measure,4,stride_513,6144,1048576,710,14154437842528176140,1627347,11,11,9261835561974562816,9261835561974562816
5,P,20260918,599,2,measure,5,stride_1_double,4096,2097152,340,8115404413231439715,3099968,11,11,16309190771686506496,16309190771686506496
5,P,20260918,600,2,measure,6,random,8192,1048576,475,17426240878902940443,1182502,11,11,17677924635814875284,17677924635814875284
5,P,20260918,601,2,measure,7,stride_1,24576,1048576,2229,10664211799027629696,1443381,11,11,10425288852228884894,10425288852228884894
5,P,20260918,602,2,measure,8,stride_1_double,134217728,2097152,2258356,11182402226980249555,3556988,11,11,15283372544144833026,15283372544144833026
5,P,20260918,603,2,measure,9,stride_1_bis,67108864,1048576,2160664,7387710024683912305,1698286,11,11,13738453408501588848,13738453408501588848
5,P,20260918,604,2,measure,10,stride_17,12582912,1048576,935230,8991284560127964046,5409611,11,11,3924540657758840111,3924540657758840111
5,P,20260918,605,2,measure,11,stride_1,65536,1048576,5986,7857731398706049608,1364914,11,11,16423878549329276288,16423878549329276288
5,P,20260918,606,2,measure,12,stride_1,50331648,1048576,1383582,13934092581378830443,1683488,11,11,10936984032974416888,10936984032974416888
5,P,20260918,607,2,measure,13,pair_same_line,16384,1048576,993,18124796392020809949,1629061,11,11,11659764461319257402,11659764461319257402
5,P,20260918,608,2,measure,14,pair_same_line,786432,1048576,93770,10151929128473940061,2164002,11,11,13548001753190024160,13548001753190024160
5,P,20260918,609,2,measure,15,pair_same_line,8192,1048576,506,7342303851368028680,1624793,11,11,1158547697704579215,1158547697704579215
5,P,20260918,610,2,measure,16,stride_1,33554432,1048576,2992436,3516947609582853185,1838768,11,11,1408719106619991362,1408719106619991362
5,P,20260918,611,2,measure,17,random,32768,1048576,3074,8798662121308187372,1133220,11,11,1807911663383947737,1807911663383947737
5,P,20260918,612,2,measure,18,stride_17,201326592,1048576,24427471,11522642140716819379,8689949,11,11,17650341667443072407,17650341667443072407
5,P,20260918,613,2,measure,19,stride_1,196608,1048576,13610,6861608934766975755,1360415,11,11,10016653248645853933,10016653248645853933
5,P,20260918,614,2,measure,20,stride_17,134217728,1048576,14677221,6395013154304945077,7295894,11,11,16042580265721765311,16042580265721765311
5,P,20260918,615,2,measure,21,stride_1_double,201326592,2097152,21692566,18024484589795460092,3149288,11,11,11581589210690355588,11581589210690355588
5,P,20260918,616,2,measure,22,stride_1_double,49152,2097152,958,1453485656844230579,2707607,11,11,9458291894455738349,9458291894455738349
5,P,20260918,617,2,measure,23,stride_4097,65536,1048576,4220,1294190582595514801,1422506,11,11,16423878549329276288,16423878549329276288
5,P,20260918,618,2,measure,24,stride_4097,1048576,1048576,23869,12991947180436255965,1511392,11,11,8797231230870489880,8797231230870489880
5,P,20260918,619,2,measure,25,stride_1_double,1048576,2097152,23949,16895785933097491909,2705847,11,11,17594462461740979760,17594462461740979760
5,P,20260918,620,2,measure,26,stride_1_double,12582912,2097152,1001577,656558979599062529,3674204,11,11,1580522120772049601,1580522120772049601
5,P,20260918,621,2,measure,27,stride_1_bis,98304,1048576,8362,9406580424442264793,1356251,11,11,3881040313600963031,3881040313600963031
5,P,20260918,622,2,measure,28,stride_1,134217728,1048576,7814231,9373567855450335462,1655082,11,11,9742109509186228598,9742109509186228598
5,P,20260918,623,2,measure,29,stride_1,16777216,1048576,1049478,5665598250143683974,1524186,11,11,1158947789725641825,1158947789725641825
5,P,20260918,624,2,measure,30,stride_4097,16384,1048576,1450,17784484600849808618,1351835,11,11,9548053087369131008,9548053087369131008
5,P,20260918,625,2,measure,31,stride_1,262144,1048576,8744,9704331860153762393,1353354,11,11,3252759155835688704,3252759155835688704
5,P,20260918,626,2,measure,32,stride_513,65536,1048576,8189,9066552259924432333,1411797,11,11,16423878549329276288,16423878549329276288
5,P,20260918,627,2,measure,33,stride_513,786432,1048576,68699,11099891798740366147,1435255,11,11,13192199103146003808,13192199103146003808
5,P,20260918,628,2,measure,34,stride_17,6291456,1048576,279904,635212338918144145,5124768,11,11,11214078943647085196,11214078943647085196
5,P,20260918,629,2,measure,35,stride_1_bis,4194304,1048576,225538,6858819498381061289,1496447,11,11,12406089252390561320,12406089252390561320
5,P,20260918,630,2,measure,36,stride_1_bis,6144,1048576,758,11105541040657769434,1352355,11,11,8005042823829933608,8005042823829933608
5,P,20260918,631,2,measure,37,stride_1,393216,1048576,19778,13581260943254848037,1356257,11,11,182118254926974021,182118254926974021
5,P,20260918,632,2,measure,38,random,50331648,1048576,3250639,1498737225125324542,14636530,11,11,3361883675578736654,3361883675578736654
5,P,20260918,633,2,measure,39,stride_513,134217728,1048576,6117657,12631631619442524642,11488144,11,11,11574746215445721114,11574746215445721114
5,P,20260918,634,2,measure,40,stride_513,33554432,1048576,2176330,13152189867610703538,10146099,11,11,5182153033136642496,5182153033136642496
5,P,20260918,635,2,measure,41,stride_1,67108864,1048576,620784,12076982528663684359,1774243,11,11,8249002110290155903,8249002110290155903
5,P,20260918,636,2,measure,42,pair_split_line,16777216,1048576,1962722,8520145967736026102,14291502,11,11,14302144671624363224,14302144671624363224
5,P,20260918,637,2,measure,43,stride_513,4194304,1048576,78421,16194418541545778494,2375450,11,11,12406089252390561320,12406089252390561320
5,P,20260918,638,2,measure,44,stride_1_bis,24576,1048576,2869,2441620698765871823,1658264,11,11,14566390752617119091,14566390752617119091
5,P,20260918,639,2,measure,45,stride_1_bis,25165824,1048576,1336901,14187425533151311189,2054214,11,11,7022494200309740509,7022494200309740509
5,P,20260918,640,2,measure,46,pair_split_line,131072,1048576,14405,18085853315811118117,2406963,11,11,6086874995925601373,6086874995925601373
5,P,20260918,641,2,measure,47,stride_1,268435456,1048576,6078504,1733812721143089813,1794754,11,11,9069341705121671561,9069341705121671561
5,P,20260918,642,2,measure,48,stride_4097,262144,1048576,8561,9485601739375887701,1398121,11,11,3252759155835688704,3252759155835688704
5,P,20260918,643,2,measure,49,stride_1,32768,1048576,330,17922643833125434444,1354532,11,11,10598541984122395648,10598541984122395648
5,P,20260918,644,2,measure,50,stride_1_bis,32768,1048576,1032,3435810010262552155,1351406,11,11,10598541984122395648,10598541984122395648
5,P,20260918,645,2,measure,51,random,1048576,1048576,74243,8815822012417709281,1310597,11,11,2451207767372380267,2451207767372380267
5,P,20260918,646,2,measure,52,stride_4097,25165824,1048576,229751,7844423465506912052,7819298,11,11,15989199584014823559,15989199584014823559
5,P,20260918,647,2,measure,53,random,12582912,1048576,1908,6928194431027926160,10054940,11,11,9576106052791495027,9576106052791495027
5,P,20260918,648,2,measure,54,stride_4097,6291456,1048576,664120,11922946119696628233,2526316,11,11,14677451759637267078,14677451759637267078
5,P,20260918,649,2,measure,55,stride_1_double,25165824,2097152,2690304,17850655703760490209,3505935,11,11,8774490533763872300,8774490533763872300
5,P,20260918,650,2,measure,56,stride_4097,50331648,1048576,3695109,8276599036174462129,8269136,11,11,16387643273325520018,16387643273325520018
5,P,20260918,651,2,measure,57,random,1572864,1048576,80540,16871139797342921867,2239354,11,11,14365098830339452533,14365098830339452533
5,P,20260918,652,2,measure,58,stride_1_bis,100663296,1048576,10816196,18326685925895012177,1826193,11,11,1385065099824550345,1385065099824550345
5,P,20260918,653,2,measure,59,stride_513,100663296,1048576,10782179,5368335258477528785,11516418,11,11,14483636655510820935,14483636655510820935
5,P,20260918,654,2,measure,60,stride_1,4194304,1048576,82343,8915650909436992627,1992248,11,11,12406089252390561320,12406089252390561320
5,P,20260918,655,2,measure,61,stride_1_bis,201326592,1048576,20023970,4722016975655088694,1972795,11,11,3478549098949594364,3478549098949594364
5,P,20260918,656,2,measure,62,stride_513,50331648,1048576,2117918,3812890084176824780,11397865,11,11,2125664746728966837,2125664746728966837
5,P,20260918,657,2,measure,63,stride_513,524288,1048576,5332,5346147500168697168,1963051,11,11,10061883979847375520,10061883979847375520
5,P,20260918,658,2,measure,64,stride_1,1572864,1048576,443,14634184222585258679,1797792,11,11,12103522373113234917,12103522373113234917
5,P,20260918,659,2,measure,65,pair_split_line,524288,1048576,48356,1187375345874086118,2995228,11,11,17077225962585735598,17077225962585735598
5,P,20260918,660,2,measure,66,stride_1_double,393216,2097152,21267,646362106261802817,3723583,11,11,16467748124043667458,16467748124043667458
5,P,20260918,661,2,measure,67,random,6291456,1048576,495334,1341493571055671892,7246890,11,11,16686475262119319130,16686475262119319130
5,P,20260918,662,2,measure,68,stride_4097,33554432,1048576,3031221,943911632104635571,7241643,11,11,9141829492525799169,9141829492525799169
5,P,20260918,663,2,measure,69,stride_1_bis,268435456,1048576,22724909,6035275958073056800,1992690,11,11,16283183100799050768,16283183100799050768
5,P,20260918,664,2,measure,70,stride_17,4096,1048576,497,8619350489325631482,1688679,11,11,8154595385843253248,8154595385843253248
5,P,20260918,665,2,measure,71,stride_513,12288,1048576,322,8951773323610866802,1573762,11,11,3776769180852905984,3776769180852905984
5,P,20260918,666,2,measure,72,stride_4097,201326592,1048576,22950545,16297323448243621599,9312759,11,11,2375165094461392487,2375165094461392487
5,P,20260918,667,2,measure,73,pair_same_line,393216,1048576,39084,65219065418463308,2449957,11,11,14415518329650986666,14415518329650986666
5,P,20260918,668,2,measure,74,stride_1,524288,1048576,43657,843785959496151917,1680924,11,11,10061883979847375520,10061883979847375520
5,P,20260918,669,2,measure,75,stride_513,49152,1048576,649,230471198792639966,1626894,11,11,10058475094351434240,10058475094351434240
5,P,20260918,670,2,measure,76,pair_same_line,6291456,1048576,360169,2050031325421941586,10212136,11,11,17030777028515345927,17030777028515345927
5,P,20260918,671,2,measure,77,stride_1,131072,1048576,12617,5250452225780343888,1664685,11,11,16921412609114818048,16921412609114818048
5,P,20260918,672,2,measure,78,pair_same_line,65536,1048576,2930,5458267665308017775,2003042,11,11,18033076293878859255,18033076293878859255
5,P,20260918,673,2,measure,79,pair_split_line,25165824,1048576,1061405,2526124281042482803,18363964,11,11,13868974005045539730,13868974005045539730
5,P,20260918,674,2,measure,80,stride_1,786432,1048576,14408,2311814020646142706,1859788,11,11,5247031570331039547,5247031570331039547
5,P,20260918,675,2,measure,81,stride_4097,524288,1048576,5605,3057894571953871796,1844905,11,11,10061883979847375520,10061883979847375520
5,P,20260918,676,2,measure,82,stride_1_double,8388608,2097152,128159,8683109277163228373,4011607,11,11,18159816849507569302,18159816849507569302
5,P,20260918,677,2,measure,83,stride_1,2097152,1048576,251097,7030102911409122440,1700668,11,11,14577075130308765988,14577075130308765988
5,P,20260918,678,2,measure,84,pair_same_line,98304,1048576,3323,3750589486315711949,1971085,11,11,2471749371181901479,2471749371181901479
5,P,20260918,679,2,measure,85,pair_split_line,201326592,1048576,854026,229882095515826925,24884802,11,11,5995920540995666169,5995920540995666169
5,P,20260918,680,2,measure,86,pair_split_line,24576,1048576,1479,15603086278648868151,2708846,11,11,5690173855059805451,5690173855059805451
5,P,20260918,681,2,measure,87,pair_same_line,12582912,1048576,616781,9620876038797603471,14570037,11,11,10851237872296736880,10851237872296736880
5,P,20260918,682,2,measure,88,random,65536,1048576,492,15430282769699305489,1896343,11,11,8652801492998611269,8652801492998611269
5,P,20260918,683,2,measure,89,stride_1,98304,1048576,11322,2809590740631283116,1961184,11,11,1621028812678983951,1621028812678983951
5,P,20260918,684,2,measure,90,stride_4097,196608,1048576,14405,15397340379590466850,1759874,11,11,15649132364243264738,15649132364243264738
5,P,20260918,685,2,measure,91,stride_1_double,16384,2097152,1082,4775241114989242830,3524066,11,11,649362101028710400,649362101028710400
5,P,20260918,686,2,measure,92,stride_1_double,100663296,2097152,8112704,3240873164662616591,4788321,11,11,4714462272647778159,4714462272647778159
5,P,20260918,687,2,measure,93,random,12288,1048576,914,10974762677874614538,1235066,11,11,12299157358891831660,12299157358891831660
5,P,20260918,688,2,measure,94,stride_4097,98304,1048576,10663,642001636597972381,1556917,11,11,6713602941866221892,6713602941866221892
5,P,20260918,689,2,measure,95,stride_1_bis,262144,1048576,22721,3379101435595909462,1444908,11,11,3252759155835688704,3252759155835688704
5,P,20260918,690,2,measure,96,random,33554432,1048576,3243541,905213450270834841,13565421,11,11,3617508553580391015,3617508553580391015
5,P,20260918,691,2,measure,97,random,6144,1048576,471,7311915953538455307,1366223,11,11,4322701668256616177,4322701668256616177
5,P,20260918,692,2,measure,98,pair_split_line,134217728,1048576,16578429,4585016258219095639,27114461,11,11,16692305058102212807,16692305058102212807
5,P,20260918,693,2,measure,99,stride_17,196608,1048576,20152,10722533672146093065,2274082,11,11,12333641842333490558,12333641842333490558
5,P,20260918,694,2,measure,100,stride_1,201326592,1048576,6824671,12674133756281143365,2689628,11,11,6439145652071933375,6439145652071933375
5,P,20260918,695,2,measure,101,stride_1_double,98304,2097152,6098,11097829050225584916,3536044,11,11,14900866552349885802,14900866552349885802
5,P,20260918,696,2,measure,102,stride_17,1572864,1048576,106522,13633391620971388563,2007532,11,11,8694899469200212140,8694899469200212140
5,P,20260918,697,2,measure,103,pair_same_line,25165824,1048576,1197847,5591915421577813760,15999052,11,11,9357872621939739796,9357872621939739796
5,P,20260918,698,2,measure,104,random,201326592,1048576,15163495,9097017815628662803,18842880,11,11,14821892398642468380,14821892398642468380
5,P,20260918,699,2,measure,105,pair_split_line,786432,1048576,60021,18128383558301032836,4169802,11,11,7328728614936400225,7328728614936400225
5,P,20260918,700,2,measure,106,stride_1_bis,49152,1048576,4278,9810941945175140438,1694435,11,11,5976076564412556951,5976076564412556951
5,P,20260918,701,2,measure,107,stride_1_bis,1572864,1048576,119311,6504914257062256885,1777915,11,11,7511496507674293874,7511496507674293874
5,P,20260918,702,2,measure,108,stride_513,12582912,1048576,823159,14927451982701281884,8456417,11,11,4963127596952158292,4963127596952158292
5,P,20260918,703,2,measure,109,pair_split_line,4096,1048576,137,6415825353793129030,3106700,11,11,4506714558242300315,4506714558242300315
5,P,20260918,704,2,measure,110,stride_4097,32768,1048576,545,10671937995191120141,1854503,11,11,10598541984122395648,10598541984122395648
5,P,20260918,705,2,measure,111,stride_1_bis,8388608,1048576,903133,6759824482555494431,2202319,11,11,18303280461608560459,18303280461608560459
5,P,20260918,706,2,measure,112,stride_513,262144,1048576,3247,3538242586813069348,1794245,11,11,3252759155835688704,3252759155835688704
5,P,20260918,707,2,measure,113,stride_4097,12288,1048576,255,17042534139811534953,1756445,11,11,14048171286248273951,14048171286248273951
5,P,20260918,708,2,measure,114,pair_split_line,393216,1048576,13249,10193297088212220185,2938608,11,11,4959377811418075149,4959377811418075149
5,P,20260918,709,2,measure,115,stride_17,50331648,1048576,1033385,16596075712885249977,9013679,11,11,11765870614108042229,11765870614108042229
5,P,20260918,710,2,measure,116,stride_513,32768,1048576,2093,16267057373333174212,1789662,11,11,10598541984122395648,10598541984122395648
5,P,20260918,711,2,measure,117,pair_split_line,2097152,1048576,40863,7387272122059665481,4163728,11,11,16159965634795746412,16159965634795746412
5,P,20260918,712,2,measure,118,stride_17,98304,1048576,11238,3164481447744382110,1683284,11,11,16185287921085984670,16185287921085984670
5,P,20260918,713,2,measure,119,pair_split_line,4194304,1048576,1059,11235314565518720086,4715246,11,11,606257767092942119,606257767092942119
5,P,20260918,714,2,measure,120,stride_17,33554432,1048576,991085,6878151222542014920,7999158,11,11,2645001850126912895,2645001850126912895
5,P,20260918,715,2,measure,121,stride_4097,1572864,1048576,130292,14442134578950308249,1806170,11,11,14113737364355106830,14113737364355106830
5,P,20260918,716,2,measure,122,random,24576,1048576,2587,16531188533254401206,1231519,11,11,18272613153250067445,18272613153250067445
5,P,20260918,717,2,measure,123,stride_513,67108864,1048576,4217957,9321184849860266565,10706347,11,11,17473435238581080834,17473435238581080834
5,P,20260918,718,2,measure,124,stride_513,6291456,1048576,4631,6190392092760530322,3231980,11,11,8960868997562969188,8960868997562969188
5,P,20260918,719,2,measure,125,pair_split_line,8192,1048576,634,15964256218106360270,2319530,11,11,6128006943157507915,6128006943157507915
5,P,20260918,720,2,measure,126,stride_1,4096,1048576,180,12986553983350997574,1664120,11,11,8154595385843253248,8154595385843253248
5,P,20260918,721,2,measure,127,stride_1_bis,4096,1048576,99,18229054476100887444,1563112,11,11,8154595385843253248,8154595385843253248
5,P,20260918,722,2,measure,128,random,3145728,1048576,277207,10411096458731421670,2053034,11,11,1383125181019769877,1383125181019769877
5,P,20260918,723,2,measure,129,pair_same_line,4096,1048576,448,16525261190382091184,1711867,11,11,15278463145512372374,15278463145512372374
5,P,20260918,724,2,measure,130,stride_513,1048576,1048576,30954,7291496247414221448,1479063,11,11,8797231230870489880,8797231230870489880
5,P,20260918,725,2,measure,131,stride_513,1572864,1048576,188177,9111718830132621041,1419181,11,11,4152134303135996640,4152134303135996640
5,P,20260918,726,2,measure,132,pair_split_line,32768,1048576,1653,10786998791515144654,1886146,11,11,234005112747627557,234005112747627557
5,P,20260918,727,2,measure,133,stride_17,32768,1048576,784,15682642360438884772,1363797,11,11,10598541984122395648,10598541984122395648
5,P,20260918,728,2,measure,134,stride_1,12582912,1048576,513298,2071289611886256963,1479650,11,11,4291329581194377008,4291329581194377008
5,P,20260918,729,2,measure,135,random,786432,1048576,88763,6372542298680554840,1197558,11,11,15350494080590732146,15350494080590732146
5,P,20260918,730,2,measure,136,random,16384,1048576,1628,4983315258771521035,1087504,11,11,2588764932823614120,2588764932823614120
5,P,20260918,731,2,measure,137,stride_17,3145728,1048576,58475,5613372210691682120,2485805,11,11,12061954957457514720,12061954957457514720
5,P,20260918,732,2,measure,138,pair_split_line,98304,1048576,10591,14769007522298945684,2148569,11,11,17178890210373545947,17178890210373545947
5,P,20260918,733,2,measure,139,stride_1_double,24576,2097152,1106,8070053228792507910,2765907,11,11,10139228339208956909,10139228339208956909
5,P,20260918,734,2,measure,140,random,25165824,1048576,644943,1524066047298504918,11560909,11,11,3088979839073359571,3088979839073359571
5,P,20260918,735,2,measure,141,pair_split_line,12288,1048576,1529,6373396404364148316,2037612,11,11,12053814948205919778,12053814948205919778
5,P,20260918,736,2,measure,142,pair_split_line,50331648,1048576,5103183,16587707841528536792,17716708,11,11,420123376899393048,420123376899393048
5,P,20260918,737,2,measure,143,stride_1_bis,33554432,1048576,859240,7007357075325828830,1960184,11,11,13195963441089926505,13195963441089926505
5,P,20260918,738,2,measure,144,random,262144,1048576,1551,2020420764262134271,1208761,11,11,14522993499942923979,14522993499942923979
5,P,20260918,739,2,measure,145,stride_1_bis,786432,1048576,66395,5675473038557139670,1392552,11,11,10963598256286275441,10963598256286275441
5,P,20260918,740,2,measure,146,stride_1_bis,1048576,1048576,3592,11281297522031807015,1393909,11,11,8797231230870489880,8797231230870489880
5,P,20260918,741,2,measure,147,pair_split_line,8388608,1048576,111781,13402063515845665868,9062352,11,11,12334331382172496930,12334331382172496930
5,P,20260918,742,2,measure,148,stride_1_double,3145728,2097152,370982,15715380157092158278,2841787,11,11,4520785511340449778,4520785511340449778
5,P,20260918,743,2,measure,149,pair_same_line,100663296,1048576,7599191,17612506360005358030,17516333,11,11,8354480883206360814,8354480883206360814
5,P,20260918,744,2,measure,150,pair_same_line,12288,1048576,105,10308888912522646965,1773806,11,11,8337668113902783907,8337668113902783907
5,P,20260918,745,2,measure,151,stride_17,786432,1048576,37048,8766018682626081506,1540685,11,11,77746726638598622,77746726638598622
5,P,20260918,746,2,measure,152,stride_4097,16777216,1048576,1729081,14142736617356757177,6582667,11,11,7028321577990985979,7028321577990985979
5,P,20260918,747,2,measure,153,stride_1_bis,50331648,1048576,5939185,12891737400755089869,2239541,11,11,10820233688716729216,10820233688716729216
5,P,20260918,748,2,measure,154,stride_513,196608,1048576,9568,6143537038827564640,1466036,11,11,2303624161942002560,2303624161942002560
5,P,20260918,749,2,measure,155,stride_4097,4194304,1048576,467242,17060893296333217438,1537470,11,11,12406089252390561320,12406089252390561320
5,P,20260918,750,2,measure,156,random,524288,1048576,783,3471422033587209585,1150551,11,11,17021532801330633989,17021532801330633989
5,P,20260918,751,2,measure,157,stride_17,25165824,1048576,2979458,5896234411932881724,6744416,11,11,6620971437764771259,6620971437764771259
5,P,20260918,752,2,measure,158,pair_split_line,49152,1048576,5101,15909239538221477136,1927968,11,11,16336007183169152253,16336007183169152253
5,P,20260918,753,2,measure,159,stride_1_double,196608,2097152,20480,17465170322198591566,2755547,11,11,13458678554023400873,13458678554023400873
5,P,20260918,754,2,measure,160,stride_1_double,786432,2097152,27394,670350220054826269,2847302,11,11,10078907827678621379,10078907827678621379
5,P,20260918,755,2,measure,161,stride_4097,2097152,1048576,127338,17606114168583067393,1683382,11,11,14577075130308765988,14577075130308765988
5,P,20260918,756,2,measure,162,stride_1_bis,131072,1048576,4768,16233027810032186118,1388320,11,11,16921412609114818048,16921412609114818048
5,P,20260918,757,2,measure,163,stride_1_double,1572864,2097152,49353,17479218993298057704,2886668,11,11,9100059119325148708,9100059119325148708
5,P,20260918,758,2,measure,164,pair_split_line,196608,1048576,11864,17933437120604614119,2288310,11,11,12926701522996805048,12926701522996805048
5,P,20260918,759,2,measure,165,pair_same_line,4194304,1048576,368372,7183483510439892143,4108116,11,11,2711866776417358533,2711866776417358533
5,P,20260918,760,2,measure,166,stride_4097,786432,1048576,79610,1106938127764112056,1432357,11,11,17619812525041616251,17619812525041616251
5,P,20260918,761,2,measure,167,stride_1_double,268435456,2097152,20223506,3774470513286209323,4457788,11,11,7546646292923600590,7546646292923600590
5,P,20260918,762,2,measure,168,stride_1_bis,12288,1048576,703,1152790224324761262,1352299,11,11,2957484285595853639,2957484285595853639
5,P,20260918,763,2,measure,169,stride_17,1048576,1048576,106176,8543218889784595653,1429048,11,11,8797231230870489880,8797231230870489880
5,P,20260918,764,2,measure,170,stride_1_bis,12582912,1048576,302228,5855578551001640620,1923852,11,11,16132702238481851452,16132702238481851452
5,P,20260918,765,2,measure,171,stride_17,12288,1048576,92,11897244777759405638,1357552,11,11,9484263680115052057,9484263680115052057
5,P,20260918,766,2,measure,172,stride_513,16384,1048576,192,17358973516730949133,1351720,11,11,9548053087369131008,9548053087369131008
5,P,20260918,767,2,measure,173,stride_513,3145728,1048576,149875,16971350706474379228,1836831,11,11,4696861105486946824,4696861105486946824
5,P,20260918,768,2,measure,174,stride_17,16384,1048576,1676,9557564966639107190,1352916,11,11,9548053087369131008,9548053087369131008
5,P,20260918,769,2,measure,175,pair_same_line,201326592,1048576,9758443,11557453037575864783,18752384,11,11,6689756942223087899,6689756942223087899
5,P,20260918,770,2,measure,176,stride_1,25165824,1048576,916995,13974521521941595520,2399967,11,11,10085354148273072807,10085354148273072807
5,P,20260918,771,2,measure,177,random,2097152,1048576,167303,16640615315726323860,3222115,11,11,9394470418322779532,9394470418322779532
5,P,20260918,772,2,measure,178,stride_1,16384,1048576,773,2029158721452827861,1409459,11,11,9548053087369131008,9548053087369131008
5,P,20260918,773,2,measure,179,stride_1,3145728,1048576,236194,14832628427309574409,1557817,11,11,6057487384738340456,6057487384738340456
5,P,20260918,774,2,measure,180,random,131072,1048576,10423,1706198171418078793,1121756,11,11,15850604261253956655,15850604261253956655
5,P,20260918,775,2,measure,181,stride_1_bis,16777216,1048576,94640,1704226651331575027,2150944,11,11,7355495868760792818,7355495868760792818
5,P,20260918,776,2,measure,182,stride_1_double,12288,2097152,1340,9989931500329474201,2710052,11,11,3971259012828867975,3971259012828867975
5,P,20260918,777,2,measure,183,stride_4097,393216,1048576,47144,2276614729044454506,1391446,11,11,3528919152176427017,3528919152176427017
5,P,20260918,778,2,measure,184,pair_same_line,49152,1048576,769,11032126657929928961,1836445,11,11,7055131165901501051,7055131165901501051
5,P,20260918,779,2,measure,185,stride_1_bis,393216,1048576,28487,10325080166379068622,1356640,11,11,18425500374902359466,18425500374902359466
5,P,20260918,780,2,measure,186,stride_1_double,32768,2097152,1666,14122462030319274500,2772071,11,11,2750339894535239680,2750339894535239680
5,P,20260918,781,2,measure,187,stride_1_bis,3145728,1048576,374384,309321133915170773,1422067,11,11,9645189230034091352,9645189230034091352
5,P,20260918,782,2,measure,188,stride_1_double,33554432,2097152,275740,9361465616256465500,4346512,11,11,6010090907498919426,6010090907498919426
5,P,20260918,783,2,measure,189,pair_same_line,1048576,1048576,26239,8160140762908032096,2117351,11,11,11459222876959428884,11459222876959428884
5,P,20260918,784,2,measure,190,pair_same_line,262144,1048576,3886,5119935035115882804,1815319,11,11,8780942711001876717,8780942711001876717
5,P,20260918,785,2,measure,191,stride_1,1048576,1048576,42276,2954457994801216718,1384472,11,11,8797231230870489880,8797231230870489880
5,P,20260918,786,2,measure,192,random,16777216,1048576,511781,8248988983937712336,9946874,11,11,5081981181062786410,5081981181062786410
5,P,20260918,787,2,measure,193,stride_1_double,65536,2097152,7599,9095676480363241024,2715141,11,11,14401013024949000960,14401013024949000960
5,P,20260918,788,2,measure,194,random,100663296,1048576,7318160,3816322816286007872,15604507,11,11,6747427491017450530,6747427491017450530
5,P,20260918,789,2,measure,195,stride_1_bis,2097152,1048576,111996,514784381671490801,1881653,11,11,14577075130308765988,14577075130308765988
5,P,20260918,790,2,measure,196,stride_513,8388608,1048576,486640,12674079677282259053,3274334,11,11,18303280461608560459,18303280461608560459
5,P,20260918,791,2,measure,197,pair_split_line,268435456,1048576,23936847,10509164069836215007,27567249,11,11,3283270464974760647,3283270464974760647
5,P,20260918,792,2,measure,198,stride_17,8388608,1048576,539576,13197817035862994035,4390354,11,11,18303280461608560459,18303280461608560459
5,P,20260918,793,2,measure,199,stride_1_double,524288,2097152,22211,825629928261270701,2967208,11,11,1677023885985199424,1677023885985199424
5,P,20260918,794,2,measure,200,stride_1_double,2097152,2097152,115214,5170765563186131252,2768777,11,11,10707406186907980360,10707406186907980360
5,P,20260918,795,2,measure,201,pair_split_line,16384,1048576,818,4808249533783670403,1910353,11,11,4362035763575070383,4362035763575070383
5,P,20260918,796,2,measure,202,stride_513,16777216,1048576,976889,812427878396569313,7093811,11,11,10855861300374649880,10855861300374649880
5,P,20260918,797,2,measure,203,pair_same_line,67108864,1048576,3343207,16543092970448225439,16690299,11,11,4613341496257075605,4613341496257075605
5,P,20260918,798,2,measure,204,stride_513,4096,1048576,63,12528128365208453166,1666148,11,11,8154595385843253248,8154595385843253248
5,P,20260918,799,2,measure,205,stride_1_bis,134217728,1048576,4366335,361881711285259815,2450618,11,11,2475319417194623660,2475319417194623660
5,P,20260918,800,2,measure,206,stride_4097,100663296,1048576,4352782,5329428412621525852,8831381,11,11,10126686390542989906,10126686390542989906
5,P,20260918,801,2,measure,207,random,268435456,1048576,88564,3817610445617020544,18231754,11,11,7277359852926610935,7277359852926610935
5,P,20260918,802,2,measure,208,stride_513,268435456,1048576,22283181,4375363029235097036,13060447,11,11,7529893774489841714,7529893774489841714
5,P,20260918,803,2,measure,209,stride_1_double,8192,2097152,992,7796313777918788614,4378681,11,11,233185894918883328,233185894918883328
5,P,20260918,804,2,measure,210,stride_4097,8388608,1048576,141066,7837492604092902663,4955955,11,11,18303280461608560459,18303280461608560459
5,P,20260918,805,2,measure,211,stride_513,24576,1048576,1397,15548727109896604571,2197939,11,11,13347672456076306432,13347672456076306432
5,P,20260918,806,2,measure,212,stride_1,12288,1048576,1258,9561059776066129505,2017130,11,11,8208755051136594115,8208755051136594115
5,P,20260918,807,2,measure,213,stride_4097,8192,1048576,426,5665757262889839903,1708987,11,11,116592947459441664,116592947459441664
5,P,20260918,808,2,measure,214,random,8388608,1048576,406167,4611427645629822366,6282658,11,11,17595949776758036483,17595949776758036483
5,P,20260918,809,2,measure,215,pair_same_line,8388608,1048576,1023610,32794898276718743,4579690,11,11,10615560660926148164,10615560660926148164
5,P,20260918,810,2,measure,216,pair_split_line,12582912,1048576,388278,4944273625596416790,13044844,11,11,10799474484804206555,10799474484804206555
5,P,20260918,811,2,measure,217,pair_same_line,24576,1048576,531,17337604743367126230,2628367,11,11,367555260630114072,367555260630114072
5,P,20260918,812,2,measure,218,stride_17,24576,1048576,281,9174342904643304566,1893979,11,11,4765637881925231565,4765637881925231565
5,P,20260918,813,2,measure,219,stride_17,6144,1048576,690,8252545758039448832,1823385,11,11,5675357037843281059,5675357037843281059
5,P,20260918,814,2,measure,220,stride_17,49152,1048576,2586,926598617461957742,1773807,11,11,15716061640505660060,15716061640505660060
5,P,20260918,815,2,measure,221,stride_4097,268435456,1048576,25125318,11202674724548750102,8442728,11,11,5942263474724720385,5942263474724720385
5,P,20260918,816,2,measure,222,pair_same_line,33554432,1048576,3792491,3904094398636617331,18137310,11,11,6668948393404542481,6668948393404542481
5,P,20260918,817,2,measure,223,stride_17,131072,1048576,9473,10688449014458614110,2162146,11,11,16921412609114818048,16921412609114818048
5,P,20260918,818,2,measure,224,stride_4097,134217728,1048576,14780602,16458646172498609118,8395410,11,11,4716163651056401997,4716163651056401997
5,P,20260918,819,2,measure,225,random,4194304,1048576,36935,813509321444390408,7488595,11,11,7218550104342138377,7218550104342138377
5,P,20260918,820,2,measure,226,stride_17,268435456,1048576,33155453,12863612086109832186,10691065,11,11,16861819443448103411,16861819443448103411
5,P,20260918,821,2,measure,227,stride_4097,67108864,1048576,4258409,10603651563292962741,8908537,11,11,2087404398857740197,2087404398857740197
5,P,20260918,822,2,measure,228,stride_1_bis,16384,1048576,1560,11622321998473085876,2553321,11,11,9548053087369131008,9548053087369131008
5,P,20260918,823,2,measure,229,random,49152,1048576,1733,5465890604225235996,1651652,11,11,7165800962936597413,7165800962936597413
5,P,20260918,824,2,measure,230,pair_same_line,32768,1048576,3697,429543114601194592,2178261,11,11,9261110214313964234,9261110214313964234
5,P,20260918,825,2,measure,231,pair_same_line,524288,1048576,28601,6351564376883589980,2750034,11,11,11761611834622091496,11761611834622091496
5,P,20260918,826,2,measure,232,stride_513,2097152,1048576,63935,6750441575608616665,3276360,11,11,14577075130308765988,14577075130308765988
5,P,20260918,827,2,measure,233,pair_split_line,100663296,1048576,2958791,4595142720445386946,27799853,11,11,7950873950869937729,7950873950869937729
5,P,20260918,828,2,measure,234,stride_1_double,131072,2097152,7028,3957530082959436624,4300186,11,11,15396081144520084480,15396081144520084480
5,P,20260918,829,2,measure,235,stride_17,16777216,1048576,1693848,2359195473349978801,7425780,11,11,8746332201181486944,8746332201181486944
5,P,20260918,830,2,measure,236,stride_513,393216,1048576,21798,8760389229955371715,2541676,11,11,9218483334806453440,9218483334806453440
5,P,20260918,831,2,measure,237,stride_4097,4096,1048576,417,7497540085154824502,1853467,11,11,8154595385843253248,8154595385843253248
5,P,20260918,832,2,measure,238,stride_4097,24576,1048576,1965,401735613495217237,1692954,11,11,8307806936112189917,8307806936112189917
5,P,20260918,833,2,measure,239,pair_same_line,50331648,1048576,499405,18363704755534116794,17421359,11,11,5532339385680032594,5532339385680032594
5,P,20260918,834,2,measure,240,stride_1_double,67108864,2097152,54058,17170050370973317399,4887850,11,11,11399317573493772023,11399317573493772023
5,P,20260918,835,2,measure,241,pair_same_line,1572864,1048576,104369,1302158518295162806,3729015,11,11,11150136765273073646,11150136765273073646
5,P,20260918,836,2,measure,242,pair_split_line,33554432,1048576,2938560,12722736925293717373,20222312,11,11,12522847528464060551,12522847528464060551
5,P,20260918,837,2,measure,243,pair_same_line,134217728,1048576,2803503,15433306780759995500,21159304,11,11,6665059178122068045,6665059178122068045
5,P,20260918,838,2,measure,244,stride_513,98304,1048576,8899,11731655359800619180,2587410,11,11,1589993245443464960,1589993245443464960
5,P,20260918,839,2,measure,245,pair_split_line,1048576,1048576,33459,11200125154530944558,3532005,11,11,10234048759853252843,10234048759853252843
5,P,20260918,840,2,measure,246,stride_17,65536,1048576,4036,1126809593144802030,1761846,11,11,16423878549329276288,16423878549329276288
5,P,20260918,841,2,measure,247,stride_4097,3145728,1048576,44495,5906041741395406981,2527606,11,11,5950032499576522438,5950032499576522438
5,P,20260918,842,2,measure,248,pair_split_line,65536,1048576,165,7662344414681296619,2764385,11,11,2330195255931060639,2330195255931060639
5,P,20260918,843,2,measure,249,stride_1_double,50331648,2097152,1267850,2466330731625473655,4947941,11,11,17930521132105511032,17930521132105511032
5,P,20260918,844,2,measure,250,stride_17,2097152,1048576,92012,5415999095443709250,1910756,11,11,14577075130308765988,14577075130308765988
5,P,20260918,845,2,measure,251,random,393216,1048576,22517,14410077936148113813,1371898,11,11,17969690909778416785,17969690909778416785
5,P,20260918,846,2,measure,252,stride_1,49152,1048576,649,3802896382535895759,1598746,11,11,11599637172735026941,11599637172735026941
5,P,20260918,847,2,measure,253,random,67108864,1048576,143594,7016538256552487539,15274920,11,11,2423507977418499877,2423507977418499877
5,P,20260918,848,2,measure,254,pair_split_line,3145728,1048576,76198,4067757043444422230,5373646,11,11,3157193991919013916,3157193991919013916
5,P,20260918,849,2,measure,255,stride_1_bis,196608,1048576,17544,12442055532958062904,1791225,11,11,11997683086504771517,11997683086504771517
5,P,20260918,850,2,measure,256,random,98304,1048576,706,3523384723993456165,1406045,11,11,7196956728936038154,7196956728936038154
5,P,20260918,851,2,measure,257,pair_same_line,268435456,1048576,22460331,652185234873231951,21718858,11,11,5168111481955867281,5168111481955867281
5,P,20260918,852,2,measure,258,stride_17,67108864,1048576,3290192,5528846626562950783,10337261,11,11,16928976814175917999,16928976814175917999
5,P,20260918,853,2,measure,259,stride_1,6291456,1048576,125281,18406799899046556218,2494795,11,11,7919728576585206856,7919728576585206856
5,P,20260918,854,2,measure,260,random,134217728,1048576,1025982,12642810332343289324,18803039,11,11,17125989562353338517,17125989562353338517
5,P,20260918,855,2,measure,261,stride_1,8388608,1048576,305129,5066801307602118297,2956147,11,11,18303280461608560459,18303280461608560459
5,P,20260918,856,2,measure,262,pair_same_line,3145728,1048576,326412,16017406730184898942,3502074,11,11,356426722303181165,356426722303181165
5,P,20260918,857,2,measure,263,stride_1_double,16777216,2097152,140837,6527315115073816845,4639155,11,11,12841062978479921428,12841062978479921428
5,P,20260918,858,2,measure,264,stride_513,25165824,1048576,1789453,10308843765226637918,10032248,11,11,3223166402984098452,3223166402984098452
5,P,20260918,859,2,measure,265,stride_4097,131072,1048576,8460,13635074431338897961,2365702,11,11,16921412609114818048,16921412609114818048
5,P,20260918,860,2,measure,266,stride_1_double,6291456,2097152,472980,2324529725795789533,4199077,11,11,5553780494072236072,5553780494072236072
5,P,20260918,861,2,measure,267,pair_same_line,131072,1048576,1630,11656138995768747700,2238352,11,11,11029087962058113731,11029087962058113731
5,P,20260918,862,2,measure,268,pair_same_line,2097152,1048576,38040,5285973242161609360,2856009,11,11,8619845277835316437,8619845277835316437
5,P,20260918,863,2,measure,269,stride_1_bis,8192,1048576,727,14821366064141529420,1699498,11,11,116592947459441664,116592947459441664
5,P,20260918,864,2,measure,270,stride_4097,12582912,1048576,154801,15659651089705740627,5709625,11,11,15119438616425452962,15119438616425452962
5,P,20260918,865,2,measure,271,stride_17,262144,1048576,6236,15686822170954068756,1622105,11,11,3252759155835688704,3252759155835688704
5,P,20260918,866,2,measure,272,stride_17,100663296,1048576,7396739,432287218667259084,9110581,11,11,11549993122738635528,11549993122738635528
5,P,20260918,867,2,measure,273,stride_1_double,4194304,2097152,257286,2121978533232922919,3654897,11,11,6365434431071571024,6365434431071571024
5,P,20260918,868,2,measure,274,stride_1_bis,524288,1048576,52764,12971795340248619769,1608078,11,11,10061883979847375520,10061883979847375520
5,P,20260918,869,2,measure,275,stride_4097,49152,1048576,983,12913571372899640985,1545397,11,11,4811116367129183795,4811116367129183795
5,P,20260918,870,2,measure,276,stride_17,393216,1048576,7278,13290923624234963283,1493463,11,11,10746209785844135823,10746209785844135823
5,P,20260918,871,2,measure,277,stride_1_bis,65536,1048576,7903,15377684055402741441,1505043,11,11,16423878549329276288,16423878549329276288
5,P,20260918,872,2,measure,278,stride_1_double,262144,2097152,8754,15492070996795022207,2802970,11,11,6505518311671377408,6505518311671377408
5,P,20260918,873,2,measure,279,pair_split_line,6144,1048576,505,17305091300254292416,1879575,11,11,3943603004903309501,3943603004903309501
5,P,20260918,874,2,measure,280,stride_513,8192,1048576,782,2247436602499038248,1380977,11,11,116592947459441664,116592947459441664
5,P,20260918,875,2,measure,281,stride_513,131072,1048576,10917,10423207758614479756,1452813,11,11,16921412609114818048,16921412609114818048
5,P,20260918,876,2,measure,282,pair_same_line,196608,1048576,18806,3268956997490377883,1807065,11,11,14376644139603552679,14376644139603552679
5,P,20260918,877,2,measure,283,stride_513,201326592,1048576,2404954,15712602408268631936,13614196,11,11,3447630188576797946,3447630188576797946
5,P,20260918,878,2,measure,284,random,196608,1048576,2621,3472614446149087959,1189233,11,11,6948889018610591888,6948889018610591888
5,P,20260918,879,2,measure,285,stride_1_bis,6291456,1048576,775899,228394662971487670,2045288,11,11,12899353118262533178,12899353118262533178
5,P,20260918,880,2,measure,286,pair_split_line,6291456,1048576,90934,1738819156042397801,6037457,11,11,4206265391324472374,4206265391324472374
5,P,20260918,881,2,measure,287,pair_split_line,1572864,1048576,157214,2907964248620207808,2902801,11,11,704441489530267470,704441489530267470
5,P,20260918,882,2,measure,288,stride_1,6144,1048576,362,16887847402337242042,1358527,11,11,1224809598960051200,1224809598960051200
5,P,20260918,883,2,measure,289,pair_same_line,6144,1048576,356,1070624553155364760,1622826,11,11,16280892417419229822,16280892417419229822
5,P,20260918,884,2,measure,290,stride_1,100663296,1048576,8463402,16105378248986945277,2013131,11,11,13381178330510750573,13381178330510750573
5,P,20260918,885,2,measure,291,stride_17,4194304,1048576,94272,8181027853600029331,3202615,11,11,12406089252390561320,12406089252390561320
5,P,20260918,886,2,measure,292,stride_1_double,6144,2097152,144,15248797020440559462,2707012,11,11,1431311600502298844,1431311600502298844
5,P,20260918,887,2,measure,293,random,4096,1048576,306,16730644690451860885,1088990,11,11,1199648950070182997,1199648950070182997
5,P,20260918,888,2,measure,294,stride_4097,6144,1048576,611,11500606705114759928,1351938,11,11,6447434204433356395,6447434204433356395
5,P,20260918,889,2,measure,295,stride_17,8192,1048576,178,15765480736716859468,1351754,11,11,116592947459441664,116592947459441664
5,P,20260918,890,2,measure,296,stride_17,524288,1048576,51564,9236489636645873139,1385466,11,11,10061883979847375520,10061883979847375520
5,P,20260918,891,3,measure,0,random,268435456,1048576,23565236,898295818518520303,16975319,11,11,248189025994099292,248189025994099292
5,P,20260918,892,3,measure,1,pair_split_line,67108864,1048576,4242786,15465607666799068130,20426737,11,11,8857739697114744258,8857739697114744258
5,P,20260918,893,3,measure,2,stride_1_double,6291456,2097152,321739,9157022863711561658,3634774,11,11,1799677294135771321,1799677294135771321
5,P,20260918,894,3,measure,3,stride_1_double,16384,2097152,1841,732956012708118894,2832279,11,11,649362101028710400,649362101028710400
5,P,20260918,895,3,measure,4,stride_1,4194304,1048576,445157,6545845790665808232,1543462,11,11,12406089252390561320,12406089252390561320
5,P,20260918,896,3,measure,5,stride_1,4096,1048576,499,16467577912084349686,1351773,11,11,8154595385843253248,8154595385843253248
5,P,20260918,897,3,measure,6,random,25165824,1048576,221147,6572253825257934778,11884319,11,11,5886537524655828322,5886537524655828322
5,P,20260918,898,3,measure,7,stride_1_bis,134217728,1048576,508685,10698855789508569139,2243153,11,11,5554153124462482249,5554153124462482249
5,P,20260918,899,3,measure,8,stride_1_bis,25165824,1048576,1576074,12862552755671531688,2371683,11,11,11236007390370541376,11236007390370541376
5,P,20260918,900,3,measure,9,stride_513,49152,1048576,224,14406289370349426943,1403558,11,11,1303108010804061184,1303108010804061184
5,P,20260918,901,3,measure,10,stride_4097,65536,1048576,6325,18320093159520544293,1427558,11,11,16423878549329276288,16423878549329276288
5,P,20260918,902,3,measure,11,stride_513,6144,1048576,4,3819273465114670751,1359630,11,11,6657726286896836608,6657726286896836608
5,P,20260918,903,3,measure,12,stride_1,196608,1048576,3287,14276575509058509864,1364599,11,11,8765436193768066020,8765436193768066020
5,P,20260918,904,3,measure,13,stride_1_bis,8388608,1048576,418022,13918886529324191209,1913117,11,11,18303280461608560459,18303280461608560459
5,P,20260918,905,3,measure,14,stride_513,524288,1048576,9311,16612478289489182296,1477041,11,11,10061883979847375520,10061883979847375520
5,P,20260918,906,3,measure,15,stride_1,2097152,1048576,14718,13730905083620985172,1381354,11,11,14577075130308765988,14577075130308765988
5,P,20260918,907,3,measure,16,random,3145728,1048576,135245,6181522153425314403,1928615,11,11,10001157785939837352,10001157785939837352
5,P,20260918,908,3,measure,17,stride_17,393216,1048576,1049,13866027672094306584,1355829,11,11,2243675765668112588,2243675765668112588
5,P,20260918,909,3,measure,18,pair_split_line,1048576,1048576,97085,9250400713971024056,2549762,11,11,257068332133727605,257068332133727605
5,P,20260918,910,3,measure,19,stride_4097,6291456,1048576,287547,7601876981500995847,1949730,11,11,1447277214292381794,1447277214292381794
5,P,20260918,911,3,measure,20,pair_split_line,786432,1048576,23576,6504370203728881082,2510189,11,11,6399483062937524992,6399483062937524992
5,P,20260918,912,3,measure,21,stride_1_double,1572864,2097152,39,14590660493357424542,2790361,11,11,1634276311740889281,1634276311740889281
5,P,20260918,913,3,measure,22,pair_split_line,24576,1048576,406,4503427109585908330,1886841,11,11,13340487260354362307,13340487260354362307
5,P,20260918,914,3,measure,23,pair_split_line,196608,1048576,10207,17480885442538147939,2296721,11,11,11117432372969554911,11117432372969554911
5,P,20260918,915,3,measure,24,stride_1_bis,268435456,1048576,21530798,15786868507483027200,2233919,11,11,16963716811226136082,16963716811226136082
5,P,20260918,916,3,measure,25,pair_same_line,786432,1048576,25919,9648675704747921502,2035128,11,11,4110860122874601300,4110860122874601300
5,P,20260918,917,3,measure,26,stride_17,100663296,1048576,11830504,13804166392940004891,8351772,11,11,3534820562193125172,3534820562193125172
5,P,20260918,918,3,measure,27,stride_4097,268435456,1048576,701543,15754495279764087037,7257592,11,11,5775457824461148664,5775457824461148664
5,P,20260918,919,3,measure,28,stride_513,131072,1048576,2194,4003192491369765002,1446301,11,11,16921412609114818048,16921412609114818048
5,P,20260918,920,3,measure,29,pair_split_line,12582912,1048576,471346,14125057802317788790,9542573,11,11,2366072341054320204,2366072341054320204
5,P,20260918,921,3,measure,30,stride_1,134217728,1048576,10574046,2061320641261721993,2246435,11,11,7012694392418815768,7012694392418815768
5,P,20260918,922,3,measure,31,stride_1_double,16777216,2097152,257563,807826503891383904,3598584,11,11,12841062978479921428,12841062978479921428
5,P,20260918,923,3,measure,32,stride_1_double,6144,2097152,628,4253424849580277608,2770881,11,11,1125918626290961853,1125918626290961853
5,P,20260918,924,3,measure,33,stride_1,131072,1048576,4729,15560329949202234676,1409776,11,11,16921412609114818048,16921412609114818048
5,P,20260918,925,3,measure,34,stride_1_double,98304,2097152,10645,10883951497836471440,2822239,11,11,5365353114824250905,5365353114824250905
5,P,20260918,926,3,measure,35,stride_4097,1048576,1048576,24455,7350735348834581128,1506096,11,11,8797231230870489880,8797231230870489880
5,P,20260918,927,3,measure,36,stride_1_bis,4096,1048576,356,13951337937427545041,1411633,11,11,8154595385843253248,8154595385843253248
5,P,20260918,928,3,measure,37,pair_same_line,49152,1048576,2690,16696721794273067753,1637449,11,11,14940262903668119293,14940262903668119293
5,P,20260918,929,3,measure,38,stride_513,2097152,1048576,4688,9914543774680433984,1592081,11,11,14577075130308765988,14577075130308765988
5,P,20260918,930,3,measure,39,pair_same_line,6291456,1048576,511887,16344510622051953492,4278094,11,11,3907005083160225613,3907005083160225613
5,P,20260918,931,3,measure,40,stride_1_double,33554432,2097152,3072795,10701445638924628932,3890151,11,11,14472723981226802887,14472723981226802887
5,P,20260918,932,3,measure,41,stride_4097,393216,1048576,16036,17657361793807531260,1446741,11,11,15998086212683543190,15998086212683543190
5,P,20260918,933,3,measure,42,pair_split_line,262144,1048576,30740,5314361136578739335,2306330,11,11,15608698373172127219,15608698373172127219
5,P,20260918,934,3,measure,43,stride_1_double,49152,2097152,3815,8347271621148650177,2798355,11,11,4322703704872512214,4322703704872512214
5,P,20260918,935,3,measure,44,stride_4097,8192,1048576,106,13882236491074753428,1409532,11,11,116592947459441664,116592947459441664
5,P,20260918,936,3,measure,45,random,8192,1048576,744,11691850222379793559,1138853,11,11,9914545165654224117,9914545165654224117
5,P,20260918,937,3,measure,46,stride_1_double,100663296,2097152,157181,3659559528741911054,3421496,11,11,12881877975573023996,12881877975573023996
5,P,20260918,938,3,measure,47,stride_1,50331648,1048576,5562918,13677196633483055188,2128805,11,11,6444182180356592317,6444182180356592317
5,P,20260918,939,3,measure,48,pair_same_line,262144,1048576,26528,15081227358276054478,1831706,11,11,135482126557556691,135482126557556691
5,P,20260918,940,3,measure,49,stride_513,33554432,1048576,83271,5233848698954264444,9253496,11,11,15096788946992317393,15096788946992317393
5,P,20260918,941,3,measure,50,stride_4097,12582912,1048576,781163,10403189747109809744,5241389,11,11,1654247739745954701,1654247739745954701
5,P,20260918,942,3,measure,51,stride_1_bis,1572864,1048576,188529,11956864282467273526,1391311,11,11,13689670193472818643,13689670193472818643
5,P,20260918,943,3,measure,52,stride_4097,8388608,1048576,255335,5379177432191787304,1825990,11,11,18303280461608560459,18303280461608560459
5,P,20260918,944,3,measure,53,stride_513,134217728,1048576,15368868,13658587447170683719,12031622,11,11,17732673565424275860,17732673565424275860
5,P,20260918,945,3,measure,54,pair_same_line,2097152,1048576,36139,4053464440103489427,2940990,11,11,2407101041032064550,2407101041032064550
5,P,20260918,946,3,measure,55,stride_17,8388608,1048576,337858,10856708978245472909,3743527,11,11,18303280461608560459,18303280461608560459
5,P,20260918,947,3,measure,56,stride_4097,201326592,1048576,19479158,12511497887937373529,8709357,11,11,10666661894004057208,10666661894004057208
5,P,20260918,948,3,measure,57,stride_1_double,3145728,2097152,113408,16069575585535657819,3665526,11,11,10968123300923857782,10968123300923857782
5,P,20260918,949,3,measure,58,stride_1,67108864,1048576,5507472,13760216858571713000,1597975,11,11,10596678222735187862,10596678222735187862
5,P,20260918,950,3,measure,59,pair_split_line,131072,1048576,11262,5439503312751280761,2233795,11,11,13282335624049956360,13282335624049956360
5,P,20260918,951,3,measure,60,stride_4097,24576,1048576,710,2186271957497060161,1360636,11,11,16449223486629114396,16449223486629114396
5,P,20260918,952,3,measure,61,pair_same_line,16384,1048576,341,11995477316150271246,1628565,11,11,14856079713213026021,14856079713213026021
5,P,20260918,953,3,measure,62,random,24576,1048576,2194,15976926109277648333,1115961,11,11,8068719040851208187,8068719040851208187
5,P,20260918,954,3,measure,63,stride_17,201326592,1048576,3337214,16734411929116255281,8517293,11,11,16634743674706159069,16634743674706159069
5,P,20260918,955,3,measure,64,pair_same_line,98304,1048576,1256,8920025129753887048,1803220,11,11,1576147706966706397,1576147706966706397
5,P,20260918,956,3,measure,65,stride_1_bis,1048576,1048576,3196,4355088138079500320,1732657,11,11,8797231230870489880,8797231230870489880
5,P,20260918,957,3,measure,66,random,262144,1048576,10471,8656968482015316879,1157828,11,11,11397696102999540324,11397696102999540324
5,P,20260918,958,3,measure,67,random,393216,1048576,42152,1729548224212987470,1127634,11,11,16992508470775262784,16992508470775262784
5,P,20260918,959,3,measure,68,pair_split_line,32768,1048576,3898,16780705928731774573,1894865,11,11,17124614881567020831,17124614881567020831
5,P,20260918,960,3,measure,69,pair_split_line,16777216,1048576,1155368,8088075975641637,11795322,11,11,8723054140082657717,8723054140082657717
5,P,20260918,961,3,measure,70,pair_same_line,25165824,1048576,3055071,17017564774522706768,13004951,11,11,2392462086995042025,2392462086995042025
5,P,20260918,962,3,measure,71,stride_1_bis,16777216,1048576,1790770,2386982918038901836,1931597,11,11,9550721348280936302,9550721348280936302
5,P,20260918,963,3,measure,72,stride_513,1572864,1048576,132415,11960775165788004932,1802311,11,11,16747479167117318944,16747479167117318944
5,P,20260918,964,3,measure,73,stride_1_double,50331648,2097152,4798588,11024849922939690867,4467476,11,11,11170033941396701362,11170033941396701362
5,P,20260918,965,3,measure,74,stride_513,786432,1048576,61982,7534564068624264546,1475791,11,11,13192199103146003808,13192199103146003808
5,P,20260918,966,3,measure,75,pair_split_line,4096,1048576,121,12589828179426835662,1907342,11,11,16735802717277377765,16735802717277377765
5,P,20260918,967,3,measure,76,stride_4097,32768,1048576,2882,11781848695115212658,1354059,11,11,10598541984122395648,10598541984122395648
5,P,20260918,968,3,measure,77,stride_17,1048576,1048576,14754,15253317066726659614,1413099,11,11,8797231230870489880,8797231230870489880
5,P,20260918,969,3,measure,78,pair_split_line,4194304,1048576,298257,5745663170035718412,4585619,11,11,3034616838391958947,3034616838391958947
5,P,20260918,970,3,measure,79,stride_1,786432,1048576,51271,485762543135680659,1384413,11,11,2262873563228887677,2262873563228887677
5,P,20260918,971,3,measure,80,stride_513,98304,1048576,1655,14507304796412970446,1474791,11,11,16959111087276692480,16959111087276692480
5,P,20260918,972,3,measure,81,stride_1_bis,50331648,1048576,4157825,12934433909171005040,2307778,11,11,1755156498785617809,1755156498785617809
5,P,20260918,973,3,measure,82,stride_17,98304,1048576,4162,16044255929245952320,1395981,11,11,691924357334583300,691924357334583300
5,P,20260918,974,3,measure,83,stride_1_double,8192,2097152,181,12494916360679830441,2852831,11,11,233185894918883328,233185894918883328
5,P,20260918,975,3,measure,84,stride_1_bis,196608,1048576,14508,1831196982027437594,1412357,11,11,16169062894151003745,16169062894151003745
5,P,20260918,976,3,measure,85,stride_4097,4096,1048576,290,4473085515827997250,1414611,11,11,8154595385843253248,8154595385843253248
5,P,20260918,977,3,measure,86,stride_1,1048576,1048576,42190,7632355434187481282,1475398,11,11,8797231230870489880,8797231230870489880
5,P,20260918,978,3,measure,87,random,16777216,1048576,1538547,14686531045386995474,10180129,11,11,3208597365205574398,3208597365205574398
5,P,20260918,979,3,measure,88,pair_same_line,12288,1048576,1470,4716870829298501426,1681941,11,11,13590836557237691126,13590836557237691126
5,P,20260918,980,3,measure,89,stride_1,16384,1048576,1304,434885038589960200,1352626,11,11,9548053087369131008,9548053087369131008
5,P,20260918,981,3,measure,90,random,12288,1048576,391,1726850164424194332,1091539,11,11,12323395549974532297,12323395549974532297
5,P,20260918,982,3,measure,91,stride_1_double,67108864,2097152,3790233,566591226159264152,4542869,11,11,5088339337630391688,5088339337630391688
5,P,20260918,983,3,measure,92,stride_1_bis,6144,1048576,368,10720811482094587390,1409413,11,11,9539752554133996618,9539752554133996618
5,P,20260918,984,3,measure,93,pair_same_line,3145728,1048576,359439,11449913793131353125,4211049,11,11,17581407852308471945,17581407852308471945
5,P,20260918,985,3,measure,94,stride_17,1572864,1048576,152894,16615288897136556239,1471162,11,11,15266356173165629555,15266356173165629555
5,P,20260918,986,3,measure,95,random,67108864,1048576,8302098,15445958531864830573,14238854,11,11,12209105543103668350,12209105543103668350
5,P,20260918,987,3,measure,96,pair_split_line,12288,1048576,573,17087473139171651,1940168,11,11,14726904880370656799,14726904880370656799
5,P,20260918,988,3,measure,97,stride_1_double,12288,2097152,739,12429247908903859886,2732987,11,11,2428128216046346307,2428128216046346307
5,P,20260918,989,3,measure,98,stride_17,2097152,1048576,7740,15394051042417721753,1629477,11,11,14577075130308765988,14577075130308765988
5,P,20260918,990,3,measure,99,stride_1_double,268435456,2097152,24818569,1769856750228567479,4478260,11,11,5339300765823965469,5339300765823965469
5,P,20260918,991,3,measure,100,pair_same_line,50331648,1048576,2386670,8328688730347423955,16056844,11,11,17965235213603105889,17965235213603105889
5,P,20260918,992,3,measure,101,stride_17,131072,1048576,7543,159762116989275656,1397570,11,11,16921412609114818048,16921412609114818048
5,P,20260918,993,3,measure,102,stride_1,33554432,1048576,3753177,12124364598298205052,1917997,11,11,12798932589379158394,12798932589379158394
5,P,20260918,994,3,measure,103,pair_split_line,6144,1048576,631,15489404998790819279,1882967,11,11,9887856004656052543,9887856004656052543
5,P,20260918,995,3,measure,104,stride_1_bis,16384,1048576,1089,5994376645928975504,1384408,11,11,9548053087369131008,9548053087369131008
5,P,20260918,996,3,measure,105,stride_4097,4194304,1048576,398671,16100782916587885397,1971527,11,11,12406089252390561320,12406089252390561320
5,P,20260918,997,3,measure,106,stride_513,3145728,1048576,60884,18347347980220240688,1417358,11,11,13978878534847391976,13978878534847391976
5,P,20260918,998,3,measure,107,stride_513,8388608,1048576,704896,3664552432987596719,2738028,11,11,18303280461608560459,18303280461608560459
5,P,20260918,999,3,measure,108,stride_17,16777216,1048576,592023,16907244371176029089,5643725,11,11,15814043778366700990,15814043778366700990
5,P,20260918,1000,3,measure,109,stride_1,1572864,1048576,20196,1542152315348001854,1421409,11,11,13055673564156065076,13055673564156065076
5,P,20260918,1001,3,measure,110,stride_1,201326592,1048576,5395279,13394992093723979149,1732043,11,11,17594503915590751385,17594503915590751385
5,P,20260918,1002,3,measure,111,stride_1_bis,6291456,1048576,227273,2300185469412687120,1767890,11,11,4475030940308277179,4475030940308277179
5,P,20260918,1003,3,measure,112,stride_17,262144,1048576,27299,14454719566633535649,1369796,11,11,3252759155835688704,3252759155835688704
5,P,20260918,1004,3,measure,113,stride_1_bis,201326592,1048576,12984642,12086667979807926171,2238053,11,11,2832738213515531126,2832738213515531126
5,P,20260918,1005,3,measure,114,random,786432,1048576,84198,350528993992955870,1197406,11,11,17296072689060717125,17296072689060717125
5,P,20260918,1006,3,measure,115,stride_1_double,2097152,2097152,17275,2812967092212139637,2761213,11,11,10707406186907980360,10707406186907980360
5,P,20260918,1007,3,measure,116,stride_513,262144,1048576,28876,4827718789432381128,1391962,11,11,3252759155835688704,3252759155835688704
5,P,20260918,1008,3,measure,117,stride_17,268435456,1048576,11850572,4845845623371466670,8850070,11,11,17933819651382905715,17933819651382905715
5,P,20260918,1009,3,measure,118,pair_same_line,6144,1048576,124,3926004584538421808,1673898,11,11,17090274118452432281,17090274118452432281
5,P,20260918,1010,3,measure,119,stride_513,393216,1048576,17805,11780103449637815490,1448320,11,11,9218483334806453440,9218483334806453440
5,P,20260918,1011,3,measure,120,pair_split_line,393216,1048576,23186,8498026232876710892,2334110,11,11,13112958668373440311,13112958668373440311
5,P,20260918,1012,3,measure,121,stride_1_double,24576,2097152,974,1089688029847902905,2732150,11,11,17804614820082929763,17804614820082929763
5,P,20260918,1013,3,measure,122,random,98304,1048576,757,1350129351596063983,1131078,11,11,10716085204931769052,10716085204931769052
5,P,20260918,1014,3,measure,123,pair_same_line,32768,1048576,1018,10064104310647245217,1623230,11,11,12081202279078930050,12081202279078930050
5,P,20260918,1015,3,measure,124,pair_same_line,131072,1048576,5460,12133050107844785549,1780223,11,11,8633325951543974743,8633325951543974743
5,P,20260918,1016,3,measure,125,stride_513,196608,1048576,321,17581811858282717487,1420202,11,11,11662605144128544768,11662605144128544768
5,P,20260918,1017,3,measure,126,pair_split_line,201326592,1048576,14180192,16048714856071181969,24509635,11,11,17461066117344392884,17461066117344392884
5,P,20260918,1018,3,measure,127,stride_17,524288,1048576,40561,4514171219589212130,1425306,11,11,10061883979847375520,10061883979847375520
5,P,20260918,1019,3,measure,128,pair_split_line,25165824,1048576,2513776,9663944037947103122,15259036,11,11,6099125504254527095,6099125504254527095
5,P,20260918,1020,3,measure,129,pair_same_line,268435456,1048576,21246530,17506191438888454353,18760969,11,11,13918072143121372547,13918072143121372547
5,P,20260918,1021,3,measure,130,pair_same_line,393216,1048576,20112,1876345536827075384,2258278,11,11,5139689775050496368,5139689775050496368
5,P,20260918,1022,3,measure,131,stride_4097,3145728,1048576,40773,17041662153304952206,2311367,11,11,15148410067113341036,15148410067113341036
5,P,20260918,1023,3,measure,132,pair_split_line,65536,1048576,6933,15606175122466794456,2248227,11,11,5514437400370958460,5514437400370958460
5,P,20260918,1024,3,measure,133,stride_1_double,196608,2097152,16890,263644778283076349,2867298,11,11,4343022936060617003,4343022936060617003
5,P,20260918,1025,3,measure,134,pair_split_line,100663296,1048576,8091520,5901694583130835782,23264842,11,11,3714338924644880773,3714338924644880773
5,P,20260918,1026,3,measure,135,stride_1,32768,1048576,1289,2212987285536693902,1809843,11,11,10598541984122395648,10598541984122395648
5,P,20260918,1027,3,measure,136,pair_same_line,12582912,1048576,862682,1889964742938262703,14514003,11,11,8098391289285885313,8098391289285885313
5,P,20260918,1028,3,measure,137,random,196608,1048576,7123,11654920241456092110,1639228,11,11,17234302412705202442,17234302412705202442
5,P,20260918,1029,3,measure,138,random,524288,1048576,50267,214301293035022873,1685748,11,11,10352009301077695660,10352009301077695660
5,P,20260918,1030,3,measure,139,stride_17,3145728,1048576,101298,13597334072833426881,3657254,11,11,14909945346274285839,14909945346274285839
5,P,20260918,1031,3,measure,140,stride_513,16384,1048576,957,15612705738729567843,1783186,11,11,9548053087369131008,9548053087369131008
5,P,20260918,1032,3,measure,141,pair_same_line,67108864,1048576,3036916,6719069100716902574,18348454,11,11,4608049767079921766,4608049767079921766
5,P,20260918,1033,3,measure,142,stride_4097,33554432,1048576,3010338,11723043049507515516,7821632,11,11,7873526388687521710,7873526388687521710
5,P,20260918,1034,3,measure,143,stride_1_bis,2097152,1048576,180425,9068616197436104242,2224593,11,11,14577075130308765988,14577075130308765988
5,P,20260918,1035,3,measure,144,stride_17,67108864,1048576,5116658,698663774006097775,9980963,11,11,13031341635913873703,13031341635913873703
5,P,20260918,1036,3,measure,145,stride_513,67108864,1048576,1932880,16024698119547880229,12396701,11,11,2539872038223200888,2539872038223200888
5,P,20260918,1037,3,measure,146,stride_1_bis,3145728,1048576,239918,2848512630093571882,2855233,11,11,9397303292086927461,9397303292086927461
5,P,20260918,1038,3,measure,147,stride_1_double,786432,2097152,20010,8089884817676824895,3754177,11,11,14419105851906901262,14419105851906901262
5,P,20260918,1039,3,measure,148,stride_17,6291456,1048576,148015,17389477887220216376,5842007,11,11,9022331806551877570,9022331806551877570
5,P,20260918,1040,3,measure,149,stride_4097,2097152,1048576,181663,6095070450427305672,2240784,11,11,14577075130308765988,14577075130308765988
5,P,20260918,1041,3,measure,150,stride_17,786432,1048576,47505,9481877008564304520,1948729,11,11,10927950479270626283,10927950479270626283
5,P,20260918,1042,3,measure,151,stride_17,65536,1048576,6557,1014524285395578447,1693657,11,11,16423878549329276288,16423878549329276288
5,P,20260918,1043,3,measure,152,stride_1_bis,4194304,1048576,379935,17221836166098625978,1774048,11,11,12406089252390561320,12406089252390561320
5,P,20260918,1044,3,measure,153,stride_513,8192,1048576,686,8639478422085466642,1693173,11,11,116592947459441664,116592947459441664
5,P,20260918,1045,3,measure,154,stride_1,8192,1048576,356,8035706250012638232,1759359,11,11,116592947459441664,116592947459441664
5,P,20260918,1046,3,measure,155,stride_513,100663296,1048576,7734047,14659786874070467632,12353793,11,11,11270239978359402879,11270239978359402879
5,P,20260918,1047,3,measure,156,stride_1_bis,98304,1048576,27,17482509431168007625,1953155,11,11,8511936137497437342,8511936137497437342
5,P,20260918,1048,3,measure,157,stride_17,134217728,1048576,11572753,8186352539658259886,10177143,11,11,7888312041989860737,7888312041989860737
5,P,20260918,1049,3,measure,158,stride_1_double,524288,2097152,64475,13648876948121712701,4057184,11,11,1677023885985199424,1677023885985199424
5,P,20260918,1050,3,measure,159,stride_17,196608,1048576,22487,14061536962401471860,1711815,11,11,6600860418634382100,6600860418634382100
5,P,20260918,1051,3,measure,160,stride_17,50331648,1048576,2012351,16102738346628104827,9488063,11,11,13357625223945843911,13357625223945843911
5,P,20260918,1052,3,measure,161,stride_4097,98304,1048576,2065,859271332062584105,2099113,11,11,9432572853464790800,9432572853464790800
5,P,20260918,1053,3,measure,162,pair_same_line,8192,1048576,677,13737220171362848053,2220118,11,11,10049110664606436080,10049110664606436080
5,P,20260918,1054,3,measure,163,stride_1_bis,262144,1048576,25695,2954225499667325818,1690298,11,11,3252759155835688704,3252759155835688704
5,P,20260918,1055,3,measure,164,stride_1,12582912,1048576,1335425,3616149758852235270,2242977,11,11,15299075537385992516,15299075537385992516
5,P,20260918,1056,3,measure,165,stride_513,12288,1048576,1227,10682531331104954148,1690698,11,11,5992043729455024128,5992043729455024128
5,P,20260918,1057,3,measure,166,pair_same_line,100663296,1048576,9052168,13455637815355078351,18015670,11,11,15263143921472475500,15263143921472475500
5,P,20260918,1058,3,measure,167,stride_1_bis,393216,1048576,26529,2978371898394732305,1962587,11,11,12145269072352209055,12145269072352209055
5,P,20260918,1059,3,measure,168,stride_1_bis,32768,1048576,60,8464116779721247422,1880078,11,11,10598541984122395648,10598541984122395648
5,P,20260918,1060,3,measure,169,stride_17,12582912,1048576,1130646,5322746693374019278,6565403,11,11,11942556008208409950,11942556008208409950
5,P,20260918,1061,3,measure,170,stride_1_double,65536,2097152,8153,13996106180512981637,3667125,11,11,14401013024949000960,14401013024949000960
5,P,20260918,1062,3,measure,171,stride_1_bis,12288,1048576,1311,16529642136943040614,1697777,11,11,12373071897224119785,12373071897224119785
5,P,20260918,1063,3,measure,172,pair_split_line,6291456,1048576,19631,12087402221621086196,6484386,11,11,14889705470019645175,14889705470019645175
5,P,20260918,1064,3,measure,173,stride_1,49152,1048576,3661,4861101713140828739,1615494,11,11,13137793392142611100,13137793392142611100
5,P,20260918,1065,3,measure,174,pair_split_line,98304,1048576,9397,15451815077062529838,2402402,11,11,17977147069649896058,17977147069649896058
5,P,20260918,1066,3,measure,175,random,6291456,1048576,172645,4842669166866848966,2248414,11,11,1717554300929709756,1717554300929709756
5,P,20260918,1067,3,measure,176,stride_1,25165824,1048576,1893779,2913963915121654579,1748811,11,11,5959586090012485659,5959586090012485659
5,P,20260918,1068,3,measure,177,stride_17,16384,1048576,773,2968682143209201073,1352074,11,11,9548053087369131008,9548053087369131008
5,P,20260918,1069,3,measure,178,pair_same_line,134217728,1048576,6986429,9152439318315860875,17916407,11,11,10900555480856503221,10900555480856503221
5,P,20260918,1070,3,measure,179,pair_same_line,4096,1048576,29,4867253343155303966,1925052,11,11,16944267043703438888,16944267043703438888
5,P,20260918,1071,3,measure,180,stride_1,24576,1048576,667,17792252564774776023,1541635,11,11,9196739134152328053,9196739134152328053
5,P,20260918,1072,3,measure,181,stride_4097,6144,1048576,159,13186526276991776976,1500290,11,11,131754931865468533,131754931865468533
5,P,20260918,1073,3,measure,182,stride_513,12582912,1048576,1344551,8029787877006081849,6977773,11,11,446194662936398502,446194662936398502
5,P,20260918,1074,3,measure,183,pair_split_line,134217728,1048576,4702099,6992869428590297089,23373132,11,11,13939776337764495456,13939776337764495456
5,P,20260918,1075,3,measure,184,pair_same_line,8388608,1048576,228147,18416877353034285670,10204682,11,11,385793767180164630,385793767180164630
5,P,20260918,1076,3,measure,185,random,49152,1048576,5100,10024931765814219661,1719699,11,11,4250324781471894376,4250324781471894376
5,P,20260918,1077,3,measure,186,stride_1,6291456,1048576,445093,11048066492945250465,2065242,11,11,10033172935212931872,10033172935212931872
5,P,20260918,1078,3,measure,187,stride_513,65536,1048576,3867,13813276255485495718,1765816,11,11,16423878549329276288,16423878549329276288
5,P,20260918,1079,3,measure,188,pair_split_line,2097152,1048576,4094,17339740990476614156,3719661,11,11,3184031910618856727,3184031910618856727
5,P,20260918,1080,3,measure,189,stride_1,262144,1048576,14246,6771897920602766120,1728277,11,11,3252759155835688704,3252759155835688704
5,P,20260918,1081,3,measure,190,pair_split_line,3145728,1048576,228816,934056507820669607,4696642,11,11,14679951072268337499,14679951072268337499
5,P,20260918,1082,3,measure,191,stride_4097,1572864,1048576,45269,12680073214775529898,1618606,11,11,2953574846573564732,2953574846573564732
5,P,20260918,1083,3,measure,192,stride_1_double,393216,2097152,40325,548963566050151732,2914417,11,11,6487269075529857486,6487269075529857486
5,P,20260918,1084,3,measure,193,random,33554432,1048576,345188,10726112115844466891,13590815,11,11,12318220390749806839,12318220390749806839
5,P,20260918,1085,3,measure,194,stride_1,16777216,1048576,1642106,8832146413269244707,2384280,11,11,6221119186405800017,6221119186405800017
5,P,20260918,1086,3,measure,195,pair_same_line,4194304,1048576,194242,16207698846036909189,3162341,11,11,12953043317251401273,12953043317251401273
5,P,20260918,1087,3,measure,196,stride_17,24576,1048576,2283,9259040984187433942,1483918,11,11,12121217015682231413,12121217015682231413
5,P,20260918,1088,3,measure,197,stride_1_double,134217728,2097152,58422,153631205754734164,4331044,11,11,1266022699841607284,1266022699841607284
5,P,20260918,1089,3,measure,198,stride_1_bis,49152,1048576,5566,10110458640620610313,1357367,11,11,12121092842229552910,12121092842229552910
5,P,20260918,1090,3,measure,199,random,1572864,1048576,97309,5491467841883982110,1504422,11,11,5439095964577669985,5439095964577669985
5,P,20260918,1091,3,measure,200,stride_513,4194304,1048576,432575,4794111983157142317,1658394,11,11,12406089252390561320,12406089252390561320
5,P,20260918,1092,3,measure,201,stride_1_bis,65536,1048576,2422,9900652766575183817,1355518,11,11,16423878549329276288,16423878549329276288
5,P,20260918,1093,3,measure,202,stride_17,12288,1048576,561,13533142154351943929,1356197,11,11,14496191132125793714,14496191132125793714
5,P,20260918,1094,3,measure,203,random,8388608,1048576,201375,2101871397194819512,4670246,11,11,2232662991583284986,2232662991583284986
5,P,20260918,1095,3,measure,204,stride_1,100663296,1048576,2553040,9961345905521128823,2609290,11,11,11664783832945470761,11664783832945470761
5,P,20260918,1096,3,measure,205,pair_split_line,50331648,1048576,34357,16773130910962830807,20041032,11,11,3904182760200655835,3904182760200655835
5,P,20260918,1097,3,measure,206,stride_1_double,4194304,2097152,36756,8804377611334146932,3247608,11,11,6365434431071571024,6365434431071571024
5,P,20260918,1098,3,measure,207,stride_513,4096,1048576,94,8331522405842604889,1365490,11,11,8154595385843253248,8154595385843253248
5,P,20260918,1099,3,measure,208,stride_1_bis,24576,1048576,1707,7929470209877524260,1350999,11,11,8310593260964687489,8310593260964687489
5,P,20260918,1100,3,measure,209,stride_4097,786432,1048576,72499,17739610285669555273,1433367,11,11,6650465105139797669,6650465105139797669
5,P,20260918,1101,3,measure,210,stride_1_bis,12582912,1048576,408731,17262327870346269985,2125506,11,11,10415778606610314754,10415778606610314754
5,P,20260918,1102,3,measure,211,stride_513,16777216,1048576,1477114,5477695514311792181,7290707,11,11,16489597621978372244,16489597621978372244
5,P,20260918,1103,3,measure,212,stride_4097,16384,1048576,925,16520646187610553025,1354395,11,11,9548053087369131008,9548053087369131008
5,P,20260918,1104,3,measure,213,stride_17,4096,1048576,19,11659277857603247819,1358017,11,11,8154595385843253248,8154595385843253248
5,P,20260918,1105,3,measure,214,stride_1_double,32768,2097152,2739,14678909833462571410,2707114,11,11,2750339894535239680,2750339894535239680
5,P,20260918,1106,3,measure,215,random,50331648,1048576,5919356,2884273390170966392,13925915,11,11,12084678545204094590,12084678545204094590
5,P,20260918,1107,3,measure,216,stride_513,6291456,1048576,57485,16412621432086807356,3335372,11,11,8960868997562969188,8960868997562969188
5,P,20260918,1108,3,measure,217,stride_4097,49152,1048576,2765,744492582621051534,1431153,11,11,16373342919825406658,16373342919825406658
5,P,20260918,1109,3,measure,218,stride_513,32768,1048576,3263,17077981899854128317,1381154,11,11,10598541984122395648,10598541984122395648
5,P,20260918,1110,3,measure,219,stride_4097,131072,1048576,6607,12661318128189167861,1424263,11,11,16921412609114818048,16921412609114818048
5,P,20260918,1111,3,measure,220,stride_4097,16777216,1048576,1242310,2202004743850483914,6154596,11,11,17736913404977484597,17736913404977484597
5,P,20260918,1112,3,measure,221,stride_513,201326592,1048576,6995941,8406047347444835860,13907180,11,11,17257309272926315287,17257309272926315287
5,P,20260918,1113,3,measure,222,random,12582912,1048576,1394773,16850235101005527828,10268667,11,11,3379171007483780828,3379171007483780828
5,P,20260918,1114,3,measure,223,random,201326592,1048576,11520358,12946635307657164461,18356808,11,11,14598608143290652547,14598608143290652547
5,P,20260918,1115,3,measure,224,stride_513,268435456,1048576,23681952,6612159399321816643,14901857,11,11,17466874179405581033,17466874179405581033
5,P,20260918,1116,3,measure,225,pair_same_line,1048576,1048576,5257,4888598434141238758,3725912,11,11,3238473435902704497,3238473435902704497
5,P,20260918,1117,3,measure,226,stride_1,6144,1048576,689,3479943421683931465,1696511,11,11,16371523627557175659,16371523627557175659
5,P,20260918,1118,3,measure,227,stride_513,25165824,1048576,1015896,12972473159432786552,12178802,11,11,1003168821508743228,1003168821508743228
5,P,20260918,1119,3,measure,228,stride_4097,100663296,1048576,1659671,15592735035375209859,12024169,11,11,7482684218652533105,7482684218652533105
5,P,20260918,1120,3,measure,229,random,65536,1048576,5853,10583850866474567537,2311311,11,11,17038796327382766883,17038796327382766883
5,P,20260918,1121,3,measure,230,stride_1_bis,524288,1048576,59385,17172910357024664678,1953486,11,11,10061883979847375520,10061883979847375520
5,P,20260918,1122,3,measure,231,stride_513,24576,1048576,536,10119552923366229705,2018228,11,11,13347672456076306432,13347672456076306432
5,P,20260918,1123,3,measure,232,stride_1_double,8388608,2097152,614759,4336176497748326441,4513112,11,11,18159816849507569302,18159816849507569302
5,P,20260918,1124,3,measure,233,stride_1,268435456,1048576,25811600,1799234590303343960,2487298,11,11,7442094421515328615,7442094421515328615
5,P,20260918,1125,3,measure,234,stride_1_bis,8192,1048576,705,519950283358099656,1695033,11,11,116592947459441664,116592947459441664
5,P,20260918,1126,3,measure,235,stride_1_bis,131072,1048576,15266,1970802782011798927,1711229,11,11,16921412609114818048,16921412609114818048
5,P,20260918,1127,3,measure,236,stride_1_bis,100663296,1048576,7125395,3464128357338323128,2211677,11,11,369027513249223569,369027513249223569
5,P,20260918,1128,3,measure,237,stride_1_double,12582912,2097152,1244850,15056305671519870508,4440908,11,11,17579157917858899900,17579157917858899900
5,P,20260918,1129,3,measure,238,stride_1_double,201326592,2097152,8352684,3284212080856035985,4589202,11,11,1799085726900918613,1799085726900918613
5,P,20260918,1130,3,measure,239,stride_4097,196608,1048576,23506,11502756837769953501,1522580,11,11,6924354324280995847,6924354324280995847
5,P,20260918,1131,3,measure,240,pair_split_line,268435456,1048576,22801597,7139747292286175709,26406020,11,11,16500311215907074100,16500311215907074100
5,P,20260918,1132,3,measure,241,pair_same_line,196608,1048576,12287,16205671141883046923,2693328,11,11,5536940979692050710,5536940979692050710
5,P,20260918,1133,3,measure,242,pair_split_line,16384,1048576,1055,13181106998983448784,2448142,11,11,738448739877893226,738448739877893226
5,P,20260918,1134,3,measure,243,random,134217728,1048576,5263947,5411893993546391412,17951954,11,11,4649217212846372848,4649217212846372848
5,P,20260918,1135,3,measure,244,stride_4097,67108864,1048576,5045873,4672345990584185834,8678724,11,11,2980795377162104379,2980795377162104379
5,P,20260918,1136,3,measure,245,pair_same_line,33554432,1048576,1136471,8686828420845843975,18734333,11,11,7451756070934529690,7451756070934529690
5,P,20260918,1137,3,measure,246,stride_1,8388608,1048576,1041433,10350564207478706532,2826577,11,11,18303280461608560459,18303280461608560459
5,P,20260918,1138,3,measure,247,pair_same_line,65536,1048576,2649,1140105386139830842,2172334,11,11,9045933211126778769,9045933211126778769
5,P,20260918,1139,3,measure,248,stride_4097,134217728,1048576,1316172,2239197767179265937,9180823,11,11,15242535966728037855,15242535966728037855
5,P,20260918,1140,3,measure,249,pair_split_line,8192,1048576,614,4288678064160177316,3175304,11,11,13850174902533760113,13850174902533760113
5,P,20260918,1141,3,measure,250,pair_same_line,201326592,1048576,5133659,9054278139182938796,23443079,11,11,11841747676197158468,11841747676197158468
5,P,20260918,1142,3,measure,251,pair_split_line,8388608,1048576,173492,5112329243403938797,10487229,11,11,14864572152606165101,14864572152606165101
5,P,20260918,1143,3,measure,252,stride_513,50331648,1048576,754162,15017886021254503301,14175036,11,11,11350079052389478976,11350079052389478976
5,P,20260918,1144,3,measure,253,stride_4097,12288,1048576,397,4096659639803784204,2522235,11,11,2777499193371435313,2777499193371435313
5,P,20260918,1145,3,measure,254,stride_1,98304,1048576,1533,9459414517318713307,1825681,11,11,17778991982328087716,17778991982328087716
5,P,20260918,1146,3,measure,255,stride_1,65536,1048576,1909,14320664749650908725,1743887,11,11,16423878549329276288,16423878549329276288
5,P,20260918,1147,3,measure,256,stride_17,49152,1048576,1960,7238020304805566095,1695897,11,11,16123873641908942465,16123873641908942465
5,P,20260918,1148,3,measure,257,stride_17,25165824,1048576,2422498,9407727437325268210,7906214,11,11,6323219448525455324,6323219448525455324
5,P,20260918,1149,3,measure,258,stride_513,1048576,1048576,124710,308144439368265742,2548849,11,11,8797231230870489880,8797231230870489880
5,P,20260918,1150,3,measure,259,pair_same_line,524288,1048576,60549,12089652113604269647,2595012,11,11,6155329931626650962,6155329931626650962
5,P,20260918,1151,3,measure,260,stride_1_double,4096,2097152,386,4613463317983178168,4238627,11,11,16309190771686506496,16309190771686506496
5,P,20260918,1152,3,measure,261,stride_17,32768,1048576,4034,15020711554704806580,1700275,11,11,10598541984122395648,10598541984122395648
5,P,20260918,1153,3,measure,262,random,1048576,1048576,106762,7842268829979128274,1544921,11,11,12817504643046807740,12817504643046807740
5,P,20260918,1154,3,measure,263,stride_1_double,262144,2097152,992,3874499087189891909,3328609,11,11,6505518311671377408,6505518311671377408
5,P,20260918,1155,3,measure,264,stride_1_double,131072,2097152,8988,10004638312402541407,3086013,11,11,15396081144520084480,15396081144520084480
5,P,20260918,1156,3,measure,265,stride_1,393216,1048576,25169,17363413310177687245,1472497,11,11,11779014022178947709,11779014022178947709
5,P,20260918,1157,3,measure,266,stride_4097,524288,1048576,18613,13766292429420471351,1500479,11,11,10061883979847375520,10061883979847375520
5,P,20260918,1158,3,measure,267,stride_1_bis,786432,1048576,27593,9008689593000604130,1429855,11,11,2348848261194747858,2348848261194747858
5,P,20260918,1159,3,measure,268,random,4194304,1048576,384102,9876414462705653231,3916007,11,11,16549419754852751352,16549419754852751352
5,P,20260918,1160,3,measure,269,pair_split_line,49152,1048576,1877,17754354919311981318,1889283,11,11,2752475995352194371,2752475995352194371
5,P,20260918,1161,3,measure,270,random,4096,1048576,38,3889146865195196586,1087599,11,11,2911200270621252336,2911200270621252336
5,P,20260918,1162,3,measure,271,stride_1_double,1048576,2097152,103017,11110121508227096897,2801470,11,11,17594462461740979760,17594462461740979760
5,P,20260918,1163,3,measure,272,stride_4097,262144,1048576,4953,2835893585346590642,1438302,11,11,3252759155835688704,3252759155835688704
5,P,20260918,1164,3,measure,273,random,100663296,1048576,10861685,10511248132301857046,15497589,11,11,7032057944930225100,7032057944930225100
5,P,20260918,1165,3,measure,274,stride_1,3145728,1048576,381603,2793333818439583552,2079060,11,11,3598869467654264658,3598869467654264658
5,P,20260918,1166,3,measure,275,stride_4097,25165824,1048576,1631974,16649518639258883779,7556854,11,11,3892576345176694205,3892576345176694205
5,P,20260918,1167,3,measure,276,random,16384,1048576,1633,17536389987178785598,1244769,11,11,16103215420508176207,16103215420508176207
5,P,20260918,1168,3,measure,277,random,6144,1048576,658,3378713158338367103,1203364,11,11,16099218220454735836,16099218220454735836
5,P,20260918,1169,3,measure,278,pair_same_line,24576,1048576,1487,12683344284278124225,1776828,11,11,15727992781832788137,15727992781832788137
5,P,20260918,1170,3,measure,279,pair_same_line,1572864,1048576,6646,7870566289703903287,2734241,11,11,234216154767217058,234216154767217058
5,P,20260918,1171,3,measure,280,stride_17,8192,1048576,245,292333779114252750,1387545,11,11,116592947459441664,116592947459441664
5,P,20260918,1172,3,measure,281,pair_split_line,33554432,1048576,688825,9951446497405454095,17330954,11,11,6332509565676419858,6332509565676419858
5,P,20260918,1173,3,measure,282,pair_same_line,16777216,1048576,1743432,15798664070668475579,12890013,11,11,6030363658787210167,6030363658787210167
5,P,20260918,1174,3,measure,283,stride_1,524288,1048576,1970,17487206991362338114,1731245,11,11,10061883979847375520,10061883979847375520
5,P,20260918,1175,3,measure,284,stride_17,33554432,1048576,3006906,14300114583636252042,7765323,11,11,6695793156114351078,6695793156114351078
5,P,20260918,1176,3,measure,285,stride_1_bis,33554432,1048576,1822233,11947028300197310225,2288507,11,11,3866059126678686212,3866059126678686212
5,P,20260918,1177,3,measure,286,random,2097152,1048576,106277,9063015839352814075,2614101,11,11,18033652122131551555,18033652122131551555
5,P,20260918,1178,3,measure,287,stride_1,12288,1048576,1310,14556957168046268261,1685383,11,11,972128612693887088,972128612693887088
5,P,20260918,1179,3,measure,288,stride_17,4194304,1048576,22432,17650755439723984543,3375750,11,11,12406089252390561320,12406089252390561320
5,P,20260918,1180,3,measure,289,stride_1_bis,67108864,1048576,6335915,17857231495597850066,1812895,11,11,10922808468942330313,10922808468942330313
5,P,20260918,1181,3,measure,290,random,32768,1048576,963,528421265525901712,1164555,11,11,374922360525815600,374922360525815600
5,P,20260918,1182,3,measure,291,stride_4097,50331648,1048576,5388093,1669755437643131291,7992996,11,11,12518150346558867078,12518150346558867078
5,P,20260918,1183,3,measure,292,stride_17,6144,1048576,669,5348753188694663412,1537950,11,11,902655420122858829,902655420122858829
5,P,20260918,1184,3,measure,293,pair_split_line,1572864,1048576,119458,18183919597796535827,3098777,11,11,4695008350865627887,4695008350865627887
5,P,20260918,1185,3,measure,294,random,131072,1048576,7591,15473847894717547891,1169437,11,11,17620629946409334934,17620629946409334934
5,P,20260918,1186,3,measure,295,pair_split_line,524288,1048576,14098,3914848279825222138,2421613,11,11,10326747871416959777,10326747871416959777
5,P,20260918,1187,3,measure,296,stride_1_double,25165824,2097152,2223379,16256914614622571423,4287805,11,11,4639424404228441220,4639424404228441220
5,P,20260918,1188,4,measure,0,stride_17,524288,1048576,5309,6961286206441626720,1424578,11,11,10061883979847375520,10061883979847375520
5,P,20260918,1189,4,measure,1,stride_4097,6291456,1048576,432574,8141848683090728450,2375573,11,11,15086231802401213092,15086231802401213092
5,P,20260918,1190,4,measure,2,stride_1,12288,1048576,402,8159376713944737700,1351635,11,11,6976988323748308779,6976988323748308779
5,P,20260918,1191,4,measure,3,pair_split_line,131072,1048576,14949,8473437429796906406,2212347,11,11,17894599500738039719,17894599500738039719
5,P,20260918,1192,4,measure,4,pair_split_line,262144,1048576,15349,9110820516891745780,2306235,11,11,13014731338981471524,13014731338981471524
5,P,20260918,1193,4,measure,5,pair_same_line,16384,1048576,80,12211610231787155155,1626538,11,11,15671232533850466343,15671232533850466343
5,P,20260918,1194,4,measure,6,stride_1_bis,65536,1048576,2195,5647032147964384514,1386385,11,11,16423878549329276288,16423878549329276288
5,P,20260918,1195,4,measure,7,stride_1_double,524288,2097152,40467,3865325575214080156,2794434,11,11,1677023885985199424,1677023885985199424
5,P,20260918,1196,4,measure,8,stride_1_bis,1572864,1048576,50704,6725006336671366818,1414944,11,11,15950680018739535301,15950680018739535301
5,P,20260918,1197,4,measure,9,random,2097152,1048576,33157,4376682037703724241,1660689,11,11,1474457625950501944,1474457625950501944
5,P,20260918,1198,4,measure,10,stride_1_double,12582912,2097152,1106532,13635040747290341171,3609672,11,11,1768623245827208469,1768623245827208469
5,P,20260918,1199,4,measure,11,stride_1_bis,262144,1048576,25838,17632689811617839536,1420178,11,11,3252759155835688704,3252759155835688704
5,P,20260918,1200,4,measure,12,stride_1,1572864,1048576,10243,6333135228564281229,1389616,11,11,17741116597481092970,17741116597481092970
5,P,20260918,1201,4,measure,13,stride_1,786432,1048576,48868,10503655330601794949,1411604,11,11,9825390278062178196,9825390278062178196
5,P,20260918,1202,4,measure,14,stride_1_double,50331648,2097152,5887258,8600337732597589874,3852276,11,11,1962325232011873866,1962325232011873866
5,P,20260918,1203,4,measure,15,stride_1_double,2097152,2097152,41606,14756715061185047200,2776329,11,11,10707406186907980360,10707406186907980360
5,P,20260918,1204,4,measure,16,random,786432,1048576,59144,277494240298785270,1162009,11,11,15213206287463347068,15213206287463347068
5,P,20260918,1205,4,measure,17,stride_1_bis,8192,1048576,357,6147887348836370622,1351590,11,11,116592947459441664,116592947459441664
5,P,20260918,1206,4,measure,18,stride_17,6144,1048576,420,5450684886761599545,1357257,11,11,2775732282947878712,2775732282947878712
5,P,20260918,1207,4,measure,19,pair_same_line,1572864,1048576,171687,18071110246935901076,2195483,11,11,15745317614453875958,15745317614453875958
5,P,20260918,1208,4,measure,20,stride_513,268435456,1048576,20748459,5165704616021701970,12767248,11,11,7555380531958598927,7555380531958598927
5,P,20260918,1209,4,measure,21,pair_split_line,524288,1048576,44241,16609632023350515750,2481553,11,11,4507022345258864839,4507022345258864839
5,P,20260918,1210,4,measure,22,pair_same_line,25165824,1048576,265852,3429628812515216340,15139992,11,11,11332164231415590297,11332164231415590297
5,P,20260918,1211,4,measure,23,stride_17,393216,1048576,35021,15432855660051300280,1387393,11,11,10430255446295298087,10430255446295298087
5,P,20260918,1212,4,measure,24,stride_17,24576,1048576,2683,8945826139108230187,1399154,11,11,12790372541320457497,12790372541320457497
5,P,20260918,1213,4,measure,25,stride_513,8192,1048576,113,935695477729589789,1358415,11,11,116592947459441664,116592947459441664
5,P,20260918,1214,4,measure,26,stride_4097,134217728,1048576,12398809,9773104856727779435,6890065,11,11,16987740560726723004,16987740560726723004
5,P,20260918,1215,4,measure,27,stride_4097,196608,1048576,354,13789955149489536629,1439585,11,11,11819642082181584289,11819642082181584289
5,P,20260918,1216,4,measure,28,stride_513,134217728,1048576,8229951,12589010847063094559,12452692,11,11,11842436949015507143,11842436949015507143
5,P,20260918,1217,4,measure,29,stride_513,4096,1048576,224,656258234597760919,1359522,11,11,8154595385843253248,8154595385843253248
5,P,20260918,1218,4,measure,30,stride_4097,16384,1048576,871,13780112191064815567,1357581,11,11,9548053087369131008,9548053087369131008
5,P,20260918,1219,4,measure,31,random,262144,1048576,18202,13123345854314069284,1168535,11,11,18337394085943844558,18337394085943844558
5,P,20260918,1220,4,measure,32,stride_4097,3145728,1048576,153448,10605144159431105852,1979752,11,11,13726142960314586392,13726142960314586392
5,P,20260918,1221,4,measure,33,random,3145728,1048576,385732,16180222812666586244,1893304,11,11,11204382755461597947,11204382755461597947
5,P,20260918,1222,4,measure,34,pair_same_line,6144,1048576,400,11364869592528305584,1645725,11,11,16253806157967811748,16253806157967811748
5,P,20260918,1223,4,measure,35,stride_17,4096,1048576,198,9660167361783175811,1355975,11,11,8154595385843253248,8154595385843253248
5,P,20260918,1224,4,measure,36,stride_1_double,201326592,2097152,14912539,13450551919908320489,4176589,11,11,17177624970417454369,17177624970417454369
5,P,20260918,1225,4,measure,37,stride_1_double,1048576,2097152,96587,1705583867648698709,2742560,11,11,17594462461740979760,17594462461740979760
5,P,20260918,1226,4,measure,38,stride_1_double,49152,2097152,169,18201429972915803660,2712743,11,11,14173761279495392427,14173761279495392427
5,P,20260918,1227,4,measure,39,pair_same_line,4096,1048576,168,10197310650759717470,1663406,11,11,4679633506262592239,4679633506262592239
5,P,20260918,1228,4,measure,40,stride_4097,1048576,1048576,115696,10317338422189610092,1425473,11,11,8797231230870489880,8797231230870489880
5,P,20260918,1229,4,measure,41,stride_1,262144,1048576,17282,2203321530035786881,1373384,11,11,3252759155835688704,3252759155835688704
5,P,20260918,1230,4,measure,42,stride_1,4194304,1048576,176731,9172026248732024084,1507344,11,11,12406089252390561320,12406089252390561320
5,P,20260918,1231,4,measure,43,stride_1,25165824,1048576,1955153,6833598240919475795,1819969,11,11,2651612511592422703,2651612511592422703
5,P,20260918,1232,4,measure,44,stride_513,65536,1048576,2751,6720238568855808377,1445940,11,11,16423878549329276288,16423878549329276288
5,P,20260918,1233,4,measure,45,pair_split_line,100663296,1048576,7298492,16284377796180055808,23598318,11,11,2731117266942607209,2731117266942607209
5,P,20260918,1234,4,measure,46,pair_same_line,100663296,1048576,4681596,3241402987765378248,16826019,11,11,17608929573477877690,17608929573477877690
5,P,20260918,1235,4,measure,47,stride_17,196608,1048576,21269,8773647052559116579,1471844,11,11,3197273208729526965,3197273208729526965
5,P,20260918,1236,4,measure,48,random,1048576,1048576,128857,13592072269153482718,1489548,11,11,837742833803158190,837742833803158190
5,P,20260918,1237,4,measure,49,stride_1_bis,196608,1048576,23739,12625426363167235192,1370578,11,11,9306042377498840334,9306042377498840334
5,P,20260918,1238,4,measure,50,stride_1_double,16777216,2097152,729397,3681492840114142421,3891346,11,11,12841062978479921428,12841062978479921428
5,P,20260918,1239,4,measure,51,stride_513,6291456,1048576,220554,7800641582864394930,2405219,11,11,2329185465026963428,2329185465026963428
5,P,20260918,1240,4,measure,52,stride_17,12288,1048576,794,6137593263348015174,1356993,11,11,7912602482788509291,7912602482788509291
5,P,20260918,1241,4,measure,53,stride_17,25165824,1048576,50714,14766633919492445467,6647748,11,11,11479950032252270757,11479950032252270757
5,P,20260918,1242,4,measure,54,stride_1_bis,2097152,1048576,140770,18238966370203240972,1463827,11,11,14577075130308765988,14577075130308765988
5,P,20260918,1243,4,measure,55,stride_1,24576,1048576,2953,12999034089583024521,1353757,11,11,1495500984179044187,1495500984179044187
5,P,20260918,1244,4,measure,56,pair_same_line,32768,1048576,4035,4811688054681230966,1636899,11,11,11433317361525261363,11433317361525261363
5,P,20260918,1245,4,measure,57,stride_1_double,98304,2097152,9960,131389148696625207,2731652,11,11,1979858079789347208,1979858079789347208
5,P,20260918,1246,4,measure,58,stride_4097,4096,1048576,181,5805977038426257828,1361759,11,11,8154595385843253248,8154595385843253248
5,P,20260918,1247,4,measure,59,random,12288,1048576,931,2188679015970399491,1087526,11,11,14607866017431837668,14607866017431837668
5,P,20260918,1248,4,measure,60,stride_1_bis,6291456,1048576,236813,1037660976903457421,1578366,11,11,5875399511156566345,5875399511156566345
5,P,20260918,1249,4,measure,61,stride_1_double,6144,2097152,81,11225730290678316507,2793743,11,11,18333656666517261787,18333656666517261787
5,P,20260918,1250,4,measure,62,pair_split_line,65536,1048576,7267,3229990503166594059,2022649,11,11,17343752841233351816,17343752841233351816
5,P,20260918,1251,4,measure,63,pair_same_line,98304,1048576,10912,6514117009994297047,1753430,11,11,9394880661369526543,9394880661369526543
5,P,20260918,1252,4,measure,64,stride_17,67108864,1048576,2282219,15383610852232079736,8552317,11,11,7091495003094115855,7091495003094115855
5,P,20260918,1253,4,measure,65,stride_1_bis,134217728,1048576,14028527,4963979660563794843,1691463,11,11,8755662695889090292,8755662695889090292
5,P,20260918,1254,4,measure,66,pair_same_line,12288,1048576,618,16010200322653040527,1632661,11,11,14825015264614792524,14825015264614792524
5,P,20260918,1255,4,measure,67,stride_513,786432,1048576,17388,16973433711099603834,1577453,11,11,18197965301733415104,18197965301733415104
5,P,20260918,1256,4,measure,68,stride_17,1572864,1048576,61422,11378044368216729160,1693087,11,11,3687825494645794422,3687825494645794422
5,P,20260918,1257,4,measure,69,stride_1,16384,1048576,1144,3964267078991960620,1456950,11,11,9548053087369131008,9548053087369131008
5,P,20260918,1258,4,measure,70,random,16777216,1048576,1176595,1633164767397076434,11563524,11,11,3273731971757461461,3273731971757461461
5,P,20260918,1259,4,measure,71,pair_same_line,134217728,1048576,4683854,1163829778848793820,18098461,11,11,215142755047954783,215142755047954783
5,P,20260918,1260,4,measure,72,stride_4097,268435456,1048576,15470000,16629536878470689874,7795149,11,11,10981525497513979025,10981525497513979025
5,P,20260918,1261,4,measure,73,stride_513,16777216,1048576,1553694,8616835782962211182,10483715,11,11,8589618848589939936,8589618848589939936
5,P,20260918,1262,4,measure,74,stride_4097,524288,1048576,16187,1858555839336831235,1921993,11,11,10061883979847375520,10061883979847375520
5,P,20260918,1263,4,measure,75,stride_1_double,33554432,2097152,1050702,15291988906887478294,4161756,11,11,6592590862744138663,6592590862744138663
5,P,20260918,1264,4,measure,76,stride_17,2097152,1048576,180583,5553425630429151205,1842920,11,11,14577075130308765988,14577075130308765988
5,P,20260918,1265,4,measure,77,stride_1,6144,1048576,93,6171602061068827933,1570783,11,11,5779776462501084417,5779776462501084417
5,P,20260918,1266,4,measure,78,pair_split_line,33554432,1048576,86640,4510734106901876150,18721106,11,11,6292228711494008975,6292228711494008975
5,P,20260918,1267,4,measure,79,stride_513,98304,1048576,2571,9426533200634672034,1856487,11,11,3510283103173401088,3510283103173401088
5,P,20260918,1268,4,measure,80,stride_4097,131072,1048576,6477,3069934230020752148,1790469,11,11,16921412609114818048,16921412609114818048
5,P,20260918,1269,4,measure,81,pair_split_line,268435456,1048576,4809628,15044930771257290030,28803255,11,11,15798959233952983795,15798959233952983795
5,P,20260918,1270,4,measure,82,random,1572864,1048576,184800,17643168096911691743,2763848,11,11,7395957756063792905,7395957756063792905
5,P,20260918,1271,4,measure,83,stride_1,32768,1048576,2700,12929193762860423504,1942419,11,11,10598541984122395648,10598541984122395648
5,P,20260918,1272,4,measure,84,pair_split_line,16777216,1048576,1595407,1659663521624805267,13976513,11,11,18263303980628859569,18263303980628859569
5,P,20260918,1273,4,measure,85,stride_1_bis,4096,1048576,268,580891655041439170,2219836,11,11,8154595385843253248,8154595385843253248
5,P,20260918,1274,4,measure,86,stride_4097,16777216,1048576,1823407,11380759894625932198,7491286,11,11,16932755868342588189,16932755868342588189
5,P,20260918,1275,4,measure,87,pair_same_line,201326592,1048576,10330163,530671880007737389,21859653,11,11,9845668571240445412,9845668571240445412
5,P,20260918,1276,4,measure,88,stride_17,50331648,1048576,71845,9015914348614732904,10176313,11,11,11049856586757931752,11049856586757931752
5,P,20260918,1277,4,measure,89,stride_4097,100663296,1048576,5316461,12375233088772640972,11029522,11,11,9761237918953459774,9761237918953459774
5,P,20260918,1278,4,measure,90,stride_1,65536,1048576,3496,5824458149996021141,2533589,11,11,16423878549329276288,16423878549329276288
5,P,20260918,1279,4,measure,91,pair_same_line,24576,1048576,184,5632527056222086995,2302732,11,11,12564965396629206462,12564965396629206462
5,P,20260918,1280,4,measure,92,stride_513,201326592,1048576,18392219,11973262690879433694,15901130,11,11,5691025023705755881,5691025023705755881
5,P,20260918,1281,4,measure,93,pair_same_line,6291456,1048576,325995,3765590119273848668,12938793,11,11,14909320222364404337,14909320222364404337
5,P,20260918,1282,4,measure,94,pair_same_line,4194304,1048576,30526,1337500231616106678,5120267,11,11,8679972104814238392,8679972104814238392
5,P,20260918,1283,4,measure,95,stride_1_bis,49152,1048576,1382,9795400000120181437,1804306,11,11,12161621099404916095,12161621099404916095
5,P,20260918,1284,4,measure,96,stride_1_double,268435456,2097152,19057905,16958116410419217232,4888921,11,11,14985474944758429479,14985474944758429479
5,P,20260918,1285,4,measure,97,stride_513,25165824,1048576,2597022,7329083463526371133,11342627,11,11,1003168821508743228,1003168821508743228
5,P,20260918,1286,4,measure,98,random,134217728,1048576,2127704,8755673763261495053,19106319,11,11,18189285064541972212,18189285064541972212
5,P,20260918,1287,4,measure,99,stride_1_double,131072,2097152,8128,7237868638944390746,4515506,11,11,15396081144520084480,15396081144520084480
5,P,20260918,1288,4,measure,100,stride_17,8192,1048576,79,7937808282518738221,1691562,11,11,116592947459441664,116592947459441664
5,P,20260918,1289,4,measure,101,stride_1_bis,524288,1048576,51642,12146562898951919944,1723038,11,11,10061883979847375520,10061883979847375520
5,P,20260918,1290,4,measure,102,random,50331648,1048576,4612716,14412226075899859241,16398304,11,11,1089837932870796708,1089837932870796708
5,P,20260918,1291,4,measure,103,stride_513,8388608,1048576,606641,8173581445288271662,4857356,11,11,18303280461608560459,18303280461608560459
5,P,20260918,1292,4,measure,104,pair_same_line,262144,1048576,2857,17015842771348013693,2647025,11,11,3031588345110143016,3031588345110143016
5,P,20260918,1293,4,measure,105,stride_17,131072,1048576,9362,4035572312404892969,1702015,11,11,16921412609114818048,16921412609114818048
5,P,20260918,1294,4,measure,106,random,98304,1048576,11931,10042644061653182570,1444155,11,11,4739634412820425100,4739634412820425100
5,P,20260918,1295,4,measure,107,stride_1,8192,1048576,558,15230937494770040775,1700348,11,11,116592947459441664,116592947459441664
5,P,20260918,1296,4,measure,108,pair_split_line,4194304,1048576,245749,16092924687538649420,5036663,11,11,2235200005912047981,2235200005912047981
5,P,20260918,1297,4,measure,109,stride_1_bis,16777216,1048576,1429814,691182323883189021,1910147,11,11,4666899510473504794,4666899510473504794
5,P,20260918,1298,4,measure,110,stride_513,100663296,1048576,8792549,15604832777833298878,14491952,11,11,11194295034725416996,11194295034725416996
5,P,20260918,1299,4,measure,111,stride_1_bis,201326592,1048576,15262873,917269635114714851,2788149,11,11,2093008993303077130,2093008993303077130
5,P,20260918,1300,4,measure,112,stride_17,12582912,1048576,382316,15108814295165069386,5739646,11,11,10003171930392995700,10003171930392995700
5,P,20260918,1301,4,measure,113,pair_split_line,134217728,1048576,1162962,2756848283904491707,28737057,11,11,13304917222863065334,13304917222863065334
5,P,20260918,1302,4,measure,114,stride_4097,8388608,1048576,226724,6738370851814201704,5726491,11,11,18303280461608560459,18303280461608560459
5,P,20260918,1303,4,measure,115,pair_same_line,65536,1048576,716,292824852493733919,2876358,11,11,7861003582009584664,7861003582009584664
5,P,20260918,1304,4,measure,116,stride_1_bis,100663296,1048576,5534323,7471259527415832608,2373916,11,11,2248731210729474370,2248731210729474370
5,P,20260918,1305,4,measure,117,stride_513,1048576,1048576,30724,16829954757377223937,2538467,11,11,8797231230870489880,8797231230870489880
5,P,20260918,1306,4,measure,118,stride_1_bis,33554432,1048576,4137121,12478756346344643644,2172435,11,11,17113290510329458752,17113290510329458752
5,P,20260918,1307,4,measure,119,random,12582912,1048576,197939,15937761019907372116,11368270,11,11,9526345888544829939,9526345888544829939
5,P,20260918,1308,4,measure,120,stride_17,4194304,1048576,449497,16018603246690241496,4654253,11,11,12406089252390561320,12406089252390561320
5,P,20260918,1309,4,measure,121,random,4096,1048576,288,1797850063121527374,1391055,11,11,15730087326358659157,15730087326358659157
5,P,20260918,1310,4,measure,122,pair_same_line,33554432,1048576,3831592,15946377184637783561,16641664,11,11,9423787696673102293,9423787696673102293
5,P,20260918,1311,4,measure,123,stride_1_double,262144,2097152,6280,17380333966131290616,4356182,11,11,6505518311671377408,6505518311671377408
5,P,20260918,1312,4,measure,124,stride_1_double,24576,2097152,2640,6498986059060158996,3409237,11,11,14617062945802619732,14617062945802619732
5,P,20260918,1313,4,measure,125,pair_split_line,6144,1048576,128,16018155363762671602,2356171,11,11,2161874967962465780,2161874967962465780
5,P,20260918,1314,4,measure,126,stride_513,50331648,1048576,1818455,11532168752061360089,12681494,11,11,1281777847751218795,1281777847751218795
5,P,20260918,1315,4,measure,127,stride_1,4096,1048576,42,9362677975024619266,2124695,11,11,8154595385843253248,8154595385843253248
5,P,20260918,1316,4,measure,128,pair_split_line,16384,1048576,961,6414692790327340982,2745715,11,11,17578428849432596496,17578428849432596496
5,P,20260918,1317,4,measure,129,stride_1_bis,32768,1048576,3737,17159241957806617399,1698150,11,11,10598541984122395648,10598541984122395648
5,P,20260918,1318,4,measure,130,stride_4097,24576,1048576,2543,12359941421727889569,1691949,11,11,11852978777668587000,11852978777668587000
5,P,20260918,1319,4,measure,131,random,100663296,1048576,8542996,12362021424120332315,16902831,11,11,16307127507369295728,16307127507369295728
5,P,20260918,1320,4,measure,132,pair_split_line,393216,1048576,24873,17000213030749234456,3792358,11,11,4496978524691768403,4496978524691768403
5,P,20260918,1321,4,measure,133,stride_1_double,67108864,2097152,1129259,340896251913600944,4681665,11,11,2864413139708035290,2864413139708035290
5,P,20260918,1322,4,measure,134,stride_17,786432,1048576,49331,12379607740189124798,1783902,11,11,18242851153823486650,18242851153823486650
5,P,20260918,1323,4,measure,135,stride_1,3145728,1048576,144437,10733907129735470790,1955051,11,11,1166430322045747766,1166430322045747766
5,P,20260918,1324,4,measure,136,pair_same_line,393216,1048576,2990,8147571141504261476,2234172,11,11,5102043403492986152,5102043403492986152
5,P,20260918,1325,4,measure,137,stride_1_bis,98304,1048576,8742,5959162931868327131,1665798,11,11,13831964605954228989,13831964605954228989
5,P,20260918,1326,4,measure,138,stride_1_bis,4194304,1048576,381214,8118375152044630403,1647031,11,11,12406089252390561320,12406089252390561320
5,P,20260918,1327,4,measure,139,stride_1_double,6291456,2097152,96318,10149249258440754210,3510393,11,11,2640266947908143270,2640266947908143270
5,P,20260918,1328,4,measure,140,stride_513,393216,1048576,7707,17936412794878301105,1421357,11,11,9218483334806453440,9218483334806453440
5,P,20260918,1329,4,measure,141,stride_1,49152,1048576,4629,15852113899476674845,1355002,11,11,14381599431089164771,14381599431089164771
5,P,20260918,1330,4,measure,142,pair_same_line,8388608,1048576,847185,9358392687597451030,8661601,11,11,15905039924437786446,15905039924437786446
5,P,20260918,1331,4,measure,143,random,524288,1048576,27447,4478736591689541415,1189947,11,11,15366264922655331479,15366264922655331479
5,P,20260918,1332,4,measure,144,pair_same_line,50331648,1048576,2781761,1836670487967407506,15735792,11,11,6708329812022024917,6708329812022024917
5,P,20260918,1333,4,measure,145,random,65536,1048576,2967,14683127610797186391,1308391,11,11,8114700720666489264,8114700720666489264
5,P,20260918,1334,4,measure,146,pair_split_line,32768,1048576,3049,11938956948444579340,2111246,11,11,8573638564917024000,8573638564917024000
5,P,20260918,1335,4,measure,147,pair_same_line,268435456,1048576,11525156,12942482482309132455,19812643,11,11,1534125694955734571,1534125694955734571
5,P,20260918,1336,4,measure,148,stride_4097,33554432,1048576,2238750,309070805226418562,7832690,11,11,10100878935027239703,10100878935027239703
5,P,20260918,1337,4,measure,149,stride_4097,12582912,1048576,669536,13375708715149101601,6930014,11,11,8983557878752568647,8983557878752568647
5,P,20260918,1338,4,measure,150,pair_split_line,8388608,1048576,405015,2131893573536765173,8134909,11,11,5860450475579941542,5860450475579941542
5,P,20260918,1339,4,measure,151,stride_513,12582912,1048576,486138,10796909838334766731,5445883,11,11,10120808792106458316,10120808792106458316
5,P,20260918,1340,4,measure,152,pair_split_line,49152,1048576,4395,15688334787757651769,2131244,11,11,15750821829809718722,15750821829809718722
5,P,20260918,1341,4,measure,153,stride_17,16777216,1048576,622805,2419393752101538076,4495120,11,11,9520259811691451291,9520259811691451291
5,P,20260918,1342,4,measure,154,stride_513,1572864,1048576,188179,3043705793364966303,1654637,11,11,16747479167117318944,16747479167117318944
5,P,20260918,1343,4,measure,155,stride_513,131072,1048576,12150,682286887200574396,1454115,11,11,16921412609114818048,16921412609114818048
5,P,20260918,1344,4,measure,156,pair_same_line,8192,1048576,574,6565674512861945793,1625410,11,11,1332897702646652568,1332897702646652568
5,P,20260918,1345,4,measure,157,random,6144,1048576,241,5570380248680909200,1087429,11,11,8393205974858078593,8393205974858078593
5,P,20260918,1346,4,measure,158,pair_same_line,3145728,1048576,376882,13635366345762442731,3120061,11,11,5160177963779255678,5160177963779255678
5,P,20260918,1347,4,measure,159,pair_split_line,8192,1048576,890,3030424209920898680,1883499,11,11,8588201895253658336,8588201895253658336
5,P,20260918,1348,4,measure,160,pair_split_line,4096,1048576,186,15053559908369906230,1879997,11,11,9485546264008663282,9485546264008663282
5,P,20260918,1349,4,measure,161,stride_1_double,32768,2097152,3383,17847666765892028046,2706052,11,11,2750339894535239680,2750339894535239680
5,P,20260918,1350,4,measure,162,pair_split_line,98304,1048576,4889,8267748828922929940,2153743,11,11,5608775912422704005,5608775912422704005
5,P,20260918,1351,4,measure,163,pair_split_line,2097152,1048576,245433,5747332865089327656,2873005,11,11,17469290762000269046,17469290762000269046
5,P,20260918,1352,4,measure,164,pair_split_line,12582912,1048576,1141967,33804960407388933,8212254,11,11,13466024358787350035,13466024358787350035
5,P,20260918,1353,4,measure,165,stride_1,33554432,1048576,2086906,14057898148509481764,2250460,11,11,15928576498276090434,15928576498276090434
5,P,20260918,1354,4,measure,166,stride_1_bis,8388608,1048576,189935,5298884341835405311,1845999,11,11,18303280461608560459,18303280461608560459
5,P,20260918,1355,4,measure,167,stride_1_double,25165824,2097152,2231731,18054765185407333742,3831820,11,11,11748580847333251944,11748580847333251944
5,P,20260918,1356,4,measure,168,pair_split_line,1572864,1048576,132228,9458607353397470213,2768011,11,11,10834479189634647899,10834479189634647899
5,P,20260918,1357,4,measure,169,stride_513,524288,1048576,15676,4607484607211107325,1465867,11,11,10061883979847375520,10061883979847375520
5,P,20260918,1358,4,measure,170,random,131072,1048576,6066,13996216633539701367,1129303,11,11,17029977269006706632,17029977269006706632
5,P,20260918,1359,4,measure,171,stride_17,268435456,1048576,26997719,10725154023158820330,8415193,11,11,4096091037697716611,4096091037697716611
5,P,20260918,1360,4,measure,172,pair_same_line,2097152,1048576,249856,7337024431017958896,2549202,11,11,17127250552908612805,17127250552908612805
5,P,20260918,1361,4,measure,173,stride_17,100663296,1048576,914048,11158578106128178193,8992854,11,11,3979030016842395192,3979030016842395192
5,P,20260918,1362,4,measure,174,pair_split_line,1048576,1048576,42292,2508989357887239291,2612256,11,11,4403753730913028736,4403753730913028736
5,P,20260918,1363,4,measure,175,stride_1,8388608,1048576,848618,3186996739832426456,2209751,11,11,18303280461608560459,18303280461608560459
5,P,20260918,1364,4,measure,176,stride_1_bis,393216,1048576,16163,10183688674318433958,1356286,11,11,9922936655736562727,9922936655736562727
5,P,20260918,1365,4,measure,177,random,8388608,1048576,944977,2426791040437628523,6388619,11,11,4243149696474437570,4243149696474437570
5,P,20260918,1366,4,measure,178,stride_513,49152,1048576,1848,4327273554421796886,1400662,11,11,9764209366394647040,9764209366394647040
5,P,20260918,1367,4,measure,179,stride_1_double,100663296,2097152,1375400,8228656379609189342,4246756,11,11,15445336011206566584,15445336011206566584
5,P,20260918,1368,4,measure,180,stride_4097,25165824,1048576,1918125,15866391401820165211,7269833,11,11,9458616018809062499,9458616018809062499
5,P,20260918,1369,4,measure,181,stride_4097,98304,1048576,8914,2010251333354290004,1423265,11,11,2886886089844475508,2886886089844475508
5,P,20260918,1370,4,measure,182,stride_1_double,8388608,2097152,1017632,15436241487160473881,3752326,11,11,18159816849507569302,18159816849507569302
5,P,20260918,1371,4,measure,183,pair_same_line,1048576,1048576,93415,15538562770079181752,2083183,11,11,14217812077047729654,14217812077047729654
5,P,20260918,1372,4,measure,184,stride_17,49152,1048576,804,15550817669300315672,1362235,11,11,8575073719910708230,8575073719910708230
5,P,20260918,1373,4,measure,185,stride_4097,262144,1048576,28258,3788850676726476787,1389678,11,11,3252759155835688704,3252759155835688704
5,P,20260918,1374,4,measure,186,pair_same_line,786432,1048576,41145,8520913882727674172,2022497,11,11,4433422025120823470,4433422025120823470
5,P,20260918,1375,4,measure,187,stride_4097,65536,1048576,1484,1582977717431821203,1423170,11,11,16423878549329276288,16423878549329276288
5,P,20260918,1376,4,measure,188,stride_4097,12288,1048576,1475,3938823118451626306,1358045,11,11,14187396517881577594,14187396517881577594
5,P,20260918,1377,4,measure,189,stride_17,8388608,1048576,626945,13792682875291556427,3405357,11,11,18303280461608560459,18303280461608560459
5,P,20260918,1378,4,measure,190,stride_17,33554432,1048576,2087318,12214757873309364420,7628791,11,11,6236341524634091475,6236341524634091475
5,P,20260918,1379,4,measure,191,stride_513,32768,1048576,730,11401244619633777471,1354000,11,11,10598541984122395648,10598541984122395648
5,P,20260918,1380,4,measure,192,pair_split_line,196608,1048576,6962,4640256701447264712,2282328,11,11,18377671480040561538,18377671480040561538
5,P,20260918,1381,4,measure,193,pair_same_line,12582912,1048576,1017626,1768967457797825021,10488528,11,11,10503222586769049160,10503222586769049160
5,P,20260918,1382,4,measure,194,pair_split_line,201326592,1048576,21961341,4791150378641599847,27414301,11,11,10287837937012658978,10287837937012658978
5,P,20260918,1383,4,measure,195,random,4194304,1048576,80078,15658375983600111183,5075938,11,11,10802614388814142957,10802614388814142957
5,P,20260918,1384,4,measure,196,stride_1,100663296,1048576,3675116,12978356654782536536,2371747,11,11,5960831099851807270,5960831099851807270
5,P,20260918,1385,4,measure,197,stride_1_bis,6144,1048576,598,18136898294054643212,1437201,11,11,8696566367314734275,8696566367314734275
5,P,20260918,1386,4,measure,198,random,25165824,1048576,39598,687201413030368320,13584565,11,11,7998304035876681651,7998304035876681651
5,P,20260918,1387,4,measure,199,stride_1,524288,1048576,1490,7636720901813521087,1632343,11,11,10061883979847375520,10061883979847375520
5,P,20260918,1388,4,measure,200,pair_same_line,196608,1048576,23041,58343560436003584,2152682,11,11,1978640151065247958,1978640151065247958
5,P,20260918,1389,4,measure,201,pair_split_line,12288,1048576,1473,15505507602274803351,2070763,11,11,14737094680371163338,14737094680371163338
5,P,20260918,1390,4,measure,202,stride_4097,49152,1048576,5698,11625105970605104590,1426984,11,11,2396435671632304626,2396435671632304626
5,P,20260918,1391,4,measure,203,stride_1_bis,12288,1048576,1160,11941476469798160877,1395135,11,11,689837400948495413,689837400948495413
5,P,20260918,1392,4,measure,204,stride_1,98304,1048576,4089,11664030609264251638,1358643,11,11,12684595685822767805,12684595685822767805
5,P,20260918,1393,4,measure,205,stride_513,67108864,1048576,8231065,5011133218795067445,11680170,11,11,13092993706577251407,13092993706577251407
5,P,20260918,1394,4,measure,206,stride_1_bis,24576,1048576,1924,4518981625149474296,1543489,11,11,1518753927965666699,1518753927965666699
5,P,20260918,1395,4,measure,207,stride_4097,2097152,1048576,187514,6170316671813885486,1727262,11,11,14577075130308765988,14577075130308765988
5,P,20260918,1396,4,measure,208,stride_17,134217728,1048576,841547,8896300860845574811,8817709,11,11,2729289886255681124,2729289886255681124
5,P,20260918,1397,4,measure,209,stride_4097,32768,1048576,3305,4665277860582934576,1619469,11,11,10598541984122395648,10598541984122395648
5,P,20260918,1398,4,measure,210,stride_1,16777216,1048576,559520,12842114990406540230,2189978,11,11,9459061393514791609,9459061393514791609
5,P,20260918,1399,4,measure,211,stride_4097,8192,1048576,319,10755286112223571622,1496714,11,11,116592947459441664,116592947459441664
5,P,20260918,1400,4,measure,212,stride_17,1048576,1048576,21315,7944489288790230115,1568546,11,11,8797231230870489880,8797231230870489880
5,P,20260918,1401,4,measure,213,stride_1_double,16384,2097152,179,9872472032788462189,2776575,11,11,649362101028710400,649362101028710400
5,P,20260918,1402,4,measure,214,random,16384,1048576,1023,15993581407648671862,1087808,11,11,8679207278069927581,8679207278069927581
5,P,20260918,1403,4,measure,215,pair_split_line,67108864,1048576,3387469,1921177268724191399,18023660,11,11,2858109609023578736,2858109609023578736
5,P,20260918,1404,4,measure,216,random,67108864,1048576,1564338,13255713534969647850,14555188,11,11,15702501796203565874,15702501796203565874
5,P,20260918,1405,4,measure,217,pair_split_line,786432,1048576,66549,16903105967506452284,3717168,11,11,5739969758030498991,5739969758030498991
5,P,20260918,1406,4,measure,218,stride_1_bis,67108864,1048576,738364,4473614935617979082,2567800,11,11,2057367456956338039,2057367456956338039
5,P,20260918,1407,4,measure,219,stride_1_bis,786432,1048576,14456,3432746488713686536,1853519,11,11,18343965660769309014,18343965660769309014
5,P,20260918,1408,4,measure,220,stride_513,24576,1048576,1470,451553553153449738,1623915,11,11,15675031744929201152,15675031744929201152
5,P,20260918,1409,4,measure,221,stride_1,131072,1048576,9009,15486229893482858904,1566412,11,11,16921412609114818048,16921412609114818048
5,P,20260918,1410,4,measure,222,stride_1_double,8192,2097152,896,14328071359226351126,2996953,11,11,233185894918883328,233185894918883328
5,P,20260918,1411,4,measure,223,stride_513,262144,1048576,11874,13111601642523996698,1448242,11,11,3252759155835688704,3252759155835688704
5,P,20260918,1412,4,measure,224,stride_4097,6144,1048576,84,7344826900865910063,1376763,11,11,6953475664458888398,6953475664458888398
5,P,20260918,1413,4,measure,225,stride_1_double,4096,2097152,189,17609751245576671180,2931588,11,11,16309190771686506496,16309190771686506496
5,P,20260918,1414,4,measure,226,stride_1_bis,3145728,1048576,217266,7074761136709180747,1778897,11,11,6005018499468550618,6005018499468550618
5,P,20260918,1415,4,measure,227,random,8192,1048576,177,13015078784984787437,1087050,11,11,15139288285156042666,15139288285156042666
5,P,20260918,1416,4,measure,228,stride_4097,201326592,1048576,14424692,10623888388497634893,8838084,11,11,5094385288400563735,5094385288400563735
5,P,20260918,1417,4,measure,229,stride_4097,67108864,1048576,5830294,6191624835046163447,6986941,11,11,10535311770413902570,10535311770413902570
5,P,20260918,1418,4,measure,230,stride_1_bis,16384,1048576,964,18086119222836306895,1446424,11,11,9548053087369131008,9548053087369131008
5,P,20260918,1419,4,measure,231,stride_17,98304,1048576,10004,12548622608665079105,1422591,11,11,1192363683184550384,1192363683184550384
5,P,20260918,1420,4,measure,232,pair_split_line,25165824,1048576,3086968,14891594134869158717,16481738,11,11,14042852219490552765,14042852219490552765
5,P,20260918,1421,4,measure,233,stride_513,196608,1048576,5040,14486704864964170936,1719450,11,11,11662605144128544768,11662605144128544768
5,P,20260918,1422,4,measure,234,stride_513,4194304,1048576,458948,66142578721070182,2929234,11,11,12406089252390561320,12406089252390561320
5,P,20260918,1423,4,measure,235,stride_4097,786432,1048576,41665,7594701097580355855,1630176,11,11,10845407100176137376,10845407100176137376
5,P,20260918,1424,4,measure,236,stride_513,3145728,1048576,235743,15033539683615596857,1592805,11,11,11181227820694052192,11181227820694052192
5,P,20260918,1425,4,measure,237,pair_same_line,49152,1048576,2164,12310244135354947451,1725668,11,11,6912118562504850178,6912118562504850178
5,P,20260918,1426,4,measure,238,stride_1_double,1572864,2097152,94668,7869981576305470091,2760121,11,11,4800351352333174061,4800351352333174061
5,P,20260918,1427,4,measure,239,stride_1,1048576,1048576,26829,12734030340440262217,1372272,11,11,8797231230870489880,8797231230870489880
5,P,20260918,1428,4,measure,240,stride_1_double,196608,2097152,19444,1271276550111702772,2703559,11,11,6829768756204641354,6829768756204641354
5,P,20260918,1429,4,measure,241,stride_1_double,12288,2097152,283,15692913846979119204,2717476,11,11,12079041894154053774,12079041894154053774
5,P,20260918,1430,4,measure,242,stride_17,32768,1048576,728,856407453757429448,1351292,11,11,10598541984122395648,10598541984122395648
5,P,20260918,1431,4,measure,243,stride_1,134217728,1048576,13562423,3441694078049236884,2070787,11,11,11509815594564687836,11509815594564687836
5,P,20260918,1432,4,measure,244,stride_1_bis,12582912,1048576,784760,11401774865282502662,2335403,11,11,8377763116566843052,8377763116566843052
5,P,20260918,1433,4,measure,245,random,6291456,1048576,501660,3574353456063306057,5884281,11,11,15382667132476909447,15382667132476909447
5,P,20260918,1434,4,measure,246,stride_1,12582912,1048576,537225,8970677947414181006,2070594,11,11,15146710167100713334,15146710167100713334
5,P,20260918,1435,4,measure,247,pair_same_line,16777216,1048576,1616865,10097474236352230644,11522708,11,11,7889781764722900235,7889781764722900235
5,P,20260918,1436,4,measure,248,pair_same_line,131072,1048576,9137,18115300094182889593,1788899,11,11,8343430790534128237,8343430790534128237
5,P,20260918,1437,4,measure,249,stride_4097,1572864,1048576,95180,17572016907989573900,1482419,11,11,15924568663679509401,15924568663679509401
5,P,20260918,1438,4,measure,250,stride_17,3145728,1048576,22503,2528217464334091517,2487255,11,11,15496547659097503845,15496547659097503845
5,P,20260918,1439,4,measure,251,random,33554432,1048576,5325,17808261338154471266,12182825,11,11,3960606884573143879,3960606884573143879
5,P,20260918,1440,4,measure,252,stride_4097,4194304,1048576,249096,2274894179462626095,1811897,11,11,12406089252390561320,12406089252390561320
5,P,20260918,1441,4,measure,253,stride_1,393216,1048576,6110,18414386929700827791,1354662,11,11,8285787516035280057,8285787516035280057
5,P,20260918,1442,4,measure,254,random,201326592,1048576,22997042,6336170185377221532,16639640,11,11,5952515715607525802,5952515715607525802
5,P,20260918,1443,4,measure,255,stride_1_double,65536,2097152,2136,4510199936396212873,3070181,11,11,14401013024949000960,14401013024949000960
5,P,20260918,1444,4,measure,256,stride_1_double,786432,2097152,8947,3567986778350920920,2938084,11,11,15410650827382298611,15410650827382298611
5,P,20260918,1445,4,measure,257,stride_1,201326592,1048576,24183191,14089471579422034308,1801732,11,11,4920915264361369352,4920915264361369352
5,P,20260918,1446,4,measure,258,pair_split_line,3145728,1048576,26838,4061846231078210357,3759117,11,11,7387212370593076107,7387212370593076107
5,P,20260918,1447,4,measure,259,random,49152,1048576,5080,15123624907634606243,1100061,11,11,5937061984596554391,5937061984596554391
5,P,20260918,1448,4,measure,260,stride_1,196608,1048576,7088,12980088271039539252,1351597,11,11,15679502247067208296,15679502247067208296
5,P,20260918,1449,4,measure,261,stride_1_bis,268435456,1048576,15406086,15191971963300616546,1702719,11,11,2396925123903172007,2396925123903172007
5,P,20260918,1450,4,measure,262,stride_17,262144,1048576,14764,740041320686399303,1358001,11,11,3252759155835688704,3252759155835688704
5,P,20260918,1451,4,measure,263,stride_17,65536,1048576,92,15335147064697054318,1390833,11,11,16423878549329276288,16423878549329276288
5,P,20260918,1452,4,measure,264,stride_1_bis,25165824,1048576,1692700,502424804183437145,2109247,11,11,3775719569515880499,3775719569515880499
5,P,20260918,1453,4,measure,265,random,24576,1048576,2274,16689746225678888680,1092995,11,11,4779124181509318628,4779124181509318628
5,P,20260918,1454,4,measure,266,stride_4097,393216,1048576,16551,17775125077976041886,1389075,11,11,18059295263774883858,18059295263774883858
5,P,20260918,1455,4,measure,267,random,268435456,1048576,7721455,12240552810051497050,16934626,11,11,5186064281134436504,5186064281134436504
5,P,20260918,1456,4,measure,268,pair_split_line,6291456,1048576,662338,10305431230194339197,7668384,11,11,6302596811329653833,6302596811329653833
5,P,20260918,1457,4,measure,269,stride_1,50331648,1048576,2210476,12273937834668081563,2831135,11,11,13908800985312310599,13908800985312310599
5,P,20260918,1458,4,measure,270,stride_513,33554432,1048576,3587457,3415178201012653641,9865260,11,11,637677816007563206,637677816007563206
5,P,20260918,1459,4,measure,271,stride_17,6291456,1048576,211898,5791205409925444646,3942899,11,11,12055341739353591013,12055341739353591013
5,P,20260918,1460,4,measure,272,stride_513,12288,1048576,1397,16687361132972143261,1533190,11,11,9502424420678940672,9502424420678940672
5,P,20260918,1461,4,measure,273,stride_1,6291456,1048576,322060,3783213488871860538,1664429,11,11,18115090080154945367,18115090080154945367
5,P,20260918,1462,4,measure,274,stride_1_double,134217728,2097152,356944,8088251134964300620,3593692,11,11,9989103039668785391,9989103039668785391
5,P,20260918,1463,4,measure,275,stride_513,2097152,1048576,63868,12745521640675254071,2245071,11,11,14577075130308765988,14577075130308765988
5,P,20260918,1464,4,measure,276,stride_17,201326592,1048576,1961014,9460501834255821919,8638457,11,11,1732805421338767717,1732805421338767717
5,P,20260918,1465,4,measure,277,pair_same_line,67108864,1048576,282209,11206987568212903318,16553373,11,11,3642350157131149549,3642350157131149549
5,P,20260918,1466,4,measure,278,random,393216,1048576,1728,739811676379498406,1450671,11,11,1207504238006390327,1207504238006390327
5,P,20260918,1467,4,measure,279,stride_1_double,3145728,2097152,23511,4875866045501273310,3431545,11,11,5352401980230412373,5352401980230412373
5,P,20260918,1468,4,measure,280,pair_split_line,24576,1048576,2881,13792256108697620362,2087800,11,11,11723282243199404513,11723282243199404513
5,P,20260918,1469,4,measure,281,stride_1_double,393216,2097152,45490,748010224105958893,2830190,11,11,13786280119585842536,13786280119585842536
5,P,20260918,1470,4,measure,282,pair_same_line,524288,1048576,25261,10536664691272462574,1917296,11,11,458170551895618036,458170551895618036
5,P,20260918,1471,4,measure,283,stride_1_bis,50331648,1048576,4026343,840526732773255339,1896458,11,11,17216296808719354612,17216296808719354612
5,P,20260918,1472,4,measure,284,stride_513,6144,1048576,406,6225034496455353841,1356976,11,11,6657726286896836608,6657726286896836608
5,P,20260918,1473,4,measure,285,stride_1_double,4194304,2097152,503015,1654469379446406394,3542527,11,11,6365434431071571024,6365434431071571024
5,P,20260918,1474,4,measure,286,random,32768,1048576,2867,2726017400707987533,1089007,11,11,12362415940399433365,12362415940399433365
5,P,20260918,1475,4,measure,287,stride_1,2097152,1048576,93315,14685745377107254818,1466760,11,11,14577075130308765988,14577075130308765988
5,P,20260918,1476,4,measure,288,stride_17,16384,1048576,1036,18402278443970469750,1353660,11,11,9548053087369131008,9548053087369131008
5,P,20260918,1477,4,measure,289,pair_split_line,50331648,1048576,5353169,16877106935412073331,20305085,11,11,16875722488749189919,16875722488749189919
5,P,20260918,1478,4,measure,290,stride_1_bis,1048576,1048576,21218,1555009748362667982,1415451,11,11,8797231230870489880,8797231230870489880
5,P,20260918,1479,4,measure,291,stride_513,16384,1048576,1231,7766062375326619195,1352586,11,11,9548053087369131008,9548053087369131008
5,P,20260918,1480,4,measure,292,stride_1_bis,131072,1048576,8524,4726966107021183957,1356475,11,11,16921412609114818048,16921412609114818048
5,P,20260918,1481,4,measure,293,stride_1,268435456,1048576,25922528,13137325889465502809,2213390,11,11,12222950079342514359,12222950079342514359
5,P,20260918,1482,4,measure,294,stride_1,67108864,1048576,6304230,16429949431962756367,2227003,11,11,9834962880139079789,9834962880139079789
5,P,20260918,1483,4,measure,295,random,196608,1048576,4995,3044035177588453205,1173679,11,11,5298873885580185572,5298873885580185572
5,P,20260918,1484,4,measure,296,stride_4097,50331648,1048576,1979085,1977753743709298615,8001339,11,11,13715786281680118277,13715786281680118277
5,P,20260918,1485,5,measure,0,stride_1_double,16384,2097152,1820,14182317772039698177,2714294,11,11,649362101028710400,649362101028710400
5,P,20260918,1486,5,measure,1,stride_1_bis,196608,1048576,14182,14926540775832749433,1356302,11,11,2322223515160264702,2322223515160264702
5,P,20260918,1487,5,measure,2,stride_4097,4194304,1048576,290892,11583443046343771858,2093756,11,11,12406089252390561320,12406089252390561320
5,P,20260918,1488,5,measure,3,stride_4097,1572864,1048576,27562,12112763255822777691,1447300,11,11,4462392441073084723,4462392441073084723
5,P,20260918,1489,5,measure,4,stride_1_bis,12582912,1048576,802437,17032121158953267092,1696328,11,11,4360877289056084823,4360877289056084823
5,P,20260918,1490,5,measure,5,pair_split_line,268435456,1048576,23093213,142512175045036600,21086691,11,11,7663912141470468564,7663912141470468564
5,P,20260918,1491,5,measure,6,stride_1_double,67108864,2097152,1863893,16657570792653237498,4036909,11,11,7945033446313293373,7945033446313293373
5,P,20260918,1492,5,measure,7,pair_same_line,100663296,1048576,2837801,4973624120254527839,17614025,11,11,16301836585976424881,16301836585976424881
5,P,20260918,1493,5,measure,8,stride_17,50331648,1048576,3965398,3039626758163745969,8929841,11,11,3359821863010732090,3359821863010732090
5,P,20260918,1494,5,measure,9,stride_17,8192,1048576,550,11709219120705276900,1788752,11,11,116592947459441664,116592947459441664
5,P,20260918,1495,5,measure,10,stride_1_double,16777216,2097152,1272572,13265309273973258104,4701260,11,11,12841062978479921428,12841062978479921428
5,P,20260918,1496,5,measure,11,pair_same_line,2097152,1048576,172366,6149257827033258805,3082090,11,11,15277245690857645894,15277245690857645894
5,P,20260918,1497,5,measure,12,stride_1,4096,1048576,222,1652341971114848235,1514870,11,11,8154595385843253248,8154595385843253248
5,P,20260918,1498,5,measure,13,stride_17,196608,1048576,14446,9542389683932637249,1583411,11,11,651137422684319758,651137422684319758
5,P,20260918,1499,5,measure,14,pair_split_line,24576,1048576,1599,6015633613018924236,1963050,11,11,7958443549920432344,7958443549920432344
5,P,20260918,1500,5,measure,15,stride_4097,524288,1048576,40361,13504948298031283095,1507717,11,11,10061883979847375520,10061883979847375520
5,P,20260918,1501,5,measure,16,stride_1,12582912,1048576,807416,6259971922718354967,2105555,11,11,4048979497365445374,4048979497365445374
5,P,20260918,1502,5,measure,17,stride_1_double,4096,2097152,427,1824098070898664202,2710992,11,11,16309190771686506496,16309190771686506496
5,P,20260918,1503,5,measure,18,random,100663296,1048576,5626061,1954507244044063897,15299139,11,11,5393186338091604047,5393186338091604047
5,P,20260918,1504,5,measure,19,pair_split_line,201326592,1048576,24649643,885944642945454057,25961511,11,11,6167741790272450552,6167741790272450552
5,P,20260918,1505,5,measure,20,random,6291456,1048576,772202,8130281554160082991,6988359,11,11,9694921046287535148,9694921046287535148
5,P,20260918,1506,5,measure,21,pair_same_line,524288,1048576,44367,18257158304424560729,2842162,11,11,15785716158781606438,15785716158781606438
5,P,20260918,1507,5,measure,22,random,262144,1048576,29294,18244492610134338801,1452105,11,11,8043226981621000428,8043226981621000428
5,P,20260918,1508,5,measure,23,stride_4097,4096,1048576,75,10219877726566724776,1695600,11,11,8154595385843253248,8154595385843253248
5,P,20260918,1509,5,measure,24,stride_1_bis,8388608,1048576,500675,17039211972657267986,1952358,11,11,18303280461608560459,18303280461608560459
5,P,20260918,1510,5,measure,25,pair_same_line,12582912,1048576,161900,1670463061850011087,11821152,11,11,10930187412785120353,10930187412785120353
5,P,20260918,1511,5,measure,26,stride_513,32768,1048576,3513,4976046490165436057,1869089,11,11,10598541984122395648,10598541984122395648
5,P,20260918,1512,5,measure,27,stride_1_bis,1572864,1048576,38905,11193897503688507847,1867380,11,11,17190774457421606690,17190774457421606690
5,P,20260918,1513,5,measure,28,stride_513,49152,1048576,4610,18211280958134647699,1772910,11,11,1303108010804061184,1303108010804061184
5,P,20260918,1514,5,measure,29,stride_1,4194304,1048576,199351,2961696831680191336,1755025,11,11,12406089252390561320,12406089252390561320
5,P,20260918,1515,5,measure,30,stride_1,786432,1048576,78916,13005758441220679190,1645434,11,11,13826462020614990544,13826462020614990544
5,P,20260918,1516,5,measure,31,stride_17,786432,1048576,24509,4710013494384182436,1573145,11,11,887015693202419646,887015693202419646
5,P,20260918,1517,5,measure,32,pair_same_line,25165824,1048576,1693312,1647925139048930736,14090774,11,11,17539458662003123524,17539458662003123524
5,P,20260918,1518,5,measure,33,stride_513,786432,1048576,36412,8131532668843137862,1858936,11,11,16022285928360536512,16022285928360536512
5,P,20260918,1519,5,measure,34,stride_4097,32768,1048576,2875,5800379152691961375,1624204,11,11,10598541984122395648,10598541984122395648
5,P,20260918,1520,5,measure,35,pair_same_line,786432,1048576,66054,9108505155561737180,2333340,11,11,8134802474864252210,8134802474864252210
5,P,20260918,1521,5,measure,36,stride_1_double,100663296,2097152,12520971,5993199086576180937,4105211,11,11,13783553314944405344,13783553314944405344
5,P,20260918,1522,5,measure,37,stride_1_double,393216,2097152,8635,15628992801825751573,2829487,11,11,2285642495030703582,2285642495030703582
5,P,20260918,1523,5,measure,38,pair_split_line,25165824,1048576,1739256,5621159302294638406,15420643,11,11,2677431113275313029,2677431113275313029
5,P,20260918,1524,5,measure,39,pair_split_line,16777216,1048576,926510,6173044199026634537,10894896,11,11,14461068479905044827,14461068479905044827
5,P,20260918,1525,5,measure,40,stride_4097,24576,1048576,288,16697381410598245671,1514542,11,11,9666024374542256794,9666024374542256794
5,P,20260918,1526,5,measure,41,stride_513,4194304,1048576,293502,17475586873332596777,1947987,11,11,12406089252390561320,12406089252390561320
5,P,20260918,1527,5,measure,42,stride_513,50331648,1048576,3515717,6752356678768194357,11323335,11,11,11276739348921156818,11276739348921156818
5,P,20260918,1528,5,measure,43,stride_1,262144,1048576,9796,663871014434872993,1758983,11,11,3252759155835688704,3252759155835688704
5,P,20260918,1529,5,measure,44,pair_same_line,1572864,1048576,60699,513394695653419787,3218870,11,11,2131368381808958877,2131368381808958877
5,P,20260918,1530,5,measure,45,stride_1_bis,524288,1048576,22689,1194420265286245961,1932164,11,11,10061883979847375520,10061883979847375520
5,P,20260918,1531,5,measure,46,pair_split_line,8388608,1048576,842793,6605418118901564211,9055007,11,11,9764740922803810784,9764740922803810784
5,P,20260918,1532,5,measure,47,stride_17,131072,1048576,4939,8801006854398464933,1654263,11,11,16921412609114818048,16921412609114818048
5,P,20260918,1533,5,measure,48,stride_1_double,268435456,2097152,18910668,7877679195982712795,3964268,11,11,5378539156573258314,5378539156573258314
5,P,20260918,1534,5,measure,49,stride_1_bis,6291456,1048576,578015,11431890782078311215,1800617,11,11,1140264644324103630,1140264644324103630
5,P,20260918,1535,5,measure,50,pair_split_line,6144,1048576,169,3071404677805703793,1891488,11,11,4319250583741612861,4319250583741612861
5,P,20260918,1536,5,measure,51,random,4194304,1048576,352968,9405927273491971611,3931308,11,11,9189809949267750864,9189809949267750864
5,P,20260918,1537,5,measure,52,stride_4097,393216,1048576,46829,12541215340216444389,1382999,11,11,17986832967303592378,17986832967303592378
5,P,20260918,1538,5,measure,53,stride_17,16384,1048576,793,14233346501781618249,1365082,11,11,9548053087369131008,9548053087369131008
5,P,20260918,1539,5,measure,54,random,65536,1048576,4023,16793743846984655913,1125518,11,11,1239936844414317088,1239936844414317088
5,P,20260918,1540,5,measure,55,stride_1_bis,16384,1048576,555,10860687035575940653,1355557,11,11,9548053087369131008,9548053087369131008
5,P,20260918,1541,5,measure,56,stride_4097,33554432,1048576,3487195,10000162061779306549,6861214,11,11,16370791676698798765,16370791676698798765
5,P,20260918,1542,5,measure,57,stride_513,8388608,1048576,848270,8710683107312718451,3154044,11,11,18303280461608560459,18303280461608560459
5,P,20260918,1543,5,measure,58,pair_same_line,67108864,1048576,4379102,4376163480601883960,16872917,11,11,18308028347807502139,18308028347807502139
5,P,20260918,1544,5,measure,59,stride_1_bis,262144,1048576,802,7779525245418925166,1454687,11,11,3252759155835688704,3252759155835688704
5,P,20260918,1545,5,measure,60,stride_1_bis,3145728,1048576,219261,11883555104765383629,1826671,11,11,4523240588283889114,4523240588283889114
5,P,20260918,1546,5,measure,61,pair_split_line,3145728,1048576,181188,7638918432090177719,4229121,11,11,17423074282242604593,17423074282242604593
5,P,20260918,1547,5,measure,62,pair_same_line,393216,1048576,5726,8045495612203374462,1830510,11,11,10822770980589223717,10822770980589223717
5,P,20260918,1548,5,measure,63,pair_same_line,4096,1048576,123,13067316248265902780,1630718,11,11,2590169623134985871,2590169623134985871
5,P,20260918,1549,5,measure,64,stride_513,33554432,1048576,1342578,13127885989329331598,10311516,11,11,16362343534414479754,16362343534414479754
5,P,20260918,1550,5,measure,65,random,2097152,1048576,123448,8776519449350903267,2060066,11,11,4449550895863636015,4449550895863636015
5,P,20260918,1551,5,measure,66,stride_1,65536,1048576,309,15714649367036830528,1353509,11,11,16423878549329276288,16423878549329276288
5,P,20260918,1552,5,measure,67,random,4096,1048576,242,13549062559657303793,1094430,11,11,5730435612611527890,5730435612611527890
5,P,20260918,1553,5,measure,68,pair_same_line,32768,1048576,1350,14434185716105766926,1635393,11,11,9936770402349998369,9936770402349998369
5,P,20260918,1554,5,measure,69,stride_1_bis,100663296,1048576,12539370,5249181128116551899,1853070,11,11,8086242293746087944,8086242293746087944
5,P,20260918,1555,5,measure,70,pair_split_line,524288,1048576,59135,13462996992050293921,2458112,11,11,15039508578509610758,15039508578509610758
5,P,20260918,1556,5,measure,71,stride_1_double,196608,2097152,21150,1972345574791296396,2719198,11,11,6049751312663516812,6049751312663516812
5,P,20260918,1557,5,measure,72,pair_same_line,4194304,1048576,408969,10127671090584765880,4221806,11,11,7672626096983885945,7672626096983885945
5,P,20260918,1558,5,measure,73,stride_1_double,8192,2097152,973,5230362621442426067,2781008,11,11,233185894918883328,233185894918883328
5,P,20260918,1559,5,measure,74,random,134217728,1048576,8032301,3772452386078371291,16072021,11,11,7137995344017470592,7137995344017470592
5,P,20260918,1560,5,measure,75,pair_split_line,67108864,1048576,5230692,7977627394817873047,21473183,11,11,9861860678435456660,9861860678435456660
5,P,20260918,1561,5,measure,76,pair_same_line,16777216,1048576,314726,3877200608360813128,14637235,11,11,5475085391030123663,5475085391030123663
5,P,20260918,1562,5,measure,77,pair_split_line,12288,1048576,1405,8546412291304610408,2593144,11,11,10756888227266422315,10756888227266422315
5,P,20260918,1563,5,measure,78,stride_1,134217728,1048576,3961388,16780389066986315133,2254076,11,11,7732667467672110316,7732667467672110316
5,P,20260918,1564,5,measure,79,stride_1_double,32768,2097152,93,6784299329524516828,3346564,11,11,2750339894535239680,2750339894535239680
5,P,20260918,1565,5,measure,80,stride_4097,6291456,1048576,412990,946909927166273729,3014289,11,11,7496957765853324390,7496957765853324390
5,P,20260918,1566,5,measure,81,pair_split_line,1048576,1048576,9868,4799011740732472050,2882112,11,11,4930350156804691323,4930350156804691323
5,P,20260918,1567,5,measure,82,stride_4097,100663296,1048576,5810120,12270320112280402589,8735442,11,11,17797288460743122073,17797288460743122073
5,P,20260918,1568,5,measure,83,stride_1_double,2097152,2097152,181953,5895479179487853084,3756239,11,11,10707406186907980360,10707406186907980360
5,P,20260918,1569,5,measure,84,stride_17,67108864,1048576,7184422,9340302333038777096,8810713,11,11,4922228622201704652,4922228622201704652
5,P,20260918,1570,5,measure,85,pair_same_line,134217728,1048576,7985379,15348477100506077258,17735520,11,11,11238306922249489444,11238306922249489444
5,P,20260918,1571,5,measure,86,pair_split_line,262144,1048576,17505,9842518221735551663,3270752,11,11,15925295604863305594,15925295604863305594
5,P,20260918,1572,5,measure,87,pair_same_line,3145728,1048576,320295,390012061629717867,4602281,11,11,8754036393934817348,8754036393934817348
5,P,20260918,1573,5,measure,88,pair_split_line,6291456,1048576,773012,10343599755703207346,8173493,11,11,11297221856920733050,11297221856920733050
5,P,20260918,1574,5,measure,89,random,1572864,1048576,180302,388991441843212382,1620302,11,11,16848619552563097139,16848619552563097139
5,P,20260918,1575,5,measure,90,stride_513,201326592,1048576,4723423,11319918978688348466,14151715,11,11,10246359244300052235,10246359244300052235
5,P,20260918,1576,5,measure,91,stride_1_double,12582912,2097152,794934,3987862690171291071,4994962,11,11,12356124501998314818,12356124501998314818
5,P,20260918,1577,5,measure,92,stride_4097,50331648,1048576,4318254,12990333017312502182,8597988,11,11,4844579972690829222,4844579972690829222
5,P,20260918,1578,5,measure,93,stride_1_double,1048576,2097152,110298,7902880531218545029,3688216,11,11,17594462461740979760,17594462461740979760
5,P,20260918,1579,5,measure,94,stride_1_double,524288,2097152,54532,1616891453696255406,3309180,11,11,1677023885985199424,1677023885985199424
5,P,20260918,1580,5,measure,95,pair_same_line,8192,1048576,174,1005494907567375182,2040556,11,11,15204631102692923429,15204631102692923429
5,P,20260918,1581,5,measure,96,stride_17,1572864,1048576,52805,1407918577016784119,1988435,11,11,1798569962174119974,1798569962174119974
5,P,20260918,1582,5,measure,97,pair_split_line,49152,1048576,5423,16659737928170458679,2022361,11,11,2384344786088275009,2384344786088275009
5,P,20260918,1583,5,measure,98,stride_1_double,24576,2097152,1465,7552691828856520885,2730627,11,11,5251572721984593994,5251572721984593994
5,P,20260918,1584,5,measure,99,stride_1,8388608,1048576,491284,2930477143796894095,1894833,11,11,18303280461608560459,18303280461608560459
5,P,20260918,1585,5,measure,100,stride_4097,1048576,1048576,116551,9201642788490259582,1440198,11,11,8797231230870489880,8797231230870489880
5,P,20260918,1586,5,measure,101,pair_split_line,33554432,1048576,4170517,1381987343952058160,17746310,11,11,16767127217650162361,16767127217650162361
5,P,20260918,1587,5,measure,102,stride_17,33554432,1048576,2778522,17148852202499008254,7190227,11,11,1238454284326945948,1238454284326945948
5,P,20260918,1588,5,measure,103,stride_513,12288,1048576,917,8962894169803121654,1628540,11,11,9502424420678940672,9502424420678940672
5,P,20260918,1589,5,measure,104,pair_split_line,65536,1048576,5534,17421511761562265589,2358666,11,11,16675983646528061214,16675983646528061214
5,P,20260918,1590,5,measure,105,stride_1_double,98304,2097152,10046,15734433686570126642,3078952,11,11,4562407115608228641,4562407115608228641
5,P,20260918,1591,5,measure,106,pair_same_line,268435456,1048576,24806714,14156810350028163912,19425165,11,11,11700279444033998494,11700279444033998494
5,P,20260918,1592,5,measure,107,stride_1_double,1572864,2097152,9045,17038989385716902498,3711116,11,11,16016218073273088954,16016218073273088954
5,P,20260918,1593,5,measure,108,stride_4097,65536,1048576,750,4509719927544434367,1705964,11,11,16423878549329276288,16423878549329276288
5,P,20260918,1594,5,measure,109,stride_1,6144,1048576,410,1911761296287780392,1579297,11,11,7654822579957452942,7654822579957452942
5,P,20260918,1595,5,measure,110,stride_1_bis,1048576,1048576,127405,8662927743541019549,1526305,11,11,8797231230870489880,8797231230870489880
5,P,20260918,1596,5,measure,111,stride_17,25165824,1048576,1568472,10351496883152816995,7371377,11,11,9954429405017716250,9954429405017716250
5,P,20260918,1597,5,measure,112,stride_1_double,4194304,2097152,417525,6799212555442350633,3337582,11,11,6365434431071571024,6365434431071571024
5,P,20260918,1598,5,measure,113,pair_same_line,8388608,1048576,585774,18014919080298186012,7205541,11,11,3925797908726475266,3925797908726475266
5,P,20260918,1599,5,measure,114,random,16777216,1048576,679463,550120955074446112,9837159,11,11,17680196340611891674,17680196340611891674
5,P,20260918,1600,5,measure,115,stride_513,8192,1048576,918,11985236133340777358,1689827,11,11,116592947459441664,116592947459441664
5,P,20260918,1601,5,measure,116,pair_same_line,131072,1048576,10397,7429454106701866628,2179379,11,11,16300890540508685733,16300890540508685733
5,P,20260918,1602,5,measure,117,stride_1_double,201326592,2097152,6129471,3960536957085935510,4602267,11,11,3153454834343764163,3153454834343764163
5,P,20260918,1603,5,measure,118,random,25165824,1048576,2557005,8188618196451887402,11611847,11,11,15884513319107303418,15884513319107303418
5,P,20260918,1604,5,measure,119,stride_17,4194304,1048576,101193,6800136374364397508,3808099,11,11,12406089252390561320,12406089252390561320
5,P,20260918,1605,5,measure,120,stride_513,2097152,1048576,76377,16337272727672139639,1604946,11,11,14577075130308765988,14577075130308765988
5,P,20260918,1606,5,measure,121,stride_1,1572864,1048576,14486,1796623593223403306,1503945,11,11,862167294802824643,862167294802824643
5,P,20260918,1607,5,measure,122,pair_same_line,6144,1048576,35,17455671776534062370,1734961,11,11,11819646434342006006,11819646434342006006
5,P,20260918,1608,5,measure,123,pair_same_line,196608,1048576,15050,13046722587351788063,1837038,11,11,12091612926665749561,12091612926665749561
5,P,20260918,1609,5,measure,124,stride_513,1572864,1048576,31399,2881718633358687230,1429083,11,11,16747479167117318944,16747479167117318944
5,P,20260918,1610,5,measure,125,stride_1_double,786432,2097152,63112,11711226265820368092,2707988,11,11,14436110035903199010,14436110035903199010
5,P,20260918,1611,5,measure,126,stride_513,6144,1048576,523,11488739569940926569,1353206,11,11,6657726286896836608,6657726286896836608
5,P,20260918,1612,5,measure,127,stride_17,6144,1048576,251,530287900337866500,1350947,11,11,16596092923085302154,16596092923085302154
5,P,20260918,1613,5,measure,128,random,393216,1048576,20200,14017347743524464797,1126043,11,11,2355442969924708272,2355442969924708272
5,P,20260918,1614,5,measure,129,pair_split_line,16384,1048576,100,1175911447916296904,1883664,11,11,6002442198806998672,6002442198806998672
5,P,20260918,1615,5,measure,130,stride_1_double,6144,2097152,566,15889030718932365190,2704574,11,11,17123304177733643688,17123304177733643688
5,P,20260918,1616,5,measure,131,stride_1_bis,98304,1048576,8383,11810360576521708208,1352434,11,11,12814670565057328700,12814670565057328700
5,P,20260918,1617,5,measure,132,stride_1,524288,1048576,41934,15123812757648777928,1355881,11,11,10061883979847375520,10061883979847375520
5,P,20260918,1618,5,measure,133,pair_same_line,24576,1048576,3002,11657829595362261302,1634278,11,11,6304982302012353547,6304982302012353547
5,P,20260918,1619,5,measure,134,stride_17,49152,1048576,2993,12711108165649131119,1356834,11,11,7272765320232157076,7272765320232157076
5,P,20260918,1620,5,measure,135,stride_1_double,8388608,2097152,818199,10683382858969727938,3375391,11,11,18159816849507569302,18159816849507569302
5,P,20260918,1621,5,measure,136,pair_same_line,16384,1048576,1185,17187782849969474570,1630230,11,11,1524845155241359556,1524845155241359556
5,P,20260918,1622,5,measure,137,random,8388608,1048576,449577,13278695166217450690,2382605,11,11,8589740201610515961,8589740201610515961
5,P,20260918,1623,5,measure,138,stride_4097,49152,1048576,831,2897599725970841501,1353369,11,11,15589819571045052565,15589819571045052565
5,P,20260918,1624,5,measure,139,stride_17,268435456,1048576,31712470,7172652389359246031,9242471,11,11,9102819927543859390,9102819927543859390
5,P,20260918,1625,5,measure,140,stride_1,131072,1048576,4136,10474354829119537765,1363933,11,11,16921412609114818048,16921412609114818048
5,P,20260918,1626,5,measure,141,random,1048576,1048576,69828,9632859620324769784,1486252,11,11,17467414542851434650,17467414542851434650
5,P,20260918,1627,5,measure,142,pair_same_line,262144,1048576,13425,8032934809901342503,1851617,11,11,5442270011966696642,5442270011966696642
5,P,20260918,1628,5,measure,143,stride_1_bis,24576,1048576,456,6916032246421780403,1369788,11,11,9097052283435266646,9097052283435266646
5,P,20260918,1629,5,measure,144,stride_1_bis,65536,1048576,2959,2732988335609396272,1384554,11,11,16423878549329276288,16423878549329276288
5,P,20260918,1630,5,measure,145,random,524288,1048576,52784,4213690034724941603,1189255,11,11,8113623412815971725,8113623412815971725
5,P,20260918,1631,5,measure,146,pair_split_line,98304,1048576,7107,14698172277499411304,2169168,11,11,3065347369273420399,3065347369273420399
5,P,20260918,1632,5,measure,147,pair_same_line,6291456,1048576,147009,2960324080787137965,7870815,11,11,6390179901587766038,6390179901587766038
5,P,20260918,1633,5,measure,148,stride_4097,2097152,1048576,254777,1951346990563409160,1609714,11,11,14577075130308765988,14577075130308765988
5,P,20260918,1634,5,measure,149,stride_1_bis,67108864,1048576,2995895,14491855294954309290,1759360,11,11,14510032879973885061,14510032879973885061
5,P,20260918,1635,5,measure,150,stride_1_bis,268435456,1048576,30490329,12205927139760684845,2220116,11,11,2949842078301860271,2949842078301860271
5,P,20260918,1636,5,measure,151,stride_4097,268435456,1048576,21640568,14780390987939063941,7498584,11,11,12307325873909661000,12307325873909661000
5,P,20260918,1637,5,measure,152,stride_513,67108864,1048576,5369188,12840928435325851393,11924759,11,11,830786097766369047,830786097766369047
5,P,20260918,1638,5,measure,153,stride_513,12582912,1048576,721557,7400387600931639331,7312553,11,11,10120808792106458316,10120808792106458316
5,P,20260918,1639,5,measure,154,stride_1,201326592,1048576,13784663,9249407449946024853,2243179,11,11,15134072280437039811,15134072280437039811
5,P,20260918,1640,5,measure,155,stride_1_bis,50331648,1048576,888016,667266123350834457,2248920,11,11,13354939884939777557,13354939884939777557
5,P,20260918,1641,5,measure,156,pair_split_line,4194304,1048576,245917,2934417646379811857,4975123,11,11,2366668382383628794,2366668382383628794
5,P,20260918,1642,5,measure,157,stride_4097,201326592,1048576,14223644,13830823207337002482,8840017,11,11,18318930084119415516,18318930084119415516
5,P,20260918,1643,5,measure,158,stride_4097,131072,1048576,4238,6428802424865435305,1431551,11,11,16921412609114818048,16921412609114818048
5,P,20260918,1644,5,measure,159,stride_1_bis,33554432,1048576,1623709,1151198924517625388,2124725,11,11,1663771947448065507,1663771947448065507
5,P,20260918,1645,5,measure,160,stride_4097,25165824,1048576,1073408,13274095122452921593,7970152,11,11,10944185886332514494,10944185886332514494
5,P,20260918,1646,5,measure,161,pair_split_line,32768,1048576,3152,16967524148513740227,1895754,11,11,18377078587643228830,18377078587643228830
5,P,20260918,1647,5,measure,162,stride_17,98304,1048576,5727,12870554952639691319,1379151,11,11,15820592730685636307,15820592730685636307
5,P,20260918,1648,5,measure,163,stride_1_bis,201326592,1048576,18030810,6087729275703866905,1927524,11,11,7525987976846654845,7525987976846654845
5,P,20260918,1649,5,measure,164,stride_4097,3145728,1048576,65522,4258861792731334214,1882219,11,11,18429862029193786633,18429862029193786633
5,P,20260918,1650,5,measure,165,stride_513,100663296,1048576,2122248,5071955658623182422,12937099,11,11,13527935502897170930,13527935502897170930
5,P,20260918,1651,5,measure,166,stride_1_bis,12288,1048576,835,5319065558575169713,1359199,11,11,12687387094325506860,12687387094325506860
5,P,20260918,1652,5,measure,167,stride_1_bis,49152,1048576,2362,7141080595824181183,1352740,11,11,13151326288629027454,13151326288629027454
5,P,20260918,1653,5,measure,168,stride_4097,12582912,1048576,13164,12757492081663705663,5976268,11,11,8302911305096404282,8302911305096404282
5,P,20260918,1654,5,measure,169,pair_split_line,393216,1048576,31507,11846712260509786890,2343631,11,11,11803276816613894626,11803276816613894626
5,P,20260918,1655,5,measure,170,random,33554432,1048576,3177467,353287408485189176,12665581,11,11,10535229726422526818,10535229726422526818
5,P,20260918,1656,5,measure,171,pair_same_line,65536,1048576,2943,12915632578853329418,1912657,11,11,4889309285631121171,4889309285631121171
5,P,20260918,1657,5,measure,172,random,32768,1048576,3257,8183099311719721610,1206479,11,11,7055667894243421080,7055667894243421080
5,P,20260918,1658,5,measure,173,stride_1,3145728,1048576,105314,13580106913307249020,1935994,11,11,2711140105437296818,2711140105437296818
5,P,20260918,1659,5,measure,174,stride_1_bis,786432,1048576,40038,9289642249325761240,1391770,11,11,935781197384826237,935781197384826237
5,P,20260918,1660,5,measure,175,stride_4097,8388608,1048576,847554,5307132142094518194,3045586,11,11,18303280461608560459,18303280461608560459
5,P,20260918,1661,5,measure,176,stride_1_bis,25165824,1048576,1941394,4034311178503801055,1809304,11,11,12633364966558631820,12633364966558631820
5,P,20260918,1662,5,measure,177,stride_1_double,262144,2097152,21904,7088710191542602830,2727108,11,11,6505518311671377408,6505518311671377408
5,P,20260918,1663,5,measure,178,stride_1_bis,4194304,1048576,247388,11017301774947934307,1639640,11,11,12406089252390561320,12406089252390561320
5,P,20260918,1664,5,measure,179,stride_513,16384,1048576,470,17702328862793272598,1356584,11,11,9548053087369131008,9548053087369131008
5,P,20260918,1665,5,measure,180,random,50331648,1048576,5039276,12080377720190337551,13970657,11,11,5081211176418118984,5081211176418118984
5,P,20260918,1666,5,measure,181,stride_17,262144,1048576,4812,6745045458165083069,1426445,11,11,3252759155835688704,3252759155835688704
5,P,20260918,1667,5,measure,182,pair_split_line,8192,1048576,899,6296550315357755230,1907367,11,11,9120900718612589036,9120900718612589036
5,P,20260918,1668,5,measure,183,stride_4097,262144,1048576,27543,4589619516034678850,1386806,11,11,3252759155835688704,3252759155835688704
5,P,20260918,1669,5,measure,184,stride_4097,12288,1048576,1273,14555644998521790106,1350941,11,11,97866698130262347,97866698130262347
5,P,20260918,1670,5,measure,185,stride_17,201326592,1048576,20850814,18103319994040471286,9257367,11,11,12783886909269756220,12783886909269756220
5,P,20260918,1671,5,measure,186,pair_split_line,2097152,1048576,174891,6936551993876915732,3165043,11,11,4147774886409125426,4147774886409125426
5,P,20260918,1672,5,measure,187,stride_17,24576,1048576,2816,14080458791234985343,1356340,11,11,9092487132813610582,9092487132813610582
5,P,20260918,1673,5,measure,188,random,12582912,1048576,216936,14391486235748539159,10400542,11,11,3690797645987139940,3690797645987139940
5,P,20260918,1674,5,measure,189,random,786432,1048576,57054,16510370731397643755,1286896,11,11,9476624886092224879,9476624886092224879
5,P,20260918,1675,5,measure,190,stride_513,16777216,1048576,1114271,13486044959765567613,7384046,11,11,17296808699251827066,17296808699251827066
5,P,20260918,1676,5,measure,191,stride_17,100663296,1048576,822641,6619473219479328306,8730129,11,11,10694875666922864794,10694875666922864794
5,P,20260918,1677,5,measure,192,stride_1,16777216,1048576,446248,14475701732659479747,2174568,11,11,7798920616767365418,7798920616767365418
5,P,20260918,1678,5,measure,193,stride_1,12288,1048576,890,11727001531717105224,1622707,11,11,7552093552017996765,7552093552017996765
5,P,20260918,1679,5,measure,194,stride_4097,8192,1048576,24,4076870204023427643,1602686,11,11,116592947459441664,116592947459441664
5,P,20260918,1680,5,measure,195,stride_1,33554432,1048576,1513885,1386970486950650456,2263492,11,11,8675992871381786380,8675992871381786380
5,P,20260918,1681,5,measure,196,stride_513,1048576,1048576,48674,3698317079686679607,1896024,11,11,8797231230870489880,8797231230870489880
5,P,20260918,1682,5,measure,197,pair_split_line,786432,1048576,96100,7035279494748077844,2619554,11,11,13833608474583608524,13833608474583608524
5,P,20260918,1683,5,measure,198,stride_4097,16384,1048576,1572,4371904071478303423,1384455,11,11,9548053087369131008,9548053087369131008
5,P,20260918,1684,5,measure,199,pair_split_line,4096,1048576,302,4829881763393884831,1882842,11,11,4133974128304984266,4133974128304984266
5,P,20260918,1685,5,measure,200,pair_same_line,98304,1048576,1660,9326523407964901522,1758662,11,11,6654320502703518393,6654320502703518393
5,P,20260918,1686,5,measure,201,stride_4097,67108864,1048576,6841851,7924611260752781640,6762316,11,11,1154048351528266214,1154048351528266214
5,P,20260918,1687,5,measure,202,stride_1,100663296,1048576,5311075,1661084338225262934,2319513,11,11,17928121794257961575,17928121794257961575
5,P,20260918,1688,5,measure,203,random,49152,1048576,2615,2829670405578044310,1100967,11,11,2199488605372071163,2199488605372071163
5,P,20260918,1689,5,measure,204,random,6144,1048576,290,14122098904538198786,1088016,11,11,8542536361458145007,8542536361458145007
5,P,20260918,1690,5,measure,205,stride_17,16777216,1048576,1912461,13063284314544705543,6041641,11,11,9693249419150951404,9693249419150951404
5,P,20260918,1691,5,measure,206,stride_1_bis,131072,1048576,2781,18315225136088471567,1362906,11,11,16921412609114818048,16921412609114818048
5,P,20260918,1692,5,measure,207,stride_1_bis,134217728,1048576,11225690,1379092601677590403,1823172,11,11,9557442419786345755,9557442419786345755
5,P,20260918,1693,5,measure,208,stride_1_bis,8192,1048576,75,16098782814988077881,1356736,11,11,116592947459441664,116592947459441664
5,P,20260918,1694,5,measure,209,random,8192,1048576,5,5392970313253888353,1087599,11,11,15386199663798050836,15386199663798050836
5,P,20260918,1695,5,measure,210,pair_same_line,50331648,1048576,4510704,6700134981586692875,16124961,11,11,12923755009505225661,12923755009505225661
5,P,20260918,1696,5,measure,211,stride_1_double,12288,2097152,44,6149256754525799669,2708404,11,11,4408616713462952431,4408616713462952431
5,P,20260918,1697,5,measure,212,random,268435456,1048576,7050479,13212306168230859542,17540527,11,11,18190420974305364208,18190420974305364208
5,P,20260918,1698,5,measure,213,stride_513,25165824,1048576,1766899,10133621513626067940,10661211,11,11,3223166402984098452,3223166402984098452
5,P,20260918,1699,5,measure,214,stride_513,98304,1048576,3946,10483086716904766064,1970608,11,11,1589993245443464960,1589993245443464960
5,P,20260918,1700,5,measure,215,stride_1_bis,393216,1048576,30407,6248717715823920190,1853119,11,11,15943235743639037358,15943235743639037358
5,P,20260918,1701,5,measure,216,stride_513,134217728,1048576,10535699,6737292620475763025,12428520,11,11,5904042020121327306,5904042020121327306
5,P,20260918,1702,5,measure,217,stride_1,67108864,1048576,4375123,18273785240349056559,2665723,11,11,7212797355335919415,7212797355335919415
5,P,20260918,1703,5,measure,218,stride_17,3145728,1048576,284505,1331225423918712884,3453088,11,11,16871752819234121948,16871752819234121948
5,P,20260918,1704,5,measure,219,stride_1,24576,1048576,1528,8681375929938840786,1699865,11,11,3428212219760995987,3428212219760995987
5,P,20260918,1705,5,measure,220,pair_split_line,131072,1048576,15836,9694879895591217364,2841130,11,11,14906848906905792226,14906848906905792226
5,P,20260918,1706,5,measure,221,stride_4097,786432,1048576,34042,12310892960364921364,1787405,11,11,11001449585196574113,11001449585196574113
5,P,20260918,1707,5,measure,222,stride_1,8192,1048576,983,16185819452821935950,1643179,11,11,116592947459441664,116592947459441664
5,P,20260918,1708,5,measure,223,stride_4097,134217728,1048576,10418815,5331822664439254954,7516416,11,11,7825210894913198610,7825210894913198610
5,P,20260918,1709,5,measure,224,stride_1_bis,2097152,1048576,69524,1989132073262358613,1742683,11,11,14577075130308765988,14577075130308765988
5,P,20260918,1710,5,measure,225,pair_same_line,201326592,1048576,9198404,13427677148215354518,19806145,11,11,17072581103194739032,17072581103194739032
5,P,20260918,1711,5,measure,226,stride_1,32768,1048576,2219,4414166026969029473,1978261,11,11,10598541984122395648,10598541984122395648
5,P,20260918,1712,5,measure,227,random,24576,1048576,2917,5975919712221208497,1513864,11,11,10349632519788006126,10349632519788006126
5,P,20260918,1713,5,measure,228,random,196608,1048576,12603,16088243312381198081,1558043,11,11,12109038118363108315,12109038118363108315
5,P,20260918,1714,5,measure,229,pair_same_line,1048576,1048576,68449,16754779483193829862,2730567,11,11,8739993541167486315,8739993541167486315
5,P,20260918,1715,5,measure,230,stride_1_double,6291456,2097152,509748,15763991279085623912,4258409,11,11,3178489865368531109,3178489865368531109
5,P,20260918,1716,5,measure,231,stride_1_double,3145728,2097152,200360,4141469667997626270,3175271,11,11,8515849028462740619,8515849028462740619
5,P,20260918,1717,5,measure,232,random,3145728,1048576,363297,13460906085721856926,1998379,11,11,10679070999196249355,10679070999196249355
5,P,20260918,1718,5,measure,233,stride_1,50331648,1048576,5905650,13979338056830581536,1796526,11,11,16362333097638252625,16362333097638252625
5,P,20260918,1719,5,measure,234,stride_4097,6144,1048576,269,9596927716859919623,1354806,11,11,8478977409415657090,8478977409415657090
5,P,20260918,1720,5,measure,235,stride_1_double,33554432,2097152,1556094,12770530199199436693,4355381,11,11,8152671875520994285,8152671875520994285
5,P,20260918,1721,5,measure,236,stride_1,25165824,1048576,1718976,4836797000993756478,2392066,11,11,13301539475806404742,13301539475806404742
5,P,20260918,1722,5,measure,237,stride_4097,98304,1048576,8938,3054858477138966987,1428807,11,11,1645731987418597772,1645731987418597772
5,P,20260918,1723,5,measure,238,stride_513,196608,1048576,12310,12182170825483495450,1426357,11,11,2303624161942002560,2303624161942002560
5,P,20260918,1724,5,measure,239,stride_1_bis,32768,1048576,1232,15688922431837803769,1370558,11,11,10598541984122395648,10598541984122395648
5,P,20260918,1725,5,measure,240,stride_513,24576,1048576,2616,14583189138483125704,1355885,11,11,15675031744929201152,15675031744929201152
5,P,20260918,1726,5,measure,241,random,98304,1048576,3472,13294490711409297102,1129434,11,11,16195150191714151516,16195150191714151516
5,P,20260918,1727,5,measure,242,stride_1_double,65536,2097152,6415,2792830072728812904,2941149,11,11,14401013024949000960,14401013024949000960
5,P,20260918,1728,5,measure,243,stride_1,49152,1048576,360,16499152925414306003,1357510,11,11,6227357349888600991,6227357349888600991
5,P,20260918,1729,5,measure,244,random,131072,1048576,12718,1869971635606181116,1132253,11,11,11005809340127310000,11005809340127310000
5,P,20260918,1730,5,measure,245,stride_17,8388608,1048576,310276,16798839195906620719,3654665,11,11,18303280461608560459,18303280461608560459
5,P,20260918,1731,5,measure,246,pair_same_line,33554432,1048576,3208010,15534738758554101662,14674368,11,11,16111066923702946659,16111066923702946659
5,P,20260918,1732,5,measure,247,stride_1,16384,1048576,656,3923114069470750511,1377809,11,11,9548053087369131008,9548053087369131008
5,P,20260918,1733,5,measure,248,stride_17,4096,1048576,48,8616267134725559848,1391565,11,11,8154595385843253248,8154595385843253248
5,P,20260918,1734,5,measure,249,stride_17,393216,1048576,7558,3578965362388899937,1407010,11,11,9716558792494437313,9716558792494437313
5,P,20260918,1735,5,measure,250,stride_1,6291456,1048576,421840,13125828308825013472,2154409,11,11,13502581396021629641,13502581396021629641
5,P,20260918,1736,5,measure,251,stride_1_double,131072,2097152,1703,14412007370956450896,2799339,11,11,15396081144520084480,15396081144520084480
5,P,20260918,1737,5,measure,252,pair_split_line,134217728,1048576,15272233,5413735276321673370,24554960,11,11,15695012454868544655,15695012454868544655
5,P,20260918,1738,5,measure,253,stride_1,196608,1048576,12675,2112654875238727731,1372248,11,11,1020715834995108675,1020715834995108675
5,P,20260918,1739,5,measure,254,stride_17,12582912,1048576,848639,7006694547852127136,5535901,11,11,15631879612222360345,15631879612222360345
5,P,20260918,1740,5,measure,255,stride_1_double,49152,2097152,500,2114645369661458161,2709966,11,11,5237289797532525266,5237289797532525266
5,P,20260918,1741,5,measure,256,stride_17,2097152,1048576,120894,6754448397809309156,1555398,11,11,14577075130308765988,14577075130308765988
5,P,20260918,1742,5,measure,257,stride_513,65536,1048576,7884,9278671839987495822,1409998,11,11,16423878549329276288,16423878549329276288
5,P,20260918,1743,5,measure,258,stride_17,524288,1048576,47254,14199810420040988403,1386471,11,11,10061883979847375520,10061883979847375520
5,P,20260918,1744,5,measure,259,pair_split_line,50331648,1048576,3657755,6636313786918514310,17221928,11,11,10035290326083867253,10035290326083867253
5,P,20260918,1745,5,measure,260,stride_1,1048576,1048576,91470,510145437828294091,1451964,11,11,8797231230870489880,8797231230870489880
5,P,20260918,1746,5,measure,261,stride_513,3145728,1048576,130825,12460203608374007745,1872957,11,11,4696861105486946824,4696861105486946824
5,P,20260918,1747,5,measure,262,random,16384,1048576,1287,734497033950357589,1119543,11,11,4648228886833038347,4648228886833038347
5,P,20260918,1748,5,measure,263,random,12288,1048576,271,2895292182419765957,1127529,11,11,2111685576192978060,2111685576192978060
5,P,20260918,1749,5,measure,264,stride_513,6291456,1048576,58578,10602045645960913933,2326892,11,11,2329185465026963428,2329185465026963428
5,P,20260918,1750,5,measure,265,pair_same_line,12288,1048576,1177,1573441557287300470,1663921,11,11,5573586799330822233,5573586799330822233
5,P,20260918,1751,5,measure,266,stride_1,98304,1048576,187,16422821685698896307,1359498,11,11,5409049954479276478,5409049954479276478
5,P,20260918,1752,5,measure,267,random,67108864,1048576,6864722,16002682800104762253,14585980,11,11,15680193451288648732,15680193451288648732
5,P,20260918,1753,5,measure,268,stride_17,12288,1048576,1401,7957277850667148093,1474942,11,11,16852286252474401212,16852286252474401212
5,P,20260918,1754,5,measure,269,random,201326592,1048576,13730070,12126523046860046995,17416057,11,11,7612504197379216572,7612504197379216572
5,P,20260918,1755,5,measure,270,stride_513,268435456,1048576,16718075,15291057242519564407,14141822,11,11,9424931923637794200,9424931923637794200
5,P,20260918,1756,5,measure,271,pair_split_line,1572864,1048576,94484,8987486868830016520,4799881,11,11,6228586757979723490,6228586757979723490
5,P,20260918,1757,5,measure,272,stride_17,6291456,1048576,751703,1807286727465464974,4751547,11,11,12900316585996361228,12900316585996361228
5,P,20260918,1758,5,measure,273,stride_513,262144,1048576,14520,10826441479776062340,1748386,11,11,3252759155835688704,3252759155835688704
5,P,20260918,1759,5,measure,274,pair_same_line,49152,1048576,2117,16482719889626749208,2035296,11,11,15634843886915629891,15634843886915629891
5,P,20260918,1760,5,measure,275,pair_split_line,12582912,1048576,1427864,13835246895641100085,12318592,11,11,11511948281199838021,11511948281199838021
5,P,20260918,1761,5,measure,276,stride_1_bis,4096,1048576,438,4167182180807120912,1724701,11,11,8154595385843253248,8154595385843253248
5,P,20260918,1762,5,measure,277,stride_1_double,134217728,2097152,408606,627901680538337946,4113964,11,11,5537896468877136002,5537896468877136002
5,P,20260918,1763,5,measure,278,stride_17,32768,1048576,1608,17565352474443610481,1521682,11,11,10598541984122395648,10598541984122395648
5,P,20260918,1764,5,measure,279,stride_4097,196608,1048576,14820,10791961044177814839,1527739,11,11,3990621432289341868,3990621432289341868
5,P,20260918,1765,5,measure,280,stride_513,524288,1048576,32190,9305972056044862835,1558216,11,11,10061883979847375520,10061883979847375520
5,P,20260918,1766,5,measure,281,stride_17,65536,1048576,2721,8694687398052123917,1367748,11,11,16423878549329276288,16423878549329276288
5,P,20260918,1767,5,measure,282,stride_1_bis,16777216,1048576,1050385,8105968397101932255,1866678,11,11,14770937273083560228,14770937273083560228
5,P,20260918,1768,5,measure,283,pair_split_line,100663296,1048576,9948352,10293645343593750226,24363135,11,11,5017204477820913593,5017204477820913593
5,P,20260918,1769,5,measure,284,stride_4097,16777216,1048576,657341,5575421223524576575,7489692,11,11,5137131698231789119,5137131698231789119
5,P,20260918,1770,5,measure,285,stride_17,134217728,1048576,11568665,5748322678502584868,10044471,11,11,5385058593835769947,5385058593835769947
5,P,20260918,1771,5,measure,286,stride_1,268435456,1048576,32204482,16848469044555922708,2574767,11,11,15159545105054078640,15159545105054078640
5,P,20260918,1772,5,measure,287,stride_1_double,25165824,2097152,2496209,10671477687601546849,5037573,11,11,8082981259791144506,8082981259791144506
5,P,20260918,1773,5,measure,288,stride_513,4096,1048576,294,8088705929931293582,1717790,11,11,8154595385843253248,8154595385843253248
5,P,20260918,1774,5,measure,289,stride_513,131072,1048576,2606,16808614614892421029,1775025,11,11,16921412609114818048,16921412609114818048
5,P,20260918,1775,5,measure,290,stride_17,1048576,1048576,51000,13149120353438614919,1727616,11,11,8797231230870489880,8797231230870489880
5,P,20260918,1776,5,measure,291,pair_split_line,196608,1048576,1687,3951477206501254418,2660073,11,11,3165117365857625967,3165117365857625967
5,P,20260918,1777,5,measure,292,stride_1_bis,6144,1048576,172,7748270812976876642,1518215,11,11,14069899333936108424,14069899333936108424
5,P,20260918,1778,5,measure,293,stride_1_double,50331648,2097152,3218278,11413568437731514915,3381591,11,11,7829369954441821498,7829369954441821498
5,P,20260918,1779,5,measure,294,stride_1,393216,1048576,8381,12202410250630822021,1365581,11,11,17605339519445620147,17605339519445620147
5,P,20260918,1780,5,measure,295,stride_1,2097152,1048576,113138,13987741347411546064,1541700,11,11,14577075130308765988,14577075130308765988
5,P,20260918,1781,5,measure,296,stride_513,393216,1048576,7602,13336717217401609260,1482666,11,11,9218483334806453440,9218483334806453440
5,P,20260918,1782,6,measure,0,stride_513,8192,1048576,483,15799636035829765085,1355758,11,11,116592947459441664,116592947459441664
5,P,20260918,1783,6,measure,1,stride_4097,12582912,1048576,335849,13249314754160084907,6752889,11,11,4012100378696427754,4012100378696427754
5,P,20260918,1784,6,measure,2,random,24576,1048576,2641,3960293330945602455,1090053,11,11,92485639786229482,92485639786229482
5,P,20260918,1785,6,measure,3,stride_1,6291456,1048576,338657,13120185850383269065,1887531,11,11,12722211833186725711,12722211833186725711
5,P,20260918,1786,6,measure,4,stride_17,2097152,1048576,167781,15799553326066664223,1588022,11,11,14577075130308765988,14577075130308765988
5,P,20260918,1787,6,measure,5,stride_4097,98304,1048576,10499,10264940618512746982,1426252,11,11,11580392395010398040,11580392395010398040
5,P,20260918,1788,6,measure,6,stride_1,49152,1048576,4646,11763019738085425201,1356664,11,11,13406574097454322273,13406574097454322273
5,P,20260918,1789,6,measure,7,pair_same_line,1048576,1048576,55696,761724890773844994,2032997,11,11,5274370122548932943,5274370122548932943
5,P,20260918,1790,6,measure,8,stride_1_double,6144,2097152,15,6385778450019162305,2715905,11,11,14913660833133231251,14913660833133231251
5,P,20260918,1791,6,measure,9,stride_17,16777216,1048576,2022673,7654310388839755709,4814868,11,11,860610288520777384,860610288520777384
5,P,20260918,1792,6,measure,10,stride_1,4096,1048576,213,5942030228994978132,1359003,11,11,8154595385843253248,8154595385843253248
5,P,20260918,1793,6,measure,11,stride_4097,1572864,1048576,171098,11538726695747124490,1440380,11,11,8161124701634741049,8161124701634741049
5,P,20260918,1794,6,measure,12,stride_17,393216,1048576,10139,6842773885180738915,1358348,11,11,470711814170508998,470711814170508998
5,P,20260918,1795,6,measure,13,pair_split_line,262144,1048576,9346,5099867970668736030,2303933,11,11,9751428959418728666,9751428959418728666
5,P,20260918,1796,6,measure,14,stride_4097,24576,1048576,538,15947908825250966151,1380854,11,11,9897178569531504043,9897178569531504043
5,P,20260918,1797,6,measure,15,stride_1_double,16777216,2097152,955365,8338945412582263950,3196989,11,11,12841062978479921428,12841062978479921428
5,P,20260918,1798,6,measure,16,stride_513,196608,1048576,14716,15316350248993013636,1422826,11,11,2303624161942002560,2303624161942002560
5,P,20260918,1799,6,measure,17,stride_1_double,32768,2097152,2393,5339891604740546703,2709263,11,11,2750339894535239680,2750339894535239680
5,P,20260918,1800,6,measure,18,stride_1,16384,1048576,1973,4196904332557358688,1351579,11,11,9548053087369131008,9548053087369131008
5,P,20260918,1801,6,measure,19,pair_same_line,8388608,1048576,38560,6572949390135488699,4544786,11,11,16937613912013047763,16937613912013047763
5,P,20260918,1802,6,measure,20,stride_1_bis,12288,1048576,1183,17301035077779560871,1376776,11,11,1786760973884735135,1786760973884735135
5,P,20260918,1803,6,measure,21,pair_split_line,12288,1048576,43,8377290764870303485,1889503,11,11,12149760603188078704,12149760603188078704
5,P,20260918,1804,6,measure,22,stride_1_bis,67108864,1048576,4931529,7683670513878164694,2176128,11,11,824793499697815325,824793499697815325
5,P,20260918,1805,6,measure,23,stride_1_double,131072,2097152,12801,3787178765022246953,2713257,11,11,15396081144520084480,15396081144520084480
5,P,20260918,1806,6,measure,24,random,131072,1048576,5042,2101967285247509754,1133001,11,11,12998528469555276287,12998528469555276287
5,P,20260918,1807,6,measure,25,stride_17,67108864,1048576,170039,2072549065386783463,8790895,11,11,16367881410363618641,16367881410363618641
5,P,20260918,1808,6,measure,26,random,4096,1048576,453,9238642772413003058,1088997,11,11,11640993777503292557,11640993777503292557
5,P,20260918,1809,6,measure,27,stride_1_double,49152,2097152,1441,16464390044463448371,2710317,11,11,15359631517395409990,15359631517395409990
5,P,20260918,1810,6,measure,28,stride_1_double,786432,2097152,81333,13023501058151867460,2776532,11,11,3567844662494252915,3567844662494252915
5,P,20260918,1811,6,measure,29,pair_same_line,12288,1048576,1389,13558413956639691650,1631438,11,11,11048552944717358587,11048552944717358587
5,P,20260918,1812,6,measure,30,stride_4097,50331648,1048576,1606861,10513782743400533773,7838134,11,11,15165264917772956113,15165264917772956113
5,P,20260918,1813,6,measure,31,random,16384,1048576,1453,5750175295131317077,1091594,11,11,12403270855909962467,12403270855909962467
5,P,20260918,1814,6,measure,32,stride_513,262144,1048576,4754,13642955250062648862,1409155,11,11,3252759155835688704,3252759155835688704
5,P,20260918,1815,6,measure,33,pair_same_line,50331648,1048576,44574,15239447519853057423,15123670,11,11,15655910293195909435,15655910293195909435
5,P,20260918,1816,6,measure,34,stride_1_double,4194304,2097152,167148,14544731257537496886,3625860,11,11,6365434431071571024,6365434431071571024
5,P,20260918,1817,6,measure,35,stride_4097,268435456,1048576,8519026,11973003961830259214,7517509,11,11,13305095386097182439,13305095386097182439
5,P,20260918,1818,6,measure,36,stride_513,131072,1048576,4066,11384325920780882924,1424172,11,11,16921412609114818048,16921412609114818048
5,P,20260918,1819,6,measure,37,stride_1_double,2097152,2097152,254253,2877930534155487873,2918132,11,11,10707406186907980360,10707406186907980360
5,P,20260918,1820,6,measure,38,stride_1_bis,134217728,1048576,5198720,10729684293293469535,2215950,11,11,14934038295596644716,14934038295596644716
5,P,20260918,1821,6,measure,39,stride_17,4096,1048576,275,16808272509064040838,1356276,11,11,8154595385843253248,8154595385843253248
5,P,20260918,1822,6,measure,40,random,1048576,1048576,103367,13970938650218324435,1379222,11,11,12788389119138592900,12788389119138592900
5,P,20260918,1823,6,measure,41,stride_513,24576,1048576,2830,2308826416700971247,1351221,11,11,1712612578793322496,1712612578793322496
5,P,20260918,1824,6,measure,42,stride_513,32768,1048576,1747,5257870142426516066,1355092,11,11,10598541984122395648,10598541984122395648
5,P,20260918,1825,6,measure,43,stride_1_double,201326592,2097152,20790286,14078340188461093248,4047526,11,11,12969982101733373733,12969982101733373733
5,P,20260918,1826,6,measure,44,stride_1_double,262144,2097152,25291,17624858450136755159,2767648,11,11,6505518311671377408,6505518311671377408
5,P,20260918,1827,6,measure,45,stride_1_double,1048576,2097152,71319,2925620690710845846,2711218,11,11,17594462461740979760,17594462461740979760
5,P,20260918,1828,6,measure,46,stride_4097,100663296,1048576,2103885,3310098714761264285,8413813,11,11,5529710194523049087,5529710194523049087
5,P,20260918,1829,6,measure,47,stride_1,33554432,1048576,4082850,10623901740854327695,2152742,11,11,8733228141439857598,8733228141439857598
5,P,20260918,1830,6,measure,48,stride_1,1048576,1048576,575,10592877956111468794,1478893,11,11,8797231230870489880,8797231230870489880
5,P,20260918,1831,6,measure,49,stride_513,786432,1048576,44450,12548327665890913086,1432354,11,11,13192199103146003808,13192199103146003808
5,P,20260918,1832,6,measure,50,pair_split_line,3145728,1048576,63054,5070332128966234708,3770761,11,11,9939151335293566980,9939151335293566980
5,P,20260918,1833,6,measure,51,stride_1,786432,1048576,77893,11943001432597362362,1358135,11,11,16059100707598464013,16059100707598464013
5,P,20260918,1834,6,measure,52,pair_split_line,6291456,1048576,422071,16615366715231541805,5485883,11,11,2840940952388277505,2840940952388277505
5,P,20260918,1835,6,measure,53,pair_same_line,67108864,1048576,6170338,3793051076985389686,16291673,11,11,2950258838887679537,2950258838887679537
5,P,20260918,1836,6,measure,54,stride_1_double,24576,2097152,585,3332253744385716485,2717522,11,11,6691408619364908686,6691408619364908686
5,P,20260918,1837,6,measure,55,stride_513,2097152,1048576,22473,1101771342547540622,1953380,11,11,14577075130308765988,14577075130308765988
5,P,20260918,1838,6,measure,56,stride_1,201326592,1048576,1703753,5989251589088611023,1994757,11,11,5033474316972353811,5033474316972353811
5,P,20260918,1839,6,measure,57,pair_split_line,16777216,1048576,92389,4826555731260808843,11342102,11,11,3154158604694341918,3154158604694341918
5,P,20260918,1840,6,measure,58,random,8388608,1048576,153907,17238015067571726714,3788419,11,11,1434123545270816675,1434123545270816675
5,P,20260918,1841,6,measure,59,pair_split_line,98304,1048576,3616,17581084802600509355,2178962,11,11,14788182898049258068,14788182898049258068
5,P,20260918,1842,6,measure,60,stride_1,16777216,1048576,1811001,876508258886572695,1446710,11,11,14279584842539333198,14279584842539333198
5,P,20260918,1843,6,measure,61,random,6144,1048576,610,14703549561090790105,1109647,11,11,8968755577838340482,8968755577838340482
5,P,20260918,1844,6,measure,62,pair_split_line,33554432,1048576,3070025,11351850661021603173,17828087,11,11,3412864266833532158,3412864266833532158
5,P,20260918,1845,6,measure,63,stride_17,65536,1048576,1987,1993239348188429980,1359807,11,11,16423878549329276288,16423878549329276288
5,P,20260918,1846,6,measure,64,stride_17,3145728,1048576,96937,16997232382681410313,2586476,11,11,6411126299200481875,6411126299200481875
5,P,20260918,1847,6,measure,65,stride_17,16384,1048576,773,10483458239408458959,1352659,11,11,9548053087369131008,9548053087369131008
5,P,20260918,1848,6,measure,66,stride_4097,6144,1048576,449,8397330498991235489,1355340,11,11,17975651249059420345,17975651249059420345
5,P,20260918,1849,6,measure,67,stride_4097,8192,1048576,1012,4930519626336950329,1354262,11,11,116592947459441664,116592947459441664
5,P,20260918,1850,6,measure,68,stride_1_bis,262144,1048576,24701,3127277531637504943,1353580,11,11,3252759155835688704,3252759155835688704
5,P,20260918,1851,6,measure,69,stride_1_double,134217728,2097152,7895398,8338291527948539506,4292123,11,11,7593280165710782948,7593280165710782948
5,P,20260918,1852,6,measure,70,stride_513,33554432,1048576,2423349,11010089596837173967,9557875,11,11,5876925862291315,5876925862291315
5,P,20260918,1853,6,measure,71,stride_1_bis,6144,1048576,105,12732848712064932169,1354744,11,11,17668951019188945814,17668951019188945814
5,P,20260918,1854,6,measure,72,pair_same_line,134217728,1048576,11857895,12461541570113482075,17799241,11,11,16391031037840080307,16391031037840080307
5,P,20260918,1855,6,measure,73,stride_1_double,50331648,2097152,1271760,12123457311953417302,4440945,11,11,7229687380190630679,7229687380190630679
5,P,20260918,1856,6,measure,74,pair_split_line,268435456,1048576,13324551,8672621280929917015,22764702,11,11,11102451644443564786,11102451644443564786
5,P,20260918,1857,6,measure,75,stride_513,4194304,1048576,394585,3807970120625392214,3302577,11,11,12406089252390561320,12406089252390561320
5,P,20260918,1858,6,measure,76,stride_17,786432,1048576,32246,12563073029046166910,1671525,11,11,5999634472821827227,5999634472821827227
5,P,20260918,1859,6,measure,77,pair_same_line,65536,1048576,7330,17162351585104761388,1910354,11,11,4946864641147839767,4946864641147839767
5,P,20260918,1860,6,measure,78,pair_split_line,786432,1048576,29422,3718816297733177430,2671241,11,11,10714474397501930833,10714474397501930833
5,P,20260918,1861,6,measure,79,stride_17,33554432,1048576,2033219,5826022411712802301,8134007,11,11,3010372438809586665,3010372438809586665
5,P,20260918,1862,6,measure,80,stride_4097,131072,1048576,1011,11486983763184226140,1614749,11,11,16921412609114818048,16921412609114818048
5,P,20260918,1863,6,measure,81,pair_same_line,33554432,1048576,825530,3347654971171869269,14267283,11,11,11345025077074673026,11345025077074673026
5,P,20260918,1864,6,measure,82,stride_1_bis,33554432,1048576,2394972,774162701748938411,2275408,11,11,4839252420844545218,4839252420844545218
5,P,20260918,1865,6,measure,83,stride_1_bis,4194304,1048576,308029,17236657683802486972,2050938,11,11,12406089252390561320,12406089252390561320
5,P,20260918,1866,6,measure,84,stride_17,201326592,1048576,15085505,15353753158554472466,9823791,11,11,9699833125714041605,9699833125714041605
5,P,20260918,1867,6,measure,85,pair_same_line,8192,1048576,342,9122527095190759225,2043589,11,11,1435399313368278725,1435399313368278725
5,P,20260918,1868,6,measure,86,stride_1,100663296,1048576,2050021,5775205097456717621,2300248,11,11,10416472709933038619,10416472709933038619
5,P,20260918,1869,6,measure,87,pair_split_line,8192,1048576,553,11521431137745244550,2187368,11,11,4071004919271194591,4071004919271194591
5,P,20260918,1870,6,measure,88,stride_17,32768,1048576,588,9861150336559736321,1528584,11,11,10598541984122395648,10598541984122395648
5,P,20260918,1871,6,measure,89,stride_1_double,33554432,2097152,2864392,12634547698246329856,4521468,11,11,8295166064846268114,8295166064846268114
5,P,20260918,1872,6,measure,90,stride_1,6144,1048576,291,4338680983379577456,1355724,11,11,15867987601945234035,15867987601945234035
5,P,20260918,1873,6,measure,91,pair_same_line,4194304,1048576,72373,11167827204480191198,4428924,11,11,13615033443819060860,13615033443819060860
5,P,20260918,1874,6,measure,92,stride_513,16384,1048576,1112,15178453509767608602,1461517,11,11,9548053087369131008,9548053087369131008
5,P,20260918,1875,6,measure,93,pair_same_line,49152,1048576,2699,9938685933658867146,1627075,11,11,16745858537654444188,16745858537654444188
5,P,20260918,1876,6,measure,94,stride_513,3145728,1048576,324057,9156944293430152287,1513697,11,11,11181227820694052192,11181227820694052192
5,P,20260918,1877,6,measure,95,stride_1_bis,25165824,1048576,2510073,15459882184446694582,2127876,11,11,2957200840233697389,2957200840233697389
5,P,20260918,1878,6,measure,96,stride_4097,32768,1048576,1351,3410724500832628134,1356118,11,11,10598541984122395648,10598541984122395648
5,P,20260918,1879,6,measure,97,stride_1,50331648,1048576,835979,3987384369716704408,2043751,11,11,4426770635732389154,4426770635732389154
5,P,20260918,1880,6,measure,98,stride_513,8388608,1048576,617634,14510024864194785225,2614506,11,11,18303280461608560459,18303280461608560459
5,P,20260918,1881,6,measure,99,stride_1_double,16384,2097152,449,8681413728175938125,2714769,11,11,649362101028710400,649362101028710400
5,P,20260918,1882,6,measure,100,stride_17,524288,1048576,20767,15797978967281563627,1390349,11,11,10061883979847375520,10061883979847375520
5,P,20260918,1883,6,measure,101,stride_1_bis,8192,1048576,130,2172589741527726058,1362122,11,11,116592947459441664,116592947459441664
5,P,20260918,1884,6,measure,102,pair_same_line,393216,1048576,26820,8821752648150225130,1830150,11,11,4383573071401430707,4383573071401430707
5,P,20260918,1885,6,measure,103,random,134217728,1048576,2394590,3437039422247975587,15938266,11,11,8894316414206997038,8894316414206997038
5,P,20260918,1886,6,measure,104,stride_1_bis,393216,1048576,416,13528538149475913863,1386381,11,11,2341236099468422588,2341236099468422588
5,P,20260918,1887,6,measure,105,stride_1_bis,524288,1048576,8029,18000146000719858667,1364397,11,11,10061883979847375520,10061883979847375520
5,P,20260918,1888,6,measure,106,stride_17,8388608,1048576,358704,12301163834651529798,3561989,11,11,18303280461608560459,18303280461608560459
5,P,20260918,1889,6,measure,107,stride_17,25165824,1048576,1385076,6795100217320726631,6584724,11,11,4014316283564813129,4014316283564813129
5,P,20260918,1890,6,measure,108,stride_17,49152,1048576,5272,15835439960160745588,1371431,11,11,9449093933191536130,9449093933191536130
5,P,20260918,1891,6,measure,109,stride_4097,134217728,1048576,1268694,13835028671029705858,6903367,11,11,3492344974192763915,3492344974192763915
5,P,20260918,1892,6,measure,110,pair_split_line,524288,1048576,30598,17895934773846931889,2558892,11,11,15541258712544904820,15541258712544904820
5,P,20260918,1893,6,measure,111,pair_split_line,32768,1048576,88,2367871769051874109,1886478,11,11,10253476055839179267,10253476055839179267
5,P,20260918,1894,6,measure,112,stride_17,134217728,1048576,10631262,975804910633726430,8441077,11,11,17889685137527087802,17889685137527087802
5,P,20260918,1895,6,measure,113,stride_1,32768,1048576,280,10023733968782921245,1356430,11,11,10598541984122395648,10598541984122395648
5,P,20260918,1896,6,measure,114,random,262144,1048576,12363,3063246758077094806,1151621,11,11,13068902423875937898,13068902423875937898
5,P,20260918,1897,6,measure,115,stride_17,98304,1048576,7413,2561223979191633085,1358781,11,11,13639548310868971321,13639548310868971321
5,P,20260918,1898,6,measure,116,pair_same_line,131072,1048576,6912,16528111323008157853,1794973,11,11,4230927380183397455,4230927380183397455
5,P,20260918,1899,6,measure,117,stride_513,50331648,1048576,1589535,10922733020144625572,12673125,11,11,6971383540808167055,6971383540808167055
5,P,20260918,1900,6,measure,118,stride_1,262144,1048576,31537,6695534648530673247,1450166,11,11,3252759155835688704,3252759155835688704
5,P,20260918,1901,6,measure,119,stride_4097,6291456,1048576,346148,16754549372018478673,3070918,11,11,16382117511740679687,16382117511740679687
5,P,20260918,1902,6,measure,120,stride_17,6291456,1048576,733969,1042977767979574602,3306470,11,11,13887304679868101136,13887304679868101136
5,P,20260918,1903,6,measure,121,stride_513,134217728,1048576,14217649,8838634163397055238,11548764,11,11,11139442329581584321,11139442329581584321
5,P,20260918,1904,6,measure,122,stride_1_double,268435456,2097152,32755391,4392898186066529386,4723100,11,11,9424637196262360178,9424637196262360178
5,P,20260918,1905,6,measure,123,stride_17,196608,1048576,23273,10574705500949854027,1418831,11,11,2513286815223201820,2513286815223201820
5,P,20260918,1906,6,measure,124,stride_1_bis,4096,1048576,331,7437178971718077364,1358622,11,11,8154595385843253248,8154595385843253248
5,P,20260918,1907,6,measure,125,stride_1,131072,1048576,8937,14266462890645682734,1352074,11,11,16921412609114818048,16921412609114818048
5,P,20260918,1908,6,measure,126,stride_1,67108864,1048576,6853098,1220718809625629617,1836852,11,11,9533350666004480750,9533350666004480750
5,P,20260918,1909,6,measure,127,stride_1_bis,131072,1048576,6527,11787036360203533050,1357026,11,11,16921412609114818048,16921412609114818048
5,P,20260918,1910,6,measure,128,pair_same_line,196608,1048576,1701,7029868874713354207,1814056,11,11,17597697599610031403,17597697599610031403
5,P,20260918,1911,6,measure,129,random,4194304,1048576,329525,15795033072584907046,3674491,11,11,3525795561995494188,3525795561995494188
5,P,20260918,1912,6,measure,130,stride_4097,393216,1048576,26952,8342200284993562739,1382467,11,11,2300370246467251160,2300370246467251160
5,P,20260918,1913,6,measure,131,random,196608,1048576,12128,13963642033399993471,1121060,11,11,11409997533730082596,11409997533730082596
5,P,20260918,1914,6,measure,132,pair_split_line,65536,1048576,4049,9913646678423160514,2019102,11,11,10898104199610581548,10898104199610581548
5,P,20260918,1915,6,measure,133,stride_1,12288,1048576,1264,17306592174326942458,1354648,11,11,17518351281078425023,17518351281078425023
5,P,20260918,1916,6,measure,134,stride_513,25165824,1048576,744995,6631453587303530989,9380965,11,11,11886943178879158261,11886943178879158261
5,P,20260918,1917,6,measure,135,stride_17,268435456,1048576,20817951,12024457191817185184,8614851,11,11,14975771372143771480,14975771372143771480
5,P,20260918,1918,6,measure,136,pair_same_line,268435456,1048576,1382550,3702390121637741695,18105757,11,11,15555165008176175870,15555165008176175870
5,P,20260918,1919,6,measure,137,random,65536,1048576,1950,15919770759321711316,1386820,11,11,3921609203790837103,3921609203790837103
5,P,20260918,1920,6,measure,138,random,25165824,1048576,3022990,8964989960032055186,13549589,11,11,1301902446072775014,1301902446072775014
5,P,20260918,1921,6,measure,139,stride_1_bis,268435456,1048576,18767026,18305340444104791574,2564953,11,11,6889230692076484406,6889230692076484406
5,P,20260918,1922,6,measure,140,pair_same_line,786432,1048576,81602,15489197820471334500,2739883,11,11,10878660806652806742,10878660806652806742
5,P,20260918,1923,6,measure,141,pair_same_line,3145728,1048576,130002,7040411237034031233,3704277,11,11,9108362168569447867,9108362168569447867
5,P,20260918,1924,6,measure,142,stride_4097,67108864,1048576,4766107,11694712651605272675,7301801,11,11,16923337746927363585,16923337746927363585
5,P,20260918,1925,6,measure,143,stride_17,1048576,1048576,37229,5458434915216735776,1763762,11,11,8797231230870489880,8797231230870489880
5,P,20260918,1926,6,measure,144,pair_same_line,2097152,1048576,224898,16513925133910201643,2976302,11,11,2208302717546690230,2208302717546690230
5,P,20260918,1927,6,measure,145,stride_4097,4194304,1048576,84963,8395313055136072257,2010232,11,11,12406089252390561320,12406089252390561320
5,P,20260918,1928,6,measure,146,stride_1_bis,32768,1048576,3750,11432005513719347858,1546169,11,11,10598541984122395648,10598541984122395648
5,P,20260918,1929,6,measure,147,stride_1,8388608,1048576,915866,15657090695716489144,1958931,11,11,18303280461608560459,18303280461608560459
5,P,20260918,1930,6,measure,148,random,201326592,1048576,10842779,12206102889307109890,17439070,11,11,8278349680413855482,8278349680413855482
5,P,20260918,1931,6,measure,149,stride_1,196608,1048576,19198,9872687886297534661,1791508,11,11,13528302275330629617,13528302275330629617
5,P,20260918,1932,6,measure,150,stride_513,1048576,1048576,55570,5558196593146138856,1967204,11,11,8797231230870489880,8797231230870489880
5,P,20260918,1933,6,measure,151,stride_4097,786432,1048576,11713,13457787604840393276,1780657,11,11,6589625967132746430,6589625967132746430
5,P,20260918,1934,6,measure,152,stride_4097,3145728,1048576,96346,4695494447348668231,2087524,11,11,14908078131441778482,14908078131441778482
5,P,20260918,1935,6,measure,153,stride_4097,4096,1048576,260,5253476503364383201,1544062,11,11,8154595385843253248,8154595385843253248
5,P,20260918,1936,6,measure,154,pair_same_line,6144,1048576,256,7975885531665103279,1784727,11,11,17358342353531875951,17358342353531875951
5,P,20260918,1937,6,measure,155,stride_1_bis,100663296,1048576,3514488,9336461275546787874,1931105,11,11,2367917529297847209,2367917529297847209
5,P,20260918,1938,6,measure,156,stride_513,1572864,1048576,18966,5467299320230932941,1489901,11,11,15346159349426821392,15346159349426821392
5,P,20260918,1939,6,measure,157,pair_split_line,49152,1048576,3640,11786888491388384149,1981972,11,11,11428082929309088852,11428082929309088852
5,P,20260918,1940,6,measure,158,stride_1_bis,2097152,1048576,29898,16386352101568063737,1363739,11,11,14577075130308765988,14577075130308765988
5,P,20260918,1941,6,measure,159,stride_1_bis,50331648,1048576,5256149,12519414057007818415,2253509,11,11,9644521106803793264,9644521106803793264
5,P,20260918,1942,6,measure,160,stride_1_bis,6291456,1048576,164155,987537470939419759,1627427,11,11,14480982456892583843,14480982456892583843
5,P,20260918,1943,6,measure,161,stride_1_bis,8388608,1048576,378704,282699907948699180,1770746,11,11,18303280461608560459,18303280461608560459
5,P,20260918,1944,6,measure,162,pair_same_line,32768,1048576,2479,3628130076180392299,1629555,11,11,15237036141642803997,15237036141642803997
5,P,20260918,1945,6,measure,163,pair_same_line,524288,1048576,25710,14535115722240971079,1919658,11,11,13400513562376652122,13400513562376652122
5,P,20260918,1946,6,measure,164,stride_17,6144,1048576,645,10398514980649735282,1351311,11,11,12864717371325334193,12864717371325334193
5,P,20260918,1947,6,measure,165,stride_17,8192,1048576,870,4291662218203343628,1353669,11,11,116592947459441664,116592947459441664
5,P,20260918,1948,6,measure,166,stride_1_double,8192,2097152,375,5589412890927131642,2705278,11,11,233185894918883328,233185894918883328
5,P,20260918,1949,6,measure,167,stride_1_bis,3145728,1048576,85618,10131234443438610432,1416490,11,11,8756677600706370808,8756677600706370808
5,P,20260918,1950,6,measure,168,stride_513,524288,1048576,13258,985132575430162715,1464204,11,11,10061883979847375520,10061883979847375520
5,P,20260918,1951,6,measure,169,stride_1_double,393216,2097152,45650,16510357719239549626,2706270,11,11,268793063632401068,268793063632401068
5,P,20260918,1952,6,measure,170,pair_same_line,16384,1048576,1031,1025257756477808382,1626081,11,11,12385094019101316663,12385094019101316663
5,P,20260918,1953,6,measure,171,stride_1_bis,201326592,1048576,12412031,11935235687086051404,1749915,11,11,11110484049278087945,11110484049278087945
5,P,20260918,1954,6,measure,172,stride_1,12582912,1048576,501364,6046104840217888392,1731159,11,11,2634124230862486293,2634124230862486293
5,P,20260918,1955,6,measure,173,pair_same_line,201326592,1048576,8315486,13125245592668530292,18551104,11,11,15412095793966279232,15412095793966279232
5,P,20260918,1956,6,measure,174,stride_17,100663296,1048576,5967813,11337056678286942592,8790137,11,11,4538912858824455268,4538912858824455268
5,P,20260918,1957,6,measure,175,random,393216,1048576,20292,1076034462500569671,1197938,11,11,16667330140666187247,16667330140666187247
5,P,20260918,1958,6,measure,176,stride_1_bis,16384,1048576,1218,12065522829044561621,1417788,11,11,9548053087369131008,9548053087369131008
5,P,20260918,1959,6,measure,177,stride_513,6144,1048576,767,16791213511874004480,1390762,11,11,9261835561974562816,9261835561974562816
5,P,20260918,1960,6,measure,178,pair_same_line,25165824,1048576,2676313,12780177043104785861,19091319,11,11,11794092029526247952,11794092029526247952
5,P,20260918,1961,6,measure,179,stride_17,12582912,1048576,163299,14428901408040759854,6807192,11,11,2058126929103486579,2058126929103486579
5,P,20260918,1962,6,measure,180,random,16777216,1048576,722581,15001931763561178588,11831237,11,11,17233303874617304996,17233303874617304996
5,P,20260918,1963,6,measure,181,stride_1_double,524288,2097152,39579,3353958045821258254,3423927,11,11,1677023885985199424,1677023885985199424
5,P,20260918,1964,6,measure,182,stride_1_double,65536,2097152,3879,2735917862466945488,3260834,11,11,14401013024949000960,14401013024949000960
5,P,20260918,1965,6,measure,183,stride_1,65536,1048576,6012,7557859888804162494,1545442,11,11,16423878549329276288,16423878549329276288
5,P,20260918,1966,6,measure,184,stride_513,12288,1048576,273,6550355726073715738,1513217,11,11,5992043729455024128,5992043729455024128
5,P,20260918,1967,6,measure,185,stride_4097,196608,1048576,18515,5045725675140285843,1498868,11,11,1187577617889890009,1187577617889890009
5,P,20260918,1968,6,measure,186,stride_1_double,1572864,2097152,148238,18038812885674427520,2857412,11,11,27193994701075973,27193994701075973
5,P,20260918,1969,6,measure,187,stride_1,3145728,1048576,226101,13162633809420703035,1474740,11,11,9707851281222900692,9707851281222900692
5,P,20260918,1970,6,measure,188,stride_1_double,196608,2097152,8635,5406804906411302968,2709075,11,11,1440976527900592820,1440976527900592820
5,P,20260918,1971,6,measure,189,stride_1_double,100663296,2097152,3725689,4043617181780215248,3724917,11,11,843990791201107909,843990791201107909
5,P,20260918,1972,6,measure,190,stride_17,262144,1048576,4659,17936390406731113329,1364399,11,11,3252759155835688704,3252759155835688704
5,P,20260918,1973,6,measure,191,pair_same_line,16777216,1048576,1088875,18129389015288073338,14693308,11,11,5123525352188823,5123525352188823
5,P,20260918,1974,6,measure,192,random,3145728,1048576,14036,9775518044669779741,2754929,11,11,17740036037664741332,17740036037664741332
5,P,20260918,1975,6,measure,193,stride_4097,524288,1048576,38978,16377910808880863006,1426142,11,11,10061883979847375520,10061883979847375520
5,P,20260918,1976,6,measure,194,stride_17,24576,1048576,2287,17791005443396081150,1355092,11,11,8010929930332497007,8010929930332497007
5,P,20260918,1977,6,measure,195,stride_17,131072,1048576,510,2194231253013885616,1358619,11,11,16921412609114818048,16921412609114818048
5,P,20260918,1978,6,measure,196,stride_1_bis,49152,1048576,4219,11717266270195625488,1358113,11,11,3997397243932043948,3997397243932043948
5,P,20260918,1979,6,measure,197,pair_split_line,6144,1048576,71,353320815895315016,1903411,11,11,14342944010496040279,14342944010496040279
5,P,20260918,1980,6,measure,198,pair_same_line,12582912,1048576,1296035,12886417820063058560,11935660,11,11,11652328839883687005,11652328839883687005
5,P,20260918,1981,6,measure,199,random,50331648,1048576,826603,8189019918948709430,14785169,11,11,4804377452086225081,4804377452086225081
5,P,20260918,1982,6,measure,200,stride_513,268435456,1048576,23133156,4745423895969766119,13765800,11,11,9565857516314291819,9565857516314291819
5,P,20260918,1983,6,measure,201,pair_split_line,131072,1048576,5550,8370363686374294566,3060286,11,11,18085523784721385169,18085523784721385169
5,P,20260918,1984,6,measure,202,pair_split_line,25165824,1048576,97866,16710832861085566327,17575224,11,11,17853035401939168911,17853035401939168911
5,P,20260918,1985,6,measure,203,stride_513,4096,1048576,272,5458220802074373467,2003477,11,11,8154595385843253248,8154595385843253248
5,P,20260918,1986,6,measure,204,random,12288,1048576,1034,1906690439299386851,1618395,11,11,14574261922100258604,14574261922100258604
5,P,20260918,1987,6,measure,205,stride_1_double,4096,2097152,29,16385216434035805977,3548914,11,11,16309190771686506496,16309190771686506496
5,P,20260918,1988,6,measure,206,stride_1_bis,98304,1048576,473,13870302084978050715,1695497,11,11,17047459648580480489,17047459648580480489
5,P,20260918,1989,6,measure,207,stride_17,1572864,1048576,22265,4547800045284566745,1854579,11,11,112352259572147007,112352259572147007
5,P,20260918,1990,6,measure,208,pair_split_line,393216,1048576,1603,6781608785938805015,2868351,11,11,1005345144930205226,1005345144930205226
5,P,20260918,1991,6,measure,209,stride_1,134217728,1048576,5170779,15744754940642618233,2315086,11,11,338527478813131975,338527478813131975
5,P,20260918,1992,6,measure,210,stride_4097,262144,1048576,15148,11936877531767653070,1495442,11,11,3252759155835688704,3252759155835688704
5,P,20260918,1993,6,measure,211,stride_4097,33554432,1048576,305145,17248286344797567494,7075911,11,11,10106816174184274838,10106816174184274838
5,P,20260918,1994,6,measure,212,stride_4097,65536,1048576,2886,15155654915236983028,1550379,11,11,16423878549329276288,16423878549329276288
5,P,20260918,1995,6,measure,213,stride_4097,49152,1048576,2664,13986905408453867802,1470308,11,11,12674690817618933589,12674690817618933589
5,P,20260918,1996,6,measure,214,random,6291456,1048576,283001,1993543101906718701,7109079,11,11,9134319903846859468,9134319903846859468
5,P,20260918,1997,6,measure,215,random,49152,1048576,4146,17338927273053289226,1186884,11,11,10119097593745913827,10119097593745913827
5,P,20260918,1998,6,measure,216,pair_split_line,8388608,1048576,776070,18293138408379290358,6670534,11,11,6703420380249798886,6703420380249798886
5,P,20260918,1999,6,measure,217,stride_1,25165824,1048576,859080,15253990776333597099,2094177,11,11,16533343614074671650,16533343614074671650
5,P,20260918,2000,6,measure,218,random,786432,1048576,28837,5559183757096879321,1272550,11,11,3088685822483129976,3088685822483129976
5,P,20260918,2001,6,measure,219,stride_4097,2097152,1048576,67744,9372336380058452370,1563356,11,11,14577075130308765988,14577075130308765988
5,P,20260918,2002,6,measure,220,stride_1_double,12288,2097152,985,17690178176048272063,2823938,11,11,531310507806475773,531310507806475773
5,P,20260918,2003,6,measure,221,stride_1_double,67108864,2097152,7500722,10220947716741963636,3575986,11,11,15252908046467354961,15252908046467354961
5,P,20260918,2004,6,measure,222,stride_4097,25165824,1048576,201873,1394076272966416844,7825762,11,11,18122289072919486388,18122289072919486388
5,P,20260918,2005,6,measure,223,pair_split_line,201326592,1048576,3242456,13975025284014991925,20533115,11,11,10446988690399982395,10446988690399982395
5,P,20260918,2006,6,measure,224,random,67108864,1048576,8306006,14619778646579329526,14808411,11,11,14825076472797352807,14825076472797352807
5,P,20260918,2007,6,measure,225,stride_1,98304,1048576,7559,14304856648752571890,1917111,11,11,13474902797735637416,13474902797735637416
5,P,20260918,2008,6,measure,226,stride_513,16777216,1048576,1912570,12159333216578533269,11040028,11,11,17478004014469966789,17478004014469966789
5,P,20260918,2009,6,measure,227,stride_17,4194304,1048576,266127,7786257855515821106,4830540,11,11,12406089252390561320,12406089252390561320
5,P,20260918,2010,6,measure,228,stride_4097,16384,1048576,717,7665643094577363805,1710939,11,11,9548053087369131008,9548053087369131008
5,P,20260918,2011,6,measure,229,random,98304,1048576,40,11600179919298579760,1406119,11,11,13646530421036909935,13646530421036909935
5,P,20260918,2012,6,measure,230,stride_1_bis,196608,1048576,23382,3613430120617439938,1701288,11,11,4324877144241078132,4324877144241078132
5,P,20260918,2013,6,measure,231,stride_1,268435456,1048576,2580256,1247249392353246089,2255300,11,11,5975177014618609633,5975177014618609633
5,P,20260918,2014,6,measure,232,pair_split_line,1048576,1048576,92820,3718163803567244131,3193963,11,11,11749316403764095349,11749316403764095349
5,P,20260918,2015,6,measure,233,random,32768,1048576,1807,12998583771634028882,1267609,11,11,334239430920477965,334239430920477965
5,P,20260918,2016,6,measure,234,pair_split_line,4096,1048576,28,1703160872523409895,2077523,11,11,10664177063887702775,10664177063887702775
5,P,20260918,2017,6,measure,235,stride_1_bis,1048576,1048576,85504,7585510974105738281,1444221,11,11,8797231230870489880,8797231230870489880
5,P,20260918,2018,6,measure,236,random,8192,1048576,541,5392456610704792524,1128413,11,11,14641330384422925414,14641330384422925414
5,P,20260918,2019,6,measure,237,stride_1_double,12582912,2097152,1205800,7485982002334885650,3747190,11,11,4003077179754227764,4003077179754227764
5,P,20260918,2020,6,measure,238,stride_1_double,3145728,2097152,372566,16179923765025829243,2719262,11,11,603215966759937817,603215966759937817
5,P,20260918,2021,6,measure,239,random,1572864,1048576,15790,2893533191264924464,1409561,11,11,13360319763989819047,13360319763989819047
5,P,20260918,2022,6,measure,240,stride_4097,16777216,1048576,2060047,10396446723990183093,5980388,11,11,9707350848558057324,9707350848558057324
5,P,20260918,2023,6,measure,241,stride_513,393216,1048576,29798,15833287187907044279,1424311,11,11,14269622657413644288,14269622657413644288
5,P,20260918,2024,6,measure,242,pair_same_line,262144,1048576,3418,12255718748128831965,1822462,11,11,12303423682374873009,12303423682374873009
5,P,20260918,2025,6,measure,243,random,100663296,1048576,6457870,15380496796625283815,15753190,11,11,7469666268240088344,7469666268240088344
5,P,20260918,2026,6,measure,244,random,33554432,1048576,1255952,1577195512383050000,13367740,11,11,10268875932448668772,10268875932448668772
5,P,20260918,2027,6,measure,245,pair_same_line,6291456,1048576,479252,9067196423972513443,8610572,11,11,13498052836430936971,13498052836430936971
5,P,20260918,2028,6,measure,246,random,2097152,1048576,7764,10246188582002606709,2138246,11,11,15281144110374534252,15281144110374534252
5,P,20260918,2029,6,measure,247,stride_1_double,25165824,2097152,2769355,15069555816979757385,4366646,11,11,3585421717208179560,3585421717208179560
5,P,20260918,2030,6,measure,248,stride_1,524288,1048576,9588,14351353974390627562,1561945,11,11,10061883979847375520,10061883979847375520
5,P,20260918,2031,6,measure,249,stride_17,50331648,1048576,5093316,8083058084040694799,8373596,11,11,12531479721953679617,12531479721953679617
5,P,20260918,2032,6,measure,250,pair_split_line,67108864,1048576,3427227,12226569003872884306,21116491,11,11,2174049611082945053,2174049611082945053
5,P,20260918,2033,6,measure,251,random,524288,1048576,3356,14097781850490238904,2054128,11,11,12679949413791983315,12679949413791983315
5,P,20260918,2034,6,measure,252,stride_513,49152,1048576,5433,4742593647551150208,2002013,11,11,9764209366394647040,9764209366394647040
5,P,20260918,2035,6,measure,253,stride_1_bis,65536,1048576,4327,4264090956513936528,1750437,11,11,16423878549329276288,16423878549329276288
5,P,20260918,2036,6,measure,254,pair_split_line,12582912,1048576,635553,11097667083562051688,10929128,11,11,6228069317440945104,6228069317440945104
5,P,20260918,2037,6,measure,255,stride_1,4194304,1048576,183341,13017137637289408368,1718221,11,11,12406089252390561320,12406089252390561320
5,P,20260918,2038,6,measure,256,stride_513,6291456,1048576,226458,1388964125924217917,1849769,11,11,2329185465026963428,2329185465026963428
5,P,20260918,2039,6,measure,257,stride_1,8192,1048576,83,14514816795786994241,1542286,11,11,116592947459441664,116592947459441664
5,P,20260918,2040,6,measure,258,stride_1_double,98304,2097152,6347,4346784645779471649,2918779,11,11,14024153974808500186,14024153974808500186
5,P,20260918,2041,6,measure,259,pair_same_line,98304,1048576,9500,13525446058037232314,1804372,11,11,16687002104703482501,16687002104703482501
5,P,20260918,2042,6,measure,260,stride_4097,12288,1048576,1299,6151097542211812564,1351183,11,11,6024596181901317580,6024596181901317580
5,P,20260918,2043,6,measure,261,pair_split_line,100663296,1048576,3611245,18139269072802699532,24859610,11,11,10224414207640858615,10224414207640858615
5,P,20260918,2044,6,measure,262,random,12582912,1048576,852898,7324102961601220468,12408614,11,11,2229129646263517465,2229129646263517465
5,P,20260918,2045,6,measure,263,pair_same_line,100663296,1048576,3311321,312781798149745995,20092862,11,11,1990929537580989796,1990929537580989796
5,P,20260918,2046,6,measure,264,stride_1,24576,1048576,2547,12301623464915859914,2354491,11,11,11569246829347919255,11569246829347919255
5,P,20260918,2047,6,measure,265,pair_split_line,2097152,1048576,83204,52628278153080251,4796857,11,11,10539566013339797108,10539566013339797108
5,P,20260918,2048,6,measure,266,pair_same_line,4096,1048576,473,5841690037426988633,2036501,11,11,16236362849089863434,16236362849089863434
5,P,20260918,2049,6,measure,267,stride_513,67108864,1048576,3350012,13062866337765100915,13108515,11,11,7817958717570362011,7817958717570362011
5,P,20260918,2050,6,measure,268,stride_1_double,6291456,2097152,507752,17801668967916997183,4922928,11,11,16375842824765343315,16375842824765343315
5,P,20260918,2051,6,measure,269,stride_513,98304,1048576,2807,15777390981397468371,1762008,11,11,16959111087276692480,16959111087276692480
5,P,20260918,2052,6,measure,270,stride_513,12582912,1048576,1556071,10596602483874222277,7126806,11,11,4963127596952158292,4963127596952158292
5,P,20260918,2053,6,measure,271,pair_split_line,4194304,1048576,47686,4431325226415373344,5983220,11,11,7977398507899066600,7977398507899066600
5,P,20260918,2054,6,measure,272,pair_split_line,16384,1048576,1410,17590166654730831835,2361351,11,11,15062182300663084599,15062182300663084599
5,P,20260918,2055,6,measure,273,stride_1_double,8388608,2097152,35887,15333598830624644895,3857830,11,11,18159816849507569302,18159816849507569302
5,P,20260918,2056,6,measure,274,stride_1,1572864,1048576,20852,16675997687956960196,1590029,11,11,5196600425778590504,5196600425778590504
5,P,20260918,2057,6,measure,275,stride_1_bis,786432,1048576,31508,7784225854798998157,1492195,11,11,8853890603095626609,8853890603095626609
5,P,20260918,2058,6,measure,276,stride_1_bis,12582912,1048576,1362953,9879769586476704706,1666999,11,11,11205125977384099014,11205125977384099014
5,P,20260918,2059,6,measure,277,pair_split_line,196608,1048576,23665,15332696786259930119,2349562,11,11,1393429106343018475,1393429106343018475
5,P,20260918,2060,6,measure,278,stride_1_bis,16777216,1048576,566219,17049292610465463118,1685517,11,11,4616112610621220942,4616112610621220942
5,P,20260918,2061,6,measure,279,stride_513,65536,1048576,508,692011097226440418,1418077,11,11,16423878549329276288,16423878549329276288
5,P,20260918,2062,6,measure,280,pair_same_line,1572864,1048576,180928,6105854696805288606,2300978,11,11,14241088202381252078,14241088202381252078
5,P,20260918,2063,6,measure,281,stride_4097,1048576,1048576,22010,8430962379779669083,1453747,11,11,8797231230870489880,8797231230870489880
5,P,20260918,2064,6,measure,282,random,268435456,1048576,10670629,10853870005937920380,17079583,11,11,15070399873777932907,15070399873777932907
5,P,20260918,2065,6,measure,283,stride_4097,201326592,1048576,19227289,2406080820373851933,9232408,11,11,7848955236011837979,7848955236011837979
5,P,20260918,2066,6,measure,284,stride_1,393216,1048576,22791,15033962794400962217,1727044,11,11,7442791056650867644,7442791056650867644
5,P,20260918,2067,6,measure,285,pair_split_line,134217728,1048576,2593787,14157651595941141782,26614955,11,11,3888734170869642982,3888734170869642982
5,P,20260918,2068,6,measure,286,stride_1_bis,1572864,1048576,102241,127038959166009664,2285854,11,11,16760890740773598831,16760890740773598831
5,P,20260918,2069,6,measure,287,pair_same_line,24576,1048576,2152,6334269571784842469,2242800,11,11,18356906086159873906,18356906086159873906
5,P,20260918,2070,6,measure,288,stride_513,201326592,1048576,2288468,9620992760301971212,15364061,11,11,8846921718449017843,8846921718449017843
5,P,20260918,2071,6,measure,289,pair_split_line,24576,1048576,405,2264504344893480087,3162642,11,11,14927359221003969482,14927359221003969482
5,P,20260918,2072,6,measure,290,stride_4097,8388608,1048576,390619,9806604716327323655,4738196,11,11,18303280461608560459,18303280461608560459
5,P,20260918,2073,6,measure,291,stride_513,100663296,1048576,8506464,332102685143784755,14636054,11,11,10668255263402152607,10668255263402152607
5,P,20260918,2074,6,measure,292,stride_1_bis,24576,1048576,334,908760025301903648,2618274,11,11,10951479940349056323,10951479940349056323
5,P,20260918,2075,6,measure,293,stride_17,12288,1048576,183,12906402567810492423,2165319,11,11,762279140315094511,762279140315094511
5,P,20260918,2076,6,measure,294,stride_1,2097152,1048576,175227,13694015822616546857,1837621,11,11,14577075130308765988,14577075130308765988
5,P,20260918,2077,6,measure,295,pair_split_line,1572864,1048576,153967,8597881286424366934,3367357,11,11,12300698598584730420,12300698598584730420
5,P,20260918,2078,6,measure,296,pair_split_line,50331648,1048576,5622826,3503070176263487117,23007766,11,11,14024761420169977461,14024761420169977461
5,P,20260918,2079,7,measure,0,stride_4097,262144,1048576,3463,4788899633565311915,2587452,11,11,3252759155835688704,3252759155835688704
5,P,20260918,2080,7,measure,1,pair_split_line,49152,1048576,3549,13559337982280407005,2455156,11,11,6437766046581671027,6437766046581671027
5,P,20260918,2081,7,measure,2,pair_split_line,32768,1048576,3039,14392985526224937372,2351351,11,11,13656664115889558903,13656664115889558903
5,P,20260918,2082,7,measure,3,stride_513,4194304,1048576,494123,6448181264241083412,3734009,11,11,12406089252390561320,12406089252390561320
5,P,20260918,2083,7,measure,4,stride_1_bis,1048576,1048576,50444,5066209203164152974,2016624,11,11,8797231230870489880,8797231230870489880
5,P,20260918,2084,7,measure,5,stride_1_bis,33554432,1048576,781872,17184550338418733486,2357409,11,11,15316688636372494813,15316688636372494813
5,P,20260918,2085,7,measure,6,stride_4097,524288,1048576,6771,7177301803587244686,1785016,11,11,10061883979847375520,10061883979847375520
5,P,20260918,2086,7,measure,7,pair_same_line,6144,1048576,732,5763954017516362628,2038357,11,11,13725850625591863545,13725850625591863545
5,P,20260918,2087,7,measure,8,stride_17,3145728,1048576,388703,9759588594833650707,2893609,11,11,4339062058644175994,4339062058644175994
5,P,20260918,2088,7,measure,9,random,49152,1048576,1189,5138491470001685478,1299999,11,11,8433665900948180926,8433665900948180926
5,P,20260918,2089,7,measure,10,stride_1,393216,1048576,47198,3485583859198985053,1565967,11,11,3178671056677664744,3178671056677664744
5,P,20260918,2090,7,measure,11,stride_1,98304,1048576,7165,15517660430754279600,1491862,11,11,3668838576654464876,3668838576654464876
5,P,20260918,2091,7,measure,12,random,4194304,1048576,51426,10030586758921433066,2084733,11,11,15716172793315316752,15716172793315316752
5,P,20260918,2092,7,measure,13,random,67108864,1048576,2338048,1728388935089215981,14481325,11,11,10043233545142038102,10043233545142038102
5,P,20260918,2093,7,measure,14,random,25165824,1048576,953784,18362748365611436538,12953850,11,11,896579371789653333,896579371789653333
5,P,20260918,2094,7,measure,15,pair_same_line,524288,1048576,40962,10047210315723582011,2869877,11,11,13366693566294101560,13366693566294101560
5,P,20260918,2095,7,measure,16,stride_513,3145728,1048576,49894,6131843724777479149,2921076,11,11,4696861105486946824,4696861105486946824
5,P,20260918,2096,7,measure,17,stride_17,131072,1048576,2450,4435493730801831810,1912987,11,11,16921412609114818048,16921412609114818048
5,P,20260918,2097,7,measure,18,stride_1_bis,100663296,1048576,7202091,5080060992315444916,2476316,11,11,8199034396607277975,8199034396607277975
5,P,20260918,2098,7,measure,19,stride_17,24576,1048576,2789,7912549981983680235,1687255,11,11,9048087739157504354,9048087739157504354
5,P,20260918,2099,7,measure,20,pair_same_line,12288,1048576,94,9688001015296739289,2112726,11,11,7579652817666392559,7579652817666392559
5,P,20260918,2100,7,measure,21,stride_513,134217728,1048576,3568008,3121436769532824946,12743308,11,11,13527453623802495672,13527453623802495672
5,P,20260918,2101,7,measure,22,random,131072,1048576,2567,11807408088942029169,1591835,11,11,1206086392336728677,1206086392336728677
5,P,20260918,2102,7,measure,23,stride_4097,12288,1048576,1427,9406202647562712391,1791376,11,11,17637164373930006662,17637164373930006662
5,P,20260918,2103,7,measure,24,random,12288,1048576,1361,10592680344893332464,1374622,11,11,9775969172523430879,9775969172523430879
5,P,20260918,2104,7,measure,25,pair_same_line,196608,1048576,11378,5439594300485694224,2247510,11,11,1148265688837720856,1148265688837720856
5,P,20260918,2105,7,measure,26,stride_1,131072,1048576,256,12619505196840839271,1626514,11,11,16921412609114818048,16921412609114818048
5,P,20260918,2106,7,measure,27,stride_1,16777216,1048576,1260491,6861913642323703087,2290678,11,11,18445109646573066900,18445109646573066900
5,P,20260918,2107,7,measure,28,stride_1,4194304,1048576,22240,15618624717302464874,1814713,11,11,12406089252390561320,12406089252390561320
5,P,20260918,2108,7,measure,29,stride_1_double,67108864,2097152,3560225,7808513369901461269,3853901,11,11,7067924218772506222,7067924218772506222
5,P,20260918,2109,7,measure,30,pair_split_line,4194304,1048576,521738,6335398451845103903,5110405,11,11,4869253439037543569,4869253439037543569
5,P,20260918,2110,7,measure,31,stride_17,65536,1048576,319,2616288363071453457,1359450,11,11,16423878549329276288,16423878549329276288
5,P,20260918,2111,7,measure,32,pair_split_line,24576,1048576,1053,10320289757204805026,2070656,11,11,6554088460317851140,6554088460317851140
5,P,20260918,2112,7,measure,33,random,32768,1048576,2148,2376939597821053365,1112181,11,11,18360547190442151059,18360547190442151059
5,P,20260918,2113,7,measure,34,pair_same_line,24576,1048576,2153,7844236251429100086,1631181,11,11,13724387098522674469,13724387098522674469
5,P,20260918,2114,7,measure,35,stride_17,49152,1048576,2733,7294840378313576148,1383000,11,11,15276270959543367462,15276270959543367462
5,P,20260918,2115,7,measure,36,pair_same_line,25165824,1048576,1982762,11650124021069709679,14246101,11,11,11296233128080456563,11296233128080456563
5,P,20260918,2116,7,measure,37,stride_1_double,6291456,2097152,781701,13762100064253223818,3633238,11,11,13713024413760887555,13713024413760887555
5,P,20260918,2117,7,measure,38,pair_same_line,3145728,1048576,6814,10314454784193265906,2484220,11,11,13088452149815941410,13088452149815941410
5,P,20260918,2118,7,measure,39,stride_4097,4194304,1048576,256895,17443814943180058381,1425094,11,11,12406089252390561320,12406089252390561320
5,P,20260918,2119,7,measure,40,stride_1,262144,1048576,18972,6019084588955535770,1357133,11,11,3252759155835688704,3252759155835688704
5,P,20260918,2120,7,measure,41,stride_1_bis,67108864,1048576,5785810,3885672938837737042,1926337,11,11,12308695374943267806,12308695374943267806
5,P,20260918,2121,7,measure,42,stride_4097,4096,1048576,358,11909629348962577662,1354540,11,11,8154595385843253248,8154595385843253248
5,P,20260918,2122,7,measure,43,pair_same_line,65536,1048576,6782,6527522689175866191,1705459,11,11,17155966540295480976,17155966540295480976
5,P,20260918,2123,7,measure,44,pair_same_line,786432,1048576,35688,17943097865787434320,2026632,11,11,3525004679493198465,3525004679493198465
5,P,20260918,2124,7,measure,45,pair_split_line,2097152,1048576,2272,1593814807748750638,2921183,11,11,14244829905359600398,14244829905359600398
5,P,20260918,2125,7,measure,46,stride_17,393216,1048576,20761,11612517888030305657,1392092,11,11,4781017807014182113,4781017807014182113
5,P,20260918,2126,7,measure,47,stride_513,786432,1048576,79211,4486526458336900019,1474613,11,11,13192199103146003808,13192199103146003808
5,P,20260918,2127,7,measure,48,stride_1_double,8388608,2097152,338215,8138341448865480909,3510213,11,11,18159816849507569302,18159816849507569302
5,P,20260918,2128,7,measure,49,stride_513,1048576,1048576,28409,12985651518065406637,1460378,11,11,8797231230870489880,8797231230870489880
5,P,20260918,2129,7,measure,50,stride_4097,24576,1048576,1182,8940626348053206395,1354845,11,11,5526625516594476654,5526625516594476654
5,P,20260918,2130,7,measure,51,random,786432,1048576,64386,3176627829802684605,1171888,11,11,16030137015159092266,16030137015159092266
5,P,20260918,2131,7,measure,52,stride_4097,786432,1048576,87091,4818051027540583866,1434410,11,11,6698596449011699563,6698596449011699563
5,P,20260918,2132,7,measure,53,stride_513,201326592,1048576,13010639,15792148470462707927,13579526,11,11,10773424890848568652,10773424890848568652
5,P,20260918,2133,7,measure,54,stride_1_double,268435456,2097152,23063628,17520025948458106628,4472874,11,11,16619255691522121949,16619255691522121949
5,P,20260918,2134,7,measure,55,stride_17,16384,1048576,1431,4563850214494097228,1362592,11,11,9548053087369131008,9548053087369131008
5,P,20260918,2135,7,measure,56,pair_same_line,131072,1048576,10438,4204408794970231555,1803593,11,11,13824552625690804000,13824552625690804000
5,P,20260918,2136,7,measure,57,stride_513,524288,1048576,27842,5036256606621999298,1549427,11,11,10061883979847375520,10061883979847375520
5,P,20260918,2137,7,measure,58,stride_1_bis,3145728,1048576,211465,8474081247469286301,1680125,11,11,2518036333743088778,2518036333743088778
5,P,20260918,2138,7,measure,59,random,3145728,1048576,373484,661515716657496732,1802142,11,11,5553359441558146809,5553359441558146809
5,P,20260918,2139,7,measure,60,stride_17,196608,1048576,9355,11293031370762445769,1362489,11,11,17243101318656418110,17243101318656418110
5,P,20260918,2140,7,measure,61,stride_1_double,1572864,2097152,91879,2710761359278865712,2703283,11,11,16204756798606581518,16204756798606581518
5,P,20260918,2141,7,measure,62,stride_1_double,393216,2097152,25011,13983176400132127207,2711100,11,11,3983649377890776081,3983649377890776081
5,P,20260918,2142,7,measure,63,pair_same_line,1572864,1048576,190061,2142423196005305965,2187997,11,11,17888182125325192260,17888182125325192260
5,P,20260918,2143,7,measure,64,stride_1,201326592,1048576,14579276,9690224441644909219,1993548,11,11,3762266484429602376,3762266484429602376
5,P,20260918,2144,7,measure,65,stride_513,8192,1048576,290,6829665157925488277,1358245,11,11,116592947459441664,116592947459441664
5,P,20260918,2145,7,measure,66,stride_1,134217728,1048576,16366466,16755692129488441788,1949339,11,11,10413030175397255296,10413030175397255296
5,P,20260918,2146,7,measure,67,stride_513,2097152,1048576,155576,7136271472095500884,1440993,11,11,14577075130308765988,14577075130308765988
5,P,20260918,2147,7,measure,68,stride_1,6291456,1048576,217670,5771123240623902625,1473736,11,11,7780730898404542281,7780730898404542281
5,P,20260918,2148,7,measure,69,pair_same_line,49152,1048576,870,9639062928036981585,1634557,11,11,6270431497480852401,6270431497480852401
5,P,20260918,2149,7,measure,70,stride_1_double,16384,2097152,915,16322319477234748958,2743141,11,11,649362101028710400,649362101028710400
5,P,20260918,2150,7,measure,71,pair_split_line,786432,1048576,64212,1226933813247827871,2564665,11,11,16047237759591765196,16047237759591765196
5,P,20260918,2151,7,measure,72,stride_4097,25165824,1048576,428437,13365560392918123224,7580413,11,11,14905654169609207464,14905654169609207464
5,P,20260918,2152,7,measure,73,stride_1_bis,12288,1048576,161,10963350505874593805,1354645,11,11,14136040184535202111,14136040184535202111
5,P,20260918,2153,7,measure,74,random,33554432,1048576,1902508,5343869793939510845,12385838,11,11,17068624549796365612,17068624549796365612
5,P,20260918,2154,7,measure,75,stride_1_double,65536,2097152,3775,4731375939405209116,2708268,11,11,14401013024949000960,14401013024949000960
5,P,20260918,2155,7,measure,76,stride_513,12582912,1048576,341330,15289646431819671363,7162385,11,11,446194662936398502,446194662936398502
5,P,20260918,2156,7,measure,77,stride_1,524288,1048576,30348,4348788708489290799,1387361,11,11,10061883979847375520,10061883979847375520
5,P,20260918,2157,7,measure,78,stride_513,12288,1048576,1187,11244284452794854773,1355697,11,11,9502424420678940672,9502424420678940672
5,P,20260918,2158,7,measure,79,stride_17,12582912,1048576,45545,3555187973304100418,4038253,11,11,9140336053543784436,9140336053543784436
5,P,20260918,2159,7,measure,80,stride_513,6144,1048576,363,11729435964525211485,1361016,11,11,6498767571919667200,6498767571919667200
5,P,20260918,2160,7,measure,81,stride_1_bis,4096,1048576,425,15142032047119967714,1353850,11,11,8154595385843253248,8154595385843253248
5,P,20260918,2161,7,measure,82,stride_1,25165824,1048576,95232,5106234027781842077,1418084,11,11,2914335876610981811,2914335876610981811
5,P,20260918,2162,7,measure,83,stride_1_double,12288,2097152,592,13942393545826947925,2706108,11,11,14149775160014088545,14149775160014088545
5,P,20260918,2163,7,measure,84,stride_4097,16384,1048576,1028,3848568325844556510,1353520,11,11,9548053087369131008,9548053087369131008
5,P,20260918,2164,7,measure,85,stride_1,67108864,1048576,3799329,11335523449280325858,2202193,11,11,16479913282549254889,16479913282549254889
5,P,20260918,2165,7,measure,86,stride_1,268435456,1048576,25033412,7086248080951605168,2262437,11,11,12407526310071977630,12407526310071977630
5,P,20260918,2166,7,measure,87,random,524288,1048576,1747,2292125408900164464,1315086,11,11,6534863906224378754,6534863906224378754
5,P,20260918,2167,7,measure,88,stride_17,2097152,1048576,174,1841568552003848631,1579896,11,11,14577075130308765988,14577075130308765988
5,P,20260918,2168,7,measure,89,random,8192,1048576,285,13929927156500010583,1091944,11,11,3004476575405921344,3004476575405921344
5,P,20260918,2169,7,measure,90,stride_1_bis,65536,1048576,553,9766171587405583518,1351428,11,11,16423878549329276288,16423878549329276288
5,P,20260918,2170,7,measure,91,stride_17,134217728,1048576,6831420,1037938817430484229,8469469,11,11,16270119041651548029,16270119041651548029
5,P,20260918,2171,7,measure,92,pair_split_line,268435456,1048576,14852668,8403884199226581070,18716783,11,11,14984285428664900919,14984285428664900919
5,P,20260918,2172,7,measure,93,stride_1_bis,268435456,1048576,13125532,9755618498629202513,1705902,11,11,4679258758098674514,4679258758098674514
5,P,20260918,2173,7,measure,94,stride_1_double,131072,2097152,6892,5972670521492063173,2718569,11,11,15396081144520084480,15396081144520084480
5,P,20260918,2174,7,measure,95,pair_split_line,33554432,1048576,1998062,11770599670665150979,18544926,11,11,16839839981005274210,16839839981005274210
5,P,20260918,2175,7,measure,96,stride_1_bis,16777216,1048576,178270,8980556797911507714,2248698,11,11,3792895343420320634,3792895343420320634
5,P,20260918,2176,7,measure,97,stride_1,16384,1048576,777,4721663093925045413,1353859,11,11,9548053087369131008,9548053087369131008
5,P,20260918,2177,7,measure,98,stride_4097,65536,1048576,651,2765930066066714573,1431929,11,11,16423878549329276288,16423878549329276288
5,P,20260918,2178,7,measure,99,pair_same_line,100663296,1048576,11822464,11414868776747074163,17454870,11,11,3436750903778884518,3436750903778884518
5,P,20260918,2179,7,measure,100,stride_17,67108864,1048576,2687227,14655808998837892285,8541987,11,11,2846558583459490774,2846558583459490774
5,P,20260918,2180,7,measure,101,random,1572864,1048576,99835,4289014050815555686,1840832,11,11,10724228385883979486,10724228385883979486
5,P,20260918,2181,7,measure,102,stride_513,1572864,1048576,58938,17709449055120408206,1613720,11,11,15346159349426821392,15346159349426821392
5,P,20260918,2182,7,measure,103,stride_513,65536,1048576,886,17837331287568625947,1536686,11,11,16423878549329276288,16423878549329276288
5,P,20260918,2183,7,measure,104,pair_split_line,196608,1048576,16148,8228223864436811145,2399620,11,11,9610547199406569968,9610547199406569968
5,P,20260918,2184,7,measure,105,pair_split_line,3145728,1048576,30014,17324213822228134762,3850197,11,11,7516282295773508788,7516282295773508788
5,P,20260918,2185,7,measure,106,stride_4097,6144,1048576,394,4174507075769456075,1358422,11,11,3626501251488154639,3626501251488154639
5,P,20260918,2186,7,measure,107,stride_17,25165824,1048576,33253,1724250764003541542,7588891,11,11,16882350385633106451,16882350385633106451
5,P,20260918,2187,7,measure,108,pair_same_line,262144,1048576,28329,14086760656550964586,1833547,11,11,9999108381478073236,9999108381478073236
5,P,20260918,2188,7,measure,109,stride_1_bis,50331648,1048576,2349241,9348646938923197558,2057220,11,11,18344489619450572111,18344489619450572111
5,P,20260918,2189,7,measure,110,pair_same_line,50331648,1048576,5506700,14677912891234894075,16105007,11,11,7890126064078641471,7890126064078641471
5,P,20260918,2190,7,measure,111,stride_1,33554432,1048576,2784878,9416333681995269627,2102527,11,11,3933094521155853336,3933094521155853336
5,P,20260918,2191,7,measure,112,stride_1_bis,262144,1048576,7458,3873858600923587198,1485441,11,11,3252759155835688704,3252759155835688704
5,P,20260918,2192,7,measure,113,stride_1_double,262144,2097152,15684,12500069553092802457,2747706,11,11,6505518311671377408,6505518311671377408
5,P,20260918,2193,7,measure,114,random,1048576,1048576,53456,4225421874508656077,1397526,11,11,8883731753097727423,8883731753097727423
5,P,20260918,2194,7,measure,115,pair_same_line,6291456,1048576,52486,1238092798160009598,7382264,11,11,16652148812081152304,16652148812081152304
5,P,20260918,2195,7,measure,116,pair_same_line,98304,1048576,12211,15857099902481882645,1756738,11,11,5869263593133600255,5869263593133600255
5,P,20260918,2196,7,measure,117,stride_17,100663296,1048576,9277745,2852941582812065768,8366099,11,11,2456486411230280154,2456486411230280154
5,P,20260918,2197,7,measure,118,stride_4097,12582912,1048576,468571,10876666526765000739,4924477,11,11,6109563485072303827,6109563485072303827
5,P,20260918,2198,7,measure,119,stride_1_double,196608,2097152,10134,1346214781302017651,2807298,11,11,13533030003684575716,13533030003684575716
5,P,20260918,2199,7,measure,120,stride_4097,49152,1048576,4387,10165837744107789852,1351734,11,11,5715176532581138956,5715176532581138956
5,P,20260918,2200,7,measure,121,stride_17,262144,1048576,4496,14538906762134875158,1357932,11,11,3252759155835688704,3252759155835688704
5,P,20260918,2201,7,measure,122,pair_same_line,67108864,1048576,8150630,2133636560270868239,16321279,11,11,2021325114195894153,2021325114195894153
5,P,20260918,2202,7,measure,123,random,4096,1048576,460,16112744237675351880,1236320,11,11,16965968236605449633,16965968236605449633
5,P,20260918,2203,7,measure,124,stride_1_double,33554432,2097152,1737063,17325187999749829521,4352225,11,11,13989472840502129751,13989472840502129751
5,P,20260918,2204,7,measure,125,random,8388608,1048576,647709,2037058858620749866,7856244,11,11,1682871372648043179,1682871372648043179
5,P,20260918,2205,7,measure,126,stride_17,6144,1048576,265,5864788757516253843,1457448,11,11,11825715924372001784,11825715924372001784
5,P,20260918,2206,7,measure,127,stride_513,24576,1048576,564,12850819163031429129,1413620,11,11,15675031744929201152,15675031744929201152
5,P,20260918,2207,7,measure,128,random,16777216,1048576,620234,5073590963873952264,10455490,11,11,5217322405897561706,5217322405897561706
5,P,20260918,2208,7,measure,129,stride_4097,33554432,1048576,1848085,16349498314576775586,6821565,11,11,8917753637260888205,8917753637260888205
5,P,20260918,2209,7,measure,130,random,50331648,1048576,4265072,4140167722589810262,13974235,11,11,699722456904026663,699722456904026663
5,P,20260918,2210,7,measure,131,pair_split_line,4096,1048576,160,12434040095432112958,2622785,11,11,10485607991003061120,10485607991003061120
5,P,20260918,2211,7,measure,132,pair_same_line,33554432,1048576,2887875,10271579651251305903,15443459,11,11,18267224545407337005,18267224545407337005
5,P,20260918,2212,7,measure,133,stride_4097,196608,1048576,5331,10975111766413898886,2244202,11,11,2067046132307763767,2067046132307763767
5,P,20260918,2213,7,measure,134,stride_17,12288,1048576,218,4574765562617122440,1943016,11,11,10423422712067995170,10423422712067995170
5,P,20260918,2214,7,measure,135,stride_17,1572864,1048576,190057,15845152350550737743,2171606,11,11,369840572555083560,369840572555083560
5,P,20260918,2215,7,measure,136,stride_513,67108864,1048576,1768305,12056228324661011970,12440151,11,11,1289947342472630126,1289947342472630126
5,P,20260918,2216,7,measure,137,stride_4097,6291456,1048576,688462,18259192929510625901,3938319,11,11,7536396497451002122,7536396497451002122
5,P,20260918,2217,7,measure,138,stride_4097,16777216,1048576,1506176,104729359020700081,7505635,11,11,3514671327353408460,3514671327353408460
5,P,20260918,2218,7,measure,139,stride_1_double,2097152,2097152,120553,13632154664440516823,3952656,11,11,10707406186907980360,10707406186907980360
5,P,20260918,2219,7,measure,140,stride_1_double,524288,2097152,35237,2446493847741545961,3386359,11,11,1677023885985199424,1677023885985199424
5,P,20260918,2220,7,measure,141,stride_1,786432,1048576,75728,10580169656525226295,1691577,11,11,4108857421239919366,4108857421239919366
5,P,20260918,2221,7,measure,142,stride_1,4096,1048576,427,1583887049343708887,1663433,11,11,8154595385843253248,8154595385843253248
5,P,20260918,2222,7,measure,143,stride_4097,201326592,1048576,6773450,13244902332369510760,9466605,11,11,2561516000350025477,2561516000350025477
5,P,20260918,2223,7,measure,144,stride_1_double,4194304,2097152,361183,5643298104566774939,4580214,11,11,6365434431071571024,6365434431071571024
5,P,20260918,2224,7,measure,145,pair_split_line,16384,1048576,1030,7686089696740932096,2276390,11,11,4930872466101121031,4930872466101121031
5,P,20260918,2225,7,measure,146,pair_split_line,131072,1048576,13173,14567513746909917203,2519709,11,11,16280327096407625791,16280327096407625791
5,P,20260918,2226,7,measure,147,stride_1,100663296,1048576,8073637,8196065927731756815,2147987,11,11,3606201828354965882,3606201828354965882
5,P,20260918,2227,7,measure,148,pair_same_line,4194304,1048576,477691,12292077038078563797,2954386,11,11,14055182421254694083,14055182421254694083
5,P,20260918,2228,7,measure,149,stride_513,8388608,1048576,857764,18191390166940430898,2488811,11,11,18303280461608560459,18303280461608560459
5,P,20260918,2229,7,measure,150,stride_1_bis,786432,1048576,70037,8436707423390667288,1358434,11,11,12738316743935370150,12738316743935370150
5,P,20260918,2230,7,measure,151,stride_1_bis,6291456,1048576,330170,17791747106526444059,1422728,11,11,10745213496345187045,10745213496345187045
5,P,20260918,2231,7,measure,152,random,134217728,1048576,8662576,10357805165234409938,16156110,11,11,9146503212940909636,9146503212940909636
5,P,20260918,2232,7,measure,153,stride_1_bis,393216,1048576,8706,15861445278173701273,1598089,11,11,1786490076375467438,1786490076375467438
5,P,20260918,2233,7,measure,154,stride_1_double,8192,2097152,541,3243903977269585491,3086452,11,11,233185894918883328,233185894918883328
5,P,20260918,2234,7,measure,155,stride_4097,134217728,1048576,6227225,6799341939736172287,7172594,11,11,7716557646880485952,7716557646880485952
5,P,20260918,2235,7,measure,156,stride_1_bis,25165824,1048576,2313193,18036258541241316315,2014536,11,11,8577555031522765491,8577555031522765491
5,P,20260918,2236,7,measure,157,pair_split_line,16777216,1048576,2035580,13965197847926572179,11740604,11,11,17419470890087912521,17419470890087912521
5,P,20260918,2237,7,measure,158,pair_split_line,201326592,1048576,1550767,12689999750513072028,27607792,11,11,11044022549428705483,11044022549428705483
5,P,20260918,2238,7,measure,159,pair_same_line,134217728,1048576,7275018,10275894069321035633,21139228,11,11,13251177724981329333,13251177724981329333
5,P,20260918,2239,7,measure,160,stride_1_double,786432,2097152,93640,12331478395373511809,4332954,11,11,2835317270702287473,2835317270702287473
5,P,20260918,2240,7,measure,161,stride_17,268435456,1048576,22795319,1151338721884346451,10898905,11,11,9378639648582772977,9378639648582772977
5,P,20260918,2241,7,measure,162,pair_split_line,65536,1048576,1970,9778433569663851743,3417709,11,11,11534229898999003919,11534229898999003919
5,P,20260918,2242,7,measure,163,stride_17,16777216,1048576,578952,5231769277392921517,7646420,11,11,13620127190375325423,13620127190375325423
5,P,20260918,2243,7,measure,164,random,268435456,1048576,30829653,2756211693442077963,21176801,11,11,4417879275164529118,4417879275164529118
5,P,20260918,2244,7,measure,165,stride_1_double,49152,2097152,3369,10793224949313818370,4880979,11,11,2928055260396094999,2928055260396094999
5,P,20260918,2245,7,measure,166,stride_513,33554432,1048576,3946669,1767332624887900922,13299734,11,11,17841305204340145628,17841305204340145628
5,P,20260918,2246,7,measure,167,stride_1_double,6144,2097152,419,1909856352320566104,4549974,11,11,5110456550263750425,5110456550263750425
5,P,20260918,2247,7,measure,168,stride_1_double,98304,2097152,12212,8034854395926149877,3391664,11,11,4091863588206587115,4091863588206587115
5,P,20260918,2248,7,measure,169,pair_split_line,100663296,1048576,8699119,13155542118572379957,29414756,11,11,7973594210054883710,7973594210054883710
5,P,20260918,2249,7,measure,170,stride_1,24576,1048576,2514,15995492032880742532,2690587,11,11,10212721547239138469,10212721547239138469
5,P,20260918,2250,7,measure,171,stride_513,98304,1048576,11264,7724615809933232701,1852537,11,11,16959111087276692480,16959111087276692480
5,P,20260918,2251,7,measure,172,stride_1,2097152,1048576,52740,9879695146962211116,1896504,11,11,14577075130308765988,14577075130308765988
5,P,20260918,2252,7,measure,173,stride_17,33554432,1048576,718768,385475879451161528,10080244,11,11,684318751064101603,684318751064101603
5,P,20260918,2253,7,measure,174,stride_4097,131072,1048576,16133,6124252016033365966,2682136,11,11,16921412609114818048,16921412609114818048
5,P,20260918,2254,7,measure,175,stride_513,196608,1048576,11217,6594372893667519751,1828612,11,11,11662605144128544768,11662605144128544768
5,P,20260918,2255,7,measure,176,stride_513,25165824,1048576,970880,18327973459501206947,10499409,11,11,11886943178879158261,11886943178879158261
5,P,20260918,2256,7,measure,177,stride_1_bis,12582912,1048576,35784,17615372868319616814,2834574,11,11,11202778797229794959,11202778797229794959
5,P,20260918,2257,7,measure,178,stride_4097,100663296,1048576,3062175,5842885271470146363,11416069,11,11,17714002230126842454,17714002230126842454
5,P,20260918,2258,7,measure,179,pair_split_line,1048576,1048576,12706,9072349844494730247,4356595,11,11,17830568855407703060,17830568855407703060
5,P,20260918,2259,7,measure,180,stride_1_double,12582912,2097152,1480339,12176961538495080695,4701138,11,11,15553656356370132330,15553656356370132330
5,P,20260918,2260,7,measure,181,random,196608,1048576,17952,15594581393434359281,1413046,11,11,3384757715590623591,3384757715590623591
5,P,20260918,2261,7,measure,182,stride_1_bis,524288,1048576,13951,4797093466767785134,1699493,11,11,10061883979847375520,10061883979847375520
5,P,20260918,2262,7,measure,183,stride_1,8192,1048576,486,13477419473390552648,1701412,11,11,116592947459441664,116592947459441664
5,P,20260918,2263,7,measure,184,pair_split_line,25165824,1048576,1755383,2672016129369093955,17421473,11,11,7626935408591385472,7626935408591385472
5,P,20260918,2264,7,measure,185,stride_17,98304,1048576,5384,491650425720592485,2173060,11,11,14808787757825616902,14808787757825616902
5,P,20260918,2265,7,measure,186,random,98304,1048576,1178,3355716255042962041,1598299,11,11,3457368453187310131,3457368453187310131
5,P,20260918,2266,7,measure,187,stride_1,49152,1048576,5457,1947909285418101973,1693533,11,11,1024685089355262461,1024685089355262461
5,P,20260918,2267,7,measure,188,stride_4097,1048576,1048576,9891,15448792049931464630,1833835,11,11,8797231230870489880,8797231230870489880
5,P,20260918,2268,7,measure,189,random,393216,1048576,42051,11479546605202222545,1403761,11,11,13389906351299252628,13389906351299252628
5,P,20260918,2269,7,measure,190,pair_split_line,393216,1048576,39915,2540079068226105562,2927587,11,11,1442347227827116186,1442347227827116186
5,P,20260918,2270,7,measure,191,pair_same_line,16384,1048576,585,13433255900683953143,1961897,11,11,14640205255533411948,14640205255533411948
5,P,20260918,2271,7,measure,192,stride_1_bis,2097152,1048576,9105,12150902366667443037,1773325,11,11,14577075130308765988,14577075130308765988
5,P,20260918,2272,7,measure,193,random,262144,1048576,21068,15429781954961125122,1256027,11,11,5218825275442148307,5218825275442148307
5,P,20260918,2273,7,measure,194,stride_1_double,25165824,2097152,1973705,4175897514256005460,4213932,11,11,7526536358648578890,7526536358648578890
5,P,20260918,2274,7,measure,195,stride_513,4096,1048576,410,3067272402026126625,1375204,11,11,8154595385843253248,8154595385843253248
5,P,20260918,2275,7,measure,196,stride_513,393216,1048576,27964,11762489744581013511,1433172,11,11,14847694413740558592,14847694413740558592
5,P,20260918,2276,7,measure,197,pair_same_line,268435456,1048576,23561186,5702607779696554839,18743409,11,11,5052237895483298433,5052237895483298433
5,P,20260918,2277,7,measure,198,random,201326592,1048576,23978366,949946677773925798,17601098,11,11,9542882007629064398,9542882007629064398
5,P,20260918,2278,7,measure,199,pair_split_line,12582912,1048576,628866,9572571203979681790,13342050,11,11,2376326345894795012,2376326345894795012
5,P,20260918,2279,7,measure,200,random,24576,1048576,2983,13624341287148993424,1623708,11,11,10212789174118471675,10212789174118471675
5,P,20260918,2280,7,measure,201,pair_same_line,2097152,1048576,40083,4887137669004859958,2924420,11,11,4178178793594782320,4178178793594782320
5,P,20260918,2281,7,measure,202,stride_1_double,16777216,2097152,740991,15394656272442730747,4025221,11,11,12841062978479921428,12841062978479921428
5,P,20260918,2282,7,measure,203,stride_513,262144,1048576,28146,892420127942238544,1702413,11,11,3252759155835688704,3252759155835688704
5,P,20260918,2283,7,measure,204,stride_4097,98304,1048576,7191,15727571834737241103,1649658,11,11,15739386779249210759,15739386779249210759
5,P,20260918,2284,7,measure,205,stride_1_bis,131072,1048576,1869,2435950563162515813,1503239,11,11,16921412609114818048,16921412609114818048
5,P,20260918,2285,7,measure,206,stride_4097,2097152,1048576,39906,4133208213983454534,1547346,11,11,14577075130308765988,14577075130308765988
5,P,20260918,2286,7,measure,207,pair_split_line,134217728,1048576,1194172,13389593472040284053,25726081,11,11,2228460177460961544,2228460177460961544
5,P,20260918,2287,7,measure,208,stride_513,16384,1048576,682,7852334795285513615,2089482,11,11,9548053087369131008,9548053087369131008
5,P,20260918,2288,7,measure,209,stride_513,16777216,1048576,450130,2796432255237829972,10821952,11,11,14035237198100690163,14035237198100690163
5,P,20260918,2289,7,measure,210,pair_split_line,6291456,1048576,44243,2932813631400192027,9059765,11,11,5473502395163811440,5473502395163811440
5,P,20260918,2290,7,measure,211,stride_1,3145728,1048576,347073,17456325336580897815,1715997,11,11,17339839566713536838,17339839566713536838
5,P,20260918,2291,7,measure,212,stride_1_double,201326592,2097152,20014740,586923823145533922,4673749,11,11,3636565737783205464,3636565737783205464
5,P,20260918,2292,7,measure,213,stride_513,100663296,1048576,3853886,16653083924097370218,13974639,11,11,15279342800665060994,15279342800665060994
5,P,20260918,2293,7,measure,214,stride_17,6291456,1048576,312747,11312035092121840034,4534048,11,11,15790720927653634823,15790720927653634823
5,P,20260918,2294,7,measure,215,pair_split_line,8192,1048576,576,12201634865078807098,2466130,11,11,9816524056970482921,9816524056970482921
5,P,20260918,2295,7,measure,216,stride_4097,268435456,1048576,3889992,6431721073341322400,8347509,11,11,18042795241595343473,18042795241595343473
5,P,20260918,2296,7,measure,217,stride_1_bis,16384,1048576,585,616751569477283277,1886781,11,11,9548053087369131008,9548053087369131008
5,P,20260918,2297,7,measure,218,stride_1,8388608,1048576,83490,14368465485533467289,2189389,11,11,18303280461608560459,18303280461608560459
5,P,20260918,2298,7,measure,219,stride_1_double,32768,2097152,3491,18394358242698176885,3353490,11,11,2750339894535239680,2750339894535239680
5,P,20260918,2299,7,measure,220,pair_same_line,8192,1048576,308,7579138780557311377,1905303,11,11,12089686691973179831,12089686691973179831
5,P,20260918,2300,7,measure,221,stride_513,268435456,1048576,13314632,3367169191901347965,13110872,11,11,14185382270449937998,14185382270449937998
5,P,20260918,2301,7,measure,222,stride_1_double,24576,2097152,960,17689857480026002445,3664392,11,11,11094794627677846455,11094794627677846455
5,P,20260918,2302,7,measure,223,stride_4097,393216,1048576,42706,6496654024501913885,1746320,11,11,1959812283855133320,1959812283855133320
5,P,20260918,2303,7,measure,224,random,65536,1048576,6652,4704359706469298059,1369270,11,11,9063165868181045265,9063165868181045265
5,P,20260918,2304,7,measure,225,stride_1,32768,1048576,2088,1462198529434050731,1607429,11,11,10598541984122395648,10598541984122395648
5,P,20260918,2305,7,measure,226,pair_split_line,1572864,1048576,176697,5473700750397007459,3539755,11,11,11217849668991090133,11217849668991090133
5,P,20260918,2306,7,measure,227,stride_4097,32768,1048576,1426,12802920193398392810,1461398,11,11,10598541984122395648,10598541984122395648
5,P,20260918,2307,7,measure,228,stride_1_double,134217728,2097152,14047193,13176167706530495433,3735828,11,11,2969380540254480366,2969380540254480366
5,P,20260918,2308,7,measure,229,pair_same_line,201326592,1048576,17079927,13802910069308641504,18404718,11,11,1433247623258770716,1433247623258770716
5,P,20260918,2309,7,measure,230,stride_17,8388608,1048576,688443,16713509904836769432,4664240,11,11,18303280461608560459,18303280461608560459
5,P,20260918,2310,7,measure,231,stride_17,4096,1048576,390,8552024002109328008,1574169,11,11,8154595385843253248,8154595385843253248
5,P,20260918,2311,7,measure,232,stride_17,32768,1048576,3234,5420526413232977787,1524864,11,11,10598541984122395648,10598541984122395648
5,P,20260918,2312,7,measure,233,stride_513,131072,1048576,9474,17926964782093004703,1523423,11,11,16921412609114818048,16921412609114818048
5,P,20260918,2313,7,measure,234,pair_same_line,1048576,1048576,79186,7971595099950967543,2113153,11,11,13068847969127481967,13068847969127481967
5,P,20260918,2314,7,measure,235,stride_17,8192,1048576,618,12881975947352307728,1365668,11,11,116592947459441664,116592947459441664
5,P,20260918,2315,7,measure,236,pair_split_line,262144,1048576,3404,11440381711482336517,2311787,11,11,12188220386810380696,12188220386810380696
5,P,20260918,2316,7,measure,237,stride_4097,8388608,1048576,256113,9301552317446387163,1480740,11,11,18303280461608560459,18303280461608560459
5,P,20260918,2317,7,measure,238,stride_4097,67108864,1048576,4719179,11588283032348959800,6610544,11,11,17870177976121130331,17870177976121130331
5,P,20260918,2318,7,measure,239,stride_17,786432,1048576,39298,8424052095459550451,1421372,11,11,7862550112084481425,7862550112084481425
5,P,20260918,2319,7,measure,240,stride_513,6291456,1048576,749306,10718562369542114980,2456864,11,11,8960868997562969188,8960868997562969188
5,P,20260918,2320,7,measure,241,pair_same_line,16777216,1048576,91215,12370665014746146353,13070606,11,11,2751659483509440080,2751659483509440080
5,P,20260918,2321,7,measure,242,stride_1,12582912,1048576,25031,10340952016428848315,1709759,11,11,15117883551777166678,15117883551777166678
5,P,20260918,2322,7,measure,243,stride_17,4194304,1048576,444529,8146838010045212183,3090934,11,11,12406089252390561320,12406089252390561320
5,P,20260918,2323,7,measure,244,stride_17,524288,1048576,30199,6989595347457402613,1386714,11,11,10061883979847375520,10061883979847375520
5,P,20260918,2324,7,measure,245,random,100663296,1048576,5538892,17723990428991664523,15572394,11,11,1484030922586378427,1484030922586378427
5,P,20260918,2325,7,measure,246,stride_1,1048576,1048576,49373,15149684067743283956,1745816,11,11,8797231230870489880,8797231230870489880
5,P,20260918,2326,7,measure,247,stride_17,201326592,1048576,2409225,16644381318297627007,9155545,11,11,15143851715372459327,15143851715372459327
5,P,20260918,2327,7,measure,248,stride_1,196608,1048576,8782,9408152715846029634,1708042,11,11,6375582765931275251,6375582765931275251
5,P,20260918,2328,7,measure,249,stride_1_bis,201326592,1048576,18141331,14705854489435899015,2241889,11,11,17543442406127823580,17543442406127823580
5,P,20260918,2329,7,measure,250,stride_1_double,1048576,2097152,109318,9013440951621078455,3211798,11,11,17594462461740979760,17594462461740979760
5,P,20260918,2330,7,measure,251,pair_same_line,12582912,1048576,720190,12791252497393261084,13484646,11,11,7139532973336454695,7139532973336454695
5,P,20260918,2331,7,measure,252,pair_split_line,6144,1048576,416,14680535189636326028,2282641,11,11,11552428879282131738,11552428879282131738
5,P,20260918,2332,7,measure,253,stride_4097,1572864,1048576,78837,15756676627360153165,1700069,11,11,10538141339246134243,10538141339246134243
5,P,20260918,2333,7,measure,254,pair_same_line,8388608,1048576,417804,7300867505312278689,7010683,11,11,10836530451602571018,10836530451602571018
5,P,20260918,2334,7,measure,255,pair_same_line,393216,1048576,32981,3075425412230861495,2017144,11,11,5043941704159076737,5043941704159076737
5,P,20260918,2335,7,measure,256,pair_split_line,524288,1048576,10531,12722862989667111459,2550406,11,11,4245188275222254693,4245188275222254693
5,P,20260918,2336,7,measure,257,stride_513,49152,1048576,3282,6491357691141552918,1398272,11,11,9764209366394647040,9764209366394647040
5,P,20260918,2337,7,measure,258,stride_1,50331648,1048576,2597701,10982492282837670371,2116390,11,11,11492157025227034573,11492157025227034573
5,P,20260918,2338,7,measure,259,stride_1_bis,1572864,1048576,141610,1659442584590763248,1421195,11,11,190662230166842419,190662230166842419
5,P,20260918,2339,7,measure,260,random,12582912,1048576,998146,9017080724007376484,7881516,11,11,676134275634025862,676134275634025862
5,P,20260918,2340,7,measure,261,random,2097152,1048576,96049,8140659140053668784,1750717,11,11,12709080466864990344,12709080466864990344
5,P,20260918,2341,7,measure,262,stride_1,6144,1048576,35,8310718438844684628,1359067,11,11,10886829496961117130,10886829496961117130
5,P,20260918,2342,7,measure,263,stride_4097,8192,1048576,792,6956574399549533338,1363122,11,11,116592947459441664,116592947459441664
5,P,20260918,2343,7,measure,264,random,6144,1048576,190,11370628908855550665,1093211,11,11,12308216072657706512,12308216072657706512
5,P,20260918,2344,7,measure,265,stride_1_bis,8192,1048576,967,13116164811483652788,1379249,11,11,116592947459441664,116592947459441664
5,P,20260918,2345,7,measure,266,stride_1_double,3145728,2097152,257406,1430621107974155892,2774370,11,11,15628817592113636334,15628817592113636334
5,P,20260918,2346,7,measure,267,stride_1,65536,1048576,602,7894887377690461378,1359289,11,11,16423878549329276288,16423878549329276288
5,P,20260918,2347,7,measure,268,pair_split_line,8388608,1048576,343212,14652328646253169701,6816033,11,11,5766050281074591130,5766050281074591130
5,P,20260918,2348,7,measure,269,stride_1_bis,32768,1048576,785,10139593391021420633,1354255,11,11,10598541984122395648,10598541984122395648
5,P,20260918,2349,7,measure,270,stride_1_bis,6144,1048576,473,369783387718758284,1356509,11,11,18052497943583625468,18052497943583625468
5,P,20260918,2350,7,measure,271,pair_same_line,32768,1048576,1616,14369316097707153693,1628136,11,11,5502695857004546498,5502695857004546498
5,P,20260918,2351,7,measure,272,pair_split_line,12288,1048576,414,16609257901635383675,1878614,11,11,10074289049191874884,10074289049191874884
5,P,20260918,2352,7,measure,273,stride_1_bis,24576,1048576,2123,17896911083152700703,1378901,11,11,4528664374213520349,4528664374213520349
5,P,20260918,2353,7,measure,274,stride_1_bis,134217728,1048576,2046334,7838321308627201173,2127967,11,11,4295852860540915497,4295852860540915497
5,P,20260918,2354,7,measure,275,random,6291456,1048576,589884,12986916276059099374,3813441,11,11,5274556761911241042,5274556761911241042
5,P,20260918,2355,7,measure,276,stride_1_bis,98304,1048576,11894,15272828050133538814,1416877,11,11,15897667293565110297,15897667293565110297
5,P,20260918,2356,7,measure,277,pair_split_line,50331648,1048576,5658527,17912231445189939739,18335512,11,11,7989500140237909706,7989500140237909706
5,P,20260918,2357,7,measure,278,stride_1_bis,4194304,1048576,289286,2763785129711561435,2019375,11,11,12406089252390561320,12406089252390561320
5,P,20260918,2358,7,measure,279,stride_4097,50331648,1048576,171019,12314290997727719321,7894471,11,11,15435924017993983509,15435924017993983509
5,P,20260918,2359,7,measure,280,pair_split_line,67108864,1048576,2895930,7417386608744803857,18015930,11,11,17363076644137621853,17363076644137621853
5,P,20260918,2360,7,measure,281,stride_1_bis,49152,1048576,2553,15835697028789417144,1483665,11,11,2153619604138716006,2153619604138716006
5,P,20260918,2361,7,measure,282,pair_same_line,4096,1048576,97,17612416765160020137,1772554,11,11,14844807696027885138,14844807696027885138
5,P,20260918,2362,7,measure,283,stride_17,50331648,1048576,4326995,11172806646278869698,7883717,11,11,2619032074091088173,2619032074091088173
5,P,20260918,2363,7,measure,284,stride_1_double,100663296,2097152,7871161,15574553153499417256,3861511,11,11,18007165626849427966,18007165626849427966
5,P,20260918,2364,7,measure,285,stride_513,32768,1048576,2209,7976630476961778600,1450927,11,11,10598541984122395648,10598541984122395648
5,P,20260918,2365,7,measure,286,stride_513,50331648,1048576,3263084,5587116024282276781,11893408,11,11,5110762758725364903,5110762758725364903
5,P,20260918,2366,7,measure,287,pair_split_line,98304,1048576,10346,4697507737326367987,2933523,11,11,10167921053073655161,10167921053073655161
5,P,20260918,2367,7,measure,288,random,16384,1048576,1671,13044107487616712549,1262683,11,11,16512984119413078248,16512984119413078248
5,P,20260918,2368,7,measure,289,stride_1,12288,1048576,577,13968753968302000354,1468261,11,11,6121313896352010506,6121313896352010506
5,P,20260918,2369,7,measure,290,stride_4097,3145728,1048576,164001,13436723421861798771,2237143,11,11,12305241554993451962,12305241554993451962
5,P,20260918,2370,7,measure,291,stride_17,1048576,1048576,51912,12271957556612093429,1390960,11,11,8797231230870489880,8797231230870489880
5,P,20260918,2371,7,measure,292,stride_1_double,50331648,2097152,2211574,9412666488527143127,4773968,11,11,1143254460545328338,1143254460545328338
5,P,20260918,2372,7,measure,293,stride_1_double,4096,2097152,211,14278630702250233866,2707268,11,11,16309190771686506496,16309190771686506496
5,P,20260918,2373,7,measure,294,stride_1,1572864,1048576,65650,4193347619468813034,1465390,11,11,1987441683686435248,1987441683686435248
5,P,20260918,2374,7,measure,295,stride_1_bis,8388608,1048576,371318,13100188357748773468,2136404,11,11,18303280461608560459,18303280461608560459
5,P,20260918,2375,7,measure,296,stride_1_bis,196608,1048576,21777,11126480970542764545,1400876,11,11,15748510053909908906,15748510053909908906
5,P,20260918,2376,8,measure,0,stride_513,24576,1048576,1500,743917388036315824,1352372,11,11,15675031744929201152,15675031744929201152
5,P,20260918,2377,8,measure,1,stride_1_double,32768,2097152,724,2919355225209972349,2711789,11,11,2750339894535239680,2750339894535239680
5,P,20260918,2378,8,measure,2,stride_1_double,262144,2097152,9358,6495739264460806669,2704803,11,11,6505518311671377408,6505518311671377408
5,P,20260918,2379,8,measure,3,stride_1_bis,1572864,1048576,96121,5928256074675628591,1356336,11,11,8153007441006190491,8153007441006190491
5,P,20260918,2380,8,measure,4,pair_split_line,786432,1048576,33770,12994517012147593597,2511906,11,11,10970426587104661132,10970426587104661132
5,P,20260918,2381,8,measure,5,stride_17,8388608,1048576,257531,5488903167079342137,3661689,11,11,18303280461608560459,18303280461608560459
5,P,20260918,2382,8,measure,6,stride_17,16777216,1048576,1693077,13269147365200325861,4912276,11,11,15733075542637812219,15733075542637812219
5,P,20260918,2383,8,measure,7,random,16384,1048576,1111,924515244082297419,1093869,11,11,6832829510541850427,6832829510541850427
5,P,20260918,2384,8,measure,8,stride_4097,25165824,1048576,682722,10831911519312193325,7084510,11,11,10736250244788355789,10736250244788355789
5,P,20260918,2385,8,measure,9,stride_513,524288,1048576,15802,5645017132916176187,1507737,11,11,10061883979847375520,10061883979847375520
5,P,20260918,2386,8,measure,10,pair_same_line,6144,1048576,78,17516897111584651417,1677067,11,11,7156389930303247145,7156389930303247145
5,P,20260918,2387,8,measure,11,pair_split_line,25165824,1048576,2301533,11106890003946126270,14211239,11,11,13638551627229267554,13638551627229267554
5,P,20260918,2388,8,measure,12,pair_same_line,50331648,1048576,2035401,10400355867681353309,15306365,11,11,1716340133086010999,1716340133086010999
5,P,20260918,2389,8,measure,13,pair_split_line,196608,1048576,11573,4729738494723960285,2300968,11,11,11579378134793720135,11579378134793720135
5,P,20260918,2390,8,measure,14,stride_1_bis,3145728,1048576,56605,6217040851112013828,1895861,11,11,1361496175056358978,1361496175056358978
5,P,20260918,2391,8,measure,15,stride_4097,196608,1048576,17481,5819990729739829118,1407076,11,11,6450972410972661440,6450972410972661440
5,P,20260918,2392,8,measure,16,pair_same_line,262144,1048576,2563,1092490369159811451,1815398,11,11,7398148534053618252,7398148534053618252
5,P,20260918,2393,8,measure,17,stride_17,16384,1048576,171,17870010769287608811,1386288,11,11,9548053087369131008,9548053087369131008
5,P,20260918,2394,8,measure,18,stride_513,1572864,1048576,1128,2266963513175819201,1452068,11,11,15346159349426821392,15346159349426821392
5,P,20260918,2395,8,measure,19,pair_same_line,196608,1048576,2143,13700075621495945854,1805516,11,11,11270149155609110814,11270149155609110814
5,P,20260918,2396,8,measure,20,stride_1_double,67108864,2097152,5993858,5060752472173276040,4304300,11,11,16712004547883304616,16712004547883304616
5,P,20260918,2397,8,measure,21,stride_1,4194304,1048576,104665,7163488388535190903,1751975,11,11,12406089252390561320,12406089252390561320
5,P,20260918,2398,8,measure,22,stride_1,98304,1048576,11295,2254484509325955534,1364842,11,11,8590392879195714021,8590392879195714021
5,P,20260918,2399,8,measure,23,stride_513,6291456,1048576,584915,17268835759327352160,1970841,11,11,8960868997562969188,8960868997562969188
5,P,20260918,2400,8,measure,24,stride_17,25165824,1048576,39040,9015981254951084797,6576454,11,11,7990560777387245072,7990560777387245072
5,P,20260918,2401,8,measure,25,random,8192,1048576,417,6273352188422103469,1099149,11,11,5771133305885291972,5771133305885291972
5,P,20260918,2402,8,measure,26,stride_17,6291456,1048576,276052,10414619973537433114,4677970,11,11,10975951350869581222,10975951350869581222
5,P,20260918,2403,8,measure,27,random,67108864,1048576,5605601,17490522495936204017,14517788,11,11,5195393866498044684,5195393866498044684
5,P,20260918,2404,8,measure,28,random,393216,1048576,25473,4314095147578121591,1185542,11,11,6639652965462700246,6639652965462700246
5,P,20260918,2405,8,measure,29,stride_17,201326592,1048576,1670308,10295941468508132695,8622647,11,11,10742170422103508955,10742170422103508955
5,P,20260918,2406,8,measure,30,stride_4097,12288,1048576,987,1051650426313152238,1357214,11,11,11564161600694867577,11564161600694867577
5,P,20260918,2407,8,measure,31,stride_17,24576,1048576,2765,5737940314843861772,1352526,11,11,3931625924271780134,3931625924271780134
5,P,20260918,2408,8,measure,32,stride_17,100663296,1048576,9338117,14549759574216764186,8772495,11,11,3489532042623897873,3489532042623897873
5,P,20260918,2409,8,measure,33,pair_split_line,65536,1048576,6121,3656432184569755675,2187261,11,11,14768938465145855804,14768938465145855804
5,P,20260918,2410,8,measure,34,random,268435456,1048576,31689196,912596448493918361,17872143,11,11,13241699125840345013,13241699125840345013
5,P,20260918,2411,8,measure,35,pair_split_line,100663296,1048576,1423137,7143637523264486370,25794968,11,11,17536975260632198404,17536975260632198404
5,P,20260918,2412,8,measure,36,pair_split_line,33554432,1048576,2787019,5016608027721506803,22605726,11,11,13427964446601491212,13427964446601491212
5,P,20260918,2413,8,measure,37,random,25165824,1048576,1330836,2997116849222304560,13515620,11,11,8066991825666075098,8066991825666075098
5,P,20260918,2414,8,measure,38,stride_17,4096,1048576,215,5758279672258121118,2687235,11,11,8154595385843253248,8154595385843253248
5,P,20260918,2415,8,measure,39,pair_same_line,8388608,1048576,334138,1019229389602544155,11447181,11,11,9356796855872855248,9356796855872855248
5,P,20260918,2416,8,measure,40,stride_513,32768,1048576,60,4199845249662190502,2459733,11,11,10598541984122395648,10598541984122395648
5,P,20260918,2417,8,measure,41,stride_1_bis,8192,1048576,381,508772584917610017,1747565,11,11,116592947459441664,116592947459441664
5,P,20260918,2418,8,measure,42,stride_1_bis,98304,1048576,4309,5158602762424386958,1697991,11,11,2770200069155218170,2770200069155218170
5,P,20260918,2419,8,measure,43,pair_split_line,3145728,1048576,315212,13750565299254093188,5510076,11,11,17705949223319095127,17705949223319095127
5,P,20260918,2420,8,measure,44,stride_17,98304,1048576,1877,5768042218597046298,1697960,11,11,15255229248630474610,15255229248630474610
5,P,20260918,2421,8,measure,45,pair_same_line,3145728,1048576,120255,8112082824109465434,3066048,11,11,6975164102080380765,6975164102080380765
5,P,20260918,2422,8,measure,46,stride_1,8192,1048576,666,11822317727316635683,1746386,11,11,116592947459441664,116592947459441664
5,P,20260918,2423,8,measure,47,stride_1,50331648,1048576,4000073,17406164095837836899,2308492,11,11,12874432611455837060,12874432611455837060
5,P,20260918,2424,8,measure,48,pair_same_line,100663296,1048576,3837061,7541673548294939727,18322337,11,11,1762127891626806593,1762127891626806593
5,P,20260918,2425,8,measure,49,stride_1_double,65536,2097152,1103,10107064550183068676,3922197,11,11,14401013024949000960,14401013024949000960
5,P,20260918,2426,8,measure,50,pair_split_line,524288,1048576,44399,10919653567388829406,3298450,11,11,4387543373763624888,4387543373763624888
5,P,20260918,2427,8,measure,51,stride_1_bis,65536,1048576,4585,8367089761584413007,1690078,11,11,16423878549329276288,16423878549329276288
5,P,20260918,2428,8,measure,52,pair_same_line,2097152,1048576,60352,15502309797947312370,3942395,11,11,11277009923602710488,11277009923602710488
5,P,20260918,2429,8,measure,53,pair_split_line,2097152,1048576,63769,11670417058352558434,3375696,11,11,11027844950209246042,11027844950209246042
5,P,20260918,2430,8,measure,54,stride_17,12582912,1048576,1344069,9173451349727663992,4780592,11,11,16252560754025813382,16252560754025813382
5,P,20260918,2431,8,measure,55,stride_1,6291456,1048576,739376,15850750945376619317,1496474,11,11,8100164644257735237,8100164644257735237
5,P,20260918,2432,8,measure,56,stride_1_double,24576,2097152,1132,18044827711297224192,2776764,11,11,15964737657047621832,15964737657047621832
5,P,20260918,2433,8,measure,57,stride_513,49152,1048576,2427,4186538172219230557,1392924,11,11,9764209366394647040,9764209366394647040
5,P,20260918,2434,8,measure,58,stride_1_double,100663296,2097152,7535486,271844611920087607,3994936,11,11,8745309614281035011,8745309614281035011
5,P,20260918,2435,8,measure,59,random,98304,1048576,12043,17167614239368753288,1131576,11,11,9495417585692556919,9495417585692556919
5,P,20260918,2436,8,measure,60,stride_17,4194304,1048576,334374,13652289956136600919,3153528,11,11,12406089252390561320,12406089252390561320
5,P,20260918,2437,8,measure,61,stride_4097,2097152,1048576,46262,16516951253680560216,1423060,11,11,14577075130308765988,14577075130308765988
5,P,20260918,2438,8,measure,62,random,24576,1048576,2200,16757964929066123007,1087148,11,11,13341652450148348374,13341652450148348374
5,P,20260918,2439,8,measure,63,stride_1_bis,67108864,1048576,6004669,12263801051599098361,2196880,11,11,5719685874604176133,5719685874604176133
5,P,20260918,2440,8,measure,64,pair_same_line,268435456,1048576,1354987,9560203671486359391,18644089,11,11,4836412676077449023,4836412676077449023
5,P,20260918,2441,8,measure,65,random,33554432,1048576,1311675,3127124402138218427,13686058,11,11,5907676196717197279,5907676196717197279
5,P,20260918,2442,8,measure,66,stride_513,3145728,1048576,265208,6151853302333772998,2154045,11,11,13978878534847391976,13978878534847391976
5,P,20260918,2443,8,measure,67,stride_513,50331648,1048576,3294402,9676754109736830189,12151842,11,11,4037211095116303579,4037211095116303579
5,P,20260918,2444,8,measure,68,pair_split_line,1572864,1048576,58938,231654315607616085,3802481,11,11,15816345025117816790,15816345025117816790
5,P,20260918,2445,8,measure,69,stride_1_double,196608,2097152,7998,16371715513146303088,3463341,11,11,16119332531560954013,16119332531560954013
5,P,20260918,2446,8,measure,70,stride_1,1048576,1048576,47033,1463018281561779660,1630549,11,11,8797231230870489880,8797231230870489880
5,P,20260918,2447,8,measure,71,stride_1_bis,12582912,1048576,289105,13148806726697052483,2156971,11,11,8696050620129663735,8696050620129663735
5,P,20260918,2448,8,measure,72,pair_same_line,33554432,1048576,3552762,4401678424749481927,14805068,11,11,13025883294609833254,13025883294609833254
5,P,20260918,2449,8,measure,73,stride_513,8192,1048576,1008,12489811450947280913,1705027,11,11,116592947459441664,116592947459441664
5,P,20260918,2450,8,measure,74,stride_17,524288,1048576,11279,4962225589564559802,1679149,11,11,10061883979847375520,10061883979847375520
5,P,20260918,2451,8,measure,75,pair_split_line,8192,1048576,376,1550455014057118846,2501047,11,11,3618175632290840941,3618175632290840941
5,P,20260918,2452,8,measure,76,stride_513,2097152,1048576,67560,1050538479168898815,2858690,11,11,14577075130308765988,14577075130308765988
5,P,20260918,2453,8,measure,77,stride_513,4194304,1048576,309396,17860703049924154169,2368316,11,11,12406089252390561320,12406089252390561320
5,P,20260918,2454,8,measure,78,stride_513,25165824,1048576,2416461,10997846674227588667,8677050,11,11,1003168821508743228,1003168821508743228
5,P,20260918,2455,8,measure,79,stride_513,201326592,1048576,13790521,13403690643272261017,14319403,11,11,13810887299493858480,13810887299493858480
5,P,20260918,2456,8,measure,80,random,1048576,1048576,111274,14060447705352126321,1855513,11,11,17568109224246290763,17568109224246290763
5,P,20260918,2457,8,measure,81,stride_17,131072,1048576,11416,4900969767330506421,1863420,11,11,16921412609114818048,16921412609114818048
5,P,20260918,2458,8,measure,82,stride_1,12582912,1048576,673428,14713199389980211001,2448424,11,11,14408427186938133407,14408427186938133407
5,P,20260918,2459,8,measure,83,stride_1_bis,262144,1048576,8860,5320324327056439592,1694238,11,11,3252759155835688704,3252759155835688704
5,P,20260918,2460,8,measure,84,pair_split_line,393216,1048576,12398,16124194464539600534,2886095,11,11,16987933342546368780,16987933342546368780
5,P,20260918,2461,8,measure,85,stride_4097,6144,1048576,477,1088822190195134165,1666956,11,11,17840455888658416379,17840455888658416379
5,P,20260918,2462,8,measure,86,stride_1_double,4096,2097152,394,9413729484807914945,2920097,11,11,16309190771686506496,16309190771686506496
5,P,20260918,2463,8,measure,87,stride_4097,131072,1048576,3826,11035904256470580531,1461999,11,11,16921412609114818048,16921412609114818048
5,P,20260918,2464,8,measure,88,stride_1_double,524288,2097152,39777,14788081624243503383,2711375,11,11,1677023885985199424,1677023885985199424
5,P,20260918,2465,8,measure,89,stride_1_double,201326592,2097152,22169478,3423573474842438122,3504700,11,11,16227488594617462971,16227488594617462971
5,P,20260918,2466,8,measure,90,pair_same_line,8192,1048576,968,7643946749317887146,1624131,11,11,13413910867532542495,13413910867532542495
5,P,20260918,2467,8,measure,91,random,262144,1048576,22075,7830672748263376079,1155452,11,11,1940115528167004787,1940115528167004787
5,P,20260918,2468,8,measure,92,stride_513,8388608,1048576,903626,17629371286540160157,3602979,11,11,18303280461608560459,18303280461608560459
5,P,20260918,2469,8,measure,93,stride_17,2097152,1048576,164701,8210021951229379000,1569064,11,11,14577075130308765988,14577075130308765988
5,P,20260918,2470,8,measure,94,pair_split_line,131072,1048576,14073,10278748435709269752,2222625,11,11,16866210758251952393,16866210758251952393
5,P,20260918,2471,8,measure,95,stride_4097,1572864,1048576,84742,9575793283650723134,1447676,11,11,7125209998087650697,7125209998087650697
5,P,20260918,2472,8,measure,96,stride_4097,262144,1048576,8818,10610801836633628756,1440696,11,11,3252759155835688704,3252759155835688704
5,P,20260918,2473,8,measure,97,pair_same_line,16777216,1048576,1955613,3293522111351094486,12132609,11,11,3805669663092831420,3805669663092831420
5,P,20260918,2474,8,measure,98,random,524288,1048576,5293,16855730969095665912,1208835,11,11,1992011741514942853,1992011741514942853
5,P,20260918,2475,8,measure,99,random,3145728,1048576,53781,14807473492075010606,2205898,11,11,13858970624432663326,13858970624432663326
5,P,20260918,2476,8,measure,100,stride_1_bis,16384,1048576,992,7661264737059335213,1355956,11,11,9548053087369131008,9548053087369131008
5,P,20260918,2477,8,measure,101,stride_513,1048576,1048576,53398,5992456722451155584,1454595,11,11,8797231230870489880,8797231230870489880
5,P,20260918,2478,8,measure,102,stride_17,3145728,1048576,9703,3606262426268757473,2485951,11,11,10784868369073603878,10784868369073603878
5,P,20260918,2479,8,measure,103,pair_same_line,65536,1048576,5563,8643239653439893104,1696968,11,11,2885942771773312618,2885942771773312618
5,P,20260918,2480,8,measure,104,random,12288,1048576,1018,16388037205645868240,1106743,11,11,1837584335148030233,1837584335148030233
5,P,20260918,2481,8,measure,105,random,131072,1048576,15562,3077965784098610958,1182685,11,11,4534035572754892023,4534035572754892023
5,P,20260918,2482,8,measure,106,stride_1,2097152,1048576,74623,6715461149310124450,1409999,11,11,14577075130308765988,14577075130308765988
5,P,20260918,2483,8,measure,107,stride_17,262144,1048576,6094,17893938573991247923,1409435,11,11,3252759155835688704,3252759155835688704
5,P,20260918,2484,8,measure,108,stride_1_double,786432,2097152,91290,5891762634847619079,2801710,11,11,349473814165375694,349473814165375694
5,P,20260918,2485,8,measure,109,stride_4097,786432,1048576,88729,18057335675332789549,1483969,11,11,6880270633945767503,6880270633945767503
5,P,20260918,2486,8,measure,110,stride_1,4096,1048576,118,18119172013945289530,1412332,11,11,8154595385843253248,8154595385843253248
5,P,20260918,2487,8,measure,111,stride_1_bis,6144,1048576,291,444219498864066989,1408880,11,11,15867987601945234035,15867987601945234035
5,P,20260918,2488,8,measure,112,stride_1_bis,1048576,1048576,85152,9686667053691860525,1390205,11,11,8797231230870489880,8797231230870489880
5,P,20260918,2489,8,measure,113,stride_1,786432,1048576,80022,12028905884661512223,1362412,11,11,16011794297013000068,16011794297013000068
5,P,20260918,2490,8,measure,114,stride_17,393216,1048576,11245,11921032892887145650,1361065,11,11,4199839138571246401,4199839138571246401
5,P,20260918,2491,8,measure,115,stride_1,16777216,1048576,459642,5034877372159897013,2148713,11,11,11024848555925394051,11024848555925394051
5,P,20260918,2492,8,measure,116,stride_17,268435456,1048576,6300850,18019888797842356901,8658432,11,11,11397950046294553484,11397950046294553484
5,P,20260918,2493,8,measure,117,stride_1,393216,1048576,30333,3115143283465225466,1367874,11,11,10259157193692890844,10259157193692890844
5,P,20260918,2494,8,measure,118,stride_1,67108864,1048576,1660958,15163667519871162409,1852716,11,11,17842261674168670819,17842261674168670819
5,P,20260918,2495,8,measure,119,stride_1,65536,1048576,229,8292649730947059160,1355840,11,11,16423878549329276288,16423878549329276288
5,P,20260918,2496,8,measure,120,pair_split_line,98304,1048576,6838,2515897910334743449,2166071,11,11,3352153960218887363,3352153960218887363
5,P,20260918,2497,8,measure,121,pair_same_line,1048576,1048576,74998,11143854174237013371,2246405,11,11,3129643248284975198,3129643248284975198
5,P,20260918,2498,8,measure,122,stride_1_double,1048576,2097152,25105,1237260810599043518,2794006,11,11,17594462461740979760,17594462461740979760
5,P,20260918,2499,8,measure,123,stride_1_bis,100663296,1048576,6018221,8697163012689799105,1653600,11,11,3885510149871412737,3885510149871412737
5,P,20260918,2500,8,measure,124,pair_split_line,6291456,1048576,298417,2139642168439044771,5859106,11,11,4240517168081314636,4240517168081314636
5,P,20260918,2501,8,measure,125,stride_1_bis,201326592,1048576,11250596,4968980823669543025,1985731,11,11,14567218461510748782,14567218461510748782
5,P,20260918,2502,8,measure,126,stride_4097,3145728,1048576,153259,9472607756185049479,1753986,11,11,2967376806369456772,2967376806369456772
5,P,20260918,2503,8,measure,127,stride_1_bis,4194304,1048576,245099,10951526801794476673,1403678,11,11,12406089252390561320,12406089252390561320
5,P,20260918,2504,8,measure,128,pair_same_line,6291456,1048576,73192,11778437791543831004,3395171,11,11,1191673764920608139,1191673764920608139
5,P,20260918,2505,8,measure,129,stride_1,33554432,1048576,3676948,10308799697511807279,1699608,11,11,13161687344810948789,13161687344810948789
5,P,20260918,2506,8,measure,130,stride_1_double,4194304,2097152,31678,9210514853415257449,2840183,11,11,6365434431071571024,6365434431071571024
5,P,20260918,2507,8,measure,131,stride_513,67108864,1048576,5247709,2587090898065857502,11678386,11,11,2620093039642456225,2620093039642456225
5,P,20260918,2508,8,measure,132,pair_split_line,268435456,1048576,16760174,18240993199207959197,25084050,11,11,10083886462142493418,10083886462142493418
5,P,20260918,2509,8,measure,133,stride_1_double,268435456,2097152,4392468,9114443668595156965,4125736,11,11,13806687261892941893,13806687261892941893
5,P,20260918,2510,8,measure,134,pair_same_line,67108864,1048576,6872541,3903265438088059805,16926237,11,11,13979517254020113997,13979517254020113997
5,P,20260918,2511,8,measure,135,pair_same_line,32768,1048576,870,13162849376694314140,1629719,11,11,9447576589967806098,9447576589967806098
5,P,20260918,2512,8,measure,136,stride_1_double,1572864,2097152,15000,1097369970996545472,3101796,11,11,12187732635066376463,12187732635066376463
5,P,20260918,2513,8,measure,137,stride_513,4096,1048576,416,11227444413134679281,1409908,11,11,8154595385843253248,8154595385843253248
5,P,20260918,2514,8,measure,138,random,65536,1048576,3156,16696811936131264083,1171163,11,11,17666134505754361491,17666134505754361491
5,P,20260918,2515,8,measure,139,stride_17,6144,1048576,355,8016197858710600068,1412008,11,11,5266433504639496266,5266433504639496266
5,P,20260918,2516,8,measure,140,stride_17,1048576,1048576,8724,12935502115385468937,1447562,11,11,8797231230870489880,8797231230870489880
5,P,20260918,2517,8,measure,141,random,6144,1048576,697,3576190458544332472,1132382,11,11,649470916139479290,649470916139479290
5,P,20260918,2518,8,measure,142,stride_1,196608,1048576,15509,15791264049822762659,1408307,11,11,9902646684808700832,9902646684808700832
5,P,20260918,2519,8,measure,143,pair_same_line,1572864,1048576,7861,13126266390988068144,2233740,11,11,9461113363259062172,9461113363259062172
5,P,20260918,2520,8,measure,144,stride_1_double,98304,2097152,8589,371804245252629520,2787990,11,11,15487746726404572938,15487746726404572938
5,P,20260918,2521,8,measure,145,stride_1_bis,49152,1048576,4188,4365816673267818146,1410543,11,11,13722987707556785667,13722987707556785667
5,P,20260918,2522,8,measure,146,random,134217728,1048576,14412971,15033245579207936691,16305708,11,11,13475492367892150717,13475492367892150717
5,P,20260918,2523,8,measure,147,stride_4097,16777216,1048576,1452191,9502152386868703674,6864790,11,11,7639310104036399767,7639310104036399767
5,P,20260918,2524,8,measure,148,stride_4097,50331648,1048576,1089362,16616722590503289694,8376003,11,11,13226565811992837442,13226565811992837442
5,P,20260918,2525,8,measure,149,stride_1_bis,786432,1048576,79378,16276244917101268308,1582759,11,11,15714717561564232866,15714717561564232866
5,P,20260918,2526,8,measure,150,stride_1,268435456,1048576,23969959,11962554403587223374,1944088,11,11,602566640808845628,602566640808845628
5,P,20260918,2527,8,measure,151,stride_1_bis,50331648,1048576,96659,11762618187524683810,1824102,11,11,11200224855323734019,11200224855323734019
5,P,20260918,2528,8,measure,152,stride_1,201326592,1048576,1130446,10492014648715728908,1890352,11,11,433903865885376656,433903865885376656
5,P,20260918,2529,8,measure,153,stride_1_double,50331648,2097152,2995506,15899451048238185217,3410677,11,11,1395398484058963467,1395398484058963467
5,P,20260918,2530,8,measure,154,stride_4097,4096,1048576,478,3737693483034223535,1351790,11,11,8154595385843253248,8154595385843253248
5,P,20260918,2531,8,measure,155,stride_4097,524288,1048576,19598,9602250964290237159,1435626,11,11,10061883979847375520,10061883979847375520
5,P,20260918,2532,8,measure,156,stride_1,24576,1048576,462,4891381415807068062,1351715,11,11,3524516734306202801,3524516734306202801
5,P,20260918,2533,8,measure,157,stride_1_double,16777216,2097152,60113,12825283511065842974,3470726,11,11,12841062978479921428,12841062978479921428
5,P,20260918,2534,8,measure,158,stride_1,16384,1048576,338,11956942349652463016,1351576,11,11,9548053087369131008,9548053087369131008
5,P,20260918,2535,8,measure,159,stride_513,100663296,1048576,2027833,9536510227676819466,11568976,11,11,330374442631550371,330374442631550371
5,P,20260918,2536,8,measure,160,stride_1_bis,4096,1048576,60,16418079938452823507,1355561,11,11,8154595385843253248,8154595385843253248
5,P,20260918,2537,8,measure,161,stride_1_double,393216,2097152,19020,5939281393620117761,2719722,11,11,13750095470239689988,13750095470239689988
5,P,20260918,2538,8,measure,162,stride_1_double,6291456,2097152,198310,5071918384206366592,3795867,11,11,8752191632472222672,8752191632472222672
5,P,20260918,2539,8,measure,163,pair_split_line,50331648,1048576,5810124,6980722291142735455,16683319,11,11,10071822803780992249,10071822803780992249
5,P,20260918,2540,8,measure,164,stride_1_double,131072,2097152,14028,7408808062683830560,2854745,11,11,15396081144520084480,15396081144520084480
5,P,20260918,2541,8,measure,165,stride_513,131072,1048576,10172,5172313067485195153,1465610,11,11,16921412609114818048,16921412609114818048
5,P,20260918,2542,8,measure,166,random,2097152,1048576,186749,3626079078154945740,2249788,11,11,5986493824269748219,5986493824269748219
5,P,20260918,2543,8,measure,167,stride_513,33554432,1048576,1433309,383459195969837440,9433003,11,11,9044698129830962391,9044698129830962391
5,P,20260918,2544,8,measure,168,stride_4097,201326592,1048576,3311519,4693833580593005092,8932888,11,11,11452412054037763839,11452412054037763839
5,P,20260918,2545,8,measure,169,pair_same_line,131072,1048576,2361,8404847409598293865,2102529,11,11,300662557040154163,300662557040154163
5,P,20260918,2546,8,measure,170,pair_split_line,262144,1048576,32163,12415511898331467114,2529277,11,11,1775956807844654289,1775956807844654289
5,P,20260918,2547,8,measure,171,random,49152,1048576,3561,265131125266645335,1104957,11,11,15187027306383591173,15187027306383591173
5,P,20260918,2548,8,measure,172,stride_17,32768,1048576,2066,10879477307760166204,1393013,11,11,10598541984122395648,10598541984122395648
5,P,20260918,2549,8,measure,173,stride_1_double,12288,2097152,470,7936091922432353615,2714598,11,11,8347456720825229152,8347456720825229152
5,P,20260918,2550,8,measure,174,stride_513,786432,1048576,3400,1960659646384006735,1496267,11,11,16022285928360536512,16022285928360536512
5,P,20260918,2551,8,measure,175,pair_split_line,12582912,1048576,255754,12504179397468008441,10219226,11,11,14253727645036934458,14253727645036934458
5,P,20260918,2552,8,measure,176,stride_17,196608,1048576,21417,10886995551133991803,1360960,11,11,11496286024940795647,11496286024940795647
5,P,20260918,2553,8,measure,177,stride_513,196608,1048576,16569,5119549975299999703,1419538,11,11,11662605144128544768,11662605144128544768
5,P,20260918,2554,8,measure,178,random,1572864,1048576,73974,6195536590844403603,1435670,11,11,11837510003037888649,11837510003037888649
5,P,20260918,2555,8,measure,179,pair_same_line,16384,1048576,522,11741957521790455594,1639729,11,11,5076509182163264187,5076509182163264187
5,P,20260918,2556,8,measure,180,stride_17,134217728,1048576,16038993,2596159779620008998,8853015,11,11,10159302253480734004,10159302253480734004
5,P,20260918,2557,8,measure,181,stride_513,98304,1048576,7180,10821164552191203765,1487838,11,11,1589993245443464960,1589993245443464960
5,P,20260918,2558,8,measure,182,pair_same_line,25165824,1048576,2259930,14136140878509561994,14605739,11,11,1137934532950764202,1137934532950764202
5,P,20260918,2559,8,measure,183,stride_513,134217728,1048576,5029847,16150284205962278019,12448387,11,11,3926141923896150336,3926141923896150336
5,P,20260918,2560,8,measure,184,stride_4097,49152,1048576,678,8008045721194552973,2061657,11,11,4397485939431481501,4397485939431481501
5,P,20260918,2561,8,measure,185,stride_1_double,12582912,2097152,1164859,97132237832454869,4547410,11,11,1989219884985654629,1989219884985654629
5,P,20260918,2562,8,measure,186,stride_1_bis,134217728,1048576,7032709,819503674384916836,2302045,11,11,10548486303352648513,10548486303352648513
5,P,20260918,2563,8,measure,187,stride_1_bis,6291456,1048576,276524,2725797671521233698,2106475,11,11,16933160245223744312,16933160245223744312
5,P,20260918,2564,8,measure,188,stride_1_double,2097152,2097152,27090,9440548818122990394,2802175,11,11,10707406186907980360,10707406186907980360
5,P,20260918,2565,8,measure,189,random,12582912,1048576,346925,10404126456833349640,9036648,11,11,13519052585333826321,13519052585333826321
5,P,20260918,2566,8,measure,190,stride_17,1572864,1048576,24423,13032299591546445461,1546404,11,11,17067203686431884603,17067203686431884603
5,P,20260918,2567,8,measure,191,random,50331648,1048576,1976607,13820105488100563913,13869476,11,11,14352263664120226998,14352263664120226998
5,P,20260918,2568,8,measure,192,stride_1_bis,32768,1048576,3663,1385978571449246264,1616627,11,11,10598541984122395648,10598541984122395648
5,P,20260918,2569,8,measure,193,stride_1_bis,12288,1048576,785,12821765541409899433,1605747,11,11,17559298235231375756,17559298235231375756
5,P,20260918,2570,8,measure,194,pair_same_line,201326592,1048576,2599688,17244341620779841729,19745049,11,11,14853912125764377819,14853912125764377819
5,P,20260918,2571,8,measure,195,pair_split_line,32768,1048576,3003,6284939496675039962,2585350,11,11,6292256026675059966,6292256026675059966
5,P,20260918,2572,8,measure,196,stride_17,8192,1048576,921,14841255276915429150,1738810,11,11,116592947459441664,116592947459441664
5,P,20260918,2573,8,measure,197,stride_4097,33554432,1048576,3054846,10360431401427100743,7526304,11,11,11313994494946506556,11313994494946506556
5,P,20260918,2574,8,measure,198,stride_1,12288,1048576,636,10797203350134275043,1788973,11,11,127136063869707949,127136063869707949
5,P,20260918,2575,8,measure,199,pair_split_line,67108864,1048576,6560457,13540245819912688026,22076255,11,11,7919674045147875932,7919674045147875932
5,P,20260918,2576,8,measure,200,stride_1,524288,1048576,34693,9329381221453757293,2246527,11,11,10061883979847375520,10061883979847375520
5,P,20260918,2577,8,measure,201,stride_1,25165824,1048576,2564636,8402748465082591147,2531665,11,11,12528719753513027762,12528719753513027762
5,P,20260918,2578,8,measure,202,stride_513,16384,1048576,2035,17826098312330868374,1697564,11,11,9548053087369131008,9548053087369131008
5,P,20260918,2579,8,measure,203,stride_1_bis,24576,1048576,2467,2784276789936879608,1702734,11,11,15396314050662901506,15396314050662901506
5,P,20260918,2580,8,measure,204,stride_1_double,25165824,2097152,2867259,6020498189496443669,4716981,11,11,15971332755453981119,15971332755453981119
5,P,20260918,2581,8,measure,205,stride_4097,8192,1048576,747,11742315230702310201,1608801,11,11,116592947459441664,116592947459441664
5,P,20260918,2582,8,measure,206,stride_1_bis,268435456,1048576,5818043,17095803738498424854,2044714,11,11,8902056598452723186,8902056598452723186
5,P,20260918,2583,8,measure,207,stride_1_double,8388608,2097152,981075,5471189350443276189,4104274,11,11,18159816849507569302,18159816849507569302
5,P,20260918,2584,8,measure,208,pair_same_line,393216,1048576,22440,13711911489501288965,1870032,11,11,14418300730889717342,14418300730889717342
5,P,20260918,2585,8,measure,209,pair_split_line,12288,1048576,1148,9822432700078506713,1885508,11,11,4956333665726369804,4956333665726369804
5,P,20260918,2586,8,measure,210,stride_1,100663296,1048576,970552,15608998691697864668,2099411,11,11,7362012704695792818,7362012704695792818
5,P,20260918,2587,8,measure,211,stride_1_double,8192,2097152,912,1391145670947558847,2822242,11,11,233185894918883328,233185894918883328
5,P,20260918,2588,8,measure,212,stride_1_double,6144,2097152,652,194162096121065663,2816391,11,11,1360211901087801590,1360211901087801590
5,P,20260918,2589,8,measure,213,stride_1,49152,1048576,355,12147007781136659504,1355766,11,11,15782520085109808309,15782520085109808309
5,P,20260918,2590,8,measure,214,stride_1_double,49152,2097152,2451,17907633407712410387,2740351,11,11,16272561237918347498,16272561237918347498
5,P,20260918,2591,8,measure,215,stride_1,32768,1048576,2319,12278027011534018909,1355672,11,11,10598541984122395648,10598541984122395648
5,P,20260918,2592,8,measure,216,random,100663296,1048576,5527891,11865977660030830064,15231195,11,11,16465238741028554687,16465238741028554687
5,P,20260918,2593,8,measure,217,stride_513,262144,1048576,15660,13324154487862355405,1404811,11,11,3252759155835688704,3252759155835688704
5,P,20260918,2594,8,measure,218,random,786432,1048576,52156,12925355705154734549,1327180,11,11,2296962037421338411,2296962037421338411
5,P,20260918,2595,8,measure,219,stride_1,262144,1048576,24575,9201549180343114981,1354736,11,11,3252759155835688704,3252759155835688704
5,P,20260918,2596,8,measure,220,pair_split_line,4096,1048576,59,15860615409932652611,1896166,11,11,17389036612445402029,17389036612445402029
5,P,20260918,2597,8,measure,221,stride_513,16777216,1048576,1198038,4245432268750204007,8694823,11,11,5808750762330129001,5808750762330129001
5,P,20260918,2598,8,measure,222,pair_same_line,12582912,1048576,891301,402641428121519787,11094705,11,11,6710363542657436886,6710363542657436886
5,P,20260918,2599,8,measure,223,stride_4097,268435456,1048576,13664469,14691310766317807516,7845649,11,11,12039426624267333820,12039426624267333820
5,P,20260918,2600,8,measure,224,stride_1,134217728,1048576,7463221,4628642118373174375,2306574,11,11,738359449623623333,738359449623623333
5,P,20260918,2601,8,measure,225,stride_1_bis,25165824,1048576,2780807,11565418029720818952,2315975,11,11,10208627546250130598,10208627546250130598
5,P,20260918,2602,8,measure,226,pair_same_line,134217728,1048576,3445286,7794515875153873307,18177500,11,11,7556102345833860983,7556102345833860983
5,P,20260918,2603,8,measure,227,pair_split_line,1048576,1048576,20361,2027235799398728759,3461090,11,11,14555405965759657282,14555405965759657282
5,P,20260918,2604,8,measure,228,stride_17,67108864,1048576,8287407,10754934533309502456,9139461,11,11,12267935161105521686,12267935161105521686
5,P,20260918,2605,8,measure,229,stride_513,268435456,1048576,4478801,9049477399803201012,13441644,11,11,17659321453637727006,17659321453637727006
5,P,20260918,2606,8,measure,230,stride_1_bis,16777216,1048576,426978,2750197024067101355,2724815,11,11,8852643637018598607,8852643637018598607
5,P,20260918,2607,8,measure,231,stride_513,12288,1048576,1040,5896970299017162088,1804715,11,11,9502424420678940672,9502424420678940672
5,P,20260918,2608,8,measure,232,stride_1,6144,1048576,472,16004260503379696543,1689839,11,11,484867179983111867,484867179983111867
5,P,20260918,2609,8,measure,233,random,16777216,1048576,1886054,11713329587716720166,12439954,11,11,13352649079359178646,13352649079359178646
5,P,20260918,2610,8,measure,234,pair_split_line,16777216,1048576,947712,13158374428984446146,13922300,11,11,7038914967189779401,7038914967189779401
5,P,20260918,2611,8,measure,235,stride_513,6144,1048576,149,588002863778893626,2124196,11,11,9261835561974562816,9261835561974562816
5,P,20260918,2612,8,measure,236,stride_1,1572864,1048576,141067,1380446811409138853,1804060,11,11,1104540391314187490,1104540391314187490
5,P,20260918,2613,8,measure,237,pair_split_line,8388608,1048576,104930,14798604969361796728,7498234,11,11,6630650715153857011,6630650715153857011
5,P,20260918,2614,8,measure,238,pair_split_line,201326592,1048576,15747478,6140042617664557504,28270748,11,11,4729435870886155320,4729435870886155320
5,P,20260918,2615,8,measure,239,stride_1,131072,1048576,15379,628543179581302750,2427351,11,11,16921412609114818048,16921412609114818048
5,P,20260918,2616,8,measure,240,stride_1_bis,524288,1048576,10088,9728361926073864355,2029947,11,11,10061883979847375520,10061883979847375520
5,P,20260918,2617,8,measure,241,stride_17,49152,1048576,1740,6440470590159213455,1748507,11,11,17982168999718780521,17982168999718780521
5,P,20260918,2618,8,measure,242,pair_split_line,4194304,1048576,444166,542052767475023775,7388299,11,11,16171807794728482924,16171807794728482924
5,P,20260918,2619,8,measure,243,stride_17,12288,1048576,1461,14288107850631525259,1752367,11,11,245007393861770893,245007393861770893
5,P,20260918,2620,8,measure,244,stride_1_double,16384,2097152,1631,2412872719822380856,3437211,11,11,649362101028710400,649362101028710400
5,P,20260918,2621,8,measure,245,stride_17,33554432,1048576,3990398,15711125378381195582,8343252,11,11,17270630387681135402,17270630387681135402
5,P,20260918,2622,8,measure,246,stride_1_bis,33554432,1048576,2295073,18167755828288225898,2422226,11,11,3399158755520021363,3399158755520021363
5,P,20260918,2623,8,measure,247,stride_4097,16384,1048576,561,4140645745368401521,1915543,11,11,9548053087369131008,9548053087369131008
5,P,20260918,2624,8,measure,248,stride_4097,67108864,1048576,1896529,1441623119523911870,7232357,11,11,17613459752300553178,17613459752300553178
5,P,20260918,2625,8,measure,249,pair_split_line,134217728,1048576,9318796,14089120641931307322,26542340,11,11,9312671885353092764,9312671885353092764
5,P,20260918,2626,8,measure,250,stride_4097,134217728,1048576,7200517,9309196802143313308,9663927,11,11,8353281478727832360,8353281478727832360
5,P,20260918,2627,8,measure,251,stride_4097,24576,1048576,25,6111308161871237733,2394919,11,11,3403229574302920987,3403229574302920987
5,P,20260918,2628,8,measure,252,pair_same_line,524288,1048576,37038,13166193880216761685,2825950,11,11,16932557631379225194,16932557631379225194
5,P,20260918,2629,8,measure,253,stride_4097,8388608,1048576,368731,15552766046723508168,5001446,11,11,18303280461608560459,18303280461608560459
5,P,20260918,2630,8,measure,254,stride_17,65536,1048576,7451,14692393871520805942,2363745,11,11,16423878549329276288,16423878549329276288
5,P,20260918,2631,8,measure,255,stride_513,12582912,1048576,362094,3161775034794983882,7242470,11,11,10120808792106458316,10120808792106458316
5,P,20260918,2632,8,measure,256,stride_4097,98304,1048576,4076,17649222622473158722,2248920,11,11,11701150050253451194,11701150050253451194
5,P,20260918,2633,8,measure,257,stride_17,50331648,1048576,5048894,11731948304975863184,9864027,11,11,17876970372963392663,17876970372963392663
5,P,20260918,2634,8,measure,258,stride_1_bis,196608,1048576,20420,14922864906431137840,2177713,11,11,14598994872065380895,14598994872065380895
5,P,20260918,2635,8,measure,259,pair_split_line,16384,1048576,350,7033172611646028568,2548188,11,11,13128735383709378732,13128735383709378732
5,P,20260918,2636,8,measure,260,pair_split_line,24576,1048576,1648,6522547092855306083,2356975,11,11,12813300865328184241,12813300865328184241
5,P,20260918,2637,8,measure,261,pair_same_line,4096,1048576,462,8682385953609042084,2034667,11,11,17686740051840286315,17686740051840286315
5,P,20260918,2638,8,measure,262,stride_1_bis,8388608,1048576,445749,11344737191638866915,2336113,11,11,18303280461608560459,18303280461608560459
5,P,20260918,2639,8,measure,263,random,6291456,1048576,542229,9107574151415263554,4012583,11,11,16469850398104642983,16469850398104642983
5,P,20260918,2640,8,measure,264,stride_4097,32768,1048576,2168,5789689425427829756,1574312,11,11,10598541984122395648,10598541984122395648
5,P,20260918,2641,8,measure,265,pair_same_line,4194304,1048576,35378,3808257184439243925,3202869,11,11,5997874695422755168,5997874695422755168
5,P,20260918,2642,8,measure,266,random,8388608,1048576,327900,4061802355491997739,5419524,11,11,488631833519639962,488631833519639962
5,P,20260918,2643,8,measure,267,pair_same_line,24576,1048576,1687,2014059399652357921,1745183,11,11,12142392355493417160,12142392355493417160
5,P,20260918,2644,8,measure,268,stride_4097,393216,1048576,24576,12994787150629843541,1409698,11,11,10791978063890559826,10791978063890559826
5,P,20260918,2645,8,measure,269,pair_same_line,12288,1048576,1098,5160741467173314437,1634124,11,11,15825031852004606325,15825031852004606325
5,P,20260918,2646,8,measure,270,stride_4097,65536,1048576,6956,11636749511760645719,1426815,11,11,16423878549329276288,16423878549329276288
5,P,20260918,2647,8,measure,271,stride_1_double,134217728,2097152,523689,15400750367146964871,3973641,11,11,11593804558962665614,11593804558962665614
5,P,20260918,2648,8,measure,272,stride_1_bis,2097152,1048576,33101,8171925828223683930,1469088,11,11,14577075130308765988,14577075130308765988
5,P,20260918,2649,8,measure,273,random,201326592,1048576,19038380,17362365788306295674,16747031,11,11,7663285838128944778,7663285838128944778
5,P,20260918,2650,8,measure,274,stride_513,393216,1048576,30976,6629257029953677198,1569214,11,11,14847694413740558592,14847694413740558592
5,P,20260918,2651,8,measure,275,random,32768,1048576,3489,10396300647385526681,1168992,11,11,268333825578891520,268333825578891520
5,P,20260918,2652,8,measure,276,pair_same_line,786432,1048576,48103,11445989681156706561,2089060,11,11,3266373436863997935,3266373436863997935
5,P,20260918,2653,8,measure,277,pair_split_line,6144,1048576,325,1970026521202801067,1884830,11,11,12986190171499250682,12986190171499250682
5,P,20260918,2654,8,measure,278,stride_1_double,33554432,2097152,2810056,6142169930113948722,4133667,11,11,16604795663707857572,16604795663707857572
5,P,20260918,2655,8,measure,279,stride_513,65536,1048576,4756,8580848142179070244,1414671,11,11,16423878549329276288,16423878549329276288
5,P,20260918,2656,8,measure,280,stride_4097,4194304,1048576,103312,5435139692090979548,1583585,11,11,12406089252390561320,12406089252390561320
5,P,20260918,2657,8,measure,281,pair_split_line,49152,1048576,5889,10666678465043465948,1882314,11,11,11657457712403403908,11657457712403403908
5,P,20260918,2658,8,measure,282,stride_4097,6291456,1048576,257374,16383236428570409178,2035968,11,11,13169884523348690132,13169884523348690132
5,P,20260918,2659,8,measure,283,random,196608,1048576,12377,12977390359798681566,1172571,11,11,17046626998158340101,17046626998158340101
5,P,20260918,2660,8,measure,284,stride_1,8388608,1048576,92066,8756189714600173230,1678760,11,11,18303280461608560459,18303280461608560459
5,P,20260918,2661,8,measure,285,pair_same_line,98304,1048576,7512,10974582119470323184,1781462,11,11,13699862737705154903,13699862737705154903
5,P,20260918,2662,8,measure,286,stride_17,786432,1048576,73610,7993103458516187606,1456257,11,11,12503239352454830887,12503239352454830887
5,P,20260918,2663,8,measure,287,stride_4097,1048576,1048576,11902,13086568964404935292,1466026,11,11,8797231230870489880,8797231230870489880
5,P,20260918,2664,8,measure,288,stride_4097,100663296,1048576,1751241,6419918071011876583,8518100,11,11,4407339687878675338,4407339687878675338
5,P,20260918,2665,8,measure,289,stride_1_bis,393216,1048576,27785,8830658303384293879,1399945,11,11,10888798774419480168,10888798774419480168
5,P,20260918,2666,8,measure,290,pair_same_line,49152,1048576,3176,12690187199940870269,1642913,11,11,13519391538152289543,13519391538152289543
5,P,20260918,2667,8,measure,291,stride_1_bis,131072,1048576,13133,17030397037827673522,1356906,11,11,16921412609114818048,16921412609114818048
5,P,20260918,2668,8,measure,292,random,4096,1048576,407,7022565213836241712,1091551,11,11,6423985258021472281,6423985258021472281
5,P,20260918,2669,8,measure,293,stride_1_double,3145728,2097152,161062,3603591633300772671,3482899,11,11,13664815125050464466,13664815125050464466
5,P,20260918,2670,8,measure,294,random,4194304,1048576,252187,2121389071971794616,2922574,11,11,879868325327247609,879868325327247609
5,P,20260918,2671,8,measure,295,stride_4097,12582912,1048576,842439,10633072491322773974,5313769,11,11,2722195225619056274,2722195225619056274
5,P,20260918,2672,8,measure,296,stride_1,3145728,1048576,205991,11034049999590354321,1453028,11,11,16404764939975288238,16404764939975288238
