run_id,core,seed,sample,round,phase,position,label,bytes,accesses,start,salt,elapsed_ns,cpu_before,cpu_after,result,expected
22,P,20260918,0,0,warmup,0,stride_17,32768,1048576,1700,3918293839487361501,1376535,11,11,10598541984122395648,10598541984122395648
22,P,20260918,1,0,warmup,1,stride_1_double,131072,2097152,7308,10537928939192124353,2744858,11,11,15396081144520084480,15396081144520084480
22,P,20260918,2,0,warmup,2,stride_1_double,100663296,2097152,8095820,3320899130280633947,3598833,11,11,16243819005751711600,16243819005751711600
22,P,20260918,3,0,warmup,3,stride_1_double,33554432,2097152,1057973,2327812375886014607,3530943,11,11,5674196619232715620,5674196619232715620
22,P,20260918,4,0,warmup,4,stride_4097,25165824,1048576,1439679,4694727808405887338,8050295,11,11,259060192813480142,259060192813480142
22,P,20260918,5,0,warmup,5,pair_same_line,25165824,1048576,2818315,13297956198573345339,14713197,11,11,2947252422741329437,2947252422741329437
22,P,20260918,6,0,warmup,6,pair_same_line,1572864,1048576,189012,13984520019572439602,2796083,11,11,3760740200806528086,3760740200806528086
22,P,20260918,7,0,warmup,7,stride_1_double,24576,2097152,64,13450319143084512004,2792305,11,11,9533120289449265458,9533120289449265458
22,P,20260918,8,0,warmup,8,pair_split_line,3145728,1048576,100155,967376718877071656,4199219,11,11,15390005800858143687,15390005800858143687
22,P,20260918,9,0,warmup,9,pair_same_line,50331648,1048576,5319816,12377367872200927318,15896122,11,11,13013762940816442740,13013762940816442740
22,P,20260918,10,0,warmup,10,stride_4097,49152,1048576,6010,13561464503300676983,1364328,11,11,1725254979457915209,1725254979457915209
22,P,20260918,11,0,warmup,11,stride_17,67108864,1048576,5470711,10584428573460043804,8052547,11,11,16070048413893769488,16070048413893769488
22,P,20260918,12,0,warmup,12,stride_17,6291456,1048576,746718,10431229471789119328,4852824,11,11,17099154136149001069,17099154136149001069
22,P,20260918,13,0,warmup,13,pair_same_line,100663296,1048576,2777950,17957154241293244086,17465918,11,11,7691206441083276241,7691206441083276241
22,P,20260918,14,0,warmup,14,stride_513,134217728,1048576,8843742,9872563625706156831,11746005,11,11,8470544842777335676,8470544842777335676
22,P,20260918,15,0,warmup,15,random,262144,1048576,23000,6505357044671541491,1461922,11,11,4194159797479761364,4194159797479761364
22,P,20260918,16,0,warmup,16,stride_1,98304,1048576,11414,4364751106973379286,1650580,11,11,3063323268669491146,3063323268669491146
22,P,20260918,17,0,warmup,17,stride_1,4194304,1048576,130318,18369543216683282806,1927141,11,11,12406089252390561320,12406089252390561320
22,P,20260918,18,0,warmup,18,pair_same_line,33554432,1048576,3502364,18427749748927581092,16294519,11,11,14119236751885670733,14119236751885670733
22,P,20260918,19,0,warmup,19,random,524288,1048576,28876,9242296111035131255,1682344,11,11,267369599226696063,267369599226696063
22,P,20260918,20,0,warmup,20,stride_1,196608,1048576,24286,964391889549211823,1764567,11,11,13444378653323255795,13444378653323255795
22,P,20260918,21,0,warmup,21,pair_split_line,131072,1048576,7510,17722037069721886965,2714628,11,11,17761717791044405787,17761717791044405787
22,P,20260918,22,0,warmup,22,pair_split_line,4096,1048576,144,915330274679859087,2182332,11,11,16649081930849635115,16649081930849635115
22,P,20260918,23,0,warmup,23,random,33554432,1048576,3986367,831195150216749600,13882390,11,11,7559066555537553750,7559066555537553750
22,P,20260918,24,0,warmup,24,random,8388608,1048576,736172,3093364877100571330,9687566,11,11,15179500986556836261,15179500986556836261
22,P,20260918,25,0,warmup,25,stride_513,8192,1048576,426,10809005513726756338,1992691,11,11,116592947459441664,116592947459441664
22,P,20260918,26,0,warmup,26,random,16384,1048576,990,17648611543784321487,1531800,11,11,14487289608715683636,14487289608715683636
22,P,20260918,27,0,warmup,27,stride_1,3145728,1048576,218696,10285943470732454665,1962917,11,11,17119523190848152424,17119523190848152424
22,P,20260918,28,0,warmup,28,random,98304,1048576,3512,5858442900269201956,1409295,11,11,1018632995387847550,1018632995387847550
22,P,20260918,29,0,warmup,29,stride_513,262144,1048576,21286,14787648479037410911,1741547,11,11,3252759155835688704,3252759155835688704
22,P,20260918,30,0,warmup,30,stride_4097,98304,1048576,7665,18081527197758055279,1728372,11,11,8448941248868434919,8448941248868434919
22,P,20260918,31,0,warmup,31,stride_513,25165824,1048576,445319,11280219970677392406,8935756,11,11,11886943178879158261,11886943178879158261
22,P,20260918,32,0,warmup,32,stride_1_double,98304,2097152,325,4464331633267222371,3445849,11,11,5296545521005744543,5296545521005744543
22,P,20260918,33,0,warmup,33,stride_4097,8192,1048576,739,10357645676353224725,1608967,11,11,116592947459441664,116592947459441664
22,P,20260918,34,0,warmup,34,stride_1,1572864,1048576,84048,4990476403080479839,1646339,11,11,13190065249238922644,13190065249238922644
22,P,20260918,35,0,warmup,35,stride_1_bis,8388608,1048576,186343,13815090273415414872,1973699,11,11,18303280461608560459,18303280461608560459
22,P,20260918,36,0,warmup,36,pair_same_line,65536,1048576,7723,7679186692763248299,1829410,11,11,16147586131872417275,16147586131872417275
22,P,20260918,37,0,warmup,37,stride_513,6291456,1048576,186537,14730088940048180034,1700396,11,11,2329185465026963428,2329185465026963428
22,P,20260918,38,0,warmup,38,stride_1,131072,1048576,251,4866591298255128434,1358599,11,11,16921412609114818048,16921412609114818048
22,P,20260918,39,0,warmup,39,stride_4097,12582912,1048576,498612,6134065130583394860,4913008,11,11,15567624208602839617,15567624208602839617
22,P,20260918,40,0,warmup,40,pair_same_line,262144,1048576,28185,15146663061861297085,1820760,11,11,4936887121208230676,4936887121208230676
22,P,20260918,41,0,warmup,41,stride_4097,2097152,1048576,221226,11336747856173717405,1477342,11,11,14577075130308765988,14577075130308765988
22,P,20260918,42,0,warmup,42,random,268435456,1048576,30520995,14277446297398721728,17042701,11,11,10762603699389535367,10762603699389535367
22,P,20260918,43,0,warmup,43,pair_split_line,33554432,1048576,391845,4263991388031261554,18472441,11,11,13531126942660384096,13531126942660384096
22,P,20260918,44,0,warmup,44,stride_1_bis,12288,1048576,754,10144601120912178097,1881276,11,11,13379348396329930597,13379348396329930597
22,P,20260918,45,0,warmup,45,stride_4097,524288,1048576,12347,15510959707263195418,2036441,11,11,10061883979847375520,10061883979847375520
22,P,20260918,46,0,warmup,46,stride_1,8192,1048576,537,8090825755647615118,1788883,11,11,116592947459441664,116592947459441664
22,P,20260918,47,0,warmup,47,stride_4097,65536,1048576,5110,6668565358588931501,1772993,11,11,16423878549329276288,16423878549329276288
22,P,20260918,48,0,warmup,48,pair_split_line,16384,1048576,1135,17214545400892401414,2219057,11,11,8267775131695856532,8267775131695856532
22,P,20260918,49,0,warmup,49,pair_same_line,98304,1048576,11519,16553681836517417629,1974637,11,11,6369501026903963941,6369501026903963941
22,P,20260918,50,0,warmup,50,pair_split_line,268435456,1048576,29438054,10763039185439111745,27373026,11,11,10977949373702052347,10977949373702052347
22,P,20260918,51,0,warmup,51,stride_1,24576,1048576,3023,9997171009205814141,2202773,11,11,7470602022537899126,7470602022537899126
22,P,20260918,52,0,warmup,52,pair_same_line,24576,1048576,1755,5317994394694133068,2272231,11,11,15572480281917200033,15572480281917200033
22,P,20260918,53,0,warmup,53,stride_1_double,201326592,2097152,13349913,8779695891463814780,4378047,11,11,4410416263203052732,4410416263203052732
22,P,20260918,54,0,warmup,54,stride_513,2097152,1048576,181498,8763301932959923140,5445322,11,11,14577075130308765988,14577075130308765988
22,P,20260918,55,0,warmup,55,stride_1_double,196608,2097152,6653,3002129657383788072,3545051,11,11,12835657025871102248,12835657025871102248
22,P,20260918,56,0,warmup,56,stride_513,268435456,1048576,31530221,11187524909718056146,12573796,11,11,13707398690137068833,13707398690137068833
22,P,20260918,57,0,warmup,57,stride_513,67108864,1048576,7266150,11760322374210590837,14160170,11,11,838258915500760689,838258915500760689
22,P,20260918,58,0,warmup,58,stride_513,1048576,1048576,114071,7678354437552436701,2784909,11,11,8797231230870489880,8797231230870489880
22,P,20260918,59,0,warmup,59,stride_1_bis,65536,1048576,7419,6538422496266033503,1964619,11,11,16423878549329276288,16423878549329276288
22,P,20260918,60,0,warmup,60,random,100663296,1048576,8866723,4650617349642685250,18110793,11,11,4129062568411420667,4129062568411420667
22,P,20260918,61,0,warmup,61,stride_17,65536,1048576,3017,1748408154185689271,2622309,11,11,16423878549329276288,16423878549329276288
22,P,20260918,62,0,warmup,62,stride_1,268435456,1048576,31314612,16235081953523623660,2134242,11,11,15445414668703757513,15445414668703757513
22,P,20260918,63,0,warmup,63,pair_same_line,4096,1048576,325,8556658396163907469,2032196,11,11,2588062774678298862,2588062774678298862
22,P,20260918,64,0,warmup,64,stride_1,8388608,1048576,746277,6532812642312568550,1923650,11,11,18303280461608560459,18303280461608560459
22,P,20260918,65,0,warmup,65,stride_1_double,50331648,2097152,1758676,13449455355262822862,4414956,11,11,16152864939959956515,16152864939959956515
22,P,20260918,66,0,warmup,66,stride_1,524288,1048576,33018,11106716216261776491,1749050,11,11,10061883979847375520,10061883979847375520
22,P,20260918,67,0,warmup,67,stride_4097,1048576,1048576,85381,3390932129394936271,1840706,11,11,8797231230870489880,8797231230870489880
22,P,20260918,68,0,warmup,68,stride_513,12288,1048576,1503,4160952319742177592,1695626,11,11,5992043729455024128,5992043729455024128
22,P,20260918,69,0,warmup,69,stride_1,49152,1048576,5774,17853714250002951817,1693937,11,11,2223282791134837704,2223282791134837704
22,P,20260918,70,0,warmup,70,stride_1_double,524288,2097152,36761,16528856488674977759,3179851,11,11,1677023885985199424,1677023885985199424
22,P,20260918,71,0,warmup,71,pair_split_line,262144,1048576,5170,17248749864788462492,2598179,11,11,9587329116106998581,9587329116106998581
22,P,20260918,72,0,warmup,72,stride_1_double,1572864,2097152,53604,9584491093664330986,2913472,11,11,6583550643590187702,6583550643590187702
22,P,20260918,73,0,warmup,73,stride_1_double,8388608,2097152,451907,15539927302904379040,3713496,11,11,18159816849507569302,18159816849507569302
22,P,20260918,74,0,warmup,74,stride_513,16777216,1048576,5467,4789576080290919103,8598133,11,11,3971140399230552208,3971140399230552208
22,P,20260918,75,0,warmup,75,random,201326592,1048576,6882510,4250674373179320502,17344043,11,11,2553178617211889791,2553178617211889791
22,P,20260918,76,0,warmup,76,pair_split_line,1572864,1048576,159843,7745829076042461172,3866739,11,11,13497099124959338847,13497099124959338847
22,P,20260918,77,0,warmup,77,stride_17,16384,1048576,307,13823285186444386848,1695183,11,11,9548053087369131008,9548053087369131008
22,P,20260918,78,0,warmup,78,stride_17,262144,1048576,22208,7426384006614220904,1644196,11,11,3252759155835688704,3252759155835688704
22,P,20260918,79,0,warmup,79,random,6144,1048576,341,9511889149794340408,1330061,11,11,4774928523718581547,4774928523718581547
22,P,20260918,80,0,warmup,80,pair_same_line,6291456,1048576,285081,2635248822260804851,8173966,11,11,2944335562385317796,2944335562385317796
22,P,20260918,81,0,warmup,81,stride_4097,100663296,1048576,5144526,17991930925786516802,9141225,11,11,6504333539581383681,6504333539581383681
22,P,20260918,82,0,warmup,82,stride_4097,67108864,1048576,5117597,9425660682399036596,7532917,11,11,6378339398523378735,6378339398523378735
22,P,20260918,83,0,warmup,83,pair_split_line,6291456,1048576,582460,9172595035973420260,9513322,11,11,12284369745846916816,12284369745846916816
22,P,20260918,84,0,warmup,84,pair_split_line,49152,1048576,1199,17820246145224224740,2476859,11,11,3944361128057753773,3944361128057753773
22,P,20260918,85,0,warmup,85,stride_1_double,4194304,2097152,45467,15370649333521512245,3489785,11,11,6365434431071571024,6365434431071571024
22,P,20260918,86,0,warmup,86,stride_513,131072,1048576,1876,5744586450088898705,1692485,11,11,16921412609114818048,16921412609114818048
22,P,20260918,87,0,warmup,87,stride_1_bis,25165824,1048576,1541659,13438126025410086891,2008282,11,11,1041373236275014001,1041373236275014001
22,P,20260918,88,0,warmup,88,pair_split_line,98304,1048576,3636,17745419943690497395,2387081,11,11,8117866876910032829,8117866876910032829
22,P,20260918,89,0,warmup,89,stride_1_bis,49152,1048576,2924,8136558033998533443,1406297,11,11,3385369803943805067,3385369803943805067
22,P,20260918,90,0,warmup,90,stride_17,4194304,1048576,54010,6903823444745153292,3709056,11,11,12406089252390561320,12406089252390561320
22,P,20260918,91,0,warmup,91,stride_513,98304,1048576,10622,2145335084645406820,1407088,11,11,16959111087276692480,16959111087276692480
22,P,20260918,92,0,warmup,92,pair_same_line,131072,1048576,7751,15407801485655244165,1780038,11,11,16038939044799258576,16038939044799258576
22,P,20260918,93,0,warmup,93,stride_1_bis,98304,1048576,1184,9891985210678494294,1381363,11,11,4889802134515863242,4889802134515863242
22,P,20260918,94,0,warmup,94,stride_1_double,12288,2097152,590,11670741928084299718,2772762,11,11,480201186682700808,480201186682700808
22,P,20260918,95,0,warmup,95,stride_513,16384,1048576,1663,10032180850264682921,1410876,11,11,9548053087369131008,9548053087369131008
22,P,20260918,96,0,warmup,96,stride_4097,201326592,1048576,1448978,3934409063985232247,9216697,11,11,2984026645983514389,2984026645983514389
22,P,20260918,97,0,warmup,97,stride_513,33554432,1048576,450983,12661855418856301089,11623070,11,11,7618918967443750968,7618918967443750968
22,P,20260918,98,0,warmup,98,stride_1_bis,4096,1048576,256,8128541460694502829,1518756,11,11,8154595385843253248,8154595385843253248
22,P,20260918,99,0,warmup,99,stride_1_bis,16384,1048576,394,11090597950245336580,1511925,11,11,9548053087369131008,9548053087369131008
22,P,20260918,100,0,warmup,100,stride_1_bis,262144,1048576,18207,10249027302350482030,1486636,11,11,3252759155835688704,3252759155835688704
22,P,20260918,101,0,warmup,101,stride_1,262144,1048576,974,16774170138814154508,1379018,11,11,3252759155835688704,3252759155835688704
22,P,20260918,102,0,warmup,102,stride_1_double,3145728,2097152,248442,15114421271849911109,3122332,11,11,1063337707226776480,1063337707226776480
22,P,20260918,103,0,warmup,103,stride_17,268435456,1048576,11843983,3057065807524839920,9458992,11,11,1894081850009691838,1894081850009691838
22,P,20260918,104,0,warmup,104,stride_17,100663296,1048576,2424107,11891306217791468515,6795302,11,11,4703008538007350202,4703008538007350202
22,P,20260918,105,0,warmup,105,stride_1_double,32768,2097152,1910,18330130393001095926,3022813,11,11,2750339894535239680,2750339894535239680
22,P,20260918,106,0,warmup,106,random,16777216,1048576,797726,16909206416579848490,13484541,11,11,4893349559102767712,4893349559102767712
22,P,20260918,107,0,warmup,107,stride_17,8388608,1048576,65188,15674691293843597432,4881515,11,11,18303280461608560459,18303280461608560459
22,P,20260918,108,0,warmup,108,pair_same_line,2097152,1048576,251084,11516767248839807896,3638602,11,11,7416217523786173124,7416217523786173124
22,P,20260918,109,0,warmup,109,stride_17,12582912,1048576,1152443,8469618010643445549,4273891,11,11,13728071465489899997,13728071465489899997
22,P,20260918,110,0,warmup,110,stride_1_bis,6144,1048576,228,5072001876920821370,1496647,11,11,2802062553309965857,2802062553309965857
22,P,20260918,111,0,warmup,111,stride_1,134217728,1048576,8848069,701418265810765999,2070805,11,11,16044327207731571663,16044327207731571663
22,P,20260918,112,0,warmup,112,stride_17,98304,1048576,12142,15726472004700572180,1403600,11,11,166981261299697813,166981261299697813
22,P,20260918,113,0,warmup,113,random,3145728,1048576,144892,17377589817149756135,2217513,11,11,10008634581652165001,10008634581652165001
22,P,20260918,114,0,warmup,114,stride_513,393216,1048576,47755,8590615907092398181,1425347,11,11,14847694413740558592,14847694413740558592
22,P,20260918,115,0,warmup,115,stride_17,25165824,1048576,87746,10869486432890558525,6593620,11,11,5357741001705229879,5357741001705229879
22,P,20260918,116,0,warmup,116,pair_same_line,786432,1048576,34286,4003529028934614245,2068451,11,11,15579459198424253386,15579459198424253386
22,P,20260918,117,0,warmup,117,pair_split_line,134217728,1048576,70397,16944743349257210647,25137308,11,11,16833844449644799225,16833844449644799225
22,P,20260918,118,0,warmup,118,random,786432,1048576,9956,13206178916016889700,1794759,11,11,2422100751784209270,2422100751784209270
22,P,20260918,119,0,warmup,119,stride_17,196608,1048576,19328,15991169450921925541,1885482,11,11,13350287231546403558,13350287231546403558
22,P,20260918,120,0,warmup,120,stride_1_double,25165824,2097152,2664982,10057813680811319239,4828227,11,11,17943131868905480023,17943131868905480023
22,P,20260918,121,0,warmup,121,stride_4097,16384,1048576,1317,1805157750235891698,1613598,11,11,9548053087369131008,9548053087369131008
22,P,20260918,122,0,warmup,122,stride_1_bis,32768,1048576,1192,11475822330148821327,1498656,11,11,10598541984122395648,10598541984122395648
22,P,20260918,123,0,warmup,123,stride_17,134217728,1048576,10977767,3929669974780055418,8929654,11,11,874305896217157856,874305896217157856
22,P,20260918,124,0,warmup,124,stride_1_bis,50331648,1048576,1458892,1244064858404344983,1957369,11,11,12669575525908341165,12669575525908341165
22,P,20260918,125,0,warmup,125,stride_1_bis,3145728,1048576,234481,14507443128763396499,1943874,11,11,7032880212162164692,7032880212162164692
22,P,20260918,126,0,warmup,126,stride_17,49152,1048576,2872,18184096856903986909,1484461,11,11,7230472606715219764,7230472606715219764
22,P,20260918,127,0,warmup,127,stride_1_bis,4194304,1048576,48748,7332098290242731153,1533138,11,11,12406089252390561320,12406089252390561320
22,P,20260918,128,0,warmup,128,stride_1_double,16777216,2097152,1094608,8263228596102415171,3983638,11,11,12841062978479921428,12841062978479921428
22,P,20260918,129,0,warmup,129,random,196608,1048576,17613,16939555250233273553,1130447,11,11,9873684032575299140,9873684032575299140
22,P,20260918,130,0,warmup,130,stride_4097,134217728,1048576,14948625,10769500471532892835,6964574,11,11,18391668864997493182,18391668864997493182
22,P,20260918,131,0,warmup,131,stride_17,1572864,1048576,84713,11613477614003224867,1448416,11,11,14995434110721220532,14995434110721220532
22,P,20260918,132,0,warmup,132,pair_split_line,50331648,1048576,831973,15205604014303262646,20070420,11,11,16810651831890117821,16810651831890117821
22,P,20260918,133,0,warmup,133,random,134217728,1048576,4534834,6937648318052177918,16998743,11,11,8824085019578676234,8824085019578676234
22,P,20260918,134,0,warmup,134,stride_4097,12288,1048576,1047,9569855459421279437,2071139,11,11,7826066536058125285,7826066536058125285
22,P,20260918,135,0,warmup,135,stride_1,393216,1048576,34319,9584021518283785403,1899110,11,11,5645372917762631497,5645372917762631497
22,P,20260918,136,0,warmup,136,stride_17,131072,1048576,13566,7492733873068017059,1701432,11,11,16921412609114818048,16921412609114818048
22,P,20260918,137,0,warmup,137,pair_split_line,524288,1048576,37388,7844954732567571303,3056070,11,11,2157857651045612498,2157857651045612498
22,P,20260918,138,0,warmup,138,stride_513,32768,1048576,986,14657020420424582887,1827820,11,11,10598541984122395648,10598541984122395648
22,P,20260918,139,0,warmup,139,pair_same_line,67108864,1048576,735325,3989149051066720781,17102422,11,11,14229155859642281122,14229155859642281122
22,P,20260918,140,0,warmup,140,random,49152,1048576,1349,7114391909607149905,1586589,11,11,10111860834889707064,10111860834889707064
22,P,20260918,141,0,warmup,141,stride_17,3145728,1048576,208109,15640821344820239918,3859208,11,11,8048419632070698544,8048419632070698544
22,P,20260918,142,0,warmup,142,stride_4097,4096,1048576,338,3502501104387028218,1768233,11,11,8154595385843253248,8154595385843253248
22,P,20260918,143,0,warmup,143,pair_same_line,8388608,1048576,261328,10222630824721776016,10878103,11,11,16623220581047828717,16623220581047828717
22,P,20260918,144,0,warmup,144,pair_split_line,8388608,1048576,712878,9988133457081792176,7131691,11,11,10770907647171368263,10770907647171368263
22,P,20260918,145,0,warmup,145,stride_513,524288,1048576,58750,9144656290594212964,1838002,11,11,10061883979847375520,10061883979847375520
22,P,20260918,146,0,warmup,146,stride_17,201326592,1048576,100716,3583836404707723262,9135447,11,11,14279187018738101514,14279187018738101514
22,P,20260918,147,0,warmup,147,stride_4097,1572864,1048576,196502,12392924694817474247,1944346,11,11,13066437282646599965,13066437282646599965
22,P,20260918,148,0,warmup,148,stride_513,49152,1048576,881,6528672517774961836,1747796,11,11,1303108010804061184,1303108010804061184
22,P,20260918,149,0,warmup,149,stride_513,24576,1048576,1445,1843321598256666508,1640835,11,11,13347672456076306432,13347672456076306432
22,P,20260918,150,0,warmup,150,pair_same_line,3145728,1048576,96775,4308613274337574403,4518412,11,11,12477182085442077245,12477182085442077245
22,P,20260918,151,0,warmup,151,stride_4097,6291456,1048576,728725,12731816176074888764,2630515,11,11,8526506469040809632,8526506469040809632
22,P,20260918,152,0,warmup,152,stride_1_bis,24576,1048576,1206,3085645101582012947,1565725,11,11,12841920412818357259,12841920412818357259
22,P,20260918,153,0,warmup,153,pair_same_line,268435456,1048576,13107543,12522069683036243256,19718956,11,11,9831044902320521915,9831044902320521915
22,P,20260918,154,0,warmup,154,stride_4097,4194304,1048576,58042,3033226207030017912,2435084,11,11,12406089252390561320,12406089252390561320
22,P,20260918,155,0,warmup,155,stride_1_bis,8192,1048576,410,2970707555583327506,1790584,11,11,116592947459441664,116592947459441664
22,P,20260918,156,0,warmup,156,stride_17,6144,1048576,711,14751716348233263216,1711373,11,11,15140669924702812044,15140669924702812044
22,P,20260918,157,0,warmup,157,stride_1_double,67108864,2097152,7443199,12190298134500233742,3968858,11,11,5318933189049942547,5318933189049942547
22,P,20260918,158,0,warmup,158,stride_1_double,268435456,2097152,29783551,17140023921244880328,4433662,11,11,7004277848704323692,7004277848704323692
22,P,20260918,159,0,warmup,159,stride_4097,6144,1048576,327,16737652443482132410,1367670,11,11,15383050154815794055,15383050154815794055
22,P,20260918,160,0,warmup,160,stride_1_bis,268435456,1048576,30730318,13465087331958863806,1962118,11,11,10942498938825497203,10942498938825497203
22,P,20260918,161,0,warmup,161,pair_same_line,49152,1048576,2306,6326371157685222281,1634913,11,11,5381394526873973386,5381394526873973386
22,P,20260918,162,0,warmup,162,stride_513,65536,1048576,6402,12871366134033983589,1417400,11,11,16423878549329276288,16423878549329276288
22,P,20260918,163,0,warmup,163,pair_split_line,12582912,1048576,1422795,3159185580152663497,9627208,11,11,2770806823465778740,2770806823465778740
22,P,20260918,164,0,warmup,164,stride_17,24576,1048576,3032,9381651741338262421,1359107,11,11,17666467419894791269,17666467419894791269
22,P,20260918,165,0,warmup,165,pair_split_line,786432,1048576,47343,14771281452407679115,2541353,11,11,2131033995930798256,2131033995930798256
22,P,20260918,166,0,warmup,166,stride_1,33554432,1048576,3018180,8919398806128077421,1988307,11,11,12105509368331048200,12105509368331048200
22,P,20260918,167,0,warmup,167,random,12288,1048576,809,1298629854009871463,1110633,11,11,1144660207813700272,1144660207813700272
22,P,20260918,168,0,warmup,168,stride_1_double,786432,2097152,35909,5502785334148092214,2754866,11,11,13216337209057849666,13216337209057849666
22,P,20260918,169,0,warmup,169,pair_split_line,16777216,1048576,1324909,4464738803947872124,12779967,11,11,5689389186414094657,5689389186414094657
22,P,20260918,170,0,warmup,170,pair_split_line,8192,1048576,30,3724915246462187251,1882436,11,11,11199279077921644354,11199279077921644354
22,P,20260918,171,0,warmup,171,stride_1_double,1048576,2097152,120038,15168770942256653280,2752721,11,11,17594462461740979760,17594462461740979760
22,P,20260918,172,0,warmup,172,stride_513,100663296,1048576,4517558,14437225990107833779,11482614,11,11,12546643189465030945,12546643189465030945
22,P,20260918,173,0,warmup,173,stride_513,786432,1048576,46906,16309753620362654982,1535370,11,11,16022285928360536512,16022285928360536512
22,P,20260918,174,0,warmup,174,stride_1_bis,1572864,1048576,440,869265539221997229,1413570,11,11,17451541113706873454,17451541113706873454
22,P,20260918,175,0,warmup,175,random,8192,1048576,132,17183852775591802491,1091261,11,11,12091633387076311317,12091633387076311317
22,P,20260918,176,0,warmup,176,stride_1_double,8192,2097152,939,17795097263012826848,2710468,11,11,233185894918883328,233185894918883328
22,P,20260918,177,0,warmup,177,stride_1_bis,393216,1048576,43798,10753047241576588208,1358407,11,11,9418051253748169854,9418051253748169854
22,P,20260918,178,0,warmup,178,pair_same_line,1048576,1048576,97228,12490625598230665753,2047542,11,11,8320311605011167227,8320311605011167227
22,P,20260918,179,0,warmup,179,random,4096,1048576,482,15273283337532704303,1087853,11,11,9097811248594388177,9097811248594388177
22,P,20260918,180,0,warmup,180,stride_4097,8388608,1048576,198125,12984892338538938106,3769684,11,11,18303280461608560459,18303280461608560459
22,P,20260918,181,0,warmup,181,pair_split_line,67108864,1048576,7719286,6070401291470983711,21419177,11,11,12491331840199902009,12491331840199902009
22,P,20260918,182,0,warmup,182,pair_split_line,6144,1048576,161,11345270447175299846,2006773,11,11,14054497193777555939,14054497193777555939
22,P,20260918,183,0,warmup,183,stride_1,12582912,1048576,384771,4545306575441312205,1918704,11,11,9650933524926661923,9650933524926661923
22,P,20260918,184,0,warmup,184,stride_1_bis,16777216,1048576,1832305,14763460679240547540,2045771,11,11,6751718152940978997,6751718152940978997
22,P,20260918,185,0,warmup,185,stride_513,8388608,1048576,1008538,1587522591672841571,3555631,11,11,18303280461608560459,18303280461608560459
22,P,20260918,186,0,warmup,186,stride_1_bis,524288,1048576,45114,16781782664255442836,1389520,11,11,10061883979847375520,10061883979847375520
22,P,20260918,187,0,warmup,187,random,4194304,1048576,4296,5374933813494154688,2157863,11,11,4987104446067645697,4987104446067645697
22,P,20260918,188,0,warmup,188,random,1572864,1048576,131803,16294533893028128568,1502969,11,11,7940939219117239720,7940939219117239720
22,P,20260918,189,0,warmup,189,pair_split_line,4194304,1048576,479342,6395570966592089059,3583591,11,11,16646990714281324520,16646990714281324520
22,P,20260918,190,0,warmup,190,pair_split_line,2097152,1048576,125303,6648283335494217408,2979253,11,11,18131075553089827442,18131075553089827442
22,P,20260918,191,0,warmup,191,stride_17,50331648,1048576,5453386,1103580937117244994,8468842,11,11,1907891901410508040,1907891901410508040
22,P,20260918,192,0,warmup,192,random,393216,1048576,36646,15312891487860501139,1181772,11,11,14369667201311077567,14369667201311077567
22,P,20260918,193,0,warmup,193,random,131072,1048576,9387,8130428686658615545,1216064,11,11,9496364906421463595,9496364906421463595
22,P,20260918,194,0,warmup,194,stride_1,16384,1048576,388,14377881235575723457,1394426,11,11,9548053087369131008,9548053087369131008
22,P,20260918,195,0,warmup,195,pair_same_line,201326592,1048576,7507920,14015685329211059521,18442800,11,11,13573745594489659866,13573745594489659866
22,P,20260918,196,0,warmup,196,pair_split_line,100663296,1048576,9036654,17266969312734573710,24906909,11,11,12231337513175214151,12231337513175214151
22,P,20260918,197,0,warmup,197,stride_1_double,393216,2097152,40796,83237718170128598,3862162,11,11,6944683837678005639,6944683837678005639
22,P,20260918,198,0,warmup,198,stride_1,6144,1048576,0,12553320333447893081,1857301,11,11,8553153110708510406,8553153110708510406
22,P,20260918,199,0,warmup,199,stride_4097,131072,1048576,7373,15171113589444198258,2113358,11,11,16921412609114818048,16921412609114818048
22,P,20260918,200,0,warmup,200,stride_1_bis,33554432,1048576,3131339,5209888568857445195,2283817,11,11,11230408534209033686,11230408534209033686
22,P,20260918,201,0,warmup,201,stride_1,1048576,1048576,102132,7417747578784538089,1618748,11,11,8797231230870489880,8797231230870489880
22,P,20260918,202,0,warmup,202,random,65536,1048576,3754,2845922541750857495,1255838,11,11,13349544824729581652,13349544824729581652
22,P,20260918,203,0,warmup,203,stride_4097,16777216,1048576,1682560,12232922588404470197,7056236,11,11,13558785218132510447,13558785218132510447
22,P,20260918,204,0,warmup,204,stride_17,786432,1048576,13995,10183700526898823063,1603126,11,11,9907290953749495070,9907290953749495070
22,P,20260918,205,0,warmup,205,pair_split_line,25165824,1048576,2772798,5379469184367263155,15363339,11,11,1257957245056776450,1257957245056776450
22,P,20260918,206,0,warmup,206,pair_same_line,4194304,1048576,349370,11866202459303133584,4101299,11,11,16966373802869817739,16966373802869817739
22,P,20260918,207,0,warmup,207,random,2097152,1048576,181674,7146372305689663677,1980835,11,11,9215546555407701166,9215546555407701166
22,P,20260918,208,0,warmup,208,stride_1_double,49152,2097152,1789,11649506921417622877,3155946,11,11,1753269090501333816,1753269090501333816
22,P,20260918,209,0,warmup,209,stride_4097,268435456,1048576,33417800,1541760715311377701,7888571,11,11,4547469827754830855,4547469827754830855
22,P,20260918,210,0,warmup,210,stride_1_bis,2097152,1048576,69484,4048500243640619627,2078425,11,11,14577075130308765988,14577075130308765988
22,P,20260918,211,0,warmup,211,stride_513,12582912,1048576,851550,15393697126238859549,7767101,11,11,10120808792106458316,10120808792106458316
22,P,20260918,212,0,warmup,212,pair_split_line,1048576,1048576,126754,959974399513858670,3149604,11,11,9056691821617530512,9056691821617530512
22,P,20260918,213,0,warmup,213,random,25165824,1048576,416040,12195900175051323571,12255401,11,11,6427666411888768344,6427666411888768344
22,P,20260918,214,0,warmup,214,pair_same_line,524288,1048576,64870,16419312315678533046,2570382,11,11,12853322862690344502,12853322862690344502
22,P,20260918,215,0,warmup,215,stride_1_double,65536,2097152,7372,4302215304485639082,3337160,11,11,14401013024949000960,14401013024949000960
22,P,20260918,216,0,warmup,216,pair_split_line,24576,1048576,2741,2633903153517612436,2225234,11,11,5827044845508998079,5827044845508998079
22,P,20260918,217,0,warmup,217,stride_4097,3145728,1048576,72056,6221474432002515242,2206644,11,11,9355608274239446165,9355608274239446165
22,P,20260918,218,0,warmup,218,pair_same_line,16777216,1048576,531004,6636054914521521979,10692151,11,11,13991685040476574731,13991685040476574731
22,P,20260918,219,0,warmup,219,stride_1_bis,6291456,1048576,619053,1784027762151264705,1738187,11,11,8973331882042195542,8973331882042195542
22,P,20260918,220,0,warmup,220,stride_1,67108864,1048576,708013,12002405903473843768,1982522,11,11,10409646307280982766,10409646307280982766
22,P,20260918,221,0,warmup,221,pair_split_line,393216,1048576,42347,7914087877847910933,2657603,11,11,4934420043293717209,4934420043293717209
22,P,20260918,222,0,warmup,222,stride_17,16777216,1048576,259850,742914046077264655,4733558,11,11,589706444131383677,589706444131383677
22,P,20260918,223,0,warmup,223,random,24576,1048576,123,5650036228886803081,1089792,11,11,5362414128154351246,5362414128154351246
22,P,20260918,224,0,warmup,224,pair_split_line,201326592,1048576,13900327,12953723017622213767,24471851,11,11,7215768032293880704,7215768032293880704
22,P,20260918,225,0,warmup,225,stride_1_bis,12582912,1048576,768003,7706333238125143754,2593699,11,11,1788019663211119946,1788019663211119946
22,P,20260918,226,0,warmup,226,pair_same_line,393216,1048576,40944,480179979579403600,2431350,11,11,8542178634673314198,8542178634673314198
22,P,20260918,227,0,warmup,227,stride_1,4096,1048576,270,7713505460047889847,1693880,11,11,8154595385843253248,8154595385843253248
22,P,20260918,228,0,warmup,228,stride_1,100663296,1048576,6311021,16632158169892709808,1952660,11,11,1917025523101837807,1917025523101837807
22,P,20260918,229,0,warmup,229,stride_1_double,262144,2097152,1000,13945489435809553326,3105779,11,11,6505518311671377408,6505518311671377408
22,P,20260918,230,0,warmup,230,random,1048576,1048576,56235,16911250804685493914,1588297,11,11,13360529236181325328,13360529236181325328
22,P,20260918,231,0,warmup,231,pair_split_line,196608,1048576,605,40626147609859758,2353157,11,11,11223098165254794102,11223098165254794102
22,P,20260918,232,0,warmup,232,pair_same_line,6144,1048576,337,6354638717690003554,1635327,11,11,11061450780342654461,11061450780342654461
22,P,20260918,233,0,warmup,233,stride_17,2097152,1048576,130898,16315729488649637218,1932479,11,11,14577075130308765988,14577075130308765988
22,P,20260918,234,0,warmup,234,stride_17,8192,1048576,340,18317017936916060242,1359922,11,11,116592947459441664,116592947459441664
22,P,20260918,235,0,warmup,235,pair_same_line,8192,1048576,11,2466274057890319771,1631948,11,11,3336198991191856206,3336198991191856206
22,P,20260918,236,0,warmup,236,stride_1_bis,196608,1048576,4136,12525769496057740997,1357962,11,11,8847357569545885291,8847357569545885291
22,P,20260918,237,0,warmup,237,stride_1_bis,100663296,1048576,4144187,7910145399129810861,2190835,11,11,9800940975832936038,9800940975832936038
22,P,20260918,238,0,warmup,238,stride_1_bis,1048576,1048576,54054,14464670734307434585,1391343,11,11,8797231230870489880,8797231230870489880
22,P,20260918,239,0,warmup,239,stride_4097,196608,1048576,154,11824814551292210380,1408390,11,11,6658779328994622399,6658779328994622399
22,P,20260918,240,0,warmup,240,stride_1_double,134217728,2097152,1407648,1580079256510072653,4354968,11,11,16148649750810669776,16148649750810669776
22,P,20260918,241,0,warmup,241,stride_1,50331648,1048576,4739394,14548393936989027784,2295642,11,11,6457415686801604541,6457415686801604541
22,P,20260918,242,0,warmup,242,stride_1_double,12582912,2097152,582520,18072748338028813631,4144039,11,11,9608844160101313015,9608844160101313015
22,P,20260918,243,0,warmup,243,pair_same_line,12288,1048576,82,15396669882784630760,1627803,11,11,17516755627249873834,17516755627249873834
22,P,20260918,244,0,warmup,244,stride_1,6291456,1048576,633224,581728344577176828,1700764,11,11,10834526509666893161,10834526509666893161
22,P,20260918,245,0,warmup,245,stride_1,12288,1048576,1209,13988612061354935085,1387620,11,11,11382106449662896594,11382106449662896594
22,P,20260918,246,0,warmup,246,random,67108864,1048576,2529092,10287206384970948564,14597092,11,11,11620525180406918757,11620525180406918757
22,P,20260918,247,0,warmup,247,stride_1_bis,201326592,1048576,13732486,628672357759423200,2250480,11,11,10698266618765432246,10698266618765432246
22,P,20260918,248,0,warmup,248,pair_split_line,32768,1048576,3654,2446660178330202856,1896439,11,11,17681154576609926792,17681154576609926792
22,P,20260918,249,0,warmup,249,stride_1_bis,131072,1048576,3510,5427198159060043192,1377140,11,11,16921412609114818048,16921412609114818048
22,P,20260918,250,0,warmup,250,stride_1_bis,67108864,1048576,5330316,7598357917035986944,1886704,11,11,9206480768652039539,9206480768652039539
22,P,20260918,251,0,warmup,251,stride_1,65536,1048576,7655,13733347230602572370,1360499,11,11,16423878549329276288,16423878549329276288
22,P,20260918,252,0,warmup,252,stride_513,196608,1048576,12589,2301262231038520259,1433481,11,11,2303624161942002560,2303624161942002560
22,P,20260918,253,0,warmup,253,stride_1,2097152,1048576,8229,5724418761557693711,1537720,11,11,14577075130308765988,14577075130308765988
22,P,20260918,254,0,warmup,254,stride_4097,262144,1048576,14553,17489351969775491384,1391234,11,11,3252759155835688704,3252759155835688704
22,P,20260918,255,0,warmup,255,stride_1,201326592,1048576,8758495,8519188311278881238,2050676,11,11,13617440238511499466,13617440238511499466
22,P,20260918,256,0,warmup,256,stride_1_double,4096,2097152,503,14918476792972428069,2804857,11,11,16309190771686506496,16309190771686506496
22,P,20260918,257,0,warmup,257,stride_4097,24576,1048576,2930,3060104413773857225,1430763,11,11,783125556504124909,783125556504124909
22,P,20260918,258,0,warmup,258,stride_513,50331648,1048576,718571,10593494665040528514,12115724,11,11,12610588865001870786,12610588865001870786
22,P,20260918,259,0,warmup,259,stride_4097,32768,1048576,3521,1269107350579385109,1359751,11,11,10598541984122395648,10598541984122395648
22,P,20260918,260,0,warmup,260,stride_513,6144,1048576,686,6182359723199192127,1355577,11,11,9261835561974562816,9261835561974562816
22,P,20260918,261,0,warmup,261,stride_513,3145728,1048576,92638,12209282218652746095,1991277,11,11,4696861105486946824,4696861105486946824
22,P,20260918,262,0,warmup,262,stride_17,393216,1048576,18195,3290569060709095048,1361694,11,11,17467556226315015699,17467556226315015699
22,P,20260918,263,0,warmup,263,stride_513,4096,1048576,244,9521759294750981635,1356187,11,11,8154595385843253248,8154595385843253248
22,P,20260918,264,0,warmup,264,stride_4097,786432,1048576,87253,13110335345266178412,1429407,11,11,12791046291119805140,12791046291119805140
22,P,20260918,265,0,warmup,265,stride_1_double,16384,2097152,1968,14860917401151666427,2709212,11,11,649362101028710400,649362101028710400
22,P,20260918,266,0,warmup,266,stride_1,16777216,1048576,28939,17790575342146737878,1884087,11,11,1000309735566947394,1000309735566947394
22,P,20260918,267,0,warmup,267,stride_17,33554432,1048576,3541900,9973802062267372367,7804598,11,11,949849197752790265,949849197752790265
22,P,20260918,268,0,warmup,268,stride_1_double,6291456,2097152,199181,12057017802971482770,3189552,11,11,913017981997477353,913017981997477353
22,P,20260918,269,0,warmup,269,stride_4097,50331648,1048576,4595306,13437442201391130098,7893639,11,11,9032021912786070880,9032021912786070880
22,P,20260918,270,0,warmup,270,stride_1_double,2097152,2097152,104272,9521951773998709818,3261889,11,11,10707406186907980360,10707406186907980360
22,P,20260918,271,0,warmup,271,pair_split_line,65536,1048576,4713,12952648325059691194,2025761,11,11,13758626647078281877,13758626647078281877
22,P,20260918,272,0,warmup,272,pair_same_line,196608,1048576,11388,14383640307446842145,1803593,11,11,17403120421051883186,17403120421051883186
22,P,20260918,273,0,warmup,273,stride_1_bis,786432,1048576,51672,7733455311460272407,1371789,11,11,5454570880977793215,5454570880977793215
22,P,20260918,274,0,warmup,274,stride_1,25165824,1048576,1122247,16885943730397731935,2016514,11,11,4611794374419159486,4611794374419159486
22,P,20260918,275,0,warmup,275,stride_17,12288,1048576,1452,11078946996999738511,1467880,11,11,8082109897653934884,8082109897653934884
22,P,20260918,276,0,warmup,276,stride_513,4194304,1048576,239136,12403681760276641300,2912102,11,11,12406089252390561320,12406089252390561320
22,P,20260918,277,0,warmup,277,stride_17,524288,1048576,34608,6313629699123998395,1415405,11,11,10061883979847375520,10061883979847375520
22,P,20260918,278,0,warmup,278,stride_4097,33554432,1048576,1683978,4522368724877506831,6692237,11,11,17200019423168455048,17200019423168455048
22,P,20260918,279,0,warmup,279,pair_same_line,12582912,1048576,563832,17227236334209677152,10922954,11,11,8746734079676501467,8746734079676501467
22,P,20260918,280,0,warmup,280,pair_same_line,16384,1048576,1455,4335970080175630711,1624070,11,11,5908551116625420227,5908551116625420227
22,P,20260918,281,0,warmup,281,stride_1_bis,134217728,1048576,10273172,16679025921732654322,1810928,11,11,12644054656767345855,12644054656767345855
22,P,20260918,282,0,warmup,282,stride_513,201326592,1048576,4036587,3568560376825344422,13815365,11,11,2400158797193338062,2400158797193338062
22,P,20260918,283,0,warmup,283,random,6291456,1048576,146115,6831565004807089882,6537338,11,11,8864000270684989689,8864000270684989689
22,P,20260918,284,0,warmup,284,random,50331648,1048576,2435217,13980390001468473799,14159432,11,11,7952350157180926159,7952350157180926159
22,P,20260918,285,0,warmup,285,pair_same_line,134217728,1048576,8249872,11655022534537666469,18358501,11,11,6729608385822735318,6729608385822735318
22,P,20260918,286,0,warmup,286,stride_17,1048576,1048576,52008,10998071392079807256,2035349,11,11,8797231230870489880,8797231230870489880
22,P,20260918,287,0,warmup,287,stride_17,4096,1048576,480,10162090103090969127,1787132,11,11,8154595385843253248,8154595385843253248
22,P,20260918,288,0,warmup,288,stride_1_double,6144,2097152,258,16783274109567191487,3423544,11,11,3250031599591347834,3250031599591347834
22,P,20260918,289,0,warmup,289,stride_1,786432,1048576,92864,15065846304085423512,1675423,11,11,9843880660347511681,9843880660347511681
22,P,20260918,290,0,warmup,290,stride_513,1572864,1048576,93548,15065626498149392069,1934287,11,11,4152134303135996640,4152134303135996640
22,P,20260918,291,0,warmup,291,stride_1,32768,1048576,2212,12310157254345958297,1504807,11,11,10598541984122395648,10598541984122395648
22,P,20260918,292,0,warmup,292,random,12582912,1048576,135085,11065589970767137546,10133715,11,11,10826421252483857832,10826421252483857832
22,P,20260918,293,0,warmup,293,pair_split_line,12288,1048576,332,16129026486333199519,2238719,11,11,5480259315655970035,5480259315655970035
22,P,20260918,294,0,warmup,294,stride_4097,393216,1048576,31335,12221249919831850379,1649135,11,11,16040809272728488153,16040809272728488153
22,P,20260918,295,0,warmup,295,random,32768,1048576,3804,3384775393548770598,1251679,11,11,7330483392571032794,7330483392571032794
22,P,20260918,296,0,warmup,296,pair_same_line,32768,1048576,2793,7431175448037735019,1755701,11,11,2482055382087013496,2482055382087013496
22,P,20260918,297,1,measure,0,pair_split_line,196608,1048576,23730,1902691633273187505,2361147,11,11,12215539181320584038,12215539181320584038
22,P,20260918,298,1,measure,1,random,12288,1048576,171,12823387655294389921,1094872,11,11,10901185928476592523,10901185928476592523
22,P,20260918,299,1,measure,2,pair_split_line,100663296,1048576,4476581,3916097696139030247,23619638,11,11,1365439514450973637,1365439514450973637
22,P,20260918,300,1,measure,3,random,16384,1048576,1482,12297883554031729727,1443784,11,11,5979954025371502141,5979954025371502141
22,P,20260918,301,1,measure,4,stride_1_double,786432,2097152,97449,16376821289603371837,3465218,11,11,14191710098791170140,14191710098791170140
22,P,20260918,302,1,measure,5,pair_split_line,131072,1048576,3306,16274250434973642998,2627657,11,11,1444057376347794003,1444057376347794003
22,P,20260918,303,1,measure,6,pair_split_line,4096,1048576,345,7205239092279746605,2106815,11,11,13796663085238375171,13796663085238375171
22,P,20260918,304,1,measure,7,stride_1_bis,49152,1048576,3541,3651004866181756337,1474371,11,11,16449743656146837848,16449743656146837848
22,P,20260918,305,1,measure,8,random,65536,1048576,447,15980320211151277060,1201361,11,11,11941381479258024755,11941381479258024755
22,P,20260918,306,1,measure,9,stride_1_bis,268435456,1048576,3498844,16666261159754728284,2233149,11,11,14497258334877440322,14497258334877440322
22,P,20260918,307,1,measure,10,pair_same_line,268435456,1048576,33012938,2614634517919107430,19265573,11,11,13430814882974493852,13430814882974493852
22,P,20260918,308,1,measure,11,stride_1,4194304,1048576,93042,9025278352988228606,1967187,11,11,12406089252390561320,12406089252390561320
22,P,20260918,309,1,measure,12,random,1048576,1048576,14919,7845073355608126032,1496993,11,11,12693045812773917746,12693045812773917746
22,P,20260918,310,1,measure,13,stride_4097,262144,1048576,7921,5939902973705828217,1569265,11,11,3252759155835688704,3252759155835688704
22,P,20260918,311,1,measure,14,stride_513,24576,1048576,1154,13022795869872621692,1483160,11,11,13347672456076306432,13347672456076306432
22,P,20260918,312,1,measure,15,stride_1,16777216,1048576,1440054,2135332347640330001,2172001,11,11,636260641379332809,636260641379332809
22,P,20260918,313,1,measure,16,pair_split_line,33554432,1048576,418097,8989093040436606711,18141628,11,11,9221891864641017810,9221891864641017810
22,P,20260918,314,1,measure,17,stride_513,16777216,1048576,758676,3984353317823606026,8315686,11,11,12547087754964236936,12547087754964236936
22,P,20260918,315,1,measure,18,stride_1_double,196608,2097152,1101,16975963662790488571,3575017,11,11,17932015442721260908,17932015442721260908
22,P,20260918,316,1,measure,19,pair_same_line,4096,1048576,21,733098505698037703,2272096,11,11,12401011762596830008,12401011762596830008
22,P,20260918,317,1,measure,20,stride_4097,50331648,1048576,392411,15252176520478295017,10402476,11,11,14161126855670807834,14161126855670807834
22,P,20260918,318,1,measure,21,stride_513,6144,1048576,331,7163856323037844159,1774192,11,11,6657726286896836608,6657726286896836608
22,P,20260918,319,1,measure,22,stride_4097,49152,1048576,2057,17081097841701086234,1712343,11,11,6753703773512395727,6753703773512395727
22,P,20260918,320,1,measure,23,stride_17,100663296,1048576,1085962,14424026057319955916,8979863,11,11,1940057197944150456,1940057197944150456
22,P,20260918,321,1,measure,24,stride_1_double,12288,2097152,1157,13116688136046561548,3676854,11,11,9012463985502836483,9012463985502836483
22,P,20260918,322,1,measure,25,stride_1,1572864,1048576,125360,15022835015806632148,1856506,11,11,15167903993302494658,15167903993302494658
22,P,20260918,323,1,measure,26,stride_1,12288,1048576,189,14047610003864775931,1617523,11,11,4718162381651824546,4718162381651824546
22,P,20260918,324,1,measure,27,random,201326592,1048576,11576311,10599582805698876015,17609010,11,11,6157057541634456217,6157057541634456217
22,P,20260918,325,1,measure,28,stride_1,3145728,1048576,171075,13984968715060171008,2138180,11,11,17955285779236699128,17955285779236699128
22,P,20260918,326,1,measure,29,pair_same_line,8388608,1048576,717542,9128079139999785635,16674607,11,11,4210702871904263507,4210702871904263507
22,P,20260918,327,1,measure,30,pair_same_line,524288,1048576,40018,17014556135195690473,3213724,11,11,11235793342254784326,11235793342254784326
22,P,20260918,328,1,measure,31,pair_same_line,32768,1048576,1556,13380792460514753839,2311457,11,11,4268196899673064333,4268196899673064333
22,P,20260918,329,1,measure,32,pair_split_line,16384,1048576,1019,13720705680053260494,2638192,11,11,18197183263425067801,18197183263425067801
22,P,20260918,330,1,measure,33,stride_4097,4096,1048576,400,6989727519311766803,1738727,11,11,8154595385843253248,8154595385843253248
22,P,20260918,331,1,measure,34,pair_split_line,65536,1048576,8074,307750773163445005,2485637,11,11,18137982822689067964,18137982822689067964
22,P,20260918,332,1,measure,35,stride_513,131072,1048576,9139,13832826660271107189,1694732,11,11,16921412609114818048,16921412609114818048
22,P,20260918,333,1,measure,36,stride_513,3145728,1048576,236694,3599370963742132085,2182730,11,11,11181227820694052192,11181227820694052192
22,P,20260918,334,1,measure,37,stride_4097,65536,1048576,2975,15028585411518536499,1627793,11,11,16423878549329276288,16423878549329276288
22,P,20260918,335,1,measure,38,pair_same_line,8192,1048576,364,11037344586240929245,1743246,11,11,13578114127165821046,13578114127165821046
22,P,20260918,336,1,measure,39,stride_4097,24576,1048576,2567,2160006723821387363,1436474,11,11,10649388121193649811,10649388121193649811
22,P,20260918,337,1,measure,40,stride_1_double,8388608,2097152,324009,12233022839975724740,3555501,11,11,18159816849507569302,18159816849507569302
22,P,20260918,338,1,measure,41,stride_1,268435456,1048576,17888080,18230576468998956300,1678267,11,11,1855960936863572156,1855960936863572156
22,P,20260918,339,1,measure,42,stride_1_double,262144,2097152,10530,9323414434073353299,2713963,11,11,6505518311671377408,6505518311671377408
22,P,20260918,340,1,measure,43,random,2097152,1048576,225820,168965813694104095,1910005,11,11,8149558952048791829,8149558952048791829
22,P,20260918,341,1,measure,44,stride_513,49152,1048576,2558,11094999614680226403,1402816,11,11,1303108010804061184,1303108010804061184
22,P,20260918,342,1,measure,45,stride_4097,196608,1048576,3083,11003048487647892509,1506908,11,11,5977220511111945913,5977220511111945913
22,P,20260918,343,1,measure,46,pair_split_line,98304,1048576,4176,15564132191699853606,2169388,11,11,16942097208893697284,16942097208893697284
22,P,20260918,344,1,measure,47,stride_513,393216,1048576,30062,9414186448302269357,1421951,11,11,14269622657413644288,14269622657413644288
22,P,20260918,345,1,measure,48,pair_same_line,100663296,1048576,2204647,6145776669560830594,18215638,11,11,10621355025425895032,10621355025425895032
22,P,20260918,346,1,measure,49,stride_17,12582912,1048576,1187113,354433232407750479,6035219,11,11,5393678278295988745,5393678278295988745
22,P,20260918,347,1,measure,50,pair_same_line,67108864,1048576,6834360,12609813866341520370,16773146,11,11,7192206492874521167,7192206492874521167
22,P,20260918,348,1,measure,51,stride_1,50331648,1048576,3323465,10744104866403394725,2445853,11,11,17376954609641150570,17376954609641150570
22,P,20260918,349,1,measure,52,stride_17,268435456,1048576,29592511,2290707374939465847,8775647,11,11,13573059989641989525,13573059989641989525
22,P,20260918,350,1,measure,53,pair_split_line,32768,1048576,3363,13568862425020553254,2368431,11,11,17531844686721811928,17531844686721811928
22,P,20260918,351,1,measure,54,stride_1,65536,1048576,6767,1399835950943981669,1613935,11,11,16423878549329276288,16423878549329276288
22,P,20260918,352,1,measure,55,stride_1_bis,24576,1048576,2685,8305649140595387958,1571304,11,11,14101557539596090873,14101557539596090873
22,P,20260918,353,1,measure,56,pair_split_line,524288,1048576,133,17512877566503265241,2801449,11,11,12110398544846353774,12110398544846353774
22,P,20260918,354,1,measure,57,stride_1_double,4194304,2097152,398302,3348370925841410830,3448611,11,11,6365434431071571024,6365434431071571024
22,P,20260918,355,1,measure,58,stride_17,67108864,1048576,5180545,623170169932223303,8169950,11,11,12996311755794143559,12996311755794143559
22,P,20260918,356,1,measure,59,stride_1_double,33554432,2097152,1149414,6181494315257833208,4032812,11,11,8108966936264858445,8108966936264858445
22,P,20260918,357,1,measure,60,stride_513,100663296,1048576,6200110,6084523157848278427,13032151,11,11,7874101875705612994,7874101875705612994
22,P,20260918,358,1,measure,61,stride_4097,134217728,1048576,9290685,15544375495835756996,7662214,11,11,1041362760046473955,1041362760046473955
22,P,20260918,359,1,measure,62,stride_4097,33554432,1048576,1331987,762858208040404033,7673783,11,11,2180528673844228377,2180528673844228377
22,P,20260918,360,1,measure,63,random,25165824,1048576,1608099,1330902716924897388,13116875,11,11,16025533001660704107,16025533001660704107
22,P,20260918,361,1,measure,64,random,49152,1048576,253,4577810716524293543,1714316,11,11,13645127302868551252,13645127302868551252
22,P,20260918,362,1,measure,65,random,196608,1048576,13983,17512188638050021832,1688293,11,11,13365756643081227181,13365756643081227181
22,P,20260918,363,1,measure,66,stride_4097,32768,1048576,2397,15137263933938113782,1720473,11,11,10598541984122395648,10598541984122395648
22,P,20260918,364,1,measure,67,stride_17,6144,1048576,418,9768084575682657323,1692270,11,11,13967745434474326805,13967745434474326805
22,P,20260918,365,1,measure,68,stride_1_double,1572864,2097152,24578,11028355221099855010,3531654,11,11,1761241215048315265,1761241215048315265
22,P,20260918,366,1,measure,69,pair_split_line,268435456,1048576,13756179,10062258157212268284,28451128,11,11,12849624603763612727,12849624603763612727
22,P,20260918,367,1,measure,70,pair_split_line,12288,1048576,1532,5532567723065503665,3147488,11,11,11469879354528518663,11469879354528518663
22,P,20260918,368,1,measure,71,random,4096,1048576,156,15749576499784262122,1441343,11,11,7270896284922043197,7270896284922043197
22,P,20260918,369,1,measure,72,stride_17,98304,1048576,6169,11069924012202496786,1763807,11,11,9230613207401077666,9230613207401077666
22,P,20260918,370,1,measure,73,stride_1_double,16777216,2097152,914095,16925649751644863065,4920758,11,11,12841062978479921428,12841062978479921428
22,P,20260918,371,1,measure,74,stride_4097,201326592,1048576,16937534,6847577919097514620,9875921,11,11,12851608849567237422,12851608849567237422
22,P,20260918,372,1,measure,75,stride_1,4096,1048576,405,3766437212001375826,2011038,11,11,8154595385843253248,8154595385843253248
22,P,20260918,373,1,measure,76,stride_4097,1048576,1048576,3146,6524564591277216620,2275427,11,11,8797231230870489880,8797231230870489880
22,P,20260918,374,1,measure,77,stride_17,1048576,1048576,51815,17792563164094256983,1838914,11,11,8797231230870489880,8797231230870489880
22,P,20260918,375,1,measure,78,stride_1_bis,50331648,1048576,516951,8145131345446093546,2437094,11,11,7611022325672404625,7611022325672404625
22,P,20260918,376,1,measure,79,stride_1_bis,25165824,1048576,509246,10026056980464447663,2405026,11,11,6217072871509914539,6217072871509914539
22,P,20260918,377,1,measure,80,stride_1_bis,1048576,1048576,56879,13036552285110741823,1817370,11,11,8797231230870489880,8797231230870489880
22,P,20260918,378,1,measure,81,stride_1_bis,32768,1048576,1421,10037601357280685609,1589765,11,11,10598541984122395648,10598541984122395648
22,P,20260918,379,1,measure,82,stride_513,12582912,1048576,644147,3083464814469947075,7110769,11,11,446194662936398502,446194662936398502
22,P,20260918,380,1,measure,83,stride_17,24576,1048576,107,13090947206944613579,1583783,11,11,3268529746358918389,3268529746358918389
22,P,20260918,381,1,measure,84,stride_17,524288,1048576,32586,12540659664677378392,1597174,11,11,10061883979847375520,10061883979847375520
22,P,20260918,382,1,measure,85,random,100663296,1048576,10853272,11485666468409995766,16079385,11,11,13494232384875313372,13494232384875313372
22,P,20260918,383,1,measure,86,stride_17,4096,1048576,264,178790541039467712,1886889,11,11,8154595385843253248,8154595385843253248
22,P,20260918,384,1,measure,87,stride_17,3145728,1048576,46833,5188490645608863066,3237162,11,11,3503480937792001693,3503480937792001693
22,P,20260918,385,1,measure,88,pair_same_line,201326592,1048576,2302869,8666105485895324346,20695329,11,11,16926831168880377692,16926831168880377692
22,P,20260918,386,1,measure,89,stride_1_double,98304,2097152,5193,837420486599541058,3993049,11,11,16671510933046951666,16671510933046951666
22,P,20260918,387,1,measure,90,stride_1,32768,1048576,749,1843504556261501403,1701307,11,11,10598541984122395648,10598541984122395648
22,P,20260918,388,1,measure,91,stride_1_bis,65536,1048576,3637,2950274686685209657,1692212,11,11,16423878549329276288,16423878549329276288
22,P,20260918,389,1,measure,92,stride_4097,8388608,1048576,270030,15213404354953569217,4377733,11,11,18303280461608560459,18303280461608560459
22,P,20260918,390,1,measure,93,stride_4097,786432,1048576,74180,16127892567394399785,1923259,11,11,14075480023613049389,14075480023613049389
22,P,20260918,391,1,measure,94,stride_4097,100663296,1048576,7457993,13486276642037808985,9314505,11,11,15590974676307390439,15590974676307390439
22,P,20260918,392,1,measure,95,stride_1_double,134217728,2097152,11524946,3745863641265811897,3970385,11,11,17476819373064193264,17476819373064193264
22,P,20260918,393,1,measure,96,random,67108864,1048576,6029546,15764559538455787725,16588203,11,11,18386063490202075418,18386063490202075418
22,P,20260918,394,1,measure,97,stride_1_bis,16777216,1048576,1107404,6577642453264710621,2399944,11,11,4247989175728715758,4247989175728715758
22,P,20260918,395,1,measure,98,stride_513,786432,1048576,84458,8836444595815308133,2126419,11,11,13192199103146003808,13192199103146003808
22,P,20260918,396,1,measure,99,random,268435456,1048576,33302271,2501976119960541716,19782185,11,11,11165790389099763887,11165790389099763887
22,P,20260918,397,1,measure,100,stride_1_bis,100663296,1048576,7473942,7327037107551558314,2641989,11,11,16995983519809514560,16995983519809514560
22,P,20260918,398,1,measure,101,stride_513,1048576,1048576,10603,4995030788525300869,2823796,11,11,8797231230870489880,8797231230870489880
22,P,20260918,399,1,measure,102,stride_1,201326592,1048576,593134,16176769310741368551,2517928,11,11,12106732261626617445,12106732261626617445
22,P,20260918,400,1,measure,103,stride_17,25165824,1048576,2968858,12128937209314876499,9349197,11,11,6941612078249216957,6941612078249216957
22,P,20260918,401,1,measure,104,stride_17,2097152,1048576,105472,6472907387989499281,2826034,11,11,14577075130308765988,14577075130308765988
22,P,20260918,402,1,measure,105,stride_4097,12288,1048576,1064,7467245554386064649,2271098,11,11,14017327004518564916,14017327004518564916
22,P,20260918,403,1,measure,106,stride_1,131072,1048576,675,3029885703942769204,2134989,11,11,16921412609114818048,16921412609114818048
22,P,20260918,404,1,measure,107,pair_split_line,50331648,1048576,4234590,10297040673958461321,23389313,11,11,17227888966782664574,17227888966782664574
22,P,20260918,405,1,measure,108,stride_4097,6291456,1048576,537762,6141246903850929611,4332331,11,11,554124574602392761,554124574602392761
22,P,20260918,406,1,measure,109,stride_17,786432,1048576,65888,4515451490545412596,2223263,11,11,12730180125016060518,12730180125016060518
22,P,20260918,407,1,measure,110,pair_same_line,12582912,1048576,1069835,8542342583126213616,14301282,11,11,2695200626093531690,2695200626093531690
22,P,20260918,408,1,measure,111,stride_4097,1572864,1048576,57618,6319286434405910065,2887920,11,11,10863226420865566596,10863226420865566596
22,P,20260918,409,1,measure,112,stride_17,16384,1048576,1878,5504193825744789871,1904646,11,11,9548053087369131008,9548053087369131008
22,P,20260918,410,1,measure,113,stride_1_double,6144,2097152,594,9623140663583827351,3428866,11,11,3138881431551175908,3138881431551175908
22,P,20260918,411,1,measure,114,stride_1_bis,262144,1048576,15842,1095930117911694704,1705437,11,11,3252759155835688704,3252759155835688704
22,P,20260918,412,1,measure,115,stride_1_double,4096,2097152,399,16014513766717975941,3456100,11,11,16309190771686506496,16309190771686506496
22,P,20260918,413,1,measure,116,random,8192,1048576,888,16898636649791516693,1400163,11,11,8554866518939014682,8554866518939014682
22,P,20260918,414,1,measure,117,stride_1_double,524288,2097152,3311,18100676314367437728,3460342,11,11,1677023885985199424,1677023885985199424
22,P,20260918,415,1,measure,118,pair_same_line,49152,1048576,1797,14971976660654279647,1904968,11,11,1399773194120322546,1399773194120322546
22,P,20260918,416,1,measure,119,stride_513,12288,1048576,1063,14132230748734673475,1525970,11,11,3776769180852905984,3776769180852905984
22,P,20260918,417,1,measure,120,pair_same_line,33554432,1048576,2467224,5446871063327476649,15528580,11,11,12510587040533695557,12510587040533695557
22,P,20260918,418,1,measure,121,stride_1_double,65536,2097152,5423,1069746455895265866,3378757,11,11,14401013024949000960,14401013024949000960
22,P,20260918,419,1,measure,122,stride_4097,524288,1048576,1704,12027690782756176195,1698407,11,11,10061883979847375520,10061883979847375520
22,P,20260918,420,1,measure,123,stride_1,12582912,1048576,215659,4714756856316327366,2347631,11,11,3071346729624519503,3071346729624519503
22,P,20260918,421,1,measure,124,stride_1_double,3145728,2097152,323574,18210565729853217489,3635108,11,11,13482435953012232083,13482435953012232083
22,P,20260918,422,1,measure,125,pair_same_line,4194304,1048576,294907,6724151601503915917,3016884,11,11,17719791567542913179,17719791567542913179
22,P,20260918,423,1,measure,126,stride_513,2097152,1048576,10175,3780147883923850321,1406723,11,11,14577075130308765988,14577075130308765988
22,P,20260918,424,1,measure,127,stride_1_double,8192,2097152,1020,11535777754393344849,2711254,11,11,233185894918883328,233185894918883328
22,P,20260918,425,1,measure,128,stride_1_bis,6291456,1048576,521003,8323866954846138767,1512700,11,11,8049962684276479699,8049962684276479699
22,P,20260918,426,1,measure,129,stride_4097,16384,1048576,414,10901056557558174702,1356580,11,11,9548053087369131008,9548053087369131008
22,P,20260918,427,1,measure,130,pair_same_line,6144,1048576,338,3821412070696939582,1625863,11,11,16156592779773337510,16156592779773337510
22,P,20260918,428,1,measure,131,stride_513,4096,1048576,116,1616005560175198087,1367563,11,11,8154595385843253248,8154595385843253248
22,P,20260918,429,1,measure,132,stride_1,16384,1048576,24,3438699069905401635,1355154,11,11,9548053087369131008,9548053087369131008
22,P,20260918,430,1,measure,133,stride_4097,67108864,1048576,7800280,16548995469924149977,6766581,11,11,11998824722874655425,11998824722874655425
22,P,20260918,431,1,measure,134,stride_1_bis,524288,1048576,32468,15098768213372127915,1371432,11,11,10061883979847375520,10061883979847375520
22,P,20260918,432,1,measure,135,stride_1,196608,1048576,17736,8768478807302963018,1351401,11,11,8899745046381873816,8899745046381873816
22,P,20260918,433,1,measure,136,pair_split_line,6144,1048576,464,6818966168406126803,1911350,11,11,15705209353585132683,15705209353585132683
22,P,20260918,434,1,measure,137,pair_same_line,24576,1048576,1110,17597060835825688832,1634517,11,11,16066722576632773937,16066722576632773937
22,P,20260918,435,1,measure,138,stride_513,262144,1048576,19927,1819408131255300917,1416681,11,11,3252759155835688704,3252759155835688704
22,P,20260918,436,1,measure,139,stride_4097,4194304,1048576,292167,8485624439887719075,1753306,11,11,12406089252390561320,12406089252390561320
22,P,20260918,437,1,measure,140,stride_1,2097152,1048576,61292,2530697844361152691,1413754,11,11,14577075130308765988,14577075130308765988
22,P,20260918,438,1,measure,141,random,786432,1048576,20763,9578094608919581680,1182030,11,11,6197578712626518646,6197578712626518646
22,P,20260918,439,1,measure,142,stride_1,49152,1048576,4518,14772336266024167929,1412749,11,11,3323703460476197090,3323703460476197090
22,P,20260918,440,1,measure,143,random,98304,1048576,5069,11532808350316007459,1184189,11,11,18162969588412133487,18162969588412133487
22,P,20260918,441,1,measure,144,pair_split_line,2097152,1048576,231368,2164491557649538794,3014389,11,11,17122333483751547474,17122333483751547474
22,P,20260918,442,1,measure,145,stride_17,12288,1048576,872,17295687557206027010,1402508,11,11,17552813812054289748,17552813812054289748
22,P,20260918,443,1,measure,146,pair_same_line,25165824,1048576,2461066,4152833486044827250,14037300,11,11,4803778538667910882,4803778538667910882
22,P,20260918,444,1,measure,147,pair_split_line,24576,1048576,2031,9999989621861781177,1885359,11,11,17188012029045466482,17188012029045466482
22,P,20260918,445,1,measure,148,pair_split_line,8192,1048576,791,9471878907291474357,1881439,11,11,4066181622894236525,4066181622894236525
22,P,20260918,446,1,measure,149,pair_same_line,6291456,1048576,290009,292976561027058230,5908042,11,11,7635974924030287176,7635974924030287176
22,P,20260918,447,1,measure,150,stride_1,393216,1048576,25953,17382893174278749796,1483537,11,11,3845906688414935664,3845906688414935664
22,P,20260918,448,1,measure,151,stride_513,33554432,1048576,1305042,6368525489037541151,9251750,11,11,6446225243977455555,6446225243977455555
22,P,20260918,449,1,measure,152,pair_split_line,67108864,1048576,5191172,1399397786989245022,19753569,11,11,16520656528280898242,16520656528280898242
22,P,20260918,450,1,measure,153,pair_split_line,134217728,1048576,7058518,15462245012826667430,18105582,11,11,17772674490944068351,17772674490944068351
22,P,20260918,451,1,measure,154,stride_4097,268435456,1048576,4309101,11539078912698384011,8059784,11,11,10920385186506918488,10920385186506918488
22,P,20260918,452,1,measure,155,stride_513,1572864,1048576,166826,6360568720864819706,2498629,11,11,4152134303135996640,4152134303135996640
22,P,20260918,453,1,measure,156,stride_17,8388608,1048576,761387,15838185074843638791,4868639,11,11,18303280461608560459,18303280461608560459
22,P,20260918,454,1,measure,157,stride_1,262144,1048576,10987,4006929768268534428,1698261,11,11,3252759155835688704,3252759155835688704
22,P,20260918,455,1,measure,158,stride_1_double,393216,2097152,39349,9408115812548611414,3221282,11,11,13603455669534534881,13603455669534534881
22,P,20260918,456,1,measure,159,pair_same_line,131072,1048576,14940,14603594331433675123,2021814,11,11,10182229112458397116,10182229112458397116
22,P,20260918,457,1,measure,160,stride_17,8192,1048576,433,8152537073127537514,1468559,11,11,116592947459441664,116592947459441664
22,P,20260918,458,1,measure,161,stride_1_bis,4096,1048576,103,9654636667568803131,1408833,11,11,8154595385843253248,8154595385843253248
22,P,20260918,459,1,measure,162,stride_1_bis,196608,1048576,22034,5451980778418635027,1378084,11,11,4141565403590360389,4141565403590360389
22,P,20260918,460,1,measure,163,pair_same_line,786432,1048576,17072,9846418588917238464,2010399,11,11,11698265714944407297,11698265714944407297
22,P,20260918,461,1,measure,164,stride_1,524288,1048576,4299,3147093505840251997,1355476,11,11,10061883979847375520,10061883979847375520
22,P,20260918,462,1,measure,165,pair_same_line,16777216,1048576,171843,9960336279464662271,13026728,11,11,9443148292779496856,9443148292779496856
22,P,20260918,463,1,measure,166,stride_513,268435456,1048576,14998275,13975575883577713405,12917995,11,11,369167331845379316,369167331845379316
22,P,20260918,464,1,measure,167,random,24576,1048576,835,4009002900112865984,1403163,11,11,15803747331082846152,15803747331082846152
22,P,20260918,465,1,measure,168,random,131072,1048576,13987,17573664013395046927,1514030,11,11,10074253074727223545,10074253074727223545
22,P,20260918,466,1,measure,169,pair_same_line,65536,1048576,6927,3211294819295461776,2029398,11,11,14663513097857658001,14663513097857658001
22,P,20260918,467,1,measure,170,stride_1_double,49152,2097152,218,10826396485651192623,3148096,11,11,11043402322313037570,11043402322313037570
22,P,20260918,468,1,measure,171,stride_1_double,1048576,2097152,80034,12710081598211695950,3000729,11,11,17594462461740979760,17594462461740979760
22,P,20260918,469,1,measure,172,random,50331648,1048576,3019243,15318923332043797198,14886300,11,11,12826208178158320717,12826208178158320717
22,P,20260918,470,1,measure,173,stride_1,25165824,1048576,145928,2798014176599101290,2839994,11,11,18297013202863608117,18297013202863608117
22,P,20260918,471,1,measure,174,stride_17,4194304,1048576,119075,14472945254551660632,4150982,11,11,12406089252390561320,12406089252390561320
22,P,20260918,472,1,measure,175,random,524288,1048576,32473,7287634428685433333,1397896,11,11,586893984768786794,586893984768786794
22,P,20260918,473,1,measure,176,pair_split_line,4194304,1048576,244366,8971755805523597763,4638953,11,11,11127814075315195416,11127814075315195416
22,P,20260918,474,1,measure,177,pair_same_line,98304,1048576,3945,2194783063429845681,1887412,11,11,17453291237961961701,17453291237961961701
22,P,20260918,475,1,measure,178,stride_17,16777216,1048576,2067081,3739789766340636873,5135482,11,11,14204176559484317889,14204176559484317889
22,P,20260918,476,1,measure,179,stride_1_double,2097152,2097152,109665,17007661896791165229,2784396,11,11,10707406186907980360,10707406186907980360
22,P,20260918,477,1,measure,180,stride_1_double,12582912,2097152,1076089,6411781177837058564,2982355,11,11,586402860198613370,586402860198613370
22,P,20260918,478,1,measure,181,stride_513,32768,1048576,2106,12373716536321113497,1356803,11,11,10598541984122395648,10598541984122395648
22,P,20260918,479,1,measure,182,stride_1_double,201326592,2097152,8905508,1966151759548281657,3895873,11,11,12375535989062387427,12375535989062387427
22,P,20260918,480,1,measure,183,stride_4097,3145728,1048576,354657,9034502572505801936,1994087,11,11,5645739433574124977,5645739433574124977
22,P,20260918,481,1,measure,184,stride_513,50331648,1048576,1790259,14500054812158505827,11615926,11,11,13336940897028668285,13336940897028668285
22,P,20260918,482,1,measure,185,stride_17,393216,1048576,45024,7588362105833044363,1375573,11,11,4779131269342937426,4779131269342937426
22,P,20260918,483,1,measure,186,pair_same_line,1048576,1048576,12784,8433262967103599865,2146096,11,11,10790016691963918530,10790016691963918530
22,P,20260918,484,1,measure,187,stride_17,201326592,1048576,5254897,1045701485455086431,9641470,11,11,12353314852637096664,12353314852637096664
22,P,20260918,485,1,measure,188,stride_1_double,32768,2097152,2864,11634765229280101402,2709907,11,11,2750339894535239680,2750339894535239680
22,P,20260918,486,1,measure,189,stride_1_double,16384,2097152,1231,12078407017920015785,2713320,11,11,649362101028710400,649362101028710400
22,P,20260918,487,1,measure,190,stride_1,100663296,1048576,9351309,8757536115138253901,2026286,11,11,6226647195588135529,6226647195588135529
22,P,20260918,488,1,measure,191,pair_split_line,786432,1048576,39775,15454078546729806769,2608204,11,11,12574625676294794519,12574625676294794519
22,P,20260918,489,1,measure,192,pair_same_line,3145728,1048576,115674,287657273911867571,3890633,11,11,3174548195928433771,3174548195928433771
22,P,20260918,490,1,measure,193,stride_1,786432,1048576,80495,8685300660515928413,1378666,11,11,6033015591514906434,6033015591514906434
22,P,20260918,491,1,measure,194,pair_split_line,12582912,1048576,648541,9644546586141091253,9201025,11,11,14501162741121844257,14501162741121844257
22,P,20260918,492,1,measure,195,stride_1,24576,1048576,1248,5467757341374392114,1355502,11,11,11526896020224947896,11526896020224947896
22,P,20260918,493,1,measure,196,stride_1_bis,8388608,1048576,1006322,11948928206919423770,1372869,11,11,18303280461608560459,18303280461608560459
22,P,20260918,494,1,measure,197,stride_1_bis,67108864,1048576,6104725,17179472696702186262,2105292,11,11,10320082568798404290,10320082568798404290
22,P,20260918,495,1,measure,198,stride_513,201326592,1048576,18022971,4448682295293051169,13497966,11,11,11229553389403559388,11229553389403559388
22,P,20260918,496,1,measure,199,stride_1_bis,393216,1048576,41893,5278275856525690176,1400847,11,11,12748357212632836064,12748357212632836064
22,P,20260918,497,1,measure,200,stride_4097,2097152,1048576,239042,6193168755869889650,1607413,11,11,14577075130308765988,14577075130308765988
22,P,20260918,498,1,measure,201,stride_1_bis,98304,1048576,5774,3818516488966227031,1397180,11,11,9344320097639409709,9344320097639409709
22,P,20260918,499,1,measure,202,stride_513,8388608,1048576,897106,15161869663847237313,2887758,11,11,18303280461608560459,18303280461608560459
22,P,20260918,500,1,measure,203,stride_17,65536,1048576,7747,6226613853528364186,1413190,11,11,16423878549329276288,16423878549329276288
22,P,20260918,501,1,measure,204,stride_513,6291456,1048576,392871,18445009055483352738,1693020,11,11,2329185465026963428,2329185465026963428
22,P,20260918,502,1,measure,205,stride_513,25165824,1048576,1934148,7773894746923005654,8650377,11,11,1003168821508743228,1003168821508743228
22,P,20260918,503,1,measure,206,stride_513,196608,1048576,1994,9031621773353123669,1460330,11,11,8126674812445135616,8126674812445135616
22,P,20260918,504,1,measure,207,stride_1_bis,134217728,1048576,6570350,8924983225461219424,2033696,11,11,3734398591178996741,3734398591178996741
22,P,20260918,505,1,measure,208,stride_17,32768,1048576,1487,8993514274569514920,1361482,11,11,10598541984122395648,10598541984122395648
22,P,20260918,506,1,measure,209,pair_same_line,1572864,1048576,2465,12875137941323853112,2721473,11,11,438744612987259445,438744612987259445
22,P,20260918,507,1,measure,210,stride_1_bis,3145728,1048576,284568,2044424159979057238,1531155,11,11,3883155630307428547,3883155630307428547
22,P,20260918,508,1,measure,211,pair_same_line,134217728,1048576,2390505,13490874426196138516,17496741,11,11,14303907086136833426,14303907086136833426
22,P,20260918,509,1,measure,212,pair_split_line,8388608,1048576,616245,146680304707532449,7511132,11,11,126122498619997440,126122498619997440
22,P,20260918,510,1,measure,213,stride_4097,6144,1048576,470,16741046526466268800,1358216,11,11,2889764869450219536,2889764869450219536
22,P,20260918,511,1,measure,214,random,33554432,1048576,2899214,1209808844413061548,12809402,11,11,2033729272927451065,2033729272927451065
22,P,20260918,512,1,measure,215,stride_1,8388608,1048576,805425,8048353333944989156,1935889,11,11,18303280461608560459,18303280461608560459
22,P,20260918,513,1,measure,216,stride_1,67108864,1048576,3910312,13294663690867702353,1963437,11,11,15881022937481308282,15881022937481308282
22,P,20260918,514,1,measure,217,stride_4097,98304,1048576,8965,9575068620549230391,1560776,11,11,12864157511145926462,12864157511145926462
22,P,20260918,515,1,measure,218,stride_1_bis,4194304,1048576,106081,5720704209425015866,1916400,11,11,12406089252390561320,12406089252390561320
22,P,20260918,516,1,measure,219,stride_1,8192,1048576,645,1917946100355552346,1362619,11,11,116592947459441664,116592947459441664
22,P,20260918,517,1,measure,220,pair_split_line,393216,1048576,11574,12477653693818558603,2343251,11,11,11489068590433166153,11489068590433166153
22,P,20260918,518,1,measure,221,stride_4097,393216,1048576,33498,13176703082308258022,1409212,11,11,13817599515015396960,13817599515015396960
22,P,20260918,519,1,measure,222,pair_same_line,262144,1048576,88,7696690062331994760,1836196,11,11,16612014422080714604,16612014422080714604
22,P,20260918,520,1,measure,223,stride_4097,8192,1048576,277,1999236755479754052,1386851,11,11,116592947459441664,116592947459441664
22,P,20260918,521,1,measure,224,random,3145728,1048576,308383,5102619577481959445,2618772,11,11,913996276905535841,913996276905535841
22,P,20260918,522,1,measure,225,stride_17,1572864,1048576,41812,8149817598232066750,1462218,11,11,17896860031708693008,17896860031708693008
22,P,20260918,523,1,measure,226,pair_split_line,49152,1048576,1474,11311539450599852331,1889370,11,11,14202433185404813450,14202433185404813450
22,P,20260918,524,1,measure,227,random,32768,1048576,746,8907763554499234962,1118046,11,11,13345616626168589237,13345616626168589237
22,P,20260918,525,1,measure,228,pair_same_line,12288,1048576,10,6225956823076388839,1628843,11,11,1099476382484478127,1099476382484478127
22,P,20260918,526,1,measure,229,stride_1_bis,6144,1048576,508,14831494031612448393,1382156,11,11,6202482156348601272,6202482156348601272
22,P,20260918,527,1,measure,230,pair_split_line,262144,1048576,14683,7832732382505741800,2516774,11,11,16647048445789008321,16647048445789008321
22,P,20260918,528,1,measure,231,pair_split_line,1048576,1048576,29082,16863483520999870337,2801403,11,11,783698518155087847,783698518155087847
22,P,20260918,529,1,measure,232,stride_1_bis,2097152,1048576,55895,2848668962427782780,1738548,11,11,14577075130308765988,14577075130308765988
22,P,20260918,530,1,measure,233,stride_1_double,50331648,2097152,322437,3607891399045318277,4139228,11,11,11292210453607607082,11292210453607607082
22,P,20260918,531,1,measure,234,stride_1_bis,8192,1048576,169,15343142943069731298,1484768,11,11,116592947459441664,116592947459441664
22,P,20260918,532,1,measure,235,stride_513,8192,1048576,725,1449805990748182008,1383676,11,11,116592947459441664,116592947459441664
22,P,20260918,533,1,measure,236,stride_513,65536,1048576,3600,17157036133155367705,1470414,11,11,16423878549329276288,16423878549329276288
22,P,20260918,534,1,measure,237,pair_split_line,201326592,1048576,8241193,14007914683090135341,23755374,11,11,4967360144067853709,4967360144067853709
22,P,20260918,535,1,measure,238,pair_same_line,196608,1048576,20088,15573866560998237615,1851918,11,11,17456337451444114862,17456337451444114862
22,P,20260918,536,1,measure,239,stride_1_bis,786432,1048576,21225,10518227872090915521,1449191,11,11,17605273263807878414,17605273263807878414
22,P,20260918,537,1,measure,240,pair_split_line,16777216,1048576,802213,8267964862406768346,11111065,11,11,707231653243613424,707231653243613424
22,P,20260918,538,1,measure,241,stride_1_bis,1572864,1048576,109067,2817417469224018425,1417716,11,11,13153454138864051571,13153454138864051571
22,P,20260918,539,1,measure,242,stride_1_bis,33554432,1048576,3715645,782946293901712720,1931019,11,11,4011961301577467734,4011961301577467734
22,P,20260918,540,1,measure,243,stride_17,196608,1048576,24298,18111806254334056116,1358516,11,11,12879082122775380766,12879082122775380766
22,P,20260918,541,1,measure,244,stride_1_double,67108864,2097152,5161796,33811174330350170,4035366,11,11,7647453514451558880,7647453514451558880
22,P,20260918,542,1,measure,245,stride_1_bis,12582912,1048576,1269883,3729699874177231059,1905941,11,11,13261418392205851178,13261418392205851178
22,P,20260918,543,1,measure,246,pair_split_line,25165824,1048576,2099569,2493883777044217834,16295665,11,11,10711325287303742559,10711325287303742559
22,P,20260918,544,1,measure,247,pair_same_line,2097152,1048576,89502,754905324472551298,2632637,11,11,17129496466574367250,17129496466574367250
22,P,20260918,545,1,measure,248,pair_split_line,3145728,1048576,284339,5104004748144646025,3595810,11,11,6358951532636888559,6358951532636888559
22,P,20260918,546,1,measure,249,stride_513,4194304,1048576,475937,14599132300458233374,1680624,11,11,12406089252390561320,12406089252390561320
22,P,20260918,547,1,measure,250,stride_1,134217728,1048576,9490749,14939274078319827613,1787494,11,11,11007228739309809155,11007228739309809155
22,P,20260918,548,1,measure,251,random,4194304,1048576,108948,17876724070010117524,2222615,11,11,13716304566331283274,13716304566331283274
22,P,20260918,549,1,measure,252,stride_1_bis,12288,1048576,1369,6891651412940988359,1412161,11,11,3463092638652665791,3463092638652665791
22,P,20260918,550,1,measure,253,stride_1,6144,1048576,109,3481588809531115194,1407550,11,11,12776159528991791338,12776159528991791338
22,P,20260918,551,1,measure,254,stride_1_bis,131072,1048576,13989,11732347882294307285,1409089,11,11,16921412609114818048,16921412609114818048
22,P,20260918,552,1,measure,255,stride_4097,131072,1048576,11264,5538805387833581337,1485139,11,11,16921412609114818048,16921412609114818048
22,P,20260918,553,1,measure,256,random,393216,1048576,26832,16385406625996934309,1172098,11,11,5752571996490994043,5752571996490994043
22,P,20260918,554,1,measure,257,random,6291456,1048576,783562,8736825326434818713,4370871,11,11,2062279848870505841,2062279848870505841
22,P,20260918,555,1,measure,258,stride_1_double,6291456,2097152,356513,14640255032254665431,2866607,11,11,968770024478379959,968770024478379959
22,P,20260918,556,1,measure,259,stride_4097,16777216,1048576,1746295,10948314594726585993,6253519,11,11,13408582803719065154,13408582803719065154
22,P,20260918,557,1,measure,260,stride_1_bis,16384,1048576,1306,9168875867003733905,1352393,11,11,9548053087369131008,9548053087369131008
22,P,20260918,558,1,measure,261,stride_17,134217728,1048576,2319394,17253400965252623886,8818720,11,11,9053523630564744459,9053523630564744459
22,P,20260918,559,1,measure,262,pair_same_line,393216,1048576,8972,2872563213827262404,1925565,11,11,6288799940064748299,6288799940064748299
22,P,20260918,560,1,measure,263,stride_17,49152,1048576,4440,717771367195113563,1488647,11,11,10241070297385269216,10241070297385269216
22,P,20260918,561,1,measure,264,random,6144,1048576,328,7208316284538599292,1177146,11,11,1249155837414050862,1249155837414050862
22,P,20260918,562,1,measure,265,stride_17,262144,1048576,20580,11012592294615529808,1563871,11,11,3252759155835688704,3252759155835688704
22,P,20260918,563,1,measure,266,stride_1,6291456,1048576,338111,7337876842046109581,1622545,11,11,10714290776057723405,10714290776057723405
22,P,20260918,564,1,measure,267,pair_split_line,1572864,1048576,194371,16781516983658618686,3334849,11,11,4469016906506693228,4469016906506693228
22,P,20260918,565,1,measure,268,pair_same_line,16384,1048576,1008,10625710901651870607,1625487,11,11,13995004115535866264,13995004115535866264
22,P,20260918,566,1,measure,269,stride_1_double,24576,2097152,3001,2980894493046344109,2789000,11,11,15168496533374183574,15168496533374183574
22,P,20260918,567,1,measure,270,stride_1,98304,1048576,638,12602599074835288040,1412066,11,11,11066507639963164367,11066507639963164367
22,P,20260918,568,1,measure,271,stride_1_double,131072,2097152,16180,2963362539607955507,2819424,11,11,15396081144520084480,15396081144520084480
22,P,20260918,569,1,measure,272,stride_1,1048576,1048576,40163,15857869631146277659,1421368,11,11,8797231230870489880,8797231230870489880
22,P,20260918,570,1,measure,273,random,1572864,1048576,150917,2710237469381479702,1359834,11,11,16903062337647177139,16903062337647177139
22,P,20260918,571,1,measure,274,stride_17,6291456,1048576,565624,6408318663501157149,4638254,11,11,1065315463748740637,1065315463748740637
22,P,20260918,572,1,measure,275,stride_513,524288,1048576,25627,3544925682789019398,1532527,11,11,10061883979847375520,10061883979847375520
22,P,20260918,573,1,measure,276,pair_split_line,6291456,1048576,160819,3096872289532910898,5296285,11,11,2118947901000608574,2118947901000608574
22,P,20260918,574,1,measure,277,stride_1_bis,201326592,1048576,1939310,4317046684560716973,1589871,11,11,6807342270547859408,6807342270547859408
22,P,20260918,575,1,measure,278,stride_1_double,25165824,2097152,26545,13518381828404540648,3573632,11,11,8844260212925445078,8844260212925445078
22,P,20260918,576,1,measure,279,stride_513,134217728,1048576,5119450,7060360197692389609,12399617,11,11,17445642321861594177,17445642321861594177
22,P,20260918,577,1,measure,280,random,12582912,1048576,1459919,18127355658285216684,10505255,11,11,9931205080130118151,9931205080130118151
22,P,20260918,578,1,measure,281,stride_1,33554432,1048576,1841189,13716648976760758312,2255609,11,11,4507579258760732784,4507579258760732784
22,P,20260918,579,1,measure,282,stride_1_double,268435456,2097152,18081741,6457325482052725484,4466545,11,11,8661638194078527250,8661638194078527250
22,P,20260918,580,1,measure,283,pair_same_line,50331648,1048576,269129,15605023885813069880,16105641,11,11,5103228728240268439,5103228728240268439
22,P,20260918,581,1,measure,284,random,16777216,1048576,115847,3420281588968024821,10901256,11,11,13132394149399909446,13132394149399909446
22,P,20260918,582,1,measure,285,stride_513,67108864,1048576,5534460,10296345942590486100,11828874,11,11,7031462103589731696,7031462103589731696
22,P,20260918,583,1,measure,286,stride_17,33554432,1048576,2240002,1083758978528532928,8622012,11,11,5421793717041887499,5421793717041887499
22,P,20260918,584,1,measure,287,random,262144,1048576,26362,12363550204639583928,1521350,11,11,17541828839788164573,17541828839788164573
22,P,20260918,585,1,measure,288,stride_4097,12582912,1048576,909365,1073556112790125084,6679911,11,11,4576424641144263059,4576424641144263059
22,P,20260918,586,1,measure,289,stride_17,50331648,1048576,4024955,14923694170670137859,8984403,11,11,3038845480606809606,3038845480606809606
22,P,20260918,587,1,measure,290,stride_17,131072,1048576,3208,12213257186856466283,1897101,11,11,16921412609114818048,16921412609114818048
22,P,20260918,588,1,measure,291,random,134217728,1048576,10241492,5903813602752457878,17305000,11,11,9735713519430099162,9735713519430099162
22,P,20260918,589,1,measure,292,stride_513,98304,1048576,7133,5677231717113972963,2309455,11,11,16959111087276692480,16959111087276692480
22,P,20260918,590,1,measure,293,stride_1_double,100663296,2097152,8188981,4180226215271113187,5112206,11,11,5885335324869914400,5885335324869914400
22,P,20260918,591,1,measure,294,stride_513,16384,1048576,1425,3498405642557180713,1694497,11,11,9548053087369131008,9548053087369131008
22,P,20260918,592,1,measure,295,stride_4097,25165824,1048576,3145535,8720027405969637234,8729907,11,11,12045982411374973010,12045982411374973010
22,P,20260918,593,1,measure,296,random,8388608,1048576,844044,3571199729264646076,8377503,11,11,2154774920883941894,2154774920883941894
22,P,20260918,594,2,measure,0,pair_split_line,25165824,1048576,2657973,3236510067678529619,17258205,11,11,7826579779811408205,7826579779811408205
22,P,20260918,595,2,measure,1,stride_17,6144,1048576,236,9503880112734341309,2267099,11,11,7010159665165614090,7010159665165614090
22,P,20260918,596,2,measure,2,stride_4097,1572864,1048576,183403,16988113490978748926,2006692,11,11,1342110323168315118,1342110323168315118
22,P,20260918,597,2,measure,3,stride_1_bis,3145728,1048576,197465,16500195377763017856,1799256,11,11,4479825872837429852,4479825872837429852
22,P,20260918,598,2,measure,4,stride_1_double,16777216,2097152,430339,15023930197374083062,4508073,11,11,12841062978479921428,12841062978479921428
22,P,20260918,599,2,measure,5,stride_1,49152,1048576,5834,15837619087413919946,1737805,11,11,1637969476355603146,1637969476355603146
22,P,20260918,600,2,measure,6,stride_513,268435456,1048576,21613993,1864560750533330583,13331698,11,11,3604673403037354016,3604673403037354016
22,P,20260918,601,2,measure,7,stride_1,4194304,1048576,247443,5243951376346424916,2457304,11,11,12406089252390561320,12406089252390561320
22,P,20260918,602,2,measure,8,stride_1,67108864,1048576,6354221,2835930535316215875,2538368,11,11,16639294732292348332,16639294732292348332
22,P,20260918,603,2,measure,9,stride_4097,67108864,1048576,3842426,9858337070826914862,7865674,11,11,175904636009001216,175904636009001216
22,P,20260918,604,2,measure,10,stride_1_bis,33554432,1048576,2591425,4236833338880010331,2231327,11,11,10652193443107057314,10652193443107057314
22,P,20260918,605,2,measure,11,stride_1_bis,12288,1048576,893,3414489252361087147,1797913,11,11,5301820767864387841,5301820767864387841
22,P,20260918,606,2,measure,12,stride_513,65536,1048576,4419,6077113035696930677,1772704,11,11,16423878549329276288,16423878549329276288
22,P,20260918,607,2,measure,13,stride_4097,8192,1048576,560,2741421039499165137,1692398,11,11,116592947459441664,116592947459441664
22,P,20260918,608,2,measure,14,stride_1_bis,201326592,1048576,24426069,11710681961244073493,2385885,11,11,10248306914065533270,10248306914065533270
22,P,20260918,609,2,measure,15,stride_513,98304,1048576,7533,1842127727951751503,1624630,11,11,3510283103173401088,3510283103173401088
22,P,20260918,610,2,measure,16,random,12582912,1048576,1352995,1549685258757740847,10652452,11,11,423978155765841376,423978155765841376
22,P,20260918,611,2,measure,17,random,6291456,1048576,350737,6488159362477291725,5598463,11,11,5826133816247939124,5826133816247939124
22,P,20260918,612,2,measure,18,random,8192,1048576,748,9887696288995613180,1363578,11,11,13460279345940789256,13460279345940789256
22,P,20260918,613,2,measure,19,stride_1_bis,4096,1048576,432,15696772118456688664,1723460,11,11,8154595385843253248,8154595385843253248
22,P,20260918,614,2,measure,20,pair_split_line,67108864,1048576,4498658,9130537020402398474,19915589,11,11,7654105597914876867,7654105597914876867
22,P,20260918,615,2,measure,21,pair_same_line,196608,1048576,738,17514042679535993600,2618796,11,11,12315259113600565673,12315259113600565673
22,P,20260918,616,2,measure,22,stride_1_double,50331648,2097152,4184435,16942583273816426414,4428026,11,11,13028634166867127365,13028634166867127365
22,P,20260918,617,2,measure,23,stride_4097,786432,1048576,91751,14976115354291381783,1832094,11,11,2080755821749772421,2080755821749772421
22,P,20260918,618,2,measure,24,stride_17,131072,1048576,5680,18018243803705287970,1643335,11,11,16921412609114818048,16921412609114818048
22,P,20260918,619,2,measure,25,stride_4097,16777216,1048576,1521200,1078591890236872460,7170661,11,11,6544711649189762153,6544711649189762153
22,P,20260918,620,2,measure,26,stride_1,262144,1048576,22114,2669150034962560486,1682526,11,11,3252759155835688704,3252759155835688704
22,P,20260918,621,2,measure,27,pair_same_line,524288,1048576,58079,14907735127243997206,2290570,11,11,1573189596689702547,1573189596689702547
22,P,20260918,622,2,measure,28,pair_same_line,32768,1048576,871,129491983543370112,1850888,11,11,15011123675374653210,15011123675374653210
22,P,20260918,623,2,measure,29,stride_1,6144,1048576,484,17624876407825224288,1562464,11,11,11896982717273163033,11896982717273163033
22,P,20260918,624,2,measure,30,stride_1_bis,25165824,1048576,3051354,12253314731781746691,2067790,11,11,7177836621610644889,7177836621610644889
22,P,20260918,625,2,measure,31,pair_same_line,50331648,1048576,4690937,9316925229389104485,16824756,11,11,7402020440544179009,7402020440544179009
22,P,20260918,626,2,measure,32,stride_4097,25165824,1048576,2836489,4321189851015682298,8538167,11,11,15273300975837955098,15273300975837955098
22,P,20260918,627,2,measure,33,pair_same_line,49152,1048576,4162,3304275922682962187,2147962,11,11,4627243041022057165,4627243041022057165
22,P,20260918,628,2,measure,34,stride_4097,12582912,1048576,369596,13690612218597750398,6907011,11,11,12503338414291114800,12503338414291114800
22,P,20260918,629,2,measure,35,stride_4097,201326592,1048576,20726517,14321574533060312589,9812376,11,11,5632572299096991881,5632572299096991881
22,P,20260918,630,2,measure,36,stride_1_double,524288,2097152,54203,2142024958321594670,4076969,11,11,1677023885985199424,1677023885985199424
22,P,20260918,631,2,measure,37,stride_17,16777216,1048576,722778,11055141415267109312,7871744,11,11,17631657335694749111,17631657335694749111
22,P,20260918,632,2,measure,38,pair_same_line,262144,1048576,17,17419985212810392330,2720150,11,11,12942042894318791956,12942042894318791956
22,P,20260918,633,2,measure,39,stride_1_bis,24576,1048576,72,746185524707225087,1854375,11,11,2152166046416539647,2152166046416539647
22,P,20260918,634,2,measure,40,pair_split_line,12288,1048576,282,5836484075052219306,2419990,11,11,13127347216275937311,13127347216275937311
22,P,20260918,635,2,measure,41,stride_1_double,262144,2097152,30493,17026600042883283510,3285497,11,11,6505518311671377408,6505518311671377408
22,P,20260918,636,2,measure,42,pair_same_line,67108864,1048576,5523073,16261209908932592696,17464365,11,11,8934014666979824371,8934014666979824371
22,P,20260918,637,2,measure,43,stride_513,12288,1048576,658,4291390681936531492,1824592,11,11,3776769180852905984,3776769180852905984
22,P,20260918,638,2,measure,44,stride_1,50331648,1048576,2111029,17177453116576779624,2411273,11,11,16900423524047324619,16900423524047324619
22,P,20260918,639,2,measure,45,stride_1_double,8192,2097152,706,1596508794487269860,3290940,11,11,233185894918883328,233185894918883328
22,P,20260918,640,2,measure,46,pair_split_line,1572864,1048576,4191,3191638580345666522,3376829,11,11,5967490763309839534,5967490763309839534
22,P,20260918,641,2,measure,47,pair_split_line,32768,1048576,4074,8778545591051710346,2013131,11,11,9353704587709286040,9353704587709286040
22,P,20260918,642,2,measure,48,random,4194304,1048576,105240,2104675414197459749,4774493,11,11,10813466937605442569,10813466937605442569
22,P,20260918,643,2,measure,49,stride_513,24576,1048576,2961,7965954894708955323,1426087,11,11,15675031744929201152,15675031744929201152
22,P,20260918,644,2,measure,50,stride_1_double,98304,2097152,10110,7818280988227125059,2729296,11,11,14303797508779446593,14303797508779446593
22,P,20260918,645,2,measure,51,stride_17,134217728,1048576,1730350,12932071886793126660,8891525,11,11,5467241958585167773,5467241958585167773
22,P,20260918,646,2,measure,52,pair_split_line,134217728,1048576,10135774,2643290294106974284,22204049,11,11,3837605539905332001,3837605539905332001
22,P,20260918,647,2,measure,53,stride_17,50331648,1048576,2399058,14610264940380420380,8522158,11,11,4044994159094212731,4044994159094212731
22,P,20260918,648,2,measure,54,stride_1_bis,196608,1048576,20973,17775916365824509985,2042844,11,11,3295615991692323167,3295615991692323167
22,P,20260918,649,2,measure,55,stride_4097,49152,1048576,3354,9685553337312906667,1948807,11,11,4216231839599213198,4216231839599213198
22,P,20260918,650,2,measure,56,stride_513,393216,1048576,38632,8176933010376792587,1829677,11,11,14847694413740558592,14847694413740558592
22,P,20260918,651,2,measure,57,stride_1_bis,67108864,1048576,1808802,2662452066346759760,2095523,11,11,4952508252849091688,4952508252849091688
22,P,20260918,652,2,measure,58,stride_4097,1048576,1048576,51240,4763723879405685638,1864062,11,11,8797231230870489880,8797231230870489880
22,P,20260918,653,2,measure,59,pair_split_line,49152,1048576,2699,12859932811472437675,2319325,11,11,16783347161074530282,16783347161074530282
22,P,20260918,654,2,measure,60,stride_17,98304,1048576,7215,13334937473951248697,1621662,11,11,17455770865009013579,17455770865009013579
22,P,20260918,655,2,measure,61,stride_1_double,32768,2097152,1207,12343581743118673510,3132545,11,11,2750339894535239680,2750339894535239680
22,P,20260918,656,2,measure,62,random,33554432,1048576,2405375,7855433583573206569,14254579,11,11,16997519141442989085,16997519141442989085
22,P,20260918,657,2,measure,63,stride_1_double,1572864,2097152,77913,14365494179486737770,3676393,11,11,10082984712201523520,10082984712201523520
22,P,20260918,658,2,measure,64,stride_1_bis,268435456,1048576,18144699,8584872893575136278,2311105,11,11,15039550937328261175,15039550937328261175
22,P,20260918,659,2,measure,65,pair_same_line,8192,1048576,383,4737259417570665347,1867245,11,11,1122330270655775494,1122330270655775494
22,P,20260918,660,2,measure,66,pair_same_line,12582912,1048576,216326,1488951541577999535,12382360,11,11,15619993169406758271,15619993169406758271
22,P,20260918,661,2,measure,67,stride_4097,6144,1048576,587,13135140302596728928,1646483,11,11,1059811834879485853,1059811834879485853
22,P,20260918,662,2,measure,68,stride_17,65536,1048576,5815,8038444338806198575,1745607,11,11,16423878549329276288,16423878549329276288
22,P,20260918,663,2,measure,69,stride_513,67108864,1048576,6110941,11296124468991526192,11922972,11,11,11049045345119154495,11049045345119154495
22,P,20260918,664,2,measure,70,pair_split_line,98304,1048576,3868,7737370179190769315,2807472,11,11,895422271486002053,895422271486002053
22,P,20260918,665,2,measure,71,stride_1,65536,1048576,7081,16841677131663247870,1671454,11,11,16423878549329276288,16423878549329276288
22,P,20260918,666,2,measure,72,stride_1_double,12582912,2097152,1471378,10826312268197263913,4534424,11,11,9563686715229962925,9563686715229962925
22,P,20260918,667,2,measure,73,stride_513,16777216,1048576,1318592,2067755562162267838,7352695,11,11,3557136273259632970,3557136273259632970
22,P,20260918,668,2,measure,74,pair_split_line,8192,1048576,198,4995818265797003307,2146660,11,11,8634505374875991665,8634505374875991665
22,P,20260918,669,2,measure,75,stride_1_bis,12582912,1048576,537039,6157029654643621328,2005395,11,11,16476585772777433268,16476585772777433268
22,P,20260918,670,2,measure,76,stride_1_double,201326592,2097152,17059723,15690101571195886324,4063126,11,11,16448299136797896735,16448299136797896735
22,P,20260918,671,2,measure,77,stride_17,262144,1048576,11878,18367942718791028866,1368600,11,11,3252759155835688704,3252759155835688704
22,P,20260918,672,2,measure,78,stride_4097,24576,1048576,2145,15439360255751428584,1359046,11,11,6709974751636546006,6709974751636546006
22,P,20260918,673,2,measure,79,stride_1_double,2097152,2097152,218437,15914928804521182047,3111776,11,11,10707406186907980360,10707406186907980360
22,P,20260918,674,2,measure,80,stride_17,393216,1048576,37867,15798585395766791194,1357343,11,11,6170178532256086117,6170178532256086117
22,P,20260918,675,2,measure,81,stride_4097,3145728,1048576,16501,4499814071086400526,2156815,11,11,1718905993939702021,1718905993939702021
22,P,20260918,676,2,measure,82,random,4096,1048576,349,11444324815085272077,1090042,11,11,199606193750651223,199606193750651223
22,P,20260918,677,2,measure,83,stride_1_bis,65536,1048576,1279,8888629263722476290,1359971,11,11,16423878549329276288,16423878549329276288
22,P,20260918,678,2,measure,84,stride_1,32768,1048576,3290,1824096626810511488,1351582,11,11,10598541984122395648,10598541984122395648
22,P,20260918,679,2,measure,85,stride_4097,16384,1048576,945,1219201181760868639,1354849,11,11,9548053087369131008,9548053087369131008
22,P,20260918,680,2,measure,86,random,268435456,1048576,21272223,12123228689933273713,17062409,11,11,3295383606079674392,3295383606079674392
22,P,20260918,681,2,measure,87,stride_1_double,100663296,2097152,4873626,2084406094540985121,4536071,11,11,17461336100897855097,17461336100897855097
22,P,20260918,682,2,measure,88,random,131072,1048576,9441,13904154147963069993,1130281,11,11,3970505717560862301,3970505717560862301
22,P,20260918,683,2,measure,89,pair_split_line,100663296,1048576,6262648,5792547867331240886,20893362,11,11,8978374731644021708,8978374731644021708
22,P,20260918,684,2,measure,90,stride_513,8192,1048576,837,4438529378434576696,1588271,11,11,116592947459441664,116592947459441664
22,P,20260918,685,2,measure,91,stride_1_bis,16777216,1048576,1564161,17406342717840142691,2325117,11,11,1104639885852290941,1104639885852290941
22,P,20260918,686,2,measure,92,stride_1_bis,100663296,1048576,3448939,1827902488109260386,2356606,11,11,11662704343514437807,11662704343514437807
22,P,20260918,687,2,measure,93,stride_4097,4096,1048576,456,1422406516430169579,1379135,11,11,8154595385843253248,8154595385843253248
22,P,20260918,688,2,measure,94,pair_same_line,131072,1048576,9954,7313031782578866771,1806746,11,11,13398939680320767365,13398939680320767365
22,P,20260918,689,2,measure,95,random,196608,1048576,18966,14199779985846930844,1157301,11,11,18168839278258716804,18168839278258716804
22,P,20260918,690,2,measure,96,stride_17,3145728,1048576,310623,15878768916238439475,2661974,11,11,900144727086663391,900144727086663391
22,P,20260918,691,2,measure,97,stride_513,32768,1048576,2379,16443933499548541730,1359140,11,11,10598541984122395648,10598541984122395648
22,P,20260918,692,2,measure,98,stride_1_double,8388608,2097152,515042,4366217724703588371,3313044,11,11,18159816849507569302,18159816849507569302
22,P,20260918,693,2,measure,99,stride_17,786432,1048576,76473,17099758082719430514,1399399,11,11,6799441704020388276,6799441704020388276
22,P,20260918,694,2,measure,100,random,2097152,1048576,142337,12937764335471208622,1663383,11,11,123462883097163129,123462883097163129
22,P,20260918,695,2,measure,101,stride_1_bis,6144,1048576,385,2208501599989351463,1354212,11,11,15249549454541840921,15249549454541840921
22,P,20260918,696,2,measure,102,stride_4097,32768,1048576,3623,16366421623385927883,1356547,11,11,10598541984122395648,10598541984122395648
22,P,20260918,697,2,measure,103,stride_513,50331648,1048576,2936915,16338922381070364433,12182768,11,11,8235843367175258581,8235843367175258581
22,P,20260918,698,2,measure,104,stride_1_double,6291456,2097152,462888,3045738811946979213,4124112,11,11,18121841186902892441,18121841186902892441
22,P,20260918,699,2,measure,105,stride_1,98304,1048576,5706,10740150437253394123,1358551,11,11,16958939093762799356,16958939093762799356
22,P,20260918,700,2,measure,106,stride_17,4194304,1048576,44500,13983343995932363841,2991361,11,11,12406089252390561320,12406089252390561320
22,P,20260918,701,2,measure,107,pair_same_line,4096,1048576,424,3079117366842926889,1645352,11,11,4852177195687070894,4852177195687070894
22,P,20260918,702,2,measure,108,stride_17,1048576,1048576,43837,9989460542254307916,1432700,11,11,8797231230870489880,8797231230870489880
22,P,20260918,703,2,measure,109,pair_split_line,196608,1048576,10254,16009612243305577989,2297645,11,11,60273015159659144,60273015159659144
22,P,20260918,704,2,measure,110,stride_513,131072,1048576,14576,1993275534962999497,1413571,11,11,16921412609114818048,16921412609114818048
22,P,20260918,705,2,measure,111,stride_4097,50331648,1048576,1180916,18281350889721427928,8002583,11,11,4470623856323487737,4470623856323487737
22,P,20260918,706,2,measure,112,pair_same_line,2097152,1048576,148849,15638787123650921945,3625947,11,11,6293046625025565095,6293046625025565095
22,P,20260918,707,2,measure,113,stride_1,393216,1048576,33697,7823950008796656049,1394275,11,11,9542166867570719688,9542166867570719688
22,P,20260918,708,2,measure,114,stride_1,268435456,1048576,8694666,12383675557390172912,2051353,11,11,11568609721513610488,11568609721513610488
22,P,20260918,709,2,measure,115,stride_513,262144,1048576,22138,3268919811821427704,1574524,11,11,3252759155835688704,3252759155835688704
22,P,20260918,710,2,measure,116,stride_1,2097152,1048576,131954,17356751852234322498,1534791,11,11,14577075130308765988,14577075130308765988
22,P,20260918,711,2,measure,117,stride_1_bis,2097152,1048576,193447,17522788355890085796,1412231,11,11,14577075130308765988,14577075130308765988
22,P,20260918,712,2,measure,118,pair_split_line,16777216,1048576,239740,6848010453579475183,11487105,11,11,8215865500659333037,8215865500659333037
22,P,20260918,713,2,measure,119,pair_same_line,6144,1048576,586,1854043184144904568,1633923,11,11,764996355447853308,764996355447853308
22,P,20260918,714,2,measure,120,random,6144,1048576,201,11318125864215600217,1105316,11,11,4351690216425497496,4351690216425497496
22,P,20260918,715,2,measure,121,stride_1,100663296,1048576,10264856,10654705376006406182,2075660,11,11,14614673482904340725,14614673482904340725
22,P,20260918,716,2,measure,122,stride_513,134217728,1048576,7624735,14640617133510785910,11748146,11,11,12867547423832221688,12867547423832221688
22,P,20260918,717,2,measure,123,pair_split_line,201326592,1048576,2614396,7622317011909038841,20384571,11,11,15984991298131346901,15984991298131346901
22,P,20260918,718,2,measure,124,stride_513,1572864,1048576,58322,18406597308436086154,1761034,11,11,4152134303135996640,4152134303135996640
22,P,20260918,719,2,measure,125,stride_17,16384,1048576,398,3964992754110093434,1462797,11,11,9548053087369131008,9548053087369131008
22,P,20260918,720,2,measure,126,stride_1,786432,1048576,46803,17294949277333946269,1384369,11,11,3136580557133721018,3136580557133721018
22,P,20260918,721,2,measure,127,stride_4097,196608,1048576,2678,15588801456968772060,1404893,11,11,4431747256682184528,4431747256682184528
22,P,20260918,722,2,measure,128,pair_same_line,98304,1048576,7512,16090183662413872556,1761769,11,11,6331487911518774861,6331487911518774861
22,P,20260918,723,2,measure,129,stride_1_double,3145728,2097152,167529,7248294506350106001,2842724,11,11,3321942072371209539,3321942072371209539
22,P,20260918,724,2,measure,130,stride_513,6144,1048576,665,14642901863440557539,1352603,11,11,9261835561974562816,9261835561974562816
22,P,20260918,725,2,measure,131,stride_513,49152,1048576,4014,10389453261240476610,1395010,11,11,9764209366394647040,9764209366394647040
22,P,20260918,726,2,measure,132,stride_1,16777216,1048576,2078623,17792609582983919754,1792241,11,11,5307081727862418529,5307081727862418529
22,P,20260918,727,2,measure,133,stride_1_bis,16384,1048576,986,14042407984237766711,1355990,11,11,9548053087369131008,9548053087369131008
22,P,20260918,728,2,measure,134,stride_4097,4194304,1048576,164098,5406767099306877966,1627471,11,11,12406089252390561320,12406089252390561320
22,P,20260918,729,2,measure,135,stride_513,2097152,1048576,242577,2936730916847186142,1405018,11,11,14577075130308765988,14577075130308765988
22,P,20260918,730,2,measure,136,stride_513,4096,1048576,289,17895253828154559326,1355434,11,11,8154595385843253248,8154595385843253248
22,P,20260918,731,2,measure,137,stride_4097,65536,1048576,6268,11616636389069655703,1422991,11,11,16423878549329276288,16423878549329276288
22,P,20260918,732,2,measure,138,stride_513,25165824,1048576,1023938,5941193090817327077,9499262,11,11,11886943178879158261,11886943178879158261
22,P,20260918,733,2,measure,139,pair_same_line,786432,1048576,88769,5889865494508922595,2004668,11,11,3887496006787493725,3887496006787493725
22,P,20260918,734,2,measure,140,stride_4097,100663296,1048576,9064291,4425693244661767197,8635503,11,11,15412262379672055303,15412262379672055303
22,P,20260918,735,2,measure,141,stride_1_bis,134217728,1048576,218175,15320019091089919318,2184762,11,11,16758881033087897115,16758881033087897115
22,P,20260918,736,2,measure,142,random,100663296,1048576,7343048,17858090136543310033,15204949,11,11,5204772359200499392,5204772359200499392
22,P,20260918,737,2,measure,143,stride_1,25165824,1048576,563933,12164534795998093006,2365996,11,11,5390182638979931266,5390182638979931266
22,P,20260918,738,2,measure,144,pair_same_line,3145728,1048576,60714,16534455769261748885,3505559,11,11,9042897345480727091,9042897345480727091
22,P,20260918,739,2,measure,145,pair_split_line,262144,1048576,30804,16435761170143979864,2304163,11,11,11190581758008283060,11190581758008283060
22,P,20260918,740,2,measure,146,pair_split_line,16384,1048576,2004,1449385481564587744,1884688,11,11,2530972247952554663,2530972247952554663
22,P,20260918,741,2,measure,147,stride_513,100663296,1048576,8807353,1315572181696650080,12859246,11,11,14540503754531315766,14540503754531315766
22,P,20260918,742,2,measure,148,stride_1,131072,1048576,12929,8265103144462203657,1480159,11,11,16921412609114818048,16921412609114818048
22,P,20260918,743,2,measure,149,pair_split_line,65536,1048576,2661,8863938594103228966,2185896,11,11,17276334591148742084,17276334591148742084
22,P,20260918,744,2,measure,150,stride_513,1048576,1048576,91490,4056627156716522570,1627365,11,11,8797231230870489880,8797231230870489880
22,P,20260918,745,2,measure,151,pair_same_line,33554432,1048576,2097528,16654528659725139248,15435224,11,11,12268168931351330544,12268168931351330544
22,P,20260918,746,2,measure,152,stride_17,49152,1048576,2590,14835891627523130990,1581493,11,11,2123358354770432524,2123358354770432524
22,P,20260918,747,2,measure,153,pair_same_line,8388608,1048576,399618,5684524042985370555,10572336,11,11,3338527944045467275,3338527944045467275
22,P,20260918,748,2,measure,154,pair_same_line,4194304,1048576,382245,14971217629047721694,3889727,11,11,2079795386597414586,2079795386597414586
22,P,20260918,749,2,measure,155,random,393216,1048576,27252,14210459749411431615,1300628,11,11,5788722080344652891,5788722080344652891
22,P,20260918,750,2,measure,156,stride_513,201326592,1048576,10823618,6098569337340475690,14131111,11,11,3428270830736109222,3428270830736109222
22,P,20260918,751,2,measure,157,stride_1_double,131072,2097152,3361,5699697058887801156,3611609,11,11,15396081144520084480,15396081144520084480
22,P,20260918,752,2,measure,158,pair_split_line,6291456,1048576,733962,15389627497831440744,8244483,11,11,11709270388856201073,11709270388856201073
22,P,20260918,753,2,measure,159,stride_1_bis,262144,1048576,15833,4580489198851164663,1544769,11,11,3252759155835688704,3252759155835688704
22,P,20260918,754,2,measure,160,stride_513,16384,1048576,703,16908158000645077356,1527647,11,11,9548053087369131008,9548053087369131008
22,P,20260918,755,2,measure,161,stride_17,8192,1048576,801,16435643708538115090,1462026,11,11,116592947459441664,116592947459441664
22,P,20260918,756,2,measure,162,stride_513,196608,1048576,126,10758927103128670565,1483105,11,11,11662605144128544768,11662605144128544768
22,P,20260918,757,2,measure,163,pair_same_line,268435456,1048576,12869279,3172629201816196241,19189064,11,11,7960260133878185913,7960260133878185913
22,P,20260918,758,2,measure,164,stride_1_double,393216,2097152,28837,10468270945079454758,3453868,11,11,7819871854536587686,7819871854536587686
22,P,20260918,759,2,measure,165,stride_1,8388608,1048576,564457,1832853918556912029,2113564,11,11,18303280461608560459,18303280461608560459
22,P,20260918,760,2,measure,166,pair_split_line,3145728,1048576,189540,494042280218871266,3854012,11,11,6299446025960151016,6299446025960151016
22,P,20260918,761,2,measure,167,stride_4097,12288,1048576,432,11708537866081736985,1409142,11,11,17427256331381606176,17427256331381606176
22,P,20260918,762,2,measure,168,pair_split_line,33554432,1048576,137205,8347346014808602022,18491093,11,11,15248282553444254704,15248282553444254704
22,P,20260918,763,2,measure,169,stride_1_double,12288,2097152,287,7748066090286586049,3494168,11,11,6264228746775466597,6264228746775466597
22,P,20260918,764,2,measure,170,stride_1_double,4194304,2097152,291790,13843790371054591221,4708916,11,11,6365434431071571024,6365434431071571024
22,P,20260918,765,2,measure,171,stride_1_bis,4194304,1048576,246625,16308223635511819148,1713143,11,11,12406089252390561320,12406089252390561320
22,P,20260918,766,2,measure,172,stride_1_double,65536,2097152,825,17094723408085734236,2708574,11,11,14401013024949000960,14401013024949000960
22,P,20260918,767,2,measure,173,stride_1,8192,1048576,94,18261489026925394852,1355172,11,11,116592947459441664,116592947459441664
22,P,20260918,768,2,measure,174,stride_513,12582912,1048576,1031042,9552287118418784589,7238788,11,11,446194662936398502,446194662936398502
22,P,20260918,769,2,measure,175,stride_513,33554432,1048576,2104304,13324914603712721093,10252385,11,11,18138689469560111400,18138689469560111400
22,P,20260918,770,2,measure,176,stride_1_bis,1572864,1048576,18640,8089269352594187279,1636953,11,11,14820222820964107254,14820222820964107254
22,P,20260918,771,2,measure,177,stride_17,1572864,1048576,97630,11259208007752286479,1626022,11,11,1313020723454687975,1313020723454687975
22,P,20260918,772,2,measure,178,stride_4097,2097152,1048576,182257,6239094015336746755,1693018,11,11,14577075130308765988,14577075130308765988
22,P,20260918,773,2,measure,179,stride_1,524288,1048576,41832,13767363078867951177,1418013,11,11,10061883979847375520,10061883979847375520
22,P,20260918,774,2,measure,180,pair_split_line,8388608,1048576,113469,8206804362256367880,5786469,11,11,11898013411142964463,11898013411142964463
22,P,20260918,775,2,measure,181,stride_1_double,268435456,2097152,22624947,10148961135909024119,3309885,11,11,8641568862526750923,8641568862526750923
22,P,20260918,776,2,measure,182,stride_1_bis,8388608,1048576,334878,4998654054430101468,1641687,11,11,18303280461608560459,18303280461608560459
22,P,20260918,777,2,measure,183,stride_17,32768,1048576,3491,9655997188217775579,1385458,11,11,10598541984122395648,10598541984122395648
22,P,20260918,778,2,measure,184,pair_split_line,2097152,1048576,153959,364466601012527950,3133780,11,11,11872184194790894282,11872184194790894282
22,P,20260918,779,2,measure,185,stride_17,6291456,1048576,449676,17966744304183323098,4030045,11,11,7836513887070483098,7836513887070483098
22,P,20260918,780,2,measure,186,stride_1_double,786432,2097152,85432,1201760629311851717,2800196,11,11,6711989115561529204,6711989115561529204
22,P,20260918,781,2,measure,187,stride_1_bis,8192,1048576,382,720154121820756836,1411840,11,11,116592947459441664,116592947459441664
22,P,20260918,782,2,measure,188,random,50331648,1048576,76715,13416463663839846017,14383759,11,11,17750140643081040787,17750140643081040787
22,P,20260918,783,2,measure,189,pair_split_line,524288,1048576,3688,1748667175222213912,2469998,11,11,5298550872743908327,5298550872743908327
22,P,20260918,784,2,measure,190,pair_split_line,131072,1048576,1836,16639665970069390794,2209863,11,11,7497904392798752000,7497904392798752000
22,P,20260918,785,2,measure,191,pair_split_line,50331648,1048576,3261039,4176518985595206912,20867750,11,11,13026621194424204728,13026621194424204728
22,P,20260918,786,2,measure,192,stride_1_double,196608,2097152,23543,12921347012395163194,3025779,11,11,14498180276324187067,14498180276324187067
22,P,20260918,787,2,measure,193,pair_split_line,393216,1048576,11620,1502781336041436462,2542813,11,11,17246190047585537406,17246190047585537406
22,P,20260918,788,2,measure,194,stride_1_bis,131072,1048576,15621,10353666275005468038,1364948,11,11,16921412609114818048,16921412609114818048
22,P,20260918,789,2,measure,195,stride_4097,98304,1048576,11513,11426220885018578148,1442409,11,11,5593632608017487587,5593632608017487587
22,P,20260918,790,2,measure,196,random,134217728,1048576,9262794,6953575772441487658,16058357,11,11,16429664507067774783,16429664507067774783
22,P,20260918,791,2,measure,197,stride_1,12288,1048576,1217,7892319938637212434,2515979,11,11,15405738355089804219,15405738355089804219
22,P,20260918,792,2,measure,198,stride_4097,8388608,1048576,249491,14931737421745938996,4381190,11,11,18303280461608560459,18303280461608560459
22,P,20260918,793,2,measure,199,stride_17,524288,1048576,38406,9877021328350144681,1659774,11,11,10061883979847375520,10061883979847375520
22,P,20260918,794,2,measure,200,pair_split_line,12582912,1048576,1088470,15890569383441057534,10421735,11,11,7618325880160442276,7618325880160442276
22,P,20260918,795,2,measure,201,stride_17,2097152,1048576,259936,4106782131910335218,1778549,11,11,14577075130308765988,14577075130308765988
22,P,20260918,796,2,measure,202,stride_1_bis,393216,1048576,26079,381203773193627327,1392708,11,11,16651223346664493781,16651223346664493781
22,P,20260918,797,2,measure,203,stride_17,12288,1048576,123,1705618798505703728,1351599,11,11,7464283314442640463,7464283314442640463
22,P,20260918,798,2,measure,204,random,1048576,1048576,125254,12269656996317548761,1172444,11,11,8080988063220743570,8080988063220743570
22,P,20260918,799,2,measure,205,pair_split_line,6144,1048576,38,624880564597905082,1898744,11,11,16795344572240173052,16795344572240173052
22,P,20260918,800,2,measure,206,pair_same_line,24576,1048576,2038,5165721015051321083,1625539,11,11,2739232550413333767,2739232550413333767
22,P,20260918,801,2,measure,207,stride_4097,524288,1048576,1823,12638585150994036774,1442860,11,11,10061883979847375520,10061883979847375520
22,P,20260918,802,2,measure,208,random,12288,1048576,812,9805847624063102748,1451163,11,11,4576252656017773374,4576252656017773374
22,P,20260918,803,2,measure,209,pair_same_line,1048576,1048576,61158,14278692415825589250,2057155,11,11,16416357227711361558,16416357227711361558
22,P,20260918,804,2,measure,210,stride_1_double,25165824,2097152,3060563,870134415821196475,3452401,11,11,12795738866548445654,12795738866548445654
22,P,20260918,805,2,measure,211,pair_same_line,201326592,1048576,11538727,2722330627124461668,18449658,11,11,1655530282674384951,1655530282674384951
22,P,20260918,806,2,measure,212,stride_17,24576,1048576,2620,14721862062355510787,1356422,11,11,9114918419643703268,9114918419643703268
22,P,20260918,807,2,measure,213,stride_1_double,24576,2097152,1704,4437551229384935857,2714045,11,11,18100805442400268546,18100805442400268546
22,P,20260918,808,2,measure,214,stride_17,33554432,1048576,606287,4823456876830604135,7802158,11,11,12936412855559198430,12936412855559198430
22,P,20260918,809,2,measure,215,stride_1,12582912,1048576,136782,11849223495727869191,1993010,11,11,1593966938382748500,1593966938382748500
22,P,20260918,810,2,measure,216,stride_513,3145728,1048576,307342,11233536224681151531,1958518,11,11,4696861105486946824,4696861105486946824
22,P,20260918,811,2,measure,217,stride_1,6291456,1048576,524619,11097319038805448446,1608010,11,11,6057851374163448508,6057851374163448508
22,P,20260918,812,2,measure,218,stride_4097,134217728,1048576,11709190,5326296869750617972,6981484,11,11,9825974547122455679,9825974547122455679
22,P,20260918,813,2,measure,219,pair_split_line,786432,1048576,95834,16556114462708573431,2559010,11,11,4105264336379418497,4105264336379418497
22,P,20260918,814,2,measure,220,pair_split_line,4096,1048576,473,9864609497260389560,1884613,11,11,3987687540716268662,3987687540716268662
22,P,20260918,815,2,measure,221,stride_513,8388608,1048576,283426,13247089495731395340,3120423,11,11,18303280461608560459,18303280461608560459
22,P,20260918,816,2,measure,222,random,32768,1048576,2506,8520187270784369272,1093258,11,11,16859118270702555417,16859118270702555417
22,P,20260918,817,2,measure,223,random,16384,1048576,1833,17338605351431453399,1092607,11,11,5032989041027594673,5032989041027594673
22,P,20260918,818,2,measure,224,stride_1_bis,98304,1048576,6118,8445391634961756624,1356300,11,11,22399811841328123,22399811841328123
22,P,20260918,819,2,measure,225,stride_1,33554432,1048576,3304763,4863673366669024008,2009237,11,11,3681217745516820237,3681217745516820237
22,P,20260918,820,2,measure,226,pair_same_line,65536,1048576,766,8024206360876409382,1698112,11,11,14823093024981530395,14823093024981530395
22,P,20260918,821,2,measure,227,stride_4097,268435456,1048576,26418051,3114134484475219018,7579304,11,11,11847111166038667017,11847111166038667017
22,P,20260918,822,2,measure,228,stride_17,67108864,1048576,7516341,4055691015653710257,8329183,11,11,72500939250932794,72500939250932794
22,P,20260918,823,2,measure,229,stride_17,201326592,1048576,2753010,9655026234511964269,6093102,11,11,13456695961761894494,13456695961761894494
22,P,20260918,824,2,measure,230,random,98304,1048576,8654,9411981431748917102,1140825,11,11,14050571118654428527,14050571118654428527
22,P,20260918,825,2,measure,231,stride_1,16384,1048576,1525,17747984185741463165,1360206,11,11,9548053087369131008,9548053087369131008
22,P,20260918,826,2,measure,232,random,3145728,1048576,9351,17858010591809618333,3824316,11,11,2563945645236997855,2563945645236997855
22,P,20260918,827,2,measure,233,stride_1_bis,50331648,1048576,4051124,17487339618070013178,2274836,11,11,445420855100694934,445420855100694934
22,P,20260918,828,2,measure,234,random,1572864,1048576,124034,15782716983240441918,1354968,11,11,14182025901455664873,14182025901455664873
22,P,20260918,829,2,measure,235,stride_17,268435456,1048576,20255788,16222348665027881916,9416898,11,11,11193858613289349603,11193858613289349603
22,P,20260918,830,2,measure,236,stride_4097,6291456,1048576,776790,5008535441873970125,2578015,11,11,9057869640194732170,9057869640194732170
22,P,20260918,831,2,measure,237,stride_1_bis,49152,1048576,2429,8166240042973343511,1363114,11,11,13443057327032210915,13443057327032210915
22,P,20260918,832,2,measure,238,stride_17,196608,1048576,22944,6903613661176699011,1359593,11,11,7557172200154837975,7557172200154837975
22,P,20260918,833,2,measure,239,stride_1_double,67108864,2097152,3303056,9249826360922140141,4441430,11,11,16791843930187952463,16791843930187952463
22,P,20260918,834,2,measure,240,pair_same_line,16384,1048576,1402,1382178508140357680,1647522,11,11,6536231978376493970,6536231978376493970
22,P,20260918,835,2,measure,241,stride_4097,393216,1048576,47579,6741203803122878211,1390859,11,11,7012098294513480321,7012098294513480321
22,P,20260918,836,2,measure,242,stride_1,3145728,1048576,92492,6335392819360957603,1381630,11,11,4294920061901262160,4294920061901262160
22,P,20260918,837,2,measure,243,pair_same_line,12288,1048576,386,17981846129732002953,1645049,11,11,5151699504560318674,5151699504560318674
22,P,20260918,838,2,measure,244,random,201326592,1048576,2705300,18008921361935314111,16638315,11,11,10982554361667980829,10982554361667980829
22,P,20260918,839,2,measure,245,stride_1_double,1048576,2097152,2903,2259077041047325428,3701596,11,11,17594462461740979760,17594462461740979760
22,P,20260918,840,2,measure,246,random,8388608,1048576,869113,385260151463470295,8288949,11,11,15115791112393166942,15115791112393166942
22,P,20260918,841,2,measure,247,stride_1_double,33554432,2097152,639921,9750133081678409010,3548173,11,11,12989995149382979706,12989995149382979706
22,P,20260918,842,2,measure,248,random,262144,1048576,13173,13764298984882124284,1142867,11,11,5642022107118099227,5642022107118099227
22,P,20260918,843,2,measure,249,random,786432,1048576,73223,3841671426613592308,1225368,11,11,3908931258093418492,3908931258093418492
22,P,20260918,844,2,measure,250,stride_17,8388608,1048576,732588,3582792048718161255,3453289,11,11,18303280461608560459,18303280461608560459
22,P,20260918,845,2,measure,251,stride_4097,131072,1048576,13277,15088811136820691868,1420539,11,11,16921412609114818048,16921412609114818048
22,P,20260918,846,2,measure,252,stride_513,786432,1048576,37176,1522454943048669165,1447603,11,11,18197965301733415104,18197965301733415104
22,P,20260918,847,2,measure,253,pair_same_line,100663296,1048576,2895645,2247652285057737285,17130589,11,11,16587580137816494227,16587580137816494227
22,P,20260918,848,2,measure,254,random,67108864,1048576,4642600,8366218277780514348,14971639,11,11,4231510674627918071,4231510674627918071
22,P,20260918,849,2,measure,255,stride_1_bis,6291456,1048576,617465,4677867196303658693,2373564,11,11,4488919956300942761,4488919956300942761
22,P,20260918,850,2,measure,256,stride_4097,262144,1048576,613,3851992494977504174,1679096,11,11,3252759155835688704,3252759155835688704
22,P,20260918,851,2,measure,257,pair_same_line,16777216,1048576,1727970,8564228715077338286,13766882,11,11,4142377094679983224,4142377094679983224
22,P,20260918,852,2,measure,258,pair_split_line,4194304,1048576,319341,1045787302313760295,5616894,11,11,6594798737809676341,6594798737809676341
22,P,20260918,853,2,measure,259,stride_1_bis,1048576,1048576,43189,14978151992569326413,1643576,11,11,8797231230870489880,8797231230870489880
22,P,20260918,854,2,measure,260,pair_same_line,134217728,1048576,87451,13273067655542557995,18425185,11,11,14121721609515323456,14121721609515323456
22,P,20260918,855,2,measure,261,random,49152,1048576,489,13686276625276863285,1539796,11,11,16225767997390519485,16225767997390519485
22,P,20260918,856,2,measure,262,pair_split_line,24576,1048576,2432,18367728574188554408,2617564,11,11,6785433784751592872,6785433784751592872
22,P,20260918,857,2,measure,263,random,24576,1048576,1367,14314192473035075568,1418807,11,11,16348989749036598939,16348989749036598939
22,P,20260918,858,2,measure,264,stride_513,4194304,1048576,372045,5284910088952116262,2616332,11,11,12406089252390561320,12406089252390561320
22,P,20260918,859,2,measure,265,stride_1_double,16384,2097152,977,9938611085471411635,3262318,11,11,649362101028710400,649362101028710400
22,P,20260918,860,2,measure,266,stride_1_double,6144,2097152,484,14532310028453125263,3016375,11,11,1169522793771549151,1169522793771549151
22,P,20260918,861,2,measure,267,stride_1_bis,524288,1048576,60002,12730416231814734405,1443550,11,11,10061883979847375520,10061883979847375520
22,P,20260918,862,2,measure,268,stride_1,1572864,1048576,182387,15812343089555189216,1427315,11,11,13053666371372715628,13053666371372715628
22,P,20260918,863,2,measure,269,stride_17,4096,1048576,13,11213751105639988129,1401476,11,11,8154595385843253248,8154595385843253248
22,P,20260918,864,2,measure,270,stride_17,25165824,1048576,410428,7234345236466217938,6692774,11,11,3293478595529280926,3293478595529280926
22,P,20260918,865,2,measure,271,stride_1_bis,32768,1048576,1413,16035456251808973158,1411843,11,11,10598541984122395648,10598541984122395648
22,P,20260918,866,2,measure,272,pair_same_line,1572864,1048576,7180,2023948015049116301,2263090,11,11,17278401846032250498,17278401846032250498
22,P,20260918,867,2,measure,273,stride_1_bis,786432,1048576,5937,5191966950709566012,1386229,11,11,9319526329585998645,9319526329585998645
22,P,20260918,868,2,measure,274,stride_17,12582912,1048576,1502834,15152786739760325521,4162571,11,11,18074525959696653233,18074525959696653233
22,P,20260918,869,2,measure,275,stride_513,524288,1048576,50958,3011632984571377348,1475040,11,11,10061883979847375520,10061883979847375520
22,P,20260918,870,2,measure,276,random,65536,1048576,1678,17650493658730045264,1128741,11,11,16368994225422239716,16368994225422239716
22,P,20260918,871,2,measure,277,stride_1_double,4096,2097152,281,11370237808600730486,2701312,11,11,16309190771686506496,16309190771686506496
22,P,20260918,872,2,measure,278,stride_513,6291456,1048576,203974,16930913990549479567,2013573,11,11,2091461971855407884,2091461971855407884
22,P,20260918,873,2,measure,279,stride_17,100663296,1048576,8790774,3573530040652463204,8425696,11,11,11522842887806033337,11522842887806033337
22,P,20260918,874,2,measure,280,stride_1_double,134217728,2097152,5766613,6742601754269458431,3189903,11,11,27619595828908114,27619595828908114
22,P,20260918,875,2,measure,281,stride_1,201326592,1048576,20742703,9822920563414434753,1806117,11,11,1119866812605919095,1119866812605919095
22,P,20260918,876,2,measure,282,stride_1,1048576,1048576,20893,641253157393031949,1472812,11,11,8797231230870489880,8797231230870489880
22,P,20260918,877,2,measure,283,pair_same_line,6291456,1048576,251575,5703720666396955655,7114896,11,11,5630003860869991067,5630003860869991067
22,P,20260918,878,2,measure,284,pair_same_line,393216,1048576,6747,7679174280856690227,1832993,11,11,4409179980349944372,4409179980349944372
22,P,20260918,879,2,measure,285,random,16777216,1048576,2021309,4408038129446902698,10678325,11,11,3870466399232074272,3870466399232074272
22,P,20260918,880,2,measure,286,pair_split_line,268435456,1048576,17685068,8732203121513789348,22317740,11,11,15381951141533173589,15381951141533173589
22,P,20260918,881,2,measure,287,random,524288,1048576,50567,7915140172692825720,1666426,11,11,12748236712608226937,12748236712608226937
22,P,20260918,882,2,measure,288,stride_1,134217728,1048576,13876628,6989828326337784957,2178788,11,11,2704707895981955790,2704707895981955790
22,P,20260918,883,2,measure,289,random,25165824,1048576,224750,14817908219586936429,14039006,11,11,17293606707079547008,17293606707079547008
22,P,20260918,884,2,measure,290,stride_1,196608,1048576,14800,15021033056682867704,1893890,11,11,8556610666864286125,8556610666864286125
22,P,20260918,885,2,measure,291,pair_same_line,25165824,1048576,1311072,5829201935958106113,15690397,11,11,4636615115031772393,4636615115031772393
22,P,20260918,886,2,measure,292,stride_4097,33554432,1048576,2561892,16772766506170698434,8185990,11,11,4383323100233959339,4383323100233959339
22,P,20260918,887,2,measure,293,pair_split_line,1048576,1048576,119216,8735275333910643854,4218791,11,11,16981244907981362075,16981244907981362075
22,P,20260918,888,2,measure,294,stride_1_double,49152,2097152,5883,7507006380808610099,3459366,11,11,18386026706299825708,18386026706299825708
22,P,20260918,889,2,measure,295,stride_1,24576,1048576,2960,14059316117580840357,1689860,11,11,2221784004737626367,2221784004737626367
22,P,20260918,890,2,measure,296,stride_1,4096,1048576,257,15727002990462462970,1693338,11,11,8154595385843253248,8154595385843253248
22,P,20260918,891,3,measure,0,stride_1_bis,16777216,1048576,400666,6203257033117171879,2252867,11,11,7659408361952527671,7659408361952527671
22,P,20260918,892,3,measure,1,pair_split_line,393216,1048576,42036,12049223924589722421,2790358,11,11,17251755138837395003,17251755138837395003
22,P,20260918,893,3,measure,2,stride_1_bis,393216,1048576,33594,9268741624314918292,1647031,11,11,10606180389545380294,10606180389545380294
22,P,20260918,894,3,measure,3,stride_17,3145728,1048576,341846,14287613494337213924,2838847,11,11,874631268024704239,874631268024704239
22,P,20260918,895,3,measure,4,stride_17,201326592,1048576,11979458,13029115500567902072,9016882,11,11,698878715300965592,698878715300965592
22,P,20260918,896,3,measure,5,stride_1,12582912,1048576,833734,3939867619814035695,1785972,11,11,2351792736382235325,2351792736382235325
22,P,20260918,897,3,measure,6,stride_513,268435456,1048576,7933772,11925128070747769271,13786540,11,11,6077285662146238002,6077285662146238002
22,P,20260918,898,3,measure,7,stride_17,268435456,1048576,24480189,10208852812984472487,9346965,11,11,10640539580606511086,10640539580606511086
22,P,20260918,899,3,measure,8,stride_1_bis,2097152,1048576,97547,4476318768744579810,2044140,11,11,14577075130308765988,14577075130308765988
22,P,20260918,900,3,measure,9,pair_same_line,786432,1048576,86981,11336030916579534788,2616699,11,11,14158780369911073221,14158780369911073221
22,P,20260918,901,3,measure,10,pair_split_line,8192,1048576,822,6943752109248675780,2357744,11,11,7581007258421951527,7581007258421951527
22,P,20260918,902,3,measure,11,stride_1,786432,1048576,33079,10534834668084325473,1737071,11,11,17898288397289552562,17898288397289552562
22,P,20260918,903,3,measure,12,random,268435456,1048576,2777164,9166866153354656671,18399683,11,11,16481058842923418637,16481058842923418637
22,P,20260918,904,3,measure,13,stride_1,524288,1048576,4282,4522602227375211060,2144840,11,11,10061883979847375520,10061883979847375520
22,P,20260918,905,3,measure,14,pair_same_line,12288,1048576,617,5084539904855115899,2214324,11,11,16005289015126088261,16005289015126088261
22,P,20260918,906,3,measure,15,pair_split_line,16777216,1048576,1260138,18020199082272750248,13500874,11,11,13462603687969596470,13462603687969596470
22,P,20260918,907,3,measure,16,stride_1,25165824,1048576,531738,719254569756260465,2009716,11,11,9846993450406996859,9846993450406996859
22,P,20260918,908,3,measure,17,pair_same_line,6144,1048576,413,11602634198137858761,2130783,11,11,15709586146390716030,15709586146390716030
22,P,20260918,909,3,measure,18,stride_1_double,6144,2097152,427,3379218235442697798,3420838,11,11,14150960566844761983,14150960566844761983
22,P,20260918,910,3,measure,19,stride_1_bis,67108864,1048576,3898042,10105228111575772424,2095718,11,11,6690981721222228969,6690981721222228969
22,P,20260918,911,3,measure,20,random,49152,1048576,5256,11082190900312361158,1248253,11,11,14579200529356768522,14579200529356768522
22,P,20260918,912,3,measure,21,stride_1_bis,3145728,1048576,355754,17665121096422768652,1709532,11,11,14132699822897299835,14132699822897299835
22,P,20260918,913,3,measure,22,stride_1_double,268435456,2097152,23537749,11740809616777578406,4025785,11,11,4473725688054440853,4473725688054440853
22,P,20260918,914,3,measure,23,stride_1,8192,1048576,488,9287610217605609821,1352030,11,11,116592947459441664,116592947459441664
22,P,20260918,915,3,measure,24,stride_4097,8388608,1048576,1030386,10340314681608170200,3105647,11,11,18303280461608560459,18303280461608560459
22,P,20260918,916,3,measure,25,stride_4097,3145728,1048576,43606,4217694812447040210,1732435,11,11,6670843430369057614,6670843430369057614
22,P,20260918,917,3,measure,26,stride_4097,33554432,1048576,1037487,11226403036453943476,6504664,11,11,5925786899086009750,5925786899086009750
22,P,20260918,918,3,measure,27,stride_1_bis,524288,1048576,13887,598142035820182709,1364431,11,11,10061883979847375520,10061883979847375520
22,P,20260918,919,3,measure,28,pair_split_line,100663296,1048576,5782863,10410838704945435078,24433903,11,11,8616739353658915130,8616739353658915130
22,P,20260918,920,3,measure,29,stride_1_bis,100663296,1048576,4273230,7372278549613398150,2537311,11,11,13756018570804934824,13756018570804934824
22,P,20260918,921,3,measure,30,random,2097152,1048576,163977,13975288764124598808,2622217,11,11,4982667065116449315,4982667065116449315
22,P,20260918,922,3,measure,31,stride_1_bis,268435456,1048576,30511725,8852439755847616929,2224348,11,11,5483568469930961742,5483568469930961742
22,P,20260918,923,3,measure,32,stride_1_double,4096,2097152,83,7939722769135700916,3036890,11,11,16309190771686506496,16309190771686506496
22,P,20260918,924,3,measure,33,stride_17,8192,1048576,954,2986676437820649157,1695984,11,11,116592947459441664,116592947459441664
22,P,20260918,925,3,measure,34,random,786432,1048576,82948,8080905865634566866,1268897,11,11,2352304759142164415,2352304759142164415
22,P,20260918,926,3,measure,35,stride_1_bis,12288,1048576,27,10079084042828089962,1427671,11,11,2323788194696920839,2323788194696920839
22,P,20260918,927,3,measure,36,stride_4097,8192,1048576,254,5619346804985435932,1460595,11,11,116592947459441664,116592947459441664
22,P,20260918,928,3,measure,37,stride_1_bis,8192,1048576,607,7501712068690142415,1446736,11,11,116592947459441664,116592947459441664
22,P,20260918,929,3,measure,38,stride_1_bis,32768,1048576,1496,9468994188221632210,1416208,11,11,10598541984122395648,10598541984122395648
22,P,20260918,930,3,measure,39,pair_split_line,33554432,1048576,3811182,7622003488756057963,15792541,11,11,13273623469014948633,13273623469014948633
22,P,20260918,931,3,measure,40,stride_1_double,131072,2097152,16014,879671317527293841,2859677,11,11,15396081144520084480,15396081144520084480
22,P,20260918,932,3,measure,41,stride_1_bis,1572864,1048576,152864,10173139143460489539,1479509,11,11,11004849212856979891,11004849212856979891
22,P,20260918,933,3,measure,42,random,32768,1048576,3473,9610447938671157739,1089092,11,11,8616037598494239576,8616037598494239576
22,P,20260918,934,3,measure,43,stride_513,16777216,1048576,906510,14848514371509223372,7274147,11,11,10732244602645045872,10732244602645045872
22,P,20260918,935,3,measure,44,random,24576,1048576,1892,10984614191244880385,1133754,11,11,18017892495627826338,18017892495627826338
22,P,20260918,936,3,measure,45,stride_1,393216,1048576,31293,6955178202082090710,1360830,11,11,11474455361785798600,11474455361785798600
22,P,20260918,937,3,measure,46,stride_1_double,786432,2097152,2696,18407654060424867469,2742927,11,11,12508898219577715281,12508898219577715281
22,P,20260918,938,3,measure,47,stride_513,6291456,1048576,119825,11379086426734414077,2574084,11,11,8960868997562969188,8960868997562969188
22,P,20260918,939,3,measure,48,pair_same_line,16777216,1048576,1346326,14594592539268597204,10573214,11,11,8007878281084221345,8007878281084221345
22,P,20260918,940,3,measure,49,stride_4097,32768,1048576,1278,15974208791162612657,1356300,11,11,10598541984122395648,10598541984122395648
22,P,20260918,941,3,measure,50,stride_4097,262144,1048576,12548,9448036188971960926,1396495,11,11,3252759155835688704,3252759155835688704
22,P,20260918,942,3,measure,51,stride_17,50331648,1048576,5451911,11625404133209031786,8506159,11,11,2290502796897712332,2290502796897712332
22,P,20260918,943,3,measure,52,stride_17,4096,1048576,438,4764102708835988321,1414215,11,11,8154595385843253248,8154595385843253248
22,P,20260918,944,3,measure,53,stride_1_bis,131072,1048576,15874,9260463188124004912,1374612,11,11,16921412609114818048,16921412609114818048
22,P,20260918,945,3,measure,54,stride_513,49152,1048576,5849,229090510961268896,1392407,11,11,1303108010804061184,1303108010804061184
22,P,20260918,946,3,measure,55,stride_1,16777216,1048576,316681,7309615472464601527,2244929,11,11,1354542449413417238,1354542449413417238
22,P,20260918,947,3,measure,56,stride_1_double,50331648,2097152,598454,8651312495096959875,4153606,11,11,5766165270022552368,5766165270022552368
22,P,20260918,948,3,measure,57,pair_same_line,67108864,1048576,2247036,3397642135650732298,15735905,11,11,69505515091206219,69505515091206219
22,P,20260918,949,3,measure,58,random,6291456,1048576,17584,15196539198705490711,7400876,11,11,14949815909290279952,14949815909290279952
22,P,20260918,950,3,measure,59,stride_1,32768,1048576,4011,909940480279682936,1472930,11,11,10598541984122395648,10598541984122395648
22,P,20260918,951,3,measure,60,stride_1,2097152,1048576,31309,10611645029243823250,1518184,11,11,14577075130308765988,14577075130308765988
22,P,20260918,952,3,measure,61,stride_513,131072,1048576,3168,3489197712621210259,1440389,11,11,16921412609114818048,16921412609114818048
22,P,20260918,953,3,measure,62,stride_4097,24576,1048576,1765,16485300269802147090,1351637,11,11,835566326212411162,835566326212411162
22,P,20260918,954,3,measure,63,random,25165824,1048576,1797790,13468430237880044642,11398001,11,11,5530344509072748174,5530344509072748174
22,P,20260918,955,3,measure,64,pair_same_line,134217728,1048576,7557239,17532142483007431495,18067068,11,11,8412427553654584253,8412427553654584253
22,P,20260918,956,3,measure,65,pair_split_line,3145728,1048576,373813,11354896338185026781,5594934,11,11,8725793255745694713,8725793255745694713
22,P,20260918,957,3,measure,66,pair_split_line,6144,1048576,484,10377946849571800877,2356891,11,11,15549247148581134119,15549247148581134119
22,P,20260918,958,3,measure,67,stride_1_double,32768,2097152,91,4572163468464715270,3252790,11,11,2750339894535239680,2750339894535239680
22,P,20260918,959,3,measure,68,stride_1,98304,1048576,6604,9609557860390905618,1527065,11,11,6176264540894461244,6176264540894461244
22,P,20260918,960,3,measure,69,stride_513,12288,1048576,1449,16792795489356233162,1469079,11,11,5992043729455024128,5992043729455024128
22,P,20260918,961,3,measure,70,stride_4097,100663296,1048576,2094363,10085128872775387221,8503121,11,11,4874601369655095966,4874601369655095966
22,P,20260918,962,3,measure,71,pair_same_line,393216,1048576,11467,11859186714421732409,2246157,11,11,16589820528404805541,16589820528404805541
22,P,20260918,963,3,measure,72,stride_1_double,1572864,2097152,51497,17349977452847412121,3160538,11,11,10204919164033839476,10204919164033839476
22,P,20260918,964,3,measure,73,pair_split_line,65536,1048576,602,12814350623406245032,2077497,11,11,12924541852256300090,12924541852256300090
22,P,20260918,965,3,measure,74,stride_1_bis,262144,1048576,13566,6818277805421623726,1356978,11,11,3252759155835688704,3252759155835688704
22,P,20260918,966,3,measure,75,stride_4097,12582912,1048576,815490,11734629689303841815,6179112,11,11,12476634422556118903,12476634422556118903
22,P,20260918,967,3,measure,76,stride_513,6144,1048576,522,7317412904919001239,1378515,11,11,6498767571919667200,6498767571919667200
22,P,20260918,968,3,measure,77,pair_same_line,49152,1048576,3216,18078986985446460334,1645594,11,11,13218252942445478606,13218252942445478606
22,P,20260918,969,3,measure,78,pair_split_line,1572864,1048576,195161,17517073513400684776,2724952,11,11,17456175813451744745,17456175813451744745
22,P,20260918,970,3,measure,79,stride_17,6144,1048576,744,5809974322474046549,1353450,11,11,2831813900122504846,2831813900122504846
22,P,20260918,971,3,measure,80,stride_513,201326592,1048576,12714253,3421047451981264069,13636392,11,11,2109374223299173391,2109374223299173391
22,P,20260918,972,3,measure,81,stride_1,4096,1048576,316,14064425284624937129,1465249,11,11,8154595385843253248,8154595385843253248
22,P,20260918,973,3,measure,82,stride_1,3145728,1048576,381525,12600709920070708414,1802137,11,11,10154793431270335173,10154793431270335173
22,P,20260918,974,3,measure,83,stride_513,25165824,1048576,1263558,2523399548856722803,9295158,11,11,1003168821508743228,1003168821508743228
22,P,20260918,975,3,measure,84,stride_513,4096,1048576,60,10907589384444592393,1533625,11,11,8154595385843253248,8154595385843253248
22,P,20260918,976,3,measure,85,stride_513,65536,1048576,46,4680178024770424708,1534994,11,11,16423878549329276288,16423878549329276288
22,P,20260918,977,3,measure,86,stride_1_bis,25165824,1048576,1740146,12836774957088687073,2113921,11,11,5400363382758293928,5400363382758293928
22,P,20260918,978,3,measure,87,pair_split_line,32768,1048576,2905,12977452676128086491,1888511,11,11,10382622822119914486,10382622822119914486
22,P,20260918,979,3,measure,88,stride_17,12288,1048576,787,13176639897921090970,1380552,11,11,1645654485485393842,1645654485485393842
22,P,20260918,980,3,measure,89,stride_4097,524288,1048576,1233,17605326192687744239,1507073,11,11,10061883979847375520,10061883979847375520
22,P,20260918,981,3,measure,90,stride_513,1572864,1048576,149025,10912978710495028253,1662340,11,11,15346159349426821392,15346159349426821392
22,P,20260918,982,3,measure,91,stride_4097,49152,1048576,2089,4199800065247323570,1410910,11,11,10885577837774094207,10885577837774094207
22,P,20260918,983,3,measure,92,stride_4097,201326592,1048576,17300011,8897004620712054463,8869840,11,11,3630173951131785372,3630173951131785372
22,P,20260918,984,3,measure,93,stride_1,50331648,1048576,6280562,16184385929845640099,2306226,11,11,6103631239417185687,6103631239417185687
22,P,20260918,985,3,measure,94,pair_same_line,65536,1048576,83,3133291637450783577,1714565,11,11,470992186684496584,470992186684496584
22,P,20260918,986,3,measure,95,stride_513,32768,1048576,500,3099977718964844962,1365732,11,11,10598541984122395648,10598541984122395648
22,P,20260918,987,3,measure,96,stride_4097,1572864,1048576,27998,17793205023855044473,1543728,11,11,5136405399814687571,5136405399814687571
22,P,20260918,988,3,measure,97,stride_1_double,8192,2097152,828,2564282172538776336,2708448,11,11,233185894918883328,233185894918883328
22,P,20260918,989,3,measure,98,pair_split_line,131072,1048576,10214,6179891288021784362,2229622,11,11,8715059360644540106,8715059360644540106
22,P,20260918,990,3,measure,99,stride_1_bis,16384,1048576,648,11608207375736726003,1369241,11,11,9548053087369131008,9548053087369131008
22,P,20260918,991,3,measure,100,stride_513,4194304,1048576,331930,16161304376277224028,2640706,11,11,12406089252390561320,12406089252390561320
22,P,20260918,992,3,measure,101,stride_4097,6144,1048576,649,5501208921741761132,1355715,11,11,643422538988834579,643422538988834579
22,P,20260918,993,3,measure,102,stride_4097,67108864,1048576,5512551,8842847194007724387,6859968,11,11,10863624383892359047,10863624383892359047
22,P,20260918,994,3,measure,103,stride_1,67108864,1048576,3611520,6356140446299243508,2264541,11,11,10315275870509899770,10315275870509899770
22,P,20260918,995,3,measure,104,stride_1_double,524288,2097152,50844,11508930294609167174,2736555,11,11,1677023885985199424,1677023885985199424
22,P,20260918,996,3,measure,105,stride_1_double,24576,2097152,1407,15712684439179778349,2704790,11,11,1614113144524726364,1614113144524726364
22,P,20260918,997,3,measure,106,pair_same_line,268435456,1048576,29196328,6371800948619979669,18653736,11,11,7445375735144785953,7445375735144785953
22,P,20260918,998,3,measure,107,random,262144,1048576,6989,4641033434871136441,1149420,11,11,11444099011570368697,11444099011570368697
22,P,20260918,999,3,measure,108,stride_1_bis,24576,1048576,1714,18338050569758252577,1358567,11,11,3673306022556959516,3673306022556959516
22,P,20260918,1000,3,measure,109,random,98304,1048576,2030,4369421634404817294,1124106,11,11,16744965515820127391,16744965515820127391
22,P,20260918,1001,3,measure,110,stride_1_double,33554432,2097152,3067794,2898074952634254624,4312247,11,11,996326929726595843,996326929726595843
22,P,20260918,1002,3,measure,111,stride_1_double,6291456,2097152,623581,16111457447443480173,3382629,11,11,12468184371935879518,12468184371935879518
22,P,20260918,1003,3,measure,112,stride_1_double,25165824,2097152,1697383,18369786324729534153,3917099,11,11,1277694107547656563,1277694107547656563
22,P,20260918,1004,3,measure,113,stride_4097,134217728,1048576,6335045,10236233857124317116,7005436,11,11,9284828302339572657,9284828302339572657
22,P,20260918,1005,3,measure,114,stride_4097,6291456,1048576,201328,2076022300518849371,2177472,11,11,14815342700128411172,14815342700128411172
22,P,20260918,1006,3,measure,115,stride_1,49152,1048576,1076,8963366127903464806,1352183,11,11,3527220398951682087,3527220398951682087
22,P,20260918,1007,3,measure,116,stride_1_double,3145728,2097152,304583,6208606530038266844,2723016,11,11,3361913002870393057,3361913002870393057
22,P,20260918,1008,3,measure,117,stride_1_bis,49152,1048576,547,14321908627023089372,1352364,11,11,2585837163551392141,2585837163551392141
22,P,20260918,1009,3,measure,118,pair_split_line,12288,1048576,96,8676702656701157972,1893343,11,11,14637090728692650869,14637090728692650869
22,P,20260918,1010,3,measure,119,stride_1_double,16777216,2097152,1195334,6567366741359587205,3329723,11,11,12841062978479921428,12841062978479921428
22,P,20260918,1011,3,measure,120,random,131072,1048576,16215,9581723606930467752,1128099,11,11,12416893105303257501,12416893105303257501
22,P,20260918,1012,3,measure,121,pair_split_line,786432,1048576,9382,8757912398567966720,2524867,11,11,9484701307112423741,9484701307112423741
22,P,20260918,1013,3,measure,122,pair_split_line,12582912,1048576,512555,15193664155147001858,9264299,11,11,6138395921682581898,6138395921682581898
22,P,20260918,1014,3,measure,123,stride_17,393216,1048576,31178,665206533048643890,1365553,11,11,3922217541394643111,3922217541394643111
22,P,20260918,1015,3,measure,124,random,100663296,1048576,10227944,12672005658527161046,15749642,11,11,7586396474079475091,7586396474079475091
22,P,20260918,1016,3,measure,125,pair_split_line,4096,1048576,487,3814280429879239791,1882460,11,11,10508808837703705974,10508808837703705974
22,P,20260918,1017,3,measure,126,random,12288,1048576,1209,1007140350202080224,1108396,11,11,15137979388113384174,15137979388113384174
22,P,20260918,1018,3,measure,127,stride_17,32768,1048576,3929,12499153530501807777,1413684,11,11,10598541984122395648,10598541984122395648
22,P,20260918,1019,3,measure,128,pair_same_line,4194304,1048576,82177,13586535881973816029,5423478,11,11,12941691299390997447,12941691299390997447
22,P,20260918,1020,3,measure,129,stride_1_bis,201326592,1048576,17687300,6928446506771270909,1714838,11,11,8313771223498451801,8313771223498451801
22,P,20260918,1021,3,measure,130,stride_1_double,12582912,2097152,359087,15562142724412012600,3532034,11,11,16125720817887313900,16125720817887313900
22,P,20260918,1022,3,measure,131,pair_same_line,16384,1048576,151,15386662237801049298,1634385,11,11,3706441116474906684,3706441116474906684
22,P,20260918,1023,3,measure,132,random,12582912,1048576,193166,14172804684912013822,9907388,11,11,13595340992102398766,13595340992102398766
22,P,20260918,1024,3,measure,133,pair_same_line,196608,1048576,12828,9303638474971583375,1814569,11,11,7264926849654922754,7264926849654922754
22,P,20260918,1025,3,measure,134,random,65536,1048576,7256,6205647347742731051,1144710,11,11,1467027520745502447,1467027520745502447
22,P,20260918,1026,3,measure,135,stride_1,1572864,1048576,22715,10745764725947562554,1449827,11,11,11622450409620446450,11622450409620446450
22,P,20260918,1027,3,measure,136,stride_1_double,196608,2097152,11158,973398853849861782,2826557,11,11,3042055598803594447,3042055598803594447
22,P,20260918,1028,3,measure,137,pair_same_line,12582912,1048576,1265254,407898010873889283,10908302,11,11,14282715871810827959,14282715871810827959
22,P,20260918,1029,3,measure,138,stride_1,33554432,1048576,3827757,10303013865520445141,2014180,11,11,9338600243691661743,9338600243691661743
22,P,20260918,1030,3,measure,139,stride_1,201326592,1048576,9545551,14433423093625387222,2071257,11,11,4406605309782192015,4406605309782192015
22,P,20260918,1031,3,measure,140,stride_17,262144,1048576,23478,11134095647232025378,1429097,11,11,3252759155835688704,3252759155835688704
22,P,20260918,1032,3,measure,141,stride_1_bis,196608,1048576,19699,15254977003787241,1408133,11,11,8409712489980160276,8409712489980160276
22,P,20260918,1033,3,measure,142,stride_1,6291456,1048576,217030,16634210445243633535,1847367,11,11,6980953879930099405,6980953879930099405
22,P,20260918,1034,3,measure,143,pair_split_line,98304,1048576,5298,9465063120346687516,2160831,11,11,16819111382408074546,16819111382408074546
22,P,20260918,1035,3,measure,144,stride_4097,25165824,1048576,2979760,7606299610851880732,7679927,11,11,10718361947763845885,10718361947763845885
22,P,20260918,1036,3,measure,145,stride_17,2097152,1048576,189593,6963221369852757609,1985328,11,11,14577075130308765988,14577075130308765988
22,P,20260918,1037,3,measure,146,random,1048576,1048576,119151,13252556605172468689,1172613,11,11,2862161469666425998,2862161469666425998
22,P,20260918,1038,3,measure,147,stride_17,786432,1048576,72486,1267937887392210049,1386285,11,11,13077147906904547799,13077147906904547799
22,P,20260918,1039,3,measure,148,pair_same_line,8192,1048576,852,15288707275961888821,1637299,11,11,16226431285413231045,16226431285413231045
22,P,20260918,1040,3,measure,149,stride_4097,98304,1048576,7923,15764793897229867539,1421390,11,11,7903813540255174907,7903813540255174907
22,P,20260918,1041,3,measure,150,stride_1_double,134217728,2097152,12901018,14150652434834860252,4386258,11,11,7501152843069295927,7501152843069295927
22,P,20260918,1042,3,measure,151,random,6144,1048576,8,8095869882886407921,1092372,11,11,12319917612647112813,12319917612647112813
22,P,20260918,1043,3,measure,152,pair_split_line,4194304,1048576,506429,12857183792446951471,5407451,11,11,10167490365328806355,10167490365328806355
22,P,20260918,1044,3,measure,153,pair_split_line,201326592,1048576,10924676,9565835906123534783,25787719,11,11,8266012748978113970,8266012748978113970
22,P,20260918,1045,3,measure,154,stride_17,1572864,1048576,78609,15271382743271074094,1838200,11,11,274142537988149094,274142537988149094
22,P,20260918,1046,3,measure,155,stride_4097,786432,1048576,44919,2127390405855859178,1590362,11,11,17447498517129605758,17447498517129605758
22,P,20260918,1047,3,measure,156,stride_4097,393216,1048576,16474,12134605186428841542,1480583,11,11,703083589187032037,703083589187032037
22,P,20260918,1048,3,measure,157,stride_17,100663296,1048576,7701776,1485765955866082559,8700907,11,11,3414964063348278699,3414964063348278699
22,P,20260918,1049,3,measure,158,random,393216,1048576,45540,8491504111777562087,1133093,11,11,12421228294372960864,12421228294372960864
22,P,20260918,1050,3,measure,159,pair_split_line,268435456,1048576,28439046,17541506576950880518,23503141,11,11,17842420305354059379,17842420305354059379
22,P,20260918,1051,3,measure,160,stride_1_bis,6291456,1048576,596436,12037482617681791633,2226039,11,11,11974132045155304468,11974132045155304468
22,P,20260918,1052,3,measure,161,stride_1_double,98304,2097152,9312,2644152020898068113,3180398,11,11,10458555010021126185,10458555010021126185
22,P,20260918,1053,3,measure,162,stride_1_bis,4096,1048576,376,15810157959264172351,1522903,11,11,8154595385843253248,8154595385843253248
22,P,20260918,1054,3,measure,163,pair_same_line,32768,1048576,1480,7952783321944686126,1750401,11,11,11526306565225643719,11526306565225643719
22,P,20260918,1055,3,measure,164,random,4194304,1048576,100935,11461437929625743054,5545350,11,11,8011718916622593361,8011718916622593361
22,P,20260918,1056,3,measure,165,stride_1_bis,6144,1048576,590,4004711680690871527,1458721,11,11,11370494753876823492,11370494753876823492
22,P,20260918,1057,3,measure,166,stride_513,8192,1048576,9,5242584577053380503,1407716,11,11,116592947459441664,116592947459441664
22,P,20260918,1058,3,measure,167,stride_1_bis,786432,1048576,37049,14105163428340219684,1361163,11,11,6080284764228752707,6080284764228752707
22,P,20260918,1059,3,measure,168,random,201326592,1048576,7886905,1581771223785250838,16869014,11,11,6620430328159212889,6620430328159212889
22,P,20260918,1060,3,measure,169,stride_1_double,8388608,2097152,563744,16054480667949024818,4442113,11,11,18159816849507569302,18159816849507569302
22,P,20260918,1061,3,measure,170,stride_1_double,65536,2097152,7463,9368704258501052627,3039990,11,11,14401013024949000960,14401013024949000960
22,P,20260918,1062,3,measure,171,random,33554432,1048576,2704258,16015460568540398937,13872033,11,11,16881961758692375322,16881961758692375322
22,P,20260918,1063,3,measure,172,stride_1_double,201326592,2097152,17580205,9788426166526548267,4439287,11,11,4665478017664334819,4665478017664334819
22,P,20260918,1064,3,measure,173,random,50331648,1048576,3436530,15191954253842572586,14797263,11,11,4662487424937584008,4662487424937584008
22,P,20260918,1065,3,measure,174,stride_4097,12288,1048576,672,1453533766965945174,1891528,11,11,9293544541599333496,9293544541599333496
22,P,20260918,1066,3,measure,175,stride_513,1048576,1048576,121605,3034230751675137983,2305365,11,11,8797231230870489880,8797231230870489880
22,P,20260918,1067,3,measure,176,stride_4097,4194304,1048576,457029,12847123983058988921,2779333,11,11,12406089252390561320,12406089252390561320
22,P,20260918,1068,3,measure,177,stride_17,49152,1048576,3004,5413128990216671140,1750994,11,11,9059512300674083220,9059512300674083220
22,P,20260918,1069,3,measure,178,stride_1,1048576,1048576,2497,15928824486212644933,1694978,11,11,8797231230870489880,8797231230870489880
22,P,20260918,1070,3,measure,179,stride_513,12582912,1048576,731488,11742866117774123979,7189992,11,11,4963127596952158292,4963127596952158292
22,P,20260918,1071,3,measure,180,pair_same_line,4096,1048576,56,4625785942561296039,1979717,11,11,111654860361830946,111654860361830946
22,P,20260918,1072,3,measure,181,stride_1,16384,1048576,1999,8626139445114530851,1617362,11,11,9548053087369131008,9548053087369131008
22,P,20260918,1073,3,measure,182,pair_split_line,134217728,1048576,1396335,13893801003738744567,26664187,11,11,12828034425727859858,12828034425727859858
22,P,20260918,1074,3,measure,183,pair_split_line,524288,1048576,64304,14538992291130553085,3709996,11,11,9699993729474553067,9699993729474553067
22,P,20260918,1075,3,measure,184,stride_1_bis,33554432,1048576,2490567,3424354347649104077,2615933,11,11,14347854368910564194,14347854368910564194
22,P,20260918,1076,3,measure,185,stride_1_double,49152,2097152,1708,228813713976548261,3650761,11,11,12017431678683555646,12017431678683555646
22,P,20260918,1077,3,measure,186,stride_4097,16384,1048576,237,14808189146605028240,1693523,11,11,9548053087369131008,9548053087369131008
22,P,20260918,1078,3,measure,187,stride_1_bis,12582912,1048576,1547832,761767693349935794,2229624,11,11,17685515658735843610,17685515658735843610
22,P,20260918,1079,3,measure,188,stride_1_bis,1048576,1048576,96576,14039489977463579309,1768225,11,11,8797231230870489880,8797231230870489880
22,P,20260918,1080,3,measure,189,stride_1,131072,1048576,1766,17989855239086635218,1591342,11,11,16921412609114818048,16921412609114818048
22,P,20260918,1081,3,measure,190,stride_1,134217728,1048576,1426287,8823318926934290164,2013180,11,11,3971699240165131626,3971699240165131626
22,P,20260918,1082,3,measure,191,random,4096,1048576,368,16322627265431933345,1134875,11,11,5532214891426380188,5532214891426380188
22,P,20260918,1083,3,measure,192,stride_17,16777216,1048576,1635952,11375336382360098131,6475493,11,11,1078701837553765566,1078701837553765566
22,P,20260918,1084,3,measure,193,pair_same_line,50331648,1048576,2167357,4902531682909341757,16119693,11,11,11967632596811326714,11967632596811326714
22,P,20260918,1085,3,measure,194,stride_1_bis,50331648,1048576,4502959,6589335640776063626,2405497,11,11,18270470067240104463,18270470067240104463
22,P,20260918,1086,3,measure,195,pair_split_line,25165824,1048576,823990,2550281424819517466,15156920,11,11,10563574085508872099,10563574085508872099
22,P,20260918,1087,3,measure,196,stride_1_bis,8388608,1048576,875119,7374065285946229658,2232586,11,11,18303280461608560459,18303280461608560459
22,P,20260918,1088,3,measure,197,stride_513,393216,1048576,30427,1398001906827789369,1905234,11,11,14847694413740558592,14847694413740558592
22,P,20260918,1089,3,measure,198,stride_4097,196608,1048576,9613,4576002449357806086,1741355,11,11,14053081822101220051,14053081822101220051
22,P,20260918,1090,3,measure,199,pair_split_line,262144,1048576,13562,9435694148544851353,2692591,11,11,3969253569267403496,3969253569267403496
22,P,20260918,1091,3,measure,200,pair_split_line,67108864,1048576,221155,11516139724982590783,20665488,11,11,12124526956291173995,12124526956291173995
22,P,20260918,1092,3,measure,201,stride_513,24576,1048576,2758,16514548248531092066,1887214,11,11,1712612578793322496,1712612578793322496
22,P,20260918,1093,3,measure,202,stride_1_double,67108864,2097152,1540267,14079108122116422536,4828555,11,11,4097211117272942852,4097211117272942852
22,P,20260918,1094,3,measure,203,stride_17,1048576,1048576,14985,10456769624925445789,1783547,11,11,8797231230870489880,8797231230870489880
22,P,20260918,1095,3,measure,204,stride_17,33554432,1048576,313960,13031173636611544010,8337546,11,11,15701475054062149289,15701475054062149289
22,P,20260918,1096,3,measure,205,pair_split_line,8388608,1048576,657252,18181339351976381427,10587957,11,11,9601676646610452519,9601676646610452519
22,P,20260918,1097,3,measure,206,pair_same_line,524288,1048576,14969,9861348786367449763,2617671,11,11,1650385291591677281,1650385291591677281
22,P,20260918,1098,3,measure,207,stride_17,4194304,1048576,338495,4881881459990873115,3817661,11,11,12406089252390561320,12406089252390561320
22,P,20260918,1099,3,measure,208,stride_1,4194304,1048576,76580,3963587052436430225,1616903,11,11,12406089252390561320,12406089252390561320
22,P,20260918,1100,3,measure,209,random,134217728,1048576,11087281,10587769231412972844,17501924,11,11,16521871288713833466,16521871288713833466
22,P,20260918,1101,3,measure,210,stride_4097,131072,1048576,10474,899452429783850219,2130547,11,11,16921412609114818048,16921412609114818048
22,P,20260918,1102,3,measure,211,pair_same_line,201326592,1048576,19098207,10233505370013742709,20422548,11,11,5261396715725927042,5261396715725927042
22,P,20260918,1103,3,measure,212,random,16384,1048576,1461,17366827038008056565,1880469,11,11,14359881951758907783,14359881951758907783
22,P,20260918,1104,3,measure,213,stride_17,24576,1048576,2031,4745165658640539063,2239225,11,11,2490443634822390249,2490443634822390249
22,P,20260918,1105,3,measure,214,random,524288,1048576,14562,17803504658458878228,1884266,11,11,17425936922191684533,17425936922191684533
22,P,20260918,1106,3,measure,215,stride_17,196608,1048576,2937,5250294853338341970,1821404,11,11,7979529798245087082,7979529798245087082
22,P,20260918,1107,3,measure,216,pair_same_line,8388608,1048576,372193,6434591944463385153,13485102,11,11,6948722188088385764,6948722188088385764
22,P,20260918,1108,3,measure,217,random,8388608,1048576,424349,12977585783844999803,7307973,11,11,8812089900861305623,8812089900861305623
22,P,20260918,1109,3,measure,218,stride_1_bis,98304,1048576,4024,8369009752073044786,2126482,11,11,13433560995757587736,13433560995757587736
22,P,20260918,1110,3,measure,219,stride_17,25165824,1048576,2861102,8606195352987868783,7996398,11,11,2756862209415897517,2756862209415897517
22,P,20260918,1111,3,measure,220,random,196608,1048576,1664,11832655171820977978,1778798,11,11,17023626920442472681,17023626920442472681
22,P,20260918,1112,3,measure,221,stride_513,100663296,1048576,8564735,6651029654227417213,14675384,11,11,7400368776959052304,7400368776959052304
22,P,20260918,1113,3,measure,222,stride_1,6144,1048576,587,6406916165553630259,2401710,11,11,14145396361659629082,14145396361659629082
22,P,20260918,1114,3,measure,223,pair_same_line,33554432,1048576,3019471,13633451110919971745,17341529,11,11,13389000697171749669,13389000697171749669
22,P,20260918,1115,3,measure,224,stride_513,524288,1048576,22281,9216142603543255930,2841348,11,11,10061883979847375520,10061883979847375520
22,P,20260918,1116,3,measure,225,pair_split_line,196608,1048576,22995,4434830082188450867,3063417,11,11,47112301414762833,47112301414762833
22,P,20260918,1117,3,measure,226,stride_513,98304,1048576,1124,918977775024615963,1820570,11,11,16959111087276692480,16959111087276692480
22,P,20260918,1118,3,measure,227,stride_1_double,12288,2097152,551,13904537536655046516,3600848,11,11,1175338032512609023,1175338032512609023
22,P,20260918,1119,3,measure,228,stride_1,24576,1048576,325,11264842372876387613,1778355,11,11,14721953639828845833,14721953639828845833
22,P,20260918,1120,3,measure,229,stride_513,786432,1048576,82725,18220019807447286425,1918509,11,11,18197965301733415104,18197965301733415104
22,P,20260918,1121,3,measure,230,stride_4097,4096,1048576,218,16863556677939860080,1780836,11,11,8154595385843253248,8154595385843253248
22,P,20260918,1122,3,measure,231,stride_513,67108864,1048576,3356688,2392906208611439468,13025151,11,11,16452648467184730227,16452648467184730227
22,P,20260918,1123,3,measure,232,stride_17,16384,1048576,407,6737757106655155891,2058252,11,11,9548053087369131008,9548053087369131008
22,P,20260918,1124,3,measure,233,random,3145728,1048576,138441,15512005227410709533,4504266,11,11,2307443840013187152,2307443840013187152
22,P,20260918,1125,3,measure,234,random,8192,1048576,698,13946462483598663778,1577731,11,11,15282840324151625777,15282840324151625777
22,P,20260918,1126,3,measure,235,pair_split_line,6291456,1048576,347990,5199976324058865317,8816709,11,11,6469074173303482479,6469074173303482479
22,P,20260918,1127,3,measure,236,pair_same_line,1572864,1048576,138751,15383004081866655887,2688746,11,11,14919473173002550795,14919473173002550795
22,P,20260918,1128,3,measure,237,stride_17,524288,1048576,27519,6677672957783680329,1708472,11,11,10061883979847375520,10061883979847375520
22,P,20260918,1129,3,measure,238,stride_1,196608,1048576,3502,2329732855107274519,1615547,11,11,17403127432682689726,17403127432682689726
22,P,20260918,1130,3,measure,239,stride_4097,1048576,1048576,127074,13868623028682617536,1619226,11,11,8797231230870489880,8797231230870489880
22,P,20260918,1131,3,measure,240,stride_17,131072,1048576,4119,1547076810149253114,1472139,11,11,16921412609114818048,16921412609114818048
22,P,20260918,1132,3,measure,241,stride_1_bis,65536,1048576,1702,815837296037403508,1439033,11,11,16423878549329276288,16423878549329276288
22,P,20260918,1133,3,measure,242,stride_1_double,393216,2097152,43584,16702508385660571942,2716612,11,11,17163212241153116246,17163212241153116246
22,P,20260918,1134,3,measure,243,pair_same_line,3145728,1048576,174245,5240721256181024419,2536276,11,11,2649328590957649438,2649328590957649438
22,P,20260918,1135,3,measure,244,pair_same_line,98304,1048576,2572,2118682268401551512,1753831,11,11,13656214648043450050,13656214648043450050
22,P,20260918,1136,3,measure,245,pair_split_line,49152,1048576,3513,16482730702216095562,1892418,11,11,5242660050834207075,5242660050834207075
22,P,20260918,1137,3,measure,246,stride_513,134217728,1048576,5724581,4874648169679803625,12647194,11,11,15991265785799038347,15991265785799038347
22,P,20260918,1138,3,measure,247,stride_17,65536,1048576,1977,4534466960223796457,1418476,11,11,16423878549329276288,16423878549329276288
22,P,20260918,1139,3,measure,248,stride_17,98304,1048576,6254,1501565695858605180,1359875,11,11,6448997262661700061,6448997262661700061
22,P,20260918,1140,3,measure,249,stride_1_double,1048576,2097152,88905,5859338712240742645,2808704,11,11,17594462461740979760,17594462461740979760
22,P,20260918,1141,3,measure,250,stride_513,262144,1048576,26351,248136450427172360,1392682,11,11,3252759155835688704,3252759155835688704
22,P,20260918,1142,3,measure,251,stride_1_bis,4194304,1048576,412617,2831810365052873569,1890282,11,11,12406089252390561320,12406089252390561320
22,P,20260918,1143,3,measure,252,stride_17,67108864,1048576,2656179,13422495404211636573,8405601,11,11,12772154585462508705,12772154585462508705
22,P,20260918,1144,3,measure,253,pair_same_line,100663296,1048576,11742339,11204339703380462086,15795224,11,11,5077592510235943801,5077592510235943801
22,P,20260918,1145,3,measure,254,stride_1,268435456,1048576,3488780,1210655669627203460,2463655,11,11,7572811347089252877,7572811347089252877
22,P,20260918,1146,3,measure,255,stride_1,65536,1048576,7707,6675322839176784327,1523336,11,11,16423878549329276288,16423878549329276288
22,P,20260918,1147,3,measure,256,random,1572864,1048576,57619,8393454870627240385,1730119,11,11,7022698180196572283,7022698180196572283
22,P,20260918,1148,3,measure,257,pair_split_line,50331648,1048576,1436695,6425946435537199318,17513438,11,11,2098013297069141287,2098013297069141287
22,P,20260918,1149,3,measure,258,pair_same_line,24576,1048576,2180,5325109214182202031,2040035,11,11,18394915829870987812,18394915829870987812
22,P,20260918,1150,3,measure,259,stride_17,8388608,1048576,870607,4116798153034342996,4277003,11,11,18303280461608560459,18303280461608560459
22,P,20260918,1151,3,measure,260,stride_1_double,262144,2097152,7418,10997742500265037435,3049892,11,11,6505518311671377408,6505518311671377408
22,P,20260918,1152,3,measure,261,stride_17,134217728,1048576,9154718,11056792264300190872,8753853,11,11,15975656267108439,15975656267108439
22,P,20260918,1153,3,measure,262,pair_same_line,6291456,1048576,263197,9209091214082432856,7146810,11,11,13013927210496064783,13013927210496064783
22,P,20260918,1154,3,measure,263,stride_1,8388608,1048576,704557,5972290099640518481,2053683,11,11,18303280461608560459,18303280461608560459
22,P,20260918,1155,3,measure,264,stride_1,12288,1048576,521,6064604356663525779,1731881,11,11,5734316236042152206,5734316236042152206
22,P,20260918,1156,3,measure,265,stride_513,50331648,1048576,1386964,3519229063595678554,12484870,11,11,13865002270058215528,13865002270058215528
22,P,20260918,1157,3,measure,266,pair_split_line,2097152,1048576,105120,6107394899716521275,3842464,11,11,12565515732777953686,12565515732777953686
22,P,20260918,1158,3,measure,267,pair_split_line,24576,1048576,1800,13661153809747778333,2255966,11,11,3233926343525786571,3233926343525786571
22,P,20260918,1159,3,measure,268,stride_1_double,100663296,2097152,1159467,13271508667009860929,4702784,11,11,10301480873354168561,10301480873354168561
22,P,20260918,1160,3,measure,269,stride_17,6291456,1048576,195012,13868536210374678018,3515618,11,11,3593610081982408770,3593610081982408770
22,P,20260918,1161,3,measure,270,stride_513,3145728,1048576,169171,13856907391866374807,1473456,11,11,4696861105486946824,4696861105486946824
22,P,20260918,1162,3,measure,271,stride_4097,2097152,1048576,150189,3407111479049115742,1476392,11,11,14577075130308765988,14577075130308765988
22,P,20260918,1163,3,measure,272,stride_513,2097152,1048576,247569,4477698947156581056,1462986,11,11,14577075130308765988,14577075130308765988
22,P,20260918,1164,3,measure,273,stride_1_double,16384,2097152,464,16679102272576731729,2822517,11,11,649362101028710400,649362101028710400
22,P,20260918,1165,3,measure,274,pair_split_line,16384,1048576,302,17634760415910392386,1921924,11,11,18046901987320062640,18046901987320062640
22,P,20260918,1166,3,measure,275,stride_1,262144,1048576,4034,12862389232043161782,1712152,11,11,3252759155835688704,3252759155835688704
22,P,20260918,1167,3,measure,276,random,16777216,1048576,452744,10167136436196979508,10662900,11,11,13350672156067657041,13350672156067657041
22,P,20260918,1168,3,measure,277,pair_same_line,2097152,1048576,108115,18418577842635764856,2507791,11,11,11224015035158317651,11224015035158317651
22,P,20260918,1169,3,measure,278,pair_same_line,131072,1048576,4032,15860412302887398305,1779132,11,11,11800094859456529189,11800094859456529189
22,P,20260918,1170,3,measure,279,stride_4097,65536,1048576,2587,12107888832234080977,1457164,11,11,16423878549329276288,16423878549329276288
22,P,20260918,1171,3,measure,280,random,67108864,1048576,6162246,4890649499142591099,14195826,11,11,7979235376353205868,7979235376353205868
22,P,20260918,1172,3,measure,281,stride_17,12582912,1048576,1527512,12019396247949862125,4769031,11,11,7305037938772957795,7305037938772957795
22,P,20260918,1173,3,measure,282,stride_1_double,2097152,2097152,66255,5950172706096775482,2754589,11,11,10707406186907980360,10707406186907980360
22,P,20260918,1174,3,measure,283,stride_1_double,4194304,2097152,465041,6027975891966619217,2712718,11,11,6365434431071571024,6365434431071571024
22,P,20260918,1175,3,measure,284,stride_513,196608,1048576,17610,8286341241052011900,1429082,11,11,11662605144128544768,11662605144128544768
22,P,20260918,1176,3,measure,285,pair_same_line,262144,1048576,11624,10673047835559262243,1820305,11,11,17255366333783531520,17255366333783531520
22,P,20260918,1177,3,measure,286,stride_513,8388608,1048576,734339,13849650410792291443,1991429,11,11,18303280461608560459,18303280461608560459
22,P,20260918,1178,3,measure,287,stride_1_bis,134217728,1048576,3012552,2960044328870579168,2294168,11,11,1966208257922355446,1966208257922355446
22,P,20260918,1179,3,measure,288,pair_same_line,25165824,1048576,2946374,3473120308864013011,13289274,11,11,13249906953867558050,13249906953867558050
22,P,20260918,1180,3,measure,289,pair_split_line,1048576,1048576,101122,17582135768264630595,2721022,11,11,14188546036697900153,14188546036697900153
22,P,20260918,1181,3,measure,290,stride_4097,268435456,1048576,32108966,16228643095443273980,7668696,11,11,15437139566917939522,15437139566917939522
22,P,20260918,1182,3,measure,291,stride_4097,16777216,1048576,1074445,2193242552371352132,7087111,11,11,16277639868537753478,16277639868537753478
22,P,20260918,1183,3,measure,292,stride_4097,50331648,1048576,207643,10186739515798133115,8538072,11,11,13312158036782148891,13312158036782148891
22,P,20260918,1184,3,measure,293,stride_513,16384,1048576,1585,13797763293575531347,1576749,11,11,9548053087369131008,9548053087369131008
22,P,20260918,1185,3,measure,294,stride_1,100663296,1048576,4184582,9410936051641156892,2275469,11,11,8195749113228164004,8195749113228164004
22,P,20260918,1186,3,measure,295,stride_513,33554432,1048576,3298624,2507681931949417118,10355894,11,11,9854623253302432092,9854623253302432092
22,P,20260918,1187,3,measure,296,pair_same_line,1048576,1048576,106485,12593416262241272362,2672463,11,11,422276555133974126,422276555133974126
22,P,20260918,1188,4,measure,0,stride_513,131072,1048576,10130,4675284887846991093,1646873,11,11,16921412609114818048,16921412609114818048
22,P,20260918,1189,4,measure,1,pair_split_line,16384,1048576,1608,17803358684430950046,2100570,11,11,207373965484250456,207373965484250456
22,P,20260918,1190,4,measure,2,pair_split_line,12582912,1048576,860092,6533659939804029013,9622478,11,11,2259725250810398242,2259725250810398242
22,P,20260918,1191,4,measure,3,stride_1_bis,24576,1048576,2044,17831668497335190826,1360247,11,11,9295885358247832815,9295885358247832815
22,P,20260918,1192,4,measure,4,stride_513,6291456,1048576,323435,11643696614221735447,1582161,11,11,8960868997562969188,8960868997562969188
22,P,20260918,1193,4,measure,5,stride_1_bis,49152,1048576,859,6475347386197808065,1352928,11,11,12276929219270194161,12276929219270194161
22,P,20260918,1194,4,measure,6,stride_1_bis,16777216,1048576,1159640,2385537883498434372,1899453,11,11,14415534528867824657,14415534528867824657
22,P,20260918,1195,4,measure,7,random,2097152,1048576,93174,17656766497387955538,1710310,11,11,15413923884869127346,15413923884869127346
22,P,20260918,1196,4,measure,8,stride_1_double,134217728,2097152,5818915,53560257693541065,4573030,11,11,13803321198130885134,13803321198130885134
22,P,20260918,1197,4,measure,9,stride_4097,2097152,1048576,176218,9819582447506916384,1499882,11,11,14577075130308765988,14577075130308765988
22,P,20260918,1198,4,measure,10,stride_1,786432,1048576,3429,15611442537877571125,1357904,11,11,13408034544177864317,13408034544177864317
22,P,20260918,1199,4,measure,11,stride_4097,201326592,1048576,12408003,9741289986543793973,8744365,11,11,6905005155961062374,6905005155961062374
22,P,20260918,1200,4,measure,12,random,1048576,1048576,76506,8709359923398352566,1434501,11,11,11884862760444502351,11884862760444502351
22,P,20260918,1201,4,measure,13,stride_17,98304,1048576,3516,16050617630677908159,1412558,11,11,832008902662771429,832008902662771429
22,P,20260918,1202,4,measure,14,stride_17,786432,1048576,17371,7423949676176100556,1452322,11,11,14656349853259079992,14656349853259079992
22,P,20260918,1203,4,measure,15,random,65536,1048576,211,6588525276612943535,1170392,11,11,5300183063327962587,5300183063327962587
22,P,20260918,1204,4,measure,16,pair_split_line,16777216,1048576,1523444,5351747310529005355,12339178,11,11,2587131983905196002,2587131983905196002
22,P,20260918,1205,4,measure,17,stride_1_double,49152,2097152,3956,8924667391549615597,2900241,11,11,3883420220844730347,3883420220844730347
22,P,20260918,1206,4,measure,18,stride_17,131072,1048576,5739,12885942895060810925,1550884,11,11,16921412609114818048,16921412609114818048
22,P,20260918,1207,4,measure,19,pair_same_line,786432,1048576,387,13430242273330568089,2104746,11,11,12314512332375559648,12314512332375559648
22,P,20260918,1208,4,measure,20,random,786432,1048576,66966,5549492153411721543,1176037,11,11,7771602638676482030,7771602638676482030
22,P,20260918,1209,4,measure,21,random,134217728,1048576,10315062,11060532528299400243,16195004,11,11,354530560215020207,354530560215020207
22,P,20260918,1210,4,measure,22,stride_1,268435456,1048576,12995943,5600241708744459342,1716126,11,11,10377884649411438666,10377884649411438666
22,P,20260918,1211,4,measure,23,pair_split_line,196608,1048576,16939,13129579040747817996,2297183,11,11,1542758860966013285,1542758860966013285
22,P,20260918,1212,4,measure,24,stride_17,100663296,1048576,9627277,12109497499283325349,8189432,11,11,9774412411128598788,9774412411128598788
22,P,20260918,1213,4,measure,25,stride_1_bis,6291456,1048576,670506,11208105475826366003,1686920,11,11,767264628968778408,767264628968778408
22,P,20260918,1214,4,measure,26,stride_1_double,65536,2097152,7357,4085947508215490664,2714499,11,11,14401013024949000960,14401013024949000960
22,P,20260918,1215,4,measure,27,stride_4097,524288,1048576,32202,13716615883627110790,1439241,11,11,10061883979847375520,10061883979847375520
22,P,20260918,1216,4,measure,28,stride_1_double,524288,2097152,33356,12839771063265779384,2711271,11,11,1677023885985199424,1677023885985199424
22,P,20260918,1217,4,measure,29,random,24576,1048576,1135,127851385952657309,1092676,11,11,4347837550618014695,4347837550618014695
22,P,20260918,1218,4,measure,30,stride_1_double,25165824,2097152,1386496,16528185648049991277,4432238,11,11,1442069562629770902,1442069562629770902
22,P,20260918,1219,4,measure,31,stride_513,25165824,1048576,2094605,1119103975220533575,8415416,11,11,11886943178879158261,11886943178879158261
22,P,20260918,1220,4,measure,32,pair_split_line,1572864,1048576,177035,3360887626630136083,2820967,11,11,2062216136213632048,2062216136213632048
22,P,20260918,1221,4,measure,33,stride_513,33554432,1048576,406364,8338144476467165529,8933687,11,11,1201811601113243807,1201811601113243807
22,P,20260918,1222,4,measure,34,stride_1,6291456,1048576,95991,14819903315018042114,2158476,11,11,5967358996519492683,5967358996519492683
22,P,20260918,1223,4,measure,35,pair_split_line,6144,1048576,464,17143871590454719852,1880825,11,11,14068329734269764739,14068329734269764739
22,P,20260918,1224,4,measure,36,stride_513,16777216,1048576,2045314,403173086969062765,7666629,11,11,6271648497805914867,6271648497805914867
22,P,20260918,1225,4,measure,37,stride_513,134217728,1048576,2855688,2288969948397262313,12051475,11,11,8814954188126956205,8814954188126956205
22,P,20260918,1226,4,measure,38,pair_split_line,67108864,1048576,7320372,4515352064791460439,19327084,11,11,17868633372467863271,17868633372467863271
22,P,20260918,1227,4,measure,39,stride_1_bis,2097152,1048576,50137,4335213037761061278,1919381,11,11,14577075130308765988,14577075130308765988
22,P,20260918,1228,4,measure,40,random,33554432,1048576,2435653,8429177090958170543,13873938,11,11,1529962102679620782,1529962102679620782
22,P,20260918,1229,4,measure,41,stride_4097,16777216,1048576,517571,6580810024555317134,8364581,11,11,8567491647423819930,8567491647423819930
22,P,20260918,1230,4,measure,42,stride_513,524288,1048576,31682,11051521777150803495,2332451,11,11,10061883979847375520,10061883979847375520
22,P,20260918,1231,4,measure,43,random,262144,1048576,9291,6500084773404989261,1572028,11,11,14070228120569872352,14070228120569872352
22,P,20260918,1232,4,measure,44,random,6144,1048576,664,6793924803085601956,1359517,11,11,6641002913617419440,6641002913617419440
22,P,20260918,1233,4,measure,45,stride_1,262144,1048576,31648,1568746181920004110,2104352,11,11,3252759155835688704,3252759155835688704
22,P,20260918,1234,4,measure,46,stride_513,201326592,1048576,13767860,11307367854173109814,13591852,11,11,13091317799419123148,13091317799419123148
22,P,20260918,1235,4,measure,47,pair_split_line,393216,1048576,3548,15333835349973559276,3678529,11,11,13195878347407168805,13195878347407168805
22,P,20260918,1236,4,measure,48,stride_17,50331648,1048576,4601525,11260344382124599490,9914349,11,11,13254103382644866985,13254103382644866985
22,P,20260918,1237,4,measure,49,stride_1_double,262144,2097152,15332,5503559658564605475,4175981,11,11,6505518311671377408,6505518311671377408
22,P,20260918,1238,4,measure,50,stride_1,3145728,1048576,88505,16053119680550142857,2020712,11,11,1936493246867374015,1936493246867374015
22,P,20260918,1239,4,measure,51,stride_1_double,98304,2097152,2382,8114669175325196988,3389253,11,11,9082618106605796516,9082618106605796516
22,P,20260918,1240,4,measure,52,stride_1,12288,1048576,202,25621041475365579,1693736,11,11,8440416265834807757,8440416265834807757
22,P,20260918,1241,4,measure,53,stride_4097,4096,1048576,399,11050045773807174347,1689185,11,11,8154595385843253248,8154595385843253248
22,P,20260918,1242,4,measure,54,stride_1_double,16777216,2097152,33671,1531959531273267378,4011326,11,11,12841062978479921428,12841062978479921428
22,P,20260918,1243,4,measure,55,stride_1_double,6144,2097152,528,11514967410250790830,3053527,11,11,16013986613710645060,16013986613710645060
22,P,20260918,1244,4,measure,56,stride_513,1572864,1048576,129167,2607497112269855832,1764993,11,11,4152134303135996640,4152134303135996640
22,P,20260918,1245,4,measure,57,pair_split_line,50331648,1048576,344309,5216860207809724142,21865282,11,11,14642135882487676828,14642135882487676828
22,P,20260918,1246,4,measure,58,random,1572864,1048576,178362,13519824128144040112,2419823,11,11,13365875112426249910,13365875112426249910
22,P,20260918,1247,4,measure,59,stride_4097,196608,1048576,15736,4457781711773915912,1927738,11,11,8945105708726263741,8945105708726263741
22,P,20260918,1248,4,measure,60,random,16384,1048576,1008,6423327787965605339,1390889,11,11,2483649461538054261,2483649461538054261
22,P,20260918,1249,4,measure,61,stride_1_bis,393216,1048576,31254,12146904632845210332,1735653,11,11,3112322885824260631,3112322885824260631
22,P,20260918,1250,4,measure,62,pair_split_line,786432,1048576,51248,7873311109028862328,2916434,11,11,8916076765986776040,8916076765986776040
22,P,20260918,1251,4,measure,63,stride_1_bis,1048576,1048576,128194,3059756880727071325,1485770,11,11,8797231230870489880,8797231230870489880
22,P,20260918,1252,4,measure,64,pair_same_line,12582912,1048576,209423,16687422294375342766,13153991,11,11,1152503903117350558,1152503903117350558
22,P,20260918,1253,4,measure,65,random,100663296,1048576,11354050,3555234894102192341,16523297,11,11,15495578146264391624,15495578146264391624
22,P,20260918,1254,4,measure,66,random,25165824,1048576,144761,13633628256033164196,13254888,11,11,15456947210473687439,15456947210473687439
22,P,20260918,1255,4,measure,67,stride_1_double,33554432,2097152,2156540,3250778430692498183,4361126,11,11,3417779156747756758,3417779156747756758
22,P,20260918,1256,4,measure,68,stride_1,2097152,1048576,125746,2470249120435040735,1820500,11,11,14577075130308765988,14577075130308765988
22,P,20260918,1257,4,measure,69,stride_17,8388608,1048576,504964,13412000631993631702,5220042,11,11,18303280461608560459,18303280461608560459
22,P,20260918,1258,4,measure,70,stride_17,49152,1048576,5022,11489269301066965823,1997977,11,11,4694324343004222257,4694324343004222257
22,P,20260918,1259,4,measure,71,stride_1_bis,4194304,1048576,231767,8557281823870620629,1796385,11,11,12406089252390561320,12406089252390561320
22,P,20260918,1260,4,measure,72,stride_1,33554432,1048576,334934,17861521488356410471,1881570,11,11,11515282403379725798,11515282403379725798
22,P,20260918,1261,4,measure,73,stride_513,3145728,1048576,204450,5653829482717960419,1849584,11,11,11181227820694052192,11181227820694052192
22,P,20260918,1262,4,measure,74,stride_1_double,2097152,2097152,234555,14849674645380745514,3338339,11,11,10707406186907980360,10707406186907980360
22,P,20260918,1263,4,measure,75,pair_same_line,134217728,1048576,1878292,279533206664850592,18243314,11,11,5053780342319422638,5053780342319422638
22,P,20260918,1264,4,measure,76,stride_4097,8388608,1048576,974297,11001861932080422014,3695416,11,11,18303280461608560459,18303280461608560459
22,P,20260918,1265,4,measure,77,pair_split_line,3145728,1048576,59199,8722868393801875228,4407574,11,11,15862603342229840831,15862603342229840831
22,P,20260918,1266,4,measure,78,stride_17,12582912,1048576,471967,12558140214977063707,4802637,11,11,13187387202119796628,13187387202119796628
22,P,20260918,1267,4,measure,79,stride_1_double,4194304,2097152,148882,15507378733997796420,3395965,11,11,6365434431071571024,6365434431071571024
22,P,20260918,1268,4,measure,80,stride_1_bis,1572864,1048576,31704,16389790340371898574,1580352,11,11,9561188300518985600,9561188300518985600
22,P,20260918,1269,4,measure,81,stride_1,4096,1048576,55,1430719215924245839,1521278,11,11,8154595385843253248,8154595385843253248
22,P,20260918,1270,4,measure,82,pair_same_line,6144,1048576,181,16853545008137694032,1758038,11,11,12499992213135413098,12499992213135413098
22,P,20260918,1271,4,measure,83,random,3145728,1048576,97328,4825554510536530299,1927612,11,11,2478878317447514204,2478878317447514204
22,P,20260918,1272,4,measure,84,stride_513,393216,1048576,14384,11312586335773241870,1476124,11,11,14269622657413644288,14269622657413644288
22,P,20260918,1273,4,measure,85,random,131072,1048576,15339,16056160155456482296,1168554,11,11,8418699784169908451,8418699784169908451
22,P,20260918,1274,4,measure,86,pair_same_line,4096,1048576,458,5649303224202727955,1627454,11,11,3237034700037038712,3237034700037038712
22,P,20260918,1275,4,measure,87,stride_1_double,1572864,2097152,143407,3258632103590565703,2791681,11,11,13624963741930255834,13624963741930255834
22,P,20260918,1276,4,measure,88,pair_same_line,268435456,1048576,4525943,18423038085003520865,18568416,11,11,13499272474712986217,13499272474712986217
22,P,20260918,1277,4,measure,89,pair_split_line,65536,1048576,5436,726249647459421498,2197305,11,11,12921200190243632949,12921200190243632949
22,P,20260918,1278,4,measure,90,stride_1,50331648,1048576,5728914,7221356312451582761,1916324,11,11,15599766429400132716,15599766429400132716
22,P,20260918,1279,4,measure,91,stride_1,67108864,1048576,7751290,3166314979513464819,1761366,11,11,3392538100683069716,3392538100683069716
22,P,20260918,1280,4,measure,92,stride_513,4096,1048576,442,12232631789443068449,1351734,11,11,8154595385843253248,8154595385843253248
22,P,20260918,1281,4,measure,93,stride_17,32768,1048576,3359,12352264836403428209,1357473,11,11,10598541984122395648,10598541984122395648
22,P,20260918,1282,4,measure,94,pair_same_line,2097152,1048576,257563,13934604353349009238,2741163,11,11,14823853094880596499,14823853094880596499
22,P,20260918,1283,4,measure,95,stride_1_bis,50331648,1048576,4128285,10054238896454639399,1699366,11,11,12691722426019002683,12691722426019002683
22,P,20260918,1284,4,measure,96,stride_1,49152,1048576,6131,2834992559309546004,1352434,11,11,1585986355610873788,1585986355610873788
22,P,20260918,1285,4,measure,97,pair_split_line,4096,1048576,57,15735728681015195269,1880207,11,11,8873348491922635803,8873348491922635803
22,P,20260918,1286,4,measure,98,stride_1,131072,1048576,7935,12395457540784720556,1384426,11,11,16921412609114818048,16921412609114818048
22,P,20260918,1287,4,measure,99,pair_same_line,50331648,1048576,1226391,979349507901763925,16266874,11,11,6280059248224252084,6280059248224252084
22,P,20260918,1288,4,measure,100,random,393216,1048576,15965,4494062269210890912,1193604,11,11,4046416456990386817,4046416456990386817
22,P,20260918,1289,4,measure,101,stride_1_bis,134217728,1048576,13040559,6125914047949761256,1447733,11,11,15672066782576837275,15672066782576837275
22,P,20260918,1290,4,measure,102,stride_4097,24576,1048576,609,13627481586991014980,1352351,11,11,9739139545597545106,9739139545597545106
22,P,20260918,1291,4,measure,103,stride_513,100663296,1048576,5366782,11493937975902362830,13029106,11,11,16523471320667528928,16523471320667528928
22,P,20260918,1292,4,measure,104,pair_split_line,268435456,1048576,16965229,17679052538241605801,27326440,11,11,14041792464487539967,14041792464487539967
22,P,20260918,1293,4,measure,105,stride_4097,12288,1048576,149,13649854262736065483,2171854,11,11,17680507401459527936,17680507401459527936
22,P,20260918,1294,4,measure,106,stride_1,8192,1048576,858,18307622198231767460,2018731,11,11,116592947459441664,116592947459441664
22,P,20260918,1295,4,measure,107,pair_same_line,6291456,1048576,684078,9390074972969683513,9951492,11,11,10751100048061610941,10751100048061610941
22,P,20260918,1296,4,measure,108,stride_513,32768,1048576,3895,17802043214582565094,2034707,11,11,10598541984122395648,10598541984122395648
22,P,20260918,1297,4,measure,109,stride_4097,786432,1048576,14984,7955318410214208954,1894030,11,11,6972686580694137730,6972686580694137730
22,P,20260918,1298,4,measure,110,pair_same_line,8192,1048576,51,8620611975347887778,2037443,11,11,6783843715932325398,6783843715932325398
22,P,20260918,1299,4,measure,111,stride_4097,393216,1048576,32060,6601140138907776960,1789407,11,11,8309313447969751560,8309313447969751560
22,P,20260918,1300,4,measure,112,stride_4097,67108864,1048576,2227126,2717737789954608541,7530576,11,11,8233995520006602325,8233995520006602325
22,P,20260918,1301,4,measure,113,stride_1_double,50331648,2097152,4905850,12319780611563746715,4761881,11,11,12920829910569622429,12920829910569622429
22,P,20260918,1302,4,measure,114,stride_513,268435456,1048576,14059627,1305735401852306794,13371651,11,11,16259850984311677461,16259850984311677461
22,P,20260918,1303,4,measure,115,pair_split_line,32768,1048576,2464,16008807102697194431,2653383,11,11,3109108475503703769,3109108475503703769
22,P,20260918,1304,4,measure,116,stride_1,196608,1048576,1082,16073854553302911362,1818260,11,11,4580181399213284617,4580181399213284617
22,P,20260918,1305,4,measure,117,random,524288,1048576,61971,9669661101353550806,1526226,11,11,4165617354890813712,4165617354890813712
22,P,20260918,1306,4,measure,118,random,49152,1048576,138,12838292259370813467,1363349,11,11,11401651200971102503,11401651200971102503
22,P,20260918,1307,4,measure,119,pair_split_line,1048576,1048576,15787,8027842272847811920,3166643,11,11,8995693020154749315,8995693020154749315
22,P,20260918,1308,4,measure,120,pair_same_line,524288,1048576,15746,7218406464550464951,2151582,11,11,8079671781873791771,8079671781873791771
22,P,20260918,1309,4,measure,121,pair_split_line,98304,1048576,4691,8974349267592694616,2313992,11,11,5204076338897020621,5204076338897020621
22,P,20260918,1310,4,measure,122,random,268435456,1048576,20259338,198580615924091586,17471615,11,11,6542702682240276555,6542702682240276555
22,P,20260918,1311,4,measure,123,stride_1_bis,196608,1048576,21851,1151701862617407243,1963856,11,11,13559832545543415474,13559832545543415474
22,P,20260918,1312,4,measure,124,pair_same_line,49152,1048576,2599,10202825170971956530,2144517,11,11,15121762534596079433,15121762534596079433
22,P,20260918,1313,4,measure,125,stride_1_double,8192,2097152,264,5915083966627836652,3687960,11,11,233185894918883328,233185894918883328
22,P,20260918,1314,4,measure,126,stride_4097,98304,1048576,3960,15187263929844595013,1618637,11,11,10153313850027273453,10153313850027273453
22,P,20260918,1315,4,measure,127,stride_17,262144,1048576,13998,7935371806629431118,1510505,11,11,3252759155835688704,3252759155835688704
22,P,20260918,1316,4,measure,128,stride_1_bis,6144,1048576,432,10669955684732669410,1446890,11,11,13161006179932668504,13161006179932668504
22,P,20260918,1317,4,measure,129,random,201326592,1048576,21136221,15034644392070594498,17615024,11,11,2138192071933712857,2138192071933712857
22,P,20260918,1318,4,measure,130,stride_1,16777216,1048576,203912,4730984445149215367,2144854,11,11,3779780949780957491,3779780949780957491
22,P,20260918,1319,4,measure,131,pair_split_line,262144,1048576,21608,17603295620312190350,3038225,11,11,1955799211266213238,1955799211266213238
22,P,20260918,1320,4,measure,132,pair_split_line,131072,1048576,6092,2263139092001658414,2655503,11,11,5039653463474858424,5039653463474858424
22,P,20260918,1321,4,measure,133,stride_1,98304,1048576,10019,1656570166643316361,1558347,11,11,5155918487151013802,5155918487151013802
22,P,20260918,1322,4,measure,134,stride_1_bis,12582912,1048576,1504016,16080535115476780366,2007394,11,11,17617647222996377020,17617647222996377020
22,P,20260918,1323,4,measure,135,pair_split_line,6291456,1048576,650478,16625737674445510224,5720775,11,11,4486622299042115973,4486622299042115973
22,P,20260918,1324,4,measure,136,random,4096,1048576,344,17128188295568921026,1102851,11,11,561801755347956599,561801755347956599
22,P,20260918,1325,4,measure,137,stride_1,134217728,1048576,428742,14305953297890414856,1990585,11,11,6680591565989956844,6680591565989956844
22,P,20260918,1326,4,measure,138,stride_1_double,100663296,2097152,5244893,3907831117950507744,4218339,11,11,9954488419863201900,9954488419863201900
22,P,20260918,1327,4,measure,139,stride_513,786432,1048576,19508,8638240712249620935,1475346,11,11,13192199103146003808,13192199103146003808
22,P,20260918,1328,4,measure,140,random,8192,1048576,835,17699841203570982625,1087191,11,11,748281390446675583,748281390446675583
22,P,20260918,1329,4,measure,141,stride_4097,8192,1048576,409,14571270962032463748,1359378,11,11,116592947459441664,116592947459441664
22,P,20260918,1330,4,measure,142,stride_1_double,16384,2097152,496,10112515524846696571,2703115,11,11,649362101028710400,649362101028710400
22,P,20260918,1331,4,measure,143,stride_513,8192,1048576,593,4275126216230816678,1358996,11,11,116592947459441664,116592947459441664
22,P,20260918,1332,4,measure,144,pair_same_line,67108864,1048576,495755,1758571017718219279,16409785,11,11,13109741038707163614,13109741038707163614
22,P,20260918,1333,4,measure,145,stride_4097,3145728,1048576,389121,9912931302512083207,2096913,11,11,10584835004334501659,10584835004334501659
22,P,20260918,1334,4,measure,146,pair_same_line,33554432,1048576,2211433,4220844922050437920,14925166,11,11,16688793254545722191,16688793254545722191
22,P,20260918,1335,4,measure,147,stride_513,1048576,1048576,84365,17200071668357437943,1680825,11,11,8797231230870489880,8797231230870489880
22,P,20260918,1336,4,measure,148,stride_17,25165824,1048576,3125509,17668218807472756465,6544180,11,11,17722484266491473068,17722484266491473068
22,P,20260918,1337,4,measure,149,pair_split_line,524288,1048576,43936,17381308546239089126,2623859,11,11,4179710106492224690,4179710106492224690
22,P,20260918,1338,4,measure,150,stride_4097,4194304,1048576,372893,542001575382075968,1782746,11,11,12406089252390561320,12406089252390561320
22,P,20260918,1339,4,measure,151,stride_1_bis,33554432,1048576,830705,10237812216363851497,1897069,11,11,16956748308025681594,16956748308025681594
22,P,20260918,1340,4,measure,152,stride_1,1048576,1048576,33919,10223167963384759451,1375598,11,11,8797231230870489880,8797231230870489880
22,P,20260918,1341,4,measure,153,stride_1,32768,1048576,3559,4723202856104092888,1360282,11,11,10598541984122395648,10598541984122395648
22,P,20260918,1342,4,measure,154,stride_1_double,393216,2097152,39302,17606773361830719821,2705630,11,11,15955982733272100422,15955982733272100422
22,P,20260918,1343,4,measure,155,pair_same_line,131072,1048576,5989,14022371388097156964,1792913,11,11,16742630534340810750,16742630534340810750
22,P,20260918,1344,4,measure,156,stride_1,6144,1048576,515,9144200245792451102,1350712,11,11,3775708337122952165,3775708337122952165
22,P,20260918,1345,4,measure,157,stride_1_double,786432,2097152,42434,12366154151006325084,2728714,11,11,17374351258172047909,17374351258172047909
22,P,20260918,1346,4,measure,158,pair_same_line,196608,1048576,24238,1322562912004452196,2460524,11,11,5074783239592630121,5074783239592630121
22,P,20260918,1347,4,measure,159,stride_17,16777216,1048576,1285558,4955364379260460475,5118131,11,11,13072752607271049020,13072752607271049020
22,P,20260918,1348,4,measure,160,random,196608,1048576,12936,12165801991171281288,1125619,11,11,1243257315216442968,1243257315216442968
22,P,20260918,1349,4,measure,161,stride_1_double,8388608,2097152,821569,1168765179076193363,2921544,11,11,18159816849507569302,18159816849507569302
22,P,20260918,1350,4,measure,162,stride_17,2097152,1048576,12719,5447217536865962054,1671632,11,11,14577075130308765988,14577075130308765988
22,P,20260918,1351,4,measure,163,stride_1,16384,1048576,443,913338516890557017,1353697,11,11,9548053087369131008,9548053087369131008
22,P,20260918,1352,4,measure,164,stride_1_double,131072,2097152,1128,18281234980975364485,2709813,11,11,15396081144520084480,15396081144520084480
22,P,20260918,1353,4,measure,165,pair_same_line,24576,1048576,170,15118551613589956322,1674863,11,11,16012601708840045378,16012601708840045378
22,P,20260918,1354,4,measure,166,pair_split_line,24576,1048576,1418,11538475615537199020,1884936,11,11,17081329462298029372,17081329462298029372
22,P,20260918,1355,4,measure,167,pair_same_line,262144,1048576,15549,16166034639437800352,1819249,11,11,17965360584517249843,17965360584517249843
22,P,20260918,1356,4,measure,168,stride_1_bis,25165824,1048576,2441618,138483080782701102,1937530,11,11,12597405109599756752,12597405109599756752
22,P,20260918,1357,4,measure,169,stride_1,12582912,1048576,23222,8707208812917710162,2237868,11,11,8039278297325635010,8039278297325635010
22,P,20260918,1358,4,measure,170,stride_4097,6291456,1048576,259454,3587800572158337443,1805552,11,11,6046993741248955839,6046993741248955839
22,P,20260918,1359,4,measure,171,stride_4097,32768,1048576,3697,10161602969889297791,1526579,11,11,10598541984122395648,10598541984122395648
22,P,20260918,1360,4,measure,172,stride_17,67108864,1048576,5764665,328699534964544991,8545648,11,11,4383951570484619033,4383951570484619033
22,P,20260918,1361,4,measure,173,pair_split_line,49152,1048576,4459,12024913650417779386,1884273,11,11,5095203565430095300,5095203565430095300
22,P,20260918,1362,4,measure,174,stride_1_bis,262144,1048576,12003,7914357500955725852,1382139,11,11,3252759155835688704,3252759155835688704
22,P,20260918,1363,4,measure,175,pair_same_line,1572864,1048576,39183,4809642930147617952,2544907,11,11,7814222555695594072,7814222555695594072
22,P,20260918,1364,4,measure,176,stride_1_double,6291456,2097152,447392,7218729297546579217,3564287,11,11,2082145457687758914,2082145457687758914
22,P,20260918,1365,4,measure,177,stride_1_bis,8388608,1048576,980107,3163323245004222616,1889433,11,11,18303280461608560459,18303280461608560459
22,P,20260918,1366,4,measure,178,pair_split_line,12288,1048576,695,11304823424388177571,1883140,11,11,6684792459199129954,6684792459199129954
22,P,20260918,1367,4,measure,179,stride_4097,65536,1048576,6904,5066254344336347947,1453774,11,11,16423878549329276288,16423878549329276288
22,P,20260918,1368,4,measure,180,stride_1_double,4096,2097152,50,16723554343816832306,2818671,11,11,16309190771686506496,16309190771686506496
22,P,20260918,1369,4,measure,181,stride_1_bis,32768,1048576,3758,6868157029480088501,1410971,11,11,10598541984122395648,10598541984122395648
22,P,20260918,1370,4,measure,182,stride_17,3145728,1048576,233676,12838382638719240496,3194627,11,11,14950149652297880955,14950149652297880955
22,P,20260918,1371,4,measure,183,random,12288,1048576,134,14864893722376039478,1135427,11,11,18021826297182281042,18021826297182281042
22,P,20260918,1372,4,measure,184,pair_split_line,8388608,1048576,546818,14508176384453484413,8259297,11,11,7765480427271797595,7765480427271797595
22,P,20260918,1373,4,measure,185,pair_split_line,100663296,1048576,8323825,5603150961320910857,24216506,11,11,18091190848446096028,18091190848446096028
22,P,20260918,1374,4,measure,186,stride_1_bis,8192,1048576,580,15164720036354379330,1397148,11,11,116592947459441664,116592947459441664
22,P,20260918,1375,4,measure,187,pair_split_line,8192,1048576,0,5232484169735709219,1884747,11,11,6628646219106369492,6628646219106369492
22,P,20260918,1376,4,measure,188,stride_17,6291456,1048576,192695,11156958484068924027,4162587,11,11,5221494175805291458,5221494175805291458
22,P,20260918,1377,4,measure,189,pair_split_line,134217728,1048576,10161191,14976571143486483584,24445914,11,11,14991221008731876255,14991221008731876255
22,P,20260918,1378,4,measure,190,pair_same_line,4194304,1048576,512021,12687744918836101133,5956069,11,11,3818862343194056397,3818862343194056397
22,P,20260918,1379,4,measure,191,pair_same_line,16384,1048576,198,2207273521987774266,1751601,11,11,5213311499261116787,5213311499261116787
22,P,20260918,1380,4,measure,192,stride_1_bis,65536,1048576,4760,14247718705315611936,1409210,11,11,16423878549329276288,16423878549329276288
22,P,20260918,1381,4,measure,193,stride_513,196608,1048576,12132,1900634786547015125,1456983,11,11,11662605144128544768,11662605144128544768
22,P,20260918,1382,4,measure,194,stride_17,33554432,1048576,3831480,3491414774790040738,8132779,11,11,6142429115956864973,6142429115956864973
22,P,20260918,1383,4,measure,195,stride_17,8192,1048576,988,14151998044638729117,1461961,11,11,116592947459441664,116592947459441664
22,P,20260918,1384,4,measure,196,stride_513,16384,1048576,989,1066087152937367277,1411738,11,11,9548053087369131008,9548053087369131008
22,P,20260918,1385,4,measure,197,stride_4097,268435456,1048576,22229605,15289769024137742504,7766893,11,11,5162080468193636527,5162080468193636527
22,P,20260918,1386,4,measure,198,stride_1,25165824,1048576,3045951,11849399161965463260,2320622,11,11,8298641217846462698,8298641217846462698
22,P,20260918,1387,4,measure,199,stride_1_bis,16384,1048576,145,36501676339924412,1419928,11,11,9548053087369131008,9548053087369131008
22,P,20260918,1388,4,measure,200,stride_513,2097152,1048576,228591,10792923486789937745,3773642,11,11,14577075130308765988,14577075130308765988
22,P,20260918,1389,4,measure,201,pair_same_line,16777216,1048576,371754,10017379169384956132,13593039,11,11,3923329833045302328,3923329833045302328
22,P,20260918,1390,4,measure,202,stride_4097,6144,1048576,500,14969738017845975363,1612973,11,11,4661503000365762776,4661503000365762776
22,P,20260918,1391,4,measure,203,pair_same_line,100663296,1048576,9035096,8918617676899762301,18099288,11,11,13495116926729549111,13495116926729549111
22,P,20260918,1392,4,measure,204,stride_1_bis,100663296,1048576,1425599,12206928398491337631,2300765,11,11,6955664830888988766,6955664830888988766
22,P,20260918,1393,4,measure,205,stride_1_double,67108864,2097152,5475632,9603984684086327938,4740256,11,11,710751673177080807,710751673177080807
22,P,20260918,1394,4,measure,206,stride_4097,134217728,1048576,9695078,6900429531660673899,7506336,11,11,4394019433325293110,4394019433325293110
22,P,20260918,1395,4,measure,207,stride_17,393216,1048576,4321,17154648999010245806,1736829,11,11,2141697365691100801,2141697365691100801
22,P,20260918,1396,4,measure,208,stride_4097,262144,1048576,4225,8266362245504430511,1674979,11,11,3252759155835688704,3252759155835688704
22,P,20260918,1397,4,measure,209,stride_1_double,268435456,2097152,31912819,11848843240061580122,4719677,11,11,6825117403501863297,6825117403501863297
22,P,20260918,1398,4,measure,210,stride_4097,33554432,1048576,1861922,9900716039730627004,7209816,11,11,5123462268802290119,5123462268802290119
22,P,20260918,1399,4,measure,211,pair_same_line,3145728,1048576,299091,2040790838283811040,4738870,11,11,4384887868406582715,4384887868406582715
22,P,20260918,1400,4,measure,212,pair_same_line,32768,1048576,3165,8416352854770561961,1776951,11,11,2767506728359615649,2767506728359615649
22,P,20260918,1401,4,measure,213,stride_17,268435456,1048576,1621495,12166958272884779782,8937574,11,11,1104625975118756250,1104625975118756250
22,P,20260918,1402,4,measure,214,stride_513,6144,1048576,602,2742485035493148676,1611759,11,11,9261835561974562816,9261835561974562816
22,P,20260918,1403,4,measure,215,stride_4097,49152,1048576,278,15810086092676490705,1597424,11,11,11966751716685448423,11966751716685448423
22,P,20260918,1404,4,measure,216,pair_same_line,65536,1048576,371,7358817686924404694,1866348,11,11,13221728860771212973,13221728860771212973
22,P,20260918,1405,4,measure,217,stride_1_bis,4096,1048576,21,12313195817099929125,1422284,11,11,8154595385843253248,8154595385843253248
22,P,20260918,1406,4,measure,218,stride_1,201326592,1048576,20016856,17092255969301009651,2211810,11,11,6765712734860516282,6765712734860516282
22,P,20260918,1407,4,measure,219,pair_same_line,393216,1048576,3603,3728101314463149206,1901585,11,11,7601144617013322110,7601144617013322110
22,P,20260918,1408,4,measure,220,stride_17,201326592,1048576,2046436,15451043820069538667,8710240,11,11,2881792587053375588,2881792587053375588
22,P,20260918,1409,4,measure,221,stride_4097,1572864,1048576,177465,18354331560776005728,1540174,11,11,10126648736880056253,10126648736880056253
22,P,20260918,1410,4,measure,222,stride_1,4194304,1048576,192668,984501325168826644,1659476,11,11,12406089252390561320,12406089252390561320
22,P,20260918,1411,4,measure,223,stride_1,524288,1048576,54440,9800667152209667215,1359918,11,11,10061883979847375520,10061883979847375520
22,P,20260918,1412,4,measure,224,stride_17,6144,1048576,129,15590717664162395516,1351018,11,11,9031421979856344565,9031421979856344565
22,P,20260918,1413,4,measure,225,stride_513,12582912,1048576,1013468,17385777361800322671,7086617,11,11,446194662936398502,446194662936398502
22,P,20260918,1414,4,measure,226,stride_513,24576,1048576,165,3355794354864555969,1357884,11,11,15675031744929201152,15675031744929201152
22,P,20260918,1415,4,measure,227,stride_17,24576,1048576,3019,2519542854481413922,1354024,11,11,3496641876450838147,3496641876450838147
22,P,20260918,1416,4,measure,228,stride_4097,100663296,1048576,7253392,6233042783497807361,8481488,11,11,10142433098093627832,10142433098093627832
22,P,20260918,1417,4,measure,229,stride_513,98304,1048576,12259,10736588730471569955,1499263,11,11,1589993245443464960,1589993245443464960
22,P,20260918,1418,4,measure,230,stride_4097,12582912,1048576,1223081,18301353749629812360,6198971,11,11,7026261577595633050,7026261577595633050
22,P,20260918,1419,4,measure,231,stride_17,4096,1048576,229,9064423210826649224,1372017,11,11,8154595385843253248,8154595385843253248
22,P,20260918,1420,4,measure,232,pair_same_line,1048576,1048576,63045,16358401458978525994,2078729,11,11,7836158025294231289,7836158025294231289
22,P,20260918,1421,4,measure,233,stride_1_bis,67108864,1048576,6663902,8662229433779804100,2182338,11,11,3933314534351595186,3933314534351595186
22,P,20260918,1422,4,measure,234,random,6291456,1048576,35375,4407951234313346893,3448317,11,11,11990207120234900676,11990207120234900676
22,P,20260918,1423,4,measure,235,stride_1_bis,98304,1048576,5121,9052791836406706814,1356883,11,11,7384601568604119647,7384601568604119647
22,P,20260918,1424,4,measure,236,stride_17,524288,1048576,22528,300983516368721158,1390809,11,11,10061883979847375520,10061883979847375520
22,P,20260918,1425,4,measure,237,pair_same_line,98304,1048576,2679,1702744211110544561,1752879,11,11,8983047732474992279,8983047732474992279
22,P,20260918,1426,4,measure,238,stride_1,1572864,1048576,184308,10091373641823105741,1351275,11,11,420889115755386542,420889115755386542
22,P,20260918,1427,4,measure,239,stride_513,4194304,1048576,335485,10608033372177105703,1402949,11,11,12406089252390561320,12406089252390561320
22,P,20260918,1428,4,measure,240,stride_1,8388608,1048576,1011906,13565205035075515543,1448528,11,11,18303280461608560459,18303280461608560459
22,P,20260918,1429,4,measure,241,stride_1,100663296,1048576,2041351,7789592568197227453,2281527,11,11,13343622552808896455,13343622552808896455
22,P,20260918,1430,4,measure,242,stride_17,1048576,1048576,96532,10470819837327014118,1413439,11,11,8797231230870489880,8797231230870489880
22,P,20260918,1431,4,measure,243,stride_1_double,3145728,2097152,164837,14023100693539172097,2735167,11,11,6789003427233786749,6789003427233786749
22,P,20260918,1432,4,measure,244,stride_17,4194304,1048576,333996,595392264549340146,2987287,11,11,12406089252390561320,12406089252390561320
22,P,20260918,1433,4,measure,245,random,50331648,1048576,1023610,16186679553994663315,13441006,11,11,3987344981931485504,3987344981931485504
22,P,20260918,1434,4,measure,246,pair_same_line,8388608,1048576,466676,9024973163389629345,8093691,11,11,6111907362616568004,6111907362616568004
22,P,20260918,1435,4,measure,247,pair_split_line,4194304,1048576,318930,16636910082311281419,4794500,11,11,15481432113977982344,15481432113977982344
22,P,20260918,1436,4,measure,248,stride_1_double,24576,2097152,2973,2340334733586391855,2981459,11,11,12592000859619079425,12592000859619079425
22,P,20260918,1437,4,measure,249,stride_513,67108864,1048576,5778089,76107835695508260,11094517,11,11,9869032250446069387,9869032250446069387
22,P,20260918,1438,4,measure,250,pair_split_line,25165824,1048576,1455648,5501372859762797868,15017968,11,11,16666442064545591469,16666442064545591469
22,P,20260918,1439,4,measure,251,stride_17,16384,1048576,1851,235928668505916859,1446307,11,11,9548053087369131008,9548053087369131008
22,P,20260918,1440,4,measure,252,pair_split_line,33554432,1048576,620854,7878069571055156558,17446335,11,11,131941330300819332,131941330300819332
22,P,20260918,1441,4,measure,253,stride_513,8388608,1048576,794921,18238970851275671007,3597644,11,11,18303280461608560459,18303280461608560459
22,P,20260918,1442,4,measure,254,stride_1_double,196608,2097152,16272,4386844737591826381,3258721,11,11,12373241238066192712,12373241238066192712
22,P,20260918,1443,4,measure,255,stride_4097,131072,1048576,3095,6711929941536429505,1627055,11,11,16921412609114818048,16921412609114818048
22,P,20260918,1444,4,measure,256,stride_4097,50331648,1048576,5414557,4372767882902500793,8176731,11,11,10370135280084039799,10370135280084039799
22,P,20260918,1445,4,measure,257,stride_513,65536,1048576,5111,12390804609461762960,1688400,11,11,16423878549329276288,16423878549329276288
22,P,20260918,1446,4,measure,258,stride_17,1572864,1048576,44013,2354534538539346885,1828803,11,11,5932786353040612348,5932786353040612348
22,P,20260918,1447,4,measure,259,stride_1,24576,1048576,266,8463002722565363693,1536139,11,11,11822885252881099712,11822885252881099712
22,P,20260918,1448,4,measure,260,stride_513,262144,1048576,27544,3617912689672590253,1514682,11,11,3252759155835688704,3252759155835688704
22,P,20260918,1449,4,measure,261,stride_1_double,201326592,2097152,22979664,3499919851824099828,4006063,11,11,18213441250484240879,18213441250484240879
22,P,20260918,1450,4,measure,262,random,16777216,1048576,596079,3363333165515591544,10983234,11,11,10788376982510091812,10788376982510091812
22,P,20260918,1451,4,measure,263,stride_513,50331648,1048576,5789492,1552266639737478189,11634189,11,11,8590742765753653417,8590742765753653417
22,P,20260918,1452,4,measure,264,stride_1_bis,3145728,1048576,65741,13466809843660728019,2100585,11,11,9630095484154818708,9630095484154818708
22,P,20260918,1453,4,measure,265,stride_1_double,32768,2097152,1003,5928208810270638397,3306681,11,11,2750339894535239680,2750339894535239680
22,P,20260918,1454,4,measure,266,stride_1,65536,1048576,1026,1496070534169245680,1564318,11,11,16423878549329276288,16423878549329276288
22,P,20260918,1455,4,measure,267,stride_17,12288,1048576,55,17166981965926288691,1543682,11,11,8963914909452120499,8963914909452120499
22,P,20260918,1456,4,measure,268,random,4194304,1048576,206900,5285747885486219484,3065281,11,11,8869463963120727136,8869463963120727136
22,P,20260918,1457,4,measure,269,pair_same_line,25165824,1048576,388443,15006194634787570945,14241462,11,11,6096746926509130862,6096746926509130862
22,P,20260918,1458,4,measure,270,random,67108864,1048576,110275,15963072777366526948,15523724,11,11,13222922416690467237,13222922416690467237
22,P,20260918,1459,4,measure,271,stride_1_bis,12288,1048576,1088,9137877224784055725,2038811,11,11,4764518932045128479,4764518932045128479
22,P,20260918,1460,4,measure,272,pair_same_line,12288,1048576,1270,15090735515151037785,2208185,11,11,7978182994943089271,7978182994943089271
22,P,20260918,1461,4,measure,273,stride_1,393216,1048576,38316,10043454082543267595,1734154,11,11,16352509990327706235,16352509990327706235
22,P,20260918,1462,4,measure,274,stride_17,65536,1048576,1256,17129946465444479755,1693058,11,11,16423878549329276288,16423878549329276288
22,P,20260918,1463,4,measure,275,stride_1_bis,201326592,1048576,16472361,17310384566713281002,2292743,11,11,11986437304638044580,11986437304638044580
22,P,20260918,1464,4,measure,276,stride_1_bis,268435456,1048576,19915781,15331803708802141635,2206371,11,11,6064420987327608603,6064420987327608603
22,P,20260918,1465,4,measure,277,stride_1_bis,524288,1048576,11252,7196301129669630326,1823335,11,11,10061883979847375520,10061883979847375520
22,P,20260918,1466,4,measure,278,stride_4097,25165824,1048576,2490159,12020463821368519694,8102216,11,11,6750438475248626093,6750438475248626093
22,P,20260918,1467,4,measure,279,stride_1_double,12288,2097152,1001,4576586763171034738,3170086,11,11,14871023013977274777,14871023013977274777
22,P,20260918,1468,4,measure,280,pair_split_line,201326592,1048576,8296810,7111747376400719805,25327192,11,11,19832210151870963,19832210151870963
22,P,20260918,1469,4,measure,281,stride_17,196608,1048576,8236,9877154349864161094,2122664,11,11,2995323548654962800,2995323548654962800
22,P,20260918,1470,4,measure,282,random,12582912,1048576,570681,14865873274454603831,14182762,11,11,3246917927686456511,3246917927686456511
22,P,20260918,1471,4,measure,283,pair_same_line,201326592,1048576,5292334,9796059235634536576,22476595,11,11,10489206502613195884,10489206502613195884
22,P,20260918,1472,4,measure,284,stride_4097,1048576,1048576,121386,14704958125941687730,2826284,11,11,8797231230870489880,8797231230870489880
22,P,20260918,1473,4,measure,285,stride_513,49152,1048576,5093,14227321319044998556,2225251,11,11,1303108010804061184,1303108010804061184
22,P,20260918,1474,4,measure,286,random,98304,1048576,10953,4052298199437536521,1524486,11,11,16095583097356721260,16095583097356721260
22,P,20260918,1475,4,measure,287,stride_1_double,1048576,2097152,105070,6376048485070144772,3440846,11,11,17594462461740979760,17594462461740979760
22,P,20260918,1476,4,measure,288,pair_split_line,2097152,1048576,82435,12643601166270129960,4513337,11,11,2450038433916098485,2450038433916098485
22,P,20260918,1477,4,measure,289,stride_1_bis,131072,1048576,2861,3716786068030917974,1743889,11,11,16921412609114818048,16921412609114818048
22,P,20260918,1478,4,measure,290,stride_4097,16384,1048576,1237,18115552750851858938,1693084,11,11,9548053087369131008,9548053087369131008
22,P,20260918,1479,4,measure,291,stride_17,134217728,1048576,13910396,12919575729740275538,10183711,11,11,10577611128253318853,10577611128253318853
22,P,20260918,1480,4,measure,292,stride_1_double,12582912,2097152,1487616,4240746467501022617,4162601,11,11,5140447586402406352,5140447586402406352
22,P,20260918,1481,4,measure,293,stride_1_bis,786432,1048576,9740,12826648378203491292,1769019,11,11,9549323932283084007,9549323932283084007
22,P,20260918,1482,4,measure,294,random,32768,1048576,2123,17115258918374981100,1363423,11,11,14491132951782381508,14491132951782381508
22,P,20260918,1483,4,measure,295,random,8388608,1048576,226289,446372404529769755,10434659,11,11,9350939326441546386,9350939326441546386
22,P,20260918,1484,4,measure,296,stride_513,12288,1048576,618,15769578060587133435,1891888,11,11,5992043729455024128,5992043729455024128
22,P,20260918,1485,5,measure,0,stride_4097,201326592,1048576,13750273,2500865500433125947,9628068,11,11,15933788184785081176,15933788184785081176
22,P,20260918,1486,5,measure,1,stride_1_bis,49152,1048576,601,3406987733765936068,1994363,11,11,14228217966878452504,14228217966878452504
22,P,20260918,1487,5,measure,2,stride_17,67108864,1048576,7294752,14419679593861699361,9853987,11,11,13450354149153133150,13450354149153133150
22,P,20260918,1488,5,measure,3,stride_17,50331648,1048576,5021361,1620172859941113037,8777205,11,11,18144830029857553766,18144830029857553766
22,P,20260918,1489,5,measure,4,stride_513,262144,1048576,24999,14094400596074173660,2349880,11,11,3252759155835688704,3252759155835688704
22,P,20260918,1490,5,measure,5,stride_513,6144,1048576,433,4545406945347546096,1860921,11,11,6657726286896836608,6657726286896836608
22,P,20260918,1491,5,measure,6,pair_split_line,3145728,1048576,367007,17801535545994071147,6345614,11,11,4911451738454432632,4911451738454432632
22,P,20260918,1492,5,measure,7,stride_1_double,1572864,2097152,106713,9783812596431436459,3390010,11,11,11572519834245387357,11572519834245387357
22,P,20260918,1493,5,measure,8,stride_1,8192,1048576,820,13957361325320967163,1692993,11,11,116592947459441664,116592947459441664
22,P,20260918,1494,5,measure,9,stride_17,524288,1048576,39341,15289941687319351080,1779405,11,11,10061883979847375520,10061883979847375520
22,P,20260918,1495,5,measure,10,stride_4097,524288,1048576,38844,17173626358903130372,1734692,11,11,10061883979847375520,10061883979847375520
22,P,20260918,1496,5,measure,11,stride_513,2097152,1048576,187752,12999247726098378936,1689863,11,11,14577075130308765988,14577075130308765988
22,P,20260918,1497,5,measure,12,pair_same_line,131072,1048576,11780,1275642716840325813,2072050,11,11,5519769518248451088,5519769518248451088
22,P,20260918,1498,5,measure,13,stride_513,8388608,1048576,134411,198348677756949444,3317601,11,11,18303280461608560459,18303280461608560459
22,P,20260918,1499,5,measure,14,stride_1,1572864,1048576,1091,2273130893357641708,1462708,11,11,77364432843285485,77364432843285485
22,P,20260918,1500,5,measure,15,stride_513,12288,1048576,607,12838909482631542202,1379268,11,11,3776769180852905984,3776769180852905984
22,P,20260918,1501,5,measure,16,random,1048576,1048576,48458,16686824505370827417,1192594,11,11,14642179400093947154,14642179400093947154
22,P,20260918,1502,5,measure,17,random,65536,1048576,3864,5413104072756587472,1127708,11,11,6862648735027655115,6862648735027655115
22,P,20260918,1503,5,measure,18,stride_513,1048576,1048576,73067,1682625454535423978,1466205,11,11,8797231230870489880,8797231230870489880
22,P,20260918,1504,5,measure,19,stride_1_bis,16384,1048576,198,556570821709650383,1351549,11,11,9548053087369131008,9548053087369131008
22,P,20260918,1505,5,measure,20,stride_1_bis,196608,1048576,22989,12769188797722976600,1355378,11,11,1988821628215682084,1988821628215682084
22,P,20260918,1506,5,measure,21,stride_1,393216,1048576,39775,7662621296934718409,1351710,11,11,11304696001313690632,11304696001313690632
22,P,20260918,1507,5,measure,22,stride_1_double,67108864,2097152,4903781,17179603597566842583,4259763,11,11,17523200741788000764,17523200741788000764
22,P,20260918,1508,5,measure,23,stride_1,268435456,1048576,3194547,3186206219937303132,2288154,11,11,14181183206375531271,14181183206375531271
22,P,20260918,1509,5,measure,24,pair_split_line,12582912,1048576,1302261,11595801011354560790,8846633,11,11,4416668478266530163,4416668478266530163
22,P,20260918,1510,5,measure,25,stride_1_double,50331648,2097152,1557672,5878557916999459433,4052887,11,11,7955369850285288612,7955369850285288612
22,P,20260918,1511,5,measure,26,pair_same_line,2097152,1048576,41734,10916366523508472938,2667322,11,11,3314849760039500732,3314849760039500732
22,P,20260918,1512,5,measure,27,stride_1,262144,1048576,14122,490522898630457582,1360458,11,11,3252759155835688704,3252759155835688704
22,P,20260918,1513,5,measure,28,pair_same_line,24576,1048576,1252,1933954137904081835,1627817,11,11,1938742051933483522,1938742051933483522
22,P,20260918,1514,5,measure,29,stride_1_bis,4194304,1048576,437658,18244811787912870587,1565074,11,11,12406089252390561320,12406089252390561320
22,P,20260918,1515,5,measure,30,stride_4097,393216,1048576,34945,11749730884987347085,1384286,11,11,14606875736100682490,14606875736100682490
22,P,20260918,1516,5,measure,31,stride_4097,1572864,1048576,132267,13787613671830253674,1467384,11,11,13939795228594810123,13939795228594810123
22,P,20260918,1517,5,measure,32,stride_1,12582912,1048576,658884,15272113500584508776,1897444,11,11,14315495000115497496,14315495000115497496
22,P,20260918,1518,5,measure,33,pair_same_line,134217728,1048576,3355261,18085550243020840968,17457706,11,11,13296057205875353452,13296057205875353452
22,P,20260918,1519,5,measure,34,stride_4097,134217728,1048576,15381886,13111646670374653079,6911764,11,11,11013869173276854921,11013869173276854921
22,P,20260918,1520,5,measure,35,pair_same_line,3145728,1048576,77109,15824760749952975735,4042494,11,11,9325582960012720594,9325582960012720594
22,P,20260918,1521,5,measure,36,stride_1_double,12582912,2097152,709549,4147029202263845475,4630717,11,11,1492129302974442919,1492129302974442919
22,P,20260918,1522,5,measure,37,stride_1,24576,1048576,324,8232789765478727801,1409664,11,11,5004273902855788310,5004273902855788310
22,P,20260918,1523,5,measure,38,stride_513,65536,1048576,922,16714287732836618227,1473925,11,11,16423878549329276288,16423878549329276288
22,P,20260918,1524,5,measure,39,stride_513,4194304,1048576,178544,2192461373075387217,2097867,11,11,12406089252390561320,12406089252390561320
22,P,20260918,1525,5,measure,40,pair_same_line,49152,1048576,5150,934799134144009602,1632611,11,11,10164977965073564423,10164977965073564423
22,P,20260918,1526,5,measure,41,random,786432,1048576,58301,615659023818466806,1202189,11,11,11941869551087781723,11941869551087781723
22,P,20260918,1527,5,measure,42,stride_1,2097152,1048576,43642,49104526576603059,1443617,11,11,14577075130308765988,14577075130308765988
22,P,20260918,1528,5,measure,43,stride_1_bis,134217728,1048576,6923048,17012326641713381137,2161838,11,11,10259999370084964127,10259999370084964127
22,P,20260918,1529,5,measure,44,stride_1_bis,262144,1048576,15933,17735869520195972107,1393280,11,11,3252759155835688704,3252759155835688704
22,P,20260918,1530,5,measure,45,stride_4097,131072,1048576,7773,11833476474644028203,1540946,11,11,16921412609114818048,16921412609114818048
22,P,20260918,1531,5,measure,46,pair_split_line,786432,1048576,54621,11427463965825783924,2529381,11,11,6484283310593977137,6484283310593977137
22,P,20260918,1532,5,measure,47,stride_4097,262144,1048576,25797,3238427755605833879,1412957,11,11,3252759155835688704,3252759155835688704
22,P,20260918,1533,5,measure,48,pair_split_line,33554432,1048576,80240,821940094493281457,17456427,11,11,11721418049210367393,11721418049210367393
22,P,20260918,1534,5,measure,49,pair_same_line,50331648,1048576,5791027,11772724900887166380,15262996,11,11,13707574034355586176,13707574034355586176
22,P,20260918,1535,5,measure,50,pair_split_line,1048576,1048576,24576,2625848945055708060,2712810,11,11,2246753158286730921,2246753158286730921
22,P,20260918,1536,5,measure,51,stride_17,65536,1048576,543,7766584450021419177,1390333,11,11,16423878549329276288,16423878549329276288
22,P,20260918,1537,5,measure,52,stride_17,25165824,1048576,2013307,16050236920651524340,6913291,11,11,8992706407646703905,8992706407646703905
22,P,20260918,1538,5,measure,53,random,8192,1048576,817,16062423546539171093,1103318,11,11,14946409211505815609,14946409211505815609
22,P,20260918,1539,5,measure,54,pair_split_line,8388608,1048576,51916,5254129958946015716,7940671,11,11,3164662232605204969,3164662232605204969
22,P,20260918,1540,5,measure,55,stride_1_bis,67108864,1048576,2404224,2925184866573239009,2104469,11,11,12298519329670042824,12298519329670042824
22,P,20260918,1541,5,measure,56,stride_17,16384,1048576,1991,2430862944309307473,1352121,11,11,9548053087369131008,9548053087369131008
22,P,20260918,1542,5,measure,57,stride_513,12582912,1048576,324499,10535442982948400294,5994518,11,11,4963127596952158292,4963127596952158292
22,P,20260918,1543,5,measure,58,stride_17,3145728,1048576,165132,1635517890394883040,2717100,11,11,4640417411348031673,4640417411348031673
22,P,20260918,1544,5,measure,59,stride_17,98304,1048576,2236,8198632020870033827,1356551,11,11,10199720426525069349,10199720426525069349
22,P,20260918,1545,5,measure,60,stride_1,134217728,1048576,3157646,12274676854372365833,2244874,11,11,17279357244849309392,17279357244849309392
22,P,20260918,1546,5,measure,61,random,6291456,1048576,614649,18009186071721043059,3689291,11,11,5977223019610038396,5977223019610038396
22,P,20260918,1547,5,measure,62,stride_513,134217728,1048576,1496436,7131137279874749237,11826377,11,11,6639426784237876639,6639426784237876639
22,P,20260918,1548,5,measure,63,random,16777216,1048576,2080182,7050121630958259938,10898430,11,11,16202815451016179998,16202815451016179998
22,P,20260918,1549,5,measure,64,stride_513,524288,1048576,10106,17944963256975647890,1562924,11,11,10061883979847375520,10061883979847375520
22,P,20260918,1550,5,measure,65,stride_1_bis,50331648,1048576,2178686,2167097415806439240,1994915,11,11,654423084305239538,654423084305239538
22,P,20260918,1551,5,measure,66,stride_1,4194304,1048576,238517,5997495409659092638,2116772,11,11,12406089252390561320,12406089252390561320
22,P,20260918,1552,5,measure,67,stride_513,33554432,1048576,1279096,3814422988290323605,9178163,11,11,10151173549532598434,10151173549532598434
22,P,20260918,1553,5,measure,68,random,524288,1048576,41970,10119898695623956199,1251731,11,11,15564001557118598085,15564001557118598085
22,P,20260918,1554,5,measure,69,pair_same_line,25165824,1048576,1623510,18157046237670823029,14679963,11,11,6520937296674184553,6520937296674184553
22,P,20260918,1555,5,measure,70,stride_4097,4194304,1048576,96037,6071889723533818656,2270922,11,11,12406089252390561320,12406089252390561320
22,P,20260918,1556,5,measure,71,pair_same_line,4096,1048576,468,13548502997052465415,1856943,11,11,12434161845348076742,12434161845348076742
22,P,20260918,1557,5,measure,72,pair_split_line,196608,1048576,5921,10996374741534766316,2471390,11,11,15847594236379908508,15847594236379908508
22,P,20260918,1558,5,measure,73,stride_17,16777216,1048576,538427,7917930733960530525,4865616,11,11,12570621443027336383,12570621443027336383
22,P,20260918,1559,5,measure,74,stride_513,8192,1048576,202,17694871122252431088,1425841,11,11,116592947459441664,116592947459441664
22,P,20260918,1560,5,measure,75,stride_4097,65536,1048576,3591,8100853905572269454,1438350,11,11,16423878549329276288,16423878549329276288
22,P,20260918,1561,5,measure,76,random,12582912,1048576,225869,17844954882099813178,5077427,11,11,16125913886364238720,16125913886364238720
22,P,20260918,1562,5,measure,77,stride_1_bis,1048576,1048576,16533,7597086297368186270,1417795,11,11,8797231230870489880,8797231230870489880
22,P,20260918,1563,5,measure,78,pair_same_line,33554432,1048576,1505512,9478823092366147894,14349041,11,11,8033314588386748091,8033314588386748091
22,P,20260918,1564,5,measure,79,random,1572864,1048576,18645,10323333290795869458,1817841,11,11,4968438578986174597,4968438578986174597
22,P,20260918,1565,5,measure,80,stride_1_double,33554432,2097152,1165568,15705671590857962927,3952004,11,11,2956310908022590449,2956310908022590449
22,P,20260918,1566,5,measure,81,random,4096,1048576,495,11531245818548149885,1103157,11,11,16573037800296574732,16573037800296574732
22,P,20260918,1567,5,measure,82,stride_1_bis,786432,1048576,76506,4318647715111257512,1435482,11,11,12679326325862642520,12679326325862642520
22,P,20260918,1568,5,measure,83,stride_1_bis,24576,1048576,1352,5128626820108497258,1412789,11,11,8030222964610209278,8030222964610209278
22,P,20260918,1569,5,measure,84,stride_17,100663296,1048576,11843076,1783334237883140377,8685662,11,11,15910336083403903284,15910336083403903284
22,P,20260918,1570,5,measure,85,stride_1,1048576,1048576,104061,1822784954211924639,1438086,11,11,8797231230870489880,8797231230870489880
22,P,20260918,1571,5,measure,86,stride_17,12582912,1048576,1168524,3439745870628323609,6186350,11,11,6399961057921191377,6399961057921191377
22,P,20260918,1572,5,measure,87,pair_split_line,268435456,1048576,19354886,13254664822661838612,26497367,11,11,7597337990416831422,7597337990416831422
22,P,20260918,1573,5,measure,88,stride_1_double,4194304,2097152,459256,17235528264398410536,4504871,11,11,6365434431071571024,6365434431071571024
22,P,20260918,1574,5,measure,89,stride_513,196608,1048576,15221,7027656611293738659,1929925,11,11,8126674812445135616,8126674812445135616
22,P,20260918,1575,5,measure,90,pair_split_line,6291456,1048576,395835,2501960043754718123,8566756,11,11,3974784604300723259,3974784604300723259
22,P,20260918,1576,5,measure,91,pair_same_line,4194304,1048576,274669,17270152350466354843,3007624,11,11,14794024092143452502,14794024092143452502
22,P,20260918,1577,5,measure,92,stride_513,786432,1048576,91536,16479209744643177041,1664079,11,11,18197965301733415104,18197965301733415104
22,P,20260918,1578,5,measure,93,pair_split_line,8192,1048576,307,14893727070088353490,2005012,11,11,4934779756601033549,4934779756601033549
22,P,20260918,1579,5,measure,94,stride_4097,8388608,1048576,844664,7138001929077506965,3325820,11,11,18303280461608560459,18303280461608560459
22,P,20260918,1580,5,measure,95,stride_513,67108864,1048576,523421,12258902907200982649,12044034,11,11,1192197498285083410,1192197498285083410
22,P,20260918,1581,5,measure,96,random,3145728,1048576,163835,5062993692784274997,2712339,11,11,10149268637178009232,10149268637178009232
22,P,20260918,1582,5,measure,97,pair_split_line,1572864,1048576,93988,10859407103423662006,3066651,11,11,7999524418173446073,7999524418173446073
22,P,20260918,1583,5,measure,98,stride_1_bis,131072,1048576,12799,15967142349628574420,1478046,11,11,16921412609114818048,16921412609114818048
22,P,20260918,1584,5,measure,99,stride_17,4096,1048576,37,5820403297807753755,1426464,11,11,8154595385843253248,8154595385843253248
22,P,20260918,1585,5,measure,100,pair_same_line,100663296,1048576,2057358,12898405327916158234,17275690,11,11,5949463318804105940,5949463318804105940
22,P,20260918,1586,5,measure,101,stride_513,4096,1048576,59,13812255078418583744,1699235,11,11,8154595385843253248,8154595385843253248
22,P,20260918,1587,5,measure,102,stride_1,25165824,1048576,1899732,2864070534949472374,1831564,11,11,7280618712815957328,7280618712815957328
22,P,20260918,1588,5,measure,103,stride_4097,6291456,1048576,553940,6935296682656865058,2920755,11,11,10456863950431253662,10456863950431253662
22,P,20260918,1589,5,measure,104,stride_1_double,16777216,2097152,18398,11081175405789336648,4176621,11,11,12841062978479921428,12841062978479921428
22,P,20260918,1590,5,measure,105,stride_17,32768,1048576,3946,11167914605189663315,1437494,11,11,10598541984122395648,10598541984122395648
22,P,20260918,1591,5,measure,106,pair_split_line,24576,1048576,2933,4807956664960012203,1885335,11,11,14513155594469981773,14513155594469981773
22,P,20260918,1592,5,measure,107,stride_17,134217728,1048576,16249106,16621147524291204382,8558218,11,11,6245010112906168428,6245010112906168428
22,P,20260918,1593,5,measure,108,stride_17,49152,1048576,3361,1184892785570340024,1472576,11,11,6657403052299404295,6657403052299404295
22,P,20260918,1594,5,measure,109,stride_17,786432,1048576,36331,1245823525248209755,1576171,11,11,2172314687125467161,2172314687125467161
22,P,20260918,1595,5,measure,110,random,6144,1048576,485,7950643065137527054,1102202,11,11,3001814487385542285,3001814487385542285
22,P,20260918,1596,5,measure,111,stride_4097,2097152,1048576,238194,2309066049189336859,1661975,11,11,14577075130308765988,14577075130308765988
22,P,20260918,1597,5,measure,112,stride_17,33554432,1048576,3596751,16618120963258440032,7561439,11,11,1277224533748789166,1277224533748789166
22,P,20260918,1598,5,measure,113,stride_17,262144,1048576,24628,3923425576357341789,1445409,11,11,3252759155835688704,3252759155835688704
22,P,20260918,1599,5,measure,114,stride_1_bis,65536,1048576,3211,17493524423429762080,1879265,11,11,16423878549329276288,16423878549329276288
22,P,20260918,1600,5,measure,115,pair_split_line,16384,1048576,1416,12625154281259190489,2052541,11,11,3783813370169756819,3783813370169756819
22,P,20260918,1601,5,measure,116,stride_1,524288,1048576,15422,79649386858044516,1388480,11,11,10061883979847375520,10061883979847375520
22,P,20260918,1602,5,measure,117,stride_1_double,4096,2097152,141,3921066228429979523,2791926,11,11,16309190771686506496,16309190771686506496
22,P,20260918,1603,5,measure,118,pair_split_line,50331648,1048576,4966586,5366613305563354560,20992898,11,11,7787658006261808703,7787658006261808703
22,P,20260918,1604,5,measure,119,stride_1_bis,1572864,1048576,18901,6273888298775745847,1713073,11,11,1819383144834256777,1819383144834256777
22,P,20260918,1605,5,measure,120,stride_1,16777216,1048576,535849,15947912773439245144,2315620,11,11,16834071904948954604,16834071904948954604
22,P,20260918,1606,5,measure,121,pair_split_line,201326592,1048576,22122133,11839376211218683700,27285592,11,11,5541705113282053885,5541705113282053885
22,P,20260918,1607,5,measure,122,random,4194304,1048576,153616,394747010736121334,4571481,11,11,15002219371027713181,15002219371027713181
22,P,20260918,1608,5,measure,123,stride_1,131072,1048576,6995,13305990260915504569,2040831,11,11,16921412609114818048,16921412609114818048
22,P,20260918,1609,5,measure,124,pair_same_line,67108864,1048576,3125536,4620930278427950921,18431640,11,11,2786237646009816562,2786237646009816562
22,P,20260918,1610,5,measure,125,stride_1_bis,201326592,1048576,12557189,7897755042406265491,2720000,11,11,2023901918846789531,2023901918846789531
22,P,20260918,1611,5,measure,126,stride_4097,1048576,1048576,61178,1328646590590870450,1938436,11,11,8797231230870489880,8797231230870489880
22,P,20260918,1612,5,measure,127,stride_4097,16384,1048576,359,4606603386250219574,1688924,11,11,9548053087369131008,9548053087369131008
22,P,20260918,1613,5,measure,128,stride_17,6144,1048576,653,13715171052368357641,1697679,11,11,10683722947407092282,10683722947407092282
22,P,20260918,1614,5,measure,129,stride_1_bis,8192,1048576,243,15288117455008561244,1691454,11,11,116592947459441664,116592947459441664
22,P,20260918,1615,5,measure,130,random,262144,1048576,22349,6130988980314210964,1406488,11,11,10004198035413602330,10004198035413602330
22,P,20260918,1616,5,measure,131,random,393216,1048576,8063,11427883862816835723,1403229,11,11,15612021913068606058,15612021913068606058
22,P,20260918,1617,5,measure,132,stride_513,201326592,1048576,3648202,3766370197015438076,14517761,11,11,14423364805392429904,14423364805392429904
22,P,20260918,1618,5,measure,133,pair_split_line,134217728,1048576,11243566,5135872548784458750,25533228,11,11,2566521352927926175,2566521352927926175
22,P,20260918,1619,5,measure,134,stride_513,393216,1048576,43876,6635835717646808313,2676145,11,11,14847694413740558592,14847694413740558592
22,P,20260918,1620,5,measure,135,stride_1,32768,1048576,1683,2548258992507548347,1787480,11,11,10598541984122395648,10598541984122395648
22,P,20260918,1621,5,measure,136,stride_1_double,524288,2097152,20847,1168787520500135873,3387845,11,11,1677023885985199424,1677023885985199424
22,P,20260918,1622,5,measure,137,stride_1_double,6144,2097152,254,7853708255154792566,3390201,11,11,9485408991543748562,9485408991543748562
22,P,20260918,1623,5,measure,138,random,134217728,1048576,15732201,6436343461177828271,17710683,11,11,2499893302054897995,2499893302054897995
22,P,20260918,1624,5,measure,139,stride_1_double,12288,2097152,1104,4052806889871975682,4242784,11,11,12338011138354448647,12338011138354448647
22,P,20260918,1625,5,measure,140,stride_4097,3145728,1048576,331962,6954186496559285659,2663376,11,11,11249527041370225414,11249527041370225414
22,P,20260918,1626,5,measure,141,pair_split_line,131072,1048576,3970,10559187684145778630,2808431,11,11,2500948646336283379,2500948646336283379
22,P,20260918,1627,5,measure,142,stride_1_bis,32768,1048576,3847,5381624090956246134,1747286,11,11,10598541984122395648,10598541984122395648
22,P,20260918,1628,5,measure,143,random,24576,1048576,564,10105352778760593543,1441111,11,11,9257531403243944941,9257531403243944941
22,P,20260918,1629,5,measure,144,random,25165824,1048576,244734,17750313373448364697,14044771,11,11,16741601538740552606,16741601538740552606
22,P,20260918,1630,5,measure,145,stride_1,3145728,1048576,165858,15279878043158398172,2297896,11,11,18083004618133490688,18083004618133490688
22,P,20260918,1631,5,measure,146,pair_same_line,268435456,1048576,8613165,5042445037758709306,23475496,11,11,14060015655268144258,14060015655268144258
22,P,20260918,1632,5,measure,147,stride_1_double,2097152,2097152,702,2700003043163574653,4605680,11,11,10707406186907980360,10707406186907980360
22,P,20260918,1633,5,measure,148,pair_same_line,196608,1048576,1520,2298338095316386457,2287918,11,11,15358198712450823512,15358198712450823512
22,P,20260918,1634,5,measure,149,stride_4097,196608,1048576,2319,7366193115472884082,1775525,11,11,12967969817900688197,12967969817900688197
22,P,20260918,1635,5,measure,150,stride_513,16777216,1048576,114756,7304857047755883424,9777667,11,11,12318975154378198013,12318975154378198013
22,P,20260918,1636,5,measure,151,pair_split_line,16777216,1048576,1895247,17393323693969128656,13777764,11,11,14724111948418161127,14724111948418161127
22,P,20260918,1637,5,measure,152,stride_17,1572864,1048576,66838,2178979870939717425,2148573,11,11,1937715940218946910,1937715940218946910
22,P,20260918,1638,5,measure,153,stride_4097,50331648,1048576,2586010,13850283138309865610,9365268,11,11,10085923692262264552,10085923692262264552
22,P,20260918,1639,5,measure,154,stride_513,131072,1048576,8785,15933072451587335201,2280411,11,11,16921412609114818048,16921412609114818048
22,P,20260918,1640,5,measure,155,stride_1,65536,1048576,6911,10409120221383546814,1963006,11,11,16423878549329276288,16423878549329276288
22,P,20260918,1641,5,measure,156,random,16384,1048576,1425,6259280136629402942,1644092,11,11,3210642463063649929,3210642463063649929
22,P,20260918,1642,5,measure,157,pair_same_line,12288,1048576,1039,9876321723097700955,2045933,11,11,6007035007577022111,6007035007577022111
22,P,20260918,1643,5,measure,158,stride_4097,12288,1048576,586,15058385724216459859,1719441,11,11,684763000519728262,684763000519728262
22,P,20260918,1644,5,measure,159,stride_1,8388608,1048576,151783,4772459682630751441,2146425,11,11,18303280461608560459,18303280461608560459
22,P,20260918,1645,5,measure,160,stride_513,268435456,1048576,22949751,17252169443114093261,12971821,11,11,15804136785868908710,15804136785868908710
22,P,20260918,1646,5,measure,161,stride_17,1048576,1048576,25056,8455740842389909029,2123595,11,11,8797231230870489880,8797231230870489880
22,P,20260918,1647,5,measure,162,pair_same_line,98304,1048576,6499,13425883983325830260,2378864,11,11,2800290324559326732,2800290324559326732
22,P,20260918,1648,5,measure,163,random,8388608,1048576,224776,12048156535037078770,9093759,11,11,3081941321277232358,3081941321277232358
22,P,20260918,1649,5,measure,164,random,12288,1048576,1343,6096658172588047820,1562501,11,11,6199986381430490902,6199986381430490902
22,P,20260918,1650,5,measure,165,stride_4097,100663296,1048576,7423635,15544717738323252472,9724736,11,11,4348597058468971597,4348597058468971597
22,P,20260918,1651,5,measure,166,stride_513,50331648,1048576,5319945,11272487124306368632,13521083,11,11,2196740296689320125,2196740296689320125
22,P,20260918,1652,5,measure,167,stride_17,131072,1048576,885,11607326630992385262,2419545,11,11,16921412609114818048,16921412609114818048
22,P,20260918,1653,5,measure,168,stride_4097,98304,1048576,10176,9851764747894524528,1962929,11,11,5359457805557829277,5359457805557829277
22,P,20260918,1654,5,measure,169,stride_1,16384,1048576,812,9796945382003441466,1693484,11,11,9548053087369131008,9548053087369131008
22,P,20260918,1655,5,measure,170,stride_1_bis,6144,1048576,284,16536181107827656296,1692653,11,11,2753739876836490347,2753739876836490347
22,P,20260918,1656,5,measure,171,stride_1,67108864,1048576,64869,14120776461753712861,2510925,11,11,4352530799107546138,4352530799107546138
22,P,20260918,1657,5,measure,172,pair_same_line,8192,1048576,862,13523490372125678070,2036405,11,11,11651246497522431424,11651246497522431424
22,P,20260918,1658,5,measure,173,stride_1_double,786432,2097152,7525,10451362942161455079,3594026,11,11,5281352419110409475,5281352419110409475
22,P,20260918,1659,5,measure,174,stride_1,4096,1048576,437,15223411461926977013,1679664,11,11,8154595385843253248,8154595385843253248
22,P,20260918,1660,5,measure,175,stride_4097,49152,1048576,438,5093204477151751008,1615825,11,11,17007762361126318577,17007762361126318577
22,P,20260918,1661,5,measure,176,stride_1_double,25165824,2097152,2858149,6404215984565505771,4727360,11,11,5674006327372304,5674006327372304
22,P,20260918,1662,5,measure,177,stride_4097,12582912,1048576,67360,11964762848143553076,5518780,11,11,18357134641233757188,18357134641233757188
22,P,20260918,1663,5,measure,178,stride_1,786432,1048576,2488,9607256028879142996,1360673,11,11,10071758505884263351,10071758505884263351
22,P,20260918,1664,5,measure,179,stride_513,6291456,1048576,601767,17240741458642357037,1696510,11,11,2329185465026963428,2329185465026963428
22,P,20260918,1665,5,measure,180,stride_1_double,24576,2097152,189,11904220149173849454,2722305,11,11,18186043840347360565,18186043840347360565
22,P,20260918,1666,5,measure,181,stride_513,3145728,1048576,373169,1322320393743999747,1478957,11,11,13978878534847391976,13978878534847391976
22,P,20260918,1667,5,measure,182,pair_split_line,524288,1048576,15584,17547923036059925583,2431384,11,11,2051918411489855635,2051918411489855635
22,P,20260918,1668,5,measure,183,stride_1_bis,6291456,1048576,176199,12668294605335613597,1415739,11,11,16354452865207481070,16354452865207481070
22,P,20260918,1669,5,measure,184,stride_17,393216,1048576,42752,2769541540165497916,1362007,11,11,18106399580832414192,18106399580832414192
22,P,20260918,1670,5,measure,185,random,196608,1048576,15684,10542814944647893104,1121526,11,11,11516670243333354336,11516670243333354336
22,P,20260918,1671,5,measure,186,random,49152,1048576,3469,12241248829984570754,1098453,11,11,18223970204605166175,18223970204605166175
22,P,20260918,1672,5,measure,187,stride_4097,67108864,1048576,3059392,10443993150173524772,6701355,11,11,12666878068443023563,12666878068443023563
22,P,20260918,1673,5,measure,188,stride_1,50331648,1048576,3277077,10939080324514386529,2068053,11,11,5968576223523188746,5968576223523188746
22,P,20260918,1674,5,measure,189,stride_17,8388608,1048576,171263,13913126929131264358,3617274,11,11,18303280461608560459,18303280461608560459
22,P,20260918,1675,5,measure,190,stride_513,98304,1048576,5530,7437955646880000864,1407671,11,11,1589993245443464960,1589993245443464960
22,P,20260918,1676,5,measure,191,pair_same_line,32768,1048576,2705,15512419508814889664,1631899,11,11,9587232620572766870,9587232620572766870
22,P,20260918,1677,5,measure,192,stride_1_bis,393216,1048576,25612,502286648266041967,1381565,11,11,13739103241201440616,13739103241201440616
22,P,20260918,1678,5,measure,193,pair_same_line,1572864,1048576,20575,3142669434390437984,2123238,11,11,2408362920910740399,2408362920910740399
22,P,20260918,1679,5,measure,194,pair_split_line,25165824,1048576,706186,4107407565471674857,14444650,11,11,14164828995815278706,14164828995815278706
22,P,20260918,1680,5,measure,195,stride_1,49152,1048576,5509,5716095973178463069,1363115,11,11,12073148622423829558,12073148622423829558
22,P,20260918,1681,5,measure,196,pair_same_line,16384,1048576,758,10601350229378016215,1624487,11,11,18180005494568402570,18180005494568402570
22,P,20260918,1682,5,measure,197,stride_1_double,6291456,2097152,256919,6843657412121224155,3448460,11,11,13059246732406001824,13059246732406001824
22,P,20260918,1683,5,measure,198,stride_1_double,201326592,2097152,18186838,17965380629874993462,4372799,11,11,134549496078265939,134549496078265939
22,P,20260918,1684,5,measure,199,random,201326592,1048576,1816677,15654384764051594661,16761608,11,11,18044340271241443784,18044340271241443784
22,P,20260918,1685,5,measure,200,stride_4097,4096,1048576,397,4307345668611214932,1356618,11,11,8154595385843253248,8154595385843253248
22,P,20260918,1686,5,measure,201,random,50331648,1048576,2252603,1767100558196781076,14057638,11,11,13038255521250826303,13038255521250826303
22,P,20260918,1687,5,measure,202,pair_split_line,262144,1048576,1117,14385930881809251559,2507065,11,11,6484607525995958861,6484607525995958861
22,P,20260918,1688,5,measure,203,pair_split_line,12288,1048576,744,7264981822569521001,1946890,11,11,16120302757797505668,16120302757797505668
22,P,20260918,1689,5,measure,204,stride_17,8192,1048576,235,4766468157058118850,1360120,11,11,116592947459441664,116592947459441664
22,P,20260918,1690,5,measure,205,pair_split_line,65536,1048576,6142,102129579210665563,2024484,11,11,13084805458927213716,13084805458927213716
22,P,20260918,1691,5,measure,206,stride_1,12288,1048576,1533,4068604057659984338,1384497,11,11,14930788474806809883,14930788474806809883
22,P,20260918,1692,5,measure,207,stride_1_bis,100663296,1048576,3338055,11772668098758656622,2306817,11,11,14276592296515688351,14276592296515688351
22,P,20260918,1693,5,measure,208,stride_513,16384,1048576,1190,17090755634573808426,1358233,11,11,9548053087369131008,9548053087369131008
22,P,20260918,1694,5,measure,209,stride_1_double,393216,2097152,40766,5443383880722142073,2755561,11,11,3953005140218171305,3953005140218171305
22,P,20260918,1695,5,measure,210,stride_17,201326592,1048576,11648294,11511289159961977630,8633881,11,11,17920839952145563838,17920839952145563838
22,P,20260918,1696,5,measure,211,pair_same_line,786432,1048576,27576,11501460697441758631,2150512,11,11,11912450042770710748,11912450042770710748
22,P,20260918,1697,5,measure,212,stride_1_bis,12582912,1048576,1050147,6150703514053216056,2364645,11,11,3499947638469145636,3499947638469145636
22,P,20260918,1698,5,measure,213,stride_4097,33554432,1048576,2473683,4613458774975209951,6893526,11,11,12957813428518076699,12957813428518076699
22,P,20260918,1699,5,measure,214,random,98304,1048576,11822,13839634796886732713,1313615,11,11,11031538511544296164,11031538511544296164
22,P,20260918,1700,5,measure,215,stride_1_double,98304,2097152,5672,2373809357712775617,2811922,11,11,2598821692364314636,2598821692364314636
22,P,20260918,1701,5,measure,216,pair_same_line,1048576,1048576,43182,10160131771575786229,2456221,11,11,2806264737742351024,2806264737742351024
22,P,20260918,1702,5,measure,217,stride_17,268435456,1048576,2457532,9207067146170261393,9098710,11,11,13034007530318836350,13034007530318836350
22,P,20260918,1703,5,measure,218,random,2097152,1048576,25839,1509208309036929857,2242662,11,11,6166275210320587425,6166275210320587425
22,P,20260918,1704,5,measure,219,stride_1_bis,524288,1048576,34439,2672307910290454382,1356352,11,11,10061883979847375520,10061883979847375520
22,P,20260918,1705,5,measure,220,pair_same_line,16777216,1048576,1956184,12728051225706308817,14744755,11,11,15998273792782900934,15998273792782900934
22,P,20260918,1706,5,measure,221,stride_1_bis,33554432,1048576,3771025,15262104624093400922,1829139,11,11,12127652114243287448,12127652114243287448
22,P,20260918,1707,5,measure,222,random,268435456,1048576,8888426,5442142003920672877,17908503,11,11,14607781318079891751,14607781318079891751
22,P,20260918,1708,5,measure,223,stride_4097,25165824,1048576,2450817,4788812449009917700,9008817,11,11,200425246966624462,200425246966624462
22,P,20260918,1709,5,measure,224,stride_1_bis,3145728,1048576,317605,7007567785440689661,2405539,11,11,5239191495598688512,5239191495598688512
22,P,20260918,1710,5,measure,225,stride_17,4194304,1048576,374109,6295026529310104685,4046338,11,11,12406089252390561320,12406089252390561320
22,P,20260918,1711,5,measure,226,pair_split_line,100663296,1048576,4124894,12050327126302133933,25542164,11,11,4784687543607834711,4784687543607834711
22,P,20260918,1712,5,measure,227,pair_same_line,524288,1048576,23593,14009320449062549133,3160553,11,11,12307767648480100611,12307767648480100611
22,P,20260918,1713,5,measure,228,stride_513,32768,1048576,2298,14868399099240292050,1749071,11,11,10598541984122395648,10598541984122395648
22,P,20260918,1714,5,measure,229,stride_4097,8192,1048576,116,3159812267680444885,1715672,11,11,116592947459441664,116592947459441664
22,P,20260918,1715,5,measure,230,stride_4097,24576,1048576,94,14419676735852447952,1704037,11,11,16273070969325657017,16273070969325657017
22,P,20260918,1716,5,measure,231,stride_1_double,134217728,2097152,3051216,329752892886499849,5068721,11,11,8879829064997170003,8879829064997170003
22,P,20260918,1717,5,measure,232,stride_17,12288,1048576,1324,10846475956469491123,1735419,11,11,13923914215083320983,13923914215083320983
22,P,20260918,1718,5,measure,233,stride_1_double,32768,2097152,3674,2435136777278446065,3322353,11,11,2750339894535239680,2750339894535239680
22,P,20260918,1719,5,measure,234,pair_split_line,2097152,1048576,52110,13117964052413474944,3714206,11,11,16325568517430164919,16325568517430164919
22,P,20260918,1720,5,measure,235,stride_1,201326592,1048576,21528639,3950914678621889452,1679023,11,11,12015055134094326228,12015055134094326228
22,P,20260918,1721,5,measure,236,pair_same_line,12582912,1048576,1411350,6211816261402588789,12122626,11,11,452614270689643598,452614270689643598
22,P,20260918,1722,5,measure,237,pair_same_line,393216,1048576,46091,7891625399849499778,2082163,11,11,4530788090652484458,4530788090652484458
22,P,20260918,1723,5,measure,238,pair_split_line,49152,1048576,2489,14975062603416435244,2025143,11,11,9742406712883779249,9742406712883779249
22,P,20260918,1724,5,measure,239,stride_1_double,65536,2097152,5831,4496689727184925386,2791293,11,11,14401013024949000960,14401013024949000960
22,P,20260918,1725,5,measure,240,pair_split_line,98304,1048576,11191,10368438784886725353,2155406,11,11,11379849068284666040,11379849068284666040
22,P,20260918,1726,5,measure,241,stride_1_bis,25165824,1048576,1061595,9508271094461895957,1953793,11,11,5792417582194080057,5792417582194080057
22,P,20260918,1727,5,measure,242,random,32768,1048576,1841,8860311993698550730,1096924,11,11,2197225452899253370,2197225452899253370
22,P,20260918,1728,5,measure,243,pair_split_line,393216,1048576,28115,5911253486383873039,2364955,11,11,8436895384707748593,8436895384707748593
22,P,20260918,1729,5,measure,244,stride_17,24576,1048576,953,10921594867467958110,1380146,11,11,4771856531905846366,4771856531905846366
22,P,20260918,1730,5,measure,245,stride_1,6291456,1048576,98860,17068580615931151999,1739890,11,11,3203906046350521264,3203906046350521264
22,P,20260918,1731,5,measure,246,stride_1_bis,8388608,1048576,665104,17848133907247989922,1654905,11,11,18303280461608560459,18303280461608560459
22,P,20260918,1732,5,measure,247,pair_same_line,262144,1048576,12957,9562487957783428777,1828143,11,11,10142603103465001586,10142603103465001586
22,P,20260918,1733,5,measure,248,stride_1_bis,98304,1048576,4796,10405200179322145980,1386184,11,11,14062159483502731355,14062159483502731355
22,P,20260918,1734,5,measure,249,stride_1_double,196608,2097152,19198,13812008367567723775,2817345,11,11,17415990710391111772,17415990710391111772
22,P,20260918,1735,5,measure,250,random,33554432,1048576,502165,8424321328588066898,12283301,11,11,18131676881061342961,18131676881061342961
22,P,20260918,1736,5,measure,251,stride_1,6144,1048576,352,2557841011662740796,1357938,11,11,13277773728675445555,13277773728675445555
22,P,20260918,1737,5,measure,252,stride_17,2097152,1048576,170445,16859589590785495827,1780021,11,11,14577075130308765988,14577075130308765988
22,P,20260918,1738,5,measure,253,stride_1_bis,12288,1048576,243,7057283604173872701,1356541,11,11,12254386179107510363,12254386179107510363
22,P,20260918,1739,5,measure,254,stride_4097,16777216,1048576,672095,4028473971211961199,6682780,11,11,3114021973472437518,3114021973472437518
22,P,20260918,1740,5,measure,255,random,100663296,1048576,5763396,17998867108606405312,15341208,11,11,7658232440049584324,7658232440049584324
22,P,20260918,1741,5,measure,256,stride_1_double,268435456,2097152,25056894,7000470297087470987,4487790,11,11,10461118912781867403,10461118912781867403
22,P,20260918,1742,5,measure,257,stride_513,100663296,1048576,9466253,7450745506752582548,13142088,11,11,10865822787228910845,10865822787228910845
22,P,20260918,1743,5,measure,258,stride_1,100663296,1048576,2083711,3043571468559597074,2457769,11,11,6533720308751617129,6533720308751617129
22,P,20260918,1744,5,measure,259,stride_1_double,262144,2097152,25060,14843219880552880547,2915610,11,11,6505518311671377408,6505518311671377408
22,P,20260918,1745,5,measure,260,pair_same_line,201326592,1048576,15559296,6492443796626708296,18573536,11,11,4116528742829581438,4116528742829581438
22,P,20260918,1746,5,measure,261,stride_513,25165824,1048576,2379884,3910268319565561424,10806954,11,11,11886943178879158261,11886943178879158261
22,P,20260918,1747,5,measure,262,stride_1_double,49152,2097152,3222,12898043347487338433,3778485,11,11,5749542463110365150,5749542463110365150
22,P,20260918,1748,5,measure,263,stride_513,24576,1048576,2635,3080229726449618097,1709181,11,11,1712612578793322496,1712612578793322496
22,P,20260918,1749,5,measure,264,stride_4097,32768,1048576,3847,9733554797790540278,1718241,11,11,10598541984122395648,10598541984122395648
22,P,20260918,1750,5,measure,265,pair_same_line,8388608,1048576,836143,17383312410382322802,11078121,11,11,13800277166071819332,13800277166071819332
22,P,20260918,1751,5,measure,266,stride_1_double,131072,2097152,5406,3811763780672675299,3492193,11,11,15396081144520084480,15396081144520084480
22,P,20260918,1752,5,measure,267,pair_split_line,4096,1048576,110,15718996213984059552,2254111,11,11,12613595088233384090,12613595088233384090
22,P,20260918,1753,5,measure,268,pair_split_line,32768,1048576,1808,2622318936710359178,2150811,11,11,10052377379584697216,10052377379584697216
22,P,20260918,1754,5,measure,269,stride_1_double,8192,2097152,1004,11212946059533260872,2935139,11,11,233185894918883328,233185894918883328
22,P,20260918,1755,5,measure,270,stride_1,98304,1048576,7383,15037650295017550178,1406800,11,11,18418132273607833051,18418132273607833051
22,P,20260918,1756,5,measure,271,stride_17,196608,1048576,17129,15624281292716046302,1361797,11,11,3989916327152921245,3989916327152921245
22,P,20260918,1757,5,measure,272,stride_1_double,3145728,2097152,148485,8631733122078375975,2904240,11,11,1358448112477053524,1358448112477053524
22,P,20260918,1758,5,measure,273,stride_1_bis,2097152,1048576,94359,2967031402469563572,1352055,11,11,14577075130308765988,14577075130308765988
22,P,20260918,1759,5,measure,274,pair_same_line,6291456,1048576,442045,13665499423928757857,3448623,11,11,1986486038123346724,1986486038123346724
22,P,20260918,1760,5,measure,275,pair_split_line,6144,1048576,300,14692449645921695991,1886399,11,11,10780867022170581925,10780867022170581925
22,P,20260918,1761,5,measure,276,stride_513,1572864,1048576,166480,4696130744068426249,1460001,11,11,16747479167117318944,16747479167117318944
22,P,20260918,1762,5,measure,277,stride_1_double,1048576,2097152,80995,3079362997579063980,2790337,11,11,17594462461740979760,17594462461740979760
22,P,20260918,1763,5,measure,278,stride_1_bis,268435456,1048576,2756138,3454332366178173373,2192965,11,11,16207446765261714271,16207446765261714271
22,P,20260918,1764,5,measure,279,random,131072,1048576,14710,17644927070020506455,1147617,11,11,8455946860753042091,8455946860753042091
22,P,20260918,1765,5,measure,280,pair_split_line,4194304,1048576,272152,8392391627333189396,4499470,11,11,11198354644475098129,11198354644475098129
22,P,20260918,1766,5,measure,281,pair_same_line,6144,1048576,504,16595382290923222105,1625328,11,11,13645553272923177399,13645553272923177399
22,P,20260918,1767,5,measure,282,stride_1_bis,4096,1048576,509,315016734719669968,1381181,11,11,8154595385843253248,8154595385843253248
22,P,20260918,1768,5,measure,283,stride_4097,6144,1048576,374,16629651277620288065,1409784,11,11,5870124342984974890,5870124342984974890
22,P,20260918,1769,5,measure,284,stride_4097,268435456,1048576,28500400,8552089291191600352,7662950,11,11,2534883505520421531,2534883505520421531
22,P,20260918,1770,5,measure,285,stride_17,6291456,1048576,173251,14316212245878192736,4866881,11,11,13204542849757753730,13204542849757753730
22,P,20260918,1771,5,measure,286,stride_1,33554432,1048576,118667,10467621667101260259,1781290,11,11,1136919658555090038,1136919658555090038
22,P,20260918,1772,5,measure,287,stride_513,49152,1048576,4167,10643576403063066865,1399768,11,11,9764209366394647040,9764209366394647040
22,P,20260918,1773,5,measure,288,stride_1,196608,1048576,24200,7068597571116464539,1353729,11,11,2151285126476420941,2151285126476420941
22,P,20260918,1774,5,measure,289,stride_1_double,100663296,2097152,11580847,16843180990272799277,3337658,11,11,12350818383625485561,12350818383625485561
22,P,20260918,1775,5,measure,290,stride_1_bis,16777216,1048576,573631,15637193465158486160,1867603,11,11,5262411002883739206,5262411002883739206
22,P,20260918,1776,5,measure,291,stride_4097,786432,1048576,15396,1719576337868125014,1448491,11,11,4597015760743963088,4597015760743963088
22,P,20260918,1777,5,measure,292,pair_same_line,65536,1048576,6120,16810951110511543346,1709551,11,11,15702541923944196520,15702541923944196520
22,P,20260918,1778,5,measure,293,stride_1_double,16384,2097152,1827,11724911327985884429,2708788,11,11,649362101028710400,649362101028710400
22,P,20260918,1779,5,measure,294,random,67108864,1048576,4602368,16482625786029624021,14857359,11,11,15650827092514048180,15650827092514048180
22,P,20260918,1780,5,measure,295,pair_split_line,67108864,1048576,6224463,46633526339360359,17583399,11,11,10077187139782131828,10077187139782131828
22,P,20260918,1781,5,measure,296,stride_1_double,8388608,2097152,252399,13819585654143146016,3946632,11,11,18159816849507569302,18159816849507569302
22,P,20260918,1782,6,measure,0,stride_513,786432,1048576,73982,9199735116537410269,1495957,11,11,13192199103146003808,13192199103146003808
22,P,20260918,1783,6,measure,1,stride_1_double,2097152,2097152,239054,6551313932216506249,2825528,11,11,10707406186907980360,10707406186907980360
22,P,20260918,1784,6,measure,2,pair_split_line,4096,1048576,17,16341543628037476551,1886414,11,11,8472369740481723103,8472369740481723103
22,P,20260918,1785,6,measure,3,stride_513,6291456,1048576,351537,16873295175265875769,2200655,11,11,2329185465026963428,2329185465026963428
22,P,20260918,1786,6,measure,4,random,65536,1048576,4598,16512978196490217021,1173255,11,11,16483764763433004571,16483764763433004571
22,P,20260918,1787,6,measure,5,stride_17,196608,1048576,14361,15112383938075684083,1391820,11,11,16736158025181220312,16736158025181220312
22,P,20260918,1788,6,measure,6,pair_same_line,1572864,1048576,31275,13158492569336351062,2184307,11,11,2862356270667133635,2862356270667133635
22,P,20260918,1789,6,measure,7,stride_1,1048576,1048576,124046,18443452710039701461,1399680,11,11,8797231230870489880,8797231230870489880
22,P,20260918,1790,6,measure,8,stride_17,25165824,1048576,1471609,14693830911269740793,6985409,11,11,6777994641229536881,6777994641229536881
22,P,20260918,1791,6,measure,9,stride_1,16384,1048576,1653,2185688593509737992,1410349,11,11,9548053087369131008,9548053087369131008
22,P,20260918,1792,6,measure,10,pair_same_line,4096,1048576,506,4224538620078014929,1631988,11,11,15948639630593910461,15948639630593910461
22,P,20260918,1793,6,measure,11,pair_split_line,16777216,1048576,1213914,12562203544322785110,10947188,11,11,215752207845961094,215752207845961094
22,P,20260918,1794,6,measure,12,random,98304,1048576,6272,10395677546675754683,1150050,11,11,5460228282495070430,5460228282495070430
22,P,20260918,1795,6,measure,13,pair_same_line,65536,1048576,6781,4760691763833032759,1699470,11,11,11713622964412257178,11713622964412257178
22,P,20260918,1796,6,measure,14,stride_1_bis,131072,1048576,9074,10386274928541220405,1385679,11,11,16921412609114818048,16921412609114818048
22,P,20260918,1797,6,measure,15,pair_split_line,33554432,1048576,967377,2463323151293087367,16814813,11,11,7877194943656294987,7877194943656294987
22,P,20260918,1798,6,measure,16,stride_1,67108864,1048576,6977822,10818934924797403902,2225738,11,11,9828922580001312695,9828922580001312695
22,P,20260918,1799,6,measure,17,pair_same_line,8388608,1048576,61523,6932898919823330799,9116305,11,11,12806762899238788204,12806762899238788204
22,P,20260918,1800,6,measure,18,pair_split_line,201326592,1048576,12249044,18116680588777278704,26957530,11,11,8187305899203080296,8187305899203080296
22,P,20260918,1801,6,measure,19,pair_same_line,134217728,1048576,16001568,9023869746093272674,19680629,11,11,16248129973263606822,16248129973263606822
22,P,20260918,1802,6,measure,20,stride_1_bis,524288,1048576,46965,14996317683804595457,2162823,11,11,10061883979847375520,10061883979847375520
22,P,20260918,1803,6,measure,21,stride_1,134217728,1048576,10102291,15198378928706337175,2436247,11,11,12021142564013406395,12021142564013406395
22,P,20260918,1804,6,measure,22,pair_same_line,25165824,1048576,610412,1604350747555746458,16278068,11,11,6770709472614938745,6770709472614938745
22,P,20260918,1805,6,measure,23,stride_4097,49152,1048576,855,13926198037929440367,2219533,11,11,3067149953597602448,3067149953597602448
22,P,20260918,1806,6,measure,24,stride_17,1572864,1048576,2940,17226144844792662068,2189526,11,11,11564241819617408820,11564241819617408820
22,P,20260918,1807,6,measure,25,pair_split_line,393216,1048576,38276,15296330674539111717,2921508,11,11,11350155262132836089,11350155262132836089
22,P,20260918,1808,6,measure,26,stride_17,98304,1048576,2617,10388593557079778172,1723166,11,11,5832475062830295673,5832475062830295673
22,P,20260918,1809,6,measure,27,pair_same_line,100663296,1048576,11985675,1754429639626285046,18474767,11,11,15736695603522933896,15736695603522933896
22,P,20260918,1810,6,measure,28,stride_1_double,50331648,2097152,3535585,12900210019882147321,4407223,11,11,14215464714282908263,14215464714282908263
22,P,20260918,1811,6,measure,29,random,4096,1048576,446,14187433439184641656,1392827,11,11,14349615618391035974,14349615618391035974
22,P,20260918,1812,6,measure,30,stride_17,786432,1048576,60995,16248779770630296380,1789363,11,11,2975251096395357937,2975251096395357937
22,P,20260918,1813,6,measure,31,stride_1_bis,2097152,1048576,118162,8825189764571521922,1871562,11,11,14577075130308765988,14577075130308765988
22,P,20260918,1814,6,measure,32,stride_17,131072,1048576,10173,16819845112708531846,1695179,11,11,16921412609114818048,16921412609114818048
22,P,20260918,1815,6,measure,33,stride_17,33554432,1048576,1106940,9092032064890273205,8336125,11,11,18039587424652870266,18039587424652870266
22,P,20260918,1816,6,measure,34,stride_513,262144,1048576,2382,7165073330810566913,1833700,11,11,3252759155835688704,3252759155835688704
22,P,20260918,1817,6,measure,35,stride_1_double,6291456,2097152,745164,15237510729346491310,3699779,11,11,12868572486855704850,12868572486855704850
22,P,20260918,1818,6,measure,36,pair_split_line,2097152,1048576,70616,11786236919854546202,3692856,11,11,5387084958676109490,5387084958676109490
22,P,20260918,1819,6,measure,37,stride_4097,4096,1048576,5,13919396161458413488,1451619,11,11,8154595385843253248,8154595385843253248
22,P,20260918,1820,6,measure,38,stride_1_bis,8192,1048576,168,7766553327115424290,1426035,11,11,116592947459441664,116592947459441664
22,P,20260918,1821,6,measure,39,pair_same_line,8192,1048576,70,14889411300365084793,1639332,11,11,6315233906242250430,6315233906242250430
22,P,20260918,1822,6,measure,40,stride_1_bis,4096,1048576,481,13118606591465416008,1400227,11,11,8154595385843253248,8154595385843253248
22,P,20260918,1823,6,measure,41,stride_1,4096,1048576,304,6112167254428699125,1621399,11,11,8154595385843253248,8154595385843253248
22,P,20260918,1824,6,measure,42,stride_1,524288,1048576,39684,11717114505810528588,1444731,11,11,10061883979847375520,10061883979847375520
22,P,20260918,1825,6,measure,43,pair_split_line,786432,1048576,72909,12639693956632580446,2532445,11,11,17434659768314961480,17434659768314961480
22,P,20260918,1826,6,measure,44,stride_1_bis,4194304,1048576,148765,15800730143182492840,1877337,11,11,12406089252390561320,12406089252390561320
22,P,20260918,1827,6,measure,45,pair_split_line,49152,1048576,4790,1671332050565242128,1885948,11,11,10117668559259140704,10117668559259140704
22,P,20260918,1828,6,measure,46,stride_4097,8388608,1048576,271447,9156633847444908972,3465023,11,11,18303280461608560459,18303280461608560459
22,P,20260918,1829,6,measure,47,stride_513,49152,1048576,3798,12869202004811103461,1399570,11,11,9764209366394647040,9764209366394647040
22,P,20260918,1830,6,measure,48,stride_17,2097152,1048576,50983,4989025973997185418,1871364,11,11,14577075130308765988,14577075130308765988
22,P,20260918,1831,6,measure,49,stride_4097,393216,1048576,29240,2191320754345909821,1380314,11,11,1660708976363172716,1660708976363172716
22,P,20260918,1832,6,measure,50,stride_4097,67108864,1048576,7094440,410783054271943652,6868631,11,11,2879528417992838978,2879528417992838978
22,P,20260918,1833,6,measure,51,pair_split_line,65536,1048576,3202,5004299622812580343,2031092,11,11,10543586409580749202,10543586409580749202
22,P,20260918,1834,6,measure,52,stride_1,100663296,1048576,6958856,15693610826761014227,1984985,11,11,7591871459796426358,7591871459796426358
22,P,20260918,1835,6,measure,53,pair_same_line,1048576,1048576,42122,508946317775249825,2236828,11,11,9234624933999326870,9234624933999326870
22,P,20260918,1836,6,measure,54,stride_513,33554432,1048576,1289586,12624625862587708189,10147329,11,11,17778949904385156908,17778949904385156908
22,P,20260918,1837,6,measure,55,stride_1_bis,24576,1048576,2191,12028262776287686374,1415201,11,11,13171627290144391457,13171627290144391457
22,P,20260918,1838,6,measure,56,stride_4097,4194304,1048576,43665,4615446204964918511,2099710,11,11,12406089252390561320,12406089252390561320
22,P,20260918,1839,6,measure,57,stride_4097,201326592,1048576,7750859,17710058433114994027,8880365,11,11,17993670787132735751,17993670787132735751
22,P,20260918,1840,6,measure,58,pair_split_line,16384,1048576,1697,15474754551872111623,1891682,11,11,7194244022233424145,7194244022233424145
22,P,20260918,1841,6,measure,59,random,1572864,1048576,101670,15426056719911264617,1851356,11,11,18091493749662531454,18091493749662531454
22,P,20260918,1842,6,measure,60,stride_1,65536,1048576,4437,14585672639927585728,1409569,11,11,16423878549329276288,16423878549329276288
22,P,20260918,1843,6,measure,61,stride_1_bis,16384,1048576,695,3000287444401690033,1410591,11,11,9548053087369131008,9548053087369131008
22,P,20260918,1844,6,measure,62,random,2097152,1048576,258365,12431262122774107484,3782354,11,11,16938941725027614638,16938941725027614638
22,P,20260918,1845,6,measure,63,pair_same_line,2097152,1048576,257796,14783833320326268028,2516706,11,11,157728647990280019,157728647990280019
22,P,20260918,1846,6,measure,64,stride_1_double,4096,2097152,80,13423249893051482231,2797770,11,11,16309190771686506496,16309190771686506496
22,P,20260918,1847,6,measure,65,stride_513,12582912,1048576,1487622,4013255453867075941,7496901,11,11,10120808792106458316,10120808792106458316
22,P,20260918,1848,6,measure,66,stride_1,201326592,1048576,5989856,1570550164518475579,2257962,11,11,951165203780618071,951165203780618071
22,P,20260918,1849,6,measure,67,random,6144,1048576,254,12463097577176246497,1137430,11,11,2808875904739015867,2808875904739015867
22,P,20260918,1850,6,measure,68,pair_split_line,8388608,1048576,897706,16990637237436888914,7123873,11,11,14497994724250042431,14497994724250042431
22,P,20260918,1851,6,measure,69,stride_1_bis,1048576,1048576,97027,17069549722947143107,1381843,11,11,8797231230870489880,8797231230870489880
22,P,20260918,1852,6,measure,70,stride_1_bis,268435456,1048576,14996157,259254116695941125,2007796,11,11,212449949751488438,212449949751488438
22,P,20260918,1853,6,measure,71,stride_513,98304,1048576,10886,16949736909338916789,1470708,11,11,16959111087276692480,16959111087276692480
22,P,20260918,1854,6,measure,72,stride_1_bis,196608,1048576,17721,14946460716956760575,1413058,11,11,4210682796434220002,4210682796434220002
22,P,20260918,1855,6,measure,73,random,268435456,1048576,21625661,311875307472157751,17063989,11,11,1725719993110507367,1725719993110507367
22,P,20260918,1856,6,measure,74,stride_1,24576,1048576,1054,949297719945275726,1363163,11,11,10663759958502902856,10663759958502902856
22,P,20260918,1857,6,measure,75,stride_17,262144,1048576,5183,11230214397971472794,1369027,11,11,3252759155835688704,3252759155835688704
22,P,20260918,1858,6,measure,76,stride_1_double,8192,2097152,923,8431258758920128880,2706454,11,11,233185894918883328,233185894918883328
22,P,20260918,1859,6,measure,77,pair_split_line,1572864,1048576,33947,17479184885562282115,2987643,11,11,16354180348442720752,16354180348442720752
22,P,20260918,1860,6,measure,78,stride_17,49152,1048576,2125,17191218645747280096,1385887,11,11,17816821794017042474,17816821794017042474
22,P,20260918,1861,6,measure,79,random,6291456,1048576,183103,9853321435293589455,5771828,11,11,2997742795492032666,2997742795492032666
22,P,20260918,1862,6,measure,80,stride_1_double,12288,2097152,1460,12953370745749423355,2707093,11,11,16181045547196202418,16181045547196202418
22,P,20260918,1863,6,measure,81,stride_1_double,131072,2097152,673,2760679618495716370,2713644,11,11,15396081144520084480,15396081144520084480
22,P,20260918,1864,6,measure,82,stride_17,24576,1048576,2816,5063956351652175271,1351448,11,11,9092487132813610582,9092487132813610582
22,P,20260918,1865,6,measure,83,stride_1_double,196608,2097152,19669,2066345555627452512,2743705,11,11,1252380548863742679,1252380548863742679
22,P,20260918,1866,6,measure,84,random,32768,1048576,1158,9088556858386777311,1087409,11,11,2308035358218158092,2308035358218158092
22,P,20260918,1867,6,measure,85,stride_1_bis,393216,1048576,10454,13220907342001100015,1353857,11,11,13898131003717744259,13898131003717744259
22,P,20260918,1868,6,measure,86,stride_1,32768,1048576,977,13520166110510775511,1355109,11,11,10598541984122395648,10598541984122395648
22,P,20260918,1869,6,measure,87,random,201326592,1048576,1970417,16114973481897086141,16511117,11,11,13589982838863723855,13589982838863723855
22,P,20260918,1870,6,measure,88,stride_1,131072,1048576,5963,12829139442667931644,1367961,11,11,16921412609114818048,16921412609114818048
22,P,20260918,1871,6,measure,89,stride_1_bis,6144,1048576,676,290017834054154719,1355014,11,11,13445241355470639772,13445241355470639772
22,P,20260918,1872,6,measure,90,stride_1,12288,1048576,1204,7150293367236204410,1353764,11,11,15085441794124921554,15085441794124921554
22,P,20260918,1873,6,measure,91,stride_1,8192,1048576,39,2249982124729996328,1350888,11,11,116592947459441664,116592947459441664
22,P,20260918,1874,6,measure,92,pair_same_line,67108864,1048576,7785862,11865434291379180964,16719624,11,11,3011130049462404844,3011130049462404844
22,P,20260918,1875,6,measure,93,random,131072,1048576,15343,1908485312689869781,1146283,11,11,11050029342126806232,11050029342126806232
22,P,20260918,1876,6,measure,94,stride_1_bis,16777216,1048576,1612824,12856498580871357860,1827673,11,11,18431521887522516639,18431521887522516639
22,P,20260918,1877,6,measure,95,pair_split_line,4194304,1048576,258765,10220811799589820133,4697897,11,11,7450001523761517480,7450001523761517480
22,P,20260918,1878,6,measure,96,pair_split_line,12288,1048576,839,6112573274970419214,1884368,11,11,4322710068972101561,4322710068972101561
22,P,20260918,1879,6,measure,97,stride_1_double,8388608,2097152,154920,9986267047987269346,3330856,11,11,18159816849507569302,18159816849507569302
22,P,20260918,1880,6,measure,98,stride_1_double,268435456,2097152,22695609,1625047518959455083,4020595,11,11,17608456573143399313,17608456573143399313
22,P,20260918,1881,6,measure,99,stride_1_bis,786432,1048576,29688,8595965129569244184,1454719,11,11,7670638959067224605,7670638959067224605
22,P,20260918,1882,6,measure,100,stride_17,393216,1048576,1030,11381503116575723138,1412760,11,11,16985977220416124305,16985977220416124305
22,P,20260918,1883,6,measure,101,stride_513,67108864,1048576,6690269,131926090023860529,11468977,11,11,12488462126837073775,12488462126837073775
22,P,20260918,1884,6,measure,102,stride_513,1048576,1048576,23900,3414820654653289478,1568862,11,11,8797231230870489880,8797231230870489880
22,P,20260918,1885,6,measure,103,stride_1_double,134217728,2097152,10762020,13115677407628596857,4124985,11,11,5868627345529335497,5868627345529335497
22,P,20260918,1886,6,measure,104,stride_4097,1048576,1048576,58549,5572120581952166609,1452872,11,11,8797231230870489880,8797231230870489880
22,P,20260918,1887,6,measure,105,pair_split_line,50331648,1048576,614997,12368718173818759170,21484539,11,11,10624189110340820951,10624189110340820951
22,P,20260918,1888,6,measure,106,stride_513,4194304,1048576,241158,7364304643247189768,2949607,11,11,12406089252390561320,12406089252390561320
22,P,20260918,1889,6,measure,107,stride_1_bis,100663296,1048576,9858157,7680954963674126616,1843417,11,11,16217730498266660942,16217730498266660942
22,P,20260918,1890,6,measure,108,stride_1,786432,1048576,19275,7412968998678734200,1364766,11,11,11362521004545796087,11362521004545796087
22,P,20260918,1891,6,measure,109,pair_split_line,6291456,1048576,329577,6453932177794035261,5440017,11,11,5664339180289255351,5664339180289255351
22,P,20260918,1892,6,measure,110,stride_1_bis,32768,1048576,2537,3545852830948079517,1352906,11,11,10598541984122395648,10598541984122395648
22,P,20260918,1893,6,measure,111,pair_split_line,25165824,1048576,1150207,2337294435998977920,14461655,11,11,10538730427236765986,10538730427236765986
22,P,20260918,1894,6,measure,112,stride_1_double,1572864,2097152,66692,4233641769602211249,2812195,11,11,12271732620614923445,12271732620614923445
22,P,20260918,1895,6,measure,113,stride_17,12288,1048576,964,14085891418265213197,1380501,11,11,7210555189390662835,7210555189390662835
22,P,20260918,1896,6,measure,114,random,8388608,1048576,758444,12235033141592269753,7118044,11,11,16275453954226690890,16275453954226690890
22,P,20260918,1897,6,measure,115,stride_1_bis,3145728,1048576,40931,10826839734202100674,1584159,11,11,10422848945091439233,10422848945091439233
22,P,20260918,1898,6,measure,116,stride_4097,12288,1048576,599,16914135847359647150,1355814,11,11,10173260620988179823,10173260620988179823
22,P,20260918,1899,6,measure,117,stride_17,268435456,1048576,22718699,11401204945635427143,8826116,11,11,9718501586991467417,9718501586991467417
22,P,20260918,1900,6,measure,118,stride_1_bis,50331648,1048576,2558622,18336276021624689385,1666705,11,11,3470340408048078118,3470340408048078118
22,P,20260918,1901,6,measure,119,stride_513,393216,1048576,8009,5042068638083687545,1451155,11,11,14269622657413644288,14269622657413644288
22,P,20260918,1902,6,measure,120,stride_17,6144,1048576,102,2171263700916649418,1355504,11,11,15444615826049953208,15444615826049953208
22,P,20260918,1903,6,measure,121,stride_17,16384,1048576,1912,11845038411227675959,1354458,11,11,9548053087369131008,9548053087369131008
22,P,20260918,1904,6,measure,122,pair_split_line,8192,1048576,417,16546269473287482587,1893265,11,11,6260097021514483841,6260097021514483841
22,P,20260918,1905,6,measure,123,pair_split_line,67108864,1048576,7651390,12309666053600095559,19097990,11,11,11652984476870741640,11652984476870741640
22,P,20260918,1906,6,measure,124,stride_1,6291456,1048576,190019,945722913030390419,1651648,11,11,9218412454046101683,9218412454046101683
22,P,20260918,1907,6,measure,125,stride_1_double,33554432,2097152,37777,17672984395680127987,4009277,11,11,17154561768264801877,17154561768264801877
22,P,20260918,1908,6,measure,126,pair_same_line,24576,1048576,1975,12915143818951709487,1628928,11,11,15345605961017489696,15345605961017489696
22,P,20260918,1909,6,measure,127,stride_1_bis,49152,1048576,626,8174039532613541730,1382406,11,11,12823399065789699057,12823399065789699057
22,P,20260918,1910,6,measure,128,stride_4097,65536,1048576,3395,10125117269041741041,1485897,11,11,16423878549329276288,16423878549329276288
22,P,20260918,1911,6,measure,129,random,50331648,1048576,3655512,14614408004761892330,13756313,11,11,10821962336139684335,10821962336139684335
22,P,20260918,1912,6,measure,130,stride_513,196608,1048576,17057,14303722172033269827,1599667,11,11,8126674812445135616,8126674812445135616
22,P,20260918,1913,6,measure,131,stride_513,268435456,1048576,10223225,2074922738429746838,12783811,11,11,1312124652901834951,1312124652901834951
22,P,20260918,1914,6,measure,132,stride_1,3145728,1048576,188578,8716958195567683106,2098679,11,11,17806939312337680651,17806939312337680651
22,P,20260918,1915,6,measure,133,stride_1,196608,1048576,20752,11224264528824124543,1656312,11,11,15702636520356377125,15702636520356377125
22,P,20260918,1916,6,measure,134,stride_513,201326592,1048576,18284734,4178371846766017759,13653608,11,11,17269977543123848536,17269977543123848536
22,P,20260918,1917,6,measure,135,random,49152,1048576,3974,26468762861437101,1734170,11,11,330900566468088678,330900566468088678
22,P,20260918,1918,6,measure,136,stride_513,4096,1048576,316,3549586549740576861,1840276,11,11,8154595385843253248,8154595385843253248
22,P,20260918,1919,6,measure,137,stride_1,33554432,1048576,2217386,6648047214882838529,2469175,11,11,2609029135597325693,2609029135597325693
22,P,20260918,1920,6,measure,138,pair_split_line,524288,1048576,40693,1234648551409627787,3085393,11,11,17531488226570485942,17531488226570485942
22,P,20260918,1921,6,measure,139,stride_1_double,49152,2097152,3953,6300479148794486915,3250940,11,11,15051787497408284133,15051787497408284133
22,P,20260918,1922,6,measure,140,stride_1_double,1048576,2097152,7149,16699927248172924898,2992716,11,11,17594462461740979760,17594462461740979760
22,P,20260918,1923,6,measure,141,random,12288,1048576,637,3115119619555464461,1130250,11,11,16622685496664203391,16622685496664203391
22,P,20260918,1924,6,measure,142,stride_4097,6144,1048576,350,962056328335891652,1421920,11,11,14479204411225964425,14479204411225964425
22,P,20260918,1925,6,measure,143,stride_1_bis,12288,1048576,964,14324322663106205391,1395340,11,11,9189529159824758103,9189529159824758103
22,P,20260918,1926,6,measure,144,random,134217728,1048576,8818688,13528791154606023666,16302757,11,11,8860703594093140329,8860703594093140329
22,P,20260918,1927,6,measure,145,stride_513,50331648,1048576,3380579,16823105305460139483,13358080,11,11,3507022816711201567,3507022816711201567
22,P,20260918,1928,6,measure,146,stride_1_bis,201326592,1048576,7418031,13732124545237667336,2414619,11,11,3820529323115825865,3820529323115825865
22,P,20260918,1929,6,measure,147,stride_4097,268435456,1048576,32637849,17258514839287067641,8523202,11,11,10594778774765804979,10594778774765804979
22,P,20260918,1930,6,measure,148,pair_same_line,12288,1048576,1232,3135839943611050213,2399042,11,11,12901627230543876016,12901627230543876016
22,P,20260918,1931,6,measure,149,stride_4097,100663296,1048576,10246388,14755252666019998644,9711684,11,11,8955613882467595281,8955613882467595281
22,P,20260918,1932,6,measure,150,stride_17,1048576,1048576,42330,4684104804805545345,2398802,11,11,8797231230870489880,8797231230870489880
22,P,20260918,1933,6,measure,151,stride_17,201326592,1048576,22244759,6236296802556594692,10585352,11,11,1457076349670494538,1457076349670494538
22,P,20260918,1934,6,measure,152,stride_513,65536,1048576,4978,8474145945338688185,2314669,11,11,16423878549329276288,16423878549329276288
22,P,20260918,1935,6,measure,153,random,33554432,1048576,1193809,7558787398614458077,15452250,11,11,13178464448819787874,13178464448819787874
22,P,20260918,1936,6,measure,154,stride_513,32768,1048576,1953,3038554211339531717,2425566,11,11,10598541984122395648,10598541984122395648
22,P,20260918,1937,6,measure,155,stride_17,100663296,1048576,2566318,9738810466162414710,10471465,11,11,9030552793603455532,9030552793603455532
22,P,20260918,1938,6,measure,156,pair_same_line,393216,1048576,11253,15709746971281894588,3135400,11,11,15670821964096440363,15670821964096440363
22,P,20260918,1939,6,measure,157,pair_split_line,262144,1048576,10609,7947770812305426545,2882907,11,11,594538846936475444,594538846936475444
22,P,20260918,1940,6,measure,158,pair_split_line,98304,1048576,5476,16860043617502425474,2687666,11,11,11069098340947258279,11069098340947258279
22,P,20260918,1941,6,measure,159,pair_split_line,3145728,1048576,119126,5568531595444179674,6128660,11,11,2579120823632145240,2579120823632145240
22,P,20260918,1942,6,measure,160,stride_1_double,4194304,2097152,301256,14139071796516469006,3513273,11,11,6365434431071571024,6365434431071571024
22,P,20260918,1943,6,measure,161,random,524288,1048576,19396,2994984764434397530,1440139,11,11,18215851652416701822,18215851652416701822
22,P,20260918,1944,6,measure,162,stride_17,4194304,1048576,341512,12649345223211516727,3897435,11,11,12406089252390561320,12406089252390561320
22,P,20260918,1945,6,measure,163,stride_1_double,65536,2097152,5219,7879016384720002968,3180564,11,11,14401013024949000960,14401013024949000960
22,P,20260918,1946,6,measure,164,stride_4097,16384,1048576,119,10144143971255518384,1489990,11,11,9548053087369131008,9548053087369131008
22,P,20260918,1947,6,measure,165,random,100663296,1048576,576404,11743584246801995125,16965889,11,11,9912400075075880390,9912400075075880390
22,P,20260918,1948,6,measure,166,pair_same_line,98304,1048576,11330,501073186269892696,2465178,11,11,468329371291247766,468329371291247766
22,P,20260918,1949,6,measure,167,stride_1_double,16777216,2097152,1889301,12201665712516659340,4951550,11,11,12841062978479921428,12841062978479921428
22,P,20260918,1950,6,measure,168,stride_4097,98304,1048576,3306,3679588049708005248,1740936,11,11,13949844606599547842,13949844606599547842
22,P,20260918,1951,6,measure,169,stride_1,49152,1048576,5824,15595716316160194804,1563541,11,11,7979458624703580608,7979458624703580608
22,P,20260918,1952,6,measure,170,stride_513,100663296,1048576,5148736,18443448189545363676,13879203,11,11,12028023272658851289,12028023272658851289
22,P,20260918,1953,6,measure,171,random,1048576,1048576,16409,16281943851377251792,1838954,11,11,3397600423800480318,3397600423800480318
22,P,20260918,1954,6,measure,172,random,16777216,1048576,1218215,1334998911602707517,11982670,11,11,15143675773423863863,15143675773423863863
22,P,20260918,1955,6,measure,173,stride_513,16777216,1048576,789258,2277321670296223540,7931036,11,11,16161736346125447756,16161736346125447756
22,P,20260918,1956,6,measure,174,stride_1_double,201326592,2097152,9166835,16705925092556575734,5281770,11,11,11046375649298935734,11046375649298935734
22,P,20260918,1957,6,measure,175,stride_1,6144,1048576,21,6839354713029516036,1700609,11,11,2678156071616219006,2678156071616219006
22,P,20260918,1958,6,measure,176,stride_1_double,393216,2097152,19271,18051548686995536741,3407307,11,11,179658983949295226,179658983949295226
22,P,20260918,1959,6,measure,177,pair_same_line,6291456,1048576,487960,11756751688604450938,7944510,11,11,14197880326251199198,14197880326251199198
22,P,20260918,1960,6,measure,178,stride_1_double,32768,2097152,2116,10191153275563645686,3349654,11,11,2750339894535239680,2750339894535239680
22,P,20260918,1961,6,measure,179,pair_split_line,134217728,1048576,2683510,10598850989986706557,26695202,11,11,17323742066746901516,17323742066746901516
22,P,20260918,1962,6,measure,180,stride_513,8388608,1048576,389010,10309351360816137285,4610396,11,11,18303280461608560459,18303280461608560459
22,P,20260918,1963,6,measure,181,stride_4097,6291456,1048576,494135,4817509710509059955,2383089,11,11,164428097248707130,164428097248707130
22,P,20260918,1964,6,measure,182,stride_4097,524288,1048576,14307,6782735583006629108,1819423,11,11,10061883979847375520,10061883979847375520
22,P,20260918,1965,6,measure,183,stride_1,50331648,1048576,4164078,2745574414944616306,2628335,11,11,18262859716250676902,18262859716250676902
22,P,20260918,1966,6,measure,184,pair_same_line,3145728,1048576,197395,9275680278117136060,3252773,11,11,16098801474674178092,16098801474674178092
22,P,20260918,1967,6,measure,185,stride_1_double,25165824,2097152,1293369,12714884713973860053,4814006,11,11,12363624867081941886,12363624867081941886
22,P,20260918,1968,6,measure,186,pair_same_line,6144,1048576,551,3104378488658045954,1945224,11,11,16417762929345458330,16417762929345458330
22,P,20260918,1969,6,measure,187,stride_17,32768,1048576,1246,8722287232334467920,1468916,11,11,10598541984122395648,10598541984122395648
22,P,20260918,1970,6,measure,188,stride_513,12288,1048576,662,4935983174557052947,1430349,11,11,9502424420678940672,9502424420678940672
22,P,20260918,1971,6,measure,189,stride_4097,131072,1048576,4663,10990600196740131633,1441578,11,11,16921412609114818048,16921412609114818048
22,P,20260918,1972,6,measure,190,pair_same_line,131072,1048576,16195,13893204741263746433,1828595,11,11,18092966897130965893,18092966897130965893
22,P,20260918,1973,6,measure,191,stride_4097,32768,1048576,1938,3784814452373540220,1407408,11,11,10598541984122395648,10598541984122395648
22,P,20260918,1974,6,measure,192,stride_513,131072,1048576,15141,12596051271490683917,1452493,11,11,16921412609114818048,16921412609114818048
22,P,20260918,1975,6,measure,193,stride_1_double,524288,2097152,14562,11804738386616410600,2818471,11,11,1677023885985199424,1677023885985199424
22,P,20260918,1976,6,measure,194,random,8192,1048576,914,10444448538156622419,1139422,11,11,1423847062691495128,1423847062691495128
22,P,20260918,1977,6,measure,195,stride_17,8388608,1048576,534577,6827198617588469526,3785594,11,11,18303280461608560459,18303280461608560459
22,P,20260918,1978,6,measure,196,random,12582912,1048576,684088,8132335785023227979,8480189,11,11,17529737979853817948,17529737979853817948
22,P,20260918,1979,6,measure,197,pair_split_line,32768,1048576,2476,9820772304324953452,1889759,11,11,4271153497397468615,4271153497397468615
22,P,20260918,1980,6,measure,198,stride_1_double,262144,2097152,18289,6798996736249541623,2802353,11,11,6505518311671377408,6505518311671377408
22,P,20260918,1981,6,measure,199,stride_513,3145728,1048576,123325,1034338891641814293,1954869,11,11,4696861105486946824,4696861105486946824
22,P,20260918,1982,6,measure,200,pair_same_line,4194304,1048576,191779,11612414103154434949,2959602,11,11,16241699303970394321,16241699303970394321
22,P,20260918,1983,6,measure,201,pair_same_line,262144,1048576,21407,8942399226816740324,1815212,11,11,5924777278886559871,5924777278886559871
22,P,20260918,1984,6,measure,202,stride_4097,1572864,1048576,149882,18342598770722181262,1457443,11,11,18223273386031795862,18223273386031795862
22,P,20260918,1985,6,measure,203,stride_513,1572864,1048576,164934,2447697121166452942,1481133,11,11,15346159349426821392,15346159349426821392
22,P,20260918,1986,6,measure,204,stride_1_bis,134217728,1048576,8957962,11503101469965664314,2153654,11,11,461344587485865671,461344587485865671
22,P,20260918,1987,6,measure,205,random,262144,1048576,2547,5940420803421314797,1183205,11,11,1967913299957889551,1967913299957889551
22,P,20260918,1988,6,measure,206,pair_same_line,32768,1048576,3122,2824746893504341170,1631038,11,11,15756964365183252990,15756964365183252990
22,P,20260918,1989,6,measure,207,stride_4097,196608,1048576,2933,6182175926636609799,1440181,11,11,9303967965192030534,9303967965192030534
22,P,20260918,1990,6,measure,208,stride_1_double,100663296,2097152,9187437,3274951998120447948,4345166,11,11,4037495692443644575,4037495692443644575
22,P,20260918,1991,6,measure,209,pair_same_line,196608,1048576,19751,3388612731512935359,1813831,11,11,1390729851990316293,1390729851990316293
22,P,20260918,1992,6,measure,210,stride_1_bis,6291456,1048576,33793,18264041419942353783,2113881,11,11,16509333067079760556,16509333067079760556
22,P,20260918,1993,6,measure,211,stride_17,50331648,1048576,4023191,12855465829221236022,8222391,11,11,13700056661303167903,13700056661303167903
22,P,20260918,1994,6,measure,212,stride_1_double,98304,2097152,6884,18426322528143728685,2737532,11,11,15829641379768889488,15829641379768889488
22,P,20260918,1995,6,measure,213,stride_1_bis,98304,1048576,1371,7606789793865891643,1351746,11,11,1802443412522339893,1802443412522339893
22,P,20260918,1996,6,measure,214,stride_1_double,786432,2097152,77429,8810009724389844732,2738833,11,11,7120243504481257161,7120243504481257161
22,P,20260918,1997,6,measure,215,stride_1,393216,1048576,2125,2897848566718217850,1351885,11,11,14045372396398380617,14045372396398380617
22,P,20260918,1998,6,measure,216,stride_1_double,16384,2097152,1564,7059787340122301391,2704604,11,11,649362101028710400,649362101028710400
22,P,20260918,1999,6,measure,217,stride_1_bis,65536,1048576,7442,9713606232374462404,1356013,11,11,16423878549329276288,16423878549329276288
22,P,20260918,2000,6,measure,218,pair_split_line,268435456,1048576,30851850,10228131357938563881,20977140,11,11,7781749656716405308,7781749656716405308
22,P,20260918,2001,6,measure,219,stride_4097,2097152,1048576,106537,13827470110792337114,1551609,11,11,14577075130308765988,14577075130308765988
22,P,20260918,2002,6,measure,220,pair_same_line,16384,1048576,1204,8710857750012246556,1634850,11,11,16902458143013894633,16902458143013894633
22,P,20260918,2003,6,measure,221,stride_4097,134217728,1048576,12708251,8489663699903801167,7014922,11,11,9005464238637142350,9005464238637142350
22,P,20260918,2004,6,measure,222,random,196608,1048576,17933,15349418870034569916,1145811,11,11,822353250905319617,822353250905319617
22,P,20260918,2005,6,measure,223,stride_513,2097152,1048576,105597,8878314476587624435,2268733,11,11,14577075130308765988,14577075130308765988
22,P,20260918,2006,6,measure,224,pair_same_line,50331648,1048576,4830625,12816166140419024584,16872025,11,11,9962041487569639153,9962041487569639153
22,P,20260918,2007,6,measure,225,stride_4097,262144,1048576,31861,3480405300466971408,1411003,11,11,3252759155835688704,3252759155835688704
22,P,20260918,2008,6,measure,226,stride_17,16777216,1048576,811036,11952363812968826490,6057825,11,11,17278121689662488019,17278121689662488019
22,P,20260918,2009,6,measure,227,stride_4097,3145728,1048576,357883,10937270605953034034,1769658,11,11,5699988594395558834,5699988594395558834
22,P,20260918,2010,6,measure,228,stride_4097,25165824,1048576,635787,2315165360376103193,7209640,11,11,17077661798824449062,17077661798824449062
22,P,20260918,2011,6,measure,229,stride_513,25165824,1048576,3071135,5118648704379939386,7162428,11,11,11886943178879158261,11886943178879158261
22,P,20260918,2012,6,measure,230,stride_1,16777216,1048576,629970,8830147376253067498,1952717,11,11,403829305550347218,403829305550347218
22,P,20260918,2013,6,measure,231,stride_4097,24576,1048576,91,6132663274580354550,1439478,11,11,6680252099742170591,6680252099742170591
22,P,20260918,2014,6,measure,232,stride_1_double,67108864,2097152,574881,2025006444735538537,3885596,11,11,9929384400779491964,9929384400779491964
22,P,20260918,2015,6,measure,233,stride_1,98304,1048576,10719,1844915485704605175,1361864,11,11,9173131706077797114,9173131706077797114
22,P,20260918,2016,6,measure,234,pair_split_line,12582912,1048576,897093,3889765032640095873,8497090,11,11,14867425058523124308,14867425058523124308
22,P,20260918,2017,6,measure,235,stride_17,67108864,1048576,2886902,6245309291449668942,8434455,11,11,15906895906197604822,15906895906197604822
22,P,20260918,2018,6,measure,236,pair_split_line,196608,1048576,15009,10664674660332662231,2291337,11,11,8314050416899694186,8314050416899694186
22,P,20260918,2019,6,measure,237,stride_513,134217728,1048576,2800548,14179456711875712884,11023353,11,11,13998149398592663734,13998149398592663734
22,P,20260918,2020,6,measure,238,random,3145728,1048576,271751,4649986481476328144,4118806,11,11,10193147946030654696,10193147946030654696
22,P,20260918,2021,6,measure,239,random,16384,1048576,438,17120229005795821781,1181470,11,11,5034640867053301256,5034640867053301256
22,P,20260918,2022,6,measure,240,stride_17,6291456,1048576,327183,6622503518614895181,4721911,11,11,7605932240505185597,7605932240505185597
22,P,20260918,2023,6,measure,241,stride_17,12582912,1048576,1205018,9422774885250411194,5590601,11,11,8455372080013621574,8455372080013621574
22,P,20260918,2024,6,measure,242,stride_1_bis,1572864,1048576,86690,15143601715636868817,1464057,11,11,11366047931227000939,11366047931227000939
22,P,20260918,2025,6,measure,243,pair_same_line,268435456,1048576,12399245,4366681949168813512,19300957,11,11,7528883367914874912,7528883367914874912
22,P,20260918,2026,6,measure,244,stride_1_bis,12582912,1048576,588676,745203614415809957,2035581,11,11,5490810352212699357,5490810352212699357
22,P,20260918,2027,6,measure,245,pair_same_line,786432,1048576,67473,11327746190543671663,2590885,11,11,9115607646261706976,9115607646261706976
22,P,20260918,2028,6,measure,246,stride_1,4194304,1048576,309117,18178886364777632899,1921438,11,11,12406089252390561320,12406089252390561320
22,P,20260918,2029,6,measure,247,pair_same_line,524288,1048576,62709,4727557052672968510,2204755,11,11,14156755626398101138,14156755626398101138
22,P,20260918,2030,6,measure,248,random,67108864,1048576,2091704,17649201951591859641,16082534,11,11,3872417617355165829,3872417617355165829
22,P,20260918,2031,6,measure,249,stride_513,24576,1048576,919,13413866436482373334,1876428,11,11,1712612578793322496,1712612578793322496
22,P,20260918,2032,6,measure,250,pair_split_line,24576,1048576,279,2153003512559110650,2482602,11,11,11024786514594701514,11024786514594701514
22,P,20260918,2033,6,measure,251,stride_1,25165824,1048576,149409,11133900230173721600,2571852,11,11,10387849113022611918,10387849113022611918
22,P,20260918,2034,6,measure,252,stride_4097,12582912,1048576,185290,2014422532041019673,6106387,11,11,5210469205765660684,5210469205765660684
22,P,20260918,2035,6,measure,253,stride_1_double,3145728,2097152,107182,11867847991407075410,3350750,11,11,5989428019336691939,5989428019336691939
22,P,20260918,2036,6,measure,254,stride_17,134217728,1048576,4557729,815697294680111325,8933312,11,11,7438949408580873579,7438949408580873579
22,P,20260918,2037,6,measure,255,stride_17,65536,1048576,1986,6314295664755897912,1670056,11,11,16423878549329276288,16423878549329276288
22,P,20260918,2038,6,measure,256,stride_1_double,12582912,2097152,1183922,552730184699778363,4271176,11,11,1681724227020767615,1681724227020767615
22,P,20260918,2039,6,measure,257,pair_same_line,33554432,1048576,1313755,3212663450802799898,15449438,11,11,4628526029375364632,4628526029375364632
22,P,20260918,2040,6,measure,258,pair_split_line,100663296,1048576,1638161,12823770668139917946,26032428,11,11,10478297189935302840,10478297189935302840
22,P,20260918,2041,6,measure,259,stride_1_bis,25165824,1048576,1477468,15174095371359978464,2721811,11,11,16541782475146112895,16541782475146112895
22,P,20260918,2042,6,measure,260,stride_1,262144,1048576,15586,11573961888554872383,1842935,11,11,3252759155835688704,3252759155835688704
22,P,20260918,2043,6,measure,261,pair_same_line,49152,1048576,5751,6908353198982337004,2032709,11,11,4607612288435305496,4607612288435305496
22,P,20260918,2044,6,measure,262,stride_1,8388608,1048576,214382,9854708032362721120,2276297,11,11,18303280461608560459,18303280461608560459
22,P,20260918,2045,6,measure,263,pair_same_line,16777216,1048576,505333,10004021464354211155,14106295,11,11,7246530360609207359,7246530360609207359
22,P,20260918,2046,6,measure,264,stride_513,6144,1048576,171,5862373481342489321,1998903,11,11,6498767571919667200,6498767571919667200
22,P,20260918,2047,6,measure,265,pair_same_line,201326592,1048576,17484276,15689573863390421140,20821025,11,11,1454867356626968959,1454867356626968959
22,P,20260918,2048,6,measure,266,stride_4097,786432,1048576,16313,15631961225624556801,2444095,11,11,10223661474618037752,10223661474618037752
22,P,20260918,2049,6,measure,267,stride_4097,33554432,1048576,2796170,6411700484932154523,8684414,11,11,15260053487424262919,15260053487424262919
22,P,20260918,2050,6,measure,268,stride_1_bis,33554432,1048576,2760615,3401652355716163435,2501696,11,11,17212376548517623684,17212376548517623684
22,P,20260918,2051,6,measure,269,pair_same_line,12582912,1048576,453186,12888490673239350043,15530027,11,11,2230415843486536192,2230415843486536192
22,P,20260918,2052,6,measure,270,pair_split_line,1048576,1048576,67544,1171502700525051604,4308533,11,11,4504138351967261850,4504138351967261850
22,P,20260918,2053,6,measure,271,stride_513,524288,1048576,39788,5201282826075653190,1921938,11,11,10061883979847375520,10061883979847375520
22,P,20260918,2054,6,measure,272,random,24576,1048576,1868,5122236845136228859,1384720,11,11,1103982878422127888,1103982878422127888
22,P,20260918,2055,6,measure,273,stride_1_double,24576,2097152,1519,3414494842662427766,3419016,11,11,14450375647759096077,14450375647759096077
22,P,20260918,2056,6,measure,274,stride_1,2097152,1048576,21672,11344986297939501646,1964000,11,11,14577075130308765988,14577075130308765988
22,P,20260918,2057,6,measure,275,stride_1_bis,67108864,1048576,3746023,7400714258138499147,2447319,11,11,976640054791015341,976640054791015341
22,P,20260918,2058,6,measure,276,stride_4097,16777216,1048576,1497066,16715022119557476820,7825845,11,11,3859563417859851757,3859563417859851757
22,P,20260918,2059,6,measure,277,stride_1,12582912,1048576,732178,12625503620030352814,2230590,11,11,2154499212028018134,2154499212028018134
22,P,20260918,2060,6,measure,278,stride_1,1572864,1048576,114639,6960667101311017009,1750672,11,11,8903498367646286931,8903498367646286931
22,P,20260918,2061,6,measure,279,random,25165824,1048576,2760965,3615560615043938650,13112508,11,11,6372607620389219210,6372607620389219210
22,P,20260918,2062,6,measure,280,random,393216,1048576,9791,6320222159592731502,1593668,11,11,1652803758748541668,1652803758748541668
22,P,20260918,2063,6,measure,281,stride_513,16384,1048576,536,6468708647364897461,1807738,11,11,9548053087369131008,9548053087369131008
22,P,20260918,2064,6,measure,282,stride_17,524288,1048576,19465,15519316442542936523,1750927,11,11,10061883979847375520,10061883979847375520
22,P,20260918,2065,6,measure,283,stride_4097,50331648,1048576,2776673,2210645748209042324,8936521,11,11,15422915348330205129,15422915348330205129
22,P,20260918,2066,6,measure,284,stride_1_bis,8388608,1048576,81391,1897180899131761308,2537928,11,11,18303280461608560459,18303280461608560459
22,P,20260918,2067,6,measure,285,stride_17,8192,1048576,339,8190645197645302368,1738382,11,11,116592947459441664,116592947459441664
22,P,20260918,2068,6,measure,286,stride_17,4096,1048576,171,14611353812824110403,1661275,11,11,8154595385843253248,8154595385843253248
22,P,20260918,2069,6,measure,287,stride_4097,8192,1048576,212,502161057372331289,1612268,11,11,116592947459441664,116592947459441664
22,P,20260918,2070,6,measure,288,random,786432,1048576,85675,4465428824562434292,1357431,11,11,16160662968890489349,16160662968890489349
22,P,20260918,2071,6,measure,289,stride_1_double,6144,2097152,310,10025082691734333967,2948798,11,11,4297672494557979376,4297672494557979376
22,P,20260918,2072,6,measure,290,pair_split_line,131072,1048576,4075,17949072718489100119,2274182,11,11,1134685175053328696,1134685175053328696
22,P,20260918,2073,6,measure,291,random,4194304,1048576,519231,10123211304197740387,4622072,11,11,14173472601711385682,14173472601711385682
22,P,20260918,2074,6,measure,292,pair_split_line,6144,1048576,723,10446120670812769586,1883993,11,11,11211295727381807371,11211295727381807371
22,P,20260918,2075,6,measure,293,stride_513,8192,1048576,325,787405098453176938,1383171,11,11,116592947459441664,116592947459441664
22,P,20260918,2076,6,measure,294,stride_17,3145728,1048576,109527,6868066278005588892,2494079,11,11,6227541081966863627,6227541081966863627
22,P,20260918,2077,6,measure,295,stride_1_bis,262144,1048576,11129,4636135526108466950,1411777,11,11,3252759155835688704,3252759155835688704
22,P,20260918,2078,6,measure,296,stride_1,268435456,1048576,7956798,12926819307759851441,1881167,11,11,2151849031102738629,2151849031102738629
22,P,20260918,2079,7,measure,0,stride_513,12582912,1048576,1543596,16323812187768288208,6358122,11,11,10120808792106458316,10120808792106458316
22,P,20260918,2080,7,measure,1,stride_513,3145728,1048576,15177,6969271672122360660,1464635,11,11,11181227820694052192,11181227820694052192
22,P,20260918,2081,7,measure,2,random,49152,1048576,831,3649340898336885252,1092863,11,11,6442338494594058589,6442338494594058589
22,P,20260918,2082,7,measure,3,stride_1_bis,4096,1048576,315,1445064343909839785,1352424,11,11,8154595385843253248,8154595385843253248
22,P,20260918,2083,7,measure,4,stride_1_double,1572864,2097152,189836,14269542383963917299,2727955,11,11,10470362424846862280,10470362424846862280
22,P,20260918,2084,7,measure,5,random,131072,1048576,2730,10698108859452359457,1127518,11,11,4969204742292593997,4969204742292593997
22,P,20260918,2085,7,measure,6,pair_split_line,268435456,1048576,24008117,6270998773080918551,28205969,11,11,11809740346786752975,11809740346786752975
22,P,20260918,2086,7,measure,7,stride_17,201326592,1048576,965150,11629710781675281066,8188725,11,11,5109970295711507090,5109970295711507090
22,P,20260918,2087,7,measure,8,random,16777216,1048576,1929132,10741514105956099382,11307002,11,11,8569306832272902214,8569306832272902214
22,P,20260918,2088,7,measure,9,random,98304,1048576,7207,13237739988674510110,1635261,11,11,3880265740148877445,3880265740148877445
22,P,20260918,2089,7,measure,10,stride_1_bis,100663296,1048576,2695133,2108158401954392123,2235136,11,11,12991626675848477596,12991626675848477596
22,P,20260918,2090,7,measure,11,pair_split_line,3145728,1048576,14624,4892666473766466484,4914521,11,11,17995093748074042186,17995093748074042186
22,P,20260918,2091,7,measure,12,pair_same_line,50331648,1048576,2012483,9133287397867381334,16499796,11,11,4215508839245443438,4215508839245443438
22,P,20260918,2092,7,measure,13,stride_513,16384,1048576,1384,14846098884656959787,1892005,11,11,9548053087369131008,9548053087369131008
22,P,20260918,2093,7,measure,14,stride_1_bis,8192,1048576,42,9416373447536354147,1872853,11,11,116592947459441664,116592947459441664
22,P,20260918,2094,7,measure,15,stride_4097,4096,1048576,124,16403237998890561803,1695914,11,11,8154595385843253248,8154595385843253248
22,P,20260918,2095,7,measure,16,stride_17,4194304,1048576,472822,16789627280694794028,3687351,11,11,12406089252390561320,12406089252390561320
22,P,20260918,2096,7,measure,17,pair_split_line,100663296,1048576,12507426,13265283673954998236,25600203,11,11,12641955732225122477,12641955732225122477
22,P,20260918,2097,7,measure,18,pair_same_line,16777216,1048576,276524,4200912585234587650,15275867,11,11,1943995788736288416,1943995788736288416
22,P,20260918,2098,7,measure,19,pair_same_line,131072,1048576,8737,18317087928856005240,2946339,11,11,6474905137799739745,6474905137799739745
22,P,20260918,2099,7,measure,20,stride_1_double,12582912,2097152,1217191,3478565807076703712,5079686,11,11,442720956621873602,442720956621873602
22,P,20260918,2100,7,measure,21,stride_513,2097152,1048576,217986,17052566073249004827,2785098,11,11,14577075130308765988,14577075130308765988
22,P,20260918,2101,7,measure,22,pair_same_line,8192,1048576,812,11582836577176994812,2146579,11,11,17317905447011960364,17317905447011960364
22,P,20260918,2102,7,measure,23,stride_513,393216,1048576,34616,2602797498480438907,1799741,11,11,14269622657413644288,14269622657413644288
22,P,20260918,2103,7,measure,24,random,393216,1048576,29637,1776365011052575407,1472651,11,11,13909039233959386195,13909039233959386195
22,P,20260918,2104,7,measure,25,stride_4097,100663296,1048576,1732333,18279224627646367985,9159114,11,11,933217170986535650,933217170986535650
22,P,20260918,2105,7,measure,26,random,50331648,1048576,2776165,7784107799336718943,15692422,11,11,8308090460329789739,8308090460329789739
22,P,20260918,2106,7,measure,27,stride_1_bis,98304,1048576,3199,13637734479108596471,2174312,11,11,9928214391217207548,9928214391217207548
22,P,20260918,2107,7,measure,28,stride_4097,16384,1048576,672,6136154444916889717,1874078,11,11,9548053087369131008,9548053087369131008
22,P,20260918,2108,7,measure,29,stride_4097,65536,1048576,3105,4539625999109983579,1780981,11,11,16423878549329276288,16423878549329276288
22,P,20260918,2109,7,measure,30,stride_1_double,24576,2097152,2333,14301399200620492374,3399185,11,11,9108717818571160122,9108717818571160122
22,P,20260918,2110,7,measure,31,pair_same_line,32768,1048576,3226,13966839075994581158,2082293,11,11,1890719671744770241,1890719671744770241
22,P,20260918,2111,7,measure,32,stride_1_double,100663296,2097152,5662713,5458997492590786349,4579997,11,11,6514618099188814494,6514618099188814494
22,P,20260918,2112,7,measure,33,stride_17,24576,1048576,424,11902978012391021372,1595393,11,11,14765100101977386878,14765100101977386878
22,P,20260918,2113,7,measure,34,stride_1,33554432,1048576,3197523,12732384635384154423,2144554,11,11,11309086644403163144,11309086644403163144
22,P,20260918,2114,7,measure,35,stride_1_double,8192,2097152,936,7515404189461453850,2754428,11,11,233185894918883328,233185894918883328
22,P,20260918,2115,7,measure,36,pair_same_line,98304,1048576,1020,10813755809790421766,1769539,11,11,10758675524609207428,10758675524609207428
22,P,20260918,2116,7,measure,37,stride_513,201326592,1048576,12377571,16228859389035898211,13737553,11,11,2028799294268339353,2028799294268339353
22,P,20260918,2117,7,measure,38,stride_4097,134217728,1048576,6444862,3223181876667080713,7588851,11,11,12364476112765889504,12364476112765889504
22,P,20260918,2118,7,measure,39,stride_17,8192,1048576,319,17764456811971293898,1698517,11,11,116592947459441664,116592947459441664
22,P,20260918,2119,7,measure,40,stride_1_double,12288,2097152,442,17131739738340335837,3277230,11,11,2988894348951175310,2988894348951175310
22,P,20260918,2120,7,measure,41,stride_17,6144,1048576,663,4296571506241789665,1558904,11,11,6758214520959363596,6758214520959363596
22,P,20260918,2121,7,measure,42,stride_1_double,6291456,2097152,651940,14739121184533179421,4106519,11,11,16796953931797196663,16796953931797196663
22,P,20260918,2122,7,measure,43,stride_1_double,16777216,2097152,553590,12285996941341415019,3797407,11,11,12841062978479921428,12841062978479921428
22,P,20260918,2123,7,measure,44,stride_1_bis,196608,1048576,9715,6767873759174735349,1360855,11,11,8877845867410185961,8877845867410185961
22,P,20260918,2124,7,measure,45,stride_1_double,131072,2097152,10537,9930090805995514221,2706045,11,11,15396081144520084480,15396081144520084480
22,P,20260918,2125,7,measure,46,stride_1_double,6144,2097152,101,8753577876715769327,2705154,11,11,3146934977487316315,3146934977487316315
22,P,20260918,2126,7,measure,47,stride_1_bis,6291456,1048576,545046,16340924730951085370,1610744,11,11,12576108217141502922,12576108217141502922
22,P,20260918,2127,7,measure,48,pair_same_line,262144,1048576,18638,13736606638341611264,1830338,11,11,14786987715869281227,14786987715869281227
22,P,20260918,2128,7,measure,49,pair_same_line,1572864,1048576,173185,1839405316670953588,2174358,11,11,8784227938947232644,8784227938947232644
22,P,20260918,2129,7,measure,50,pair_split_line,12582912,1048576,1367797,1495786694216091253,9044605,11,11,9267863737211579031,9267863737211579031
22,P,20260918,2130,7,measure,51,stride_1_bis,12582912,1048576,1083854,14964986955392338151,1406667,11,11,12475712945366764420,12475712945366764420
22,P,20260918,2131,7,measure,52,pair_same_line,65536,1048576,7321,7480210713159037873,1715408,11,11,13232914450679800887,13232914450679800887
22,P,20260918,2132,7,measure,53,stride_513,32768,1048576,2229,9314244318506879853,1354776,11,11,10598541984122395648,10598541984122395648
22,P,20260918,2133,7,measure,54,pair_split_line,49152,1048576,2848,3401222193918718327,1887990,11,11,7753258380594676135,7753258380594676135
22,P,20260918,2134,7,measure,55,stride_1,4096,1048576,114,15300101774013223282,1353622,11,11,8154595385843253248,8154595385843253248
22,P,20260918,2135,7,measure,56,stride_1,50331648,1048576,3891474,3115316486533302954,1818071,11,11,10557544186402192248,10557544186402192248
22,P,20260918,2136,7,measure,57,random,33554432,1048576,3421662,14501862681828184379,13885327,11,11,14100922429343561819,14100922429343561819
22,P,20260918,2137,7,measure,58,stride_1,49152,1048576,1711,1800382199799393401,1357839,11,11,397733704326442449,397733704326442449
22,P,20260918,2138,7,measure,59,stride_513,65536,1048576,1028,1259046804095767825,1420131,11,11,16423878549329276288,16423878549329276288
22,P,20260918,2139,7,measure,60,pair_same_line,24576,1048576,2996,14191459300547077036,1679850,11,11,8279127979810944838,8279127979810944838
22,P,20260918,2140,7,measure,61,stride_4097,67108864,1048576,3325390,3716451179644347281,6856102,11,11,9633077557600243480,9633077557600243480
22,P,20260918,2141,7,measure,62,stride_1_double,3145728,2097152,232388,4181831373344664236,3710195,11,11,5039100554949016118,5039100554949016118
22,P,20260918,2142,7,measure,63,stride_17,12582912,1048576,911613,5262338689622263267,5201498,11,11,7545416755926513266,7545416755926513266
22,P,20260918,2143,7,measure,64,random,67108864,1048576,3995225,15190139252507645043,14811853,11,11,17009306089454199976,17009306089454199976
22,P,20260918,2144,7,measure,65,pair_split_line,786432,1048576,44574,2010120645688425056,2593090,11,11,1291887335282300585,1291887335282300585
22,P,20260918,2145,7,measure,66,stride_4097,24576,1048576,2148,6348891068884655220,1387933,11,11,13617537319576445965,13617537319576445965
22,P,20260918,2146,7,measure,67,stride_17,50331648,1048576,2405233,9475718437570704664,8415841,11,11,13733857003763213411,13733857003763213411
22,P,20260918,2147,7,measure,68,stride_4097,3145728,1048576,255695,15287460528181665946,1768078,11,11,2972311324540035277,2972311324540035277
22,P,20260918,2148,7,measure,69,stride_513,524288,1048576,26750,12317958635433502277,1460157,11,11,10061883979847375520,10061883979847375520
22,P,20260918,2149,7,measure,70,random,12288,1048576,1381,4983316809711402938,1093699,11,11,2667706094039729404,2667706094039729404
22,P,20260918,2150,7,measure,71,stride_1_double,2097152,2097152,126757,11064716909080147752,2781885,11,11,10707406186907980360,10707406186907980360
22,P,20260918,2151,7,measure,72,stride_17,134217728,1048576,2665211,9667659928359153388,9329543,11,11,706374615553034529,706374615553034529
22,P,20260918,2152,7,measure,73,stride_1,201326592,1048576,18606328,17020141709936592314,1740626,11,11,10701688338185209436,10701688338185209436
22,P,20260918,2153,7,measure,74,stride_1_bis,3145728,1048576,382276,12892732752453109655,1914636,11,11,10443209389349867267,10443209389349867267
22,P,20260918,2154,7,measure,75,stride_513,33554432,1048576,3882547,3218737928390401651,11006121,11,11,3876092939207450625,3876092939207450625
22,P,20260918,2155,7,measure,76,stride_17,393216,1048576,41928,13300113993393096311,1502465,11,11,8952878838572829959,8952878838572829959
22,P,20260918,2156,7,measure,77,stride_1_bis,268435456,1048576,19988753,7198882016410328245,2006370,11,11,8795383942816123803,8795383942816123803
22,P,20260918,2157,7,measure,78,pair_split_line,8192,1048576,164,15252455061125832689,1912445,11,11,9809248970078501762,9809248970078501762
22,P,20260918,2158,7,measure,79,stride_1_bis,1048576,1048576,23563,16248925626181248730,1528769,11,11,8797231230870489880,8797231230870489880
22,P,20260918,2159,7,measure,80,stride_4097,524288,1048576,40031,1503651578762679866,1460693,11,11,10061883979847375520,10061883979847375520
22,P,20260918,2160,7,measure,81,stride_1_double,16384,2097152,533,17367944231965567154,2793068,11,11,649362101028710400,649362101028710400
22,P,20260918,2161,7,measure,82,stride_1_double,49152,2097152,3581,13241431487594036588,2790632,11,11,10368862949743151532,10368862949743151532
22,P,20260918,2162,7,measure,83,random,4096,1048576,92,10413680387913095940,1138482,11,11,5610224846627352832,5610224846627352832
22,P,20260918,2163,7,measure,84,stride_17,16777216,1048576,953454,3065747067089754119,5819724,11,11,16328492912201312053,16328492912201312053
22,P,20260918,2164,7,measure,85,stride_1_double,4194304,2097152,438640,12513427645196565980,2833725,11,11,6365434431071571024,6365434431071571024
22,P,20260918,2165,7,measure,86,pair_split_line,6291456,1048576,639672,15155800368972499595,5247078,11,11,15835660990060952101,15835660990060952101
22,P,20260918,2166,7,measure,87,stride_513,262144,1048576,22268,3984542080531182785,1431716,11,11,3252759155835688704,3252759155835688704
22,P,20260918,2167,7,measure,88,stride_17,67108864,1048576,836147,2820282190511231446,7914258,11,11,12699821883494250248,12699821883494250248
22,P,20260918,2168,7,measure,89,stride_17,25165824,1048576,71595,5452852530931347867,4857943,11,11,15646855878621333976,15646855878621333976
22,P,20260918,2169,7,measure,90,pair_split_line,134217728,1048576,12922093,11224053881929565487,20486908,11,11,14521722640473130897,14521722640473130897
22,P,20260918,2170,7,measure,91,random,12582912,1048576,208779,1875658493426679926,11418256,11,11,14026110587045443246,14026110587045443246
22,P,20260918,2171,7,measure,92,stride_17,98304,1048576,5908,3134888535596914533,1763698,11,11,9730847501931251367,9730847501931251367
22,P,20260918,2172,7,measure,93,pair_same_line,25165824,1048576,1045493,13177209444807886366,15107559,11,11,16812995087219154272,16812995087219154272
22,P,20260918,2173,7,measure,94,random,100663296,1048576,4787171,10893080875444547438,17136650,11,11,15977771519567475434,15977771519567475434
22,P,20260918,2174,7,measure,95,stride_4097,393216,1048576,1395,11557633908472562289,2334027,11,11,7909650720719585936,7909650720719585936
22,P,20260918,2175,7,measure,96,random,1048576,1048576,286,8765200048857183265,1977292,11,11,14871886807249116468,14871886807249116468
22,P,20260918,2176,7,measure,97,stride_513,50331648,1048576,5633065,871317795091153808,13535532,11,11,1833353947828317873,1833353947828317873
22,P,20260918,2177,7,measure,98,random,201326592,1048576,20585625,4849456651462185097,19967570,11,11,68078002825083100,68078002825083100
22,P,20260918,2178,7,measure,99,stride_1_double,65536,2097152,3341,3942240465125499234,4690604,11,11,14401013024949000960,14401013024949000960
22,P,20260918,2179,7,measure,100,stride_17,49152,1048576,5917,16809021908438069349,1695457,11,11,2863324294865625894,2863324294865625894
22,P,20260918,2180,7,measure,101,stride_4097,4194304,1048576,324202,17461518265421354415,2957818,11,11,12406089252390561320,12406089252390561320
22,P,20260918,2181,7,measure,102,pair_same_line,49152,1048576,5753,1481919921212174057,2259778,11,11,7157367028511366813,7157367028511366813
22,P,20260918,2182,7,measure,103,pair_same_line,134217728,1048576,13844666,6606689011197509749,21810892,11,11,18176579651524980870,18176579651524980870
22,P,20260918,2183,7,measure,104,pair_split_line,8388608,1048576,346909,13342584376771346225,8974217,11,11,9778130858361843081,9778130858361843081
22,P,20260918,2184,7,measure,105,stride_4097,786432,1048576,41097,3255536154315002261,1866631,11,11,8403681632061339648,8403681632061339648
22,P,20260918,2185,7,measure,106,pair_same_line,12582912,1048576,213568,11522577849710226242,12368771,11,11,2954642268720333855,2954642268720333855
22,P,20260918,2186,7,measure,107,pair_split_line,12288,1048576,290,4004645005636918476,3098229,11,11,1186883969675016038,1186883969675016038
22,P,20260918,2187,7,measure,108,random,2097152,1048576,125682,8838482763360857138,2478353,11,11,17258958684651535726,17258958684651535726
22,P,20260918,2188,7,measure,109,stride_4097,32768,1048576,3028,3728429293810278458,1719542,11,11,10598541984122395648,10598541984122395648
22,P,20260918,2189,7,measure,110,stride_1_bis,393216,1048576,47550,5337178534205922596,1701882,11,11,3588400814264152001,3588400814264152001
22,P,20260918,2190,7,measure,111,random,262144,1048576,7412,10677517142524167217,1406617,11,11,5919101650711911270,5919101650711911270
22,P,20260918,2191,7,measure,112,stride_1,268435456,1048576,20162595,426424259824756630,2368315,11,11,5311067510661580617,5311067510661580617
22,P,20260918,2192,7,measure,113,pair_same_line,6291456,1048576,679489,201152903708436958,4893250,11,11,1596714277843985543,1596714277843985543
22,P,20260918,2193,7,measure,114,stride_1_bis,33554432,1048576,3570785,9472352309302363642,2100019,11,11,17169186603738620211,17169186603738620211
22,P,20260918,2194,7,measure,115,stride_1_bis,16384,1048576,1518,14792489246234377492,1517668,11,11,9548053087369131008,9548053087369131008
22,P,20260918,2195,7,measure,116,stride_1_double,268435456,2097152,31855781,1811525654063166333,3755153,11,11,9280221679107793102,9280221679107793102
22,P,20260918,2196,7,measure,117,stride_1,6291456,1048576,698755,12276088237167664303,1449061,11,11,14675165350484102649,14675165350484102649
22,P,20260918,2197,7,measure,118,stride_1_bis,2097152,1048576,233556,8521052950298252870,1360309,11,11,14577075130308765988,14577075130308765988
22,P,20260918,2198,7,measure,119,stride_4097,12582912,1048576,423616,2467049074072507101,5241073,11,11,6082323140918163239,6082323140918163239
22,P,20260918,2199,7,measure,120,pair_split_line,524288,1048576,20169,6819246767212065587,2433693,11,11,350752259733778652,350752259733778652
22,P,20260918,2200,7,measure,121,stride_1_bis,24576,1048576,1003,11853444695751225983,1383107,11,11,9203776024649062262,9203776024649062262
22,P,20260918,2201,7,measure,122,stride_17,268435456,1048576,14654933,6738752733514109245,8983501,11,11,8992083542459171242,8992083542459171242
22,P,20260918,2202,7,measure,123,stride_1,98304,1048576,11768,13092384160167769498,1360249,11,11,411501590285532362,411501590285532362
22,P,20260918,2203,7,measure,124,stride_513,1048576,1048576,120581,7138262292870025487,1734562,11,11,8797231230870489880,8797231230870489880
22,P,20260918,2204,7,measure,125,stride_1_bis,49152,1048576,5131,13048291592126575844,1411074,11,11,17297080767953767940,17297080767953767940
22,P,20260918,2205,7,measure,126,stride_1,2097152,1048576,53080,3170175685412831376,1496311,11,11,14577075130308765988,14577075130308765988
22,P,20260918,2206,7,measure,127,pair_split_line,98304,1048576,9115,17910866356380047249,2225039,11,11,14209931244001745165,14209931244001745165
22,P,20260918,2207,7,measure,128,stride_1_bis,8388608,1048576,505038,18280477270663212879,2237673,11,11,18303280461608560459,18303280461608560459
22,P,20260918,2208,7,measure,129,pair_same_line,2097152,1048576,101876,9085806936369387848,2661877,11,11,4260865347036732699,4260865347036732699
22,P,20260918,2209,7,measure,130,stride_513,4194304,1048576,135862,12468448619395603580,2369988,11,11,12406089252390561320,12406089252390561320
22,P,20260918,2210,7,measure,131,stride_1,1572864,1048576,99544,4105625286761652457,1368553,11,11,2546397578303159743,2546397578303159743
22,P,20260918,2211,7,measure,132,stride_1,32768,1048576,676,14394337621090419393,1356187,11,11,10598541984122395648,10598541984122395648
22,P,20260918,2212,7,measure,133,stride_4097,98304,1048576,573,726365099641358260,1430258,11,11,4010764035995892406,4010764035995892406
22,P,20260918,2213,7,measure,134,pair_split_line,1572864,1048576,124175,14122078680361381603,2666185,11,11,16002756545593713664,16002756545593713664
22,P,20260918,2214,7,measure,135,random,4194304,1048576,167971,3728973499911540862,2064743,11,11,11161288749189555221,11161288749189555221
22,P,20260918,2215,7,measure,136,pair_split_line,6144,1048576,463,8020157133170411680,1883637,11,11,6154316131482689868,6154316131482689868
22,P,20260918,2216,7,measure,137,stride_17,1572864,1048576,1798,279669754602219856,1442117,11,11,4147346110789116154,4147346110789116154
22,P,20260918,2217,7,measure,138,stride_17,131072,1048576,4864,8661985073245817846,1415426,11,11,16921412609114818048,16921412609114818048
22,P,20260918,2218,7,measure,139,stride_1,16384,1048576,124,1270104824555076336,1408470,11,11,9548053087369131008,9548053087369131008
22,P,20260918,2219,7,measure,140,stride_1_double,8388608,2097152,831243,2981947578474952688,3612721,11,11,18159816849507569302,18159816849507569302
22,P,20260918,2220,7,measure,141,stride_1_bis,201326592,1048576,14006572,6385610579877839348,2232875,11,11,5629462132456430371,5629462132456430371
22,P,20260918,2221,7,measure,142,pair_split_line,262144,1048576,4607,15921913131976266280,2321861,11,11,1644478307447621978,1644478307447621978
22,P,20260918,2222,7,measure,143,stride_4097,131072,1048576,2146,12711342815261559105,1453312,11,11,16921412609114818048,16921412609114818048
22,P,20260918,2223,7,measure,144,stride_513,12288,1048576,137,11280266801796638268,1412127,11,11,9502424420678940672,9502424420678940672
22,P,20260918,2224,7,measure,145,stride_17,3145728,1048576,85856,1474660053405528968,2494916,11,11,13436668148082714431,13436668148082714431
22,P,20260918,2225,7,measure,146,stride_513,98304,1048576,12233,9720174027296418418,1406931,11,11,16959111087276692480,16959111087276692480
22,P,20260918,2226,7,measure,147,stride_4097,8192,1048576,443,5096389706880002511,1351340,11,11,116592947459441664,116592947459441664
22,P,20260918,2227,7,measure,148,stride_513,6291456,1048576,315669,6318112721130976829,1784384,11,11,2329185465026963428,2329185465026963428
22,P,20260918,2228,7,measure,149,stride_1_double,393216,2097152,19712,17138259618662620023,2712874,11,11,7314072380497041423,7314072380497041423
22,P,20260918,2229,7,measure,150,stride_1_double,524288,2097152,56744,508597188061043470,2707355,11,11,1677023885985199424,1677023885985199424
22,P,20260918,2230,7,measure,151,stride_4097,12288,1048576,1317,2055613852736103789,1356203,11,11,13489789190581348019,13489789190581348019
22,P,20260918,2231,7,measure,152,stride_17,65536,1048576,2160,18285574685180635213,1358648,11,11,16423878549329276288,16423878549329276288
22,P,20260918,2232,7,measure,153,stride_4097,2097152,1048576,203363,12006178531848308972,1489987,11,11,14577075130308765988,14577075130308765988
22,P,20260918,2233,7,measure,154,pair_split_line,65536,1048576,2179,17827480051264737362,2024152,11,11,13664906174778256264,13664906174778256264
22,P,20260918,2234,7,measure,155,stride_1_double,134217728,2097152,4825098,14242546266479596377,3937255,11,11,10273621209472306905,10273621209472306905
22,P,20260918,2235,7,measure,156,pair_same_line,100663296,1048576,7410398,9143206208383451388,17286436,11,11,3087126282216103453,3087126282216103453
22,P,20260918,2236,7,measure,157,stride_4097,262144,1048576,11935,11409927283670803429,1403156,11,11,3252759155835688704,3252759155835688704
22,P,20260918,2237,7,measure,158,pair_same_line,33554432,1048576,97205,3944115122242955396,15490584,11,11,9330254597037978778,9330254597037978778
22,P,20260918,2238,7,measure,159,stride_4097,6291456,1048576,349886,5669508462920343036,2756502,11,11,4909535929605538476,4909535929605538476
22,P,20260918,2239,7,measure,160,stride_1_bis,786432,1048576,82939,16099723666027911557,1366238,11,11,905002901624255510,905002901624255510
22,P,20260918,2240,7,measure,161,stride_17,100663296,1048576,5685307,4138792771808643484,9213903,11,11,5681823123112682382,5681823123112682382
22,P,20260918,2241,7,measure,162,stride_1_bis,50331648,1048576,5374894,5504855965674696467,1999272,11,11,8180268662387043709,8180268662387043709
22,P,20260918,2242,7,measure,163,random,8192,1048576,804,4330056171838798967,1096128,11,11,13320236533194317385,13320236533194317385
22,P,20260918,2243,7,measure,164,stride_17,524288,1048576,30149,12409881034332990403,1389292,11,11,10061883979847375520,10061883979847375520
22,P,20260918,2244,7,measure,165,stride_1_double,262144,2097152,13626,11682047211200526250,2709908,11,11,6505518311671377408,6505518311671377408
22,P,20260918,2245,7,measure,166,stride_1_double,201326592,2097152,24983891,799008160599346118,4003077,11,11,1628233569336919439,1628233569336919439
22,P,20260918,2246,7,measure,167,pair_same_line,3145728,1048576,393081,16466054996354335240,2958437,11,11,3153735679636107560,3153735679636107560
22,P,20260918,2247,7,measure,168,stride_1,393216,1048576,2617,12655779908089455390,1764385,11,11,16012240275057758262,16012240275057758262
22,P,20260918,2248,7,measure,169,stride_17,786432,1048576,87961,2941027540717765728,1481945,11,11,8505191090216696829,8505191090216696829
22,P,20260918,2249,7,measure,170,stride_1,786432,1048576,85559,13163409121432828204,1361874,11,11,294683136586769549,294683136586769549
22,P,20260918,2250,7,measure,171,pair_split_line,50331648,1048576,3458085,8314256584560489018,17844794,11,11,17268819152321689679,17268819152321689679
22,P,20260918,2251,7,measure,172,pair_split_line,25165824,1048576,1699425,12552946060931440232,12775433,11,11,16259376370844350830,16259376370844350830
22,P,20260918,2252,7,measure,173,stride_1_double,786432,2097152,69605,6285816885853820640,2764168,11,11,12494247051929501250,12494247051929501250
22,P,20260918,2253,7,measure,174,random,65536,1048576,1779,15596255763665639618,1122882,11,11,16146769823088099785,16146769823088099785
22,P,20260918,2254,7,measure,175,stride_17,32768,1048576,1677,8061238072090931798,1351872,11,11,10598541984122395648,10598541984122395648
22,P,20260918,2255,7,measure,176,pair_split_line,4194304,1048576,5976,6553673802659417822,4963246,11,11,11511058068639549854,11511058068639549854
22,P,20260918,2256,7,measure,177,stride_513,24576,1048576,2772,6057231394902494532,1368165,11,11,15675031744929201152,15675031744929201152
22,P,20260918,2257,7,measure,178,stride_1_bis,262144,1048576,27235,16292598600636019863,1387596,11,11,3252759155835688704,3252759155835688704
22,P,20260918,2258,7,measure,179,stride_1_bis,4194304,1048576,441737,2727056403546672273,1397612,11,11,12406089252390561320,12406089252390561320
22,P,20260918,2259,7,measure,180,stride_1_bis,65536,1048576,1444,16630283003267252654,1357279,11,11,16423878549329276288,16423878549329276288
22,P,20260918,2260,7,measure,181,stride_1,134217728,1048576,13081594,13027856750461106003,2012845,11,11,9662223341034177625,9662223341034177625
22,P,20260918,2261,7,measure,182,random,32768,1048576,2400,12693697432319867643,1093835,11,11,11239005886915530795,11239005886915530795
22,P,20260918,2262,7,measure,183,pair_split_line,196608,1048576,18784,1764071803472631307,2292871,11,11,18060935744056086755,18060935744056086755
22,P,20260918,2263,7,measure,184,random,6144,1048576,202,16780560250829830999,1106216,11,11,12901370517005611594,12901370517005611594
22,P,20260918,2264,7,measure,185,stride_1,196608,1048576,13771,2808084686850919293,1407793,11,11,8156993888884415306,8156993888884415306
22,P,20260918,2265,7,measure,186,pair_same_line,6144,1048576,273,18244926399641935055,1633911,11,11,15233965855243855854,15233965855243855854
22,P,20260918,2266,7,measure,187,pair_split_line,1048576,1048576,119258,9697335346177015418,2646899,11,11,6640146513807591549,6640146513807591549
22,P,20260918,2267,7,measure,188,stride_17,12288,1048576,1278,11126395175551355121,1385772,11,11,11175234278592295530,11175234278592295530
22,P,20260918,2268,7,measure,189,stride_1,1048576,1048576,121108,16110081287304802831,1408856,11,11,8797231230870489880,8797231230870489880
22,P,20260918,2269,7,measure,190,pair_split_line,16384,1048576,132,13564948884962424238,1887570,11,11,13630794195149434335,13630794195149434335
22,P,20260918,2270,7,measure,191,stride_1_double,25165824,2097152,1942945,11674441083667411768,4225057,11,11,12617135274550954334,12617135274550954334
22,P,20260918,2271,7,measure,192,stride_1_double,196608,2097152,11377,9081679810080557269,2747756,11,11,17850837487445987181,17850837487445987181
22,P,20260918,2272,7,measure,193,stride_513,786432,1048576,38275,13243382093661512728,1438417,11,11,16022285928360536512,16022285928360536512
22,P,20260918,2273,7,measure,194,stride_513,100663296,1048576,8864833,7589498941525117514,12801911,11,11,17741230247870950230,17741230247870950230
22,P,20260918,2274,7,measure,195,pair_same_line,268435456,1048576,13810414,17449802898424553395,18448216,11,11,8613910448451340527,8613910448451340527
22,P,20260918,2275,7,measure,196,stride_1_double,98304,2097152,3030,4298100464484686454,2734091,11,11,13593914451554049597,13593914451554049597
22,P,20260918,2276,7,measure,197,stride_1_double,32768,2097152,3579,545245338124203168,2710881,11,11,2750339894535239680,2750339894535239680
22,P,20260918,2277,7,measure,198,pair_same_line,196608,1048576,8838,14947183823262122714,1830387,11,11,11368751378059027911,11368751378059027911
22,P,20260918,2278,7,measure,199,stride_1,16777216,1048576,39094,1272072253128118758,2293522,11,11,4064946078782310430,4064946078782310430
22,P,20260918,2279,7,measure,200,stride_17,196608,1048576,16823,8524068358127055190,1425875,11,11,7487696856951026038,7487696856951026038
22,P,20260918,2280,7,measure,201,stride_1_double,33554432,2097152,2784925,18224486019280734425,4634111,11,11,1287977260892944661,1287977260892944661
22,P,20260918,2281,7,measure,202,stride_1,24576,1048576,824,4947161559243270942,1351607,11,11,15457841000532196491,15457841000532196491
22,P,20260918,2282,7,measure,203,stride_17,8388608,1048576,439291,4412807085615125551,3673721,11,11,18303280461608560459,18303280461608560459
22,P,20260918,2283,7,measure,204,stride_4097,49152,1048576,6089,2900230728243099931,1358247,11,11,8147393880364840093,8147393880364840093
22,P,20260918,2284,7,measure,205,stride_1,3145728,1048576,279193,395506123876017602,1357541,11,11,12107648497527569670,12107648497527569670
22,P,20260918,2285,7,measure,206,pair_split_line,393216,1048576,6930,8139675153875211753,2549683,11,11,14091579100919992367,14091579100919992367
22,P,20260918,2286,7,measure,207,pair_split_line,201326592,1048576,19233282,15406634225860165991,22278451,11,11,12219911250374692346,12219911250374692346
22,P,20260918,2287,7,measure,208,pair_split_line,67108864,1048576,2649378,10954378408057539312,16345923,11,11,13032479739295538022,13032479739295538022
22,P,20260918,2288,7,measure,209,stride_1,25165824,1048576,1111575,7257877194624444981,1654803,11,11,5248993300660594593,5248993300660594593
22,P,20260918,2289,7,measure,210,stride_17,33554432,1048576,2937804,14665794742373601075,6613488,11,11,6558318517842919530,6558318517842919530
22,P,20260918,2290,7,measure,211,stride_17,6291456,1048576,194454,13405703878892153816,5043508,11,11,16436334335036104082,16436334335036104082
22,P,20260918,2291,7,measure,212,stride_17,262144,1048576,23831,4553742545700941082,1469562,11,11,3252759155835688704,3252759155835688704
22,P,20260918,2292,7,measure,213,stride_513,8192,1048576,434,7271172422861586974,1412442,11,11,116592947459441664,116592947459441664
22,P,20260918,2293,7,measure,214,stride_1_bis,67108864,1048576,688935,1528374923939725436,1861779,11,11,7600356259164924649,7600356259164924649
22,P,20260918,2294,7,measure,215,stride_4097,8388608,1048576,523174,15415060733824447353,3075637,11,11,18303280461608560459,18303280461608560459
22,P,20260918,2295,7,measure,216,stride_4097,25165824,1048576,954788,6666740469904187920,7452557,11,11,12210707439146274477,12210707439146274477
22,P,20260918,2296,7,measure,217,stride_513,131072,1048576,8376,16535190009826212158,1480129,11,11,16921412609114818048,16921412609114818048
22,P,20260918,2297,7,measure,218,stride_1_double,1048576,2097152,13304,13293464420695166465,2783787,11,11,17594462461740979760,17594462461740979760
22,P,20260918,2298,7,measure,219,random,16384,1048576,845,1806902858663041072,1091026,11,11,671250417869692181,671250417869692181
22,P,20260918,2299,7,measure,220,stride_17,16384,1048576,1844,17892581599970115721,1352098,11,11,9548053087369131008,9548053087369131008
22,P,20260918,2300,7,measure,221,stride_1_bis,16777216,1048576,1199710,9123042809298183353,1958348,11,11,15069107498409674003,15069107498409674003
22,P,20260918,2301,7,measure,222,stride_513,134217728,1048576,4910422,13368533245160524714,11718256,11,11,5893797890440986575,5893797890440986575
22,P,20260918,2302,7,measure,223,stride_1_double,50331648,2097152,880900,16609682060585671792,4689142,11,11,14411618158432095754,14411618158432095754
22,P,20260918,2303,7,measure,224,stride_1,8192,1048576,176,14562951177149533804,1355293,11,11,116592947459441664,116592947459441664
22,P,20260918,2304,7,measure,225,stride_1_bis,32768,1048576,1203,7729354593602616331,1359110,11,11,10598541984122395648,10598541984122395648
22,P,20260918,2305,7,measure,226,random,134217728,1048576,13181488,12804390229179941292,16346641,11,11,13628965434899970098,13628965434899970098
22,P,20260918,2306,7,measure,227,random,1572864,1048576,109843,6668214302687926954,2342007,11,11,3920339053741054919,3920339053741054919
22,P,20260918,2307,7,measure,228,random,24576,1048576,1102,3993359789110777179,1243615,11,11,7388165928280677415,7388165928280677415
22,P,20260918,2308,7,measure,229,pair_split_line,33554432,1048576,2727922,4449694170691557781,18221765,11,11,874691301404054605,874691301404054605
22,P,20260918,2309,7,measure,230,stride_1_bis,1572864,1048576,18907,14042824435469116858,1898984,11,11,14331066611526137277,14331066611526137277
22,P,20260918,2310,7,measure,231,pair_same_line,201326592,1048576,15694959,8931026567227545492,20540220,11,11,9700197152406452658,9700197152406452658
22,P,20260918,2311,7,measure,232,stride_17,4096,1048576,50,11619258482555469981,2155988,11,11,8154595385843253248,8154595385843253248
22,P,20260918,2312,7,measure,233,stride_4097,1048576,1048576,58476,17307508448805353732,2086739,11,11,8797231230870489880,8797231230870489880
22,P,20260918,2313,7,measure,234,stride_513,67108864,1048576,6598198,6642572706809471964,12876537,11,11,16149927097640863833,16149927097640863833
22,P,20260918,2314,7,measure,235,stride_513,1572864,1048576,178390,10520834913415931467,2618897,11,11,16747479167117318944,16747479167117318944
22,P,20260918,2315,7,measure,236,stride_513,6144,1048576,374,11170316838184380441,1903610,11,11,9261835561974562816,9261835561974562816
22,P,20260918,2316,7,measure,237,stride_1,131072,1048576,13371,4368241915541146933,1702453,11,11,16921412609114818048,16921412609114818048
22,P,20260918,2317,7,measure,238,stride_1_bis,25165824,1048576,675803,3654309725728512104,2291103,11,11,10279430936789281927,10279430936789281927
22,P,20260918,2318,7,measure,239,stride_4097,1572864,1048576,150982,1410398490192102037,1807466,11,11,9238068573438567343,9238068573438567343
22,P,20260918,2319,7,measure,240,random,196608,1048576,22335,13539040357103181071,1445992,11,11,7297721182260593058,7297721182260593058
22,P,20260918,2320,7,measure,241,pair_same_line,786432,1048576,18447,5224386225004470807,2613860,11,11,12732856477468289965,12732856477468289965
22,P,20260918,2321,7,measure,242,stride_1,6144,1048576,325,4457862139820411160,1672935,11,11,7453625444163779284,7453625444163779284
22,P,20260918,2322,7,measure,243,stride_1,4194304,1048576,7848,15035764937216796694,1898923,11,11,12406089252390561320,12406089252390561320
22,P,20260918,2323,7,measure,244,stride_4097,6144,1048576,553,12509563091799206652,1539950,11,11,4544305563338930624,4544305563338930624
22,P,20260918,2324,7,measure,245,stride_4097,16777216,1048576,1028891,5074812959478357973,6859308,11,11,9487799046875012179,9487799046875012179
22,P,20260918,2325,7,measure,246,pair_same_line,4194304,1048576,197815,17086692942838833926,3499317,11,11,10815369237760821919,10815369237760821919
22,P,20260918,2326,7,measure,247,pair_same_line,393216,1048576,32268,16861092169995925898,2105002,11,11,11326588298779193263,11326588298779193263
22,P,20260918,2327,7,measure,248,stride_1,65536,1048576,5217,1323258325195026018,1376889,11,11,16423878549329276288,16423878549329276288
22,P,20260918,2328,7,measure,249,stride_4097,268435456,1048576,2346788,2767117130426353815,7665447,11,11,14028938391860089961,14028938391860089961
22,P,20260918,2329,7,measure,250,stride_513,4096,1048576,224,10379747808520458669,1459831,11,11,8154595385843253248,8154595385843253248
22,P,20260918,2330,7,measure,251,pair_same_line,524288,1048576,54545,11576669801013341411,2127902,11,11,4170621892617216709,4170621892617216709
22,P,20260918,2331,7,measure,252,pair_split_line,16777216,1048576,453456,3750252459523798038,11412477,11,11,7616965871290161832,7616965871290161832
22,P,20260918,2332,7,measure,253,stride_1,100663296,1048576,7028663,10453678171534873253,1634155,11,11,15248801242995015896,15248801242995015896
22,P,20260918,2333,7,measure,254,random,6291456,1048576,103556,16234916868864497126,4607846,11,11,7304126605532070078,7304126605532070078
22,P,20260918,2334,7,measure,255,pair_same_line,12288,1048576,454,9954528369594272781,1641665,11,11,14749793954285402950,14749793954285402950
22,P,20260918,2335,7,measure,256,stride_513,196608,1048576,6195,10958068618588069644,1425023,11,11,11662605144128544768,11662605144128544768
22,P,20260918,2336,7,measure,257,stride_513,49152,1048576,5345,14010837812090429816,1392767,11,11,1303108010804061184,1303108010804061184
22,P,20260918,2337,7,measure,258,pair_same_line,1048576,1048576,5395,17943888920637501344,2070199,11,11,13146132618181676449,13146132618181676449
22,P,20260918,2338,7,measure,259,stride_1_bis,524288,1048576,32858,9940691481090242727,1354142,11,11,10061883979847375520,10061883979847375520
22,P,20260918,2339,7,measure,260,stride_17,1048576,1048576,127458,14424406840449849220,1394911,11,11,8797231230870489880,8797231230870489880
22,P,20260918,2340,7,measure,261,stride_4097,50331648,1048576,4792342,17070765647713838961,8105666,11,11,4434207322401462245,4434207322401462245
22,P,20260918,2341,7,measure,262,stride_1_bis,131072,1048576,11395,259946095200077109,1369491,11,11,16921412609114818048,16921412609114818048
22,P,20260918,2342,7,measure,263,stride_1,12288,1048576,343,17382108964853551230,1365507,11,11,7109497482322299877,7109497482322299877
22,P,20260918,2343,7,measure,264,stride_1_bis,12288,1048576,867,4982435152425253036,1402883,11,11,1994190177792567036,1994190177792567036
22,P,20260918,2344,7,measure,265,stride_1_double,4096,2097152,226,17911182703855315907,2759447,11,11,16309190771686506496,16309190771686506496
22,P,20260918,2345,7,measure,266,random,786432,1048576,7866,5919376751005260876,1422952,11,11,16270715795553436618,16270715795553436618
22,P,20260918,2346,7,measure,267,stride_1,8388608,1048576,1024701,18443802888962908544,2040719,11,11,18303280461608560459,18303280461608560459
22,P,20260918,2347,7,measure,268,pair_split_line,131072,1048576,7463,1367011249215087911,2241926,11,11,11619168363890512502,11619168363890512502
22,P,20260918,2348,7,measure,269,stride_4097,196608,1048576,21638,12182016606222842459,1435112,11,11,4753063813064021039,4753063813064021039
22,P,20260918,2349,7,measure,270,pair_split_line,24576,1048576,630,2367894013924808998,1887336,11,11,9541318469461869081,9541318469461869081
22,P,20260918,2350,7,measure,271,stride_513,25165824,1048576,882592,12764012372906027531,8930989,11,11,3223166402984098452,3223166402984098452
22,P,20260918,2351,7,measure,272,stride_17,2097152,1048576,7354,916268126226478695,1895881,11,11,14577075130308765988,14577075130308765988
22,P,20260918,2352,7,measure,273,pair_same_line,16384,1048576,1031,7668673913066689701,1628852,11,11,964402265219222301,964402265219222301
22,P,20260918,2353,7,measure,274,stride_4097,201326592,1048576,2536749,16321064507954840900,8780662,11,11,16780748488353572810,16780748488353572810
22,P,20260918,2354,7,measure,275,random,3145728,1048576,357538,2151124811260769015,3966764,11,11,15210673898693868321,15210673898693868321
22,P,20260918,2355,7,measure,276,stride_1_double,67108864,2097152,3394014,9123951798766961841,3999841,11,11,5443314493842075125,5443314493842075125
22,P,20260918,2356,7,measure,277,stride_1,12582912,1048576,247987,3245752992826419586,1914059,11,11,5829674915947809594,5829674915947809594
22,P,20260918,2357,7,measure,278,random,268435456,1048576,23511008,10168921833941848397,17117472,11,11,11754993042428498152,11754993042428498152
22,P,20260918,2358,7,measure,279,pair_split_line,4096,1048576,23,18384101570469394434,1944548,11,11,8603414770941176361,8603414770941176361
22,P,20260918,2359,7,measure,280,stride_4097,33554432,1048576,2024012,1464362821420553578,6952898,11,11,614744017658320042,614744017658320042
22,P,20260918,2360,7,measure,281,stride_1_bis,134217728,1048576,6573928,14228664289238004983,2058182,11,11,17988465203775797780,17988465203775797780
22,P,20260918,2361,7,measure,282,pair_same_line,8388608,1048576,933148,3689530962198342658,9618519,11,11,4922452920356769603,4922452920356769603
22,P,20260918,2362,7,measure,283,stride_1_bis,6144,1048576,539,17261922030648458294,1478363,11,11,18263056121846308010,18263056121846308010
22,P,20260918,2363,7,measure,284,random,8388608,1048576,1012442,523805382782655185,4462308,11,11,10347284354845498280,10347284354845498280
22,P,20260918,2364,7,measure,285,stride_513,268435456,1048576,30932250,8637306936152837275,12704869,11,11,14706277437927830498,14706277437927830498
22,P,20260918,2365,7,measure,286,random,25165824,1048576,1162218,4008408740491676790,13077182,11,11,11100395962773236602,11100395962773236602
22,P,20260918,2366,7,measure,287,pair_same_line,4096,1048576,219,18412155320082110213,2274104,11,11,4746993370442579482,4746993370442579482
22,P,20260918,2367,7,measure,288,stride_1,262144,1048576,27172,13498191587710442812,1917287,11,11,3252759155835688704,3252759155835688704
22,P,20260918,2368,7,measure,289,stride_513,16777216,1048576,956085,9946704201521784500,8567952,11,11,15873195970946858181,15873195970946858181
22,P,20260918,2369,7,measure,290,stride_1,524288,1048576,9778,7623254967681922434,2204225,11,11,10061883979847375520,10061883979847375520
22,P,20260918,2370,7,measure,291,stride_1,67108864,1048576,8308269,8465464296661953413,2459571,11,11,3015943292593691186,3015943292593691186
22,P,20260918,2371,7,measure,292,pair_split_line,2097152,1048576,58083,2240038916104579705,3958937,11,11,6379567209014057289,6379567209014057289
22,P,20260918,2372,7,measure,293,stride_513,8388608,1048576,364119,13652236061841655445,3076476,11,11,18303280461608560459,18303280461608560459
22,P,20260918,2373,7,measure,294,random,524288,1048576,17080,15722702375761763835,1368107,11,11,5170526015767385644,5170526015767385644
22,P,20260918,2374,7,measure,295,pair_split_line,32768,1048576,2032,13970632078249869961,2175288,11,11,14815422059772528046,14815422059772528046
22,P,20260918,2375,7,measure,296,pair_same_line,67108864,1048576,1331175,17838736055732213784,17426844,11,11,12870421899806793039,12870421899806793039
22,P,20260918,2376,8,measure,0,stride_1,16777216,1048576,1170710,392115069723466132,2168703,11,11,13110541027849588041,13110541027849588041
22,P,20260918,2377,8,measure,1,stride_1,262144,1048576,29872,18442945800872978841,1731295,11,11,3252759155835688704,3252759155835688704
22,P,20260918,2378,8,measure,2,stride_1_double,49152,2097152,2687,12568044642972850770,3241882,11,11,12858076312476520522,12858076312476520522
22,P,20260918,2379,8,measure,3,stride_513,33554432,1048576,4129234,11146881444152476437,11010509,11,11,921028213329116200,921028213329116200
22,P,20260918,2380,8,measure,4,stride_1,65536,1048576,232,5021117490852666311,1781005,11,11,16423878549329276288,16423878549329276288
22,P,20260918,2381,8,measure,5,random,4194304,1048576,35998,5769916828390083272,5210082,11,11,3677231762073027880,3677231762073027880
22,P,20260918,2382,8,measure,6,random,786432,1048576,61679,4056886337326833709,1470720,11,11,13185483633788358534,13185483633788358534
22,P,20260918,2383,8,measure,7,random,49152,1048576,2636,10357413750617838412,1341036,11,11,165101803388936475,165101803388936475
22,P,20260918,2384,8,measure,8,pair_split_line,67108864,1048576,2626131,5672920618917438545,20026621,11,11,16331680552203487756,16331680552203487756
22,P,20260918,2385,8,measure,9,random,12288,1048576,306,892823869327136763,1603237,11,11,17807660897158151011,17807660897158151011
22,P,20260918,2386,8,measure,10,stride_1,2097152,1048576,111128,15783332402155956790,2123527,11,11,14577075130308765988,14577075130308765988
22,P,20260918,2387,8,measure,11,stride_1_bis,67108864,1048576,6035910,12556504723297741135,2436480,11,11,16604306141362918327,16604306141362918327
22,P,20260918,2388,8,measure,12,stride_1_bis,32768,1048576,1669,5740035601999774765,1694046,11,11,10598541984122395648,10598541984122395648
22,P,20260918,2389,8,measure,13,stride_1_bis,33554432,1048576,1600427,6856203577450218212,2376440,11,11,10148781009023208031,10148781009023208031
22,P,20260918,2390,8,measure,14,stride_4097,393216,1048576,24900,3460275439972884984,1585084,11,11,6091604968397406788,6091604968397406788
22,P,20260918,2391,8,measure,15,stride_1_bis,4194304,1048576,485292,14975953173158293364,1806717,11,11,12406089252390561320,12406089252390561320
22,P,20260918,2392,8,measure,16,stride_1_double,524288,2097152,18908,8267175657547809227,2855114,11,11,1677023885985199424,1677023885985199424
22,P,20260918,2393,8,measure,17,stride_17,16384,1048576,1009,13500474744474094780,1409941,11,11,9548053087369131008,9548053087369131008
22,P,20260918,2394,8,measure,18,pair_same_line,50331648,1048576,4584090,2020252167332922465,16169504,11,11,13800903066126847090,13800903066126847090
22,P,20260918,2395,8,measure,19,pair_split_line,50331648,1048576,2786550,13100727015049522664,20464702,11,11,1612954068041880177,1612954068041880177
22,P,20260918,2396,8,measure,20,stride_17,524288,1048576,48194,3287809898608059330,2069247,11,11,10061883979847375520,10061883979847375520
22,P,20260918,2397,8,measure,21,stride_1,33554432,1048576,2933109,1070445219043383083,2322703,11,11,1143315535258538906,1143315535258538906
22,P,20260918,2398,8,measure,22,stride_513,6291456,1048576,715817,171587546389307440,3251129,11,11,8960868997562969188,8960868997562969188
22,P,20260918,2399,8,measure,23,stride_1_double,8388608,2097152,200087,10520597154773982454,3769018,11,11,18159816849507569302,18159816849507569302
22,P,20260918,2400,8,measure,24,stride_1,4194304,1048576,279233,4446545170449905686,1683972,11,11,12406089252390561320,12406089252390561320
22,P,20260918,2401,8,measure,25,random,3145728,1048576,96257,4389621313539515055,2120390,11,11,12228067990055729649,12228067990055729649
22,P,20260918,2402,8,measure,26,random,16777216,1048576,960778,3028154055165088614,10377362,11,11,7663362870260450358,7663362870260450358
22,P,20260918,2403,8,measure,27,stride_4097,12582912,1048576,954809,1091300198798167088,5740942,11,11,17313318929299368067,17313318929299368067
22,P,20260918,2404,8,measure,28,pair_same_line,2097152,1048576,170349,16625390454569260857,2897275,11,11,4654457865456081362,4654457865456081362
22,P,20260918,2405,8,measure,29,stride_1,98304,1048576,7415,1362514036730534913,1579645,11,11,10442103903337420588,10442103903337420588
22,P,20260918,2406,8,measure,30,stride_1,6291456,1048576,663436,16183962369391435886,1518699,11,11,6050380289761754901,6050380289761754901
22,P,20260918,2407,8,measure,31,stride_1_bis,131072,1048576,13403,5272842914884169304,1447792,11,11,16921412609114818048,16921412609114818048
22,P,20260918,2408,8,measure,32,pair_split_line,8388608,1048576,642081,9339099090626795184,5973588,11,11,7537170635503090491,7537170635503090491
22,P,20260918,2409,8,measure,33,stride_1_double,6144,2097152,735,15626015416840826446,2764639,11,11,11727396080679472542,11727396080679472542
22,P,20260918,2410,8,measure,34,stride_17,6291456,1048576,118587,3020931884187680218,3737346,11,11,4875818743153102366,4875818743153102366
22,P,20260918,2411,8,measure,35,stride_1_double,8192,2097152,953,2071367333117608372,2708274,11,11,233185894918883328,233185894918883328
22,P,20260918,2412,8,measure,36,stride_17,1048576,1048576,47735,3851893817578964083,1405526,11,11,8797231230870489880,8797231230870489880
22,P,20260918,2413,8,measure,37,stride_4097,131072,1048576,13836,3777387235434832538,1422390,11,11,16921412609114818048,16921412609114818048
22,P,20260918,2414,8,measure,38,stride_1,32768,1048576,358,469716287172727673,1352877,11,11,10598541984122395648,10598541984122395648
22,P,20260918,2415,8,measure,39,stride_1,201326592,1048576,21310236,6759357479569526709,1885665,11,11,16137813242687772125,16137813242687772125
22,P,20260918,2416,8,measure,40,stride_17,6144,1048576,398,17640715191520486024,1353552,11,11,13496828212800839324,13496828212800839324
22,P,20260918,2417,8,measure,41,stride_1_double,100663296,2097152,2653072,5286075757170019553,3580372,11,11,6750932785958978907,6750932785958978907
22,P,20260918,2418,8,measure,42,stride_4097,4194304,1048576,499611,18129736594569382520,1874021,11,11,12406089252390561320,12406089252390561320
22,P,20260918,2419,8,measure,43,stride_4097,98304,1048576,991,15485839085178261562,1421027,11,11,2967454093245736281,2967454093245736281
22,P,20260918,2420,8,measure,44,random,1048576,1048576,59150,10245691326275875075,1188761,11,11,6692647539868876490,6692647539868876490
22,P,20260918,2421,8,measure,45,random,201326592,1048576,15106185,3244437439604724428,17152209,11,11,18354383757070071923,18354383757070071923
22,P,20260918,2422,8,measure,46,stride_4097,134217728,1048576,7719744,5165407073512014387,6966920,11,11,11892228825974041516,11892228825974041516
22,P,20260918,2423,8,measure,47,pair_same_line,201326592,1048576,5113766,13495103413782127273,18582936,11,11,11181698626485967009,11181698626485967009
22,P,20260918,2424,8,measure,48,pair_split_line,12582912,1048576,149832,14786127457478406068,11391705,11,11,1331416878885808972,1331416878885808972
22,P,20260918,2425,8,measure,49,random,25165824,1048576,2162767,532501382350119456,11841433,11,11,8086550670541536248,8086550670541536248
22,P,20260918,2426,8,measure,50,stride_1_double,1572864,2097152,84316,11086396703043894305,3656947,11,11,4712702044848078944,4712702044848078944
22,P,20260918,2427,8,measure,51,stride_17,33554432,1048576,2627572,8005947135314507206,8020630,11,11,10784902826113565516,10784902826113565516
22,P,20260918,2428,8,measure,52,stride_1_double,65536,2097152,110,3606008818264711274,3480676,11,11,14401013024949000960,14401013024949000960
22,P,20260918,2429,8,measure,53,stride_513,4096,1048576,496,15621606481171928566,1669494,11,11,8154595385843253248,8154595385843253248
22,P,20260918,2430,8,measure,54,random,262144,1048576,21226,4452107688792025647,1369882,11,11,7009210010473756526,7009210010473756526
22,P,20260918,2431,8,measure,55,stride_17,49152,1048576,4449,1874069167520002237,1551831,11,11,1937020993336441742,1937020993336441742
22,P,20260918,2432,8,measure,56,stride_1_bis,8388608,1048576,468237,6528920531259422527,2168046,11,11,18303280461608560459,18303280461608560459
22,P,20260918,2433,8,measure,57,stride_17,12288,1048576,1,7880089412532616806,1419333,11,11,8134768414662664048,8134768414662664048
22,P,20260918,2434,8,measure,58,stride_1,3145728,1048576,334739,7095797332040084302,1454381,11,11,10929746627228084540,10929746627228084540
22,P,20260918,2435,8,measure,59,stride_1_bis,268435456,1048576,11458623,9686837975559003647,2263573,11,11,8722483147554931352,8722483147554931352
22,P,20260918,2436,8,measure,60,stride_17,100663296,1048576,12196887,4948657180096650155,8784639,11,11,17156218179616631587,17156218179616631587
22,P,20260918,2437,8,measure,61,stride_1_double,16384,2097152,43,12430650564367507890,2823103,11,11,649362101028710400,649362101028710400
22,P,20260918,2438,8,measure,62,stride_513,3145728,1048576,72748,14662438545278050639,2232803,11,11,4696861105486946824,4696861105486946824
22,P,20260918,2439,8,measure,63,stride_17,24576,1048576,954,9910977027760122603,1354394,11,11,5280700474644706530,5280700474644706530
22,P,20260918,2440,8,measure,64,random,98304,1048576,9286,15078767196600838131,1130732,11,11,14485745736041767156,14485745736041767156
22,P,20260918,2441,8,measure,65,pair_split_line,8192,1048576,869,12427635391185390404,1902490,11,11,2123736524168148140,2123736524168148140
22,P,20260918,2442,8,measure,66,pair_same_line,4096,1048576,444,13474151612098831338,1623664,11,11,5725886730925308041,5725886730925308041
22,P,20260918,2443,8,measure,67,stride_1_double,2097152,2097152,255394,11055865010543206232,2714544,11,11,10707406186907980360,10707406186907980360
22,P,20260918,2444,8,measure,68,stride_1_bis,24576,1048576,1322,5846574526982227035,1351242,11,11,16540994541429387930,16540994541429387930
22,P,20260918,2445,8,measure,69,stride_1,24576,1048576,2257,15761589013129002856,1355651,11,11,5916063988338119558,5916063988338119558
22,P,20260918,2446,8,measure,70,stride_1_double,786432,2097152,65407,5005195293040670931,2748594,11,11,13441098339165855298,13441098339165855298
22,P,20260918,2447,8,measure,71,stride_17,8192,1048576,148,10428896265067395160,1353122,11,11,116592947459441664,116592947459441664
22,P,20260918,2448,8,measure,72,pair_same_line,98304,1048576,1434,4682666847169423460,1758741,11,11,9695224655857359440,9695224655857359440
22,P,20260918,2449,8,measure,73,stride_1_bis,100663296,1048576,5028735,14903923402517829413,2211577,11,11,17081582069805358978,17081582069805358978
22,P,20260918,2450,8,measure,74,stride_4097,16384,1048576,1099,9980849596066939683,1381794,11,11,9548053087369131008,9548053087369131008
22,P,20260918,2451,8,measure,75,stride_1,8192,1048576,420,6219057667507922071,1359102,11,11,116592947459441664,116592947459441664
22,P,20260918,2452,8,measure,76,stride_17,4096,1048576,366,11219645324400383717,1353022,11,11,8154595385843253248,8154595385843253248
22,P,20260918,2453,8,measure,77,stride_17,12582912,1048576,1439894,7592622766576731998,4555290,11,11,17239032740605579636,17239032740605579636
22,P,20260918,2454,8,measure,78,random,6291456,1048576,456606,3302413258260946006,2909514,11,11,12216229814112231576,12216229814112231576
22,P,20260918,2455,8,measure,79,pair_split_line,196608,1048576,12263,13191671441252786522,2274499,11,11,7199413069492420290,7199413069492420290
22,P,20260918,2456,8,measure,80,stride_513,25165824,1048576,1433699,455996366622953688,8076870,11,11,11886943178879158261,11886943178879158261
22,P,20260918,2457,8,measure,81,stride_17,50331648,1048576,5617285,5259497092178836958,8217502,11,11,6523577251086120908,6523577251086120908
22,P,20260918,2458,8,measure,82,stride_1,786432,1048576,38645,13719749273336735797,1403646,11,11,12497740845134696740,12497740845134696740
22,P,20260918,2459,8,measure,83,pair_split_line,24576,1048576,2636,4197683070767249496,1882820,11,11,1605550970552523489,1605550970552523489
22,P,20260918,2460,8,measure,84,stride_4097,33554432,1048576,45945,6815878751184842962,6727899,11,11,12419840028100575743,12419840028100575743
22,P,20260918,2461,8,measure,85,stride_4097,268435456,1048576,11662557,665925132978553571,7691978,11,11,10460546316112303125,10460546316112303125
22,P,20260918,2462,8,measure,86,random,33554432,1048576,137484,1323751140206689390,14082430,11,11,7314190547175375187,7314190547175375187
22,P,20260918,2463,8,measure,87,stride_1,25165824,1048576,118834,8089882431522181314,2381850,11,11,13234254950130879881,13234254950130879881
22,P,20260918,2464,8,measure,88,random,16384,1048576,1475,470607514636774870,1135926,11,11,1727157226104558788,1727157226104558788
22,P,20260918,2465,8,measure,89,stride_513,100663296,1048576,10721203,5658863455062406028,13226493,11,11,5791119985437790697,5791119985437790697
22,P,20260918,2466,8,measure,90,stride_4097,25165824,1048576,1474328,16007613301310452175,8354763,11,11,14318873444293583593,14318873444293583593
22,P,20260918,2467,8,measure,91,pair_split_line,393216,1048576,1255,14549957854793225196,3101567,11,11,17534567477249233392,17534567477249233392
22,P,20260918,2468,8,measure,92,pair_same_line,8192,1048576,865,3101209287708492358,2042201,11,11,3748087444955769278,3748087444955769278
22,P,20260918,2469,8,measure,93,pair_split_line,4096,1048576,454,3841977949946337236,2256734,11,11,5200172994183339845,5200172994183339845
22,P,20260918,2470,8,measure,94,stride_1_bis,134217728,1048576,9143363,2784573147936019769,1885303,11,11,10380778304823876081,10380778304823876081
22,P,20260918,2471,8,measure,95,stride_1_bis,6144,1048576,118,13139243026974589139,1502403,11,11,9372621501177277914,9372621501177277914
22,P,20260918,2472,8,measure,96,stride_1,12582912,1048576,806720,18054760844738212076,2210050,11,11,5816287919887425737,5816287919887425737
22,P,20260918,2473,8,measure,97,stride_1_bis,393216,1048576,15339,13580535459819982853,1373722,11,11,7431411112285695270,7431411112285695270
22,P,20260918,2474,8,measure,98,pair_same_line,16777216,1048576,179287,13819270423078755454,11565361,11,11,8083680342974318974,8083680342974318974
22,P,20260918,2475,8,measure,99,stride_1_double,50331648,2097152,2109481,1742727422456921519,5098900,11,11,8652629725566314627,8652629725566314627
22,P,20260918,2476,8,measure,100,pair_split_line,1048576,1048576,126786,14455052150549753801,2770851,11,11,2284935304904949709,2284935304904949709
22,P,20260918,2477,8,measure,101,random,32768,1048576,1168,3485978645117315977,1111355,11,11,8018225121259565820,8018225121259565820
22,P,20260918,2478,8,measure,102,stride_4097,12288,1048576,1227,11479147056703421634,1414375,11,11,4965844069205387804,4965844069205387804
22,P,20260918,2479,8,measure,103,pair_split_line,49152,1048576,197,8785658408899735610,1889265,11,11,12070766797900078530,12070766797900078530
22,P,20260918,2480,8,measure,104,pair_same_line,32768,1048576,1229,13717283116086083874,1627047,11,11,7849448892380241026,7849448892380241026
22,P,20260918,2481,8,measure,105,stride_513,786432,1048576,21593,18136702450290300124,1476285,11,11,13192199103146003808,13192199103146003808
22,P,20260918,2482,8,measure,106,stride_1_double,262144,2097152,25989,1113384188157854627,2821693,11,11,6505518311671377408,6505518311671377408
22,P,20260918,2483,8,measure,107,stride_1_bis,16777216,1048576,1724066,9543534851659281705,2280831,11,11,1992992438067837996,1992992438067837996
22,P,20260918,2484,8,measure,108,stride_4097,8192,1048576,185,14378836773039455407,1413354,11,11,116592947459441664,116592947459441664
22,P,20260918,2485,8,measure,109,stride_1_bis,6291456,1048576,225315,12394165126552887384,1790214,11,11,5096173729267869708,5096173729267869708
22,P,20260918,2486,8,measure,110,stride_1_bis,2097152,1048576,118852,7621253011978594811,1432942,11,11,14577075130308765988,14577075130308765988
22,P,20260918,2487,8,measure,111,stride_1,12288,1048576,556,8445900381232890965,1416329,11,11,14862620617523918353,14862620617523918353
22,P,20260918,2488,8,measure,112,random,268435456,1048576,12109903,1937553197044169387,17240589,11,11,17234048627316405139,17234048627316405139
22,P,20260918,2489,8,measure,113,pair_split_line,2097152,1048576,120577,8046654959249168962,3372165,11,11,6090018028791912418,6090018028791912418
22,P,20260918,2490,8,measure,114,pair_split_line,134217728,1048576,13582837,1188926901418982861,23904237,11,11,240360985148197083,240360985148197083
22,P,20260918,2491,8,measure,115,pair_same_line,12288,1048576,1112,11729255297835224603,1937323,11,11,12230780975244581406,12230780975244581406
22,P,20260918,2492,8,measure,116,stride_4097,4096,1048576,321,15075900416229485078,1564249,11,11,8154595385843253248,8154595385843253248
22,P,20260918,2493,8,measure,117,pair_same_line,65536,1048576,4937,1060308871510365498,1912928,11,11,16295129738888668213,16295129738888668213
22,P,20260918,2494,8,measure,118,pair_same_line,1048576,1048576,120744,625162031139097958,2698481,11,11,7629506776141784315,7629506776141784315
22,P,20260918,2495,8,measure,119,stride_1_bis,524288,1048576,62000,12015075218961353067,1440324,11,11,10061883979847375520,10061883979847375520
22,P,20260918,2496,8,measure,120,stride_1_double,12582912,2097152,357419,1937779521856218614,3420674,11,11,8766462671750718032,8766462671750718032
22,P,20260918,2497,8,measure,121,stride_513,134217728,1048576,11984252,4004069096658214844,11611789,11,11,13512749779181657741,13512749779181657741
22,P,20260918,2498,8,measure,122,pair_split_line,4194304,1048576,225459,13655028981924796,6157269,11,11,12657829273661262070,12657829273661262070
22,P,20260918,2499,8,measure,123,pair_same_line,393216,1048576,13823,13065527855430396025,1992032,11,11,6048567318571797470,6048567318571797470
22,P,20260918,2500,8,measure,124,stride_1_double,6291456,2097152,761538,2518734029787458301,2949417,11,11,14812000234976348084,14812000234976348084
22,P,20260918,2501,8,measure,125,random,67108864,1048576,6164876,8889438247738170187,15659048,11,11,8725875861509851154,8725875861509851154
22,P,20260918,2502,8,measure,126,stride_1,67108864,1048576,6186951,10834328335465200840,2278986,11,11,17733626110765942641,17733626110765942641
22,P,20260918,2503,8,measure,127,stride_4097,1572864,1048576,127194,10397622883341451372,1923465,11,11,12006106249644817535,12006106249644817535
22,P,20260918,2504,8,measure,128,stride_4097,67108864,1048576,6088523,12271645432008365913,7272429,11,11,6456399931215002575,6456399931215002575
22,P,20260918,2505,8,measure,129,stride_513,49152,1048576,547,1092276360895977440,1698111,11,11,10058475094351434240,10058475094351434240
22,P,20260918,2506,8,measure,130,pair_split_line,201326592,1048576,10064505,15292178070914251476,27579717,11,11,7770367741552541252,7770367741552541252
22,P,20260918,2507,8,measure,131,stride_1,4096,1048576,7,1918550285756969739,2127008,11,11,8154595385843253248,8154595385843253248
22,P,20260918,2508,8,measure,132,stride_1_double,268435456,2097152,3013649,18106785129267178776,4955081,11,11,7211867366624507954,7211867366624507954
22,P,20260918,2509,8,measure,133,pair_split_line,6291456,1048576,404060,11815694912163313384,7970216,11,11,2364304643047324466,2364304643047324466
22,P,20260918,2510,8,measure,134,pair_split_line,262144,1048576,16110,5561553943720788091,2785552,11,11,5644318203980855727,5644318203980855727
22,P,20260918,2511,8,measure,135,stride_1_double,24576,2097152,71,4407441147768702063,3071015,11,11,15521100186994591663,15521100186994591663
22,P,20260918,2512,8,measure,136,pair_split_line,16777216,1048576,1401097,3784676200042201543,11330583,11,11,4905258568840458554,4905258568840458554
22,P,20260918,2513,8,measure,137,stride_513,131072,1048576,13295,5675282753627375885,1540697,11,11,16921412609114818048,16921412609114818048
22,P,20260918,2514,8,measure,138,pair_split_line,6144,1048576,180,7787810619096440619,1975319,11,11,6655164390161016030,6655164390161016030
22,P,20260918,2515,8,measure,139,stride_513,201326592,1048576,11411671,14893584313581289074,13727830,11,11,4447020419629613441,4447020419629613441
22,P,20260918,2516,8,measure,140,pair_split_line,33554432,1048576,970646,16047141449575293563,18972118,11,11,10415308974583479144,10415308974583479144
22,P,20260918,2517,8,measure,141,stride_1_bis,12582912,1048576,1449494,10160374433665360860,2609787,11,11,11821472863563109235,11821472863563109235
22,P,20260918,2518,8,measure,142,random,196608,1048576,1775,14868365748121111976,1586649,11,11,11911533835133993948,11911533835133993948
22,P,20260918,2519,8,measure,143,stride_17,393216,1048576,3425,16919082851012711212,1748245,11,11,10841314183186706228,10841314183186706228
22,P,20260918,2520,8,measure,144,stride_1_double,4096,2097152,266,3768405291084776151,3533028,11,11,16309190771686506496,16309190771686506496
22,P,20260918,2521,8,measure,145,pair_same_line,25165824,1048576,2668316,1718636210082856392,14347395,11,11,8548203333426427483,8548203333426427483
22,P,20260918,2522,8,measure,146,random,524288,1048576,53615,16819570071219823867,1741438,11,11,7765029845193216495,7765029845193216495
22,P,20260918,2523,8,measure,147,stride_4097,524288,1048576,24093,1696149325006280461,1885594,11,11,10061883979847375520,10061883979847375520
22,P,20260918,2524,8,measure,148,pair_same_line,4194304,1048576,293769,11059018123025063877,5827350,11,11,8596698583558378384,8596698583558378384
22,P,20260918,2525,8,measure,149,stride_17,262144,1048576,7465,18005917962858106403,1716480,11,11,3252759155835688704,3252759155835688704
22,P,20260918,2526,8,measure,150,stride_1,393216,1048576,44012,4783414267427053800,1648452,11,11,9238942023688222431,9238942023688222431
22,P,20260918,2527,8,measure,151,pair_split_line,25165824,1048576,1795757,4857388966869407298,17893486,11,11,4196426162099683466,4196426162099683466
22,P,20260918,2528,8,measure,152,pair_split_line,98304,1048576,3024,77720986402757025,2935980,11,11,17275828600945502851,17275828600945502851
22,P,20260918,2529,8,measure,153,random,8192,1048576,552,11747276678014626665,1383257,11,11,18404297361042650228,18404297361042650228
22,P,20260918,2530,8,measure,154,random,4096,1048576,67,12474140925841224314,1363037,11,11,15359854063615157010,15359854063615157010
22,P,20260918,2531,8,measure,155,stride_513,2097152,1048576,151387,3791707747850440950,3583991,11,11,14577075130308765988,14577075130308765988
22,P,20260918,2532,8,measure,156,random,2097152,1048576,68620,13512795247438287153,2127524,11,11,5010279217474351324,5010279217474351324
22,P,20260918,2533,8,measure,157,stride_1,134217728,1048576,10829743,16626958043658646212,2263964,11,11,3060238702048579374,3060238702048579374
22,P,20260918,2534,8,measure,158,stride_513,65536,1048576,6737,13352064912317389404,1579908,11,11,16423878549329276288,16423878549329276288
22,P,20260918,2535,8,measure,159,stride_1_double,196608,2097152,21240,4960547790518257846,2878380,11,11,432781194852658338,432781194852658338
22,P,20260918,2536,8,measure,160,pair_same_line,33554432,1048576,2372667,5887234763434940168,15575539,11,11,14277580593471602633,14277580593471602633
22,P,20260918,2537,8,measure,161,pair_same_line,196608,1048576,11135,6044102019737988441,2173609,11,11,7732455264718330053,7732455264718330053
22,P,20260918,2538,8,measure,162,pair_same_line,3145728,1048576,364173,7485925220804097719,3697027,11,11,11978163688077365809,11978163688077365809
22,P,20260918,2539,8,measure,163,stride_1,49152,1048576,2016,6292726804014527524,1508652,11,11,8125853540673201588,8125853540673201588
22,P,20260918,2540,8,measure,164,stride_1_double,33554432,2097152,3866767,11568178372095426808,4261812,11,11,6951092183540159267,6951092183540159267
22,P,20260918,2541,8,measure,165,stride_1_double,98304,2097152,1567,838802750556981757,2717512,11,11,15331637468385075956,15331637468385075956
22,P,20260918,2542,8,measure,166,pair_same_line,12582912,1048576,691083,3092025131194671280,10240181,11,11,13376289327193974990,13376289327193974990
22,P,20260918,2543,8,measure,167,stride_1,268435456,1048576,11222665,13802991753585594901,2258736,11,11,4835864129916607401,4835864129916607401
22,P,20260918,2544,8,measure,168,random,393216,1048576,14380,1322892298956866389,1151732,11,11,7094917718894984040,7094917718894984040
22,P,20260918,2545,8,measure,169,stride_513,4194304,1048576,281304,6526732463464462672,1952106,11,11,12406089252390561320,12406089252390561320
22,P,20260918,2546,8,measure,170,stride_1_double,134217728,2097152,1761024,6932419198432039248,4120615,11,11,7853710208037490881,7853710208037490881
22,P,20260918,2547,8,measure,171,stride_513,268435456,1048576,7829532,12392513417599136993,12789868,11,11,1576906579927056919,1576906579927056919
22,P,20260918,2548,8,measure,172,stride_1_bis,8192,1048576,83,12755063793236338125,1361909,11,11,116592947459441664,116592947459441664
22,P,20260918,2549,8,measure,173,stride_513,50331648,1048576,5397390,1508332320693811595,12652987,11,11,13511865629347609131,13511865629347609131
22,P,20260918,2550,8,measure,174,stride_513,12288,1048576,1492,925112820841910958,1625443,11,11,3776769180852905984,3776769180852905984
22,P,20260918,2551,8,measure,175,stride_17,32768,1048576,1723,14523589334894159229,1581031,11,11,10598541984122395648,10598541984122395648
22,P,20260918,2552,8,measure,176,pair_split_line,12288,1048576,691,4552125750920752991,2123127,11,11,3942382056609254204,3942382056609254204
22,P,20260918,2553,8,measure,177,stride_17,134217728,1048576,1001389,12176459620778925423,8854872,11,11,10441601884034735419,10441601884034735419
22,P,20260918,2554,8,measure,178,stride_513,262144,1048576,24330,14737690667385185443,1891517,11,11,3252759155835688704,3252759155835688704
22,P,20260918,2555,8,measure,179,stride_513,98304,1048576,8385,7184364875854743555,1630033,11,11,3510283103173401088,3510283103173401088
22,P,20260918,2556,8,measure,180,stride_1_double,16777216,2097152,1874022,5023335516876073778,4976323,11,11,12841062978479921428,12841062978479921428
22,P,20260918,2557,8,measure,181,pair_same_line,8388608,1048576,904818,10673175600371164489,10390209,11,11,6059892603016469940,6059892603016469940
22,P,20260918,2558,8,measure,182,stride_17,65536,1048576,6398,7921842770224457949,1497904,11,11,16423878549329276288,16423878549329276288
22,P,20260918,2559,8,measure,183,stride_17,131072,1048576,10560,18310794439446491831,1441713,11,11,16921412609114818048,16921412609114818048
22,P,20260918,2560,8,measure,184,stride_1_bis,196608,1048576,7796,872492905396021317,1365312,11,11,2869809395718593359,2869809395718593359
22,P,20260918,2561,8,measure,185,stride_17,98304,1048576,3173,5633919434888699354,1390820,11,11,6995057614020378860,6995057614020378860
22,P,20260918,2562,8,measure,186,pair_same_line,524288,1048576,47769,16718626110984450083,1922913,11,11,8743749516368064960,8743749516368064960
22,P,20260918,2563,8,measure,187,stride_1_bis,1048576,1048576,99190,8290564734816944190,1378850,11,11,8797231230870489880,8797231230870489880
22,P,20260918,2564,8,measure,188,stride_1_double,1048576,2097152,102052,6746963446714678337,2707555,11,11,17594462461740979760,17594462461740979760
22,P,20260918,2565,8,measure,189,stride_1,50331648,1048576,869675,15953035139373578832,1866327,11,11,11736833697289179961,11736833697289179961
22,P,20260918,2566,8,measure,190,stride_17,196608,1048576,3126,9516058972960928027,1365542,11,11,16695960817075009117,16695960817075009117
22,P,20260918,2567,8,measure,191,stride_17,786432,1048576,72232,9598078155624806944,1405741,11,11,7460806233273925706,7460806233273925706
22,P,20260918,2568,8,measure,192,stride_513,67108864,1048576,1501107,15174317507640882798,11420071,11,11,16317299154811656565,16317299154811656565
22,P,20260918,2569,8,measure,193,pair_same_line,49152,1048576,2083,2480094234123972994,1637789,11,11,18428866202700533350,18428866202700533350
22,P,20260918,2570,8,measure,194,stride_1,1572864,1048576,25176,16450828396176523582,1542477,11,11,15337603029188941799,15337603029188941799
22,P,20260918,2571,8,measure,195,stride_1_bis,98304,1048576,7570,4538676378076794224,1417234,11,11,614588147075856514,614588147075856514
22,P,20260918,2572,8,measure,196,pair_same_line,100663296,1048576,9153097,2581772510478159278,17217522,11,11,11447086683354529091,11447086683354529091
22,P,20260918,2573,8,measure,197,stride_4097,50331648,1048576,4620910,17274365323515126251,8224880,11,11,2054959488588102466,2054959488588102466
22,P,20260918,2574,8,measure,198,stride_1_bis,65536,1048576,4117,10550030734896221971,1552083,11,11,16423878549329276288,16423878549329276288
22,P,20260918,2575,8,measure,199,stride_4097,196608,1048576,6664,15930918667501496870,1603130,11,11,13518276152330032568,13518276152330032568
22,P,20260918,2576,8,measure,200,stride_513,1048576,1048576,82148,12685484234340642794,1917737,11,11,8797231230870489880,8797231230870489880
22,P,20260918,2577,8,measure,201,pair_same_line,6144,1048576,213,13797393000557350272,1717339,11,11,15295741091642892099,15295741091642892099
22,P,20260918,2578,8,measure,202,stride_1,16384,1048576,709,10773871464287011950,1381261,11,11,9548053087369131008,9548053087369131008
22,P,20260918,2579,8,measure,203,stride_1_bis,3145728,1048576,50583,14613686257231628640,1698045,11,11,2983897604316752171,2983897604316752171
22,P,20260918,2580,8,measure,204,stride_17,268435456,1048576,21021823,4038823642254178598,9333398,11,11,15874011613876214793,15874011613876214793
22,P,20260918,2581,8,measure,205,pair_split_line,1572864,1048576,11687,11981832086176241477,2965472,11,11,15363264413341029507,15363264413341029507
22,P,20260918,2582,8,measure,206,stride_513,1572864,1048576,150937,8623297160765054964,1488380,11,11,16747479167117318944,16747479167117318944
22,P,20260918,2583,8,measure,207,stride_1_bis,50331648,1048576,2260621,395688397085905467,2196408,11,11,2652554660515575129,2652554660515575129
22,P,20260918,2584,8,measure,208,stride_1_bis,201326592,1048576,714923,6101866040377412033,2313143,11,11,13215954346597550624,13215954346597550624
22,P,20260918,2585,8,measure,209,pair_same_line,786432,1048576,35141,4776256513877231009,2021286,11,11,18101270063121117318,18101270063121117318
22,P,20260918,2586,8,measure,210,stride_4097,201326592,1048576,23995642,15317991661815212726,8834611,11,11,18093462401791510411,18093462401791510411
22,P,20260918,2587,8,measure,211,random,50331648,1048576,2635724,14933499568654746860,15581652,11,11,12221395816318582921,12221395816318582921
22,P,20260918,2588,8,measure,212,random,8388608,1048576,762797,10091488642326012339,10795815,11,11,8695951400561547302,8695951400561547302
22,P,20260918,2589,8,measure,213,stride_513,16384,1048576,1859,6511904930275606384,1862081,11,11,9548053087369131008,9548053087369131008
22,P,20260918,2590,8,measure,214,pair_split_line,100663296,1048576,6674137,13446825640918870071,24371895,11,11,13240432671357953406,13240432671357953406
22,P,20260918,2591,8,measure,215,stride_513,16777216,1048576,445676,15976287476237343509,11049707,11,11,14172754977719152796,14172754977719152796
22,P,20260918,2592,8,measure,216,stride_1_double,12288,2097152,846,2860054884277200669,4906678,11,11,16693478307296158008,16693478307296158008
22,P,20260918,2593,8,measure,217,pair_split_line,524288,1048576,38677,938960952999438180,3675715,11,11,391914617709617131,391914617709617131
22,P,20260918,2594,8,measure,218,stride_1_bis,786432,1048576,45997,14002523997722896374,1746913,11,11,10425479238386202012,10425479238386202012
22,P,20260918,2595,8,measure,219,stride_513,8388608,1048576,509574,13794876255570114043,4321589,11,11,18303280461608560459,18303280461608560459
22,P,20260918,2596,8,measure,220,stride_1_double,201326592,2097152,7537960,16828486862185197304,4229034,11,11,8296697559402840925,8296697559402840925
22,P,20260918,2597,8,measure,221,stride_1,131072,1048576,3284,1689191005174411014,1695422,11,11,16921412609114818048,16921412609114818048
22,P,20260918,2598,8,measure,222,stride_4097,100663296,1048576,5981384,9343779898049432380,9462547,11,11,7732351523669910664,7732351523669910664
22,P,20260918,2599,8,measure,223,stride_1_bis,49152,1048576,2907,11728489497195188432,1885087,11,11,7154011306940656932,7154011306940656932
22,P,20260918,2600,8,measure,224,pair_same_line,1572864,1048576,139472,11195785735716413627,3978182,11,11,12880802919651500295,12880802919651500295
22,P,20260918,2601,8,measure,225,stride_1_double,131072,2097152,13798,17070728025501737124,3648071,11,11,15396081144520084480,15396081144520084480
22,P,20260918,2602,8,measure,226,stride_1_double,3145728,2097152,27586,14595249960926950441,3496277,11,11,10791144660593920581,10791144660593920581
22,P,20260918,2603,8,measure,227,stride_4097,6291456,1048576,177219,3499172801385476710,2828983,11,11,4132554832277171865,4132554832277171865
22,P,20260918,2604,8,measure,228,pair_same_line,262144,1048576,22440,10339357433503749673,2019694,11,11,12399788128113847640,12399788128113847640
22,P,20260918,2605,8,measure,229,stride_17,1572864,1048576,164592,7573787072372844733,1550070,11,11,2397676756147800308,2397676756147800308
22,P,20260918,2606,8,measure,230,stride_1_double,4194304,2097152,390652,3311835105879287076,2844911,11,11,6365434431071571024,6365434431071571024
22,P,20260918,2607,8,measure,231,stride_17,2097152,1048576,235569,3175366130987121906,1671477,11,11,14577075130308765988,14577075130308765988
22,P,20260918,2608,8,measure,232,stride_1_bis,1572864,1048576,188857,2577046568725956266,1356892,11,11,13799794326542180681,13799794326542180681
22,P,20260918,2609,8,measure,233,stride_1_bis,12288,1048576,1072,12247033229294320328,1353066,11,11,16857806030832780468,16857806030832780468
22,P,20260918,2610,8,measure,234,stride_513,524288,1048576,14468,17950446025458491222,1468516,11,11,10061883979847375520,10061883979847375520
22,P,20260918,2611,8,measure,235,stride_1_double,32768,2097152,77,455508812907706215,2824921,11,11,2750339894535239680,2750339894535239680
22,P,20260918,2612,8,measure,236,stride_4097,786432,1048576,17464,9830030292381468905,1444776,11,11,14645905801472896970,14645905801472896970
22,P,20260918,2613,8,measure,237,pair_same_line,67108864,1048576,792525,4963360277031439325,17336522,11,11,496413815122445784,496413815122445784
22,P,20260918,2614,8,measure,238,stride_4097,24576,1048576,600,343228044140623501,1358673,11,11,12135478148595322959,12135478148595322959
22,P,20260918,2615,8,measure,239,pair_split_line,65536,1048576,5700,912239992172435935,2028302,11,11,5810458532754081391,5810458532754081391
22,P,20260918,2616,8,measure,240,pair_same_line,268435456,1048576,23249718,4068428988628763040,19069946,11,11,11898414574455724934,11898414574455724934
22,P,20260918,2617,8,measure,241,stride_1_double,25165824,2097152,2372612,2282981818468375341,4459672,11,11,16756859352151060770,16756859352151060770
22,P,20260918,2618,8,measure,242,stride_513,196608,1048576,22890,16177492115663379559,1562645,11,11,11662605144128544768,11662605144128544768
22,P,20260918,2619,8,measure,243,pair_split_line,32768,1048576,3849,5600833074557400462,1980619,11,11,124747745773682164,124747745773682164
22,P,20260918,2620,8,measure,244,stride_4097,1048576,1048576,80866,12789457728434426023,1481436,11,11,8797231230870489880,8797231230870489880
22,P,20260918,2621,8,measure,245,random,65536,1048576,1425,7653220769796604174,1182999,11,11,15283506407953610010,15283506407953610010
22,P,20260918,2622,8,measure,246,stride_4097,16777216,1048576,1844211,11905894229991080945,6788541,11,11,3449692219991643625,3449692219991643625
22,P,20260918,2623,8,measure,247,stride_17,4194304,1048576,440770,18065129848269215422,3653126,11,11,12406089252390561320,12406089252390561320
22,P,20260918,2624,8,measure,248,random,100663296,1048576,1051028,3618381586236431366,15758191,11,11,9456094715984942124,9456094715984942124
22,P,20260918,2625,8,measure,249,stride_17,201326592,1048576,7909076,1058263783493411759,8885021,11,11,18077528627819373765,18077528627819373765
22,P,20260918,2626,8,measure,250,pair_same_line,131072,1048576,10532,8512421639148454386,2364365,11,11,2840108221701004504,2840108221701004504
22,P,20260918,2627,8,measure,251,stride_1,1048576,1048576,113061,4920871320624636380,1814827,11,11,8797231230870489880,8797231230870489880
22,P,20260918,2628,8,measure,252,stride_513,32768,1048576,3357,5233608633429723503,1694136,11,11,10598541984122395648,10598541984122395648
22,P,20260918,2629,8,measure,253,stride_1_double,393216,2097152,33132,15168448380045522778,3180663,11,11,10556853359594931790,10556853359594931790
22,P,20260918,2630,8,measure,254,stride_513,12582912,1048576,1101012,982992913885332797,7664983,11,11,10120808792106458316,10120808792106458316
22,P,20260918,2631,8,measure,255,pair_split_line,268435456,1048576,28792247,5916268586974343196,28936291,11,11,4978376131581431103,4978376131581431103
22,P,20260918,2632,8,measure,256,random,24576,1048576,589,15018988037125461462,1860769,11,11,8773441638717582364,8773441638717582364
22,P,20260918,2633,8,measure,257,stride_1_bis,16384,1048576,1129,16001941750859485728,2065489,11,11,9548053087369131008,9548053087369131008
22,P,20260918,2634,8,measure,258,stride_513,6144,1048576,222,6183680639071965545,1850901,11,11,6498767571919667200,6498767571919667200
22,P,20260918,2635,8,measure,259,random,1572864,1048576,67962,5271669045369023464,2638146,11,11,17117850430338943688,17117850430338943688
22,P,20260918,2636,8,measure,260,stride_1,6144,1048576,704,5833778771117193823,1877094,11,11,12622095895153760745,12622095895153760745
22,P,20260918,2637,8,measure,261,pair_split_line,786432,1048576,56929,7175703532575002037,3323814,11,11,13111004438149249899,13111004438149249899
22,P,20260918,2638,8,measure,262,stride_1_bis,25165824,1048576,9919,16136785021800090771,2113278,11,11,1131560153220367013,1131560153220367013
22,P,20260918,2639,8,measure,263,stride_1,100663296,1048576,1233284,929656453344456078,1876448,11,11,17482133499189938499,17482133499189938499
22,P,20260918,2640,8,measure,264,stride_1_double,67108864,2097152,632458,14213286964559308146,3654980,11,11,6460962557226323148,6460962557226323148
22,P,20260918,2641,8,measure,265,stride_17,16777216,1048576,347031,4360459940052345201,7204567,11,11,17219618870717274839,17219618870717274839
22,P,20260918,2642,8,measure,266,pair_split_line,3145728,1048576,331593,5945602178490720565,4761637,11,11,17174480427088667739,17174480427088667739
22,P,20260918,2643,8,measure,267,stride_4097,2097152,1048576,54362,18250949846579337062,1583682,11,11,14577075130308765988,14577075130308765988
22,P,20260918,2644,8,measure,268,stride_1,524288,1048576,62718,15872048124990737564,1448264,11,11,10061883979847375520,10061883979847375520
22,P,20260918,2645,8,measure,269,stride_1,196608,1048576,11525,16486632703150688178,1439813,11,11,9613859688153035258,9613859688153035258
22,P,20260918,2646,8,measure,270,random,6144,1048576,133,14659550496532249801,1116834,11,11,9286991314258416813,9286991314258416813
22,P,20260918,2647,8,measure,271,stride_17,8388608,1048576,602427,9915621968504325443,4980682,11,11,18303280461608560459,18303280461608560459
22,P,20260918,2648,8,measure,272,pair_same_line,24576,1048576,852,15912640536338946863,1633614,11,11,13549391331126776427,13549391331126776427
22,P,20260918,2649,8,measure,273,stride_4097,8388608,1048576,715288,14342522647351936674,1923516,11,11,18303280461608560459,18303280461608560459
22,P,20260918,2650,8,measure,274,pair_same_line,16384,1048576,1953,6204422934414005767,1626676,11,11,10961884888357869331,10961884888357869331
22,P,20260918,2651,8,measure,275,stride_1,8388608,1048576,476340,5912315821138874780,2367179,11,11,18303280461608560459,18303280461608560459
22,P,20260918,2652,8,measure,276,stride_17,25165824,1048576,2003773,8190375469848761889,7146401,11,11,1490390182406280041,1490390182406280041
22,P,20260918,2653,8,measure,277,pair_same_line,6291456,1048576,474601,44097809539429520,3539554,11,11,11038242819242782574,11038242819242782574
22,P,20260918,2654,8,measure,278,random,12582912,1048576,1037425,18085911031281831706,7888349,11,11,8495394169006922661,8495394169006922661
22,P,20260918,2655,8,measure,279,stride_4097,3145728,1048576,165563,13726062128538345720,1824513,11,11,11890698191476133062,11890698191476133062
22,P,20260918,2656,8,measure,280,stride_1_bis,4096,1048576,403,17291380023821092707,1412188,11,11,8154595385843253248,8154595385843253248
22,P,20260918,2657,8,measure,281,stride_513,393216,1048576,13083,1304817984207411534,1477500,11,11,9218483334806453440,9218483334806453440
22,P,20260918,2658,8,measure,282,stride_4097,262144,1048576,17233,8713744534487011967,1440182,11,11,3252759155835688704,3252759155835688704
22,P,20260918,2659,8,measure,283,pair_split_line,131072,1048576,14993,7123707974987840043,2211682,11,11,16322284477300058409,16322284477300058409
22,P,20260918,2660,8,measure,284,stride_4097,32768,1048576,342,2823862454805105741,1384327,11,11,10598541984122395648,10598541984122395648
22,P,20260918,2661,8,measure,285,stride_17,67108864,1048576,762710,13474651209229400618,8426128,11,11,10241118348034378234,10241118348034378234
22,P,20260918,2662,8,measure,286,stride_17,3145728,1048576,125540,12068945560960622666,2734872,11,11,3430071460878555193,3430071460878555193
22,P,20260918,2663,8,measure,287,stride_4097,6144,1048576,226,10130677423002215467,1415541,11,11,13547661917295406568,13547661917295406568
22,P,20260918,2664,8,measure,288,pair_split_line,16384,1048576,1270,16972613620228377807,1882759,11,11,9871197915195752225,9871197915195752225
22,P,20260918,2665,8,measure,289,stride_4097,49152,1048576,4745,5014831302263043441,1386101,11,11,10309484107889249193,10309484107889249193
22,P,20260918,2666,8,measure,290,stride_513,8192,1048576,84,13484868087989424977,1414462,11,11,116592947459441664,116592947459441664
22,P,20260918,2667,8,measure,291,random,134217728,1048576,12091369,4942851145601004896,16126848,11,11,13148620032035604628,13148620032035604628
22,P,20260918,2668,8,measure,292,stride_513,24576,1048576,347,5438139040970878540,1363758,11,11,13347672456076306432,13347672456076306432
22,P,20260918,2669,8,measure,293,random,131072,1048576,14695,12512393627274699764,1136132,11,11,13552823711338590762,13552823711338590762
22,P,20260918,2670,8,measure,294,pair_same_line,134217728,1048576,6547638,10783815975512662831,17815703,11,11,1738405676063811033,1738405676063811033
22,P,20260918,2671,8,measure,295,stride_1_bis,262144,1048576,15983,2041947857092690394,1676424,11,11,3252759155835688704,3252759155835688704
22,P,20260918,2672,8,measure,296,stride_4097,65536,1048576,6041,7749849702256143686,1630419,11,11,16423878549329276288,16423878549329276288
